633 543 787 170 550 703 774 693 288 667 907 116 684 102 736 326 689 416 222 458 257 973 717 770 746 887 742 780 396 542 655 796 531 355 407 300 218 52 28 584 748 901 112 742 542 782 193 65 905 5 473 749 816 514 696 902 397 644 77 573 665 285 700 444 114 479 565 135 399 519 290 824 345 293 554 178 777 913 223 695 724 665 92 529 927 793 482 675 441 592 635 400 256 12 896 918 507 508 656 12 749 88 430 747 515 709 35 346 333 824 995 94 305 142 444 862 851 984 463 673 451 620 249 890 49 40 388 826 669 849 837 272 822 120 911 221 631 870 824 19 292 328 175 102 752 505 110 835 625 214 96 834 750 330 871 72 806 760 350 608 291 40 838 757 629 516 520 502 296 271 722 938 232 686 221 518 191 42 205 136 628 76 541 505 1 783 745 641 237 396 1 36 196 537 906 210 131 137 673 596 278 916 288 224 652 62 445 270 572 256 152 321 375 435 539 162 667 118 699 947 89 460 101 376 730 802 305 314 419 32 979 258 164 535 24 622 94 638 376 646 491 610 707 880 786 27 558 941 525 788 337 271 469 379 2 513 254 994 700 433 177 144 301 573 424 3 485 59 509 151 743 282 837 781 100 959 360 556 130 561 854 87 936 284 874 213 72 384 581 465 949 647 277 264 958 711 701 412 126 929 79 575 311 61 235 884 724 966 687 982 18 624 207 317 558 785 259 244 314 248 76 697 614 307 571 12 163 444 95 901 618 663 863 236 926 586 647 741 94 83 1000 9 616 873 292 283 741 707 30 939 19 579 205 660 289 853 1 800 760 462 323 965 430 43 62 245 586 663 900 318 787 475 201 958 397 423 609 775 450 148 855 886 768 429 937 547 381 98 422 316 107 273 67 841 137 397 46 300 640 949 218 690 255 565 196 685 122 515 747 630 887 161 994 831 882 4 257 946 51 263 798 947 653 182 352 549 453 908 199 209 648 627 923 321 972 342 684 895 653 764 153 384 630 743 560 526 938 458 490 316 286 458 220 420 523 660 514 153 133 112 801 417 3 706 642 270 832 788 679 143 437 995 433 37 670 178 533 832 112 40 840 324 435 78 348 90 308 219 289 582 381 788 846 717 771 143 610 177 642 923 
930 166 833 501 791 940 628 940 217 713 123 115 610 274 664 955 174 775 37 0 746 924 830 374 63 151 745 452 308 353 730 364 964 177 943 576 160 229 896 472 270 82 323 164 431 131 515 549 1 107 292 172 630 60 728 422 558 311 168 73 115 975 265 767 272 898 921 974 71 76 814 115 220 364 669 226 35 292 633 841 176 937 87 840 834 396 767 205 935 175 23 859 347 814 857 453 261 407 435 743 630 81 261 268 311 868 556 20 211 425 560 343 391 6 622 827 511 617 408 572 150 717 462 397 141 555 770 98 157 449 73 198 592 184 953 116 9 939 38 392 745 987 342 888 853 157 910 842 211 592 76 426 504 552 102 39 365 900 643 387 364 816 845 787 813 273 670 434 731 809 541 434 366 892 665 982 929 936 804 512 167 450 37 658 553 127 173 106 557 691 132 149 860 351 848 790 794 79 504 483 511 316 12 251 870 353 825 354 376 426 563 243 643 63 487 90 752 539 115 480 53 977 162 887 323 222 703 91 565 847 587 34 335 162 743 271 83 650 921 109 260 338 553 331 105 718 139 119 811 888 512 534 478 411 528 499 48 198 395 813 398 842 32 621 903 341 595 78 647 85 648 682 42 318 530 784 206 649 130 409 145 142 562 167 575 409 148 733 631 191 410 947 768 372 502 542 356 737 522 436 295 462 505 258 404 754 776 694 490 176 53 696 670 584 482 834 949 3 9 221 993 351 953 234 462 985 141 761 288 719 923 58 646 157 450 623 548 287 919 509 745 319 591 309 884 138 969 924 912 429 673 121 381 305 749 784 883 582 304 356 826 561 973 543 624 213 444 170 203 570 129 782 649 64 504 850 482 108 152 18 73 763 670 272 982 428 279 297 501 700 984 343 556 970 627 105 309 145 681 438 482 791 928 862 949 966 878 831 822 39 188 849 911 452 7 49 481 241 222 963 950 336 542 937 411 316 314 1000 140 614 513 958 659 932 472 152 137 246 652 339 136 483 262 216 821 347 94 235 765 232 426 935 237 565 369 604 313 122 696 237 157 323 603 604 623 758 250 952 430 558 234 757 462 383 863 163 928 682 868 169 27 7 831 823 18 247 386 258 164 74 267 140 116 304 625 381 162 970 465 798 
521 776 103 559 65 190 472 275 91 227 272 108 806 773 593 780 25 818 260 142 477 481 39 958 280 264 299 246 399 588 611 660 642 447 65 250 139 883 363 402 602 141 825 876 489 833 309 519 718 360 186 454 697 724 538 62 260 83 666 48 668 281 52 894 75 486 945 103 462 83 996 749 981 133 463 8 870 459 862 798 443 370 670 860 765 50 266 372 163 616 172 632 988 327 910 705 196 97 981 203 747 356 253 201 162 849 419 116 93 490 802 241 668 811 294 290 410 766 829 176 265 891 619 398 21 50 342 550 48 293 943 898 784 755 310 388 723 176 707 85 35 957 993 267 905 34 512 990 411 24 297 595 849 516 471 361 523 778 811 973 401 491 386 89 770 512 731 883 672 995 916 480 97 513 323 555 726 346 712 809 862 40 8 950 459 173 490 10 896 153 125 691 266 729 342 769 220 344 221 742 875 831 861 274 339 167 290 494 1 797 234 360 562 373 740 799 827 314 534 909 23 49 939 517 430 822 570 503 239 857 902 212 11 734 741 894 503 708 536 819 332 35 529 1 471 943 756 737 338 727 295 37 608 356 891 219 896 297 349 418 169 487 194 874 50 688 196 235 8 170 630 951 800 24 841 841 510 262 599 629 801 103 91 436 36 884 238 231 514 69 135 810 988 533 563 233 850 76 103 883 322 78 446 480 465 841 485 827 897 163 833 254 205 761 650 908 975 913 490 659 608 841 457 271 905 737 842 303 756 602 705 750 53 794 972 489 109 112 62 526 667 373 845 368 703 587 762 819 55 909 740 372 662 577 762 995 937 192 949 860 456 886 972 135 776 764 520 531 726 92 680 356 311 736 390 401 667 909 22 785 97 592 769 668 803 60 828 684 456 248 655 839 76 214 649 305 878 688 111 936 120 741 680 115 79 152 647 407 572 63 603 211 249 242 301 372 491 932 144 983 436 287 559 156 918 763 834 468 922 807 371 61 766 917 876 633 774 361 734 3 334 228 450 422 161 562 228 520 516 624 987 460 158 84 893 344 319 337 100 970 723 685 650 458 916 244 39 602 642 374 41 684 819 660 304 402 155 967 37 634 113 428 229 305 74 348 161 14 679 911 234 462 506 997 371 251 191 978 933 33 
928 933 877 325 195 218 243 148 672 903 858 475 676 53 817 593 691 840 706 870 618 520 323 118 405 222 98 831 758 335 419 515 36 800 749 589 663 875 463 906 834 326 320 393 83 910 957 373 709 692 364 349 490 673 426 754 480 823 856 170 872 790 306 666 454 806 252 117 627 727 557 121 487 932 68 718 434 831 322 536 125 77 648 182 683 584 75 347 383 811 730 181 88 476 553 909 879 593 210 424 763 807 639 537 949 350 473 877 771 912 776 345 516 380 355 963 679 881 780 318 389 21 683 456 948 502 887 588 18 503 214 631 801 588 831 298 285 944 729 977 556 17 563 54 655 89 574 91 821 219 879 135 904 884 114 987 831 542 593 61 697 85 714 753 421 96 874 930 674 70 354 672 665 6 859 895 280 162 967 119 281 681 702 751 230 820 698 156 356 627 300 130 278 73 206 467 878 604 564 424 83 983 18 356 394 365 685 947 621 673 957 97 593 776 746 762 966 199 262 512 516 292 195 345 394 283 397 246 544 763 434 879 229 299 118 323 309 568 104 803 21 143 33 457 268 146 456 780 587 283 910 917 108 242 410 939 14 199 871 414 462 182 77 556 444 56 170 562 305 675 230 330 659 556 959 784 961 189 25 401 847 721 165 884 281 264 887 742 846 810 359 800 531 74 305 665 867 159 476 271 558 366 996 36 291 286 199 767 572 527 662 97 872 576 203 558 140 9 723 46 316 959 395 77 320 688 559 868 140 60 432 295 627 576 0 64 837 264 369 295 959 499 918 863 13 110 149 281 950 761 816 438 253 843 377 528 692 612 309 315 366 546 452 947 602 564 548 471 452 142 492 518 328 748 511 155 761 202 792 826 706 659 527 678 981 622 897 950 73 746 617 928 560 215 515 851 593 334 151 868 759 619 809 58 577 295 439 201 902 151 554 807 175 553 337 169 84 38 155 879 416 904 551 0 59 199 699 787 333 596 877 429 699 316 943 213 903 427 13 650 204 82 2 315 646 265 453 102 852 987 813 188 198 801 378 999 756 643 949 381 546 102 543 224 930 97 186 360 396 527 296 513 514 546 494 753 514 299 806 376 588 265 690 350 222 71 580 465 386 333 528 369 983 176 619 971 287 647 839 533 
60 260 821 519 232 818 171 965 429 81 567 749 897 245 445 313 676 230 397 642 911 102 866 667 130 748 520 341 647 839 45 299 995 152 52 313 17 734 207 501 4 229 430 126 975 697 663 915 77 894 701 941 858 640 421 855 283 38 875 475 957 432 780 518 661 103 375 585 237 843 331 902 241 960 71 858 374 358 957 641 497 236 252 857 100 443 146 496 141 910 926 86 424 163 987 541 928 883 684 354 334 7 161 97 177 937 893 298 238 875 961 223 668 119 125 364 185 446 178 98 942 281 926 671 630 914 673 881 403 756 782 606 703 107 173 931 671 164 124 542 12 669 193 165 281 403 11 194 795 863 835 19 284 672 575 525 633 724 835 85 84 250 766 980 336 565 756 908 300 736 980 967 275 302 273 183 377 36 779 4 219 929 154 586 185 798 581 679 697 167 157 9 724 96 338 867 704 281 82 90 594 642 221 377 293 107 46 834 880 107 786 974 495 762 254 339 899 863 185 842 1 241 651 435 423 126 626 587 962 969 640 189 878 726 534 21 770 800 289 597 270 329 445 754 120 490 691 895 307 876 964 286 536 31 27 949 540 641 817 104 626 826 974 867 259 972 305 162 222 637 642 412 271 612 617 232 211 157 635 478 423 325 513 840 295 906 528 442 997 665 127 269 998 781 743 748 408 681 768 966 802 330 965 789 964 567 922 185 643 471 759 162 533 125 774 265 634 529 431 507 770 53 989 431 197 419 419 811 174 929 727 139 900 848 580 183 511 136 89 260 290 191 942 798 476 409 279 267 771 38 39 169 888 247 519 400 681 13 741 467 170 594 523 282 269 164 900 449 258 701 858 480 938 503 247 49 981 671 805 27 495 812 255 952 608 467 940 957 57 295 713 163 62 227 824 774 808 247 971 184 227 142 905 69 863 611 78 937 882 930 882 279 851 481 611 795 889 157 125 436 42 660 188 844 876 875 938 317 149 165 622 47 132 365 905 257 405 883 11 396 689 20 604 482 652 708 302 213 398 619 160 393 228 632 953 181 193 512 12 266 7 565 786 364 750 134 342 449 161 347 423 376 306 486 271 215 26 756 507 20 822 262 143 532 715 740 546 750 919 12 158 121 292 284 483 939 539 345 330 859 
481 713 103 791 94 704 421 944 351 102 133 548 47 410 610 628 970 828 303 978 33 836 322 605 754 540 837 494 894 838 721 133 832 363 513 957 740 87 553 16 585 634 25 331 116 343 47 637 325 931 140 920 134 628 404 442 680 56 745 515 490 322 421 324 750 592 612 845 820 866 499 805 162 13 52 883 701 382 513 724 954 493 85 869 893 925 240 456 199 156 840 408 740 866 590 150 295 539 30 481 733 625 332 54 921 887 863 292 762 311 645 549 274 544 383 325 586 949 468 380 134 119 633 79 96 551 219 114 621 234 716 95 452 551 880 481 396 131 27 447 356 463 998 881 812 777 575 504 637 668 145 637 27 90 73 737 804 273 191 194 792 926 358 160 199 664 414 28 861 265 998 950 83 566 122 224 32 229 747 89 291 704 310 54 375 333 336 311 910 716 818 717 788 861 855 858 547 897 751 209 375 519 177 536 7 305 589 643 139 737 777 825 724 586 996 886 101 718 240 840 406 910 431 997 769 412 70 314 746 717 660 118 870 936 957 698 672 238 22 842 569 802 328 5 147 878 858 75 994 978 60 29 274 608 814 231 942 604 633 313 729 111 375 27 650 527 610 541 342 685 438 674 595 868 820 158 537 55 491 978 925 203 525 956 222 293 659 294 434 716 872 604 385 975 968 160 88 984 111 782 195 707 650 869 191 71 732 589 822 528 585 707 38 608 31 434 133 233 233 372 594 344 439 971 91 63 451 72 579 524 275 344 757 40 885 829 688 200 461 268 191 320 691 148 993 23 216 280 947 173 827 514 403 845 191 607 236 203 699 272 33 415 464 933 493 691 195 564 841 573 883 756 875 938 543 546 673 595 294 931 694 26 519 794 248 88 851 573 342 392 246 200 214 154 361 905 626 498 777 7 930 303 487 350 856 707 233 278 644 242 9 154 205 500 689 234 565 79 996 721 678 459 996 509 305 379 238 865 568 398 64 431 903 422 823 111 924 594 781 299 659 692 251 877 674 712 528 467 578 552 586 556 307 937 968 193 71 399 22 220 111 206 686 52 139 566 449 242 727 415 310 391 136 643 72 855 398 606 559 705 679 739 92 342 986 478 719 967 634 541 2 168 140 153 120 520 41 69 980 899 
27 173 411 492 101 119 986 979 447 117 183 502 62 712 507 4 936 359 395 639 902 308 927 373 876 940 299 363 154 515 644 86 863 2 66 637 989 592 252 691 672 776 472 344 378 203 165 361 95 934 608 910 282 851 627 638 109 637 495 442 755 108 58 87 766 639 676 628 674 192 126 399 920 19 923 663 794 515 265 805 360 322 145 623 590 820 335 657 499 764 545 168 58 80 747 710 698 171 927 219 441 126 2 542 193 17 181 672 895 680 182 676 85 255 634 863 748 370 66 257 114 386 469 557 817 443 36 789 182 411 932 307 939 603 769 612 885 224 367 952 472 505 677 600 358 380 106 430 550 129 467 534 27 118 882 133 370 465 825 731 727 938 6 596 234 1000 718 504 612 706 774 992 714 920 665 454 728 406 647 612 948 855 221 851 448 915 768 28 934 865 97 839 823 404 327 995 825 831 943 761 67 626 8 388 885 4 641 422 480 802 312 631 544 72 541 919 685 982 519 814 752 366 13 697 396 984 87 495 981 925 258 92 976 311 947 557 740 253 628 17 934 261 809 7 982 482 73 200 476 19 296 53 193 423 120 31 127 228 206 485 133 343 429 99 913 496 333 214 551 950 121 329 507 210 741 879 751 255 841 194 506 115 993 511 927 607 408 380 585 484 892 565 621 70 539 136 245 219 836 8 461 561 41 888 677 154 510 417 969 861 742 497 332 344 56 814 445 115 936 311 48 386 111 37 368 955 385 491 34 165 509 216 348 524 326 802 874 752 282 886 765 425 172 633 708 962 700 772 233 457 978 332 1000 957 142 57 483 131 982 451 226 629 242 840 655 430 742 885 209 634 917 803 154 2 658 558 306 77 284 917 695 14 410 362 623 216 390 605 833 57 668 555 262 300 584 556 399 260 709 280 568 841 122 883 945 529 649 917 809 740 653 734 628 938 265 30 233 741 879 351 551 575 745 960 389 708 625 897 170 559 263 472 997 273 647 582 506 99 924 614 792 855 820 213 560 350 599 734 309 470 101 814 850 881 48 219 602 363 127 843 525 681 73 54 53 263 104 894 145 474 768 160 92 24 846 251 389 10 947 921 985 473 614 211 718 980 949 0 793 389 572 941 92 28 796 225 366 360 717 179 
542 404 537 688 308 524 24 418 209 549 395 578 327 80 302 667 802 459 729 428 309 845 613 180 299 411 83 519 713 901 485 807 266 164 644 960 971 552 812 484 922 617 196 717 248 224 281 525 88 936 466 495 628 85 504 945 512 973 184 136 885 357 879 524 126 928 115 3 749 608 408 680 665 590 397 628 584 698 342 966 781 42 770 472 779 679 670 733 993 522 207 69 153 824 656 341 770 329 985 139 498 601 543 545 296 273 529 138 370 288 377 140 76 370 132 182 375 136 969 641 100 623 345 528 869 1000 610 472 793 539 764 713 710 194 552 607 365 663 869 549 648 489 591 253 395 232 776 290 786 676 767 590 725 538 378 741 699 257 109 386 366 926 989 564 146 738 30 875 345 965 494 61 136 52 582 492 970 928 275 612 546 986 85 607 201 906 535 146 608 847 48 590 824 476 816 793 776 658 804 187 661 960 943 935 931 790 989 318 91 941 870 841 118 434 1 10 844 871 677 883 24 542 200 318 667 624 722 892 429 799 992 774 211 10 740 126 857 267 30 324 146 268 325 231 843 506 665 809 141 331 583 301 940 108 274 540 525 635 356 189 611 344 926 659 106 169 373 715 177 815 233 2 431 581 232 569 891 363 495 18 41 240 351 149 972 763 16 565 574 378 456 661 170 488 464 975 419 669 740 512 456 881 945 433 540 935 237 130 100 780 681 454 999 448 622 425 751 802 889 277 680 786 789 747 305 138 938 156 50 728 667 779 193 51 794 474 541 166 655 528 582 800 393 255 879 770 840 552 33 884 272 317 713 938 391 958 524 373 705 331 513 471 417 220 855 745 950 557 218 752 680 657 40 806 658 509 24 572 354 192 54 36 794 178 568 705 183 741 587 907 640 157 478 509 307 909 504 841 620 532 707 916 4 573 431 539 756 540 85 999 386 100 542 264 845 84 845 785 601 277 421 917 484 852 508 611 393 194 64 967 728 417 229 452 950 317 854 906 986 572 723 668 899 997 285 880 70 56 563 809 872 357 729 452 872 692 81 192 481 322 625 666 645 451 835 581 811 166 501 493 218 275 622 537 460 859 401 117 964 499 709 44 652 211 645 467 620 841 122 383 110 687 453 219 157 530 455 886 295 78 
844 609 631 842 869 440 190 534 590 779 595 474 352 988 499 685 547 730 727 906 852 487 88 950 409 611 921 739 141 717 832 102 212 241 819 306 912 406 68 445 759 117 299 952 242 343 592 834 847 226 851 226 333 686 642 335 954 656 411 202 105 946 561 887 999 889 239 960 400 264 385 686 726 895 742 615 399 845 427 381 99 312 226 894 745 268 599 742 894 794 559 674 44 622 94 47 567 244 219 76 710 211 399 894 999 858 732 949 370 204 696 775 698 704 903 359 676 287 301 262 896 99 769 657 296 765 580 455 811 336 842 123 784 202 359 728 594 481 221 782 119 524 734 192 502 524 205 929 865 85 632 202 979 461 729 183 128 450 523 42 648 743 248 620 334 889 324 335 764 959 393 685 283 813 529 301 750 271 75 922 582 368 659 664 267 61 268 942 167 390 623 227 871 833 669 501 398 695 256 491 602 796 231 305 753 317 249 774 584 998 768 653 91 334 916 754 594 720 791 358 287 596 745 360 304 932 832 575 523 425 479 409 491 711 502 517 928 1000 805 560 997 508 284 984 360 549 239 570 686 599 386 422 454 561 458 218 712 345 171 558 222 350 340 527 934 827 624 41 430 758 136 661 208 899 571 321 665 312 778 247 986 826 539 153 999 988 476 41 883 280 786 31 29 209 525 105 774 509 157 588 443 980 166 159 967 837 480 651 986 653 316 776 502 775 396 858 928 390 759 127 358 111 822 780 947 38 138 702 978 994 608 764 541 821 411 588 718 733 510 967 769 979 144 160 848 908 31 380 8 712 432 119 245 87 678 726 533 649 377 139 38 231 100 364 3 543 506 996 391 579 59 935 129 880 737 349 680 663 564 38 117 226 446 414 720 120 22 722 134 895 474 764 62 822 94 626 237 346 261 859 769 291 782 813 871 510 615 426 891 717 2 649 44 782 949 66 643 790 786 855 875 153 465 444 376 258 955 553 784 876 434 645 157 27 418 83 369 972 783 215 925 143 868 877 844 992 699 876 95 793 217 171 802 703 167 274 337 710 906 33 102 480 893 784 40 122 754 82 995 666 338 516 934 199 480 618 457 864 958 870 357 126 272 810 969 735 539 40 731 206 369 759 529 612 535 191 561 593 641 720 
320 683 319 519 108 344 928 69 154 407 229 725 903 683 798 826 535 267 71 107 768 235 629 410 523 666 528 741 514 466 760 158 557 651 42 164 85 130 263 148 373 394 897 637 445 431 844 379 781 158 727 953 376 308 795 652 997 647 67 762 347 704 301 755 890 707 516 561 506 21 838 901 16 651 529 725 131 315 171 58 437 732 187 868 811 765 615 944 134 868 449 836 369 415 685 683 585 968 218 897 713 15 809 47 217 910 874 521 578 271 925 561 330 10 490 159 762 121 419 138 380 466 385 130 52 429 137 300 853 106 753 483 546 260 425 206 838 557 391 440 341 892 517 158 194 992 832 15 775 187 525 717 857 298 631 270 487 478 744 368 143 619 130 752 763 508 74 226 786 675 970 522 991 491 38 712 584 273 911 118 355 492 782 676 584 930 163 993 795 613 361 869 64 163 861 387 724 115 766 66 172 550 780 380 575 662 449 350 921 729 206 400 22 489 425 281 242 669 789 635 550 422 192 69 25 509 325 408 437 411 177 143 171 964 918 367 743 465 494 695 131 153 576 297 344 349 382 516 176 201 463 785 294 942 592 320 97 640 966 911 61 505 672 104 724 418 739 254 322 274 615 312 984 426 337 105 487 2 668 755 416 997 345 38 609 405 976 216 658 936 560 480 51 691 736 790 784 979 468 373 994 173 748 176 688 917 357 544 569 982 729 563 75 490 407 343 304 142 369 130 655 388 87 669 650 161 115 405 392 629 0 708 368 728 813 953 670 582 69 488 180 319 317 471 213 723 224 293 216 220 352 852 702 294 446 66 74 644 925 305 450 782 84 928 219 957 918 353 918 450 20 329 286 66 422 247 662 87 993 896 35 778 712 789 61 211 122 998 494 204 215 130 105 561 436 221 861 311 342 474 767 670 692 691 279 594 949 636 216 6 72 260 687 244 643 231 183 38 557 730 672 538 149 974 248 631 150 843 628 679 204 841 37 385 779 153 195 336 202 93 490 406 440 492 171 74 134 191 460 77 635 849 476 563 618 400 16 404 410 373 903 172 95 262 87 618 514 282 463 242 522 86 750 904 183 74 160 914 875 940 526 11 809 514 412 691 238 486 699 62 529 364 171 375 503 503 788 269 104 51 
7 650 305 628 533 624 129 87 38 729 765 111 215 335 473 363 522 220 9 289 304 440 525 677 36 488 835 253 277 3 533 138 989 915 307 560 491 337 924 135 737 794 549 744 832 93 241 544 702 61 811 939 874 81 167 569 251 977 156 507 982 28 545 858 51 565 761 434 645 53 874 80 682 485 228 484 683 675 499 778 631 779 970 378 754 249 260 67 749 96 6 940 869 781 62 911 629 241 423 222 956 80 428 542 185 736 351 509 212 656 485 18 101 450 698 637 966 495 58 497 98 840 864 297 540 526 742 508 571 285 852 124 210 851 386 124 800 508 376 19 718 946 644 22 867 263 700 31 219 994 762 25 663 681 404 861 624 196 495 997 677 84 626 451 15 272 766 246 357 43 2 54 346 663 945 952 651 447 779 328 417 850 461 319 738 223 398 633 485 390 739 427 742 892 325 812 356 20 686 42 854 542 947 543 171 369 828 438 479 22 950 276 671 588 153 605 114 506 656 686 984 227 700 550 248 397 893 67 820 494 249 819 422 659 319 3 276 401 511 490 557 46 995 792 746 264 379 47 606 623 402 779 863 73 750 893 978 13 321 557 337 666 797 65 426 963 615 908 633 749 966 551 647 844 727 68 48 623 290 400 761 748 112 53 463 121 421 70 937 413 899 460 825 878 423 303 599 711 931 89 447 515 469 787 27 226 255 552 888 711 3 605 601 733 1000 424 174 58 798 931 318 998 192 637 931 929 867 690 844 829 786 634 244 537 325 328 215 126 343 868 89 129 814 194 587 373 499 380 270 210 674 574 991 708 667 58 835 321 288 7 854 48 913 578 733 860 159 396 878 829 0 695 971 307 790 911 923 781 351 582 807 938 303 279 186 749 569 672 674 928 188 632 8 958 706 263 941 51 899 861 466 364 857 118 474 328 857 448 721 663 949 683 924 36 951 140 501 347 665 426 666 380 2 729 932 990 362 314 752 422 360 6 657 76 302 524 629 195 170 327 537 534 306 460 436 413 309 883 562 837 828 531 108 574 745 648 743 11 103 363 269 997 490 707 348 59 258 309 225 427 555 973 937 488 795 654 25 504 825 958 653 509 954 373 106 63 440 287 119 451 80 186 371 231 623 827 164 624 944 79 
552 441 34 893 370 706 70 656 768 414 857 66 189 380 627 973 80 172 130 721 186 45 346 162 606 493 667 569 675 145 221 720 273 48 187 15 114 793 343 655 811 366 745 845 251 31 932 211 13 608 957 99 488 574 334 985 181 738 774 117 384 660 893 749 889 987 30 598 108 717 124 519 481 61 861 959 595 225 899 463 952 30 243 640 98 441 216 641 374 476 274 182 856 671 812 851 409 838 390 589 20 465 785 263 210 814 44 410 489 853 412 516 935 229 10 298 239 253 573 496 856 150 60 560 783 211 83 521 739 290 886 848 966 859 379 380 827 255 943 320 822 25 141 856 683 328 177 735 237 602 743 67 171 117 500 569 461 258 109 313 206 697 315 196 301 785 178 838 930 412 181 925 587 968 278 955 894 667 496 839 909 566 476 589 706 162 413 547 633 394 584 703 723 225 297 489 796 772 534 886 159 723 216 610 591 991 701 867 470 684 98 757 12 451 345 513 423 729 347 509 833 338 806 36 841 409 948 575 309 530 922 606 654 872 492 241 540 182 521 661 539 779 968 921 23 627 848 912 814 390 69 172 863 356 662 548 913 647 855 10 717 735 939 982 911 923 320 925 948 284 560 30 560 703 473 940 549 37 205 849 656 947 530 670 785 448 706 231 465 745 464 214 652 184 343 620 286 193 573 288 744 853 996 655 335 205 202 905 125 1 815 263 84 239 591 576 805 298 318 232 402 708 697 266 56 354 686 617 912 987 16 565 748 475 985 789 601 415 132 175 216 268 519 716 301 296 462 113 44 16 927 99 312 459 945 735 61 541 511 275 48 637 343 487 679 739 420 183 500 240 414 882 291 873 339 814 580 132 518 834 819 260 32 263 999 505 643 350 900 914 490 715 114 984 823 472 636 754 764 131 300 224 791 547 294 920 479 284 456 8 386 846 490 182 620 126 734 968 881 607 652 480 590 144 90 250 624 395 968 348 564 383 132 486 674 924 247 220 113 856 463 345 940 561 307 42 150 225 538 972 820 12 174 743 599 718 287 542 319 473 74 919 364 31 943 690 821 203 75 822 164 923 813 709 849 424 451 711 228 236 869 923 209 759 210 84 61 760 106 527 499 769 18 940 593 679 748 344 878 851 
856 509 481 287 438 836 581 96 846 416 829 801 246 371 441 873 793 260 530 613 19 158 693 466 691 186 284 548 13 367 680 547 746 124 824 592 768 954 24 374 121 148 653 476 113 365 51 873 163 174 852 539 175 857 692 888 89 497 665 727 462 673 915 582 275 248 932 725 363 317 807 195 47 903 300 308 248 770 590 99 424 844 571 974 981 225 871 346 208 788 69 921 316 209 55 32 20 477 609 240 955 451 83 361 12 88 667 419 297 854 125 468 203 266 337 524 923 386 166 873 75 976 151 311 563 676 864 761 400 280 186 485 444 922 939 502 431 593 722 253 713 557 853 26 521 325 378 645 271 658 253 979 4 542 555 687 926 897 538 445 618 918 754 31 815 903 274 372 818 631 887 242 851 422 859 896 137 956 132 216 517 263 253 112 61 854 155 5 190 332 609 223 353 422 427 754 934 451 632 838 234 181 521 987 675 776 147 767 273 719 743 562 602 257 785 378 89 195 397 122 936 548 824 964 385 880 253 930 87 291 287 540 655 849 556 817 342 698 56 827 506 285 357 521 854 81 270 169 312 325 727 872 786 930 783 276 349 11 690 932 364 533 513 84 669 885 777 52 619 651 626 574 888 675 224 440 418 468 498 636 772 789 646 533 239 649 80 529 371 344 849 153 281 529 404 522 2 307 783 506 788 455 10 759 944 108 630 540 967 793 846 102 110 808 378 54 991 17 591 940 829 97 969 244 102 987 629 16 435 772 947 544 776 771 682 952 828 527 744 134 995 50 935 575 389 521 33 581 345 870 897 66 222 272 782 421 842 390 928 494 233 5 564 401 109 590 875 922 633 193 850 58 824 56 259 306 423 173 688 70 300 743 787 429 965 232 357 660 405 124 434 620 139 866 215 240 474 540 650 672 225 601 456 563 443 342 218 272 198 616 605 443 647 154 804 310 671 107 787 54 649 262 440 342 124 163 802 962 483 764 118 142 453 656 848 591 238 212 207 412 200 682 908 61 858 314 749 651 218 323 792 230 495 596 541 925 44 232 50 258 674 542 78 507 190 497 305 970 904 141 920 601 413 746 832 199 364 666 384 86 709 52 324 166 697 461 28 361 104 504 935 511 328 400 256 795 172 289 890 372 
553 430 994 154 598 872 807 551 540 634 784 789 79 199 361 260 928 766 658 842 751 817 901 919 372 660 120 839 329 205 250 103 596 910 444 702 522 434 198 685 61 334 28 320 233 300 434 226 408 267 402 206 891 184 644 245 868 23 725 169 988 564 57 698 380 342 575 903 58 750 448 333 396 30 873 98 927 482 339 345 7 120 736 658 484 48 652 395 183 968 7 252 636 729 655 134 87 786 498 127 567 404 777 921 49 211 827 188 797 69 346 392 424 799 255 167 310 768 426 306 621 102 671 459 646 118 789 110 635 706 875 41 511 177 820 882 421 927 882 899 646 776 770 686 999 607 134 501 686 272 61 178 697 214 257 709 268 719 449 869 818 106 138 611 836 146 21 70 190 922 69 902 829 355 498 956 601 153 220 328 308 125 626 738 697 820 538 814 982 274 878 371 845 246 498 833 206 600 140 289 708 275 569 433 54 577 789 208 651 630 34 674 993 34 496 261 381 605 462 202 735 673 589 852 672 238 14 878 490 197 757 564 575 698 131 342 438 784 477 308 807 961 276 11 413 684 418 191 978 419 328 854 650 966 969 735 177 791 963 490 315 921 598 710 61 193 57 575 3 542 408 87 112 671 270 310 30 717 645 893 378 227 469 78 286 227 313 859 332 610 469 707 150 73 923 748 36 409 740 760 502 831 809 536 395 663 595 824 202 805 138 932 58 131 346 287 831 389 314 443 764 509 168 859 931 168 333 100 39 858 123 520 639 545 933 926 221 304 779 284 108 589 989 231 267 241 211 315 497 960 332 257 495 530 445 370 413 758 839 462 317 827 37 631 122 379 3 615 405 240 855 23 735 741 114 878 516 184 670 634 195 748 209 397 430 653 173 965 782 891 472 348 908 999 300 596 611 887 859 706 191 217 715 769 360 504 365 913 140 596 934 86 754 391 362 679 150 325 766 978 239 554 351 280 707 288 44 312 964 243 661 938 768 466 927 47 491 930 791 722 745 949 440 211 590 551 689 164 404 328 799 348 255 458 564 846 17 506 320 582 640 940 318 975 113 177 793 312 215 252 271 976 153 987 512 924 201 476 253 14 888 495 679 741 698 15 476 262 477 4 657 80 789 663 826 723 673 946 222 110 
30 31 144 44 398 590 674 600 131 156 239 284 452 734 885 871 774 705 74 910 257 417 649 914 486 908 404 209 532 93 302 348 561 700 418 450 790 620 227 490 121 833 755 640 783 151 555 719 540 272 1 97 425 434 557 111 778 678 21 479 885 187 330 763 981 181 171 305 262 814 268 271 907 616 376 98 25 18 786 862 947 1 545 2 124 611 306 110 836 503 503 704 436 686 338 391 279 68 475 293 149 421 139 592 710 602 364 30 106 257 518 259 234 572 722 160 467 450 680 213 832 34 913 816 90 423 968 516 585 992 291 671 776 26 482 10 390 783 216 942 757 870 163 285 56 810 555 404 392 870 782 672 189 300 927 571 252 198 479 310 156 794 286 856 344 100 672 279 757 918 853 11 380 978 965 122 838 680 390 740 693 154 106 177 899 125 359 378 657 670 557 296 240 651 429 924 325 904 33 530 869 835 989 688 418 837 651 331 682 902 270 142 304 44 390 198 718 398 75 622 387 5 166 267 782 619 734 537 978 7 325 389 28 924 121 883 409 917 964 711 309 935 277 173 620 870 983 47 684 111 613 141 890 964 728 712 70 228 243 624 286 506 946 629 340 499 928 851 231 761 944 87 869 788 901 367 451 390 982 717 508 232 446 164 616 940 234 527 666 424 656 339 22 905 563 449 351 274 76 285 981 319 6 421 787 144 309 266 269 780 719 794 147 259 647 675 187 870 996 276 448 945 39 878 82 654 188 676 257 916 320 156 970 17 361 315 586 322 999 772 36 326 452 426 525 230 330 331 387 268 874 347 64 53 681 16 394 286 919 647 616 279 448 192 785 328 9 416 59 571 230 970 922 755 263 969 925 911 515 624 515 507 655 656 801 297 818 246 727 695 335 970 954 286 277 841 277 653 420 28 965 817 269 379 950 127 371 139 434 508 690 116 650 514 961 919 448 897 471 7 358 453 442 257 27 381 559 563 517 921 74 817 173 994 864 396 721 610 607 755 664 281 477 421 810 218 8 17 658 581 657 376 254 921 350 474 963 397 517 527 910 563 102 867 834 968 499 390 761 695 999 442 233 303 322 507 492 295 529 777 18 954 143 267 727 962 278 377 682 893 228 644 61 501 368 34 164 794 249 81 
104 442 549 712 25 501 859 693 687 493 134 766 514 474 343 106 450 673 909 493 35 203 462 314 167 51 756 404 233 736 396 933 727 5 665 473 44 538 267 844 758 492 578 433 285 947 526 23 734 795 556 925 483 52 28 314 345 870 995 881 32 883 688 55 879 644 757 303 800 20 131 443 347 153 176 843 351 892 870 348 577 149 681 512 814 38 717 714 766 756 171 291 542 972 77 273 0 497 11 732 308 697 940 138 297 776 522 291 314 210 930 807 697 957 613 493 778 473 699 937 852 353 158 908 565 604 342 184 869 749 928 139 56 102 867 220 30 911 621 231 181 934 174 3 329 477 997 531 916 557 285 867 552 347 499 94 777 454 687 492 41 537 257 10 39 404 425 428 217 871 317 529 20 948 85 286 807 561 29 134 849 350 362 376 593 744 266 425 202 125 652 225 596 614 210 982 361 547 4 204 235 414 565 162 471 127 132 123 960 557 518 487 73 449 118 489 350 966 13 871 68 183 912 782 189 67 351 571 848 966 584 738 157 863 955 56 50 634 59 871 199 651 150 211 63 413 123 913 498 490 824 525 65 136 540 368 772 12 10 223 176 556 841 306 77 801 508 840 83 996 880 277 504 836 967 223 283 310 157 452 527 95 596 988 849 332 776 125 700 290 113 973 580 574 155 3 428 558 472 481 714 851 263 362 474 498 916 321 902 163 370 910 682 219 374 219 918 470 456 472 543 738 510 171 446 152 472 408 632 348 305 541 40 780 32 98 776 903 487 818 620 668 581 643 725 59 704 213 652 902 565 651 802 898 66 223 15 470 849 263 505 849 120 277 808 233 638 505 80 935 114 23 869 811 864 784 521 757 214 118 154 756 643 580 961 677 657 163 468 577 463 780 446 556 764 682 232 132 993 831 876 562 6 667 909 92 401 884 734 457 892 738 50 48 780 962 629 681 587 30 428 910 457 786 274 213 336 512 370 120 123 313 875 681 270 136 301 607 160 932 377 267 17 215 289 331 407 202 986 822 935 685 954 860 273 374 854 947 214 798 200 675 757 218 803 266 894 764 427 682 135 561 996 688 966 155 564 661 280 842 269 105 290 637 941 289 365 228 758 77 682 759 774 533 19 571 786 30 820 402 
468 322 255 88 677 177 365 779 748 746 562 197 136 803 623 846 544 612 281 696 60 953 565 922 731 673 758 461 466 996 982 565 417 711 259 864 2 756 229 437 102 317 820 610 705 170 160 683 87 718 696 568 340 395 710 842 373 820 701 532 567 884 916 777 385 625 940 783 942 740 693 77 752 11 578 440 979 807 616 52 223 410 296 273 749 635 658 579 260 961 366 286 628 246 372 267 126 657 50 606 320 615 897 623 927 245 628 186 75 640 372 752 874 326 159 116 633 735 408 994 259 491 147 332 844 647 413 292 133 486 191 134 739 488 952 351 112 151 880 493 491 224 350 590 939 94 643 178 161 427 626 389 605 36 656 974 644 22 489 70 905 945 130 367 817 68 449 909 959 285 687 539 662 462 110 807 720 367 259 637 95 197 451 713 461 425 222 532 238 378 167 603 242 821 624 200 620 123 329 245 27 388 43 773 753 458 603 82 383 388 527 515 644 665 745 71 109 548 368 46 505 201 138 953 605 923 877 373 401 310 389 370 158 157 506 40 897 912 823 21 519 25 62 639 59 851 734 41 184 889 604 958 892 730 138 785 388 559 761 940 572 931 52 77 431 907 889 339 259 169 536 404 832 235 581 545 959 861 173 974 882 599 653 628 27 300 645 199 549 643 95 810 249 513 456 642 84 693 907 163 261 982 690 308 826 55 281 288 259 304 7 844 44 609 676 545 941 251 212 550 314 30 572 454 85 795 648 319 446 310 835 736 791 428 978 254 156 752 32 450 332 160 894 810 483 352 941 474 286 720 562 373 510 525 211 974 855 127 969 420 636 277 537 118 134 557 798 485 667 799 237 681 665 276 10 903 137 886 835 22 256 883 563 99 11 699 633 946 781 290 262 41 579 844 53 883 245 711 452 624 808 6 657 757 434 119 66 584 649 946 406 74 410 826 859 277 391 63 327 415 578 785 568 91 370 327 593 37 513 794 394 642 287 76 779 595 268 453 147 564 24 358 178 428 493 434 475 747 992 454 929 198 598 963 324 349 879 106 228 218 7 946 155 479 665 420 7 470 40 691 549 198 252 898 479 428 368 479 658 555 329 204 254 302 158 540 65 211 661 196 664 916 936 429 805 577 319 678 922 863 
149 55 647 393 979 551 272 209 576 132 5 285 338 882 820 959 380 3 129 310 121 318 230 788 99 431 739 810 517 438 196 17 679 226 255 946 644 947 966 794 23 847 340 18 121 366 334 228 612 352 135 344 85 717 49 929 175 259 511 867 612 991 285 741 338 46 218 156 288 579 526 433 943 467 188 503 18 420 508 851 560 965 264 304 129 596 712 74 540 24 12 740 874 742 510 742 951 620 340 394 61 103 669 167 868 706 237 282 768 294 988 613 519 528 613 21 47 149 833 166 714 167 482 317 495 833 993 918 230 683 733 184 620 78 787 574 260 69 230 742 288 524 521 161 654 116 809 527 68 812 394 971 315 18 826 710 166 426 835 929 185 415 152 306 625 321 846 164 442 938 889 782 677 659 244 111 579 572 214 734 238 164 184 681 311 341 647 17 600 326 225 589 178 877 495 914 10 672 837 149 115 721 388 292 880 840 60 315 732 263 329 894 43 118 876 400 778 894 339 301 498 344 224 294 845 312 497 70 678 28 694 722 708 91 694 429 130 293 435 567 47 345 344 983 798 302 539 145 739 181 710 903 989 617 828 282 911 442 332 667 9 133 111 405 334 140 586 507 640 26 947 491 358 52 392 154 438 921 706 974 543 456 74 650 485 775 754 919 952 23 767 309 105 195 601 94 940 442 39 705 139 238 403 728 497 888 44 869 160 507 760 870 713 918 238 196 599 11 953 712 348 829 311 220 66 6 416 186 450 703 795 206 734 964 472 532 177 92 491 665 416 134 362 946 227 347 89 382 323 838 772 751 189 240 486 773 521 290 257 992 417 312 815 777 388 828 459 185 243 189 717 396 686 153 217 122 442 270 38 230 205 692 308 494 512 511 676 935 591 287 595 628 45 609 124 759 307 994 856 399 507 480 545 333 364 654 116 164 583 636 998 137 675 408 238 342 115 637 13 694 85 981 109 196 898 38 717 472 911 307 874 37 6 878 213 582 827 838 713 503 427 778 592 457 92 600 747 818 212 76 61 362 527 761 345 219 562 349 318 882 452 220 238 697 843 326 0 672 583 751 242 286 399 272 215 477 71 872 694 587 375 508 23 97 244 912 561 653 604 997 174 799 400 165 942 432 95 829 334 763 
363 837 847 689 860 232 272 634 234 798 632 818 519 827 105 115 306 323 272 43 245 310 904 48 174 890 332 150 825 288 805 297 427 559 565 397 426 511 498 224 663 178 796 939 259 521 663 981 851 561 876 289 729 697 550 850 12 784 973 227 448 478 104 163 702 717 398 20 748 837 990 210 39 155 168 690 797 303 747 890 13 566 961 64 194 93 808 229 331 486 440 305 299 31 870 240 371 153 455 723 358 744 627 779 36 273 38 929 584 612 846 666 531 213 196 53 892 665 489 256 929 327 996 88 383 1 247 9 97 443 295 696 509 993 911 25 530 502 494 876 441 184 566 379 841 463 739 772 380 516 820 520 760 44 251 926 595 116 246 998 611 376 70 209 765 989 391 820 669 525 221 550 902 185 956 77 114 484 342 142 0 227 684 628 940 649 434 950 637 689 484 210 947 567 928 105 218 833 403 261 463 58 598 936 483 539 685 996 990 751 545 636 437 736 586 935 908 356 990 621 910 850 714 263 755 274 557 735 603 706 8 213 898 196 79 761 733 751 897 801 209 478 544 764 398 881 986 227 286 866 975 621 606 311 696 254 559 882 461 483 513 905 535 772 237 47 766 117 309 296 256 714 395 869 525 20 483 619 811 993 392 176 864 993 98 568 761 772 989 951 883 268 709 143 889 98 185 269 9 218 459 765 106 779 915 279 343 880 583 799 951 612 5 906 399 385 376 624 949 378 324 797 623 946 40 106 690 547 259 293 229 148 505 967 792 790 223 228 533 205 571 450 554 428 500 1000 779 540 623 357 925 547 59 310 361 76 131 59 667 717 914 617 579 95 80 544 359 621 890 7 23 457 176 192 165 372 104 413 772 85 440 622 454 102 952 560 437 720 500 621 247 248 235 261 592 290 301 76 221 872 797 487 310 223 288 482 905 480 194 255 686 158 527 778 308 300 603 60 228 305 688 957 216 415 535 200 24 655 464 100 764 755 796 569 283 369 268 618 572 856 59 768 855 361 373 476 296 183 872 750 676 857 124 888 193 274 107 457 90 469 487 290 184 275 850 462 795 180 480 372 590 414 928 97 876 112 557 591 627 624 863 673 729 292 726 690 757 885 207 987 588 167 603 885 182 103 366 56 76 65 
481 806 821 217 744 125 576 729 378 213 914 278 490 186 562 771 486 207 962 922 145 671 706 794 140 340 920 597 638 28 934 664 180 243 376 827 894 650 239 298 470 598 184 520 208 252 60 598 404 824 251 792 773 189 847 633 389 144 172 878 159 540 13 715 944 67 737 159 901 641 354 387 875 449 527 544 267 266 755 363 395 969 938 239 350 510 465 154 663 429 535 866 862 328 810 689 174 677 974 139 765 618 634 986 127 694 893 469 721 576 787 692 394 948 728 448 673 889 644 689 818 675 964 914 19 747 991 274 34 970 91 806 197 963 181 109 380 526 273 624 928 280 439 362 796 83 47 451 998 704 913 967 57 224 369 804 301 294 24 247 592 546 925 308 744 720 824 488 866 784 921 527 629 99 530 786 212 251 889 405 344 401 778 449 352 416 103 587 568 348 405 848 326 593 363 470 585 534 789 755 126 210 17 910 461 469 703 482 920 322 651 529 558 998 588 329 167 854 801 369 470 381 690 75 154 293 353 818 235 77 115 236 350 513 670 287 420 71 550 418 970 320 807 17 850 475 128 996 979 216 515 144 872 43 537 653 778 134 943 548 399 652 468 846 226 986 871 408 133 268 577 140 250 574 678 231 85 506 908 6 533 36 326 462 277 688 552 815 128 665 962 900 283 678 762 64 790 581 970 550 724 681 147 962 669 868 870 972 302 8 865 19 528 686 286 565 91 860 648 660 619 430 646 843 326 96 877 129 254 190 8 943 564 546 463 905 762 96 466 310 146 325 338 66 598 55 136 671 802 30 288 140 547 958 861 993 314 581 474 4 912 697 313 156 712 355 86 838 534 562 231 532 830 861 83 678 637 316 266 803 244 391 570 397 10 21 811 55 990 14 875 257 630 418 916 306 94 933 493 388 736 898 729 444 986 714 588 432 757 211 437 684 763 418 925 715 739 74 824 918 333 276 538 696 947 610 606 520 444 766 71 73 103 18 907 656 195 673 510 514 258 159 732 813 628 749 678 336 47 137 204 157 989 516 218 873 214 623 887 852 186 447 359 228 204 352 605 859 771 130 947 333 150 705 729 488 310 328 463 576 171 89 931 896 328 149 467 426 221 453 882 982 1000 611 385 832 803 900 530 266 
973 33 450 377 820 287 852 310 129 790 240 59 362 811 166 932 261 81 524 754 370 48 401 592 902 708 798 833 722 128 960 69 841 801 283 670 382 994 555 197 970 385 788 500 959 57 268 295 49 704 615 854 720 523 460 730 932 572 329 31 735 787 468 454 460 155 454 637 854 754 607 400 697 272 7 663 413 276 147 983 380 599 163 636 87 845 496 866 680 19 827 864 246 865 79 8 903 71 747 47 688 737 474 165 147 182 476 320 454 914 290 741 58 175 814 473 14 31 962 599 612 234 769 380 991 29 161 566 890 30 738 169 579 73 158 996 754 549 712 131 803 829 585 178 653 445 940 847 855 822 592 933 760 355 830 987 726 618 106 428 402 276 43 537 701 821 430 781 523 167 427 961 450 865 319 881 768 490 898 246 976 337 545 471 960 306 863 905 560 382 918 636 365 913 831 413 853 376 608 531 877 621 987 927 812 781 206 336 682 759 424 85 794 259 990 392 858 777 467 289 307 727 285 198 100 69 527 824 458 680 592 820 265 681 298 127 652 807 664 891 893 131 822 599 974 541 54 969 694 634 237 186 495 477 286 368 124 947 21 13 770 49 864 270 752 517 605 927 598 613 253 317 84 871 800 961 640 245 145 273 297 931 501 859 72 883 270 899 813 663 805 227 805 104 419 578 94 559 909 665 276 290 539 650 989 823 454 785 265 476 151 317 647 316 145 667 545 664 310 76 107 111 713 959 650 251 880 64 434 296 323 665 430 794 479 568 856 222 292 932 645 178 699 218 256 33 395 8 36 619 215 518 462 24 264 215 927 642 710 883 605 205 906 140 383 950 504 869 766 64 311 75 198 803 384 574 283 995 346 734 469 527 690 869 653 82 184 920 743 541 811 982 262 941 489 441 763 138 524 844 776 138 98 727 255 25 388 276 143 167 253 117 694 887 755 399 951 854 135 944 463 43 315 358 678 820 821 687 820 173 347 501 472 456 880 42 312 819 443 401 328 246 659 473 744 350 201 630 372 533 116 32 347 465 950 10 294 815 791 646 759 710 250 861 454 34 406 403 30 48 842 446 577 367 570 378 245 107 584 465 401 152 703 575 483 109 631 233 68 209 16 791 870 142 221 636 922 37 851 114 
932 996 528 229 983 436 991 119 80 785 467 846 683 846 293 145 126 670 113 449 208 15 197 667 511 518 600 384 553 600 985 691 616 777 268 326 226 869 582 747 687 38 339 773 959 981 175 599 521 639 413 641 122 21 820 939 500 667 354 352 905 274 786 176 926 581 954 494 520 356 558 695 887 522 372 919 479 533 415 15 22 277 212 778 957 696 685 512 201 884 466 601 94 104 847 499 733 856 317 290 506 725 261 943 117 720 389 405 325 799 320 502 915 327 104 79 940 761 256 681 120 877 928 832 787 572 3 701 613 643 752 728 609 632 285 119 80 643 544 555 940 975 127 906 110 999 356 39 313 254 683 485 566 519 471 117 900 295 224 257 794 309 752 969 597 30 981 489 824 137 618 876 286 131 244 828 128 420 419 215 788 959 833 271 232 171 433 832 113 560 733 735 498 542 286 370 142 872 505 584 274 897 170 527 871 777 987 388 743 504 385 523 233 720 749 610 668 135 100 844 589 554 296 559 16 280 811 520 283 66 667 236 762 889 678 390 510 157 476 222 346 156 836 343 506 871 403 418 490 716 747 615 904 327 759 911 502 886 242 930 226 97 81 996 768 317 740 29 44 746 50 838 250 984 232 995 590 630 469 323 313 245 875 367 377 807 743 46 332 360 647 673 556 936 60 272 921 769 917 221 886 391 422 345 773 955 696 402 178 532 363 168 609 455 400 454 545 951 73 362 567 386 8 492 481 769 527 792 908 829 387 1 307 669 579 511 531 244 205 754 370 500 272 877 290 241 683 501 919 990 917 833 175 126 31 37 868 260 512 980 241 628 438 341 75 457 725 581 27 881 780 320 558 899 210 202 256 282 725 899 429 256 395 252 193 552 363 356 772 695 864 704 564 810 669 664 408 167 587 635 962 750 217 140 720 705 961 928 715 370 651 596 977 701 23 230 53 556 988 462 990 40 68 434 210 691 257 934 232 538 536 328 208 636 571 379 161 255 957 718 816 144 998 0 181 922 713 609 570 180 300 636 410 392 435 937 220 610 394 911 882 790 249 292 942 658 524 870 200 315 771 945 408 150 43 384 936 351 342 896 85 468 944 373 257 932 438 373 796 71 90 518 821 67 338 845 221 533 659 27 
367 948 145 29 863 39 790 642 97 35 45 208 210 632 35 101 530 778 909 516 120 202 395 358 951 69 817 428 256 389 306 596 811 507 841 362 619 796 521 200 13 128 797 3 89 915 128 790 221 181 364 389 268 591 202 525 863 957 29 248 683 666 600 745 805 42 999 388 605 640 525 159 459 722 73 937 739 201 909 526 51 849 191 513 486 952 473 967 772 67 201 347 796 332 633 513 718 25 416 210 526 275 440 196 229 155 853 3 965 957 13 995 902 862 803 161 51 371 465 429 478 765 693 703 130 612 516 138 537 449 224 256 783 56 253 561 787 382 977 427 31 711 626 635 270 24 28 403 281 430 138 522 216 712 292 348 374 345 384 217 77 303 602 778 799 743 857 853 244 363 271 888 823 983 561 316 558 533 106 64 839 148 634 447 103 445 201 30 133 401 64 42 634 441 871 142 262 298 90 118 945 157 419 642 504 543 102 405 750 87 154 508 94 933 383 257 42 473 268 152 43 874 144 582 120 427 887 727 167 486 417 217 654 824 948 647 502 185 752 786 644 48 124 186 104 630 702 516 254 280 507 675 599 155 364 339 792 229 651 654 581 863 596 714 725 740 559 698 404 239 348 987 547 799 309 835 558 757 250 104 341 78 909 289 559 757 420 602 762 567 666 116 92 461 240 810 891 463 678 176 916 535 971 139 971 715 48 632 162 717 902 258 453 18 911 107 632 642 818 15 428 741 290 487 262 296 315 296 701 773 478 632 521 696 481 449 713 562 323 523 103 568 791 512 494 398 804 249 341 461 873 539 400 279 669 983 350 744 884 301 783 328 615 301 224 361 215 291 429 65 974 532 294 350 773 707 855 99 328 380 896 997 679 208 723 421 449 34 917 425 306 261 527 114 735 183 994 204 212 465 241 362 115 241 180 806 683 316 441 153 747 82 763 203 217 387 767 969 539 235 640 909 610 1000 917 519 877 869 465 781 744 432 232 221 203 143 801 831 527 854 542 146 984 788 524 61 771 684 110 403 690 840 210 868 720 106 545 567 980 238 122 23 22 550 666 152 463 466 681 631 555 759 964 951 379 711 723 156 162 979 153 318 327 632 137 359 625 473 714 562 712 650 274 979 978 974 116 180 388 627 
894 448 556 701 282 9 130 105 506 825 398 811 562 200 593 809 300 498 409 926 219 478 269 526 861 873 764 388 148 970 674 573 232 993 805 433 603 265 499 181 125 638 904 289 666 152 459 421 111 80 764 346 906 830 247 318 711 897 748 85 413 813 274 986 59 304 648 125 294 382 658 500 570 361 920 449 562 323 102 112 295 538 921 301 477 816 50 783 757 81 88 104 525 568 355 245 127 665 222 641 140 431 340 150 440 450 835 572 859 59 129 669 890 85 224 705 111 301 657 221 129 831 354 702 982 716 196 543 249 365 719 993 71 335 513 133 160 892 138 317 636 650 948 858 204 967 134 401 157 768 315 112 327 855 262 184 18 225 310 174 59 706 465 334 721 666 428 47 574 309 81 113 698 426 97 89 155 915 444 149 605 64 983 549 939 73 937 542 512 822 956 764 315 397 982 710 253 266 378 462 137 13 159 403 174 731 46 788 792 482 642 19 136 470 125 456 589 746 696 926 79 331 796 411 545 692 96 397 730 962 998 780 865 123 949 687 255 355 536 229 614 106 842 43 721 800 987 146 401 651 746 163 513 732 25 471 527 479 815 867 928 340 312 613 767 746 382 686 141 424 776 22 415 677 439 274 903 643 326 436 908 53 920 901 793 141 260 520 213 86 687 786 323 446 566 324 609 785 996 423 82 970 207 108 532 277 12 279 40 210 843 875 665 777 133 696 560 915 757 617 515 406 255 883 897 939 642 340 433 431 471 534 128 846 546 727 866 640 927 502 31 318 365 826 814 788 657 105 726 945 536 767 260 893 886 82 1 619 401 38 894 940 723 143 19 879 957 59 175 456 602 621 688 237 296 224 216 410 530 950 775 90 802 688 285 282 444 607 74 855 135 166 258 642 254 403 19 580 125 586 629 751 904 681 271 517 165 370 468 669 568 321 50 361 534 799 233 825 626 180 992 495 131 276 60 25 668 851 130 740 875 912 912 817 319 707 272 718 100 630 918 55 723 871 870 944 627 460 214 167 461 934 554 28 777 880 823 779 101 638 979 938 312 103 466 105 268 841 569 716 636 270 954 291 830 963 825 656 316 485 983 464 778 301 508 219 975 945 833 212 723 56 648 157 898 934 621 495 750 307 
954 736 331 514 703 891 849 239 542 116 996 433 846 863 384 951 544 482 24 618 844 490 142 462 299 804 609 664 38 227 106 777 498 901 764 725 782 679 28 344 797 455 935 561 339 297 322 94 556 314 476 972 6 597 427 352 504 306 224 122 21 205 16 213 404 291 854 496 977 656 597 79 289 817 970 600 486 41 931 8 814 284 576 808 913 958 830 514 822 433 993 158 250 490 703 121 458 660 534 233 337 722 308 606 752 981 919 233 406 278 408 603 135 790 96 465 291 255 285 908 885 842 775 954 202 577 101 526 117 572 363 134 38 16 330 795 628 990 757 672 25 150 653 780 43 530 676 541 735 441 295 965 900 188 663 94 880 655 764 403 42 452 828 382 96 845 91 452 187 456 542 683 203 606 842 439 451 189 244 304 100 579 685 310 64 144 283 939 30 385 838 204 880 987 747 742 392 763 601 657 825 499 184 322 384 448 139 223 543 606 691 82 724 640 797 97 226 478 342 618 632 676 369 554 649 151 700 248 276 417 362 594 648 893 728 367 575 413 789 677 497 287 255 205 216 944 704 659 836 886 78 100 513 260 988 570 794 782 738 193 565 169 785 33 661 284 709 242 896 139 175 376 22 905 441 224 534 393 910 10 547 5 744 635 144 267 620 11 879 623 961 152 996 751 421 976 286 739 543 797 402 285 415 271 354 340 820 480 273 598 197 889 448 806 725 99 678 637 777 276 353 773 725 246 726 324 942 211 505 990 884 39 926 437 428 300 501 504 335 791 887 338 860 528 297 562 137 781 299 547 228 833 668 369 338 662 547 496 5 959 24 757 115 489 656 911 966 361 994 979 126 797 71 130 1 304 704 137 581 897 935 248 514 700 699 410 213 490 650 207 15 437 545 264 523 109 970 327 248 58 240 969 3 426 192 866 251 424 286 776 445 362 470 566 38 551 169 496 298 268 790 899 621 250 135 673 343 657 290 235 547 930 189 439 281 95 873 807 886 610 680 704 553 971 816 648 62 313 225 601 952 686 920 768 484 281 357 849 653 937 908 974 580 181 396 20 339 442 883 378 73 843 796 474 177 250 365 728 189 765 98 521 818 14 362 371 120 52 813 511 394 62 233 456 382 691 811 335 927 379 
913 388 352 350 855 640 839 901 424 895 677 567 104 864 567 158 450 157 582 629 545 933 450 931 736 612 975 572 289 115 211 38 806 734 580 131 529 453 578 334 978 89 737 698 938 322 930 314 856 849 398 814 123 185 793 688 126 250 279 311 472 178 137 648 708 684 791 686 788 146 707 821 159 265 727 867 676 777 921 428 420 494 743 662 126 653 212 398 905 53 834 233 666 881 775 370 672 877 477 379 80 372 559 403 577 280 161 425 186 897 44 913 320 713 339 124 496 362 350 520 671 856 288 170 338 775 628 923 21 370 420 44 964 764 776 188 424 531 893 994 185 373 393 668 830 605 697 15 359 8 975 263 462 402 847 353 656 919 131 381 788 483 976 970 185 190 495 163 654 823 584 935 473 846 448 195 836 33 799 257 442 620 10 530 954 779 416 286 808 804 913 912 643 483 764 902 179 750 132 917 592 207 461 465 689 225 598 602 264 814 674 418 24 715 81 535 531 735 364 954 319 470 898 400 366 259 940 765 918 543 257 643 886 379 642 344 476 945 184 619 950 555 371 481 410 825 387 829 646 435 326 157 986 362 861 362 534 252 830 355 923 14 342 550 413 181 588 801 441 561 754 427 416 516 857 232 716 772 535 132 463 461 872 124 428 384 898 183 868 191 355 885 663 157 678 707 388 435 96 679 488 922 586 626 772 193 443 949 236 343 827 633 840 598 148 207 37 74 598 684 465 497 505 863 441 853 999 1000 290 829 471 661 332 591 933 884 589 560 172 842 108 455 812 731 18 177 170 386 58 502 4 367 679 630 152 461 477 865 536 550 490 785 183 477 493 692 488 524 410 118 25 182 28 777 870 823 297 886 817 530 716 344 262 206 58 749 795 989 78 458 140 823 285 984 88 910 664 432 969 683 850 123 537 123 642 554 721 188 746 607 632 55 743 728 756 73 506 476 843 198 412 53 731 719 230 180 873 28 625 183 3 126 232 428 471 89 73 557 38 2 226 935 974 448 16 151 769 368 944 695 455 39 816 788 387 130 277 446 231 357 211 946 174 550 230 30 501 580 639 570 438 5 657 876 545 83 602 23 90 175 486 890 29 873 657 292 783 317 610 523 435 870 28 58 936 377 14 620 6 543 
592 750 184 622 41 987 914 133 202 686 370 832 841 992 621 336 504 583 365 781 987 471 384 454 257 168 935 910 878 547 459 303 803 785 548 498 104 805 446 116 184 679 903 898 865 32 169 457 153 156 4 546 0 860 158 855 63 264 923 994 558 361 497 999 929 47 72 438 143 97 969 541 426 609 776 880 508 16 811 530 91 297 935 65 473 179 721 535 305 574 273 318 807 883 643 552 280 810 844 269 994 562 192 847 572 91 862 986 474 222 914 504 398 780 760 318 10 748 109 763 640 675 515 21 508 607 217 710 513 482 338 96 597 577 386 208 730 160 525 822 790 163 121 688 251 806 332 365 914 986 893 878 549 918 713 111 588 951 588 328 174 871 398 520 264 512 593 890 230 596 557 757 342 658 302 629 435 642 605 203 781 192 530 847 954 721 62 448 19 708 236 402 425 195 367 511 669 152 577 262 292 800 716 600 17 764 608 117 731 960 967 92 444 72 919 229 418 452 474 588 100 92 745 487 222 125 127 444 483 410 884 56 215 140 155 228 865 519 282 37 388 493 552 346 844 678 36 390 910 257 557 951 631 453 489 15 707 857 521 853 982 243 969 974 143 777 588 947 868 52 427 296 925 22 370 234 217 9 735 295 57 773 569 58 794 36 421 403 764 20 728 843 916 682 748 121 674 319 232 257 762 342 885 878 835 628 145 265 506 906 362 287 551 266 995 264 776 794 392 953 718 104 975 3 753 112 8 877 101 908 953 851 999 571 783 131 474 185 52 939 88 548 356 862 911 513 958 386 985 90 231 90 263 715 763 198 407 517 320 447 24 54 402 64 913 10 994 257 624 262 12 989 69 299 999 245 639 200 768 704 772 389 283 117 981 343 653 778 217 528 243 618 764 389 676 865 69 278 477 342 124 783 412 222 804 155 772 830 854 753 245 447 332 428 316 940 440 826 448 550 990 444 669 126 414 300 601 526 23 125 627 41 695 639 516 82 797 784 490 604 235 625 681 427 381 634 659 490 232 291 582 893 81 803 559 445 399 543 638 299 842 201 278 117 482 834 158 71 629 710 809 399 205 263 166 755 670 307 129 951 265 593 719 975 500 605 770 508 333 613 525 58 90 902 814 931 220 317 964 669 
886 26 780 761 664 850 306 622 408 617 208 327 865 498 363 89 660 385 434 464 190 912 318 126 51 69 954 622 695 882 589 900 495 543 389 113 244 4 78 373 286 912 580 56 561 765 236 360 516 846 830 775 2 960 323 459 354 550 947 307 217 570 478 394 91 566 145 607 84 628 562 1000 28 101 233 359 767 174 96 566 594 159 786 266 158 64 934 865 197 793 72 432 131 12 446 617 438 821 217 974 817 298 272 568 229 556 122 34 776 145 118 428 506 477 55 530 608 54 963 956 280 996 901 114 673 44 369 910 459 21 734 367 577 533 610 285 536 1000 987 163 325 456 298 476 738 579 683 812 960 66 483 832 797 426 16 551 105 161 737 909 654 648 764 11 755 217 368 572 928 233 901 908 457 940 961 952 262 281 954 957 560 323 851 657 603 223 246 396 304 396 374 327 148 484 991 216 952 784 311 556 347 169 126 697 3 23 359 814 383 469 835 553 222 416 245 369 36 459 272 844 664 219 948 899 939 840 356 179 479 891 276 948 312 212 811 69 859 860 849 628 466 411 740 592 749 639 31 242 571 145 328 405 409 235 303 920 1000 105 137 298 205 725 901 277 714 52 483 976 779 266 899 657 468 670 506 881 693 602 563 113 928 291 885 562 183 554 835 400 453 206 327 916 312 546 368 234 484 405 434 121 680 965 537 222 135 590 133 453 373 26 466 986 719 72 79 918 961 417 935 158 65 846 714 854 658 222 160 600 425 356 796 318 17 471 813 42 160 167 803 577 909 181 968 900 516 311 620 433 915 673 171 790 866 905 356 909 219 130 105 311 195 592 117 787 730 286 620 594 774 410 310 872 626 47 786 779 889 679 899 519 247 232 285 469 162 847 656 563 445 86 732 323 905 523 362 334 308 224 81 646 825 841 933 237 158 261 89 439 584 664 641 923 741 218 653 328 831 231 279 329 949 163 76 623 773 917 256 316 903 951 581 390 740 713 140 368 750 694 37 744 696 59 880 732 140 97 719 887 863 949 317 799 48 36 985 186 931 768 625 490 834 36 356 159 256 833 359 424 306 47 851 752 410 564 577 789 778 649 197 499 198 146 338 698 652 383 90 958 269 641 12 891 476 116 975 88 454 389 745 186 
647 968 377 598 489 199 332 930 624 5 683 138 248 855 342 427 489 939 362 455 476 305 88 183 240 915 843 825 43 331 362 826 583 910 223 679 611 776 90 478 380 830 676 212 725 492 791 658 904 106 127 652 157 720 69 283 559 7 576 156 500 976 625 433 580 634 764 538 513 994 454 897 304 480 997 530 48 449 410 484 501 232 321 636 628 290 214 281 243 293 979 791 561 940 165 982 478 248 891 188 457 216 918 507 108 155 992 434 79 763 180 632 659 335 870 335 595 311 595 242 254 785 235 740 300 721 382 248 817 185 208 832 316 352 621 781 186 734 605 140 268 738 829 73 86 126 935 728 980 678 266 370 378 505 880 981 89 207 166 448 673 626 102 207 805 599 620 724 70 246 303 663 749 363 23 965 374 643 931 325 436 118 961 423 750 815 151 548 404 212 86 751 99 408 332 714 773 296 470 340 58 728 296 819 723 571 400 521 851 450 469 977 850 127 394 91 270 838 25 763 157 791 549 304 468 850 616 633 36 882 625 73 132 847 687 317 978 330 114 986 900 869 500 646 689 124 888 109 598 32 419 766 58 397 137 931 480 416 636 906 267 592 582 703 461 32 405 518 972 887 699 873 309 201 631 260 758 186 901 316 250 641 241 531 170 697 827 347 211 557 335 193 897 895 200 450 184 254 35 491 183 664 883 803 724 336 386 119 731 838 336 143 54 450 360 301 698 489 535 778 364 582 582 814 288 906 886 130 375 382 567 703 377 564 490 633 836 908 34 213 112 637 323 341 817 868 777 57 998 213 786 51 15 856 594 629 789 493 297 142 214 882 629 772 426 561 361 64 971 61 994 181 814 137 419 90 493 24 26 46 791 540 606 495 714 285 492 564 863 235 376 324 530 249 602 478 849 899 328 828 740 501 209 634 839 967 453 220 3 434 464 668 318 720 351 482 107 801 581 929 179 568 690 356 48 638 542 452 624 555 877 418 82 216 595 706 654 372 120 386 702 445 297 790 10 77 394 774 121 173 880 576 23 224 988 815 520 174 942 773 27 254 482 959 381 193 637 283 897 405 102 345 610 411 919 263 309 790 797 801 448 222 694 411 343 471 146 138 914 716 690 19 488 802 104 485 197 503 923 168 
157 362 509 960 921 10 932 822 722 645 660 994 237 966 960 354 477 824 570 604 406 401 34 168 62 949 788 641 626 780 512 878 708 608 58 722 409 55 260 231 849 362 913 42 330 490 634 661 523 44 532 729 924 185 87 89 993 656 191 672 406 23 96 320 706 136 198 741 687 669 237 197 558 774 113 336 188 512 506 377 733 812 786 748 131 543 754 578 679 419 299 442 536 517 400 17 911 910 821 635 894 803 865 47 789 833 621 18 756 433 165 467 807 452 920 171 340 328 159 267 868 234 515 375 723 30 223 914 568 486 401 11 286 89 258 375 368 301 586 921 857 793 251 789 454 986 85 497 865 901 673 210 364 795 703 786 640 783 807 8 484 21 286 878 449 481 928 925 8 606 168 401 276 439 279 869 591 865 580 584 741 159 501 283 341 658 868 928 317 677 13 764 254 277 627 430 239 578 839 87 615 818 838 490 146 812 854 241 696 288 193 777 772 581 757 243 499 333 461 954 171 231 876 963 206 641 797 303 291 641 854 153 705 330 295 192 745 490 738 461 200 776 180 563 756 751 935 643 828 822 57 638 513 76 50 147 496 50 345 992 50 471 605 674 642 162 612 352 43 433 85 440 316 874 394 913 561 393 415 952 992 684 470 828 984 789 232 931 920 168 514 802 206 525 921 240 890 923 112 590 500 828 1 169 817 118 132 626 838 393 877 254 278 72 543 681 959 318 844 243 249 998 436 813 469 888 103 228 833 857 582 455 162 87 7 14 370 451 247 190 416 579 677 79 24 940 734 843 895 632 85 763 641 522 773 213 823 414 627 5 405 23 106 39 361 437 943 93 17 480 82 173 690 447 259 321 219 38 872 339 470 78 818 904 620 920 851 537 583 784 991 971 938 444 998 561 602 200 802 862 209 55 734 180 3 424 256 966 62 959 787 536 537 86 398 753 853 130 834 491 986 968 440 912 837 256 309 573 232 812 269 542 378 636 605 279 49 508 523 586 440 705 859 4 373 280 919 558 587 595 872 730 374 424 285 821 724 952 966 919 220 847 985 631 646 147 634 138 713 777 136 55 167 876 790 232 410 465 850 398 603 637 884 787 381 465 559 518 352 645 952 744 382 180 808 148 629 380 901 23 
914 608 214 272 645 7 797 239 15 276 212 505 449 16 924 193 47 349 858 133 913 719 57 707 946 263 471 916 757 2 883 638 302 116 720 708 300 814 578 510 953 311 165 242 343 997 414 439 150 217 819 387 15 391 43 975 677 392 399 154 327 836 459 365 623 506 432 695 885 602 749 884 38 781 167 878 819 241 795 539 202 566 883 942 626 492 119 325 995 788 491 567 404 943 86 706 911 864 931 632 897 276 908 895 651 901 915 845 232 840 554 226 203 545 967 611 681 809 993 192 693 237 56 454 360 636 473 394 462 355 469 760 360 904 550 799 509 502 483 254 542 628 976 916 298 44 70 292 664 539 376 112 772 194 542 567 926 738 861 26 576 71 149 494 952 376 65 837 295 185 377 277 90 967 843 177 499 451 547 206 704 173 189 138 551 918 112 18 478 833 976 904 446 252 511 149 362 695 630 607 206 802 615 219 658 408 379 175 866 616 20 522 15 475 53 693 367 412 305 749 740 363 776 986 129 704 409 671 207 24 901 455 864 472 125 985 602 578 193 829 212 702 231 16 757 397 515 518 164 909 872 84 745 518 42 369 775 994 449 501 980 253 478 863 304 94 840 653 40 627 307 578 407 562 995 632 577 100 849 136 182 440 592 459 856 630 855 635 309 416 536 55 629 676 95 969 486 866 854 875 713 907 475 404 323 849 784 739 400 577 15 877 113 971 39 856 297 52 337 82 356 856 894 545 894 767 594 496 917 461 358 62 338 582 227 764 348 393 148 828 296 569 53 291 210 788 943 818 521 867 585 608 712 252 560 269 348 318 145 359 793 607 134 976 137 585 68 279 386 52 845 671 391 250 768 257 228 416 400 143 179 899 714 344 47 917 81 165 491 80 378 140 331 360 154 715 465 301 413 426 930 606 224 160 899 692 733 282 935 740 728 703 749 704 273 387 891 509 426 156 881 337 310 703 387 439 461 665 762 211 785 831 896 987 379 977 690 230 238 964 489 719 953 263 766 667 141 659 950 77 901 380 513 76 224 821 129 555 549 508 67 456 512 150 40 734 133 106 458 703 266 2 619 957 356 251 640 59 916 979 680 161 346 249 809 151 898 593 110 218 961 639 13 862 44 525 187 388 134 436 
453 88 932 373 940 104 69 222 593 109 765 766 636 133 755 726 871 87 278 822 401 875 9 927 473 702 662 807 143 199 93 925 924 150 957 741 773 328 505 424 599 70 198 45 452 17 659 824 561 93 17 322 543 914 11 279 399 503 747 782 587 942 820 736 279 71 461 896 360 753 630 252 766 604 221 15 102 306 261 789 76 821 715 974 674 270 902 489 498 867 351 550 516 735 465 817 329 609 242 794 76 858 928 238 617 916 208 223 643 645 262 78 88 513 918 672 570 562 280 997 621 299 336 269 939 376 707 377 930 580 469 816 647 641 397 316 765 222 79 957 988 298 675 483 541 74 56 357 790 447 681 918 118 310 264 316 694 639 131 825 439 393 665 203 187 722 334 221 37 453 360 363 744 81 121 538 261 942 5 506 887 815 766 453 1000 722 15 929 109 78 869 321 178 6 808 72 480 933 869 24 472 214 534 485 407 569 763 805 204 865 408 155 296 682 570 947 818 166 679 144 336 827 171 813 871 939 22 54 767 93 640 679 151 517 653 282 379 924 4 620 467 408 716 916 752 29 721 337 257 873 419 428 189 145 151 449 364 822 860 228 879 694 982 976 926 95 815 30 644 742 717 981 780 216 242 298 41 810 622 891 130 630 612 664 818 193 227 8 177 236 171 764 364 220 487 795 276 182 295 645 267 925 587 172 597 560 116 178 697 406 571 325 494 116 705 544 882 387 183 1 398 497 783 753 998 339 863 485 447 864 121 582 514 27 661 685 594 251 336 608 192 444 840 65 85 641 61 86 857 85 36 735 423 193 760 292 8 349 491 395 37 383 780 21 975 9 683 668 789 532 234 50 17 63 468 667 495 462 37 749 853 914 155 588 703 557 868 971 975 400 835 165 429 749 259 845 329 134 76 771 1000 594 138 602 857 267 983 691 226 284 886 723 417 960 362 653 549 349 397 967 609 42 444 822 842 606 898 683 960 822 829 396 63 58 874 175 437 913 807 714 635 986 868 475 41 146 71 938 551 573 584 875 282 556 307 619 676 915 11 233 160 115 893 317 559 319 784 930 285 6 601 803 525 99 314 353 157 172 251 911 461 434 464 308 191 870 858 899 512 860 517 141 749 781 139 237 630 224 938 659 
721 779 500 458 275 604 355 577 67 606 303 779 914 758 367 318 346 335 132 895 747 331 971 461 750 937 808 599 101 592 528 569 814 270 774 275 725 255 244 990 152 107 611 658 763 96 925 233 240 600 539 358 887 400 548 151 609 342 234 73 581 492 623 33 472 544 591 36 369 853 6 941 8 648 526 384 588 546 258 125 761 208 890 963 388 492 756 751 61 118 348 94 430 403 116 514 49 591 262 610 991 316 138 462 789 299 51 411 280 352 925 779 533 418 135 809 453 863 999 971 329 797 420 518 384 39 684 850 378 674 438 622 304 90 373 336 924 289 807 252 971 11 827 659 656 741 171 623 767 500 273 496 737 587 387 385 550 917 871 728 862 371 393 569 253 658 777 458 248 268 257 377 755 170 789 784 733 239 480 321 304 248 94 959 167 326 21 712 927 448 323 465 727 612 216 161 386 111 634 590 774 997 109 863 870 889 977 623 918 1 778 997 172 197 839 717 669 949 109 961 363 908 970 391 673 844 883 875 122 443 768 194 956 10 731 771 595 624 616 42 8 837 38 856 461 218 164 644 834 327 402 140 31 238 482 705 667 699 753 88 523 419 978 913 431 729 321 440 126 108 126 466 723 248 895 418 794 660 479 47 586 926 262 111 702 457 270 357 562 140 253 714 963 82 92 279 66 868 923 4 330 17 92 605 615 566 46 97 679 267 720 199 988 449 253 677 89 142 240 9 200 569 140 618 572 196 930 848 73 722 219 142 80 982 396 389 606 773 27 851 70 81 190 20 979 679 455 833 882 799 610 425 521 399 700 244 249 827 111 648 684 343 40 967 104 892 341 705 811 114 576 620 44 161 148 773 952 259 345 94 973 957 615 327 600 608 121 834 54 903 137 311 737 901 241 8 446 1000 587 99 763 719 207 935 493 113 716 138 743 530 353 517 824 831 585 595 549 182 57 856 272 553 294 411 450 848 270 481 90 253 451 831 270 92 814 942 761 979 583 84 613 793 674 736 731 2 896 840 936 677 523 897 502 626 200 226 111 139 325 225 346 396 821 242 130 993 797 283 381 248 957 198 738 300 732 982 597 681 181 161 189 57 964 572 25 524 551 415 811 492 95 336 815 427 906 522 339 707 118 788 
769 478 303 571 523 842 241 606 837 826 391 193 508 215 204 511 789 380 239 560 998 24 20 358 27 581 162 136 538 653 671 492 913 138 828 456 342 915 140 730 766 489 455 626 714 864 974 929 935 541 62 357 363 590 961 157 6 375 580 121 972 945 527 53 119 847 934 446 216 372 129 105 533 88 304 274 817 576 965 165 986 785 275 263 267 158 395 877 706 368 331 887 597 326 343 419 335 457 175 812 355 564 671 726 198 179 207 292 382 116 155 902 558 417 993 246 262 156 523 612 37 272 930 804 124 973 333 46 45 350 985 325 685 230 662 165 842 787 716 168 354 497 331 213 636 705 925 476 829 850 498 965 75 182 957 112 228 164 751 628 42 99 725 801 847 222 98 274 658 732 283 898 572 947 873 638 70 176 131 944 739 69 31 758 197 242 480 512 628 790 778 393 238 423 725 69 342 349 131 246 205 97 892 401 571 817 897 170 483 61 310 113 498 85 960 612 777 68 193 800 59 565 888 86 127 737 836 676 823 656 835 377 401 41 397 458 277 120 595 749 806 991 404 524 505 506 851 451 712 949 447 836 738 332 910 118 973 23 276 742 378 39 475 404 633 697 829 301 672 601 55 175 416 534 408 98 514 858 291 37 791 257 564 540 459 200 837 126 983 535 246 757 636 171 650 596 934 396 435 948 790 922 500 195 524 336 658 0 412 848 659 574 820 19 703 142 159 939 354 332 71 311 859 82 479 822 378 242 538 178 407 363 86 214 8 191 828 695 514 460 148 207 386 554 916 898 913 460 518 252 529 378 885 124 870 410 859 264 115 641 90 668 112 488 675 70 521 675 919 211 213 913 750 843 240 274 146 770 963 720 604 797 705 900 211 346 5 201 503 553 369 412 829 966 806 293 869 403 242 928 918 824 955 925 800 976 92 999 474 94 815 216 855 858 493 406 638 77 171 134 114 280 672 484 622 627 428 331 109 721 233 593 928 321 659 238 261 280 656 815 805 859 319 312 589 450 103 164 401 453 374 35 445 797 863 523 894 340 673 134 591 91 813 847 856 238 506 79 799 575 719 259 448 369 14 590 420 88 475 60 701 760 723 739 557 995 158 103 149 1 23 570 987 273 413 491 100 276 984 416 
180 218 700 519 914 112 807 736 25 99 86 698 785 746 472 922 997 936 921 150 59 750 896 171 754 710 555 74 97 554 694 12 437 53 848 53 302 488 690 754 718 762 133 388 282 623 695 149 677 432 821 833 435 275 939 723 12 739 448 484 909 969 951 399 299 937 404 595 988 127 312 289 204 278 467 595 786 708 637 26 258 606 97 16 14 34 231 328 806 939 803 746 122 12 313 336 883 842 913 658 408 842 241 518 477 842 205 988 474 264 670 102 826 864 299 633 133 540 636 404 436 518 504 114 753 874 112 525 14 600 214 686 450 358 451 909 987 969 792 688 264 203 652 287 331 648 849 831 103 11 352 465 215 947 368 655 186 498 303 113 216 15 482 826 580 68 504 178 526 353 657 167 350 502 538 923 536 534 105 36 187 965 346 287 456 828 502 490 420 405 848 992 899 999 225 617 401 517 611 362 746 349 705 188 512 754 933 833 735 431 190 478 397 976 992 339 129 553 642 330 216 31 777 933 632 484 752 631 965 259 400 207 230 855 613 623 357 81 405 669 122 541 487 581 381 94 717 232 994 161 507 28 119 641 904 214 229 558 947 221 295 232 65 549 621 966 872 989 83 927 644 409 157 943 525 232 494 951 145 371 190 200 14 977 419 226 918 709 496 532 940 228 367 621 13 787 334 878 941 574 937 168 685 508 935 503 855 707 652 882 144 801 839 943 492 587 463 787 193 702 744 163 461 591 979 691 187 294 705 794 273 387 971 458 295 102 475 407 639 660 72 854 909 423 119 43 959 876 106 900 441 408 672 773 745 550 963 547 31 450 739 332 710 308 241 840 291 85 743 85 6 24 239 790 399 861 872 751 154 330 297 771 12 637 717 114 911 281 751 107 687 333 45 150 331 702 511 258 519 534 74 106 327 684 468 582 879 856 942 510 239 666 779 199 194 784 762 815 296 448 947 229 228 249 740 18 317 969 208 851 105 985 863 933 611 57 736 581 343 5 596 925 523 837 235 825 789 535 632 194 148 193 673 376 924 93 208 138 874 424 156 623 788 827 290 365 928 452 107 362 517 281 363 162 960 91 285 964 857 707 152 765 856 459 27 5 420 107 1 485 141 245 738 794 565 574 102 910 842 998 
388 877 200 89 820 820 787 465 757 987 519 275 193 519 262 94 499 666 512 932 226 43 893 716 161 571 22 673 218 802 441 409 971 122 799 175 805 471 286 774 319 638 925 150 996 899 286 851 293 466 605 715 529 810 931 81 867 43 306 497 801 158 368 476 757 506 476 321 120 567 321 81 345 112 262 117 788 506 568 400 112 653 731 254 179 893 58 270 282 127 880 384 532 819 917 726 551 742 364 983 272 449 337 692 730 257 979 236 578 334 402 569 205 560 559 280 641 853 732 543 802 639 991 208 497 786 175 175 145 490 769 207 57 748 561 508 198 484 631 438 498 624 761 780 231 473 672 303 726 91 234 813 527 486 953 541 542 545 265 246 285 390 4 191 999 41 864 891 966 67 605 491 457 565 754 748 634 86 860 381 925 573 929 289 894 924 862 556 968 871 46 965 498 214 205 445 100 713 720 540 687 545 191 642 166 679 926 984 302 180 150 935 308 382 668 367 170 718 477 508 536 705 379 978 896 161 881 300 45 590 841 388 770 665 39 640 854 254 825 267 331 503 178 920 97 982 0 630 751 30 449 50 472 658 221 508 918 906 338 273 634 921 984 580 312 509 834 782 703 89 559 109 519 507 715 103 466 943 245 107 153 771 889 683 38 229 91 193 364 52 865 636 509 272 615 76 41 859 906 501 910 549 225 325 550 922 756 823 35 1 601 864 61 576 945 315 836 157 947 836 957 996 598 730 239 106 392 970 450 690 84 857 913 392 251 938 854 460 573 856 840 528 887 501 629 287 990 377 835 631 356 149 833 578 608 24 822 563 849 165 635 636 241 473 92 985 59 565 783 173 222 711 866 679 363 105 573 593 852 211 589 311 919 232 289 354 93 788 451 848 877 90 138 826 150 652 126 12 44 421 917 531 681 825 219 613 489 967 235 411 864 367 827 265 662 346 47 611 519 319 329 445 153 563 183 982 21 756 315 710 485 175 934 637 619 60 714 583 966 962 225 454 972 3 987 126 604 396 434 90 209 729 881 850 934 216 165 376 989 621 301 597 167 885 451 670 955 691 800 715 497 587 559 94 180 704 33 396 96 971 789 293 589 842 726 673 846 537 363 474 351 162 25 324 558 577 436 895 208 554 
782 385 876 36 867 374 391 577 111 326 907 42 529 748 469 705 763 735 847 529 425 463 930 703 858 965 160 247 184 469 194 824 639 101 539 314 401 237 695 39 743 316 474 341 352 415 514 188 575 357 672 22 845 117 335 721 603 416 941 12 62 741 866 96 800 42 295 654 109 243 275 665 254 1 39 801 220 366 49 373 290 53 539 361 34 311 416 851 123 859 566 889 423 610 237 754 964 701 25 879 77 724 190 135 165 413 139 603 490 902 570 127 262 337 756 810 392 941 365 948 651 747 271 881 407 458 263 870 641 925 810 218 443 878 464 65 943 118 192 533 818 172 352 741 291 444 24 395 896 753 424 347 632 132 798 912 854 205 37 522 905 478 673 449 377 393 399 204 439 934 146 539 601 170 825 851 812 432 634 773 59 169 205 249 774 307 66 387 782 785 665 795 147 140 711 501 283 286 439 418 547 983 862 727 755 936 454 48 355 456 927 258 474 416 278 39 329 551 477 891 796 42 435 150 664 920 195 893 550 704 582 911 516 679 410 648 425 477 126 956 556 295 649 831 387 665 115 973 294 542 594 382 45 835 343 622 658 111 417 168 647 670 879 819 752 543 241 845 242 431 355 325 336 268 314 318 948 491 32 12 328 604 772 442 111 301 486 860 646 329 289 603 917 169 707 96 65 806 247 49 635 424 409 655 894 512 480 447 458 409 858 974 745 161 399 131 608 625 70 925 285 459 372 264 345 351 967 680 5 303 360 606 918 623 142 980 971 683 433 982 987 135 795 956 267 508 583 381 338 835 922 342 756 823 551 710 456 48 356 886 234 261 620 497 408 46 105 74 55 37 143 682 927 931 149 472 790 686 416 271 66 970 871 204 709 52 884 384 815 316 630 849 882 160 793 378 482 692 580 516 284 976 701 964 8 229 333 593 507 827 645 481 235 121 828 167 764 18 700 377 171 566 880 1 176 28 988 787 57 535 89 148 943 529 310 943 68 229 397 232 170 324 769 2 411 815 215 449 197 758 357 359 952 6 434 4 199 90 936 589 805 101 748 234 495 934 241 440 757 773 621 883 213 179 414 257 922 731 996 675 795 369 174 622 323 713 881 288 668 203 171 423 27 574 34 84 348 509 35 679 
189 234 170 557 811 396 797 999 26 179 587 985 696 287 853 870 671 83 528 964 132 621 685 333 217 146 739 604 548 484 718 93 827 336 371 59 122 54 752 637 446 642 273 322 385 958 784 957 607 234 111 459 240 238 106 600 269 910 31 890 995 121 73 880 116 847 198 426 149 910 154 963 964 330 684 872 807 764 302 407 686 93 880 933 520 228 162 1000 297 922 876 100 76 963 511 493 282 865 621 698 458 816 916 38 837 982 8 760 760 520 710 133 794 215 146 307 626 249 202 723 35 150 537 174 996 657 542 738 20 675 172 995 415 786 414 612 844 359 135 988 824 407 982 766 50 183 314 737 61 232 418 403 284 433 91 868 882 140 4 101 531 199 19 703 462 981 578 64 941 978 172 679 686 186 238 741 433 679 768 38 539 444 395 405 933 855 910 13 259 60 350 695 472 670 927 220 411 609 906 206 151 243 348 549 654 263 74 920 586 596 793 667 66 179 231 273 219 888 888 506 205 336 93 534 285 829 152 329 385 696 434 540 408 756 241 895 802 428 268 177 235 185 985 867 368 754 907 715 2 247 396 131 192 904 362 119 701 756 962 178 952 772 489 856 596 667 261 46 813 120 291 238 672 165 567 762 72 371 201 344 60 205 305 182 85 934 929 887 422 451 699 12 189 180 613 76 278 871 758 275 267 551 867 700 956 935 163 557 364 584 601 797 987 955 12 447 173 471 973 178 743 350 869 392 107 689 602 928 441 310 743 374 66 516 161 65 983 869 371 285 682 766 97 755 777 90 392 802 311 696 894 451 917 32 53 932 732 797 750 560 28 789 778 726 723 902 789 898 753 157 111 203 435 836 3 651 281 626 225 875 999 375 826 273 338 8 41 239 697 829 133 676 186 788 784 134 52 252 944 743 679 783 225 521 942 850 783 684 373 7 79 272 720 239 344 408 932 318 955 675 940 425 148 564 995 989 909 524 2 596 998 900 820 228 87 260 673 323 411 625 915 369 537 616 309 304 104 593 700 448 74 625 188 441 652 400 226 149 544 559 31 867 511 836 595 952 371 484 423 642 160 224 425 269 103 9 141 627 903 439 539 874 329 520 684 546 154 609 320 73 554 509 719 140 440 710 979 159 353 418 
373 174 914 944 134 730 175 233 418 327 275 661 799 815 218 94 545 799 227 303 889 856 975 545 241 775 130 195 737 584 786 524 427 470 339 499 809 885 839 132 499 426 423 848 497 931 379 738 697 939 63 70 412 48 949 520 403 362 861 28 347 819 208 168 236 919 169 471 780 12 246 221 148 128 9 173 477 302 827 464 585 637 843 656 910 314 545 273 491 962 626 841 508 696 725 586 180 981 675 663 110 996 468 107 46 956 369 423 708 339 310 224 303 293 138 131 487 39 254 351 62 989 142 36 506 325 847 215 157 151 642 689 773 225 336 867 690 751 724 66 444 530 137 886 851 900 138 338 694 357 933 869 288 793 419 850 659 229 986 2 719 936 283 843 964 154 720 429 58 666 190 834 127 501 764 387 743 588 724 306 804 695 452 826 916 69 344 426 498 148 308 238 540 213 812 654 418 256 30 176 621 36 980 817 727 356 628 548 964 311 144 856 244 690 664 491 259 159 668 28 299 652 36 897 535 930 171 406 479 134 681 281 246 152 215 162 871 958 615 685 197 888 7 141 255 571 444 611 74 189 690 757 568 12 59 416 58 162 188 838 978 322 452 910 170 906 964 636 188 409 501 737 902 662 12 574 32 376 802 118 550 326 9 652 814 725 430 863 508 286 502 465 627 487 162 363 897 261 416 500 162 469 333 448 498 589 643 486 199 470 361 603 719 512 441 134 422 124 109 362 636 798 976 60 168 895 829 497 615 608 375 965 552 918 172 841 982 838 725 767 596 618 674 686 26 169 695 284 514 525 284 433 217 325 833 212 916 881 68 685 914 363 518 969 983 883 572 209 217 578 56 236 708 230 582 983 588 895 690 877 656 617 675 797 654 685 737 456 855 56 490 548 355 70 36 623 687 964 778 154 52 581 925 329 768 538 309 479 868 307 645 540 40 82 910 828 90 112 775 156 239 50 889 862 248 695 313 678 321 567 365 359 868 238 249 675 569 686 199 42 740 137 326 14 631 167 592 244 220 635 140 366 383 888 346 418 432 907 780 479 555 64 467 161 305 204 952 526 405 399 194 219 346 391 878 938 235 150 655 416 681 91 664 335 936 421 298 620 632 879 134 338 495 539 773 360 582 54 832 31 
501 473 765 562 531 997 680 572 181 107 949 428 667 533 418 726 777 114 777 615 609 40 240 494 732 331 922 491 808 402 586 227 152 950 542 182 501 952 81 243 53 324 669 936 270 346 882 908 355 529 59 658 975 243 579 53 398 282 207 748 145 466 982 461 800 716 121 793 39 784 548 391 170 505 498 288 638 285 924 228 480 242 931 739 809 42 503 629 96 489 377 584 212 147 286 665 487 408 378 169 336 504 88 765 569 466 370 730 146 721 918 522 377 612 79 450 685 384 846 786 216 563 75 256 773 573 478 308 552 812 57 396 998 333 372 941 73 721 632 701 806 201 9 510 174 224 222 670 654 235 914 259 847 937 454 349 580 882 682 114 652 984 292 850 162 6 496 947 623 687 566 192 23 544 301 129 521 347 736 686 790 902 685 89 81 232 174 757 795 235 220 100 374 663 485 239 550 612 89 167 232 910 996 433 233 187 290 369 411 977 469 591 46 851 206 656 650 801 658 11 287 311 712 782 255 368 566 931 208 411 346 715 176 387 651 420 698 793 984 342 486 529 37 471 131 825 526 860 208 135 14 963 795 218 161 708 223 464 383 10 611 402 835 438 502 254 372 278 289 626 386 930 505 547 737 969 904 330 989 922 344 258 768 462 104 900 668 596 401 688 879 887 257 748 522 730 403 737 109 102 87 153 110 735 101 18 371 558 211 22 551 560 327 873 138 309 952 591 433 602 930 197 617 444 764 383 801 193 65 494 360 353 251 726 871 347 761 194 261 634 744 331 988 643 291 115 441 958 729 58 58 892 808 744 394 545 343 523 888 419 737 469 630 168 528 736 58 927 77 595 565 134 631 52 197 719 386 251 309 11 232 392 180 444 5 135 694 584 474 97 489 527 382 495 275 161 445 978 109 812 366 61 588 367 983 682 365 733 360 857 303 978 246 12 25 787 981 43 225 251 573 345 944 822 625 753 135 198 286 266 470 716 160 666 156 216 614 883 841 115 179 163 964 199 655 946 548 194 939 887 944 440 549 960 809 290 160 34 413 462 808 721 330 831 998 598 566 12 261 163 370 772 825 650 459 145 215 280 906 138 115 819 314 703 460 283 545 968 738 216 1000 207 286 470 825 514 772 130 914 762 
369 847 871 397 729 982 229 381 292 891 482 600 467 37 250 86 791 46 698 307 353 81 729 931 525 216 177 647 612 578 16 90 308 896 334 566 186 542 58 121 708 773 976 177 819 827 906 972 422 913 973 11 145 427 215 889 694 600 835 54 738 387 671 345 501 803 97 521 441 67 585 566 426 660 820 129 341 911 224 373 610 189 218 914 238 676 221 840 838 668 950 975 166 584 419 654 434 72 440 800 585 273 36 789 219 859 455 942 903 504 447 77 889 604 234 913 977 202 880 281 858 761 874 465 66 76 788 678 931 987 173 396 109 675 694 604 700 621 182 691 512 434 161 586 453 365 354 950 658 711 197 644 354 195 415 164 565 407 150 751 470 973 310 524 175 37 56 629 915 297 982 695 623 615 410 276 815 492 396 661 839 711 558 862 311 678 766 152 276 768 850 871 424 113 675 275 488 899 202 663 605 852 98 60 1000 194 668 47 506 139 825 632 940 143 729 818 551 541 126 936 24 394 511 842 866 240 677 688 1 115 790 907 41 280 172 622 0 945 886 859 142 313 447 727 570 354 59 960 118 445 31 742 664 925 646 802 65 584 658 337 465 698 663 107 930 219 41 542 123 997 841 416 586 187 881 940 378 673 474 78 919 769 646 341 155 653 359 245 3 807 619 545 337 342 234 918 745 289 976 245 809 456 930 44 668 899 942 9 2 985 269 795 77 520 42 229 627 380 400 320 93 396 814 908 260 152 669 692 709 241 886 870 753 905 674 221 435 651 458 576 195 103 782 24 876 214 264 819 74 776 701 885 956 763 208 457 626 896 295 930 576 811 562 185 476 481 81 958 616 550 73 383 390 537 739 443 556 8 55 458 988 108 58 2 358 595 609 317 716 412 223 772 548 425 325 393 706 383 844 962 676 594 707 432 114 965 559 944 689 511 673 173 336 631 197 227 228 89 717 145 141 135 849 597 37 605 233 966 163 206 952 968 912 538 896 412 979 408 667 397 249 596 806 27 297 660 901 164 588 12 173 265 421 725 571 866 746 571 966 186 99 207 155 669 79 467 965 100 245 962 684 750 698 168 918 444 193 437 414 378 81 953 144 654 540 418 572 859 298 901 897 953 253 605 615 720 375 388 252 992 
145 909 16 234 90 214 841 81 560 228 812 174 931 298 760 284 152 429 695 708 990 771 184 757 475 753 361 505 37 287 422 426 742 47 471 744 316 607 459 600 88 559 637 705 169 648 937 176 311 282 676 281 800 49 339 850 32 157 401 873 157 119 971 222 224 43 65 667 226 412 328 750 295 734 19 44 442 909 791 183 469 602 971 640 409 488 826 400 512 488 334 584 140 796 675 301 989 683 425 964 999 211 864 265 273 592 833 249 718 420 991 84 664 907 449 507 812 255 348 539 548 938 329 352 579 643 214 779 63 87 45 478 526 726 871 459 755 815 150 812 638 923 852 469 528 835 725 115 594 908 190 345 522 970 735 930 15 482 787 134 162 851 231 238 845 772 874 431 171 833 62 235 159 873 566 515 855 693 223 753 887 281 892 955 938 424 262 560 365 92 742 332 275 838 584 960 539 241 928 856 257 477 789 266 619 774 188 617 725 957 178 388 527 481 87 399 290 828 644 217 355 341 664 527 783 632 266 203 587 464 381 579 741 544 652 979 661 896 383 225 855 453 976 486 610 188 913 151 538 628 258 341 648 777 759 901 909 121 66 164 337 313 487 66 142 344 660 655 174 457 928 487 455 883 995 365 310 969 795 497 988 840 67 429 107 441 599 997 714 535 948 470 785 246 26 519 516 891 174 584 935 979 111 209 496 11 454 702 727 547 261 47 320 995 941 714 475 968 67 438 279 198 221 170 591 228 565 207 613 796 77 410 892 279 168 550 79 831 467 866 722 289 941 293 701 613 215 208 848 981 591 783 35 398 357 73 868 815 441 66 21 446 184 371 355 740 192 42 788 291 909 633 689 379 376 788 785 193 167 655 709 982 704 269 99 384 927 121 148 574 853 549 661 669 958 662 959 946 265 482 839 288 377 279 796 110 51 59 999 379 872 474 394 335 966 940 527 606 309 278 122 771 687 121 578 636 988 628 919 201 789 34 732 310 343 202 447 437 436 909 618 659 408 4 742 914 527 183 846 879 129 661 552 733 816 755 19 709 233 727 709 350 134 397 680 551 645 448 603 831 975 566 725 221 578 202 195 458 128 713 193 865 339 204 503 178 343 625 956 7 111 229 342 375 874 33 636 510 632 780 
353 301 85 920 643 882 61 128 408 651 267 118 652 857 920 555 98 569 461 610 846 656 674 393 498 982 960 334 677 437 524 665 11 803 612 162 915 521 628 654 475 683 467 74 957 917 81 683 741 378 443 894 476 55 835 958 17 904 176 730 896 952 252 192 865 794 119 107 636 9 523 246 189 79 502 134 493 745 227 633 824 243 320 190 38 561 833 6 139 512 142 59 56 328 205 440 21 687 154 393 653 942 510 706 863 0 675 303 65 455 183 976 793 185 591 392 210 497 553 866 447 330 87 880 466 356 67 643 331 161 298 233 782 412 281 508 667 52 839 251 50 907 293 880 853 473 575 655 721 70 105 181 676 482 901 517 716 271 176 646 435 499 251 214 221 426 345 424 525 286 892 622 390 92 129 128 904 828 638 117 179 665 765 109 592 323 783 648 588 821 887 458 401 48 102 124 770 462 345 476 994 343 991 514 4 389 168 880 122 880 744 398 43 168 16 280 776 262 797 881 725 900 43 600 54 45 491 555 258 461 589 431 474 137 574 837 106 464 678 811 464 425 639 550 607 632 467 69 882 836 16 243 365 573 141 202 550 80 30 427 348 544 811 889 509 359 276 685 227 333 902 309 669 48 492 452 934 854 850 92 21 989 934 212 864 33 829 839 391 874 781 459 433 844 386 320 778 852 66 648 885 496 110 306 916 151 360 22 689 454 743 865 742 936 176 816 363 15 707 629 9 421 354 400 35 551 525 582 472 188 902 251 958 461 430 260 973 77 977 570 746 887 406 705 927 708 148 752 272 816 413 673 945 885 422 54 819 752 481 207 362 126 518 193 538 914 187 716 185 629 705 399 875 881 592 318 815 57 747 839 970 144 964 611 440 114 598 787 798 30 604 768 623 517 127 449 890 526 659 803 255 208 471 335 854 111 535 946 393 240 157 776 41 36 301 613 696 216 870 776 321 975 424 941 200 834 130 950 472 421 359 185 895 883 324 869 472 498 240 57 195 74 777 649 161 869 159 551 977 827 388 558 261 762 803 969 310 454 508 443 465 163 930 236 485 631 974 671 161 102 553 414 169 714 205 27 789 753 380 39 341 488 525 332 42 64 404 255 160 284 788 494 928 52 456 475 64 539 897 484 
524 605 45 523 768 264 970 638 86 151 940 154 942 551 770 807 239 376 459 180 370 209 311 823 677 379 745 973 516 133 337 140 505 528 136 52 985 43 835 230 820 492 740 219 473 914 438 785 791 858 467 544 818 662 239 496 277 904 291 928 731 6 59 898 508 806 191 0 650 438 204 477 356 468 163 602 212 873 256 167 435 831 360 1000 564 381 449 783 924 705 939 8 527 924 909 436 547 886 271 652 674 469 18 84 253 293 798 152 180 950 398 890 404 265 282 991 711 49 371 422 410 162 572 896 754 298 219 222 609 729 373 488 185 501 899 463 615 798 281 673 163 361 964 765 612 224 697 305 965 155 893 274 316 72 777 120 620 565 465 574 924 666 431 260 356 178 18 859 205 702 101 478 516 39 167 580 434 659 401 535 377 388 546 283 97 686 537 744 50 826 147 107 742 482 536 826 780 880 169 628 294 289 151 248 820 87 367 434 90 971 732 594 692 835 864 176 565 77 370 253 365 493 231 458 163 44 960 531 355 607 773 198 801 739 635 949 5 162 984 292 358 111 718 59 199 929 30 854 387 133 282 891 191 462 233 777 569 911 979 838 936 19 97 910 89 915 52 150 4 191 727 391 386 961 384 301 581 184 105 849 673 748 748 526 108 281 671 171 32 622 498 177 630 66 281 628 352 720 315 428 405 225 224 186 749 501 996 208 180 999 379 494 833 448 136 344 180 917 269 577 30 367 288 598 197 619 22 795 710 10 57 850 854 925 911 555 773 1 957 392 740 568 319 998 645 611 164 604 236 578 833 775 76 161 771 878 237 246 250 223 171 941 531 945 594 940 858 44 543 222 895 99 775 568 464 542 29 365 755 960 406 655 517 752 259 148 686 481 979 569 714 415 483 554 404 77 453 933 615 94 530 725 852 429 663 467 197 811 367 216 253 355 140 877 505 556 269 969 228 403 435 48 452 711 553 846 192 31 262 890 605 493 915 142 831 416 965 977 290 130 605 941 291 941 721 319 557 285 287 805 484 740 175 130 723 198 163 871 49 473 578 783 17 883 349 716 218 44 726 199 419 20 528 651 902 573 889 488 889 495 556 362 425 558 430 61 139 587 439 238 961 860 516 926 311 190 905 992 767 862 
307 631 575 401 428 628 930 484 671 542 146 295 919 110 351 298 62 16 360 595 733 936 647 163 73 198 495 658 168 534 615 872 511 982 120 930 619 930 881 441 638 712 197 751 551 952 817 630 913 338 294 925 124 545 843 116 77 52 89 390 144 248 653 533 936 602 87 835 345 742 418 890 186 742 632 272 826 360 438 136 373 406 898 703 485 564 446 768 660 2 105 319 344 988 447 324 937 971 921 264 347 603 393 154 307 483 354 994 160 347 983 197 311 659 560 237 350 379 813 882 400 135 809 444 359 837 959 862 149 34 527 825 758 15 787 184 274 222 567 220 123 2 688 216 16 936 921 935 186 774 49 527 224 508 660 981 722 291 360 567 864 121 608 299 158 894 434 437 768 357 859 44 849 914 557 890 715 269 857 461 962 316 753 79 414 670 361 323 5 820 47 686 829 72 426 17 828 170 571 654 198 121 684 355 513 411 136 598 173 460 102 569 813 557 579 385 560 42 114 855 552 197 936 513 294 955 712 608 119 184 908 771 877 227 426 783 874 537 808 7 483 694 887 785 932 6 950 448 918 894 747 203 384 445 385 531 333 874 721 236 40 391 645 409 854 72 415 770 354 301 336 613 520 321 46 575 278 146 89 252 170 548 61 886 265 820 823 565 518 8 945 785 234 662 407 526 779 40 71 912 109 193 857 680 891 296 990 40 672 386 554 820 843 434 30 238 311 753 558 752 818 372 467 413 59 2 958 369 282 499 619 561 459 50 501 333 73 629 224 484 921 674 574 633 436 527 382 7 865 533 854 845 737 783 203 973 535 915 903 779 817 123 814 341 200 958 503 925 101 978 433 602 64 124 634 430 594 408 112 944 639 297 534 316 786 497 242 125 427 894 995 317 103 683 427 829 666 281 925 137 534 714 114 472 400 149 697 215 103 397 272 986 309 104 745 505 800 105 422 248 813 481 325 311 696 776 788 488 27 976 670 745 105 947 902 540 923 252 493 411 524 563 608 802 954 701 505 447 628 39 115 399 38 352 928 955 53 792 600 560 899 557 843 537 863 701 858 360 822 0 988 29 718 220 334 336 488 522 658 604 128 960 111 984 161 192 724 439 584 413 444 204 970 637 592 259 351 626 65 843 
995 429 395 94 841 498 932 483 146 61 279 46 425 311 298 469 596 243 750 357 241 484 756 118 272 842 956 308 869 432 880 138 198 809 58 413 870 589 399 35 631 725 579 267 319 412 670 439 20 340 495 723 713 958 436 545 971 469 705 347 706 770 522 627 39 958 238 998 924 460 497 607 349 394 371 358 315 581 438 693 100 390 406 769 144 477 786 445 273 562 762 40 222 794 601 709 861 941 507 472 677 478 836 284 199 301 330 995 918 933 620 895 881 551 10 462 215 784 564 174 839 961 210 975 311 437 851 145 460 378 688 952 9 920 284 293 614 858 340 579 616 144 75 971 376 770 217 717 747 51 281 7 204 68 723 30 993 478 903 920 961 810 641 854 322 275 551 830 998 490 115 717 114 410 637 922 884 304 744 91 564 936 682 960 518 570 885 198 230 324 987 796 564 863 502 140 93 598 651 655 91 83 19 107 695 413 488 220 79 749 908 606 543 309 58 815 741 656 682 492 870 64 979 315 161 970 93 676 976 80 657 511 425 74 660 710 472 627 845 939 150 619 789 970 972 65 767 186 758 187 166 990 278 434 547 200 224 601 71 345 92 891 108 466 132 333 465 927 4 704 240 996 663 586 848 120 497 611 681 187 462 220 996 872 146 898 715 874 935 539 733 98 370 941 285 324 560 876 917 150 105 18 299 921 300 20 872 16 531 472 410 238 453 154 485 338 830 961 474 876 414 811 359 183 170 407 346 807 850 627 182 41 901 992 811 323 856 247 743 784 847 286 7 660 469 989 855 359 247 338 420 974 801 105 597 647 372 397 588 330 877 865 846 772 105 168 266 747 727 514 836 496 60 477 522 432 278 357 546 741 418 194 598 324 462 718 141 257 950 197 348 278 848 918 592 329 482 37 274 742 419 815 928 793 374 694 52 25 988 561 14 381 317 944 758 511 202 830 800 996 218 923 743 551 9 111 514 217 177 785 477 937 399 955 947 658 442 859 204 117 150 852 224 346 223 852 353 925 434 887 984 980 506 168 278 914 71 261 322 185 121 678 637 440 484 112 182 134 966 999 213 692 521 136 781 313 122 255 625 534 386 684 963 333 905 176 695 663 63 468 994 930 654 383 509 65 778 321 466 116 
664 316 298 669 462 845 669 897 742 241 663 859 442 126 513 288 897 543 624 775 296 571 276 714 28 293 11 584 171 334 967 965 550 949 610 674 336 974 859 359 538 584 465 235 709 212 739 635 642 502 550 106 698 766 629 698 998 622 464 150 963 153 551 930 195 146 987 424 557 356 470 33 293 850 816 575 313 725 909 808 957 773 281 892 638 779 564 795 162 738 548 257 137 872 157 111 872 451 274 260 575 654 393 951 998 2 637 242 321 209 589 162 465 438 804 132 469 83 680 800 204 417 772 203 569 1000 164 983 582 174 385 389 695 161 625 275 412 940 572 250 353 51 460 690 589 237 282 94 28 390 727 998 239 426 92 63 39 484 356 602 59 176 430 33 284 87 134 390 21 424 259 47 338 640 379 620 172 825 295 911 683 407 74 922 946 696 471 754 66 165 750 934 659 347 976 130 952 398 769 981 909 313 262 936 377 677 457 175 351 843 345 924 554 755 499 683 564 113 876 808 306 949 0 913 618 863 216 261 316 40 73 315 717 813 587 582 105 254 589 589 676 520 811 42 83 515 714 207 135 436 612 221 240 29 901 283 93 783 618 441 266 951 784 752 273 250 882 883 675 798 769 21 334 255 996 680 346 390 407 355 779 226 312 178 473 795 367 773 535 187 15 805 194 977 454 1 605 625 665 368 876 52 404 765 591 46 52 970 314 895 446 111 658 41 483 677 814 539 1 705 64 922 572 604 430 688 394 665 15 393 309 198 754 707 180 879 591 514 834 234 73 967 172 638 991 750 336 699 741 392 229 307 690 931 983 369 86 411 143 677 481 328 818 684 354 938 919 28 918 64 230 267 347 544 480 688 571 458 737 675 500 557 207 388 235 429 211 873 815 832 395 689 472 359 658 482 179 924 752 283 105 42 730 516 998 977 332 61 313 756 194 667 855 869 641 583 712 222 0 270 569 129 773 322 793 77 605 412 950 541 216 319 387 851 246 634 241 78 659 421 206 740 272 429 371 169 71 303 549 517 802 965 398 265 313 118 585 276 689 351 38 613 925 868 811 720 468 392 217 941 916 190 149 753 775 445 12 73 227 380 766 934 853 339 344 113 913 469 391 184 207 645 128 550 167 19 331 159 228 135 
377 557 543 663 917 132 943 72 697 854 335 355 539 448 92 537 307 765 223 15 862 562 857 387 215 406 19 632 199 574 813 245 326 9 13 53 845 570 246 779 575 520 844 473 622 747 143 294 368 678 757 556 479 923 358 254 225 425 835 332 242 91 288 403 893 441 810 549 538 498 497 369 859 68 241 438 567 432 556 399 700 108 633 508 42 762 699 594 407 29 953 350 722 84 212 808 322 726 734 133 44 645 933 439 66 363 527 593 123 190 945 332 926 691 40 902 81 35 96 967 351 295 56 729 403 538 962 217 823 387 57 835 923 54 865 799 333 410 374 181 560 167 675 299 799 76 938 364 962 684 839 935 327 874 462 360 561 468 312 291 885 383 526 724 191 871 463 241 123 847 866 160 890 759 385 825 841 450 700 405 507 833 110 967 822 234 184 115 738 943 156 52 212 931 684 487 502 373 941 225 17 979 764 720 503 747 652 352 520 293 238 872 808 391 968 827 997 226 650 543 168 776 643 946 913 798 413 924 485 384 937 539 303 380 187 206 835 102 736 370 158 753 501 724 554 728 665 45 777 550 974 821 446 511 759 598 530 739 13 911 30 823 74 205 336 557 66 696 461 749 950 879 897 415 613 506 761 521 147 636 957 550 403 868 378 213 107 493 404 610 35 498 873 911 974 769 723 114 248 911 825 440 143 651 625 419 767 782 909 403 233 12 60 891 27 274 869 439 269 641 828 139 459 796 424 443 165 240 289 813 324 263 522 78 425 482 988 937 132 376 535 401 733 495 294 511 655 740 359 691 276 361 436 592 341 223 205 881 23 286 684 844 645 519 337 369 756 73 550 899 289 224 799 880 261 439 325 349 578 181 401 22 146 644 283 863 403 814 674 656 277 65 366 624 793 562 290 259 89 910 750 393 764 170 651 972 698 856 613 3 398 656 337 938 390 435 605 801 755 150 907 224 842 415 32 418 759 378 704 952 410 606 876 246 401 770 919 912 754 848 990 460 479 236 97 597 654 221 237 855 982 935 156 682 697 570 552 327 701 719 777 698 948 492 698 377 729 607 468 78 395 935 779 87 85 21 929 186 246 377 608 164 385 86 641 423 986 753 310 718 974 202 194 504 622 855 687 883 763 271 
241 759 206 286 453 212 634 353 473 579 61 799 684 816 636 650 848 690 53 526 466 846 724 856 878 464 825 958 699 380 974 249 252 782 472 834 571 788 952 826 225 912 806 481 813 750 56 523 72 158 979 974 382 2 714 96 490 974 912 749 83 124 926 357 151 113 639 568 171 966 323 501 227 827 666 786 973 739 915 327 737 911 379 547 738 898 162 355 566 108 776 376 127 678 490 157 317 640 179 482 349 282 628 197 997 580 652 641 479 872 233 588 92 604 179 680 224 532 113 515 112 662 538 381 129 334 956 627 518 93 940 617 428 504 174 898 374 343 590 859 903 211 977 487 406 387 726 579 997 56 740 683 917 140 72 912 217 525 393 65 6 823 928 715 633 427 309 775 579 518 762 61 462 455 910 387 70 790 755 399 125 181 274 590 116 222 664 259 810 496 493 640 95 922 145 764 300 5 57 487 212 158 805 962 102 249 367 408 401 819 261 356 781 538 328 999 248 891 690 716 236 660 774 448 898 705 19 438 206 161 914 359 809 454 331 549 901 267 5 340 171 880 117 979 585 901 572 647 768 146 504 356 486 619 350 418 570 576 981 257 97 857 993 672 181 669 868 620 416 94 179 184 365 405 307 104 201 809 623 982 771 344 328 347 184 712 929 515 87 624 856 344 662 221 99 771 213 35 472 585 615 945 807 629 750 106 441 162 486 306 241 924 667 592 908 495 507 592 908 216 224 1 206 154 266 722 250 749 967 562 668 865 809 335 257 562 949 580 406 234 478 606 372 513 250 66 990 552 801 210 306 560 765 42 98 762 189 718 629 482 65 487 543 26 48 833 623 569 43 217 36 320 842 455 89 969 49 135 755 185 662 163 143 431 110 732 451 381 362 797 124 380 705 592 877 311 688 440 997 665 978 751 172 225 714 132 172 641 4 501 518 227 46 416 157 517 85 568 512 504 177 787 440 525 917 590 677 641 572 953 654 262 71 460 879 279 957 637 337 942 182 182 217 965 538 387 807 619 495 487 503 180 9 770 753 101 246 742 47 210 269 978 126 890 777 915 246 564 583 274 105 513 339 904 36 159 184 894 454 596 78 634 711 698 85 371 62 732 69 718 526 616 40 883 462 873 957 879 820 787 
780 224 676 192 970 149 648 369 212 170 305 84 469 199 847 759 764 381 261 9 292 803 18 177 218 965 93 767 800 242 594 46 691 808 116 315 333 197 757 400 482 392 239 555 53 844 496 121 520 594 617 331 858 554 728 670 829 456 595 503 679 657 925 911 323 997 120 121 298 148 796 580 888 503 173 831 474 394 998 540 899 227 567 244 315 694 145 874 834 747 183 961 174 820 973 410 675 984 613 633 954 370 580 468 644 926 950 887 581 767 339 840 526 476 774 303 101 481 341 17 515 9 372 463 615 513 139 852 369 916 104 519 776 391 362 448 136 21 842 758 887 293 348 334 812 954 264 66 857 370 899 805 738 451 303 875 375 502 750 109 291 457 973 309 959 2 782 450 557 573 919 202 613 505 669 281 320 77 807 783 227 148 930 505 220 866 952 603 539 161 764 592 165 180 661 255 620 477 121 142 736 167 399 686 444 400 295 674 614 769 494 712 931 142 413 147 419 566 611 470 5 259 61 192 729 960 987 692 633 944 823 890 996 243 948 898 648 149 685 19 766 766 960 545 509 811 456 417 177 143 651 65 911 379 238 718 419 304 417 197 29 598 31 42 625 494 49 451 773 538 98 894 704 257 997 893 312 891 534 119 874 932 11 792 314 912 349 861 791 802 404 196 722 13 704 30 323 772 249 387 790 595 391 144 394 622 653 191 260 400 429 775 930 340 126 581 56 471 75 859 794 488 223 228 738 86 799 839 621 784 369 184 234 886 924 546 430 211 539 14 987 222 257 830 942 577 471 277 655 582 392 892 695 299 673 328 992 28 115 765 654 959 885 256 111 497 797 742 188 209 308 159 756 300 808 61 487 526 754 838 959 654 656 802 509 574 122 750 752 891 37 286 184 258 910 121 595 175 959 199 221 434 404 153 129 290 545 845 934 1 417 850 217 183 345 838 871 744 769 884 862 179 561 541 567 765 425 573 699 250 804 208 356 426 590 544 151 820 138 847 634 570 773 367 486 145 713 223 521 545 180 678 343 976 80 189 202 789 508 371 327 160 938 893 560 30 170 44 505 681 686 134 336 289 26 976 376 919 578 256 379 118 676 206 297 700 2 793 588 589 281 469 645 573 149 418 940 402 847 748 
787 537 51 974 611 60 746 347 920 924 197 115 742 633 813 385 334 217 905 637 828 890 720 975 820 931 275 720 626 419 795 93 325 687 650 637 468 60 824 309 781 228 486 729 271 350 709 843 83 244 411 801 586 956 988 67 535 350 12 295 919 969 369 671 447 803 97 868 330 980 623 227 505 110 728 395 506 831 74 228 4 784 767 43 314 362 346 457 622 669 430 528 495 203 691 948 107 964 641 361 730 942 913 17 258 738 97 169 766 155 353 246 266 135 788 166 268 398 85 107 740 403 79 877 955 542 958 373 961 230 659 525 601 17 747 559 185 415 60 7 954 412 100 749 702 967 364 125 979 628 816 135 836 951 469 258 449 847 537 991 312 708 454 693 332 213 465 445 156 722 111 978 485 464 489 844 844 282 46 348 707 998 860 844 933 622 712 444 182 73 238 297 836 818 17 57 342 161 399 932 846 267 971 21 431 520 462 967 22 329 303 464 86 366 473 496 194 781 99 389 82 133 209 834 129 866 876 730 624 952 14 387 324 775 951 756 739 259 827 829 154 48 640 425 216 840 606 869 598 498 381 672 393 133 554 447 784 389 223 127 141 983 194 26 747 915 24 781 51 413 174 902 437 122 670 996 685 548 921 861 289 434 381 202 535 590 803 513 731 533 903 826 629 547 445 399 434 876 350 519 814 334 891 888 789 387 858 34 790 557 117 894 326 983 832 215 133 259 470 446 636 730 689 474 456 228 756 759 822 265 401 882 8 494 363 967 521 919 550 838 552 239 763 943 647 884 325 731 29 181 912 695 8 732 193 978 984 675 402 563 528 787 157 236 128 834 276 930 963 147 995 651 480 938 268 912 637 386 246 387 323 366 498 839 53 932 401 755 372 285 797 944 244 41 158 246 602 329 668 371 682 93 290 902 849 325 729 603 259 638 967 263 586 990 473 447 267 184 904 857 773 738 129 285 859 76 183 667 118 86 348 441 677 315 564 439 433 621 466 551 523 955 83 774 864 119 203 612 268 383 824 667 784 775 486 332 357 71 640 844 212 844 886 379 792 779 744 507 485 218 49 657 591 483 951 809 930 389 224 642 65 781 348 272 82 75 582 144 346 52 535 486 360 863 779 345 772 167 72 386 
592 659 320 242 363 242 959 868 255 132 423 247 624 633 127 970 796 504 723 795 206 235 912 160 282 50 119 902 587 402 572 975 695 727 347 526 39 924 388 674 161 405 31 550 447 145 808 61 638 0 260 804 986 576 209 393 711 531 224 272 812 435 545 215 217 805 345 217 869 994 575 446 347 803 502 488 564 413 902 837 663 299 601 92 278 905 522 623 570 374 688 467 943 381 329 343 257 438 465 270 67 121 252 889 708 285 52 143 136 859 968 52 208 512 818 61 630 583 759 101 950 953 675 769 412 154 546 102 744 31 829 144 638 178 545 189 357 468 454 279 892 910 878 451 931 994 860 834 889 173 724 469 683 725 505 934 818 738 324 584 858 12 867 50 534 111 59 700 641 741 596 387 16 918 653 126 474 742 716 439 794 569 346 13 599 993 923 228 555 417 601 318 824 957 521 97 158 238 524 231 597 300 796 984 323 705 913 480 220 612 856 955 19 840 860 422 2 788 716 898 408 365 790 46 423 696 284 498 388 485 91 105 169 767 708 220 297 881 432 969 955 240 551 656 274 524 229 712 724 52 799 345 312 51 477 486 896 741 338 655 549 390 144 739 836 23 155 359 777 801 504 892 77 631 646 362 794 258 735 278 806 188 816 853 310 185 722 456 925 535 549 520 371 690 456 206 139 741 764 121 402 409 700 351 875 757 153 920 466 885 50 160 488 24 300 426 479 662 201 132 354 673 186 78 419 211 93 90 349 186 179 973 514 102 258 691 280 855 155 892 780 208 293 108 95 123 47 825 380 414 331 161 232 212 774 70 646 187 474 663 269 237 484 110 831 43 131 114 622 414 865 847 416 852 636 177 432 246 47 933 427 292 334 603 577 752 846 131 864 22 907 744 153 274 547 822 254 885 757 655 849 588 79 680 752 124 381 85 235 101 870 135 520 873 60 727 698 232 756 477 724 416 650 740 637 863 373 347 678 48 859 215 498 804 647 408 9 34 995 843 922 391 473 860 102 876 671 241 992 914 80 714 105 220 30 542 541 383 243 926 503 60 751 754 501 29 796 86 872 844 569 629 820 46 877 418 556 168 279 282 991 374 314 325 625 854 122 872 960 400 895 413 483 953 504 879 980 962 420 987 
257 639 701 163 234 343 560 231 461 123 519 553 512 374 777 729 821 22 684 305 632 625 359 217 838 981 557 831 477 618 174 43 767 28 796 111 212 150 468 653 196 409 160 58 414 562 934 430 485 402 179 189 29 850 51 680 570 872 74 169 256 113 842 368 621 530 724 54 242 991 792 237 859 548 545 221 657 886 898 419 637 547 932 56 836 143 809 742 666 546 923 979 231 820 183 403 57 50 895 20 375 360 482 320 425 281 428 361 752 552 453 975 114 83 843 8 166 194 364 114 79 938 428 963 525 596 402 511 744 862 4 826 26 595 652 890 510 496 88 235 167 390 94 932 482 146 933 154 140 670 357 353 140 660 920 991 405 142 348 945 807 499 385 757 266 298 98 62 923 194 694 645 496 943 573 137 296 922 436 46 149 14 389 482 144 359 639 379 661 740 304 430 469 983 176 233 347 61 611 729 324 194 603 593 330 20 231 654 551 783 2 852 861 331 966 241 861 528 852 471 950 647 760 943 78 417 952 873 974 657 742 485 208 438 657 346 901 436 659 94 995 575 18 399 218 632 979 696 722 625 43 486 614 379 581 290 297 336 503 995 245 851 443 590 870 806 390 64 32 285 764 443 494 868 924 318 855 199 117 459 356 888 61 61 837 178 265 92 566 252 12 525 573 994 338 979 481 141 851 864 845 746 653 292 38 991 326 631 13 666 107 441 225 288 119 728 784 88 810 959 477 966 479 167 79 442 804 792 760 697 809 898 892 668 194 211 262 156 802 797 923 52 464 972 530 303 517 449 567 460 237 991 222 341 829 617 637 406 467 529 496 569 423 505 688 664 928 733 735 589 740 479 708 508 547 339 692 472 680 537 259 739 879 312 672 767 275 82 650 949 207 824 132 167 897 60 658 766 41 26 840 560 283 315 244 99 513 943 929 504 563 212 552 229 631 411 384 687 808 64 869 820 934 473 930 905 889 814 404 74 438 374 121 802 826 582 8 595 610 236 956 739 967 957 836 329 952 966 716 146 421 333 933 579 982 613 78 242 12 459 195 836 917 596 654 510 504 730 769 7 678 335 708 735 412 307 122 244 894 142 30 739 264 713 493 864 158 864 126 107 122 582 664 803 578 424 314 122 217 120 
257 96 746 391 980 344 252 152 373 429 576 411 206 154 117 881 951 559 898 924 585 453 412 440 525 282 817 70 237 394 608 371 677 313 434 182 53 301 271 971 517 68 673 567 322 987 540 103 502 951 984 864 804 888 94 17 850 733 952 523 833 412 745 497 479 346 371 322 4 288 553 277 691 294 536 515 204 499 171 938 312 943 541 175 307 83 533 946 630 176 968 432 462 157 288 717 918 502 680 412 45 555 904 865 491 609 58 453 692 758 141 523 928 548 899 458 699 203 521 524 196 780 640 285 370 76 878 960 686 803 58 511 131 710 938 904 142 885 290 932 555 366 278 309 426 800 585 847 495 501 668 23 802 202 999 701 165 435 306 550 543 256 835 381 934 741 72 598 642 583 366 611 16 519 858 750 576 19 621 286 77 298 657 680 287 637 387 704 784 551 521 30 229 346 143 109 448 602 445 185 789 142 302 371 468 473 556 748 210 754 953 810 262 199 247 26 787 466 944 377 422 520 120 5 560 34 391 462 871 368 358 846 542 627 133 542 426 300 39 131 385 915 794 741 720 841 132 948 377 431 887 319 587 523 476 431 276 45 906 422 205 747 79 116 504 879 555 126 374 363 200 153 806 528 391 257 649 438 202 503 82 470 586 547 556 272 799 793 929 207 94 165 645 572 990 886 581 308 947 264 133 788 573 430 390 109 587 747 497 24 707 333 453 507 119 700 852 259 518 646 561 973 818 414 900 514 516 679 282 309 960 231 561 573 311 656 932 806 421 126 175 887 155 268 792 183 186 297 227 542 478 878 616 793 289 265 893 234 380 300 979 514 26 168 948 794 320 466 281 386 401 95 966 966 312 824 913 108 222 843 25 384 72 612 792 595 833 520 164 297 177 737 160 471 431 603 55 639 784 440 200 515 279 15 323 272 264 845 850 28 731 188 201 791 738 205 87 853 946 834 117 653 572 690 657 508 14 504 630 403 476 904 924 890 134 213 444 366 237 433 836 932 950 497 96 630 127 834 271 628 569 545 666 263 973 10 674 368 532 793 38 131 345 842 342 216 329 485 579 901 831 551 390 37 302 935 786 859 145 682 613 479 56 49 251 790 489 256 420 469 69 559 237 621 559 397 392 887 257 613 
224 220 444 434 286 438 733 68 902 522 68 841 343 266 719 133 529 191 602 843 69 280 500 168 210 566 123 674 177 296 150 393 928 723 247 643 965 266 139 635 548 654 552 721 118 601 757 665 130 603 553 955 165 592 678 803 415 948 21 437 437 629 342 52 714 827 443 35 674 441 672 215 113 6 315 69 869 148 151 552 885 139 259 725 445 455 404 906 700 25 171 975 559 705 352 645 286 835 174 596 134 624 221 798 947 994 629 510 298 450 220 364 414 702 463 369 829 718 818 553 560 528 399 515 583 27 314 504 959 439 191 948 570 558 201 510 136 160 543 341 111 757 700 728 299 666 335 822 500 893 621 660 304 21 619 727 39 722 865 683 888 659 340 971 844 32 479 54 989 778 537 631 969 711 882 605 965 398 654 44 522 941 673 758 617 840 671 482 609 415 147 140 820 537 291 814 546 877 765 909 190 445 433 727 50 791 830 221 587 726 186 151 809 267 736 981 373 439 880 691 924 321 625 761 948 357 640 619 457 251 401 228 71 38 829 942 120 483 710 644 9 91 642 240 663 102 699 601 702 419 863 376 370 378 474 802 10 372 658 48 940 898 137 51 764 289 253 223 618 123 535 690 981 667 186 546 540 504 721 10 314 70 494 191 606 998 28 377 831 4 218 701 729 375 235 313 817 451 743 529 542 372 662 125 903 679 866 840 477 248 372 849 761 93 588 515 799 608 839 198 580 217 33 510 697 312 71 434 888 896 652 855 840 620 1 882 649 322 539 811 118 688 252 68 221 205 11 357 548 617 949 256 554 334 277 727 56 988 697 897 660 584 279 264 252 871 637 806 61 192 519 305 310 998 470 777 32 763 725 154 329 424 37 311 121 581 758 222 796 46 36 36 728 392 824 657 565 585 468 292 501 163 190 22 73 65 781 929 335 68 719 929 617 601 109 956 240 488 994 305 889 808 442 651 732 802 450 772 404 864 805 751 663 904 100 281 615 579 414 732 604 293 588 284 534 465 162 345 435 305 8 378 69 955 116 701 412 814 452 950 843 648 489 369 147 927 520 25 846 302 394 862 183 268 743 862 540 628 733 736 976 641 930 262 104 351 780 291 431 643 44 225 466 171 927 325 626 409 683 786 
677 361 717 275 443 440 298 569 929 718 369 65 353 336 870 97 278 812 313 786 276 85 463 79 257 914 968 697 908 24 241 601 240 875 861 316 370 441 998 448 361 705 590 736 759 891 200 1 814 569 992 563 997 277 356 76 655 354 972 362 918 692 674 947 465 917 685 638 97 705 361 885 373 815 363 268 830 185 288 151 659 958 833 972 638 631 664 276 204 969 461 217 763 28 693 115 769 217 926 22 883 176 678 305 613 440 952 611 849 958 95 630 325 485 197 183 345 657 812 461 655 470 150 946 845 58 667 786 11 8 142 509 597 93 622 957 239 624 794 118 531 287 454 299 752 536 863 278 923 363 989 266 907 822 129 841 142 743 988 794 579 348 963 863 159 2 241 782 756 227 476 64 261 483 217 81 268 247 807 397 67 89 905 198 812 973 895 292 175 423 772 441 508 428 88 56 133 966 456 838 769 503 442 662 526 240 163 999 873 357 592 196 21 276 499 468 371 429 931 940 91 183 904 309 204 118 564 546 878 889 593 577 814 694 951 42 31 861 314 266 831 727 395 624 20 765 763 976 445 992 388 230 688 320 162 679 721 795 335 147 598 868 422 990 931 625 261 298 953 642 639 864 794 507 174 825 736 135 749 898 638 173 356 251 96 547 824 998 356 792 341 946 392 507 906 403 827 111 77 55 568 785 976 110 231 80 940 380 957 704 82 486 413 744 972 362 267 84 136 702 212 143 725 250 251 760 216 174 773 571 425 435 986 696 724 699 540 56 757 175 411 246 883 170 14 478 296 573 483 347 439 505 786 150 349 530 754 699 431 63 566 602 782 909 793 391 398 635 138 454 159 679 410 782 450 15 721 437 735 887 856 489 612 476 536 791 835 668 307 425 871 250 638 240 941 860 675 36 923 345 399 745 7 390 295 877 746 695 357 451 365 86 175 269 690 610 510 465 736 274 14 519 465 584 668 697 816 473 529 285 272 303 402 836 620 765 636 614 460 732 707 386 731 973 288 393 649 472 985 163 400 251 199 375 250 757 786 148 274 892 565 179 153 727 341 771 723 90 428 701 36 988 147 204 760 122 862 110 250 844 907 605 980 946 95 788 167 520 935 837 106 82 82 553 872 259 9 460 616 651 
393 460 195 423 875 151 476 233 217 356 957 584 83 846 44 605 958 907 16 643 485 435 378 136 920 680 232 172 693 627 734 399 524 918 89 374 220 492 996 852 145 363 261 290 797 528 97 995 771 119 507 425 551 925 472 714 644 137 326 254 286 400 203 902 154 175 483 35 824 982 397 396 241 94 585 62 941 985 798 143 812 390 428 605 841 649 919 15 450 485 257 688 509 892 115 938 734 303 530 671 557 711 202 219 481 953 354 338 984 827 507 709 247 725 429 946 449 641 698 83 894 142 518 827 192 883 597 371 692 91 297 40 746 745 694 748 28 214 108 507 566 497 918 169 488 331 320 841 915 585 14 814 726 788 425 590 337 448 259 279 285 518 482 418 891 583 372 176 227 153 773 979 523 904 471 166 816 997 298 28 295 827 158 555 823 779 988 596 904 202 516 675 909 363 523 732 552 413 62 89 902 771 496 494 367 648 696 232 346 273 577 876 359 551 383 498 949 416 844 782 172 464 862 685 222 45 418 549 777 859 505 344 264 544 474 556 37 945 419 554 131 770 295 312 591 359 708 804 135 682 430 86 335 988 99 246 302 484 88 835 392 422 442 201 519 52 732 804 575 845 474 70 198 969 638 920 561 294 722 112 444 322 63 592 797 542 399 609 916 44 173 112 299 627 865 92 209 292 540 169 330 431 982 521 446 13 786 305 746 661 845 494 260 863 167 212 328 221 919 630 955 242 84 482 439 885 608 976 884 167 469 370 388 560 68 246 523 376 421 180 259 35 476 573 641 964 546 863 1000 996 264 797 641 988 480 8 553 71 687 950 170 170 908 85 785 645 121 599 960 540 804 38 4 998 244 214 435 617 171 795 762 620 484 596 339 45 694 767 99 373 501 882 922 70 254 302 474 801 270 373 680 454 778 591 73 20 277 656 834 918 352 324 765 531 976 507 159 139 576 52 948 367 292 287 57 243 938 503 148 212 298 528 351 510 324 691 291 30 358 603 927 745 848 858 761 455 436 438 739 152 675 944 588 237 56 791 531 877 134 447 769 561 659 39 565 596 894 240 238 615 682 600 138 252 894 355 4 830 384 613 870 497 472 706 80 860 322 493 26 245 569 879 381 638 406 112 423 550 246 867 
928 291 806 674 10 215 314 88 173 297 847 115 467 964 504 993 366 859 207 570 228 146 313 144 844 608 809 843 803 96 138 412 444 815 306 259 911 726 23 886 261 177 264 814 568 951 14 326 106 410 689 948 156 745 938 599 786 107 291 47 19 199 433 306 581 831 681 981 861 718 939 202 702 948 898 45 378 716 69 251 589 95 417 186 933 514 998 350 377 675 755 344 609 380 763 130 312 992 939 641 884 12 585 35 564 858 856 512 984 709 533 504 307 731 617 87 520 342 237 662 22 118 132 405 826 122 458 663 763 309 764 579 742 610 807 523 924 389 671 58 94 916 876 477 997 342 458 884 530 727 582 900 614 640 758 163 703 90 535 498 81 955 897 234 448 364 21 217 871 447 790 1000 964 538 452 349 795 231 747 132 248 80 260 955 221 24 896 236 426 394 913 365 96 884 805 778 794 418 916 561 367 604 976 434 228 705 940 953 779 933 409 883 275 653 567 904 866 863 427 924 780 750 813 4 131 9 693 941 794 511 603 736 814 607 311 186 570 569 544 654 68 692 285 488 480 703 768 26 613 388 587 431 692 390 896 958 181 100 404 546 377 716 203 888 105 744 219 740 619 128 245 500 695 891 462 566 784 850 944 664 460 191 939 53 805 525 357 314 928 800 985 306 560 566 758 27 273 57 958 49 153 456 365 542 502 39 174 639 752 384 234 78 221 814 238 807 332 197 41 557 373 952 113 992 353 712 341 177 123 146 650 17 885 941 936 181 139 685 693 809 455 125 149 440 206 883 938 830 411 792 796 303 124 645 476 745 99 986 34 687 386 902 510 230 227 289 182 416 114 216 376 86 870 615 279 867 381 902 688 463 645 467 56 939 479 19 1 425 381 642 590 801 457 437 32 537 503 653 735 963 972 602 953 865 355 58 693 748 412 159 412 307 796 740 859 230 53 52 40 336 40 962 759 832 86 699 962 642 436 150 813 460 236 419 321 213 202 975 403 866 40 551 680 234 18 18 852 197 363 86 547 350 740 498 40 863 761 5 979 0 627 490 122 242 851 874 679 969 18 805 346 464 721 384 297 208 570 235 172 254 716 659 45 979 542 471 629 964 722 898 187 589 464 852 851 129 944 80 67 173 
66 702 407 777 919 192 443 576 282 259 649 788 614 102 842 143 385 129 481 292 215 39 207 593 748 496 348 712 676 145 911 539 990 543 965 145 11 303 463 473 865 991 579 237 93 332 856 477 582 441 1000 960 269 336 336 873 168 848 86 292 613 400 988 69 91 995 987 119 869 438 400 321 582 422 369 81 784 884 196 793 832 653 366 590 904 321 383 644 783 219 787 217 348 158 516 190 351 784 267 9 604 210 532 485 245 127 97 553 147 981 613 249 200 437 361 481 999 585 94 112 886 220 772 184 163 216 889 137 963 442 383 64 607 752 106 293 303 892 520 955 815 548 823 642 588 448 781 602 219 97 876 664 381 500 232 994 376 170 779 241 309 95 215 196 383 35 756 124 116 400 932 130 202 340 816 913 286 377 788 105 596 386 442 31 181 960 399 80 182 297 987 25 482 49 634 912 538 751 995 450 585 483 414 478 383 753 366 373 69 965 390 741 184 281 419 793 405 282 136 707 506 715 965 307 425 329 213 777 426 525 27 668 426 512 315 84 386 988 361 466 992 105 626 602 672 223 784 105 276 316 180 876 65 434 666 51 395 882 500 149 145 536 528 556 504 503 358 933 157 416 95 134 427 929 935 292 215 396 941 833 28 459 391 841 420 946 100 296 525 33 680 140 637 630 839 421 157 224 154 356 773 71 441 28 681 28 737 188 422 968 484 191 723 158 366 215 568 864 209 91 479 595 108 139 372 312 163 92 849 676 301 477 622 713 650 625 801 570 684 209 975 236 96 772 541 969 814 863 708 725 950 527 741 293 880 753 317 278 52 419 303 277 404 974 964 62 428 181 44 616 660 287 929 800 515 969 769 480 20 107 968 631 391 251 487 572 151 42 317 443 806 949 767 803 386 440 691 570 606 613 767 137 456 935 85 3 290 585 306 509 31 858 482 463 950 308 734 457 484 134 707 6 445 512 718 353 784 507 970 525 908 168 213 543 351 785 946 238 256 255 676 462 161 387 797 749 347 778 581 835 44 533 39 735 434 892 702 652 789 340 294 824 616 278 590 664 304 226 922 885 856 129 518 815 226 476 983 637 72 951 311 430 232 216 318 694 672 998 449 668 777 475 632 745 644 890 180 263 65 105 
138 397 15 42 681 931 587 11 306 787 784 512 379 342 370 458 470 32 746 584 828 370 682 250 535 636 918 46 978 151 271 69 317 42 377 10 998 462 29 230 767 490 251 117 355 605 950 233 890 963 356 918 642 825 489 410 535 957 37 790 330 31 341 310 384 382 983 512 630 935 421 198 400 887 613 653 641 955 339 416 790 892 76 715 406 318 294 262 164 618 293 612 978 572 5 181 862 920 92 518 410 196 123 669 869 85 599 941 645 702 358 637 723 220 986 668 570 78 271 982 40 526 529 554 855 648 196 692 678 290 282 169 808 567 840 11 630 43 871 315 926 902 55 564 789 91 461 586 202 51 425 69 910 211 715 582 702 185 367 196 360 193 783 940 292 325 508 784 682 545 31 8 30 192 193 378 699 373 552 457 236 819 258 10 360 602 751 362 294 275 589 47 88 895 754 453 709 609 394 62 692 973 297 765 752 302 19 359 386 16 618 837 937 962 856 291 370 645 853 979 669 127 597 40 554 193 95 546 124 959 825 120 659 994 745 679 544 947 640 985 776 235 722 67 40 329 642 574 513 544 462 798 11 293 808 232 534 969 111 857 919 310 306 244 557 901 679 549 408 911 703 72 93 923 491 330 872 124 133 212 7 256 400 337 534 149 869 727 871 730 68 38 872 595 779 489 623 960 722 571 961 237 951 993 185 38 651 642 656 768 823 831 242 389 593 131 746 152 510 601 122 660 583 376 427 151 602 840 273 968 539 803 514 945 671 439 306 186 586 983 637 139 296 479 961 113 817 139 924 307 185 750 61 170 675 586 848 467 368 612 743 547 610 686 226 80 128 311 919 429 237 732 60 919 100 408 109 371 151 196 193 505 62 532 535 806 924 627 343 428 875 511 872 823 478 590 577 204 390 799 0 614 148 373 349 540 71 4 351 736 939 440 912 606 7 942 746 524 911 328 842 988 242 564 42 491 901 210 689 614 522 673 425 90 15 847 660 411 845 255 224 300 325 369 173 912 19 908 659 338 261 856 203 721 606 122 576 992 37 646 225 933 472 189 453 395 514 135 34 822 486 16 766 570 429 57 589 417 916 663 87 178 846 35 315 462 108 286 70 941 875 999 511 81 260 609 488 376 859 380 
437 710 807 798 513 805 300 196 768 903 276 15 372 137 885 414 774 680 581 443 687 147 825 144 495 61 178 577 120 599 391 170 486 430 969 414 557 106 868 949 178 563 237 312 587 954 339 601 431 38 983 852 98 278 454 722 272 411 66 126 874 35 52 987 509 689 182 47 42 554 55 236 583 50 80 290 740 473 667 353 147 495 530 783 560 752 441 962 308 766 917 38 868 559 82 355 664 809 401 145 700 506 59 627 920 585 345 351 638 49 63 947 850 709 922 737 890 28 979 313 520 687 835 58 661 687 695 0 698 963 294 707 239 254 733 107 582 116 744 199 348 937 659 512 688 420 328 785 418 204 733 716 610 320 151 169 306 212 881 593 307 302 23 141 279 424 204 254 24 9 188 41 525 73 44 452 526 97 438 86 666 975 11 463 166 166 362 749 996 853 585 902 127 729 348 592 690 359 892 373 609 103 17 341 793 542 849 499 613 376 648 492 156 282 898 560 330 504 936 618 879 751 261 453 425 155 967 53 225 660 963 876 644 232 893 245 653 686 167 79 226 975 215 51 682 861 746 463 788 743 172 488 575 733 372 370 768 198 403 424 513 450 803 666 885 237 269 562 743 20 663 848 547 626 467 238 845 1000 993 104 444 668 317 997 219 677 996 193 509 241 663 976 242 114 713 854 241 209 571 245 614 397 562 325 650 340 802 364 624 534 920 471 589 79 389 904 169 89 990 104 487 449 966 932 586 144 194 737 557 706 215 951 716 271 81 579 108 262 953 654 889 868 256 917 607 604 36 338 348 110 942 596 17 976 864 700 662 398 759 88 276 210 449 267 476 522 990 229 433 877 201 283 883 890 636 149 348 533 462 426 304 665 521 394 839 199 823 934 344 757 232 420 896 489 41 492 946 785 136 157 98 74 340 273 173 319 965 893 133 835 28 294 312 345 556 904 769 777 728 598 509 734 455 150 916 815 942 795 541 938 88 421 67 42 418 79 384 210 16 199 716 594 726 256 12 536 963 720 818 845 658 281 452 621 285 921 124 684 801 210 882 619 304 768 753 399 567 14 635 639 433 508 409 788 460 761 948 462 583 720 938 657 178 846 969 304 63 176 145 306 222 895 194 680 730 188 270 715 941 736 
905 290 923 625 725 360 280 194 674 394 565 930 961 557 146 981 18 990 319 647 532 268 96 430 122 818 105 286 789 541 189 325 560 347 621 360 858 73 792 498 337 705 342 97 13 480 229 926 113 66 409 370 517 662 769 950 871 959 237 341 21 363 950 1000 830 318 382 74 195 151 74 983 390 907 51 50 844 253 156 606 798 73 755 791 682 760 534 826 591 433 539 652 447 861 979 100 503 582 669 116 549 343 513 99 964 192 288 133 138 883 862 309 424 35 141 963 446 115 789 605 597 775 758 298 496 749 556 869 990 67 160 597 127 305 166 759 142 303 384 965 240 623 36 230 61 129 214 578 374 976 668 241 996 763 322 216 794 623 509 21 124 320 256 887 621 514 969 227 824 593 888 755 929 763 828 625 884 808 7 724 406 759 917 874 710 907 395 852 991 48 422 301 534 846 854 846 834 544 537 798 298 226 965 22 204 631 77 758 684 212 766 945 378 94 68 998 892 42 738 415 816 866 572 835 238 307 352 780 834 307 33 899 318 556 844 882 895 198 713 125 104 750 320 333 960 655 280 923 599 235 655 276 978 279 877 30 235 838 824 914 739 614 155 846 357 641 437 702 107 744 133 910 813 847 300 849 469 862 940 95 133 78 792 755 185 736 524 705 117 584 742 340 136 558 517 891 747 989 116 362 885 495 64 651 2 980 176 160 690 177 690 929 774 29 955 810 835 416 744 22 717 970 561 566 112 168 430 85 662 172 198 659 217 334 356 708 240 71 327 555 743 353 170 305 212 288 302 286 583 948 980 372 874 261 747 346 704 418 221 266 438 423 217 274 663 553 341 935 673 485 684 989 689 539 607 625 663 591 440 316 818 809 335 603 258 907 680 731 718 89 300 857 673 297 749 475 413 949 271 647 11 674 670 688 693 532 595 721 674 150 419 991 601 922 921 278 283 160 348 470 321 205 12 12 795 907 753 925 808 993 211 644 863 264 73 329 400 591 567 733 991 355 392 414 578 508 272 44 428 557 319 386 900 535 939 863 135 409 671 627 886 768 396 329 698 149 560 475 602 997 190 982 589 834 752 87 630 245 969 68 290 138 572 885 570 289 223 506 316 676 460 510 950 950 806 641 96 962 936 113 
907 347 874 550 481 634 273 1000 452 922 923 84 914 497 120 621 870 294 968 24 129 238 806 534 252 741 170 15 691 721 631 403 631 893 510 305 169 221 69 896 89 300 872 61 208 224 245 26 389 593 73 985 459 927 286 69 688 739 969 25 752 582 753 770 279 590 990 73 189 935 923 780 903 505 137 996 22 625 419 330 914 469 328 739 251 276 300 789 961 336 976 791 451 865 903 260 581 803 535 136 669 666 818 131 763 530 326 42 778 982 829 790 61 716 160 305 428 895 530 961 479 853 932 747 724 986 671 613 195 81 587 296 749 418 532 946 140 650 773 525 626 380 303 805 247 261 853 969 941 612 807 3 905 697 751 664 287 118 975 385 32 999 136 650 958 858 137 843 243 317 28 355 7 539 56 216 805 852 47 743 273 265 122 32 93 337 485 20 858 805 116 835 405 350 34 601 948 350 719 666 515 472 808 654 686 675 29 608 829 999 116 549 606 388 616 311 100 242 394 378 643 154 372 605 12 902 362 865 529 342 723 188 423 115 376 487 273 754 531 690 420 309 985 942 453 794 527 625 983 905 98 813 986 229 807 649 127 453 903 981 11 548 438 784 21 853 796 769 247 597 463 434 286 981 842 123 219 204 142 640 999 394 946 53 717 439 719 908 103 81 125 323 584 967 535 71 695 936 396 19 976 21 664 527 902 193 153 678 741 710 90 391 744 168 748 75 620 345 860 504 454 252 504 838 458 89 336 423 883 436 865 544 153 189 760 574 672 489 546 511 353 801 554 900 661 161 746 545 839 853 264 118 751 467 40 254 350 944 214 976 344 898 380 787 634 975 748 999 261 892 63 446 145 95 589 399 513 355 278 695 452 740 723 925 825 328 145 351 819 826 112 28 653 283 104 48 795 493 538 124 216 776 61 476 584 840 840 513 234 809 297 596 687 936 911 626 769 994 1000 391 640 726 329 15 544 100 90 645 918 639 434 907 952 902 583 24 921 401 119 282 639 308 608 437 450 891 36 618 526 91 495 240 975 150 303 484 815 768 72 550 265 890 835 279 277 396 317 352 227 930 693 48 19 619 951 747 245 564 709 322 725 937 993 793 818 420 555 881 812 593 649 105 794 547 9 414 321 317 464 258 
349 432 171 50 725 362 90 288 498 577 593 695 73 457 344 372 924 265 430 458 488 802 754 227 121 774 470 275 510 169 716 435 403 965 431 115 859 715 720 608 331 135 316 365 674 910 81 876 374 192 873 75 608 933 579 53 294 493 824 459 927 841 894 500 230 650 513 179 652 923 651 207 15 106 33 132 323 629 987 988 414 517 974 27 320 186 396 841 902 149 778 782 465 2 617 3 676 607 269 627 144 658 729 45 939 929 724 915 865 984 318 203 923 612 62 962 299 80 287 138 918 852 173 412 799 883 885 794 577 769 867 278 11 687 378 206 753 418 26 717 277 739 416 973 336 526 970 345 354 635 662 642 40 379 12 141 981 747 905 561 108 711 977 654 217 92 2 158 55 179 136 624 109 824 936 422 695 179 892 194 894 763 890 406 747 81 351 527 439 144 625 139 790 116 176 349 945 386 565 532 252 344 396 263 801 457 43 60 835 942 690 99 458 560 597 987 492 327 828 183 445 18 78 958 69 749 253 26 695 296 194 836 860 619 127 992 533 578 867 141 747 404 159 60 803 727 619 405 571 57 571 418 204 370 600 794 458 158 263 482 352 272 414 449 45 839 147 81 745 429 80 521 612 485 733 348 175 242 392 894 429 626 14 739 961 236 136 60 535 232 180 975 594 801 894 790 206 395 781 513 896 995 324 1000 889 554 271 402 846 310 210 588 81 493 230 888 983 855 311 784 560 299 56 386 829 930 158 844 269 410 337 166 386 611 394 577 552 178 98 827 559 374 748 235 605 210 499 927 242 277 199 350 672 844 113 680 133 343 468 602 502 473 465 476 432 164 984 845 543 154 107 38 624 616 309 729 741 467 729 747 196 881 995 882 40 472 890 675 950 69 675 465 552 43 694 9 669 626 439 9 661 713 551 237 138 213 858 275 728 364 520 444 91 473 871 929 7 140 668 609 739 809 581 417 563 452 840 220 500 32 175 641 525 432 935 623 674 107 739 614 280 430 754 492 216 131 725 667 3 812 526 105 812 714 145 118 423 402 925 654 737 60 717 129 414 354 335 261 424 546 41 332 251 455 783 524 906 847 598 302 38 668 985 56 180 264 842 107 202 359 217 53 295 747 721 446 312 595 102 712 
983 730 536 925 802 590 968 843 17 60 89 661 498 201 900 213 20 565 312 578 220 437 5 203 415 124 207 508 654 894 566 961 851 944 346 361 328 403 42 920 636 965 145 706 348 720 835 919 856 341 61 220 843 726 615 796 802 821 737 734 267 662 99 397 934 138 304 751 564 925 614 62 977 156 510 178 494 884 597 989 56 759 434 939 70 465 644 342 784 823 544 726 746 8 170 678 281 513 674 365 585 212 234 820 12 735 369 195 356 992 996 637 851 898 881 817 750 48 123 92 294 543 795 116 425 462 159 206 262 191 681 668 970 323 488 462 806 289 184 939 778 857 739 310 720 660 659 301 793 208 741 383 252 29 93 986 357 105 799 78 868 960 927 462 962 15 419 898 878 603 957 538 780 692 554 393 237 203 504 374 442 971 22 557 529 486 553 706 596 106 712 47 798 46 204 107 453 416 792 42 570 711 423 714 185 135 614 846 946 6 123 356 887 348 43 158 218 471 104 785 471 456 554 100 852 148 822 829 949 603 142 619 954 95 391 735 598 909 685 808 728 167 618 392 241 672 260 659 422 997 878 138 844 337 202 296 38 834 532 79 891 570 449 920 712 111 131 146 458 327 78 916 385 19 224 853 244 645 918 147 757 211 238 545 878 4 1 369 392 544 302 140 692 925 961 43 884 63 881 596 304 516 973 174 125 348 699 137 348 196 690 184 948 685 757 302 535 301 592 407 75 499 978 294 761 830 91 644 982 892 777 362 129 830 682 843 185 771 437 664 165 944 235 163 80 62 862 470 280 5 408 705 991 985 704 98 533 510 743 404 754 747 322 976 761 516 833 768 836 786 965 464 600 931 170 865 52 314 675 555 847 907 69 419 871 441 884 907 991 382 180 816 111 916 153 849 783 364 341 260 954 940 428 867 496 445 930 377 779 169 64 951 858 14 530 784 441 692 264 488 58 789 676 327 478 281 127 933 720 815 243 505 110 938 651 816 452 547 944 569 82 912 536 565 287 595 698 106 74 698 582 724 779 501 249 872 694 920 649 93 316 950 251 906 63 575 974 259 865 621 16 508 968 325 371 694 841 918 216 569 291 382 51 410 170 3 838 209 56 899 313 693 224 10 716 60 520 143 328 130 
636 295 83 162 258 662 531 851 48 133 974 64 953 277 26 476 130 800 1 244 891 720 168 641 707 831 225 586 193 751 812 862 349 963 15 490 184 435 914 830 445 627 876 618 875 358 906 692 563 312 473 845 714 374 407 452 706 232 650 758 922 550 597 969 789 626 521 877 537 978 406 224 132 147 723 395 386 986 36 664 31 113 475 649 649 935 147 655 98 96 897 437 10 354 836 128 378 289 179 207 265 249 223 808 948 898 783 686 933 848 713 569 746 137 310 386 251 89 228 527 994 746 851 327 435 543 384 358 984 860 244 747 713 418 85 367 422 163 315 372 384 37 819 977 672 918 137 745 984 929 419 658 521 669 923 282 825 971 630 97 633 222 175 561 469 207 422 41 707 582 877 328 640 36 78 4 438 121 115 495 256 891 793 188 343 617 664 662 295 71 463 414 222 689 912 202 496 51 962 354 284 844 595 872 472 1000 595 79 649 970 649 531 944 586 864 686 430 671 855 280 959 992 933 269 906 522 742 24 172 766 778 639 138 825 891 406 96 934 575 133 838 386 475 895 981 296 660 495 382 960 685 820 351 502 954 402 344 82 350 507 988 117 887 298 61 23 842 480 629 59 524 212 213 81 600 879 993 571 65 262 512 24 150 367 736 535 960 811 27 9 502 592 747 488 952 263 783 17 786 802 232 124 454 383 339 17 588 182 189 420 947 185 99 593 451 78 104 193 112 346 899 442 541 521 269 373 547 461 647 654 922 760 461 107 945 51 170 75 893 87 731 13 454 837 223 239 235 992 978 503 174 619 78 50 588 294 873 513 920 492 249 774 647 660 811 40 212 994 133 815 192 918 265 628 203 108 860 32 57 719 144 377 747 386 490 548 5 577 102 513 800 159 898 316 7 443 720 81 716 882 871 980 599 715 341 35 591 641 141 926 554 190 394 519 41 543 578 727 749 900 216 166 719 705 485 106 25 320 727 239 980 952 50 881 336 108 474 607 872 334 117 863 238 830 553 57 588 907 195 403 714 711 127 895 526 853 954 387 401 708 517 625 187 606 60 392 790 826 133 261 528 423 973 766 734 298 884 52 370 319 287 889 964 438 169 465 777 656 381 769 38 386 345 84 302 530 103 318 255 469 
21 215 482 532 897 960 997 942 307 795 813 645 664 946 633 547 924 273 608 144 812 288 811 244 635 302 745 307 19 991 101 672 76 257 245 9 246 604 200 899 836 521 164 197 940 942 516 352 421 931 558 363 833 703 53 652 450 880 840 196 995 110 310 564 869 493 210 651 3 824 65 987 499 938 375 151 589 158 228 526 304 406 338 752 370 535 625 977 145 897 500 353 732 361 666 882 277 388 565 215 645 706 200 134 585 327 29 941 870 889 151 306 47 477 406 54 102 938 440 347 416 727 91 83 586 200 522 818 324 172 773 239 494 535 319 49 489 915 67 206 767 683 586 434 595 320 957 188 816 187 128 167 935 469 453 539 270 434 246 930 752 261 396 693 64 562 762 520 846 548 226 289 115 425 91 843 819 899 525 429 245 706 759 328 222 882 941 986 596 750 786 534 980 966 482 711 114 692 979 769 555 806 76 709 264 866 408 123 103 861 385 979 534 449 300 315 97 350 595 922 813 859 708 758 830 452 997 798 683 944 103 542 980 1 110 305 246 590 456 800 317 494 277 387 0 911 751 378 722 117 21 527 77 692 880 415 725 519 910 185 551 629 852 65 761 770 983 412 253 100 297 982 712 242 554 121 331 599 219 863 943 520 735 151 75 132 599 169 927 817 956 769 9 816 962 583 683 356 787 450 611 111 264 257 936 735 196 376 641 408 564 785 566 602 773 71 45 381 664 656 982 272 352 390 440 850 460 978 196 684 696 974 903 643 27 792 258 29 768 956 801 985 187 643 931 164 452 191 300 18 456 449 91 846 286 608 733 774 844 109 789 766 687 109 616 176 420 158 382 821 842 315 477 357 407 903 671 335 964 348 513 377 618 687 36 532 767 155 661 53 697 246 610 805 737 696 164 905 309 359 630 597 211 927 26 555 362 433 325 902 166 449 69 318 446 670 497 465 142 83 496 652 434 587 158 808 969 177 600 777 256 383 297 668 407 862 608 179 871 493 710 890 460 646 40 440 705 577 842 579 256 228 717 466 858 56 706 256 291 395 152 911 164 823 687 415 856 101 260 486 412 93 335 643 415 687 916 986 875 923 60 200 522 14 247 849 772 240 434 311 576 315 749 245 878 626 823 406 223 19 
950 995 374 838 351 465 397 617 712 56 229 735 735 346 375 147 708 225 816 632 377 737 450 130 752 216 990 685 336 69 451 702 404 705 360 584 251 442 474 494 823 519 894 3 272 741 636 869 350 821 507 866 873 611 862 11 253 147 58 286 465 322 534 417 790 927 3 262 538 156 841 293 944 697 807 438 532 605 776 546 226 178 511 231 364 572 209 243 534 543 889 431 716 477 89 683 435 532 790 204 518 489 183 65 376 340 103 187 400 747 248 742 1000 127 545 152 137 466 323 40 534 73 293 128 73 791 698 59 875 536 882 654 144 308 280 585 778 571 939 531 218 799 852 756 386 713 883 215 93 126 802 509 599 554 752 70 981 269 342 772 585 942 877 959 54 534 266 2 650 821 603 547 180 644 938 422 31 629 188 289 104 285 781 163 453 34 118 480 208 794 974 360 465 373 208 293 31 105 944 265 343 74 317 661 268 446 79 243 110 651 855 659 553 682 694 61 39 719 817 410 974 592 362 896 730 813 722 305 805 34 388 136 231 545 355 283 455 891 373 898 302 763 621 123 236 962 785 215 706 26 991 309 838 693 354 516 27 463 449 615 524 920 940 361 793 53 134 492 166 84 18 323 160 718 379 187 146 311 885 72 671 558 438 901 752 439 736 871 697 294 773 438 852 973 511 677 369 559 176 646 915 394 495 843 24 529 77 890 432 902 20 507 71 972 160 979 123 218 310 458 738 33 51 231 479 501 811 731 139 257 769 216 983 196 130 943 463 302 902 619 486 659 523 995 615 301 846 396 340 468 367 621 875 920 935 628 771 619 853 245 269 407 904 460 744 208 171 310 527 421 198 206 334 153 17 25 802 386 420 675 719 147 236 324 176 71 590 45 654 476 335 485 136 356 696 617 726 929 207 625 825 22 219 184 648 243 823 694 708 250 998 25 351 761 88 994 228 267 39 130 337 918 91 217 206 925 66 40 474 533 950 233 231 832 95 744 602 400 754 753 411 122 57 638 746 656 710 932 23 743 258 220 223 122 744 218 883 316 925 57 288 716 123 349 654 505 691 602 746 6 917 394 704 34 903 933 312 634 338 125 687 911 447 168 560 359 904 510 20 617 560 555 179 682 283 996 756 717 338 915 
503 229 826 606 556 644 233 698 716 568 639 280 515 802 442 470 752 634 204 371 498 706 610 22 84 331 791 843 216 921 495 795 844 75 929 563 391 606 122 437 880 701 619 8 951 630 196 870 62 594 37 307 410 123 734 949 846 773 55 524 869 101 903 944 641 724 936 409 873 709 862 911 453 283 490 487 191 412 567 895 74 849 286 323 291 119 780 886 511 98 554 306 69 787 954 535 581 801 21 213 420 296 131 664 346 318 24 947 814 587 678 126 407 110 120 242 872 227 98 339 173 272 405 805 77 360 445 818 430 68 989 838 583 310 384 601 260 495 903 950 17 94 25 3 969 462 982 615 853 805 225 235 308 806 781 890 434 940 56 347 132 406 760 926 212 458 360 113 654 454 281 564 313 694 812 15 584 30 379 766 136 431 672 486 116 581 951 51 243 873 64 385 950 340 293 403 624 861 546 620 99 21 151 925 258 337 457 126 363 508 877 361 785 267 158 785 815 741 574 152 848 637 715 24 195 948 397 955 367 918 145 172 372 382 807 391 673 523 785 10 726 427 402 901 291 890 458 218 865 360 134 629 128 311 449 434 808 121 124 23 195 8 458 932 368 565 47 70 863 520 242 421 326 481 503 540 703 523 43 619 134 946 579 260 945 814 552 826 212 359 109 913 476 901 885 530 787 185 677 460 13 990 653 856 284 493 534 849 289 940 262 238 351 109 647 684 25 680 844 185 840 728 871 483 653 9 681 303 748 212 147 290 747 769 832 438 603 399 325 434 418 624 51 156 766 579 717 120 617 476 16 717 164 577 708 28 826 662 43 736 977 60 624 508 712 650 219 76 351 83 360 765 430 226 918 44 352 235 432 171 200 644 81 674 266 14 933 503 948 266 42 837 537 538 976 249 707 248 423 913 200 293 442 839 738 208 255 132 444 396 790 188 635 472 120 76 193 667 384 596 342 562 804 155 730 522 103 493 328 392 325 209 775 719 457 831 954 738 462 172 796 983 426 389 81 489 525 2 491 419 975 705 211 762 782 394 524 689 128 591 186 376 738 250 382 880 634 435 761 786 373 298 182 525 726 280 18 784 261 129 281 707 218 574 592 630 47 180 356 631 932 649 295 868 930 940 243 367 858 34 
606 92 158 808 759 706 293 159 390 445 142 455 612 638 235 202 289 52 714 774 378 243 921 411 784 630 244 380 321 736 186 541 57 696 931 852 872 912 119 516 289 318 384 67 223 986 239 649 782 522 979 191 908 296 730 674 328 16 157 755 13 458 279 90 956 308 450 618 1 981 305 849 480 78 447 215 991 54 366 768 892 506 736 589 428 48 985 646 764 677 328 47 819 427 453 356 649 493 227 581 207 918 917 994 946 629 646 173 919 711 101 652 952 62 781 179 729 493 65 379 286 934 509 124 34 215 989 611 307 600 42 486 327 425 843 996 120 194 50 447 943 410 936 454 181 204 229 975 965 765 302 314 598 265 830 866 417 926 887 432 739 85 849 524 746 306 614 532 812 57 577 82 801 692 293 592 639 691 146 55 998 260 477 754 159 272 697 217 598 807 984 253 201 38 798 206 415 153 446 450 30 307 933 306 911 832 741 317 661 161 949 546 791 379 66 333 980 833 365 445 561 869 578 784 162 884 609 874 882 328 677 816 234 435 161 36 679 2 300 162 779 812 1 166 38 355 574 145 204 462 233 87 30 573 620 973 44 409 889 785 267 724 749 238 720 811 549 578 408 358 682 546 544 642 348 761 415 570 562 400 182 441 17 110 715 379 633 478 435 874 18 585 818 645 166 123 751 284 625 447 604 54 178 310 227 93 71 24 116 31 170 971 445 207 889 98 160 92 592 306 359 738 639 334 212 698 733 755 29 995 947 139 343 862 681 234 955 619 613 744 860 764 128 88 816 164 406 521 21 512 89 918 165 115 90 255 418 969 743 817 129 523 823 55 964 5 860 621 368 409 16 792 751 340 872 256 540 72 427 900 763 915 736 140 322 586 715 829 906 461 621 605 616 985 805 445 147 950 184 671 833 728 148 612 632 716 578 481 739 810 322 391 982 727 86 434 415 288 972 706 264 884 532 389 481 801 33 468 413 135 608 121 557 55 878 912 266 35 207 32 26 619 79 276 568 826 765 501 71 648 868 431 617 135 315 978 825 452 822 27 512 909 419 184 218 3 535 358 308 916 216 404 326 246 159 230 328 789 1000 25 461 668 105 106 388 843 217 282 179 435 560 36 512 725 194 525 611 460 726 512 
39 862 886 700 426 621 936 968 369 97 535 491 89 349 301 233 0 80 633 244 388 323 811 14 324 950 449 861 321 479 592 108 741 75 965 805 642 259 108 415 825 526 138 821 685 326 712 86 214 955 913 114 40 700 748 129 972 348 718 360 197 877 347 891 202 818 627 914 850 999 356 891 451 502 371 649 273 597 179 568 635 408 921 688 59 158 702 708 558 32 552 229 11 727 337 448 157 231 180 750 417 696 758 84 902 271 970 874 438 122 503 328 320 288 13 161 307 247 862 505 176 786 657 908 515 641 67 931 845 263 220 572 802 582 77 580 631 601 983 826 959 666 993 263 680 611 163 155 477 627 395 98 565 138 492 648 91 903 197 962 807 21 684 11 916 804 945 603 377 608 430 518 207 342 34 494 653 597 12 66 14 151 408 540 685 854 101 863 934 902 695 130 325 671 18 819 391 588 337 281 802 383 958 297 443 958 995 92 114 359 617 20 790 745 917 864 518 548 990 944 933 347 380 698 979 21 114 51 817 947 201 845 259 907 791 44 50 330 436 519 929 214 190 21 811 532 614 189 16 79 56 901 605 896 568 52 897 60 181 1000 717 455 743 976 497 334 127 827 308 183 773 399 374 28 556 434 326 221 918 998 390 846 586 489 167 907 718 428 21 543 324 77 497 406 432 489 398 889 517 920 225 576 98 397 405 133 855 188 356 430 138 986 312 654 64 318 465 729 41 306 477 342 679 559 730 536 909 115 401 602 538 665 76 4 721 259 88 779 440 789 819 51 990 407 470 209 74 435 539 43 418 364 977 906 264 616 665 424 685 607 542 610 622 984 703 113 330 479 458 759 259 108 570 144 393 726 490 581 208 807 361 538 297 433 204 801 869 289 459 282 138 145 65 206 170 940 913 925 734 873 415 901 357 29 717 982 201 629 522 372 491 507 248 933 477 131 925 890 482 715 845 485 751 858 846 598 21 17 427 784 778 936 825 422 582 669 633 488 392 76 890 155 477 808 530 845 226 608 359 742 542 736 332 818 84 576 655 512 123 996 57 52 697 785 177 288 582 825 336 664 786 871 970 216 816 456 546 22 394 374 641 697 679 635 425 397 789 396 272 836 911 792 595 528 372 895 436 228 720 892 
895 401 381 989 94 546 335 696 823 412 949 391 975 725 897 103 522 105 929 350 774 547 618 65 902 108 171 825 562 318 943 95 880 230 935 853 340 269 317 7 808 181 964 309 352 309 473 11 155 499 176 357 713 801 796 565 478 401 824 644 630 335 949 554 694 430 943 673 607 125 986 407 795 319 298 965 379 709 308 496 80 602 739 133 765 499 393 734 299 879 129 924 166 573 129 477 62 477 876 41 531 405 658 378 109 72 641 9 257 611 123 900 37 505 820 715 379 868 804 14 842 602 11 663 719 585 62 822 83 37 127 634 127 944 84 849 8 164 448 930 865 381 175 813 501 629 723 785 302 757 990 602 433 584 891 552 371 875 665 897 918 186 66 250 261 663 420 730 658 465 900 256 28 112 557 261 136 946 753 312 73 264 297 567 89 376 859 896 727 6 772 81 635 626 932 30 2 980 187 259 588 413 347 480 711 818 85 612 336 947 911 612 183 512 985 27 902 892 227 637 886 566 861 16 522 376 881 718 374 742 868 239 905 306 705 344 123 339 481 118 926 563 121 743 839 507 324 962 290 944 768 217 971 542 728 206 939 50 907 240 134 218 857 182 931 549 542 146 835 260 28 262 686 345 598 647 804 497 101 661 759 830 849 19 614 653 211 83 277 697 130 598 183 811 321 925 496 221 354 415 893 959 393 544 992 958 305 455 471 602 769 385 761 556 632 646 942 608 868 717 538 904 706 174 909 182 295 101 7 78 684 272 405 583 168 572 608 14 351 917 530 488 170 344 399 188 9 777 600 313 712 527 362 719 734 382 852 304 836 90 473 690 391 633 40 647 709 258 68 684 546 408 994 281 922 704 511 596 123 589 861 989 819 696 377 64 594 747 989 181 10 210 421 189 685 917 316 856 838 624 980 133 530 213 522 286 603 769 34 284 650 715 304 980 346 691 814 797 358 522 626 605 13 725 888 805 567 325 807 241 645 808 173 707 489 953 816 18 845 637 922 883 273 679 413 690 483 531 378 243 304 107 453 38 197 699 410 708 28 695 869 722 260 277 940 316 712 633 397 267 329 980 517 251 362 904 95 747 631 243 790 637 687 26 182 660 569 649 452 508 41 23 849 439 871 991 808 848 948 562 
228 697 625 6 372 356 609 782 715 850 317 258 670 453 758 966 884 873 600 408 361 418 460 844 40 57 960 333 176 882 520 264 775 615 256 622 230 847 43 508 215 698 347 855 235 691 648 535 154 598 229 997 238 284 853 853 212 553 694 70 793 875 517 167 462 95 697 877 430 962 985 885 742 267 856 924 277 69 978 65 336 905 357 499 572 325 43 355 641 915 329 686 16 141 290 446 330 136 435 239 626 501 926 768 650 817 195 322 442 270 407 400 955 912 483 969 963 621 360 662 72 734 554 336 364 753 524 478 806 171 545 736 831 202 412 818 362 248 687 94 886 563 851 395 708 202 640 617 471 931 651 999 605 841 985 586 238 310 982 487 548 680 325 740 700 709 756 172 430 73 604 150 462 457 964 484 641 121 546 384 207 434 284 934 406 406 927 291 706 89 757 709 819 252 409 699 37 502 455 550 330 142 227 846 924 639 45 376 496 933 664 163 739 794 96 510 373 246 969 204 306 989 906 176 684 540 963 743 408 754 735 943 666 760 217 740 27 949 49 314 20 408 351 550 346 657 535 565 246 724 498 501 828 847 587 580 117 655 867 204 563 18 712 306 605 821 397 739 34 999 553 596 371 591 676 356 227 597 480 655 624 899 457 235 5 568 282 839 649 361 743 902 151 499 506 363 551 22 727 501 715 292 112 564 789 465 714 803 313 762 511 331 489 845 207 353 811 945 835 675 783 717 380 614 700 211 514 744 705 139 604 344 664 353 800 812 50 313 541 102 656 271 487 144 143 801 692 287 934 548 810 494 21 388 365 979 716 290 364 263 43 832 898 722 181 842 988 659 28 852 598 70 327 72 340 820 203 315 168 836 775 975 454 452 820 690 643 985 113 131 375 489 665 869 78 414 108 3 813 689 660 159 527 699 631 765 767 636 119 132 819 726 723 616 458 186 248 884 415 948 387 346 83 101 813 598 526 930 482 872 809 790 290 782 875 638 184 152 420 168 747 800 699 142 529 350 158 306 223 763 100 915 149 702 510 365 927 910 593 674 258 538 93 454 176 441 521 32 520 185 13 186 365 993 514 96 369 499 123 431 1000 864 705 789 270 657 593 801 872 384 547 174 944 28 434 311 190 460 565 220 
394 708 755 999 870 292 850 90 426 558 726 846 22 825 960 864 414 958 701 919 501 561 612 761 224 454 702 964 426 266 211 571 200 24 499 296 562 368 98 356 543 302 711 457 392 837 594 72 300 696 487 745 182 373 125 96 697 746 904 691 601 610 110 992 614 550 710 515 670 140 88 191 256 602 899 574 682 315 231 492 17 148 988 863 106 622 696 17 946 603 342 834 688 540 803 90 831 422 250 983 503 230 273 276 229 844 688 685 193 52 323 572 195 339 941 264 714 164 953 79 361 170 339 150 273 971 30 313 731 502 877 565 291 793 850 435 730 393 652 648 747 587 550 7 355 486 523 678 983 924 601 475 882 356 746 466 227 294 188 71 238 373 1 492 343 205 197 550 782 349 727 879 787 581 825 790 644 124 270 750 876 393 726 291 838 553 848 783 819 211 164 273 581 315 381 933 392 430 544 692 102 235 10 468 654 192 203 763 34 332 95 852 500 522 284 601 83 421 803 921 294 91 5 832 457 58 239 134 672 982 833 606 424 847 875 469 521 718 138 657 208 818 636 79 342 981 74 641 308 308 674 81 889 400 341 16 582 75 693 530 119 546 381 122 695 365 862 74 693 122 841 662 711 284 952 555 138 340 880 297 330 106 282 612 117 330 216 798 244 505 777 250 710 54 562 625 752 442 469 75 832 18 760 5 762 942 290 412 517 719 166 210 49 351 361 995 110 226 462 256 798 201 553 767 408 591 432 535 346 78 827 65 241 339 685 563 764 572 551 800 282 357 193 672 650 167 176 977 332 27 455 172 52 513 601 576 471 892 786 251 307 125 632 640 99 86 600 939 531 568 305 622 885 124 593 122 283 947 433 631 436 790 707 131 521 458 779 122 279 573 688 774 263 588 126 372 404 502 666 595 366 756 370 27 698 334 140 676 480 393 513 759 541 606 480 820 996 847 46 453 295 566 791 627 142 449 780 8 273 5 20 851 134 886 190 988 240 10 731 111 745 770 579 146 107 250 270 265 771 83 247 663 268 268 234 39 47 279 801 6 364 346 879 737 204 137 376 768 101 361 567 487 611 674 473 784 20 644 981 221 511 799 756 560 299 642 119 315 33 155 746 130 635 933 32 361 241 703 449 581 
478 419 284 434 578 202 794 253 609 813 928 43 203 737 386 402 461 34 249 173 638 872 260 224 643 38 833 829 449 416 590 536 149 840 639 294 409 669 463 574 894 636 726 774 280 815 13 292 963 872 36 589 144 647 333 44 12 891 123 254 710 45 978 811 760 948 966 114 315 786 849 18 163 476 315 480 586 274 129 207 840 965 812 416 619 767 961 156 739 779 308 56 559 71 974 727 746 965 196 659 615 648 834 112 233 0 73 913 94 777 23 894 154 16 396 952 163 681 827 893 163 308 453 600 717 458 324 769 218 456 151 599 301 484 533 679 741 187 797 350 239 561 820 768 874 173 663 485 913 718 882 657 764 692 904 575 355 891 756 82 987 920 959 111 460 98 873 47 792 788 31 63 954 383 697 563 472 815 929 487 632 22 282 414 41 397 53 794 668 265 216 694 83 178 601 765 61 416 886 132 116 482 720 389 505 935 352 78 571 447 561 428 641 748 144 384 16 611 752 36 95 554 520 31 855 259 867 718 589 55 42 37 884 328 681 811 712 802 479 753 310 855 680 851 559 442 445 813 739 824 0 994 48 728 904 371 641 77 236 447 25 317 942 84 178 810 593 653 687 267 537 990 798 920 508 273 336 573 895 833 666 476 358 985 873 105 275 590 472 702 611 220 529 345 897 571 57 977 595 545 742 740 314 252 66 144 669 591 251 463 290 898 971 120 899 706 240 638 775 755 717 59 166 983 476 254 447 822 101 827 953 337 582 944 302 539 537 965 994 16 641 700 591 676 280 353 535 481 703 392 239 821 429 218 7 378 831 99 740 104 537 626 272 202 520 68 8 369 971 354 297 940 633 475 98 315 813 769 165 562 339 909 151 262 522 387 198 581 538 147 635 818 382 198 162 62 987 4 546 576 741 435 45 144 135 817 791 578 840 770 975 196 590 946 332 21 190 176 152 804 277 829 237 63 334 291 520 175 446 458 365 867 676 453 301 88 363 213 314 403 551 540 685 50 663 556 89 241 963 281 41 860 486 506 18 81 851 602 556 410 509 953 528 920 473 575 769 704 6 400 822 690 410 259 908 24 237 8 579 200 966 821 259 980 568 933 151 348 522 365 579 766 538 814 332 825 267 86 171 931 
375 196 111 626 470 282 716 532 558 726 271 707 982 388 429 118 33 691 445 202 992 272 644 203 832 730 112 777 966 801 899 600 945 670 563 550 521 678 670 371 741 198 499 901 236 454 813 678 518 24 863 925 892 853 666 516 801 128 443 760 575 675 355 561 418 450 676 798 471 953 261 526 852 318 650 405 675 397 766 199 835 29 131 239 391 832 969 744 152 812 148 399 655 312 96 583 586 472 653 718 307 830 514 578 113 426 810 911 232 891 979 759 682 986 496 500 456 165 111 415 921 974 765 42 163 299 461 38 137 310 395 907 612 609 178 244 768 131 519 418 229 78 833 828 570 586 620 279 503 406 343 606 118 595 413 349 945 812 336 112 768 798 420 767 92 908 375 438 816 15 602 195 380 936 437 716 428 452 173 283 223 226 515 448 127 330 823 275 534 326 801 640 670 340 642 1 602 118 705 950 427 547 152 65 230 178 15 18 576 123 111 386 36 247 503 608 13 960 344 775 399 156 161 651 677 36 557 387 506 426 383 757 425 789 310 818 238 853 657 927 736 98 412 894 530 636 379 601 794 349 100 946 728 379 61 785 915 95 909 422 661 716 287 329 519 932 518 585 257 682 235 283 269 711 91 630 134 96 388 519 35 455 624 905 651 724 595 493 296 45 192 224 775 880 304 918 441 810 246 230 965 515 601 891 952 250 803 974 400 451 81 580 487 179 958 301 166 872 539 747 670 299 613 564 784 633 426 852 536 777 649 651 355 870 444 906 16 817 884 685 560 579 677 398 63 253 165 386 782 574 60 395 550 605 298 699 740 969 236 61 804 832 440 803 479 547 201 509 870 82 377 217 354 827 387 350 150 190 977 459 525 571 613 501 492 111 361 708 320 772 255 849 141 751 42 50 667 578 465 937 461 976 946 611 252 155 843 11 110 475 953 934 40 444 101 934 241 674 241 473 796 82 342 699 746 953 331 127 54 400 446 221 534 771 185 987 507 988 11 302 258 482 975 884 224 73 333 898 388 819 750 340 785 168 954 626 265 87 620 458 986 942 0 865 466 831 261 766 206 98 842 419 930 678 83 888 629 812 536 152 250 456 522 406 874 563 912 233 403 141 831 177 963 166 233 150 0 503 979 545 
92 359 711 856 533 6 76 181 257 822 318 182 514 487 574 326 245 594 293 899 306 402 777 772 223 773 109 556 401 446 300 750 908 129 611 567 193 413 333 372 60 139 498 982 84 535 118 880 542 851 463 548 773 262 557 955 13 245 234 684 384 967 918 907 215 809 640 641 863 716 328 789 787 330 426 332 80 55 656 238 835 955 761 390 243 339 468 587 691 674 746 128 884 349 385 511 629 850 567 224 936 435 799 700 244 683 731 492 803 985 795 384 362 663 674 865 592 846 587 381 794 64 322 483 592 306 456 128 138 149 751 692 176 317 247 361 12 959 860 16 192 686 947 697 557 821 397 831 349 435 54 702 825 122 24 939 207 331 528 713 259 679 234 695 996 166 824 359 698 55 198 923 463 990 370 302 643 369 649 323 994 258 137 7 292 285 310 719 381 138 463 418 45 119 443 319 490 913 51 649 38 317 618 428 186 378 862 957 780 509 645 191 555 622 626 362 358 192 677 380 660 540 316 78 318 768 179 756 360 801 640 969 122 231 380 800 824 801 502 667 85 276 289 539 180 488 652 171 164 842 782 0 459 202 490 824 163 660 386 465 621 933 668 822 888 716 82 443 925 4 749 432 808 730 596 890 166 163 355 363 649 945 328 900 190 217 883 15 71 122 657 367 431 79 291 896 734 427 196 806 530 376 562 335 177 698 0 449 780 592 25 556 117 632 630 716 89 240 487 95 792 935 484 615 91 762 372 903 905 902 712 60 604 492 764 21 962 509 691 275 890 502 848 369 900 212 208 648 855 284 903 834 991 312 370 472 41 116 4 396 33 823 887 45 216 723 276 545 505 236 491 396 494 781 636 690 895 74 625 799 356 76 351 117 890 174 879 121 247 718 966 598 696 379 260 96 350 940 655 657 516 320 339 48 737 752 928 384 708 882 81 98 566 785 197 447 602 345 626 223 24 28 18 417 33 225 872 44 261 595 52 748 332 656 661 165 416 944 236 840 73 231 302 974 129 428 847 218 452 317 892 137 662 593 57 247 91 950 332 682 73 907 751 841 317 891 110 801 895 457 998 911 298 620 594 557 830 84 690 954 309 865 277 938 492 723 556 667 897 816 672 811 549 225 138 647 258 825 934 451 
828 279 745 64 951 386 292 8 569 112 707 534 50 443 734 714 40 689 701 925 258 137 611 825 374 982 67 559 788 786 987 595 749 834 229 845 439 689 873 799 492 900 421 886 600 102 600 341 242 905 489 248 841 652 78 981 397 390 994 402 199 727 85 1000 677 684 386 798 961 633 396 787 621 610 414 649 456 960 792 664 129 766 344 121 813 486 430 973 190 961 529 958 165 577 530 333 350 178 766 67 544 337 752 660 63 483 413 899 302 667 622 974 803 966 164 485 976 103 905 819 295 84 317 312 568 226 687 245 836 845 347 802 599 766 666 742 522 40 659 592 171 166 733 36 254 26 532 976 793 178 409 812 113 966 471 736 767 68 399 375 445 254 594 929 277 997 268 709 780 349 616 61 759 397 884 836 683 649 86 33 445 492 423 270 912 934 877 682 705 445 573 119 268 44 885 173 505 708 36 220 315 483 960 614 874 291 237 178 559 47 269 244 345 364 49 308 256 555 80 307 20 812 660 611 112 94 823 497 517 815 412 5 311 332 752 213 515 721 869 384 494 72 591 949 374 607 505 245 95 82 643 853 473 765 687 810 506 701 668 275 453 319 959 173 461 70 276 590 771 995 587 45 937 976 978 900 711 532 1 389 831 471 761 121 227 421 937 62 483 481 618 11 414 320 107 707 290 893 662 401 842 166 540 89 416 516 353 73 49 458 577 136 879 174 556 388 223 768 191 902 257 856 120 46 906 159 603 60 944 502 887 297 293 858 172 367 606 975 959 514 760 665 627 42 714 327 163 956 73 973 573 280 974 771 491 710 343 129 618 339 177 439 206 174 183 451 644 260 462 209 251 104 443 192 806 834 474 555 447 887 412 874 975 265 396 564 181 619 798 50 653 702 596 271 336 335 469 736 198 443 441 973 442 320 935 366 77 913 843 485 747 744 157 454 62 51 453 576 923 25 573 511 697 709 766 2 61 264 246 639 741 395 289 722 256 977 122 636 916 118 740 286 297 153 141 580 406 229 178 851 819 37 847 254 917 919 86 55 958 713 541 450 456 288 22 380 227 883 51 391 599 891 64 814 598 935 868 374 501 949 734 583 790 368 154 375 998 488 682 264 87 996 56 106 319 260 715 278 586 379 
549 392 220 973 701 234 206 362 988 883 892 384 930 511 731 857 235 394 610 766 151 711 36 328 88 532 517 940 648 800 7 165 842 401 202 136 74 603 218 792 676 596 171 538 32 242 375 428 487 497 391 464 425 917 705 588 428 42 348 114 752 61 117 982 674 740 152 340 312 739 541 830 503 163 854 118 939 541 550 371 673 371 637 972 10 500 951 543 166 567 414 840 531 961 654 175 759 417 136 502 303 479 871 293 156 964 53 221 351 933 606 83 679 285 390 328 568 437 687 579 636 974 125 407 762 374 517 386 569 675 979 290 80 27 163 609 352 820 626 40 307 805 718 883 185 884 576 521 181 42 932 518 719 885 819 554 234 684 105 180 739 929 898 617 7 282 594 168 974 344 984 462 489 666 886 133 79 320 481 637 898 32 332 863 471 732 593 704 636 633 765 507 441 964 946 219 368 387 995 207 976 6 714 375 64 64 938 194 726 518 792 422 585 218 659 707 376 870 665 992 338 192 601 173 392 437 390 796 871 623 689 110 921 549 318 430 210 521 323 433 397 23 513 68 479 536 420 579 685 111 813 176 549 79 543 83 292 882 101 651 92 785 762 851 425 209 8 869 428 215 306 675 969 110 47 28 844 457 609 328 753 500 20 998 743 729 853 500 541 696 721 871 364 647 597 196 51 37 409 880 955 7 105 983 563 58 764 28 576 492 190 18 885 289 989 261 453 171 128 341 566 860 381 650 982 90 442 695 491 425 305 556 917 90 826 892 212 906 55 863 557 631 882 396 918 38 69 855 136 532 636 550 80 926 197 101 882 810 636 725 634 930 968 549 989 347 91 906 919 873 467 386 675 892 950 757 978 481 297 863 605 192 827 755 253 603 685 409 486 339 228 362 142 222 97 12 928 579 743 787 803 755 425 20 748 374 250 345 436 565 812 902 342 636 538 132 151 814 819 511 122 217 712 380 396 680 740 852 660 139 133 819 382 664 705 586 927 655 740 856 776 878 37 216 748 295 328 978 346 663 562 508 28 876 156 640 22 196 630 164 536 130 267 445 956 671 386 49 502 336 59 206 476 833 596 281 590 757 566 890 0 752 324 598 229 93 762 130 602 662 854 874 957 404 533 751 60 24 798 75 
327 343 884 782 334 90 186 379 104 171 11 696 233 262 955 225 715 660 770 686 661 317 333 350 10 306 336 174 111 605 376 373 358 198 856 844 45 143 309 849 846 157 766 23 500 568 184 639 267 281 123 512 483 721 272 987 955 288 982 406 312 232 37 345 954 310 606 665 272 506 858 381 66 471 847 230 177 302 564 125 834 163 396 793 96 342 87 467 544 418 196 426 214 358 858 866 185 944 602 589 107 600 675 158 523 132 641 450 720 201 660 309 563 744 127 273 819 862 177 844 2 685 705 421 548 348 398 1000 105 775 881 916 973 37 99 317 234 891 427 766 124 593 820 218 262 246 329 134 724 833 127 167 604 314 799 378 184 975 908 365 141 862 710 652 862 686 631 527 158 176 876 648 41 37 513 900 743 783 833 460 922 702 198 827 991 155 485 577 380 577 93 398 906 414 126 174 325 331 841 330 891 87 411 994 602 770 745 250 968 291 651 161 271 170 439 353 793 698 851 672 502 483 627 667 558 959 322 726 118 786 98 156 645 823 544 270 358 998 777 185 41 271 907 394 935 461 208 215 10 820 651 867 86 877 357 620 192 749 303 857 207 925 479 620 191 169 118 862 50 651 334 904 181 803 475 774 52 814 991 424 416 534 57 349 998 169 634 315 782 925 818 698 77 702 707 162 218 308 433 676 76 409 673 663 639 890 922 348 526 291 666 942 480 361 776 339 466 580 227 533 689 484 270 85 187 996 160 12 545 566 490 591 254 813 316 980 669 778 317 589 920 829 765 94 832 895 54 724 351 422 775 266 296 761 535 774 899 386 959 655 206 539 183 926 915 981 206 418 919 247 981 299 311 62 648 661 649 597 329 860 325 564 474 568 608 645 107 673 454 631 15 342 566 302 791 856 137 539 486 83 246 691 71 773 228 97 576 14 62 878 877 264 838 29 96 787 103 940 729 867 780 641 392 119 568 236 44 858 810 253 53 979 809 502 698 346 814 153 852 244 893 920 122 974 496 14 78 649 743 38 965 284 392 631 948 997 746 471 728 858 963 286 52 673 68 284 319 146 402 478 120 697 505 296 53 624 692 56 68 681 37 691 441 299 227 335 529 739 928 778 571 315 803 284 663 654 88 951 697 941 
167 692 39 273 448 685 799 393 595 968 850 648 501 119 199 152 930 326 946 973 397 699 367 183 519 811 506 212 166 413 990 165 841 57 184 831 98 653 131 790 286 827 940 475 244 782 608 832 614 766 157 892 565 522 417 152 172 296 765 805 19 363 596 513 600 958 466 416 928 160 322 773 493 158 736 733 364 668 850 220 830 698 371 649 41 897 769 816 519 28 431 342 235 20 842 383 163 798 973 251 318 240 554 667 893 92 649 826 825 603 941 985 898 552 668 626 636 568 997 394 162 331 600 283 551 122 664 989 661 118 86 124 846 918 531 429 6 114 44 902 23 815 277 548 687 415 600 59 913 214 252 322 478 550 690 253 751 630 321 85 794 934 273 20 476 125 628 819 31 637 498 616 332 188 230 853 273 70 813 5 685 232 329 495 961 253 589 520 330 100 978 817 752 121 883 695 862 341 928 777 83 304 46 682 44 373 362 585 513 949 419 6 524 374 638 822 129 139 580 603 672 434 727 891 115 277 272 625 722 975 188 532 199 410 868 113 408 417 277 286 678 553 834 636 30 955 972 553 863 976 542 327 89 632 251 520 943 157 11 208 400 687 485 765 416 587 12 332 469 831 958 565 919 99 772 348 889 829 989 217 483 757 627 467 17 78 643 593 318 117 266 948 663 707 513 164 67 537 700 883 985 78 844 68 762 661 801 579 732 260 166 9 957 136 923 822 544 853 980 868 44 859 898 87 259 247 823 344 852 789 149 747 862 663 282 674 708 392 638 211 758 22 598 409 995 473 479 418 759 639 624 20 994 191 51 478 945 661 650 387 37 523 302 906 461 597 747 281 848 317 628 510 798 978 469 661 3 152 652 320 375 669 848 852 443 110 910 282 287 948 399 666 196 894 220 798 345 58 778 236 265 284 770 792 816 702 793 425 295 835 327 737 656 682 245 68 718 682 672 446 346 41 621 375 754 814 419 149 134 823 766 859 847 311 468 110 820 14 790 395 899 618 68 608 621 475 607 955 877 178 450 721 364 223 872 603 967 160 611 928 135 343 448 721 154 486 339 215 953 127 494 981 753 394 867 545 67 19 488 738 719 136 226 703 685 356 154 873 486 579 391 138 331 571 77 817 210 344 762 367 
615 636 107 36 257 646 56 544 179 783 547 671 834 817 392 170 950 77 351 856 870 264 662 583 616 71 821 890 134 517 978 1000 34 6 106 508 649 411 577 407 315 134 753 870 937 615 453 940 819 223 898 982 321 529 980 299 258 566 694 695 909 748 832 282 997 307 589 921 81 807 133 655 367 891 276 9 573 451 57 736 831 631 675 366 617 561 750 355 219 76 694 482 754 854 384 113 818 962 553 5 446 635 235 235 867 376 770 603 761 421 874 943 738 412 587 515 9 668 914 882 512 447 270 461 788 250 132 843 304 420 278 220 358 206 165 41 807 752 161 324 574 167 544 337 64 630 554 521 519 48 727 356 365 672 524 838 798 604 97 834 50 613 933 208 783 489 590 382 133 645 608 371 215 670 820 596 131 523 184 966 763 90 482 865 116 715 585 533 760 315 588 364 292 502 812 53 790 375 881 411 585 847 811 801 622 933 818 309 176 637 38 866 1000 603 335 466 793 431 799 981 332 915 93 461 667 39 606 911 975 313 567 832 957 754 395 623 981 233 444 278 476 246 865 944 506 250 74 477 796 407 837 984 964 789 678 36 225 274 824 419 684 493 925 183 650 123 402 467 16 70 716 246 214 44 249 280 76 241 695 222 337 482 669 930 658 780 975 556 579 697 402 632 741 468 253 385 283 721 719 380 714 901 982 848 841 192 802 332 821 35 78 887 24 338 893 452 109 953 311 773 489 678 600 18 45 935 125 922 827 271 174 471 862 36 707 635 817 385 556 42 853 96 391 616 328 177 138 775 8 131 919 103 182 443 399 85 636 358 734 342 966 773 693 189 416 660 782 157 961 887 150 180 182 371 318 652 908 658 509 826 28 518 197 674 136 640 330 964 415 576 27 423 505 664 491 450 64 224 978 71 796 772 386 102 889 689 961 402 616 832 598 661 233 296 860 917 541 347 498 387 615 162 937 219 270 209 632 395 28 426 593 340 262 318 362 765 584 105 836 801 389 222 728 565 579 367 714 119 160 655 488 108 346 738 382 570 546 79 628 221 214 162 612 183 81 831 71 846 155 89 70 451 710 562 811 793 245 928 966 272 973 463 615 830 26 998 794 225 87 756 330 731 426 621 236 32 767 724 798 402 
768 557 577 431 181 229 291 684 203 353 362 903 456 267 877 38 71 936 879 834 505 501 646 275 75 536 913 468 461 859 554 677 987 829 491 720 55 857 724 377 167 681 60 247 130 491 257 76 573 51 78 827 195 257 52 908 930 823 326 836 21 982 448 520 443 278 704 504 75 388 862 709 41 309 850 947 410 520 938 636 126 693 973 938 999 477 378 551 954 273 181 425 285 998 246 73 464 477 564 790 671 358 789 971 732 816 651 621 441 20 205 744 237 372 140 506 440 319 958 457 430 262 528 92 384 639 862 762 615 599 630 326 465 558 156 988 227 660 369 230 250 935 817 847 799 516 952 719 64 103 105 888 556 379 473 45 643 416 274 855 284 241 553 480 899 641 639 327 571 948 349 182 788 675 463 845 684 895 91 535 461 630 430 949 237 18 995 967 124 68 920 162 433 106 205 764 903 587 158 584 720 309 344 462 694 487 797 978 130 205 810 263 318 518 10 577 171 729 398 952 277 32 930 942 243 239 916 550 312 132 170 199 978 207 269 406 915 248 728 470 532 60 683 908 423 742 593 176 517 215 867 538 811 229 859 216 64 19 256 515 410 990 298 271 588 922 568 502 286 438 213 99 149 381 214 780 68 447 732 1000 441 919 72 574 657 52 758 761 981 630 629 155 606 525 587 823 410 153 873 105 989 358 60 484 445 956 525 906 42 701 274 412 618 586 79 896 80 720 240 89 840 472 932 623 982 145 463 329 985 710 436 529 648 891 297 194 423 312 294 866 409 569 161 897 775 737 305 662 644 848 555 840 317 193 306 757 245 516 725 744 679 946 944 700 189 52 236 253 953 863 353 60 762 995 319 118 259 359 57 800 501 153 50 788 715 475 338 107 890 866 276 57 691 121 493 861 926 68 974 402 498 593 164 322 546 901 363 202 98 679 410 27 227 914 557 510 12 34 989 624 285 473 451 314 576 328 44 444 130 1000 134 520 422 707 498 317 172 127 254 784 991 323 140 572 453 413 943 287 912 762 337 215 413 647 132 590 665 550 389 447 440 202 730 981 790 362 407 333 145 139 819 73 840 343 453 130 428 30 332 283 848 133 729 367 36 818 188 636 233 81 996 448 542 430 474 524 760 965 264 659 
671 912 610 462 263 821 503 755 494 69 0 841 676 964 146 653 563 854 861 336 65 511 380 38 210 863 227 828 286 81 963 434 103 304 542 395 730 907 669 200 391 49 539 232 0 652 680 858 169 465 81 650 101 857 124 220 426 685 761 680 264 431 609 731 343 379 816 540 140 411 772 39 886 404 15 914 873 722 342 697 442 970 732 252 401 569 453 217 140 530 931 530 176 190 646 65 964 575 179 276 825 915 610 428 768 684 135 336 173 393 932 389 57 256 214 200 247 271 25 40 465 360 668 942 793 503 813 130 650 428 335 909 219 333 132 157 743 84 528 771 717 681 986 780 964 197 233 745 655 708 591 945 250 312 293 812 135 420 121 628 893 475 878 825 371 666 663 507 412 944 895 251 754 458 783 837 631 422 892 874 974 937 234 177 146 42 432 88 198 612 319 142 621 85 514 616 360 781 637 41 788 203 371 397 803 718 116 144 171 626 872 791 76 183 793 309 147 938 192 768 687 601 570 80 855 543 333 804 558 907 766 158 827 804 179 701 639 449 217 469 592 973 566 421 993 435 703 163 632 70 139 448 98 119 797 55 933 484 235 54 38 486 561 42 16 835 863 792 33 753 737 611 466 727 304 716 533 378 205 591 844 527 950 919 409 55 773 814 52 218 330 403 459 763 731 425 107 268 48 416 16 125 866 473 155 820 222 638 287 958 276 308 291 854 121 481 76 479 47 87 574 807 32 374 406 615 545 62 212 931 318 215 705 986 849 167 411 205 433 234 304 328 355 478 238 852 390 627 97 494 943 942 924 488 586 93 258 769 146 944 948 820 205 779 445 819 641 374 249 905 106 562 361 978 848 85 469 466 353 848 369 536 537 500 226 880 325 241 541 612 782 955 202 833 426 770 311 936 187 320 695 820 581 690 412 441 872 699 917 711 979 640 190 744 643 938 746 177 236 872 122 979 800 142 842 185 194 210 541 374 801 554 262 797 821 488 680 277 139 719 392 120 646 151 688 305 512 177 2 345 955 138 139 337 781 773 631 754 264 615 283 91 910 19 641 456 821 670 610 247 189 194 160 54 191 639 961 559 705 786 572 226 793 143 740 706 508 875 210 419 144 349 114 238 937 74 959 319 772 254 
105 72 41 825 199 626 6 812 998 14 241 165 940 426 633 248 74 38 340 985 83 134 471 14 898 132 230 856 733 783 255 198 679 365 297 768 951 879 421 937 332 419 459 464 782 160 255 128 541 272 9 996 304 690 50 978 642 301 593 890 145 811 147 63 399 660 946 756 604 117 361 775 474 963 764 876 99 597 504 890 803 292 369 957 196 427 133 413 872 654 282 953 436 440 400 344 384 943 248 952 739 963 942 815 373 235 621 275 422 238 73 19 973 646 585 105 836 938 188 339 393 451 263 102 802 742 862 714 629 432 706 717 184 761 906 96 4 928 373 78 903 299 725 235 943 339 663 158 587 679 416 920 348 489 502 95 620 639 319 63 615 466 406 993 679 201 75 347 666 849 932 326 237 665 564 904 360 406 912 925 678 756 901 463 562 910 72 363 429 774 763 174 849 809 420 62 672 866 474 760 195 197 659 558 386 721 696 59 505 284 764 395 61 200 610 864 989 943 290 898 657 925 933 750 954 778 166 696 470 191 85 597 383 290 895 696 467 240 631 745 513 801 990 108 930 201 934 770 912 413 65 414 10 726 806 585 316 835 107 237 164 523 886 306 135 913 841 163 969 111 185 304 656 112 922 427 206 749 382 845 955 426 747 355 155 820 635 2 2 992 330 15 247 195 654 933 910 137 984 53 928 929 617 264 378 736 200 912 597 626 162 656 876 212 876 713 663 895 282 415 769 1000 231 735 203 488 360 663 600 537 257 511 383 800 345 772 91 675 721 690 841 916 315 219 563 19 11 549 132 37 221 770 232 128 63 355 209 822 496 33 50 218 40 229 50 661 432 22 985 70 43 95 386 579 730 273 741 451 497 531 212 540 531 789 308 672 74 801 800 107 473 562 82 321 164 135 778 420 517 953 538 349 570 217 230 927 879 490 724 237 576 908 954 789 893 391 808 660 758 507 814 24 832 793 430 373 990 574 883 570 512 841 915 783 41 183 207 656 656 987 257 656 315 928 510 483 721 332 817 157 734 282 845 609 775 998 325 340 209 422 240 440 248 207 791 274 494 113 709 399 844 291 472 717 873 631 275 307 415 177 653 149 430 178 636 893 929 552 436 651 758 537 390 594 880 572 928 204 825 120 
240 445 173 167 68 164 792 77 814 556 90 348 988 342 193 108 915 345 121 584 200 407 344 6 144 163 391 777 171 816 672 395 818 909 734 746 433 429 334 2 683 868 440 683 705 828 949 402 594 678 676 521 291 682 852 44 466 692 747 114 912 114 641 675 595 273 529 613 89 625 765 266 214 490 120 239 615 158 952 817 818 501 729 937 625 795 937 458 260 78 565 716 806 298 473 946 527 244 6 507 432 167 415 984 388 920 867 192 253 499 987 103 97 769 781 720 427 294 439 33 379 690 462 362 130 995 859 833 962 42 528 871 651 371 107 484 493 900 900 329 713 714 997 136 740 423 60 731 357 601 678 319 482 86 341 491 67 98 205 853 465 252 521 942 410 805 968 931 813 273 50 398 223 666 511 545 846 851 490 415 355 761 702 719 732 282 347 366 944 15 760 905 352 311 389 585 812 689 194 34 728 730 301 494 759 792 718 272 413 410 397 949 318 964 498 860 159 688 17 475 561 379 764 555 101 495 902 53 327 33 266 234 61 274 163 170 182 238 994 23 519 296 907 205 209 19 531 622 995 746 925 897 455 893 118 199 540 517 45 772 494 188 917 760 265 782 263 868 724 726 809 951 97 699 317 322 770 292 454 147 466 127 175 572 33 454 744 693 259 803 141 150 511 652 548 934 730 604 818 1 301 556 577 504 598 355 291 304 377 183 650 467 696 663 224 407 868 763 574 37 740 303 945 742 527 704 345 453 619 434 261 273 512 794 686 987 115 368 359 512 554 808 349 691 130 586 566 95 242 895 458 302 981 877 740 936 155 513 427 475 328 301 672 882 37 3 860 686 473 729 874 530 660 581 605 510 853 640 9 785 71 108 9 798 895 140 280 821 338 682 417 379 101 738 769 316 368 846 718 723 670 550 990 84 852 704 299 583 16 921 833 791 334 62 818 648 964 73 733 322 893 870 182 521 919 797 275 702 204 496 506 7 663 480 142 535 549 635 963 109 478 603 883 499 890 708 379 292 136 244 886 97 308 732 420 804 821 995 827 784 673 503 994 277 507 499 788 695 414 626 635 273 748 266 87 236 722 430 157 325 619 174 758 186 836 932 784 902 480 608 119 696 183 795 739 670 46 853 310 714 
132 81 764 125 717 832 827 618 410 56 237 112 78 624 736 459 138 597 15 689 526 47 884 799 551 706 616 345 753 829 711 863 908 290 139 430 464 896 668 11 482 505 468 836 902 838 981 164 617 154 55 801 157 261 312 260 978 710 115 820 579 513 366 113 318 718 253 738 960 375 639 609 900 865 220 651 242 119 286 403 596 953 589 979 198 601 388 169 588 808 775 606 813 295 545 514 694 425 409 864 178 504 272 873 788 249 641 413 792 756 968 544 123 251 169 702 403 897 776 471 982 50 507 649 377 566 406 102 726 939 844 380 807 929 934 89 910 96 780 520 836 354 331 394 915 583 162 104 676 635 764 6 904 953 295 66 995 716 946 67 124 464 60 877 701 890 292 361 675 679 964 375 103 383 584 497 83 925 593 828 875 782 569 51 325 253 130 985 614 859 506 766 282 766 921 381 276 925 973 444 488 272 329 548 311 474 866 432 880 364 142 60 972 823 295 413 19 958 627 648 692 565 650 595 952 154 162 868 961 100 753 329 380 253 894 256 913 22 749 429 953 572 499 949 332 170 194 909 885 602 668 375 892 1000 350 560 631 396 638 738 520 7 512 245 346 807 459 152 452 232 806 860 38 641 884 297 655 408 715 808 23 234 82 337 921 604 79 886 401 856 435 779 902 842 679 25 460 955 969 344 868 173 734 967 742 329 258 176 157 448 854 247 514 999 299 432 48 226 7 480 907 815 860 286 809 769 689 381 830 938 70 234 135 511 306 461 855 110 354 101 818 326 279 134 641 294 899 736 101 83 220 958 415 470 203 580 49 937 631 770 244 679 836 665 43 775 815 74 234 404 564 351 687 369 585 901 191 277 149 746 832 7 754 506 755 653 839 66 853 659 327 870 109 121 262 887 582 777 784 476 783 154 53 919 558 293 461 316 437 336 213 678 338 125 71 210 661 60 895 880 933 990 899 728 855 188 871 449 304 576 200 655 354 346 570 780 61 808 686 988 87 44 473 558 832 536 607 32 301 693 986 20 362 139 37 277 912 80 386 450 696 262 903 470 166 735 481 471 757 547 567 110 723 735 946 881 959 500 140 851 53 211 141 610 741 969 71 112 982 634 85 956 832 791 405 898 694 801 801 111 
195 442 170 967 828 455 517 286 257 943 684 339 638 26 706 477 216 602 245 78 357 563 913 947 882 965 623 335 800 343 977 372 788 655 321 491 232 732 213 917 133 515 17 236 808 90 420 251 173 817 700 555 926 111 826 457 974 249 850 566 934 463 701 325 614 342 692 27 472 537 12 620 983 837 855 13 753 680 690 670 200 477 839 881 326 66 716 755 769 747 157 929 301 170 808 168 663 792 552 670 974 598 649 981 52 509 781 379 779 232 11 186 290 52 819 277 397 532 432 324 908 342 369 950 716 448 157 673 57 884 26 385 678 12 318 220 203 256 928 206 266 8 787 55 366 918 295 521 864 221 356 586 771 71 284 880 74 417 141 682 542 991 678 62 545 507 656 464 181 670 480 409 398 748 397 137 715 654 52 352 585 347 907 297 488 145 195 444 21 549 478 93 139 17 422 857 856 343 331 834 191 577 628 121 331 484 460 516 697 336 525 407 199 30 596 9 775 218 451 847 218 378 502 691 277 167 891 991 654 728 884 207 845 26 945 60 732 873 947 433 590 264 590 426 450 795 820 832 926 499 3 572 608 555 372 356 724 77 575 242 547 576 497 295 730 457 437 51 214 959 849 905 982 51 748 523 453 590 474 26 540 365 175 359 104 207 362 696 443 916 915 100 981 773 82 739 229 219 817 314 589 652 412 781 579 283 190 694 421 615 200 744 702 578 796 436 488 405 628 316 359 164 802 84 440 503 366 67 791 519 238 846 838 369 980 345 98 895 632 959 420 116 372 615 692 617 105 266 176 14 631 787 989 758 927 315 875 487 297 423 370 646 230 266 745 155 893 659 36 185 202 162 768 836 720 377 589 239 871 362 131 138 313 712 540 883 405 546 542 389 966 958 487 283 453 855 564 336 414 192 456 718 103 889 861 463 918 940 508 120 813 21 221 178 677 503 529 861 812 57 8 288 851 550 933 691 316 683 258 929 75 250 658 538 732 921 493 739 3 468 291 286 116 617 892 599 522 467 454 790 64 632 52 427 7 997 509 684 789 962 169 61 870 39 335 414 715 513 880 871 279 36 903 446 970 217 158 392 159 317 861 729 906 40 877 54 717 573 367 411 917 613 712 867 933 985 21 700 650 781 
883 213 467 631 578 561 77 823 665 403 968 528 257 350 829 859 175 443 939 110 371 467 676 15 979 671 38 111 494 394 77 80 295 419 448 141 887 477 507 996 284 210 418 432 398 3 532 503 136 359 533 120 599 396 573 382 773 772 756 343 635 482 667 231 862 17 689 645 229 698 730 712 565 520 58 358 438 49 847 83 902 275 330 122 607 84 637 207 975 466 432 660 329 633 245 863 515 606 882 315 580 562 46 778 420 803 525 292 551 275 183 137 628 503 536 537 945 845 944 648 443 737 770 946 325 175 492 866 733 888 379 699 280 799 475 511 702 28 123 389 65 125 8 938 192 817 633 168 590 204 722 849 995 380 894 804 245 955 692 438 127 985 901 50 60 369 727 289 586 658 298 696 113 813 246 403 173 321 80 132 895 570 350 201 68 10 479 145 666 516 585 435 3 177 845 450 267 635 398 146 543 845 115 728 680 485 243 253 626 764 830 132 881 251 465 853 649 365 668 793 12 181 218 819 509 510 419 273 84 757 882 711 50 48 694 319 351 628 486 60 812 525 295 491 471 699 521 378 161 290 2 130 49 822 842 354 58 55 76 804 364 841 50 345 314 878 347 550 162 41 236 793 291 873 763 286 100 800 948 696 775 106 541 968 844 90 536 194 851 315 385 5 647 595 215 535 760 906 571 613 52 654 937 535 723 223 147 54 18 427 914 425 948 273 141 214 477 934 433 996 301 1 686 704 700 526 178 905 658 46 653 335 845 427 828 429 835 530 806 935 219 371 77 993 604 37 313 176 182 563 139 375 646 528 261 700 664 414 876 389 311 238 140 769 633 246 349 605 348 433 514 481 351 689 763 395 250 152 986 767 374 48 965 850 755 777 350 647 689 612 89 465 38 640 63 329 404 490 717 854 746 648 647 43 252 300 524 12 500 675 462 639 606 997 817 133 409 932 492 515 916 894 959 588 250 545 368 150 193 851 339 99 112 308 28 571 207 438 856 152 438 964 158 225 199 631 249 135 347 1 113 335 275 607 698 338 377 241 562 137 895 773 362 824 746 473 337 616 725 442 142 225 955 682 218 201 296 696 659 477 204 952 318 567 483 756 974 954 806 723 82 174 46 373 863 203 237 239 1000 482 
440 266 526 938 673 795 619 269 410 820 114 129 429 77 303 312 678 504 220 582 906 284 950 52 898 345 915 330 289 545 892 108 941 517 183 358 572 748 884 313 935 352 459 50 837 185 502 480 766 765 532 909 543 480 421 713 152 399 68 3 138 269 364 912 957 542 88 321 657 200 580 823 304 855 13 275 994 422 618 34 808 12 259 142 47 949 330 651 143 142 387 871 259 559 112 585 418 304 65 492 900 180 839 621 399 279 826 228 957 204 905 553 260 225 908 61 233 70 372 717 910 532 526 55 978 829 713 76 93 111 94 215 512 141 66 500 664 481 980 504 991 672 385 65 314 531 899 68 84 162 536 508 91 980 93 644 464 27 437 495 724 66 411 920 344 759 20 751 457 120 342 21 355 180 92 641 262 932 71 386 102 711 524 47 214 592 314 16 493 227 505 422 265 304 506 827 457 533 527 758 68 14 41 725 837 151 452 147 88 32 227 218 506 838 222 68 510 311 893 555 760 79 911 296 508 262 590 141 398 413 810 117 609 299 173 279 493 589 655 649 926 335 623 329 89 152 475 86 282 271 155 404 782 602 275 806 16 73 141 266 433 517 728 649 934 60 395 537 67 309 687 966 304 137 283 345 321 738 535 209 724 677 839 924 840 933 574 148 578 49 451 114 737 803 919 506 647 323 699 705 431 110 638 950 576 208 198 146 478 171 570 568 626 956 348 262 293 452 645 667 180 866 173 434 96 326 221 174 987 306 623 861 450 744 184 318 634 727 820 340 74 710 750 786 912 961 793 901 280 357 388 343 709 219 413 856 63 528 8 87 206 757 553 60 999 620 790 2 228 926 949 346 995 762 644 947 993 900 438 669 214 862 960 8 427 465 363 905 98 13 917 231 164 798 447 562 600 988 637 809 762 250 845 223 204 752 375 597 298 248 897 979 965 594 552 432 850 790 180 247 148 368 476 336 940 573 309 4 477 66 372 540 204 174 148 322 68 522 464 44 754 382 368 158 271 290 734 458 97 161 163 81 103 660 424 470 146 299 498 1 532 530 398 759 314 341 778 172 838 834 841 431 820 942 84 280 37 651 712 346 577 994 265 301 902 249 182 423 685 428 255 734 50 802 559 442 979 1000 824 559 
217 773 904 611 45 709 390 150 957 689 32 637 42 638 731 996 239 422 109 527 679 970 682 182 548 938 789 705 223 930 446 21 690 281 238 268 103 98 991 633 93 857 496 299 208 768 961 678 554 653 8 302 543 847 104 454 361 238 14 134 333 666 811 577 971 422 124 574 565 26 729 97 173 474 569 144 726 516 768 245 937 380 468 739 421 868 942 168 634 765 471 576 566 535 762 330 664 222 137 339 904 840 495 87 287 641 860 935 919 991 863 930 542 906 191 802 929 713 769 917 16 706 670 390 678 723 270 767 767 54 451 108 140 114 877 731 143 705 569 472 56 611 589 506 358 924 231 18 661 250 178 156 180 44 65 852 511 184 590 371 113 249 103 960 934 111 693 656 342 857 457 201 661 997 548 904 275 275 28 299 644 3 313 568 206 669 415 801 404 834 737 376 733 930 677 809 20 21 216 105 264 224 93 604 215 655 339 934 594 735 349 690 914 291 262 698 479 725 717 195 173 891 472 455 245 751 795 308 350 263 144 579 740 766 552 766 203 999 889 728 788 624 250 133 968 701 564 370 591 232 906 155 603 622 26 196 797 283 63 289 195 878 660 370 443 352 36 731 548 483 449 795 404 105 905 417 310 862 728 626 844 364 503 612 467 964 884 404 400 539 988 255 709 551 847 279 915 520 471 793 63 465 183 514 843 313 894 476 6 345 997 345 61 715 334 602 790 90 152 656 546 268 797 185 880 346 721 356 290 495 490 29 483 167 969 551 7 192 538 793 946 193 707 209 194 278 684 175 729 60 804 121 631 398 142 823 330 88 121 98 774 794 959 673 236 705 963 797 625 523 983 160 997 302 752 220 528 232 280 686 191 621 571 635 135 959 619 987 699 821 499 373 762 412 201 174 427 509 549 94 378 78 408 439 495 779 210 99 880 202 168 443 468 955 987 123 683 321 975 80 913 863 627 946 184 684 329 88 424 184 363 569 869 314 773 217 230 241 794 402 712 464 179 465 459 251 31 481 237 450 275 461 625 56 362 60 874 183 945 530 31 21 290 145 148 50 586 79 691 817 473 887 459 638 286 914 580 348 436 73 440 860 119 347 476 414 454 289 934 545 52 511 21 65 775 641 851 868 1 883 
989 96 632 846 344 111 675 500 408 658 778 357 990 249 667 86 228 367 306 195 961 533 188 215 264 307 709 789 516 400 957 261 581 837 147 592 410 668 273 813 303 0 50 463 497 855 229 34 252 289 180 290 349 663 689 122 115 779 752 86 359 399 50 171 398 877 41 705 5 513 673 571 137 963 368 811 248 148 476 186 165 808 113 92 630 966 170 261 602 820 700 942 918 618 398 462 44 471 394 809 503 90 222 132 123 50 599 339 157 654 283 372 119 507 94 497 333 529 131 21 577 873 727 102 353 696 230 770 326 682 180 278 626 202 332 644 560 280 235 571 938 562 940 443 831 889 504 588 507 756 513 385 718 928 715 976 742 654 139 536 876 831 331 360 318 443 553 524 547 769 881 871 72 546 662 973 457 289 740 251 281 10 752 172 218 311 692 743 162 242 794 571 602 548 977 339 775 853 326 531 747 818 434 721 483 266 375 882 900 197 122 45 557 390 35 134 788 263 943 118 267 267 416 763 720 93 782 364 746 1000 860 361 168 914 984 410 544 101 967 26 220 285 835 925 545 465 302 128 136 854 660 882 250 733 985 339 977 592 764 803 489 490 190 455 91 486 966 735 577 347 196 621 777 541 48 957 401 794 180 21 405 65 442 30 855 980 867 89 189 32 158 688 414 150 208 74 108 77 406 825 739 860 101 284 454 109 905 618 658 992 887 219 140 926 858 371 724 98 671 582 201 298 380 541 813 662 13 905 23 805 376 347 564 96 303 58 617 505 496 837 514 9 382 347 54 474 775 920 711 815 828 661 161 588 473 881 401 105 282 715 389 683 606 630 612 738 116 559 204 402 509 441 549 610 617 767 152 556 938 452 425 744 747 135 982 219 999 481 555 244 703 818 963 652 904 930 660 440 231 76 20 294 285 7 780 780 74 451 456 208 595 312 902 966 428 766 368 729 618 695 90 404 112 205 388 895 167 315 527 888 138 18 400 991 872 382 620 295 686 889 214 120 820 569 582 167 862 854 233 87 31 599 294 889 534 299 6 1000 216 88 374 497 227 82 538 858 134 352 817 391 985 403 283 296 60 83 830 505 551 236 218 493 790 920 986 264 301 451 41 181 443 573 788 960 392 24 350 283 604 338 
228 421 55 850 403 784 217 130 421 384 679 40 851 506 212 47 24 698 470 551 941 145 823 943 640 433 93 675 419 41 745 123 332 52 702 385 153 252 178 229 435 624 688 717 919 860 428 904 197 623 179 253 652 794 350 241 765 793 742 471 381 594 210 650 245 486 497 485 501 333 626 483 811 922 943 376 505 443 975 575 504 99 795 269 540 123 881 98 333 784 398 628 177 341 44 880 348 833 373 892 77 456 86 384 213 594 294 590 695 25 853 605 337 874 535 863 504 364 892 926 154 416 737 197 806 281 752 98 221 793 352 359 440 307 504 809 922 812 459 191 266 955 573 878 735 119 242 136 607 220 568 57 648 876 854 806 20 211 894 123 527 483 249 255 991 379 633 602 310 529 344 705 191 580 43 971 924 575 400 227 839 290 415 516 432 615 624 775 12 26 618 618 944 28 908 991 349 506 95 118 19 240 0 245 900 429 706 390 923 190 436 371 981 506 709 495 193 201 640 695 613 134 587 18 914 651 353 473 882 25 924 92 716 625 998 209 570 614 663 263 730 298 888 359 806 393 38 492 646 503 104 1000 363 130 338 492 547 679 934 453 679 312 647 763 86 64 776 493 857 570 647 297 156 693 156 386 523 148 113 587 862 811 296 130 520 804 339 481 321 86 2 259 263 683 67 903 70 224 274 22 858 708 767 805 15 543 348 502 208 319 365 566 942 723 674 715 182 697 437 673 377 226 27 112 361 588 903 890 421 35 795 98 82 189 78 809 52 189 685 506 934 1000 267 792 707 927 155 85 323 769 885 310 841 598 565 140 774 179 60 40 237 265 841 384 856 977 688 915 193 682 358 806 167 901 944 418 767 847 469 892 517 615 949 561 256 637 926 491 45 374 211 134 243 560 529 537 691 356 806 200 54 45 899 91 737 256 341 151 466 440 36 807 316 219 458 643 25 423 644 408 986 455 468 600 398 295 784 967 89 818 966 147 57 124 793 803 621 14 358 463 961 344 828 266 32 386 285 793 127 844 472 464 514 794 74 624 508 619 767 332 115 858 163 645 979 222 818 532 583 589 100 170 815 118 460 59 9 914 437 782 858 521 240 811 802 314 476 921 506 463 520 948 391 973 680 787 877 257 548 808 
881 544 505 323 288 150 537 370 344 459 73 449 365 516 358 429 154 834 778 61 645 426 740 565 34 108 492 777 845 790 105 556 204 282 425 629 156 190 908 987 638 632 777 953 805 833 901 457 280 577 256 771 733 855 97 585 991 530 881 404 426 304 592 443 101 311 470 978 103 908 649 758 300 719 808 849 567 629 86 528 225 667 257 86 498 898 380 894 248 188 813 425 984 377 739 503 372 618 488 729 312 118 289 623 477 864 164 961 439 117 425 268 45 461 785 313 820 334 761 275 770 810 575 713 359 947 207 933 118 606 918 382 973 825 583 654 215 264 66 916 389 368 612 835 750 502 516 503 708 607 850 583 334 976 829 935 596 894 525 164 635 38 615 699 260 165 564 77 504 194 707 132 773 154 527 379 443 694 216 866 347 523 944 607 304 237 357 24 93 39 889 796 957 415 949 108 733 486 741 352 485 911 242 917 610 446 513 540 152 449 782 260 528 647 179 338 11 913 876 125 850 393 908 221 335 980 45 195 610 104 233 598 589 537 930 990 606 530 571 797 754 409 219 298 889 102 79 95 133 935 261 745 67 506 682 709 820 41 852 667 854 322 108 352 169 150 112 521 264 793 729 62 21 453 555 539 807 630 70 569 238 120 247 868 550 70 101 196 597 451 784 314 587 56 986 624 348 801 101 438 983 39 278 559 323 272 22 319 267 523 221 14 477 835 644 418 41 407 693 133 990 119 498 200 512 286 852 160 461 27 417 207 634 37 254 124 191 681 484 361 743 401 772 721 435 435 275 729 435 815 459 439 209 551 574 806 255 889 557 439 564 916 983 143 633 265 81 107 927 977 201 947 612 544 278 883 334 0 432 139 262 220 386 622 803 29 683 316 240 351 912 310 28 428 825 211 987 477 931 687 224 746 585 313 445 978 687 284 803 156 329 58 301 650 754 557 430 472 62 734 13 440 267 529 923 977 99 698 195 449 449 27 778 878 462 149 751 733 269 722 536 164 131 786 544 801 867 713 919 12 907 240 819 105 589 814 106 894 699 969 105 591 46 477 766 825 608 197 649 143 525 312 761 536 431 112 784 897 121 848 147 355 426 920 126 629 246 743 407 430 822 803 478 669 280 92 37 297 291 380 
351 377 467 85 837 54 907 163 701 138 264 548 730 688 219 798 146 559 653 165 340 504 136 896 344 729 58 698 162 755 238 13 166 692 213 283 967 681 627 671 276 211 476 612 816 810 392 633 850 724 642 613 930 218 891 741 108 733 770 222 736 250 611 458 893 220 279 750 676 954 798 766 249 809 38 496 444 443 61 54 609 954 147 160 676 51 382 747 9 748 264 60 867 789 230 310 816 179 487 951 654 221 28 268 689 311 43 853 638 956 950 945 240 657 494 307 624 848 966 490 759 861 351 703 646 401 749 938 767 715 447 438 955 887 38 158 726 781 726 850 613 944 799 244 378 686 921 226 308 851 909 675 12 894 621 503 169 574 857 455 570 340 363 798 177 863 932 551 624 22 287 166 934 473 671 620 540 752 761 431 707 735 988 136 114 402 42 282 94 512 994 370 641 361 689 602 231 705 200 316 601 27 432 633 752 849 430 909 224 755 43 120 505 239 46 956 325 21 435 270 813 208 445 153 281 419 490 617 629 98 964 720 598 142 277 910 244 559 443 840 755 678 980 146 679 9 326 953 971 4 728 159 238 264 864 513 461 32 538 738 213 169 102 701 375 32 564 721 649 608 891 385 882 612 371 257 353 180 946 430 78 292 527 411 514 915 176 71 170 765 930 282 665 603 703 686 136 799 535 310 142 179 126 764 721 351 605 33 830 634 671 548 482 229 64 486 39 793 682 995 820 150 65 599 425 322 867 945 488 708 892 875 940 68 592 840 314 116 628 387 390 565 504 423 967 640 829 616 554 872 74 381 386 294 592 292 130 215 387 146 861 184 966 686 650 838 975 982 621 174 144 400 962 910 482 82 690 439 247 253 201 669 76 657 605 192 996 807 189 302 500 802 722 182 777 350 758 844 133 728 428 734 725 941 279 612 71 705 365 197 650 934 650 499 394 725 456 192 934 106 563 269 895 93 780 423 63 422 775 488 664 549 950 254 17 475 553 18 204 911 251 820 208 416 239 815 782 553 194 387 630 176 30 893 643 627 149 471 176 184 676 655 132 128 249 853 896 738 449 476 354 889 825 594 428 122 834 897 845 277 867 395 472 574 447 250 974 838 764 836 464 729 985 130 9 595 521 599 857 494 
933 599 825 200 357 151 973 369 850 358 603 436 698 392 363 445 339 669 573 436 43 531 53 830 65 822 816 623 921 557 839 383 826 124 297 52 329 370 775 131 183 484 824 887 684 936 969 892 226 486 892 445 812 896 155 276 162 798 88 773 154 686 402 675 634 298 770 559 700 317 269 541 172 507 753 913 80 705 604 243 120 312 442 608 922 262 349 171 51 412 562 528 882 168 677 486 499 691 209 135 11 627 107 806 995 540 158 345 467 189 880 564 730 348 843 639 587 258 98 359 273 770 937 500 817 363 906 720 570 230 669 625 514 191 520 877 472 147 37 739 775 441 959 236 962 914 858 624 823 515 814 125 542 483 866 771 839 900 546 40 511 236 482 693 996 700 449 777 973 542 196 612 964 206 262 483 448 807 0 264 41 690 18 255 526 608 494 417 681 622 401 417 158 88 862 343 736 267 768 369 456 639 478 83 319 321 540 405 861 824 728 269 13 628 251 684 348 572 232 588 302 44 314 465 661 714 97 102 675 883 888 238 40 22 172 604 250 519 906 496 940 979 144 881 514 759 74 157 381 310 738 157 569 213 392 38 859 200 342 20 606 402 813 997 230 54 586 134 606 705 165 992 650 491 820 463 822 657 85 432 627 51 74 690 636 973 324 315 9 996 90 156 682 613 917 946 647 444 705 392 256 796 406 729 424 626 374 618 715 151 941 624 348 745 349 333 520 76 870 430 12 419 699 597 604 334 592 754 257 938 391 459 885 269 761 881 818 289 857 607 249 696 200 631 477 52 909 983 435 437 451 562 826 793 844 246 967 470 406 164 488 131 112 1 416 685 929 789 207 956 682 693 363 654 781 176 909 178 66 260 564 873 56 810 894 906 10 982 993 656 891 858 211 952 849 454 586 808 252 296 796 616 49 877 817 912 367 54 606 733 745 85 393 551 207 415 410 611 19 381 549 306 979 84 415 128 998 826 893 435 155 704 795 392 978 93 370 557 538 637 183 986 342 666 475 680 201 323 253 264 654 247 97 317 520 356 478 367 628 558 10 20 623 615 673 506 626 205 878 682 879 876 797 621 24 704 687 239 223 519 510 501 269 920 152 691 287 409 745 827 267 754 114 453 217 32 845 425 502 345 
813 561 877 169 362 786 447 337 676 239 184 782 285 482 846 944 75 496 824 60 751 901 306 239 521 795 290 685 794 765 676 77 143 715 258 500 706 254 735 549 462 292 840 404 986 360 706 83 57 642 752 794 962 744 917 678 331 719 93 481 594 819 310 321 684 110 644 92 88 785 618 393 152 728 704 851 487 41 116 665 308 292 324 559 133 396 851 854 113 626 768 836 470 358 274 238 785 175 87 270 232 31 628 437 808 778 880 701 521 26 647 41 132 948 75 814 449 441 360 963 410 122 195 491 88 35 223 439 850 812 247 821 690 692 94 475 61 822 75 903 508 427 268 202 466 217 766 764 346 613 898 350 692 82 868 226 91 817 706 528 547 492 617 363 426 129 970 171 834 404 85 589 517 117 668 95 376 484 98 113 434 32 301 743 330 483 358 172 573 99 777 237 228 287 410 805 878 136 145 999 938 406 467 354 228 528 743 147 453 92 227 377 25 415 672 607 623 446 586 209 551 641 785 342 148 702 273 889 169 27 862 880 465 758 985 743 356 868 454 24 713 166 946 491 921 493 232 684 450 253 384 397 360 658 758 414 523 880 124 392 370 967 399 590 476 84 21 953 46 603 389 247 10 160 895 602 765 803 562 530 885 821 877 919 635 899 213 837 834 521 338 869 188 816 53 946 94 621 668 760 753 545 778 611 33 584 283 69 450 823 743 123 499 465 78 810 55 551 500 52 895 482 484 610 223 548 103 760 980 550 29 410 889 813 792 463 640 153 26 457 294 241 534 527 608 777 714 835 856 102 588 650 914 945 773 939 184 164 343 338 282 667 430 417 923 987 719 278 334 470 903 551 800 380 737 454 791 677 91 742 717 787 447 162 150 19 262 437 154 993 808 847 607 668 733 322 152 327 3 770 316 342 8 369 679 791 997 799 268 467 636 691 809 195 963 421 429 820 169 101 290 764 454 765 671 981 455 512 622 554 659 979 432 137 747 549 758 108 257 983 389 815 897 267 709 970 508 220 623 322 71 482 595 723 176 937 143 48 65 237 945 744 538 340 139 91 186 742 709 676 684 487 542 62 248 427 123 72 974 12 229 313 850 800 331 831 520 259 253 816 262 221 342 26 994 513 951 142 841 805 
422 180 481 797 681 630 50 729 235 233 423 51 395 766 882 137 579 536 815 452 225 957 305 547 680 494 992 552 530 591 929 448 694 556 177 233 379 166 280 471 861 929 843 300 210 754 255 869 238 879 941 608 999 471 286 818 490 967 161 865 807 586 1 511 21 71 537 433 853 155 544 183 63 206 710 351 725 784 241 748 638 776 818 21 919 303 127 260 861 522 497 497 348 77 98 167 593 51 93 589 251 400 318 524 542 389 99 326 62 766 854 276 52 972 697 111 167 372 390 884 334 728 169 887 987 24 469 53 808 352 830 234 640 863 326 536 819 275 232 363 223 328 252 225 900 66 529 101 500 721 392 597 652 218 398 789 535 835 386 941 861 57 506 301 483 396 485 918 974 148 831 250 735 53 369 999 575 802 293 474 824 388 154 636 313 409 50 947 629 776 444 699 922 349 318 341 248 834 839 294 579 874 320 424 283 412 483 303 426 218 793 78 947 369 333 853 612 597 411 359 945 560 74 123 791 571 659 6 24 754 231 59 545 899 715 971 563 284 111 583 240 461 821 207 969 270 421 409 446 610 344 376 494 320 185 428 26 231 346 73 889 257 459 179 711 899 442 851 136 797 839 688 559 995 974 406 984 284 401 31 993 118 96 39 187 913 338 647 382 844 895 100 62 438 533 512 64 73 351 326 389 482 768 67 523 357 707 663 126 287 969 100 788 732 684 141 744 935 607 238 538 322 622 234 361 523 257 104 282 432 81 971 617 178 604 856 436 553 528 604 580 250 271 963 143 29 864 78 851 987 720 850 555 85 157 447 456 482 176 721 568 607 737 871 375 120 266 100 107 380 362 264 905 231 493 458 226 493 504 810 567 217 636 95 316 96 723 755 497 177 257 130 727 516 944 506 704 616 140 844 583 748 437 456 764 574 10 727 596 284 531 641 907 778 12 615 229 504 407 282 674 426 854 602 366 544 550 548 683 462 231 703 357 134 657 123 983 900 527 315 798 971 573 194 824 931 958 764 65 490 681 54 8 438 272 854 600 890 477 479 746 448 990 518 596 127 644 443 338 721 586 52 987 741 739 508 434 826 251 911 148 805 497 412 934 704 594 887 318 957 16 309 514 200 884 516 350 878 539 50 
211 391 534 936 149 174 682 554 976 671 185 683 512 269 666 464 299 960 371 195 642 839 974 732 340 925 713 903 656 869 660 120 389 732 546 399 793 781 842 372 625 19 628 106 659 616 18 54 320 661 683 402 514 347 541 335 556 253 297 657 60 108 695 98 860 897 201 647 808 875 708 697 37 374 742 834 601 323 783 706 322 369 390 119 231 946 379 924 721 320 511 347 338 728 796 344 326 661 165 123 278 992 831 997 138 955 424 336 403 290 262 548 83 1 741 21 115 261 854 957 253 57 598 896 971 887 213 646 236 48 926 750 992 755 163 247 587 79 856 976 901 194 365 432 927 274 898 124 481 342 489 634 279 25 322 721 743 169 462 798 5 7 704 916 496 981 972 768 514 457 687 234 99 58 184 208 253 476 26 768 293 687 854 298 452 671 172 936 617 369 36 413 237 633 320 321 286 842 308 256 841 844 997 459 968 452 92 388 702 588 613 858 773 6 399 907 100 828 940 373 442 129 991 264 427 273 236 82 340 741 61 272 904 929 101 220 216 238 544 684 168 788 421 206 67 545 474 379 498 845 371 683 974 909 419 342 840 379 957 532 279 499 934 302 410 918 286 591 13 606 54 255 678 999 613 594 795 515 488 59 153 742 225 568 233 104 349 171 58 564 550 336 20 112 999 283 526 113 875 288 465 483 945 295 21 603 590 515 881 923 15 766 844 271 666 426 757 418 794 711 785 934 224 208 811 456 233 74 685 763 228 605 627 446 928 817 726 565 917 948 75 739 666 909 840 488 902 282 644 567 804 170 826 503 132 674 643 0 285 593 347 462 876 945 250 3 418 678 761 753 18 127 496 470 46 355 950 805 402 333 35 353 729 784 315 840 729 982 968 19 445 583 44 249 683 181 492 448 656 520 79 33 432 364 305 362 354 650 551 309 916 495 583 681 124 429 890 128 991 595 649 25 355 25 970 353 193 342 296 675 381 264 131 424 606 991 453 494 519 266 774 277 817 712 6 582 557 43 338 92 690 58 659 258 915 234 122 528 674 629 865 738 268 875 416 632 643 624 74 589 151 537 435 652 294 700 749 286 250 711 573 930 479 235 360 920 15 213 945 196 797 668 313 524 172 936 311 578 961 860 
963 627 759 492 918 479 819 570 132 96 224 639 582 691 57 751 300 327 159 402 949 54 472 549 785 596 458 963 386 877 383 363 141 300 855 302 573 797 377 909 864 520 696 160 575 654 269 856 582 844 141 507 840 414 900 252 340 821 644 803 542 535 645 315 829 711 590 179 77 801 508 749 623 235 299 420 194 464 729 215 862 800 602 815 922 616 468 944 656 713 875 42 151 432 184 119 250 658 891 264 923 321 838 891 780 520 725 955 48 715 876 604 307 532 838 267 740 318 565 567 331 264 529 451 199 781 740 821 632 545 969 329 482 483 689 682 684 99 928 656 437 560 984 99 375 329 748 955 370 86 260 845 835 541 718 740 287 578 363 773 320 501 962 680 174 842 318 188 174 42 24 371 897 792 905 361 326 757 734 515 151 251 527 747 726 620 479 72 52 859 400 889 379 808 726 696 510 630 170 316 562 927 629 58 479 445 469 998 817 158 881 713 920 824 151 617 582 699 894 146 731 503 531 709 241 175 457 550 4 447 974 500 200 124 954 705 266 881 240 120 345 421 624 261 687 211 608 986 9 902 772 277 700 608 874 666 378 575 550 340 755 142 747 997 805 852 12 785 274 983 101 703 313 404 249 231 955 267 598 867 148 452 190 339 899 432 778 42 231 331 684 121 890 452 66 438 607 364 833 865 47 517 563 918 649 184 161 354 337 920 82 645 861 489 324 305 3 667 42 547 867 480 548 162 738 765 366 246 545 858 300 47 305 584 175 287 723 23 780 639 728 925 73 455 293 818 241 870 188 473 572 900 6 38 235 413 696 795 533 55 387 997 553 442 323 804 314 646 132 830 951 444 24 783 685 840 97 183 940 688 186 417 823 126 61 80 177 325 536 245 872 726 554 720 101 783 361 325 815 351 451 132 519 375 150 44 203 716 441 355 749 961 733 901 648 513 313 197 138 245 318 210 552 37 534 824 427 367 891 19 858 361 498 646 39 329 566 968 806 874 156 532 921 442 728 970 25 146 886 877 966 982 938 372 233 312 65 239 343 883 850 420 315 855 583 130 587 873 905 945 272 743 81 117 758 157 240 701 660 246 369 967 23 987 117 654 744 370 986 945 210 457 107 277 598 456 152 164 429 532 
783 535 553 469 299 830 823 727 711 703 990 527 785 642 248 232 233 919 133 449 57 313 209 893 650 638 405 699 263 63 394 275 699 6 831 764 659 846 288 752 383 597 263 668 84 735 839 162 395 697 24 336 177 2 938 712 666 521 984 913 937 744 985 130 357 946 450 586 280 215 742 368 785 227 600 85 388 998 974 297 355 699 645 91 972 212 311 839 922 6 391 596 841 138 395 961 434 579 927 29 412 877 625 959 798 120 253 156 979 777 216 569 658 64 772 910 368 61 967 185 507 749 579 330 328 352 441 17 99 273 412 572 353 55 424 358 207 593 607 191 663 23 733 218 702 57 163 819 353 548 433 126 879 72 109 113 870 715 214 18 341 62 511 625 33 113 631 889 126 57 118 75 558 76 560 660 597 381 732 170 370 671 81 837 671 422 415 970 368 891 133 723 842 167 739 575 363 249 433 248 825 914 377 670 614 264 952 949 677 831 759 864 208 632 315 625 349 726 788 890 314 812 123 457 214 271 599 558 185 918 24 789 276 667 913 64 9 116 176 488 346 833 454 260 257 202 13 594 829 151 875 687 705 220 593 832 702 571 814 736 158 692 804 883 822 947 500 365 285 218 913 33 715 951 413 690 722 446 828 935 208 767 529 338 168 979 959 716 100 422 995 257 715 997 945 997 509 329 450 480 652 535 118 599 650 805 605 498 705 297 389 739 757 903 121 11 662 522 112 636 14 460 590 487 918 914 571 146 57 957 826 410 446 205 446 572 136 73 591 407 273 321 427 983 864 739 874 637 176 466 285 245 446 755 143 276 340 197 708 845 933 43 751 222 318 341 810 73 284 688 286 703 364 57 89 833 595 755 345 82 526 973 280 652 241 594 238 671 795 959 475 845 794 56 981 146 887 779 461 111 599 102 823 439 721 831 493 268 547 175 642 935 347 512 796 252 789 37 2 496 794 519 13 165 975 63 181 147 483 860 52 476 967 299 261 141 242 976 595 50 273 465 103 74 372 847 626 97 73 923 155 769 799 907 694 741 538 358 79 65 748 711 93 660 533 953 704 802 448 248 208 816 215 743 468 981 427 550 270 555 666 806 896 549 869 980 690 716 925 279 157 176 859 645 20 958 274 704 200 755 
647 94 775 929 641 488 609 766 621 831 612 884 706 777 311 740 90 317 449 686 152 433 562 889 581 300 7 187 388 618 752 545 398 112 393 947 475 364 765 813 136 817 263 129 372 754 885 347 676 994 358 482 834 819 70 98 798 739 560 406 544 342 371 918 736 602 255 670 441 813 447 733 35 821 70 974 726 99 914 949 182 63 748 807 222 470 598 10 522 996 666 995 169 723 414 95 559 956 705 191 278 929 968 303 139 530 740 419 254 301 489 493 375 744 683 676 594 247 790 740 160 739 701 521 604 994 861 230 721 314 777 873 679 877 816 791 25 781 690 189 764 905 91 980 461 859 36 752 801 36 522 34 291 371 10 454 482 374 917 489 484 254 383 718 291 647 863 956 566 798 495 83 3 88 199 136 913 349 274 374 922 535 793 418 476 43 406 300 226 38 299 942 904 774 362 882 557 649 122 788 588 209 961 584 544 781 902 64 584 721 487 721 236 980 885 250 835 411 541 555 49 67 990 891 316 189 11 488 938 892 26 842 905 890 64 6 664 870 525 971 854 115 378 577 822 860 319 28 234 395 712 126 512 221 241 900 726 359 372 513 359 665 229 331 879 677 578 430 986 87 851 610 854 980 540 403 200 735 850 35 986 336 161 556 783 99 869 165 628 327 10 630 718 178 296 523 642 520 984 657 861 216 518 595 12 354 914 87 769 979 194 641 826 482 903 603 868 421 789 990 207 344 508 150 18 90 735 989 585 331 441 727 60 325 79 119 22 99 24 128 356 30 342 513 352 732 674 502 447 916 631 155 526 599 101 269 324 134 189 792 236 583 797 733 859 821 196 214 286 294 797 130 696 919 249 417 714 479 301 166 996 900 706 243 524 647 282 189 822 782 525 74 342 496 189 658 397 101 451 7 873 826 528 874 796 715 142 40 546 760 595 287 849 150 611 343 330 234 75 918 268 316 513 51 832 63 908 515 72 31 726 113 698 37 497 442 191 901 326 189 659 439 677 641 684 122 56 32 204 822 888 59 809 97 837 683 328 37 872 440 801 424 839 332 966 529 606 82 752 752 174 976 93 602 765 224 368 973 603 254 564 614 352 194 280 922 68 206 72 433 256 786 853 857 842 352 997 736 786 675 
704 15 935 687 920 969 187 358 677 897 538 440 839 661 250 521 695 353 778 822 792 830 369 48 628 646 862 635 334 448 368 193 344 494 209 927 403 436 879 703 840 579 705 398 908 999 954 983 232 847 773 895 899 457 189 232 163 921 694 260 231 513 375 818 511 40 385 498 342 832 667 568 615 566 277 465 928 283 764 542 91 321 557 998 650 731 768 951 769 387 396 433 974 409 252 148 110 458 935 410 814 746 782 662 262 97 18 885 442 134 914 622 965 998 729 426 321 707 549 516 244 773 982 825 859 883 77 456 502 503 888 500 573 891 812 549 645 702 95 478 391 562 463 25 95 689 191 795 909 323 64 867 649 56 281 886 192 25 884 191 690 396 872 1 846 662 240 909 248 696 397 18 965 945 224 425 307 948 274 412 562 70 163 901 974 257 567 853 983 488 394 36 112 18 729 609 911 170 635 651 822 88 715 938 739 325 989 824 520 944 470 983 253 790 978 435 635 17 32 417 990 970 219 704 930 692 74 549 49 618 897 636 924 683 811 753 832 777 243 123 226 942 56 381 541 25 660 549 463 881 793 239 204 751 863 691 520 819 829 429 94 454 66 181 14 458 765 422 514 454 533 946 45 558 389 766 414 383 214 220 130 805 709 536 349 656 7 21 736 470 66 967 363 252 460 583 711 495 696 371 22 648 75 184 970 55 328 761 503 111 748 466 241 745 239 940 6 183 110 772 601 555 165 289 162 79 322 487 392 262 482 854 658 643 518 242 782 833 247 502 441 721 441 968 629 917 720 938 258 431 437 844 91 93 515 660 33 466 425 159 712 670 52 370 403 502 906 943 467 250 408 101 123 699 425 428 852 66 804 983 358 732 275 401 845 661 508 368 611 272 282 767 698 560 415 921 541 313 511 524 57 535 554 933 204 829 836 492 750 405 570 766 41 197 593 430 899 377 950 994 565 145 87 852 354 479 367 186 365 561 850 172 470 465 266 736 512 84 500 95 154 103 314 170 644 339 352 928 198 348 668 653 704 792 745 703 682 627 583 421 949 125 881 64 976 411 300 954 291 599 232 125 555 257 896 264 35 122 396 442 355 176 832 603 808 831 422 590 363 265 205 597 875 421 771 283 760 274 383 204 
483 600 835 906 125 636 604 290 607 372 921 361 321 675 335 152 74 807 183 411 760 855 706 209 252 279 352 486 731 379 874 277 319 904 121 578 594 494 87 760 308 516 360 22 70 924 403 568 453 607 545 90 662 525 468 194 636 788 837 685 334 63 128 807 54 603 449 830 979 29 469 729 418 990 960 805 828 229 917 515 186 595 860 421 137 878 707 686 123 609 600 847 696 534 681 504 759 600 367 653 93 110 423 721 694 986 744 996 952 374 976 239 292 602 816 383 8 746 57 538 947 739 218 288 43 647 31 304 715 309 485 707 586 612 478 973 527 440 250 892 736 394 210 528 429 404 331 145 165 687 181 912 433 824 753 89 29 631 252 672 215 569 478 459 326 21 537 452 580 390 217 944 638 783 439 642 420 149 231 573 774 612 511 144 477 757 281 532 174 488 516 269 932 654 13 587 714 968 567 222 95 23 7 161 260 622 783 373 427 139 86 265 820 730 606 57 542 167 88 554 586 926 200 124 639 266 568 25 108 999 641 108 567 506 721 851 656 807 635 125 284 538 455 585 933 137 249 871 338 395 242 446 693 950 974 129 493 351 187 429 68 355 940 485 689 402 598 793 479 83 735 519 641 512 865 773 721 592 19 301 990 469 409 782 295 594 592 495 818 641 319 990 851 592 573 978 41 99 157 429 785 641 913 264 543 729 47 943 611 742 805 507 897 536 82 835 818 682 185 627 208 720 932 377 408 362 611 0 110 788 819 120 267 386 135 117 322 848 420 869 571 636 335 373 363 200 432 614 429 796 394 965 324 284 954 511 733 678 861 826 820 146 69 628 796 123 633 882 374 364 488 71 693 690 174 576 627 590 589 303 652 295 33 814 185 225 863 535 380 933 78 543 507 71 87 336 609 439 243 54 885 696 140 126 922 926 541 16 32 61 617 228 833 527 65 132 568 279 839 125 760 260 455 127 36 409 923 183 774 714 214 366 789 657 357 473 965 637 682 529 603 494 199 178 260 683 168 128 523 640 699 352 599 788 29 389 684 518 486 55 60 517 200 441 338 921 387 416 78 955 913 454 241 669 446 465 602 153 456 475 494 482 480 470 644 937 865 986 770 986 895 700 704 689 724 113 529 555 510 534 
925 15 881 150 686 280 472 715 133 32 779 71 769 974 836 407 62 283 390 205 631 973 214 357 327 562 722 460 72 163 761 656 54 384 25 361 147 45 490 207 272 858 453 487 279 98 266 907 109 290 273 531 106 746 79 745 935 239 231 18 347 145 348 341 833 833 763 847 921 703 388 971 52 526 40 557 613 768 708 543 124 884 401 414 573 858 148 325 45 501 690 528 146 14 719 36 790 400 126 951 358 142 458 495 895 448 365 525 971 927 677 346 813 572 509 128 453 772 549 221 908 732 176 866 301 505 720 380 436 954 271 671 586 80 675 637 758 191 687 381 811 899 210 402 223 507 439 233 907 485 264 594 580 87 89 707 126 382 83 292 930 81 424 1 444 527 954 839 837 247 865 49 581 82 753 857 600 632 34 727 172 108 137 533 821 928 624 231 656 737 609 845 533 433 708 739 612 484 76 460 736 809 187 235 727 717 327 201 343 888 784 684 626 981 154 848 32 800 235 180 661 900 942 732 576 827 650 571 583 570 85 836 493 99 318 678 702 57 36 301 187 5 223 222 796 163 785 360 39 631 536 705 15 805 278 714 441 761 951 444 455 908 463 784 266 982 188 681 618 490 95 810 729 881 593 133 93 176 583 294 709 94 379 272 510 109 970 285 763 463 310 6 351 943 831 369 90 808 606 884 129 914 896 440 757 331 733 538 336 253 770 212 879 557 831 802 951 446 156 320 21 711 971 578 626 258 645 966 891 976 678 85 124 388 753 991 93 56 598 365 998 887 762 227 202 398 806 773 440 39 380 560 58 38 278 46 296 656 320 60 968 531 702 379 547 745 975 739 417 996 127 82 744 434 741 728 224 788 92 442 76 826 409 734 153 230 593 842 907 438 973 259 713 959 579 764 214 255 337 419 271 486 389 98 598 111 792 737 855 691 766 794 782 792 111 219 162 349 661 898 572 4 519 359 214 160 498 482 498 287 904 53 797 584 71 74 336 572 30 469 507 134 205 441 960 527 376 143 515 691 657 635 481 473 715 10 741 809 811 852 497 322 219 56 944 724 819 483 228 855 123 128 425 142 250 252 48 380 466 770 649 894 529 720 412 591 262 463 934 324 241 849 996 282 896 159 772 573 557 911 
74 875 289 526 738 344 91 134 969 916 962 620 725 905 134 213 438 246 773 748 399 61 773 319 550 262 130 929 626 181 56 424 6 101 79 511 607 606 548 867 884 680 339 345 901 426 937 102 767 492 589 686 326 249 586 106 143 220 505 557 805 72 62 960 508 83 49 65 315 162 517 529 171 105 480 32 882 246 822 684 771 71 277 81 457 757 499 360 765 945 764 994 164 800 281 77 546 992 882 792 804 471 694 151 103 361 818 339 219 177 367 627 588 351 261 302 380 665 715 352 458 565 701 539 441 746 49 649 538 78 370 373 988 350 213 192 30 118 995 674 416 810 949 954 377 211 120 475 253 241 470 96 938 992 192 479 297 842 22 462 694 11 693 184 778 576 452 995 896 719 587 7 208 599 723 809 605 155 414 559 799 645 997 136 953 420 202 526 544 50 720 662 554 484 539 686 654 174 953 512 146 993 38 907 853 488 548 826 29 311 707 244 727 74 844 146 635 763 727 199 935 184 416 501 515 496 202 823 228 653 283 713 645 347 249 836 315 905 177 370 973 940 553 226 139 815 631 573 770 845 825 646 889 465 816 800 456 101 297 833 493 871 403 15 116 470 598 888 436 360 191 22 296 793 615 614 361 432 286 548 362 614 113 836 469 709 663 497 495 446 654 319 651 65 725 395 808 456 960 106 952 575 40 657 921 568 787 479 902 512 73 592 273 685 372 938 593 347 82 204 164 23 798 512 58 626 422 722 732 315 659 296 41 171 828 796 836 83 803 4 797 67 968 87 374 22 694 26 553 796 15 754 671 959 783 258 985 649 605 302 54 822 258 861 91 783 824 873 413 347 54 935 146 285 704 729 858 286 653 432 926 143 316 706 236 397 880 468 568 829 877 380 146 868 74 630 931 291 506 617 372 797 883 764 886 233 412 292 564 282 427 874 631 136 752 808 627 353 589 239 572 334 363 92 483 992 345 72 634 450 104 905 0 490 510 392 551 186 22 902 946 587 809 512 454 401 296 463 182 40 824 710 966 34 968 848 863 514 163 822 289 940 720 339 826 310 64 557 374 555 107 936 210 860 576 870 67 840 365 870 841 320 317 346 258 173 384 990 15 666 876 0 595 446 149 56 758 588 484 260 
314 985 974 191 172 727 223 936 441 284 709 4 726 774 510 314 411 464 123 236 924 324 887 714 583 998 329 782 126 574 541 454 155 140 442 720 59 163 245 367 777 698 387 368 581 271 243 426 453 176 814 890 796 597 457 905 454 414 567 901 705 417 39 948 226 447 785 972 435 353 239 769 991 300 863 806 2 466 215 118 328 771 51 171 603 989 141 274 988 990 953 546 953 620 137 82 198 577 235 585 697 955 731 379 10 278 494 567 0 401 601 26 869 966 189 581 693 231 686 769 979 393 549 774 17 20 13 444 825 712 175 200 243 844 334 313 469 517 145 237 241 755 356 620 342 89 43 981 800 520 437 729 172 778 762 626 13 863 942 270 557 63 178 931 326 677 108 543 759 833 765 419 619 90 970 471 81 210 365 612 460 635 189 45 628 250 709 883 430 141 740 170 101 338 811 565 259 514 147 525 570 212 638 203 594 469 5 777 927 455 627 343 90 931 117 460 739 596 204 449 773 967 344 251 525 970 493 922 131 536 265 430 188 602 453 365 390 101 892 571 353 608 374 838 324 11 335 87 941 958 96 954 126 961 784 295 668 518 73 110 174 287 360 111 883 29 225 477 459 235 621 203 763 456 465 90 373 201 860 223 140 103 487 559 304 478 561 90 692 973 8 382 760 989 617 955 187 518 805 243 145 822 375 91 896 121 352 732 623 549 125 64 378 104 776 567 571 798 142 909 129 782 285 25 500 294 842 794 70 85 355 766 696 935 108 366 531 312 158 952 434 302 671 180 190 538 989 226 501 114 677 940 383 1 952 691 458 750 76 960 437 839 368 571 430 834 661 223 629 418 275 760 77 643 660 663 258 260 660 732 892 722 101 66 877 24 70 882 350 872 610 825 136 768 49 172 822 625 98 482 937 139 891 482 669 578 646 891 421 217 908 392 190 193 116 588 502 604 62 483 57 974 76 683 960 689 743 524 39 780 135 790 568 339 427 269 696 830 15 935 439 904 127 185 430 637 469 91 25 553 920 319 587 143 87 972 484 33 872 116 39 463 400 674 221 951 98 355 895 633 609 0 50 534 122 700 537 698 571 929 315 404 510 289 475 598 520 678 902 816 428 445 270 401 467 459 909 327 599 560 
346 803 747 670 126 717 123 0 657 111 113 263 341 199 368 745 354 369 363 80 987 847 960 986 565 323 468 882 855 166 227 238 289 987 910 927 961 53 212 249 237 471 265 172 52 302 228 384 739 147 294 252 727 890 150 418 959 786 492 46 567 502 129 59 289 141 298 934 831 236 552 743 468 603 184 729 112 926 566 883 740 11 774 860 463 781 822 231 222 90 759 426 231 817 584 732 778 591 320 795 801 194 306 138 387 58 807 886 44 12 624 742 327 542 831 491 111 87 243 480 873 136 987 187 614 216 982 303 482 396 495 282 777 600 919 811 419 239 293 489 140 306 870 181 961 828 318 539 203 990 760 96 873 923 220 116 534 229 522 268 468 122 710 72 153 451 407 971 62 64 847 982 276 547 514 796 758 743 962 395 315 702 11 681 791 586 757 302 925 478 939 104 509 363 276 729 411 321 91 552 131 2 473 802 700 300 915 683 493 168 988 583 294 227 255 118 532 916 706 158 869 4 519 977 532 226 869 756 785 945 288 543 911 976 132 84 842 551 374 465 38 370 389 322 889 230 568 20 297 75 39 775 418 107 683 908 853 549 593 485 971 849 139 674 21 516 9 605 380 592 199 373 954 389 308 622 530 718 610 482 137 649 915 736 823 659 353 440 792 824 843 936 935 917 309 560 568 86 300 11 586 527 500 148 797 988 988 789 410 13 755 845 215 834 910 286 366 649 989 309 568 75 157 856 747 188 534 119 734 605 303 983 105 922 802 874 506 272 119 127 942 919 442 420 181 371 394 542 157 531 462 950 254 495 266 606 468 554 980 357 56 573 530 269 690 959 59 204 850 832 546 144 714 909 134 318 324 517 421 140 497 335 196 167 910 758 397 157 198 114 317 410 964 383 442 343 403 157 386 201 579 888 605 167 836 164 970 870 728 592 40 125 960 441 567 907 472 318 262 193 758 197 28 613 286 832 661 674 772 22 536 608 899 696 543 221 578 519 398 718 984 255 386 962 839 610 839 44 647 11 334 305 164 245 598 972 734 390 427 734 105 374 944 660 819 480 561 431 872 296 326 790 662 911 355 139 701 131 812 510 69 587 806 508 108 545 702 552 990 659 490 970 229 688 709 122 231 930 907 952 
124 508 692 727 645 832 313 553 730 262 599 520 613 116 183 794 789 547 942 129 177 105 686 812 978 200 338 657 389 497 417 933 157 451 432 887 739 466 336 706 649 243 902 53 914 511 367 789 724 561 686 405 771 441 806 266 978 806 367 41 611 500 854 530 539 349 806 297 133 766 792 491 391 504 444 967 558 906 524 174 171 565 279 678 398 340 370 261 223 108 439 986 868 350 672 204 303 85 767 312 329 29 16 347 262 833 722 729 485 120 976 496 505 524 451 450 276 61 581 758 820 920 400 329 634 11 964 477 327 166 323 790 473 995 242 840 989 661 347 275 493 495 720 137 110 155 881 913 912 588 85 827 215 886 225 902 94 229 258 939 454 654 481 831 282 266 721 414 907 65 535 591 817 587 931 737 89 397 124 87 785 582 861 146 312 282 63 571 805 981 582 429 627 682 662 824 92 512 761 867 24 224 286 218 581 696 626 90 581 213 335 666 702 951 212 884 624 294 873 825 667 956 323 102 598 184 860 38 744 115 127 532 698 446 210 649 856 41 733 688 928 707 319 553 588 86 920 392 275 8 398 441 105 822 572 265 473 295 969 929 161 578 693 747 676 99 232 19 946 986 747 991 888 236 146 117 661 561 702 270 89 947 974 257 7 255 970 42 72 10 367 293 452 435 918 272 871 485 94 63 109 534 715 406 507 814 540 95 55 115 77 9 73 907 767 452 647 21 215 974 124 891 626 978 193 531 78 232 377 606 732 613 454 760 217 683 636 986 1000 148 385 901 830 888 780 525 759 583 518 827 886 716 144 33 349 121 541 259 707 183 195 103 277 349 971 404 309 194 795 793 364 645 767 788 764 226 535 767 429 494 849 369 699 939 64 939 31 21 612 92 711 347 113 823 495 547 812 274 92 781 779 570 832 542 63 671 858 207 97 320 574 986 858 131 176 657 203 914 394 353 674 695 275 193 107 905 854 201 893 42 936 768 277 18 325 590 587 306 234 520 791 514 274 851 81 720 725 227 978 157 830 551 786 679 736 738 351 244 873 527 527 830 345 343 640 594 220 711 200 556 294 322 979 802 303 922 896 752 99 433 94 569 132 273 933 402 579 542 270 791 502 879 310 416 398 754 585 319 516 640 
296 146 575 380 901 361 789 599 528 692 848 347 216 559 705 267 557 264 335 823 146 689 311 133 568 819 423 124 826 465 305 729 913 16 14 677 883 14 32 426 524 58 349 826 605 489 547 816 220 30 442 735 206 90 668 708 585 886 613 215 184 513 492 464 663 803 449 33 272 533 305 63 614 945 820 614 899 931 61 847 13 499 517 741 351 286 732 250 421 958 953 930 926 89 54 274 210 359 484 602 379 773 225 977 501 344 318 27 959 893 634 999 768 50 772 992 850 582 575 608 213 598 630 234 629 265 49 948 3 404 178 358 315 172 232 953 726 731 890 859 843 243 309 931 327 605 976 126 263 811 761 359 32 318 446 63 978 150 57 299 319 609 721 449 114 459 796 672 271 715 390 509 291 189 5 251 151 927 332 637 775 501 566 236 161 53 824 738 586 62 836 786 427 553 223 670 35 947 656 767 66 456 299 294 959 158 43 69 206 289 562 653 623 561 802 731 285 751 463 908 790 452 257 119 682 71 176 84 645 980 308 510 288 911 398 586 423 781 67 847 220 467 487 497 860 286 369 415 473 23 933 241 608 648 700 756 750 252 263 202 964 761 424 603 708 541 428 353 957 714 187 952 933 915 373 3 288 200 426 42 589 381 541 721 384 519 530 14 39 339 725 706 153 65 457 676 39 403 476 597 972 347 941 648 960 266 123 22 879 971 760 884 836 829 82 804 556 286 927 793 855 320 859 348 775 310 617 878 905 425 344 608 339 133 126 704 523 981 869 309 654 927 16 321 610 784 970 287 835 55 430 891 947 415 952 141 533 75 693 773 675 382 495 367 455 943 326 500 375 687 517 623 844 68 287 655 146 370 259 339 139 964 160 84 984 340 477 686 590 105 112 769 782 114 363 149 838 494 227 602 965 950 822 517 639 525 674 45 110 367 488 686 769 316 31 62 780 98 494 246 423 7 915 346 314 570 997 638 58 451 709 294 76 11 29 779 601 951 156 92 385 607 167 176 935 834 721 63 276 454 408 998 907 684 990 843 618 343 885 465 840 331 342 864 169 418 779 703 110 246 473 668 32 958 648 138 908 718 625 225 394 83 19 703 242 900 567 672 750 413 302 480 327 275 456 929 354 14 981 80 
779 749 521 997 342 578 474 798 286 972 61 757 630 549 871 743 782 763 567 168 255 804 254 722 578 481 927 468 665 884 251 547 397 139 787 840 465 441 77 223 44 988 219 59 723 368 456 577 713 395 370 157 777 76 244 744 797 600 236 935 413 107 634 957 824 370 871 41 608 746 89 782 661 299 193 832 339 691 520 777 686 705 314 359 458 377 631 988 338 473 420 112 134 59 890 246 100 871 593 673 804 685 908 724 287 942 433 893 973 400 618 54 879 292 610 767 175 393 471 882 23 569 277 612 227 718 134 111 302 15 985 641 37 692 91 596 960 681 202 22 997 219 738 389 788 513 854 756 461 778 976 451 976 197 389 251 853 511 913 224 809 191 882 527 738 541 218 794 733 188 341 50 925 66 742 743 846 192 558 475 728 992 10 876 964 580 577 167 630 186 755 205 737 209 193 557 877 327 664 908 391 350 746 529 443 655 907 964 196 838 265 280 673 139 26 470 879 245 802 900 835 209 19 211 953 192 993 272 423 48 443 749 634 104 232 477 954 510 227 534 654 442 502 116 300 941 754 423 550 341 446 378 785 191 159 196 996 811 899 466 499 604 744 484 311 593 631 186 128 849 837 954 977 597 960 740 81 826 143 408 454 817 369 125 761 710 490 771 62 919 408 772 4 135 462 902 83 830 525 812 810 103 917 476 845 751 907 899 514 45 478 253 995 881 149 452 231 431 373 149 841 349 514 687 842 919 685 328 321 584 670 740 643 158 594 338 869 532 587 885 806 654 297 235 98 212 716 283 936 711 272 62 846 969 223 458 174 835 398 252 705 125 699 17 8 778 356 140 685 882 460 205 982 54 945 624 930 404 917 756 439 561 131 103 319 830 3 664 818 885 104 433 604 763 526 53 185 455 29 825 744 960 142 38 204 81 993 691 175 279 497 634 383 953 601 816 729 717 10 833 931 379 969 673 706 883 621 94 869 45 957 336 930 751 755 797 265 281 119 427 7 909 126 159 187 517 579 201 567 68 465 986 155 464 680 776 930 907 499 348 365 344 239 180 628 369 79 393 490 362 509 41 596 693 828 456 455 385 78 529 714 507 264 765 164 793 281 329 209 40 599 399 741 980 239 73 876 836 502 446 
79 953 321 124 64 104 26 923 844 537 432 253 38 72 231 757 940 395 404 30 531 835 40 224 318 492 303 267 481 578 724 126 14 545 340 695 708 63 782 903 712 30 31 946 690 251 450 868 52 265 957 210 818 302 869 845 483 322 908 866 287 679 602 323 828 647 573 832 143 377 929 568 636 484 132 719 690 832 367 798 391 589 176 413 56 920 699 741 129 982 893 76 449 896 996 646 728 540 594 1 878 362 142 737 233 146 303 62 430 347 710 442 542 411 10 980 436 768 763 741 314 230 772 14 87 985 548 333 649 952 528 46 986 371 875 574 466 803 11 219 691 606 533 156 357 508 162 245 828 676 533 426 726 626 240 967 224 826 391 805 992 248 518 912 144 606 787 715 476 180 951 526 390 442 568 173 627 18 977 903 746 85 709 343 319 868 953 833 675 983 91 557 170 814 164 79 723 262 635 790 816 181 790 992 103 459 28 252 840 608 800 666 910 817 957 986 683 962 618 470 573 176 511 245 790 856 71 694 555 901 422 371 143 772 574 429 352 896 51 856 676 690 637 263 422 497 862 108 736 1 26 979 329 518 501 578 557 553 99 964 709 375 437 428 993 843 497 524 6 853 650 795 813 361 332 21 164 775 645 566 712 821 666 514 861 778 314 137 163 67 960 354 599 331 66 623 640 790 128 437 486 201 481 716 225 29 717 195 691 763 363 997 194 307 737 701 476 113 761 330 431 831 313 49 974 387 528 518 793 753 502 195 394 382 592 256 466 112 875 685 546 995 646 243 855 741 404 571 627 84 890 153 385 596 727 90 483 534 106 964 57 404 112 615 525 490 536 590 474 303 191 481 434 817 193 897 237 937 118 624 524 596 878 280 425 690 587 912 173 997 477 96 97 265 668 552 164 716 628 388 131 971 434 996 919 738 547 774 121 767 558 837 867 424 536 949 123 637 827 413 675 705 159 718 788 312 261 261 228 57 138 99 384 266 753 7 299 952 527 536 908 28 263 873 748 130 888 56 487 687 514 220 849 460 141 180 491 799 737 156 951 422 917 481 434 524 336 511 545 790 95 669 518 337 370 452 120 873 960 762 848 734 719 849 419 595 860 324 380 114 13 557 860 280 602 493 305 409 549 90 
840 11 659 801 706 201 408 207 304 629 381 450 96 454 102 848 31 752 336 730 460 866 831 595 289 79 204 837 351 808 3 798 22 358 149 547 756 476 870 10 887 476 969 514 465 390 276 689 559 199 661 894 565 542 810 521 486 104 734 260 798 443 206 963 6 97 984 797 705 422 453 44 934 791 911 309 64 829 21 883 928 222 245 584 682 357 648 42 733 430 294 156 136 259 432 122 14 984 703 772 786 614 442 739 844 563 9 86 548 498 918 681 437 89 96 893 99 112 174 560 376 411 134 493 801 137 124 538 647 887 914 275 578 280 36 618 854 167 760 190 850 757 613 240 641 207 300 433 915 89 675 355 357 756 764 785 604 813 178 262 547 808 883 771 314 177 624 386 920 565 633 731 721 597 39 967 165 345 521 795 99 995 141 140 479 665 849 900 725 367 437 858 216 505 646 427 47 502 534 722 237 621 614 311 109 543 859 190 441 211 483 736 556 875 307 247 890 609 968 479 736 499 490 948 517 291 239 256 297 925 496 675 597 3 235 191 300 759 465 981 884 418 264 49 795 813 238 724 944 814 596 456 280 805 90 37 851 261 708 746 474 431 509 243 15 980 472 291 770 272 769 228 26 539 759 716 342 219 555 802 379 430 527 459 525 59 591 320 254 64 615 183 443 61 157 473 452 12 113 968 805 438 680 65 570 520 821 144 53 490 803 513 95 638 80 818 632 288 353 732 961 155 623 336 827 541 463 60 332 528 707 383 210 460 996 705 195 751 492 365 462 182 81 598 900 531 51 191 211 64 386 534 701 967 133 215 143 584 392 789 40 379 188 744 828 416 455 322 343 17 842 804 919 233 741 567 469 585 17 173 319 670 215 552 729 787 681 545 484 533 541 257 480 499 10 34 164 218 956 614 267 423 666 377 654 475 905 450 43 769 950 323 714 898 900 676 646 765 844 684 174 773 342 505 271 218 512 776 854 968 274 43 178 759 921 348 223 446 179 315 450 921 275 717 568 5 973 975 978 263 310 263 871 395 934 118 965 839 510 192 985 996 702 505 676 643 893 398 323 219 139 476 34 461 797 438 368 870 310 972 589 656 753 381 125 273 867 177 435 55 402 614 189 592 781 784 932 436 1000 560 
929 878 6 35 376 273 318 199 407 756 149 626 158 334 932 286 702 212 180 72 927 175 634 681 251 485 540 906 480 839 119 91 605 58 119 727 769 588 742 404 410 978 118 673 886 747 520 64 47 339 489 85 393 696 592 305 617 27 38 175 633 197 281 939 796 421 933 879 54 442 421 654 901 610 855 352 395 799 760 61 261 281 741 263 386 727 583 361 460 252 525 603 556 827 562 249 55 184 809 228 991 752 671 911 590 416 564 976 270 394 410 309 391 779 333 317 822 985 499 944 708 25 864 910 246 477 988 569 307 757 977 630 636 667 176 799 322 939 598 6 749 915 806 431 354 731 618 821 671 986 233 897 463 414 780 535 294 243 460 2 848 161 12 34 682 724 523 98 498 997 297 315 278 386 512 284 813 842 203 634 550 26 53 249 214 987 647 843 495 153 269 572 282 653 687 437 297 908 247 237 748 539 580 946 92 804 898 829 492 796 207 12 456 320 336 300 417 121 387 150 551 35 737 189 878 308 337 19 671 607 434 867 415 528 219 175 573 244 409 76 27 27 941 180 800 189 910 51 801 514 111 182 733 933 431 272 129 434 420 338 943 311 20 762 831 607 830 815 770 225 765 745 778 357 311 265 812 175 376 788 443 11 150 618 255 788 880 140 677 39 934 76 191 197 297 804 914 672 983 575 680 160 879 887 135 848 700 320 279 918 111 350 246 836 948 655 691 843 175 821 230 965 594 966 359 929 209 444 326 388 709 86 315 783 721 824 537 363 339 853 277 602 833 884 984 277 192 971 187 757 333 362 353 158 846 662 999 177 657 42 364 873 569 474 902 990 341 355 405 695 348 305 686 258 50 678 868 586 19 948 185 769 920 635 649 560 877 371 523 391 770 684 659 706 744 321 409 280 457 793 217 266 404 43 846 433 596 957 517 768 491 561 487 799 94 535 592 209 673 206 88 462 389 611 788 159 474 869 25 405 655 986 966 8 43 765 766 572 3 520 251 209 649 941 424 641 69 699 832 171 694 351 997 876 367 670 259 656 382 612 180 44 349 724 674 551 215 61 997 941 522 161 937 556 927 692 617 770 170 27 681 377 709 2 352 167 761 848 346 469 226 974 941 30 746 618 880 841 931 296 
986 866 227 132 600 298 635 574 800 568 376 199 816 329 466 940 527 621 333 839 297 191 696 507 608 684 834 426 544 731 98 43 134 602 81 827 789 52 499 9 832 386 171 157 432 747 265 955 671 773 957 763 518 83 532 270 699 277 983 682 771 840 165 874 876 179 41 505 337 24 1 592 968 751 457 870 217 879 633 386 195 952 379 842 489 590 151 316 496 711 604 261 913 624 669 163 705 572 291 285 424 176 449 942 224 315 978 139 107 54 426 902 535 705 126 263 940 145 764 524 249 800 780 352 895 878 479 180 947 308 105 208 934 901 101 74 814 194 171 545 324 67 647 797 795 598 272 241 770 400 361 475 709 351 928 305 967 487 1 619 927 741 460 50 885 557 988 665 124 31 783 811 13 929 681 679 619 133 941 978 499 254 706 929 203 531 793 888 163 169 689 401 947 66 263 253 245 733 582 968 789 590 535 724 790 657 746 291 33 516 449 748 604 277 129 437 635 386 663 249 322 188 15 708 618 243 894 885 695 11 670 549 415 60 208 349 421 189 841 521 621 649 975 484 639 436 798 924 51 502 65 234 500 383 455 656 188 414 621 792 733 539 405 963 781 526 740 440 255 159 418 513 492 187 380 244 688 279 716 111 830 860 3 655 137 819 948 329 10 990 254 450 138 32 443 809 6 278 69 457 310 292 681 350 657 2 71 376 714 766 37 342 667 158 131 803 527 542 410 723 883 887 393 200 454 356 762 917 118 865 175 683 576 611 587 886 14 230 200 877 590 707 383 792 302 204 174 905 103 156 384 224 155 593 577 432 741 20 526 585 542 175 124 114 445 721 218 989 593 984 217 603 251 112 730 702 384 827 173 387 846 552 674 325 612 529 273 470 196 806 156 386 256 242 59 925 625 989 655 445 697 832 708 296 757 235 299 810 230 695 973 335 945 573 63 709 620 818 614 494 909 951 413 779 413 807 915 300 744 609 33 74 44 22 917 580 521 681 586 658 765 904 29 986 849 303 705 584 11 243 963 83 119 3 672 539 85 940 882 308 477 831 934 245 293 65 964 474 954 829 189 767 977 583 40 649 940 637 469 753 727 543 45 248 976 963 642 553 683 604 444 695 589 276 165 33 133 984 771 248 
650 15 527 419 304 409 21 419 235 831 469 777 900 362 168 161 525 174 969 821 909 117 817 619 863 914 306 205 818 334 732 160 912 514 50 686 369 414 981 757 386 208 561 684 685 242 830 824 904 955 442 586 930 261 138 322 757 389 892 897 870 856 768 613 482 521 283 24 199 320 628 732 676 596 916 11 376 623 833 480 86 202 179 95 230 508 387 344 617 253 498 695 674 15 134 244 934 590 769 890 361 159 894 931 46 892 148 689 330 199 897 104 341 489 437 19 877 670 780 750 681 350 199 124 854 987 888 323 521 789 798 848 564 711 846 631 451 796 618 860 821 941 985 153 254 69 285 400 671 526 619 199 418 131 606 405 590 132 777 107 123 87 323 4 110 884 189 493 560 304 438 685 644 769 474 184 661 122 64 36 349 817 209 860 770 803 999 739 419 661 324 590 148 561 37 864 505 371 376 593 783 828 735 719 401 27 90 536 714 619 390 759 299 802 741 799 942 17 620 433 276 954 897 379 242 867 551 789 926 400 894 69 650 41 561 719 948 471 830 594 928 106 173 293 92 826 106 840 805 423 135 890 234 282 685 756 961 881 515 415 899 738 166 322 362 28 86 568 408 406 84 451 982 52 936 144 543 784 21 279 24 786 646 314 421 3 379 879 178 954 374 102 981 255 523 53 723 619 18 497 858 953 449 300 872 99 316 834 345 133 220 222 336 108 141 438 636 51 784 543 95 975 763 663 304 380 575 94 572 559 483 827 68 700 446 790 700 356 110 382 269 337 371 773 675 454 757 471 127 295 542 232 347 579 628 30 80 523 348 796 473 209 846 659 314 486 293 575 939 16 6 665 887 102 893 411 185 554 700 9 491 93 964 266 74 533 104 504 726 397 907 858 331 581 31 405 767 39 366 640 757 414 570 974 123 219 634 695 221 531 906 923 862 47 909 969 671 639 954 224 719 173 205 575 746 671 262 574 76 806 79 945 860 697 171 267 613 542 469 356 694 551 811 776 57 770 697 705 990 70 502 274 135 486 725 624 754 596 5 763 633 283 653 903 551 991 786 825 331 604 159 582 437 774 646 981 410 562 148 969 672 666 366 565 490 886 599 536 930 107 202 647 258 26 412 596 211 516 138 224 
890 6 803 38 482 633 497 876 1 445 753 932 908 66 66 236 32 359 375 926 491 191 61 46 195 453 330 107 761 177 428 795 432 131 466 988 640 783 786 330 707 830 197 8 419 849 733 92 789 12 983 778 698 37 403 674 968 471 571 498 966 307 419 368 812 761 484 934 682 613 2 758 57 644 91 876 488 225 426 199 736 39 385 830 593 422 379 748 917 69 554 779 18 145 569 313 53 996 970 747 999 651 711 606 939 409 515 300 498 195 927 52 780 521 24 384 301 849 884 768 622 395 682 229 975 710 216 529 685 417 346 476 984 103 414 216 537 359 326 357 728 16 281 949 813 421 786 76 897 12 92 982 411 319 642 679 631 743 442 645 399 617 271 945 28 885 343 401 910 364 341 703 923 528 759 859 120 531 136 375 265 323 199 600 7 127 467 60 891 383 738 841 694 306 277 741 71 934 711 825 360 230 681 778 105 209 650 377 97 643 446 207 947 936 141 959 775 338 882 90 653 97 521 404 592 29 577 888 455 266 694 211 996 134 139 642 439 172 462 897 127 255 901 629 731 44 517 429 98 811 436 991 977 831 572 275 632 275 172 824 148 487 735 567 810 838 360 327 681 678 809 950 816 159 490 834 551 713 697 605 466 836 436 666 83 41 852 41 954 239 625 392 617 756 133 56 821 189 327 67 79 983 516 375 226 829 366 932 600 343 207 501 983 645 409 774 414 554 870 967 988 645 223 32 688 42 958 294 592 358 888 324 128 82 415 365 574 589 455 515 475 286 866 624 107 83 492 294 571 707 317 52 554 230 810 312 244 856 151 510 235 132 13 240 572 278 119 241 591 44 443 481 528 518 83 427 696 923 351 348 239 582 953 883 9 865 553 677 130 551 369 664 134 398 978 526 478 187 853 659 293 570 750 602 424 312 530 824 897 280 403 200 857 7 742 963 333 260 655 328 954 184 632 93 389 972 63 985 320 539 372 539 628 204 967 69 380 735 354 713 241 302 261 663 675 702 829 224 378 362 380 660 554 496 173 827 743 580 777 526 487 855 697 897 953 42 54 460 629 787 217 757 391 727 439 186 401 966 590 520 684 974 816 352 219 787 344 769 15 22 39 528 323 650 179 868 594 160 910 701 
887 80 689 738 491 802 762 716 398 683 216 887 294 12 223 30 898 69 417 31 712 703 425 233 312 381 905 827 621 693 475 1 998 476 684 433 971 561 609 623 776 758 881 945 145 592 521 645 107 249 773 147 430 676 285 111 21 896 667 446 181 187 788 939 555 18 62 113 85 537 98 919 210 147 996 560 283 442 584 746 399 854 702 707 132 834 194 581 322 483 733 103 178 759 214 562 910 158 919 27 39 947 665 688 326 138 707 470 921 153 763 758 180 164 50 692 581 350 510 233 112 279 692 998 69 56 211 37 488 635 572 766 695 245 319 298 839 823 306 767 36 878 630 31 680 587 394 653 199 625 318 266 24 189 690 617 24 392 111 480 712 78 732 998 101 253 561 372 707 53 637 0 142 15 74 490 974 352 405 586 243 935 532 975 987 253 244 170 414 571 467 771 983 308 808 181 843 450 45 215 580 22 555 611 378 58 701 756 947 439 316 878 41 522 463 833 410 318 775 570 895 755 693 35 937 616 594 656 620 431 163 641 772 779 230 151 5 285 727 700 904 464 675 967 836 435 916 479 140 388 872 86 82 549 506 744 359 257 923 288 320 328 787 835 102 204 966 997 766 53 468 528 457 378 645 942 369 360 304 219 458 536 406 862 35 456 876 415 342 489 288 744 562 901 406 225 205 901 310 465 294 978 971 484 737 69 388 40 514 338 382 401 406 58 393 841 469 158 319 109 47 218 564 557 267 415 668 710 29 200 729 455 885 308 205 292 569 375 250 731 239 16 266 582 972 182 688 462 688 338 79 209 956 203 426 523 907 655 692 121 256 876 614 471 198 427 181 31 590 857 77 574 490 790 661 305 749 895 266 320 858 864 715 854 176 538 332 179 936 934 293 628 496 217 702 201 601 991 865 47 111 976 126 405 681 580 527 509 828 715 832 74 514 116 575 152 210 185 3 58 649 798 699 510 852 211 554 963 652 595 479 759 653 812 471 21 462 950 838 939 4 961 852 989 905 606 803 831 670 86 905 814 820 382 774 711 81 998 723 968 284 315 383 617 834 633 778 804 846 38 247 560 653 365 419 496 678 205 626 284 780 922 949 950 16 942 661 75 729 150 239 228 541 554 71 362 822 262 116 812 
319 3 69 284 283 496 452 478 346 513 112 438 100 725 771 551 632 24 819 316 115 367 874 687 865 392 555 455 420 620 995 722 86 167 576 822 377 222 35 707 806 897 987 854 716 468 486 41 497 818 177 193 178 816 83 829 216 961 946 620 606 123 16 195 751 136 512 34 795 562 329 404 19 305 934 231 816 891 24 151 903 861 49 964 919 518 190 974 294 326 397 457 211 827 453 267 261 956 67 740 332 334 346 143 724 142 139 998 719 619 261 780 754 989 609 507 38 46 874 760 913 46 483 500 131 887 59 634 954 561 549 700 530 24 48 142 94 510 884 245 272 586 116 345 840 515 499 292 188 249 429 887 178 934 868 574 111 683 981 400 199 620 184 264 353 826 434 945 943 708 462 617 287 394 646 170 51 408 490 954 763 585 617 488 709 938 636 258 13 636 925 958 311 822 918 818 722 854 131 580 946 938 105 24 634 556 393 298 142 183 988 76 926 378 107 80 133 379 373 678 567 707 47 865 88 900 517 111 783 913 827 608 444 54 64 26 418 911 277 85 787 926 484 658 960 561 232 721 199 914 393 829 465 756 868 216 282 229 983 984 216 472 989 729 897 454 862 538 493 453 325 502 755 402 993 503 50 733 838 696 705 32 753 726 139 401 33 461 466 164 271 181 177 296 726 265 329 629 820 816 590 152 355 247 105 48 138 775 951 991 431 561 592 93 231 630 127 56 10 205 27 637 174 329 609 398 580 535 96 923 210 661 413 253 560 568 833 293 18 18 295 480 154 630 254 305 396 961 461 2 420 505 477 910 241 341 275 724 128 67 767 140 643 953 803 124 495 526 34 949 40 871 176 933 695 431 757 420 627 923 217 78 235 505 664 966 15 42 245 442 325 228 734 33 752 949 77 392 306 888 696 608 145 573 3 660 681 616 971 510 55 140 567 352 554 366 678 635 581 45 382 678 997 29 58 694 95 542 475 531 361 581 9 786 886 226 643 198 655 553 831 674 377 222 842 628 89 390 734 493 997 421 243 709 39 271 961 74 187 494 722 999 968 425 516 21 609 14 889 58 257 434 712 563 127 160 287 602 25 996 155 327 897 305 950 700 821 367 104 284 202 488 807 278 434 999 692 139 312 47 
38 370 364 270 391 808 854 379 211 624 796 149 899 277 448 781 217 752 283 130 827 107 797 736 317 236 142 156 407 268 984 400 277 331 928 111 749 260 916 261 2 622 221 625 788 297 988 618 230 676 893 739 885 527 449 474 348 468 634 322 346 245 51 159 500 509 493 896 29 947 126 482 921 172 682 855 519 245 56 172 332 53 738 527 939 340 384 835 908 24 857 907 824 783 481 252 200 490 491 832 178 122 134 114 17 731 632 263 67 121 360 230 38 282 714 402 919 789 157 964 639 371 222 568 71 752 766 884 179 622 482 228 118 193 107 783 385 694 557 56 836 581 597 808 751 808 787 239 193 679 433 742 789 524 295 629 144 135 22 470 877 378 814 81 74 768 583 281 549 767 901 199 272 286 909 879 718 376 825 787 674 345 963 765 923 80 913 974 834 395 725 493 395 598 205 250 120 785 923 957 237 752 148 782 816 393 582 462 537 40 879 24 429 402 409 444 327 374 495 292 180 484 878 245 453 152 925 463 965 458 360 438 254 417 535 3 164 180 712 230 266 908 578 263 286 743 502 229 461 525 598 85 26 489 140 667 388 294 274 26 692 713 727 281 588 240 528 354 834 719 5 683 949 896 622 153 192 606 958 727 355 240 953 133 720 446 951 497 80 626 893 683 766 201 413 681 856 423 654 877 263 100 738 62 627 203 263 942 383 377 905 85 790 338 351 804 374 333 510 244 628 779 522 193 724 236 671 823 514 88 439 884 397 236 397 1000 755 855 944 200 454 47 843 308 957 652 953 682 210 682 844 252 63 732 882 648 747 777 289 38 580 331 414 525 553 172 784 760 49 249 878 261 979 814 789 949 779 823 927 295 756 482 933 493 683 501 694 773 324 223 412 506 750 80 990 938 253 305 278 728 403 151 737 828 936 359 3 984 189 30 933 171 242 906 215 250 141 29 764 655 764 129 681 973 793 251 543 111 913 80 765 426 869 439 492 111 591 847 353 673 54 839 856 849 112 970 307 354 101 759 467 838 509 707 625 176 831 43 111 505 300 122 941 962 260 865 773 157 637 553 929 908 633 879 532 342 254 340 694 955 948 449 827 927 355 311 671 598 424 26 988 472 994 574 498 192 510 478 284 421 
346 37 534 59 544 746 802 331 944 987 937 658 249 35 460 378 712 455 644 822 403 925 398 696 293 567 610 521 204 79 578 325 945 935 634 878 783 398 157 361 758 707 643 823 242 925 786 77 219 650 176 87 198 315 655 40 905 481 933 452 599 358 728 598 792 879 575 226 172 567 515 124 757 266 770 514 294 215 38 859 862 847 50 337 777 281 582 919 828 755 48 21 889 803 323 958 164 918 959 204 21 164 273 453 496 441 699 740 109 187 778 819 666 917 35 654 392 822 729 589 104 657 231 35 767 156 945 657 514 550 52 862 251 354 626 210 65 289 622 806 990 897 817 230 827 477 541 367 845 699 475 203 551 438 552 949 288 324 75 269 782 866 161 528 404 542 19 419 911 623 128 906 660 355 654 538 126 589 994 597 849 652 319 425 99 947 230 231 836 4 288 315 731 416 474 877 364 253 587 855 546 91 223 792 119 19 901 853 590 184 516 59 356 788 760 690 701 792 368 322 963 588 466 388 98 883 98 238 76 229 235 82 805 318 921 24 31 985 673 137 496 852 641 805 164 380 269 855 307 213 789 494 364 232 665 426 296 313 262 512 924 768 354 788 399 394 628 212 736 685 96 639 714 488 875 190 241 341 556 965 726 662 842 760 677 183 68 160 809 510 905 252 857 409 716 58 42 870 517 110 659 670 174 54 476 979 878 212 560 15 912 284 988 873 947 157 1 837 189 851 298 372 612 77 682 239 308 331 462 967 37 942 599 5 129 546 504 4 692 299 276 853 549 29 362 8 429 319 708 650 291 431 210 640 812 451 263 210 485 584 445 884 74 206 453 97 561 711 511 878 733 566 217 666 127 288 244 394 118 513 151 17 834 897 660 355 393 876 589 646 610 507 730 562 875 838 166 479 196 525 679 796 35 196 896 668 236 559 621 805 366 3 961 815 125 90 167 464 115 158 252 922 546 545 876 603 662 545 680 580 87 645 585 451 950 428 468 264 321 316 970 498 831 745 15 621 432 412 19 255 44 619 98 959 343 484 447 851 302 894 833 608 54 730 792 606 384 893 670 200 630 910 7 759 707 973 108 578 86 7 884 669 80 890 503 98 963 132 280 99 592 27 25 693 286 428 746 678 527 460 
288 134 611 210 280 248 638 769 776 487 593 701 280 360 909 630 193 692 165 2 435 452 532 245 300 591 63 779 585 552 354 413 809 290 752 81 117 77 748 25 980 452 133 895 718 948 852 520 228 128 943 218 416 897 372 172 903 725 401 953 34 980 508 10 106 191 395 428 467 973 624 913 197 741 100 758 139 523 299 748 893 735 348 67 366 272 918 869 487 929 201 709 528 549 935 694 498 657 784 893 758 844 35 674 874 103 606 661 662 512 53 869 441 529 829 735 55 696 760 369 962 303 823 379 294 6 320 340 222 387 644 411 570 639 508 743 633 355 462 9 798 80 46 84 24 546 582 664 481 461 201 492 707 662 911 67 191 723 281 575 305 267 353 320 187 120 446 789 541 731 45 991 404 467 965 988 682 781 299 329 699 508 452 187 304 756 481 269 587 660 883 929 898 767 225 905 450 673 44 489 36 666 991 349 646 199 159 686 873 342 199 235 274 31 497 235 797 950 850 304 522 99 937 216 585 804 981 542 717 441 528 202 65 713 936 156 875 510 679 648 372 636 779 394 595 788 745 301 176 254 580 354 218 632 319 724 433 489 499 937 872 770 985 824 561 231 979 479 639 397 44 36 856 18 805 894 867 650 68 551 939 257 773 806 22 544 435 113 355 96 118 147 568 140 109 368 524 328 104 410 239 60 296 609 462 839 740 733 101 577 339 335 61 946 67 203 6 367 615 830 429 956 632 537 991 906 325 152 364 942 201 96 702 513 222 119 599 845 675 946 629 703 870 569 12 941 398 527 322 673 487 495 761 196 953 141 595 386 318 440 765 407 118 545 629 561 360 44 372 931 868 209 168 409 84 786 147 677 950 628 306 511 808 247 579 495 453 898 539 308 352 780 641 479 58 497 248 551 509 827 959 128 539 416 290 914 302 730 3 859 951 226 665 56 331 529 519 851 133 450 228 419 932 232 537 301 344 465 949 723 949 844 923 616 18 365 651 791 317 707 692 73 790 946 389 647 948 243 926 724 706 233 588 127 37 449 495 631 544 460 637 574 896 68 330 484 654 485 267 752 761 613 697 848 593 710 264 45 619 87 499 900 226 843 290 776 759 216 770 538 484 36 402 114 360 473 198 720 27 686 
964 607 141 583 74 462 372 945 781 192 407 740 325 569 351 468 739 889 145 618 297 631 577 800 235 929 197 651 762 420 954 210 764 4 604 987 717 301 738 841 787 344 273 610 346 81 607 668 461 939 753 841 113 663 177 24 974 534 775 979 977 617 372 352 600 427 675 148 909 105 930 615 99 344 248 308 574 848 889 569 793 352 967 768 905 36 714 605 81 663 754 827 58 640 177 536 774 170 231 328 612 953 606 622 861 292 700 898 523 404 213 995 542 468 341 202 809 222 867 455 904 491 467 424 505 284 792 953 925 413 541 253 613 363 579 953 120 882 824 874 947 598 326 919 864 89 934 673 540 159 483 570 184 803 160 809 970 749 95 126 444 470 823 772 572 587 433 214 167 967 600 726 632 758 899 997 945 394 778 313 940 384 677 682 665 424 374 519 508 13 148 120 193 580 797 285 44 81 172 168 356 946 798 352 398 413 923 137 65 236 195 967 562 346 65 203 63 774 449 715 588 839 353 422 541 133 52 878 271 516 701 328 619 197 19 443 268 130 615 438 396 246 339 600 747 967 308 996 984 212 735 930 77 996 704 711 683 25 524 639 719 38 615 604 427 706 564 337 371 266 109 191 826 218 834 372 892 593 831 824 947 483 944 79 372 769 818 388 155 307 760 150 276 29 270 6 772 383 960 704 10 945 135 458 973 838 367 344 575 605 690 151 470 963 839 168 510 819 289 623 954 292 402 515 363 185 780 26 982 888 185 206 817 348 513 376 499 511 219 515 272 865 530 144 459 237 905 337 346 664 116 208 67 135 527 356 53 641 944 168 139 912 737 451 422 956 112 853 78 5 881 871 206 986 384 431 523 411 994 268 754 386 79 296 811 629 529 419 394 15 803 360 564 59 874 585 96 825 875 715 91 466 713 191 135 622 448 637 458 810 702 892 328 593 644 592 167 978 385 834 330 121 871 494 851 883 758 998 510 201 830 780 797 522 489 712 207 18 560 382 70 583 425 513 426 543 449 896 384 326 979 144 805 647 178 587 640 432 525 622 81 951 439 846 92 174 978 466 378 114 471 69 125 254 776 272 908 982 744 343 736 174 263 692 803 559 885 918 337 276 594 734 703 178 761 682 71 32 585 390 
910 488 198 411 861 105 236 604 552 962 375 766 618 290 824 999 57 602 516 775 695 403 960 234 196 113 541 879 972 323 909 204 887 370 688 3 515 716 409 401 907 227 835 260 242 848 689 549 215 136 240 719 444 615 633 331 105 453 337 426 888 972 838 86 866 130 166 382 344 838 451 722 113 440 925 903 443 672 172 167 755 861 764 44 280 634 484 426 925 846 78 69 808 877 425 22 303 14 234 761 805 462 463 2 506 655 372 828 953 935 131 762 549 58 403 634 876 148 222 451 293 550 616 352 470 866 738 577 103 619 468 655 145 616 234 996 74 683 740 823 847 208 49 545 174 38 127 163 260 90 787 866 787 35 293 875 905 269 268 369 394 674 957 835 718 160 347 531 184 548 236 816 383 463 191 932 498 88 870 126 511 843 748 505 301 386 523 248 714 968 30 725 372 812 659 562 171 458 860 766 212 231 607 327 583 349 721 724 779 89 830 143 97 340 151 577 96 974 802 691 21 85 967 958 822 341 903 483 264 524 99 783 744 540 509 171 87 460 479 771 555 85 571 103 234 307 753 91 745 913 875 916 624 652 397 313 345 411 169 989 534 985 208 135 295 259 250 843 358 120 421 900 945 532 986 86 812 12 310 523 209 796 843 742 34 428 866 840 10 327 578 548 663 614 867 712 592 598 815 863 361 469 216 516 33 329 841 396 249 657 574 843 115 537 784 360 397 281 177 524 40 649 276 196 971 882 638 255 354 963 96 160 631 668 325 379 725 195 271 629 583 511 598 708 219 127 510 369 124 901 360 857 424 669 204 533 880 85 589 236 897 597 419 482 412 930 83 916 635 28 343 116 165 465 682 213 73 190 8 849 184 75 847 12 955 32 532 904 696 180 228 271 163 438 579 403 408 140 72 729 186 627 953 426 370 429 187 756 172 579 944 731 151 156 993 935 832 63 819 778 725 489 548 577 45 519 417 367 242 174 443 337 878 66 225 834 223 466 50 738 974 636 774 65 696 272 90 382 456 331 104 392 887 76 206 288 96 19 837 352 154 250 640 182 312 629 809 679 966 366 864 888 986 462 74 0 84 902 848 375 203 836 694 319 418 157 241 995 861 163 32 78 528 853 432 919 270 474 641 733 
581 157 818 497 408 8 379 718 309 330 604 19 417 238 427 988 445 117 188 755 940 881 707 813 843 147 962 542 335 376 277 414 755 833 205 688 206 572 332 584 320 372 182 806 945 165 379 778 48 101 822 218 72 347 197 812 139 869 30 961 939 63 586 385 984 126 487 215 921 394 623 247 755 305 508 69 829 345 944 233 53 644 238 614 587 850 453 220 658 333 47 990 616 147 566 365 122 410 872 956 2 995 480 946 3 50 933 76 627 639 190 109 84 32 715 570 994 519 65 856 102 381 148 42 425 243 524 507 554 654 573 952 655 343 808 139 18 789 186 455 543 863 134 25 52 192 639 671 417 177 578 408 824 236 354 561 680 790 43 623 780 114 621 536 28 656 556 459 431 307 314 297 961 194 795 173 76 440 199 73 33 472 993 577 579 601 200 672 733 941 597 527 923 459 62 412 274 645 959 786 616 558 759 629 945 981 342 939 78 996 649 561 314 106 413 493 340 277 44 181 686 614 295 836 232 172 317 28 727 315 841 793 106 765 339 253 803 760 448 620 758 354 635 321 723 165 368 670 571 959 999 182 879 586 675 611 825 384 807 273 157 398 962 642 490 998 13 915 327 388 273 5 767 742 249 97 113 231 757 830 609 41 103 444 320 959 124 420 850 345 657 419 129 600 624 835 816 189 861 186 163 497 225 926 269 46 883 197 68 429 765 507 564 693 567 688 736 908 852 300 37 194 41 26 941 805 245 763 128 186 739 873 362 89 105 433 952 77 224 684 708 478 782 98 464 943 369 336 646 843 623 842 0 65 25 460 703 6 282 406 274 821 468 353 110 623 700 351 942 984 973 894 502 236 716 511 564 309 479 123 235 489 108 335 304 452 610 921 395 193 255 543 522 906 88 417 666 74 195 518 295 159 946 521 99 319 568 270 635 578 56 148 600 289 185 585 541 211 108 989 825 151 492 833 451 815 470 57 995 229 996 923 54 205 463 640 818 600 496 879 171 845 464 481 634 813 869 487 334 763 331 431 421 422 736 709 425 833 49 372 998 511 853 227 448 45 426 213 519 486 592 336 150 564 924 484 5 633 677 389 561 194 888 833 319 529 776 228 909 241 808 265 619 665 794 189 294 960 387 337 
540 971 71 403 113 209 796 842 117 636 950 42 775 76 5 941 462 83 380 648 365 985 987 805 927 945 108 874 442 938 709 985 827 758 338 108 89 548 217 268 174 210 333 367 785 742 389 624 568 703 839 442 850 292 505 502 279 655 430 502 407 652 849 575 682 133 241 583 24 794 490 452 338 602 829 401 920 255 94 501 574 506 898 482 883 847 805 107 97 169 39 176 553 839 981 814 794 313 573 969 821 757 279 631 331 44 687 395 530 28 517 996 414 702 160 189 522 1 306 20 865 616 280 24 570 325 366 441 203 170 152 618 927 923 152 553 363 94 566 968 508 623 627 188 173 586 171 362 873 415 693 645 968 323 313 542 998 449 261 721 823 659 752 661 318 986 408 490 706 855 511 77 300 810 767 244 218 24 913 608 526 796 481 965 832 500 817 661 422 345 56 897 716 790 343 353 521 847 601 153 737 346 351 400 950 428 674 110 442 718 9 734 9 20 525 41 112 700 914 671 869 30 310 908 865 187 621 401 782 175 636 232 157 359 159 297 246 67 61 460 76 243 313 191 549 476 791 956 874 844 724 47 899 318 1000 882 958 182 655 160 437 600 142 756 408 18 931 73 114 583 287 552 743 362 703 343 537 931 782 10 241 178 513 367 459 972 846 434 778 578 701 712 223 116 574 114 873 450 894 508 371 278 977 704 508 443 359 810 949 827 203 839 134 82 574 291 355 545 596 872 610 873 609 472 724 829 499 980 843 368 560 158 99 852 446 814 851 332 761 862 751 114 419 106 320 75 46 253 500 331 96 202 368 271 976 160 722 501 706 530 98 574 566 397 373 540 47 994 167 583 220 271 243 174 913 198 310 964 473 854 231 2 917 642 365 742 677 755 333 961 683 272 597 236 395 274 418 585 422 372 905 327 98 801 713 790 578 932 878 70 514 786 601 477 12 593 735 610 880 108 269 519 704 955 454 389 691 352 840 817 344 323 698 760 455 210 255 994 804 752 754 769 875 836 759 939 18 61 644 606 759 486 421 986 21 361 399 375 819 772 538 129 37 480 966 124 440 946 367 826 604 504 466 522 374 419 39 354 12 599 670 812 728 325 162 762 680 685 963 317 432 650 175 668 529 244 405 535 700 143 
208 308 499 169 240 106 121 564 592 148 827 556 542 39 157 626 431 175 385 549 344 355 46 245 772 17 19 749 340 422 562 646 220 603 504 23 839 738 195 588 184 421 922 264 703 714 37 514 964 921 508 676 590 217 33 679 363 817 572 691 339 256 283 321 473 913 255 996 153 317 753 650 714 23 276 825 475 449 709 235 36 803 631 170 637 801 889 980 143 910 633 179 931 144 335 299 888 830 924 544 574 240 65 428 219 746 253 564 803 983 813 559 350 332 344 354 994 148 22 704 276 361 939 481 754 253 514 17 46 706 409 510 489 631 251 209 855 957 418 117 568 957 56 684 421 711 294 813 870 81 293 427 16 591 414 243 543 170 822 379 803 113 41 977 357 388 929 325 124 83 994 872 764 488 669 712 907 183 532 941 349 948 444 686 749 461 511 400 469 899 674 143 895 652 778 196 603 624 982 588 695 203 426 320 598 740 72 57 857 733 113 150 725 832 228 409 313 246 606 734 619 971 473 634 916 477 162 716 65 168 670 959 634 706 933 883 403 608 205 736 437 445 257 693 252 563 369 25 748 350 370 646 750 562 555 984 360 364 769 941 920 859 963 127 596 814 446 792 266 122 701 516 46 104 456 612 158 525 541 915 967 61 713 603 552 894 584 852 468 474 437 83 193 350 163 458 52 208 658 459 933 731 277 550 890 864 818 534 621 277 549 474 503 3 461 286 282 4 682 794 68 153 27 997 796 905 950 258 126 916 963 155 859 258 565 971 112 30 883 767 577 909 922 605 393 831 265 377 660 997 335 528 423 691 76 745 734 264 275 94 242 954 40 483 921 493 676 258 278 936 240 443 541 66 32 102 330 581 171 796 259 21 621 289 649 268 991 817 119 812 277 857 105 480 880 429 64 331 903 360 142 119 691 209 803 395 931 286 459 949 988 24 902 679 378 466 730 981 691 929 232 218 53 638 831 22 323 413 787 725 54 924 804 897 44 398 135 483 461 793 591 891 254 202 545 56 354 773 996 522 6 804 451 475 28 583 890 443 90 926 613 663 634 446 186 869 800 197 645 654 148 543 557 956 892 949 254 655 96 725 861 93 371 761 580 111 917 940 104 291 219 76 602 838 919 47 203 939 122 94 
752 860 573 464 278 687 376 930 231 954 494 698 793 814 21 95 684 621 705 634 675 184 334 152 288 859 934 232 616 677 772 524 245 640 373 333 444 876 48 110 973 681 791 798 923 691 619 631 297 381 500 132 454 619 339 707 43 384 706 460 429 356 562 111 663 526 433 548 831 82 897 29 163 437 250 115 134 831 491 878 203 842 528 997 222 916 772 114 344 782 539 755 561 749 633 849 331 408 497 285 50 44 559 640 222 470 260 43 514 822 881 371 417 836 529 979 685 100 294 863 955 220 312 292 297 909 499 419 891 357 322 587 586 646 482 719 116 741 391 822 501 293 236 872 204 366 554 190 609 24 79 707 433 653 439 585 793 0 769 996 802 453 301 14 251 482 422 40 579 537 5 381 307 211 370 278 879 622 554 822 590 961 50 564 259 108 415 379 155 394 878 149 684 290 480 66 163 990 590 72 842 740 468 164 537 466 170 830 616 326 336 90 21 311 987 848 361 88 145 732 661 699 933 274 136 757 141 78 50 142 878 427 203 598 117 965 171 114 978 455 842 230 709 872 129 651 603 849 854 492 921 716 220 180 851 492 298 544 287 886 353 674 481 541 116 865 2 60 712 375 157 394 649 357 358 233 826 837 839 119 681 936 189 474 781 62 314 328 224 732 364 65 174 160 939 787 286 199 678 954 103 497 113 482 22 468 222 540 163 252 537 182 63 619 400 709 605 257 608 303 667 122 281 477 602 655 101 84 37 417 774 665 203 846 407 719 357 223 770 73 404 773 593 334 950 577 519 830 704 798 211 28 116 632 997 194 796 919 910 885 736 34 337 776 676 885 569 703 633 359 209 160 862 688 219 471 47 390 196 676 462 276 178 761 27 148 80 160 30 890 7 294 665 972 304 201 321 808 85 369 622 330 155 676 144 720 516 609 835 844 462 837 462 178 617 461 525 899 413 608 936 76 390 440 333 553 659 641 243 896 124 431 400 992 306 834 869 538 602 777 195 432 452 213 905 854 789 583 584 433 935 909 585 702 584 462 198 841 39 391 481 49 201 544 680 893 860 146 604 14 581 560 370 615 417 509 54 493 447 554 687 646 963 386 376 131 772 631 590 251 41 720 550 285 52 183 652 220 804 608 
811 555 226 233 745 713 612 237 708 368 804 744 342 611 746 796 241 420 120 520 131 171 500 127 259 630 412 5 345 694 886 337 420 610 187 129 428 901 431 879 773 656 806 836 590 141 387 642 46 270 725 253 305 683 224 150 823 385 351 512 515 269 345 953 569 876 508 167 518 50 40 344 874 221 186 577 417 495 56 769 24 40 157 199 523 129 636 326 755 74 451 191 887 942 127 482 123 290 503 581 644 683 941 702 300 565 473 594 488 693 941 285 79 801 559 138 161 245 300 402 602 359 964 42 452 544 140 838 377 281 55 511 166 435 757 1 280 835 610 647 496 438 50 802 784 708 472 260 397 750 278 511 291 640 786 617 10 418 48 523 342 179 793 614 418 888 233 231 237 896 160 814 557 735 166 226 495 382 165 196 689 746 754 967 937 14 315 398 677 795 394 300 647 240 839 976 525 590 310 985 15 598 689 321 709 721 67 43 56 215 594 923 934 242 261 758 679 767 616 729 351 436 564 210 827 372 331 970 455 883 260 255 945 258 618 840 679 77 832 722 824 381 436 624 206 789 519 640 518 793 33 262 355 713 64 836 335 16 447 819 890 869 67 713 121 543 972 165 39 519 497 508 976 885 263 876 595 747 287 244 984 480 414 454 346 233 47 542 491 775 216 283 15 844 934 801 852 447 203 619 618 368 784 513 50 93 493 455 378 424 205 227 346 837 711 170 602 470 747 523 69 294 955 632 977 549 581 179 547 932 361 98 694 453 838 188 513 192 213 261 734 612 292 606 412 584 808 979 581 342 400 843 467 28 512 108 273 210 387 274 384 664 144 735 121 773 290 651 909 390 714 385 729 925 164 654 861 55 991 809 221 912 758 167 896 568 946 222 464 609 635 366 853 809 938 362 801 235 945 163 229 799 53 600 496 749 6 0 708 19 323 588 152 738 439 63 540 944 519 27 297 610 193 916 761 837 949 606 46 182 459 578 476 473 954 296 537 14 196 295 225 168 5 158 599 838 807 965 360 934 596 349 600 618 564 716 886 874 690 786 279 791 952 151 185 396 420 629 29 574 654 894 801 488 888 132 709 182 324 90 755 585 402 555 829 577 639 495 185 343 850 549 277 194 445 903 677 382 741 960 
692 480 73 897 170 808 275 325 888 941 239 165 651 317 456 875 246 483 860 565 466 351 638 4 561 928 875 457 26 319 112 718 858 606 742 480 69 190 650 57 857 806 859 166 145 579 431 408 462 17 387 640 235 341 34 620 545 483 873 508 623 590 415 668 235 494 539 200 764 802 159 864 694 155 171 490 874 735 177 264 800 217 979 167 968 429 637 269 816 452 923 339 161 734 196 861 774 454 526 527 339 294 515 880 836 536 206 664 578 804 935 506 550 459 597 868 448 455 645 278 459 418 363 34 325 90 680 647 416 830 457 723 908 636 453 764 528 245 496 572 658 20 88 289 183 78 600 692 836 586 896 53 703 845 389 275 545 717 524 468 663 251 781 258 311 203 544 205 186 475 614 77 18 208 83 809 859 200 834 616 168 822 744 197 690 940 508 432 120 25 504 140 783 759 827 45 66 785 364 158 138 295 470 152 691 486 138 886 133 654 428 724 2 626 546 487 111 866 562 400 839 765 668 433 414 126 70 792 684 498 991 387 583 441 152 841 821 398 808 882 490 3 175 40 518 978 235 765 732 324 207 501 628 922 128 991 862 885 437 702 528 923 901 681 597 334 266 207 815 339 310 487 645 3 574 365 996 597 65 678 955 946 795 157 664 669 524 220 435 667 692 717 46 400 927 455 471 823 161 104 344 132 229 472 649 53 249 42 737 741 198 714 252 522 502 340 351 387 611 947 643 219 274 808 481 534 1000 989 521 123 933 707 660 582 695 950 64 947 754 37 730 285 948 839 927 993 549 893 703 336 981 496 438 635 891 275 951 336 39 400 916 129 502 957 83 838 264 727 939 563 486 738 49 773 235 259 457 539 362 54 304 576 396 679 603 384 417 373 358 462 354 49 582 101 8 879 662 35 641 915 18 72 535 690 739 957 778 989 378 807 242 222 384 582 379 995 227 988 902 778 670 228 6 83 663 674 563 972 317 793 930 497 536 581 411 563 800 668 487 397 959 293 748 550 353 212 285 29 381 736 253 797 889 775 916 0 542 239 500 184 286 376 415 199 113 521 325 325 635 795 641 926 942 295 37 613 718 52 919 474 50 77 300 559 898 959 293 268 855 118 543 95 436 106 678 96 281 381 233 750 
58 214 541 910 782 744 709 263 900 701 708 609 412 348 246 224 531 685 928 5 380 994 928 5 388 481 544 262 504 628 390 275 858 362 225 941 856 214 727 892 774 989 479 703 404 94 22 434 902 179 597 13 744 981 410 73 579 32 578 170 798 395 26 197 946 37 987 363 501 308 759 161 478 35 63 947 748 275 14 760 435 139 537 610 507 468 123 913 509 871 728 515 926 122 503 650 1000 192 436 131 781 83 30 892 600 967 749 606 807 620 408 528 995 949 470 811 522 822 854 152 24 651 296 707 97 427 916 452 764 179 536 969 353 293 238 345 117 47 751 715 403 910 225 483 591 986 82 653 614 617 487 899 808 72 127 399 853 192 628 982 575 181 609 524 453 512 176 633 297 191 971 698 944 348 986 885 324 49 550 254 825 988 13 304 417 943 626 371 889 569 211 149 114 558 286 232 952 375 794 423 118 772 80 297 436 694 419 719 698 135 883 943 156 464 16 210 512 360 662 551 528 664 603 843 925 124 367 263 583 577 541 165 182 642 822 488 433 887 369 685 156 391 378 476 644 466 552 130 718 398 603 491 686 829 874 944 808 362 757 756 724 699 84 444 606 214 436 584 894 903 716 893 537 661 813 342 760 684 49 255 674 474 115 219 134 795 738 409 352 911 291 835 986 708 446 421 879 146 64 366 920 320 27 421 98 517 892 244 768 105 704 917 106 967 627 387 492 820 516 244 455 633 690 938 284 109 708 808 11 482 464 906 643 443 717 598 201 667 864 941 370 235 682 840 828 544 766 602 403 760 994 530 673 717 680 949 782 618 948 871 759 573 137 827 516 301 408 862 432 200 631 626 870 865 698 155 523 392 51 877 565 23 323 698 867 388 929 911 972 227 686 945 803 410 751 844 703 820 757 257 180 559 115 27 419 701 285 133 326 733 351 917 686 921 940 618 725 29 633 159 837 244 553 270 594 231 898 569 734 30 403 464 242 272 114 984 188 582 170 414 576 651 986 884 655 562 928 306 269 101 517 286 929 270 960 116 784 43 606 829 651 947 1 105 486 242 156 283 181 886 169 831 224 751 919 393 876 209 607 82 446 924 478 709 524 66 402 36 76 493 973 982 363 41 635 340 379 20 421 589 
530 45 245 485 506 517 651 9 752 400 583 601 510 815 137 302 881 970 11 373 331 963 707 722 562 564 347 766 587 425 333 608 407 505 598 171 954 347 959 223 230 1 368 259 611 176 961 779 539 644 658 539 102 17 539 309 165 7 180 672 315 370 839 254 986 538 999 576 124 271 757 270 580 18 109 528 148 602 439 497 758 27 181 815 926 439 320 139 181 776 738 962 371 36 557 285 404 368 398 913 393 49 286 741 241 838 988 628 19 563 538 144 372 470 271 697 549 825 734 772 849 522 965 870 785 296 265 265 3 262 128 133 197 561 528 302 758 555 248 465 310 748 957 931 191 938 676 798 956 97 169 830 18 411 18 556 364 863 104 578 203 996 302 823 645 457 506 588 326 982 638 304 363 906 88 437 873 258 22 465 153 5 561 408 640 469 647 14 776 306 614 146 968 103 844 135 428 15 265 357 162 360 347 774 831 668 779 101 396 367 811 339 402 669 242 501 683 739 752 554 90 114 256 875 989 577 301 188 649 786 414 580 379 396 529 442 479 54 610 243 14 378 196 758 451 187 20 569 457 415 846 534 673 109 514 522 564 266 983 100 837 879 4 658 877 691 204 214 162 643 850 428 495 812 349 315 397 489 300 11 263 959 958 175 293 576 381 192 851 721 988 968 773 874 283 280 482 484 371 31 893 241 752 441 456 45 77 341 736 170 505 382 646 106 113 101 820 214 598 390 391 516 591 932 443 892 188 863 479 919 502 867 140 967 223 208 894 586 685 373 839 397 276 241 251 527 101 869 393 571 904 200 457 732 911 376 367 553 303 31 352 257 900 813 377 519 187 95 448 558 433 800 954 374 554 291 547 860 751 470 430 999 484 472 99 998 459 956 407 500 22 749 634 74 536 70 246 393 821 316 830 501 690 18 733 111 496 297 362 842 40 1 45 245 569 627 461 888 24 22 213 290 195 393 422 540 684 438 44 992 633 480 907 67 221 787 839 191 401 177 762 136 193 788 894 163 58 780 147 948 644 735 354 177 933 848 308 985 310 532 881 820 465 563 387 859 303 749 217 37 533 420 586 303 665 663 36 371 87 853 4 804 246 478 409 998 793 439 119 25 50 201 713 867 438 539 321 737 250 947 
535 702 384 342 114 442 934 578 238 19 724 610 448 580 437 286 984 747 70 822 436 449 676 87 536 520 879 46 371 188 96 718 374 866 783 150 916 450 59 58 523 121 801 713 353 994 747 330 5 56 993 953 852 508 953 540 54 463 276 160 612 549 188 519 960 562 664 350 801 681 750 969 730 982 1 364 813 286 72 685 354 638 296 289 574 414 512 996 695 608 143 155 805 729 715 313 983 742 443 273 413 708 504 661 227 788 767 233 885 483 584 659 374 723 170 88 892 776 330 534 101 330 979 312 682 226 447 463 930 652 531 566 18 491 420 164 729 840 493 680 501 189 294 623 68 792 923 724 507 388 549 93 502 462 810 902 345 390 5 176 626 623 826 582 533 503 325 439 134 387 175 317 266 695 438 76 795 136 814 5 172 28 33 471 559 825 496 93 920 508 97 493 806 285 422 467 180 906 237 893 938 197 411 328 185 834 0 852 942 709 636 825 624 417 346 754 264 814 562 280 974 83 913 748 816 513 701 756 405 234 810 205 464 899 693 135 965 132 912 757 78 574 433 667 566 411 249 424 917 919 20 78 377 964 213 591 707 967 442 219 152 379 30 52 379 834 504 782 367 814 713 453 929 565 48 259 996 212 791 215 126 76 474 636 766 270 976 820 157 694 395 113 344 68 347 116 257 504 301 2 150 681 66 138 634 623 357 212 777 207 663 766 384 658 779 670 286 35 794 136 157 72 550 108 869 348 265 712 863 772 692 781 425 234 631 379 396 212 829 960 170 660 66 86 986 787 930 680 115 492 783 261 758 941 881 243 117 306 619 417 300 589 584 845 125 296 939 589 60 858 59 80 53 549 518 46 580 176 175 475 113 918 928 73 811 528 354 677 966 803 463 504 30 505 834 821 108 282 596 708 758 793 249 266 543 635 375 750 90 634 5 73 522 993 749 72 836 328 822 180 866 996 426 380 435 42 168 316 550 311 368 213 786 829 244 945 190 562 943 441 706 72 670 243 761 632 702 328 493 821 610 859 435 493 768 835 277 516 314 129 553 340 518 851 760 620 351 420 565 972 296 284 705 584 985 164 710 898 944 88 291 272 367 669 213 305 75 500 415 35 200 634 903 270 372 566 246 4 673 432 
319 940 941 885 908 836 664 747 771 468 854 473 255 369 180 967 475 352 310 613 759 718 329 435 381 923 234 609 632 737 48 562 788 776 146 529 506 363 306 242 298 958 413 217 777 567 357 585 621 365 452 343 673 812 104 695 906 697 764 571 795 63 411 31 465 492 283 721 427 957 771 653 740 588 652 925 695 241 142 601 613 310 331 91 700 431 758 227 872 333 944 337 57 464 763 381 817 590 717 353 562 149 889 391 994 7 377 383 818 962 415 8 64 903 250 887 348 732 385 339 388 30 595 928 505 937 268 932 18 352 653 629 262 347 18 358 855 882 234 770 705 969 181 381 523 926 696 815 170 981 55 768 730 38 475 47 100 865 470 948 833 962 524 862 189 412 782 443 0 705 304 775 488 546 746 923 865 949 993 345 723 568 243 501 405 916 648 749 959 545 643 749 223 897 749 614 297 282 921 446 931 328 990 432 601 476 574 243 837 702 971 954 408 304 415 206 942 10 509 123 49 626 579 392 113 260 235 877 440 789 330 965 700 467 653 18 836 545 242 225 143 951 435 642 311 833 689 872 928 80 319 86 225 282 863 58 48 819 808 597 918 525 746 473 956 713 330 416 621 207 940 205 322 696 266 531 674 188 222 105 525 252 653 302 660 760 768 259 292 71 309 591 875 609 52 584 828 727 813 41 104 525 489 703 583 374 701 764 879 978 92 691 177 689 676 491 785 62 720 712 114 962 430 417 272 135 491 539 384 95 265 861 371 81 330 402 240 776 382 226 968 827 759 317 51 133 158 967 769 119 801 78 307 750 415 598 860 464 656 483 848 667 79 35 204 940 756 586 835 890 241 174 945 452 23 644 555 696 999 444 325 532 512 511 887 763 106 394 642 850 54 409 487 610 229 663 516 726 667 25 784 807 893 621 246 629 984 230 312 158 417 845 286 909 646 114 839 804 376 244 365 611 603 737 222 470 460 953 351 52 841 90 603 505 198 665 920 898 948 860 132 129 795 789 632 283 235 296 971 822 392 463 353 490 169 443 547 354 820 153 323 774 721 190 64 272 413 713 853 853 530 6 285 544 716 523 778 212 286 182 120 203 521 593 422 676 613 744 863 2 441 999 116 235 918 491 39 46 182 424 
316 752 788 743 360 780 705 546 739 156 652 777 929 897 727 368 753 485 346 853 871 907 926 867 818 90 836 9 545 117 479 957 811 289 732 831 595 741 421 824 474 610 876 80 428 800 785 603 313 689 844 175 963 649 324 260 546 475 973 808 330 898 890 275 711 449 45 36 278 709 738 151 924 945 526 646 249 887 60 198 553 249 464 446 804 402 670 992 364 890 719 188 655 91 581 290 404 593 657 261 41 454 672 765 821 47 989 364 345 913 651 664 183 294 676 938 805 122 179 669 832 784 753 865 342 364 178 301 298 217 159 593 568 485 462 427 845 922 211 114 682 317 309 273 492 822 785 559 646 513 91 895 426 622 476 219 191 174 241 443 331 91 353 322 727 747 74 299 798 506 456 526 214 477 150 309 260 321 431 689 322 786 681 622 479 743 74 676 640 739 196 666 825 697 649 604 502 305 108 499 255 561 577 684 25 635 790 52 260 145 200 498 722 40 228 112 610 895 251 470 192 952 927 587 455 395 477 21 790 974 703 49 708 506 767 309 97 284 410 662 127 539 665 22 159 582 138 302 40 162 944 502 221 281 165 694 810 870 267 751 262 232 972 4 606 268 354 692 377 569 321 741 629 796 883 402 196 524 215 437 835 718 629 962 419 313 125 915 811 527 391 829 192 33 909 416 984 541 572 43 840 50 436 706 471 399 554 464 320 159 860 480 745 170 202 617 971 192 534 936 474 122 803 406 535 677 189 135 721 737 893 832 6 80 610 299 917 972 643 379 350 595 235 730 689 265 899 909 637 92 465 760 83 923 737 613 618 448 90 326 514 423 659 285 86 36 269 207 373 678 265 148 196 441 336 615 912 446 210 794 595 952 961 487 607 825 88 710 859 250 139 438 928 755 713 487 526 867 555 158 776 539 31 767 550 13 782 169 975 109 563 937 870 86 157 384 66 877 475 801 293 103 274 532 713 404 249 421 414 165 469 159 939 845 651 988 855 27 801 564 480 464 384 5 467 883 421 600 552 383 470 586 755 363 579 693 309 144 214 730 808 304 837 962 884 520 943 555 591 349 442 262 422 385 911 606 785 720 724 667 7 579 793 518 659 453 569 721 592 293 476 621 732 968 27 207 917 945 132 446 
184 177 410 395 762 623 869 824 805 16 901 879 690 471 172 316 504 715 715 103 988 92 430 277 340 505 604 508 732 275 812 536 291 186 715 665 316 886 506 861 670 962 649 518 10 270 376 478 356 604 236 346 311 410 485 942 844 526 510 971 948 972 198 938 557 622 808 625 784 832 198 672 765 242 626 996 699 418 161 241 98 377 5 957 955 153 198 591 676 46 942 943 18 245 874 497 524 725 290 242 623 327 224 473 975 464 190 214 985 555 856 210 602 836 865 99 618 449 183 594 726 321 978 517 194 351 726 434 102 239 523 284 368 450 986 376 91 803 791 861 885 140 28 82 911 585 583 332 6 504 256 602 581 784 396 6 949 515 600 162 558 284 598 91 289 76 34 627 67 707 144 311 439 881 907 574 202 905 503 305 158 729 942 385 939 674 229 520 526 142 816 277 996 241 40 680 197 750 488 244 947 891 633 208 285 905 1000 950 845 871 674 294 521 940 946 713 462 424 779 946 295 31 411 775 535 900 393 549 996 697 296 206 685 93 130 313 726 217 921 242 136 533 769 368 890 380 629 650 250 895 701 624 813 458 889 552 514 91 377 814 575 325 144 931 804 629 50 97 295 769 348 815 616 442 59 457 190 430 878 903 905 115 202 596 905 809 246 471 643 23 666 890 381 826 121 125 18 118 188 19 846 385 830 313 136 1 324 491 98 986 657 24 878 23 621 765 65 471 872 91 225 682 758 318 29 847 633 923 33 360 559 985 166 654 811 147 361 564 539 958 751 358 264 786 653 634 281 429 851 486 41 877 167 811 874 266 571 246 797 426 460 445 503 440 432 269 391 549 391 18 95 493 61 182 892 649 617 170 243 533 628 59 535 966 761 783 130 143 265 752 905 505 43 615 993 477 721 267 399 270 897 673 23 53 51 88 133 517 226 829 983 798 99 500 388 632 367 512 492 686 200 539 208 174 909 957 49 262 116 183 622 596 684 40 466 718 112 286 118 769 347 978 672 943 16 651 734 745 626 354 298 723 501 784 976 194 774 463 353 37 189 141 788 393 102 574 881 863 725 361 102 83 466 931 67 372 701 148 539 507 762 795 780 730 880 123 190 370 839 670 660 472 693 405 624 226 90 341 226 925 
121 27 234 374 939 276 184 999 217 516 457 276 132 46 151 115 213 186 127 215 133 438 762 218 18 138 517 681 205 451 167 808 983 857 216 634 242 959 276 784 904 190 712 363 823 454 608 276 74 485 804 1000 512 627 587 875 118 655 6 70 117 78 580 280 199 462 962 478 163 167 832 537 342 686 991 850 573 229 531 124 807 360 463 142 273 93 692 136 717 159 47 466 524 299 402 416 771 72 78 325 773 899 265 191 519 655 785 740 438 244 67 175 141 792 336 873 825 846 645 580 333 649 855 916 837 982 30 480 899 336 671 356 601 739 890 20 86 428 970 356 257 40 844 325 275 747 769 719 512 50 718 656 348 874 433 119 896 243 424 95 89 599 218 7 84 632 540 509 341 333 625 733 67 545 135 845 16 108 28 653 15 991 865 781 257 574 628 863 864 853 310 666 179 33 200 13 301 669 694 210 879 44 880 567 562 839 890 512 518 22 227 580 703 570 869 696 64 151 282 649 711 667 380 650 708 112 575 49 850 447 130 403 370 296 776 309 400 188 995 608 422 359 870 127 840 381 382 276 888 184 715 58 764 893 772 817 889 877 866 210 753 6 962 41 139 837 663 33 346 778 339 865 967 526 379 453 152 825 283 160 356 396 549 500 818 198 320 960 516 470 762 554 790 833 212 750 125 849 773 276 597 571 340 469 23 666 612 350 923 632 669 508 648 664 78 308 883 337 430 669 902 635 669 109 951 507 648 883 588 70 122 518 449 587 897 337 82 703 753 739 624 193 479 548 556 424 943 641 775 254 322 651 703 315 199 589 163 582 616 508 861 787 396 758 892 314 530 888 12 753 433 849 423 854 569 980 280 284 335 48 976 685 996 201 468 26 911 47 466 999 141 715 253 854 665 20 965 169 232 382 368 890 585 946 871 129 63 419 568 791 171 360 436 530 729 659 174 60 123 146 35 366 537 975 325 741 663 117 86 256 321 999 428 222 961 238 192 292 50 423 448 177 622 757 277 867 142 594 12 540 775 897 250 432 35 88 630 528 488 314 923 673 479 153 652 194 39 756 872 612 334 778 966 696 609 632 430 106 207 1 618 953 643 208 581 174 689 150 809 610 977 44 289 39 753 834 604 724 623 517 
874 150 306 221 171 23 295 353 912 424 78 548 158 500 107 774 941 257 299 241 670 749 976 151 372 843 362 969 31 673 458 110 898 764 359 558 386 38 417 270 823 911 46 549 956 253 855 796 233 939 19 992 286 929 504 506 269 642 401 778 361 905 842 622 48 634 132 754 852 728 760 257 722 430 389 783 324 908 779 511 513 425 590 482 303 796 656 953 243 313 584 308 209 6 754 160 658 6 324 384 168 420 452 280 277 234 782 365 544 384 680 350 394 183 776 25 882 74 744 785 559 522 304 923 565 790 734 756 931 192 19 260 230 187 972 846 556 880 861 30 726 414 944 33 617 344 655 161 240 194 706 350 794 204 369 363 950 847 495 160 154 778 915 688 462 413 745 457 847 344 577 355 20 117 492 454 132 959 273 450 524 4 869 642 888 569 545 508 845 644 30 242 126 951 430 892 547 157 47 56 317 857 304 814 730 56 904 969 986 551 356 901 819 717 359 49 598 963 516 869 899 454 872 539 384 769 655 888 401 507 716 284 938 246 11 775 392 993 933 521 488 149 116 988 291 836 659 21 771 474 974 442 65 306 809 523 879 625 233 728 75 258 315 154 931 694 978 796 107 338 752 454 267 432 729 795 105 192 914 176 224 366 632 289 435 903 219 170 126 803 126 589 440 24 74 204 894 635 219 590 61 371 888 128 687 958 593 475 274 268 215 290 399 816 412 455 106 353 420 750 246 319 932 465 228 580 549 886 607 140 484 813 31 702 248 429 607 309 415 953 624 43 401 971 689 665 749 480 903 966 585 90 599 913 322 296 729 782 817 173 771 765 464 209 576 511 111 952 926 751 753 272 126 58 815 293 829 436 986 401 943 187 24 972 569 73 231 445 954 981 554 809 312 87 6 534 698 53 824 185 725 757 903 249 608 664 713 359 542 867 540 473 866 658 423 46 760 311 273 133 584 378 771 64 402 540 713 283 950 380 594 573 904 374 970 666 426 19 648 873 175 907 680 798 467 462 113 55 803 330 863 249 536 274 402 166 82 448 146 825 820 972 368 992 815 316 252 654 32 767 38 686 138 921 500 774 840 398 837 269 967 430 400 521 235 593 894 280 274 672 726 620 619 952 934 85 164 331 197 602 
417 831 403 568 740 195 542 173 658 77 732 901 786 921 885 555 753 599 447 395 2 560 986 1 956 512 472 144 562 613 507 66 749 627 339 245 409 613 62 239 648 12 751 378 535 100 697 463 230 646 804 36 470 343 123 332 609 611 982 291 526 998 404 945 33 815 197 834 937 408 803 839 510 26 220 57 654 864 692 536 91 75 709 97 378 688 44 182 790 802 684 994 898 647 498 935 154 393 982 916 689 266 348 137 20 542 239 621 223 305 576 676 612 818 125 857 116 921 929 271 167 654 415 343 638 384 245 556 529 924 284 258 56 142 882 154 513 965 399 684 505 121 728 558 968 828 722 932 606 438 630 127 449 431 17 257 86 135 407 193 624 820 887 831 63 739 199 928 159 658 160 843 221 107 33 234 395 655 38 433 579 700 0 400 547 226 109 571 928 283 568 754 453 756 72 263 513 188 368 385 182 803 224 659 469 745 402 550 982 516 610 406 0 980 747 811 558 195 460 385 517 205 823 496 405 804 481 348 803 476 370 804 579 643 908 215 502 757 659 308 710 75 281 875 479 272 577 99 768 707 304 959 200 480 908 418 903 610 636 707 286 891 877 623 981 562 598 953 928 144 425 579 86 693 988 619 913 59 850 347 351 591 385 845 561 916 389 604 434 736 761 499 172 747 276 835 71 600 742 959 834 684 574 649 882 912 82 926 687 580 644 961 159 144 814 964 600 90 248 946 951 891 590 582 213 191 336 42 260 980 543 263 292 668 829 954 926 835 287 792 956 483 563 640 105 87 188 717 956 457 233 711 547 512 510 325 705 243 427 751 343 441 123 183 702 507 317 83 48 765 182 416 18 676 835 285 225 566 446 440 359 916 684 508 863 176 424 422 24 468 590 382 158 739 402 275 48 954 151 224 144 133 678 834 316 364 38 997 33 1000 929 563 974 662 402 472 328 157 997 394 132 598 649 729 600 11 126 787 210 660 607 843 418 159 248 270 168 876 51 265 158 521 903 209 641 128 350 408 86 567 228 737 216 463 643 966 179 210 154 980 413 319 295 831 808 382 927 250 901 498 646 260 642 784 378 836 706 134 742 658 461 898 395 590 747 508 281 489 191 286 357 409 558 678 481 882 111 64 595 326 
299 152 268 108 805 254 444 505 394 745 807 772 239 509 569 181 719 775 41 814 144 158 195 473 371 681 505 789 415 339 579 74 840 437 261 907 319 374 476 855 302 487 523 418 75 885 289 483 914 222 130 992 993 919 482 536 451 270 893 904 307 639 556 824 238 451 133 446 452 174 398 43 364 306 378 869 642 198 801 955 278 26 489 137 679 135 351 842 6 14 37 473 988 685 107 145 738 205 876 671 662 270 545 151 357 641 743 152 534 383 119 558 98 440 54 133 575 640 613 508 948 604 397 45 187 133 714 150 40 297 601 18 168 520 941 629 619 599 331 574 414 46 949 548 240 746 435 717 68 106 471 549 999 317 819 89 66 858 931 183 103 537 471 922 310 329 759 976 300 582 279 868 512 977 455 683 438 23 716 187 733 356 883 207 388 417 813 392 871 905 563 484 845 802 81 429 270 349 903 981 906 839 23 225 105 762 964 593 220 671 354 971 811 438 484 359 990 85 277 209 473 61 892 501 865 229 879 220 936 235 185 994 109 150 461 882 899 652 155 522 236 824 904 784 546 953 202 556 548 961 192 720 968 434 568 66 76 60 857 673 936 653 965 42 1000 129 441 311 966 967 593 27 472 284 802 128 965 493 366 466 883 229 984 895 64 137 581 178 163 994 760 940 694 208 550 514 516 734 965 225 965 0 46 437 552 852 353 631 278 517 937 292 528 638 827 92 603 337 133 537 313 544 875 563 825 482 918 786 685 942 542 471 817 656 318 868 909 593 857 462 11 935 72 839 349 361 78 479 614 855 760 400 159 104 708 274 328 605 22 519 798 995 300 319 658 314 254 87 572 956 120 43 866 967 39 663 244 350 917 183 752 878 829 450 496 265 22 790 58 357 339 631 133 94 767 609 631 243 459 840 398 598 183 844 192 32 105 503 820 402 192 322 917 164 389 518 473 414 736 804 795 948 858 720 893 345 445 351 221 515 327 512 300 929 668 994 918 948 984 975 99 225 18 368 917 199 910 528 596 522 313 213 658 501 186 693 206 457 325 841 581 313 207 135 692 196 489 303 702 919 124 166 87 960 464 222 255 132 864 178 224 870 185 637 688 632 92 813 865 866 932 670 243 805 375 769 441 310 379 686 
135 402 735 827 786 394 570 160 886 787 467 504 37 150 418 546 305 702 798 262 615 244 858 266 740 871 996 864 733 974 225 997 26 424 983 625 384 677 710 946 394 750 216 216 891 630 754 216 548 426 429 144 861 391 12 536 240 354 817 919 568 304 218 230 387 548 195 529 787 763 64 676 258 772 157 507 248 258 378 933 612 900 97 502 804 83 949 164 165 265 887 324 278 275 486 475 583 885 190 527 92 544 546 889 290 293 906 441 43 28 484 624 560 447 359 413 463 148 185 450 972 24 586 933 137 482 730 707 546 217 981 318 977 226 855 172 813 765 104 543 413 979 631 189 867 533 472 140 690 245 655 887 685 955 164 623 987 353 80 36 115 991 691 203 854 121 209 367 780 524 315 577 341 502 639 912 542 363 768 627 99 333 16 942 163 820 293 588 51 980 3 451 61 623 189 381 492 42 409 851 393 603 95 558 606 545 72 103 629 796 884 372 666 262 543 895 415 298 455 908 434 311 585 396 419 322 339 441 273 631 840 59 622 681 429 436 809 524 267 962 154 980 594 130 777 478 986 161 187 323 133 175 932 790 419 989 748 320 444 942 107 786 729 880 673 736 553 697 684 901 774 442 103 346 106 222 786 550 77 756 588 67 598 444 643 86 986 356 136 386 602 908 506 186 381 219 897 637 144 560 121 478 968 765 870 536 427 78 382 441 671 650 927 946 775 961 818 86 171 764 208 866 883 288 332 487 618 617 964 317 873 945 169 116 280 639 876 406 729 282 30 129 203 270 335 400 414 64 411 240 20 625 566 370 798 633 85 189 484 687 577 41 177 321 611 766 247 490 185 115 973 649 298 321 346 55 824 270 48 838 201 417 391 881 406 313 222 111 584 428 4 992 407 184 198 559 924 970 860 27 358 211 964 508 373 703 491 353 30 78 894 290 499 801 291 377 4 514 410 730 861 952 93 770 728 834 221 730 870 222 123 342 355 737 811 659 494 862 627 865 343 939 911 844 161 758 543 761 815 569 757 149 678 217 956 856 370 314 67 688 603 21 112 542 800 695 787 421 763 491 477 158 471 121 984 83 869 663 808 930 745 585 656 342 62 882 44 165 519 807 163 323 841 593 96 218 978 952 643 275 
453 887 470 406 975 637 586 328 861 834 842 854 875 619 868 948 271 911 888 29 614 426 943 694 27 439 98 523 502 905 553 585 509 921 195 886 452 982 921 373 439 559 153 440 710 859 536 510 981 66 95 434 456 565 262 653 920 606 410 948 609 472 486 621 355 673 50 881 456 638 792 522 123 988 757 635 341 143 403 575 456 98 606 465 25 838 584 437 640 834 559 912 756 289 56 270 751 378 373 135 560 507 561 583 178 346 663 809 18 612 299 57 15 161 747 920 21 53 639 414 621 724 547 17 287 161 665 556 900 407 564 841 878 175 498 197 804 544 824 666 802 174 208 923 657 946 737 546 310 899 226 835 140 976 12 154 798 433 777 758 173 652 929 875 755 503 287 529 752 831 166 298 165 136 368 257 855 171 210 386 555 783 648 693 514 399 40 831 892 289 683 536 230 416 289 73 662 10 673 396 525 989 918 333 855 221 299 444 606 118 560 668 781 862 214 84 193 207 186 992 436 746 826 603 576 200 672 164 11 449 48 713 972 49 744 104 620 714 791 169 544 280 153 32 676 729 474 497 156 65 135 737 660 561 966 690 181 221 730 388 723 700 925 49 597 280 409 96 633 542 512 819 241 59 180 625 510 217 729 619 921 463 104 296 280 180 835 807 803 526 347 77 514 315 690 19 321 78 563 681 31 393 430 316 814 617 839 731 436 295 74 953 387 312 246 780 401 311 221 473 30 772 441 84 705 139 105 595 13 515 766 820 293 965 835 490 942 958 923 287 710 428 40 815 772 283 168 467 724 190 62 591 643 593 991 108 277 946 295 877 8 169 684 41 914 517 522 674 444 853 346 404 909 72 303 332 858 950 42 147 336 833 413 177 758 153 163 528 291 972 70 23 883 923 961 977 337 678 316 485 496 633 429 574 696 607 979 740 465 401 727 206 967 68 891 963 344 346 593 271 479 652 649 508 968 529 46 705 860 14 781 900 880 38 219 583 43 89 746 165 225 28 131 489 56 840 392 210 498 313 942 757 794 687 463 769 989 989 862 229 468 558 597 746 270 580 630 898 596 639 758 967 886 307 497 130 711 822 190 620 762 930 334 100 808 608 909 795 487 778 595 18 220 796 671 866 161 331 200 273 
847 436 755 767 137 905 31 642 547 105 613 898 776 250 500 900 359 298 271 931 92 415 847 957 244 953 146 725 806 457 291 123 128 937 33 244 749 517 55 332 272 693 807 916 804 31 503 573 519 977 877 934 159 543 227 831 312 590 387 59 564 354 402 875 22 54 553 319 944 603 647 342 697 675 27 272 542 841 733 384 483 633 506 481 3 380 866 557 605 221 439 65 519 923 768 728 674 33 766 650 138 276 226 212 616 537 943 744 509 152 438 229 697 803 282 381 663 492 83 845 404 479 93 974 232 558 57 834 77 56 68 476 768 602 987 221 515 622 510 934 648 843 833 639 735 528 627 796 357 306 315 175 815 482 708 596 585 988 970 541 193 605 726 557 561 351 915 475 680 236 407 717 143 53 995 248 489 758 285 141 562 778 974 254 450 192 117 347 603 887 592 364 908 867 780 37 679 947 182 557 308 858 256 994 802 676 508 267 222 376 882 807 635 952 722 604 33 537 668 514 232 86 618 42 502 967 79 801 211 335 684 269 162 7 498 938 698 891 789 203 543 656 500 711 618 875 904 137 102 743 712 738 833 156 960 983 706 962 738 916 117 610 987 835 836 934 546 8 922 856 372 314 668 531 103 953 81 779 583 42 614 832 103 227 838 330 598 132 963 187 878 404 359 947 484 745 726 782 540 516 379 108 563 366 823 219 849 36 79 601 402 963 734 632 246 674 554 430 233 34 212 343 826 623 566 950 796 508 405 478 793 908 584 52 929 586 829 40 410 943 166 416 303 33 522 103 977 349 811 862 48 465 850 441 705 935 427 966 984 246 604 881 299 295 351 264 886 134 627 488 887 781 571 832 198 747 565 588 701 333 560 996 354 457 596 467 753 774 767 999 44 899 265 69 256 43 797 903 634 540 119 950 66 309 928 493 992 71 548 885 165 829 50 801 637 828 893 911 323 634 515 268 249 556 556 626 606 459 373 793 822 572 789 310 291 846 906 113 756 589 148 399 387 660 11 147 414 37 298 61 122 419 321 946 457 111 219 865 429 831 890 982 947 560 896 942 358 663 310 733 580 89 210 631 81 814 893 225 248 726 319 774 89 971 628 449 926 408 879 818 642 462 253 537 656 894 166 946 740 625 
116 18 732 486 501 958 654 485 371 236 332 714 366 206 22 799 623 734 25 659 120 703 962 213 876 776 568 737 8 210 268 313 932 319 229 750 822 457 355 777 446 276 179 483 402 682 10 654 927 460 489 829 846 966 480 829 116 43 408 871 725 804 324 71 790 309 355 714 461 684 95 597 45 913 763 157 717 661 152 146 186 462 870 843 269 485 381 425 581 238 821 147 33 286 245 284 196 537 926 817 350 968 602 461 449 805 459 64 722 84 854 16 537 52 709 224 728 848 879 498 389 351 86 81 787 195 697 667 233 978 175 636 835 256 746 227 592 531 372 505 529 906 443 777 141 91 102 59 366 453 994 302 604 4 308 503 872 870 567 364 43 246 933 358 336 977 310 452 510 308 84 695 156 921 240 722 792 525 495 745 395 166 138 511 308 157 482 597 378 561 70 44 529 970 318 100 736 598 251 405 165 867 604 458 230 605 375 67 536 778 108 422 941 619 21 86 105 25 421 236 233 9 696 19 991 797 477 608 795 3 50 387 825 876 895 868 514 828 311 272 478 750 762 768 205 609 994 300 256 831 844 256 599 208 500 821 884 518 204 473 173 675 889 58 646 231 428 618 946 927 957 398 269 849 584 954 310 610 670 74 470 257 293 862 746 795 143 673 221 411 636 900 342 171 57 635 846 561 739 633 336 789 383 336 624 69 8 251 980 480 917 310 225 376 847 626 789 43 29 294 786 143 93 374 24 435 408 436 272 972 265 464 128 273 348 662 828 934 176 115 922 401 98 187 429 842 476 587 74 327 296 486 497 22 771 247 257 339 702 796 796 75 209 789 683 11 744 568 463 272 44 347 71 240 986 86 447 885 748 664 897 870 308 791 553 930 435 86 420 14 699 745 798 697 245 303 776 134 95 814 968 658 694 424 541 705 290 342 72 274 527 155 88 64 512 897 156 738 547 568 617 952 272 576 220 880 565 149 483 707 683 159 555 638 613 135 734 165 646 12 549 338 519 801 835 747 826 856 426 854 759 357 336 874 741 598 977 782 937 149 695 69 844 482 979 210 342 83 326 719 247 411 420 727 573 556 167 207 498 427 972 823 909 179 507 661 29 739 202 348 47 639 983 211 437 776 709 790 123 58 
894 211 811 163 364 925 774 405 257 983 465 806 891 898 34 13 501 508 869 785 529 834 711 988 104 818 718 558 344 995 831 176 521 395 546 114 230 777 607 563 485 403 754 329 93 448 524 672 982 721 624 985 241 156 399 543 55 704 564 335 101 647 172 162 362 61 524 4 27 65 255 155 695 390 193 42 585 369 251 494 319 123 962 4 430 347 818 966 915 963 291 59 2 282 662 328 743 744 565 487 400 76 491 453 6 678 900 601 109 90 998 612 518 461 738 700 709 367 255 176 854 225 428 198 471 104 822 906 166 410 626 615 925 44 866 38 497 889 973 889 157 867 671 542 972 778 891 817 750 134 385 640 700 746 637 203 690 312 532 654 974 476 252 305 460 206 303 378 955 506 970 417 415 615 33 705 461 849 746 558 539 459 931 230 625 648 220 282 766 331 224 165 60 962 430 369 155 481 411 980 505 553 722 494 424 711 971 471 355 546 875 967 780 738 362 758 681 716 766 608 127 293 247 912 711 460 409 509 665 547 633 957 703 643 156 231 355 927 454 217 546 501 613 488 950 559 940 673 908 117 366 609 893 869 718 380 264 719 945 417 131 383 926 476 965 388 196 828 499 363 162 671 52 60 56 61 92 9 540 75 155 708 16 983 605 401 853 580 0 26 201 1000 501 956 32 203 102 638 686 206 579 961 488 514 460 499 952 190 566 926 467 101 527 553 115 198 904 505 910 334 217 680 854 451 848 127 111 979 47 988 460 801 539 436 801 477 695 481 660 107 631 966 955 888 125 110 755 662 774 975 339 369 627 946 97 811 729 342 590 952 945 741 925 614 968 373 483 801 399 325 893 247 274 761 480 453 168 63 644 469 887 859 216 497 303 829 428 555 193 870 779 630 368 794 218 829 448 811 334 306 949 40 774 679 593 306 99 890 295 661 988 568 52 366 315 468 637 692 550 632 645 796 635 951 20 291 882 464 516 185 579 933 279 423 675 999 712 739 878 901 154 856 724 626 694 361 919 764 578 571 789 126 643 35 107 335 419 290 484 267 995 935 222 816 28 957 919 799 795 260 528 835 673 340 32 495 769 790 821 877 501 877 118 222 606 285 557 901 878 977 264 443 183 535 995 53 551 948 614 339 
244 805 784 882 76 180 227 438 111 496 294 120 175 271 207 677 381 655 191 392 317 568 542 123 113 964 973 895 554 596 711 796 781 506 764 768 464 841 902 724 748 563 275 665 165 178 915 848 260 961 378 21 741 829 552 859 243 947 606 613 251 704 181 335 330 624 435 478 104 153 507 598 850 944 300 629 760 770 910 194 412 369 670 112 532 329 108 907 350 631 58 634 141 840 37 892 915 469 960 835 10 245 515 771 180 868 523 756 626 791 613 432 221 387 912 338 704 814 945 105 14 156 76 0 404 389 760 75 6 321 618 1000 541 584 168 345 43 413 132 514 443 75 634 658 984 372 41 834 501 776 217 624 517 10 25 853 81 101 296 451 418 278 497 160 254 663 965 235 326 540 198 431 758 798 815 573 173 118 570 830 945 266 461 747 486 739 385 291 954 908 945 941 495 111 740 709 443 914 700 222 5 406 106 228 526 974 114 139 847 395 91 805 528 112 536 742 935 155 302 961 270 372 280 93 344 253 760 896 457 676 317 924 177 450 438 669 591 278 927 14 503 214 862 238 50 995 631 510 106 773 160 697 928 757 838 753 502 887 248 370 733 948 390 197 934 750 247 950 409 624 632 289 219 359 870 289 465 60 602 652 930 647 739 826 769 23 524 917 785 39 960 995 301 776 878 945 986 503 748 840 313 361 145 657 646 434 914 753 818 435 600 68 597 381 630 612 831 958 609 702 284 947 577 731 372 714 518 299 213 133 322 839 642 214 692 601 898 828 514 304 605 221 259 718 236 253 144 434 798 11 958 803 538 865 755 693 916 290 764 476 839 839 688 666 936 540 164 875 33 978 286 41 256 886 570 751 448 451 398 857 349 635 259 971 703 156 113 918 783 894 132 546 644 266 670 254 790 55 629 6 386 366 115 849 980 589 183 501 444 683 835 714 562 324 697 756 561 968 285 540 736 47 946 14 768 404 821 954 912 956 188 54 606 221 453 542 869 613 764 423 551 365 461 837 300 92 672 443 67 444 541 184 821 351 220 632 403 524 141 954 254 415 879 12 10 703 140 773 761 538 207 237 249 419 785 359 493 867 331 349 591 123 142 615 290 669 547 386 988 205 717 117 36 738 694 421 693 886 336 553 
790 141 897 5 443 512 6 334 468 544 823 622 628 937 603 795 712 144 707 679 819 812 755 62 874 279 561 872 722 20 4 535 907 390 595 551 770 620 98 526 312 448 401 243 250 809 126 342 790 877 161 281 600 286 958 828 914 297 423 274 870 263 0 838 981 290 447 96 302 137 317 911 479 672 101 931 855 140 416 246 597 606 194 897 577 599 580 870 848 888 739 566 508 682 977 88 238 835 392 966 773 682 886 9 7 914 786 135 938 443 108 811 431 161 426 720 619 486 189 967 710 341 821 893 707 620 793 132 10 319 292 483 908 796 766 791 572 380 91 276 718 565 226 582 603 406 549 426 489 368 907 983 841 591 489 26 270 391 665 536 398 856 655 147 183 649 603 858 71 389 26 206 524 254 131 411 628 136 887 569 561 230 546 963 17 317 838 365 852 471 96 176 632 530 533 44 145 473 476 274 679 67 661 708 699 513 309 744 983 609 697 342 791 596 890 422 967 385 719 887 450 562 711 60 607 518 723 102 862 108 562 156 432 242 187 321 765 158 729 9 226 975 748 921 807 248 635 616 901 748 203 13 178 2 782 173 555 883 524 383 523 98 866 663 96 619 397 739 956 898 654 940 208 662 934 775 364 191 699 875 976 504 935 340 247 144 949 632 989 464 301 521 324 665 610 777 628 245 707 772 31 788 475 857 636 694 574 413 36 309 821 967 765 418 236 839 637 296 625 19 814 997 641 193 924 218 826 311 760 590 76 910 682 9 581 649 540 542 1 514 570 978 609 562 236 829 716 11 47 729 60 456 902 703 390 952 189 744 887 966 797 83 403 556 746 828 503 401 18 558 138 213 809 82 474 609 502 991 144 77 445 790 229 796 350 518 589 374 795 922 737 935 885 744 681 30 473 294 649 750 558 570 23 797 648 694 433 492 78 881 1 439 806 993 157 83 155 767 670 243 160 684 589 767 157 800 608 365 906 971 541 960 518 993 272 51 157 157 548 653 234 143 744 336 125 483 508 431 304 895 528 662 279 721 435 714 118 335 846 746 362 204 693 113 461 653 372 36 745 377 524 410 674 673 956 790 200 54 393 327 794 622 589 871 403 120 257 832 35 115 122 708 700 835 281 83 301 844 610 134 
161 344 302 531 290 395 885 29 622 287 211 230 934 195 321 534 476 422 73 601 152 839 853 556 911 549 942 306 17 381 222 610 859 872 390 875 340 905 535 654 167 81 414 630 358 413 710 620 847 853 933 15 505 500 324 285 932 704 2 591 543 214 697 464 963 481 845 302 522 566 523 167 903 562 423 484 47 361 715 37 332 997 488 991 98 541 928 75 243 896 787 671 627 730 148 855 893 383 195 555 803 122 265 105 533 822 720 766 246 886 871 900 394 411 135 913 453 97 620 204 642 923 314 856 264 671 847 632 121 965 488 297 654 145 501 454 914 367 521 329 787 95 796 184 120 48 66 612 477 687 499 808 821 368 201 412 271 676 583 635 188 232 131 856 440 233 688 409 76 575 730 557 608 498 55 64 540 63 616 297 823 971 670 326 771 364 123 111 471 862 649 940 40 804 994 595 75 164 313 343 46 616 963 208 956 662 697 329 709 565 900 560 829 131 618 660 915 33 849 501 361 258 961 919 763 815 387 194 721 637 786 323 3 357 628 69 42 165 43 307 582 396 770 284 172 918 842 964 727 366 964 215 660 748 442 710 622 998 268 428 856 522 77 134 889 193 129 735 11 580 381 498 945 520 18 689 719 473 915 552 318 937 165 491 188 977 285 569 312 318 255 34 470 952 344 158 566 634 190 521 230 408 24 375 527 219 640 872 28 559 596 37 91 92 868 307 430 831 470 840 744 251 991 600 784 449 393 250 434 532 966 906 225 901 996 857 684 313 405 821 283 64 665 40 324 679 236 405 160 581 345 150 555 775 882 530 296 294 773 954 481 546 638 442 422 334 476 639 802 666 968 539 736 352 339 727 112 206 368 372 305 643 53 400 626 717 458 591 73 349 559 403 966 865 324 502 968 936 410 728 397 73 556 711 93 825 724 384 112 813 77 761 697 251 903 228 921 449 117 142 426 738 297 259 482 280 44 252 80 324 734 752 84 855 73 692 27 468 930 870 238 693 513 551 394 702 974 32 912 619 363 693 123 891 692 714 872 220 87 221 233 552 414 662 405 105 461 379 186 784 500 658 131 532 667 475 560 967 317 183 43 729 32 629 951 163 371 579 709 601 984 301 556 878 648 136 49 896 710 858 
522 588 170 331 345 268 981 292 706 739 886 893 271 326 624 878 654 722 922 306 313 577 946 420 884 442 11 888 224 816 980 62 220 246 652 653 567 853 736 181 326 432 720 154 432 116 480 158 289 442 809 613 368 595 809 139 21 370 871 706 308 374 822 390 846 603 40 266 959 906 334 278 293 79 750 743 811 280 122 529 581 500 387 745 991 823 976 80 172 879 973 999 869 438 108 924 127 211 930 770 840 209 137 864 773 236 962 811 703 356 812 491 883 779 444 571 752 321 633 620 611 974 703 828 70 703 786 419 352 931 132 859 841 387 150 169 563 456 282 56 541 225 688 963 152 315 123 418 992 973 179 183 501 373 902 842 825 895 789 244 219 823 750 915 279 421 813 961 440 712 694 203 165 221 438 637 242 856 79 467 30 197 553 351 986 184 905 685 642 543 154 745 90 690 9 817 571 815 89 146 1000 17 333 256 935 72 904 116 217 527 454 9 740 587 808 674 358 442 950 877 123 728 696 227 157 805 168 276 764 437 81 607 316 38 645 349 379 921 24 394 895 357 933 543 532 719 415 921 500 569 596 820 222 443 203 88 922 628 295 266 254 602 973 199 636 940 536 879 435 11 550 869 967 73 905 874 564 100 696 682 59 726 620 72 151 47 359 565 680 319 591 77 51 300 487 605 158 888 578 146 14 170 760 843 536 600 629 675 346 799 87 409 960 849 587 318 601 533 613 145 244 224 802 628 335 628 499 993 704 430 689 939 347 101 860 318 128 604 57 687 37 26 65 420 807 108 149 600 422 630 510 187 264 791 354 58 645 290 849 822 253 760 59 730 517 176 742 66 699 479 588 125 780 577 192 87 142 472 812 187 471 368 95 133 125 30 559 560 523 555 985 522 67 426 556 976 268 200 107 343 502 940 989 737 651 463 989 242 912 704 203 97 263 68 552 897 578 994 759 891 430 314 987 714 334 711 764 5 475 213 93 300 412 467 462 501 557 647 71 270 417 257 72 190 212 543 741 789 773 61 878 203 662 339 3 12 770 100 779 979 572 288 444 652 107 340 873 252 989 112 876 538 930 111 48 342 707 276 244 517 625 892 586 742 450 782 869 949 510 387 388 604 627 78 415 463 159 407 741 146 
846 840 288 97 646 832 351 141 384 239 993 247 309 250 640 201 849 258 259 480 277 228 22 68 421 983 569 710 130 956 557 315 674 767 491 68 584 373 538 148 134 61 675 58 146 934 804 227 859 685 978 150 896 652 529 6 852 500 318 942 620 842 145 978 58 510 187 294 633 597 947 599 352 4 232 839 6 679 718 171 405 278 471 463 434 820 962 809 287 441 0 46 801 41 825 597 839 598 414 906 509 101 980 396 78 302 611 30 254 350 959 190 375 961 691 322 189 461 796 778 543 184 794 208 690 948 149 760 153 52 44 284 433 790 172 679 276 431 670 626 864 661 115 541 631 111 407 745 775 823 714 348 838 201 752 643 361 104 586 665 375 983 361 702 751 526 321 195 544 249 548 487 121 493 916 733 442 710 565 532 297 888 855 185 317 32 237 642 80 979 735 821 340 575 630 892 364 652 687 866 346 530 478 269 196 134 467 139 666 198 91 409 963 347 662 371 107 334 321 793 598 614 526 530 618 865 357 342 416 831 290 303 88 872 815 56 557 943 586 635 247 741 335 562 40 342 970 115 30 837 774 872 865 954 287 532 3 869 22 939 16 886 446 856 591 644 494 392 753 943 559 768 213 919 237 972 146 775 921 894 182 735 903 431 911 595 914 136 375 890 362 174 465 10 954 76 535 12 429 493 695 930 905 559 606 86 423 824 994 430 550 807 655 957 263 929 122 238 877 270 632 465 854 875 762 275 394 352 773 613 607 787 478 104 230 676 864 171 626 85 206 92 350 114 905 751 217 366 895 18 269 270 764 183 962 769 812 572 584 710 574 506 350 266 98 91 623 582 706 356 547 408 769 443 718 651 6 570 172 62 563 120 459 601 168 865 596 711 943 822 734 923 884 23 772 743 724 136 401 980 327 719 509 951 951 817 887 560 310 276 487 607 932 999 329 234 618 39 787 758 280 285 621 995 696 717 196 475 999 166 172 410 434 311 799 210 457 109 87 770 598 4 338 691 60 646 4 405 574 626 492 134 712 763 338 320 721 281 703 384 586 771 49 914 916 691 510 576 207 13 421 861 223 644 792 935 393 179 643 448 699 850 106 803 202 656 90 348 70 543 596 827 617 668 468 230 233 820 120 966 
657 67 955 185 853 708 127 124 10 227 567 411 134 552 252 290 920 659 866 114 220 411 524 389 37 541 613 750 992 646 82 89 813 781 546 192 847 592 331 25 58 968 494 816 910 938 778 186 503 352 419 670 586 899 494 224 576 732 358 26 61 421 340 483 113 410 238 842 106 468 339 527 503 783 396 323 706 742 92 529 669 971 660 367 187 612 419 173 355 652 201 622 799 772 944 304 96 608 803 304 606 55 853 872 154 521 938 48 861 936 602 717 398 401 59 3 334 960 567 842 805 565 570 791 778 677 669 617 675 99 485 647 747 9 183 445 39 444 157 858 496 743 500 579 858 757 340 458 702 914 959 715 176 45 40 97 648 929 842 138 342 794 84 48 418 992 487 185 36 883 141 703 967 149 806 384 727 4 167 998 942 353 882 904 991 69 134 861 408 57 56 341 431 712 356 939 59 278 919 427 742 22 395 148 979 891 701 610 949 443 53 519 691 937 381 518 773 490 368 970 98 639 209 718 689 305 536 514 861 34 511 142 428 856 230 733 235 89 171 265 390 286 394 798 72 44 586 856 434 31 578 319 211 670 69 741 774 843 252 740 623 218 746 282 220 336 829 698 153 909 235 150 682 467 769 356 992 578 69 658 47 37 986 114 367 901 926 728 302 811 988 21 751 584 296 316 816 849 479 329 157 87 287 65 625 386 548 612 945 570 896 240 767 163 403 326 393 287 461 465 779 843 365 912 481 641 608 375 636 46 88 476 548 70 305 53 245 428 932 313 386 903 769 35 377 128 195 497 607 238 767 665 270 883 867 866 607 972 22 973 166 370 962 953 657 978 973 574 448 437 315 560 368 218 345 772 420 930 870 16 725 526 253 318 119 556 383 85 233 478 313 107 582 884 74 212 412 604 173 897 535 433 30 206 542 788 10 301 759 457 367 226 729 523 869 718 374 425 230 114 862 863 290 899 125 976 856 138 38 855 379 570 965 889 222 561 185 117 458 694 699 569 259 802 494 527 976 956 771 261 971 983 964 832 404 702 537 346 860 243 8 140 543 31 309 805 258 321 712 925 222 396 692 625 958 19 433 348 380 872 114 802 118 617 289 569 112 782 196 531 554 575 259 808 105 980 885 51 357 104 
336 634 766 206 686 116 442 151 75 939 50 187 665 503 318 866 140 827 174 591 124 52 602 423 438 652 682 533 594 881 737 493 622 758 392 307 873 486 678 430 400 112 453 128 972 195 474 372 585 617 688 808 682 20 932 202 737 76 604 734 20 346 475 684 962 334 275 240 35 152 945 517 251 404 75 205 120 389 386 370 606 504 141 649 13 89 692 350 70 835 580 544 488 458 287 26 438 37 778 725 804 513 645 123 162 861 923 223 415 597 397 651 727 666 312 874 390 615 408 848 416 880 866 331 645 534 16 171 332 208 345 498 664 97 714 792 519 172 841 980 597 7 393 663 907 645 674 45 59 650 742 191 230 340 680 987 217 661 745 428 644 275 130 135 112 66 884 195 561 933 460 858 29 430 160 678 151 957 832 598 800 41 386 57 872 119 905 620 999 581 775 255 352 437 0 835 302 345 248 988 21 417 613 698 851 964 453 71 560 111 654 705 726 984 468 200 515 991 292 589 573 876 60 284 726 74 668 592 93 101 999 861 686 70 560 882 260 639 287 82 396 818 312 402 681 431 444 237 239 737 859 744 855 67 565 732 501 365 779 457 338 860 5 854 574 792 271 177 651 399 877 381 548 574 934 96 385 496 780 9 924 680 84 489 802 754 620 893 370 881 797 539 974 20 665 180 573 445 277 322 984 709 956 870 456 680 771 410 76 650 295 445 998 606 273 405 365 84 205 293 337 686 482 767 914 649 494 814 861 859 900 761 215 107 476 581 362 773 304 511 264 808 460 32 165 659 348 668 654 840 850 773 791 807 543 457 642 332 273 843 907 668 361 940 820 861 10 782 642 903 463 819 820 947 719 874 183 632 284 512 263 28 399 732 443 630 578 298 187 779 682 217 203 22 296 786 985 168 913 38 923 826 973 682 883 381 578 261 613 256 954 253 378 172 929 307 885 112 159 541 294 173 932 880 282 165 18 510 121 287 894 122 494 171 218 11 834 194 883 841 344 301 922 373 385 32 890 627 389 894 834 830 756 149 814 979 786 362 167 190 830 443 729 616 989 584 353 173 677 51 542 918 132 452 806 993 781 532 960 494 929 79 586 184 160 67 673 143 319 468 741 257 695 113 919 587 728 569 686 140 
906 1 777 607 652 412 972 837 215 721 251 711 776 44 918 223 963 655 778 322 244 821 185 134 43 658 382 727 935 99 253 189 597 161 3 157 124 782 136 862 651 758 210 503 388 636 460 724 65 298 304 629 243 369 982 559 810 703 748 644 321 840 446 512 354 140 695 621 519 549 979 975 254 483 465 404 605 334 791 620 629 128 696 984 147 416 230 997 756 746 776 998 134 972 961 924 575 715 597 351 727 11 642 869 646 543 863 748 40 388 517 688 595 1 525 122 72 868 631 322 317 209 94 449 523 855 537 73 585 423 78 831 947 152 493 911 263 174 980 647 962 454 662 984 146 222 255 934 157 318 127 939 914 259 967 603 382 58 814 736 31 374 580 160 659 841 187 695 887 985 194 115 846 743 142 785 951 40 208 840 315 487 938 773 973 908 769 65 585 146 587 727 228 249 939 854 292 721 644 778 752 153 650 712 636 833 392 676 706 241 607 629 256 605 76 683 825 731 85 666 392 507 186 736 961 383 904 823 733 348 907 298 474 176 64 920 227 453 653 158 247 951 502 498 315 968 456 770 683 310 506 351 438 109 679 545 483 865 605 663 460 578 321 543 558 121 393 853 631 27 428 374 364 342 399 274 499 441 4 202 131 800 757 81 777 684 110 478 158 121 267 663 260 184 765 418 303 23 658 667 179 361 96 540 362 454 788 125 108 403 706 731 716 742 953 680 846 764 844 856 234 20 206 364 210 188 736 438 361 226 545 989 564 701 902 260 770 659 246 132 514 390 862 219 217 970 438 755 211 510 768 330 862 812 801 826 205 176 319 407 81 32 533 325 808 12 1 523 167 780 177 788 721 587 552 807 77 307 139 416 596 135 676 991 355 285 574 735 925 228 810 999 120 317 179 590 583 840 325 988 898 385 478 662 661 920 445 810 429 141 3 699 495 445 100 783 828 702 342 181 11 780 756 860 356 199 98 973 156 646 50 517 282 288 967 134 216 665 405 347 328 737 602 391 469 382 501 451 283 848 564 677 711 605 771 954 896 873 36 330 662 451 726 681 418 217 803 347 310 486 761 515 923 22 781 393 991 699 378 921 982 619 710 194 773 166 693 674 509 239 284 831 518 456 197 154 61 733 64 434 
245 0 992 784 985 497 846 140 7 559 198 608 101 816 118 870 719 263 188 478 116 714 913 809 543 318 255 896 376 469 6 542 820 846 360 26 692 217 507 601 277 114 914 12 452 545 777 486 163 553 918 191 968 303 939 268 142 164 822 480 259 660 847 304 757 786 233 562 470 882 964 916 761 681 546 28 411 459 499 328 565 659 801 465 224 596 578 7 360 998 549 394 689 130 984 21 752 370 715 538 464 8 227 560 73 700 416 236 326 198 758 940 958 0 419 463 572 113 16 273 557 670 757 922 322 29 494 537 697 501 124 993 216 763 594 997 681 330 354 970 213 337 706 999 339 168 642 33 863 186 714 589 719 838 610 552 413 348 117 289 556 519 961 368 248 640 231 645 976 143 49 54 151 971 564 193 231 556 29 556 979 562 619 243 315 145 413 201 46 301 649 308 174 488 498 537 291 902 264 59 363 556 622 25 688 62 201 687 443 520 590 712 197 821 736 976 780 476 827 815 602 156 546 349 646 989 659 426 412 345 366 981 267 892 283 61 748 807 768 742 278 161 103 603 23 86 436 927 942 223 804 29 597 16 596 526 166 240 538 750 519 751 642 790 894 183 207 166 746 189 935 483 746 877 693 255 281 245 93 873 599 141 911 24 211 894 153 546 261 256 964 239 8 979 597 925 536 930 972 758 558 359 980 646 503 332 232 284 565 310 753 73 905 741 657 832 408 453 278 88 768 548 790 85 728 848 972 878 211 295 402 164 194 528 911 811 982 247 35 215 536 501 714 396 716 804 631 305 757 324 895 829 321 96 682 400 732 145 6 567 44 199 503 416 685 683 221 374 355 436 976 7 761 605 126 602 161 129 38 346 149 393 313 401 824 230 425 993 479 703 981 959 751 761 180 41 875 406 1000 518 36 289 389 148 556 632 852 6 654 273 152 759 41 929 591 503 831 167 722 213 531 438 883 149 298 933 399 528 921 895 949 902 798 101 512 155 964 196 470 68 551 897 245 549 8 60 401 882 222 648 1000 940 35 246 225 927 583 477 303 830 855 923 846 29 975 261 142 659 755 162 882 640 602 856 672 100 668 792 320 771 578 436 580 523 583 790 575 460 135 715 944 804 755 122 822 721 365 151 539 784 
220 89 628 487 9 518 222 114 182 267 887 823 859 876 489 375 571 967 411 746 403 215 612 589 772 816 777 817 914 235 553 393 230 169 251 756 718 489 292 311 448 334 425 480 793 70 521 7 879 742 866 389 294 366 899 204 374 495 756 985 677 975 446 351 733 583 758 517 442 556 121 710 692 517 271 352 141 936 669 627 987 447 40 921 20 114 279 599 212 714 623 808 703 121 195 575 405 369 584 278 713 626 12 959 316 988 723 599 765 335 85 342 44 620 268 611 446 869 497 477 188 511 829 402 343 725 723 306 216 747 374 157 480 777 645 537 95 268 618 901 205 51 118 544 549 587 939 752 416 650 902 209 899 714 623 562 158 484 834 396 820 556 284 137 710 206 585 686 830 258 653 130 452 616 567 839 387 688 636 534 855 619 93 889 322 889 657 878 421 442 18 505 874 312 716 911 931 717 516 206 438 803 542 244 488 97 87 391 313 701 271 727 669 787 818 963 125 683 282 193 545 299 846 818 570 452 187 749 412 217 432 971 304 873 82 475 787 776 491 522 174 879 463 890 600 861 858 246 606 393 257 285 884 30 169 655 416 278 662 75 545 612 43 822 521 527 205 482 30 638 198 356 601 10 559 765 945 848 57 967 476 367 792 274 804 869 252 232 477 789 634 838 917 22 536 939 893 464 661 968 905 970 807 607 456 919 951 305 537 511 118 2 52 478 982 384 663 153 893 414 63 132 79 238 366 112 646 692 427 587 768 408 554 205 453 87 637 151 457 649 846 943 498 532 505 430 419 912 821 388 195 702 958 157 667 711 787 519 511 246 837 336 503 935 180 156 432 624 742 888 984 584 908 760 497 577 210 633 762 310 128 804 837 965 38 283 626 844 32 157 669 242 957 933 189 723 511 919 613 200 249 456 638 69 829 767 229 792 4 596 222 581 302 228 871 333 856 543 113 469 642 967 980 628 543 617 479 645 491 711 795 559 122 677 516 434 23 27 874 427 819 269 993 940 220 171 345 22 8 639 338 337 655 500 92 689 609 557 521 870 522 229 280 138 237 486 582 146 699 228 730 258 190 637 717 773 412 308 580 217 110 944 166 459 824 874 843 873 225 611 617 620 897 520 639 719 798 151 501 327 
366 436 643 208 888 109 798 280 66 965 929 233 277 636 538 636 486 565 64 872 69 760 984 603 950 377 907 392 165 668 956 198 465 373 636 938 107 403 223 800 43 254 912 971 993 560 208 350 506 829 350 211 87 252 540 308 168 822 569 158 656 752 225 746 684 494 252 70 814 538 326 421 55 177 838 311 989 756 544 837 777 407 524 164 394 673 878 534 570 275 382 803 927 827 201 640 653 455 964 598 688 28 659 664 977 43 578 422 672 442 610 62 552 118 943 487 703 3 186 467 471 394 565 877 337 765 104 479 695 779 899 714 422 549 470 238 724 170 532 676 516 280 44 526 275 882 694 526 199 265 85 230 299 510 176 451 628 477 786 666 692 583 702 471 435 142 615 441 656 670 670 226 684 453 361 3 613 305 621 295 50 154 56 535 614 1 17 807 446 912 167 490 57 603 956 966 872 85 676 378 359 835 680 201 658 3 777 314 896 578 282 571 687 99 490 141 167 276 937 995 904 429 615 375 613 232 828 993 897 662 632 666 141 328 120 167 586 105 177 860 391 838 222 281 38 456 445 87 948 765 442 949 793 190 950 857 951 344 203 35 719 936 801 711 557 325 447 548 83 684 898 999 146 846 229 599 763 237 143 871 121 270 317 31 765 318 4 976 959 766 493 696 413 838 200 501 552 260 868 291 611 853 531 3 577 863 267 375 851 917 655 159 18 511 752 977 70 700 576 467 536 1 923 756 908 54 896 331 473 198 202 303 318 52 3 869 314 781 816 583 45 485 935 237 857 59 73 821 12 261 514 858 453 84 47 730 91 85 56 391 743 764 138 779 751 626 407 301 729 548 59 999 971 411 328 826 256 940 233 845 767 424 13 796 962 5 372 859 836 162 452 395 699 125 268 969 961 83 642 709 2 65 595 269 385 465 648 103 650 543 995 993 550 595 575 765 310 706 402 59 607 250 811 943 935 775 486 203 427 306 599 760 743 910 660 814 731 159 486 524 562 462 573 957 970 164 16 947 847 435 184 485 931 242 730 238 650 322 175 380 468 497 2 225 621 6 324 527 171 724 529 86 537 621 946 863 561 58 168 876 482 382 24 798 885 565 751 759 953 449 389 299 675 952 553 572 826 272 8 779 
827 852 54 462 339 329 304 383 599 871 819 38 954 911 440 802 680 283 539 474 52 31 517 939 867 786 29 435 759 369 164 76 227 38 357 244 76 433 852 121 535 221 983 625 805 468 525 774 863 487 786 358 676 737 306 999 373 470 711 454 602 161 966 640 957 563 206 75 395 290 185 403 374 591 446 845 160 162 840 996 538 346 193 916 488 74 959 930 562 13 267 17 836 402 964 516 155 264 737 914 442 212 672 242 843 589 424 925 474 727 178 398 988 518 597 999 596 399 707 152 548 823 642 159 339 722 745 563 436 798 453 964 320 180 752 908 993 128 929 335 614 811 901 292 164 175 750 365 641 823 573 676 961 721 234 160 189 595 476 9 375 283 253 964 619 825 816 338 577 920 211 877 940 650 295 50 694 730 403 201 98 430 674 462 772 188 119 11 62 615 198 367 627 232 102 185 25 863 151 51 114 61 470 969 575 6 587 304 417 523 7 537 415 58 837 991 22 553 909 110 20 934 292 876 157 72 642 146 156 24 408 259 636 748 600 528 937 752 128 41 334 488 556 479 804 668 435 65 729 49 422 159 120 472 860 157 224 899 644 516 61 184 453 254 907 400 527 18 548 459 863 404 756 146 760 287 525 436 441 894 502 545 549 226 421 389 225 400 336 223 991 73 389 126 998 115 423 86 288 47 520 706 406 933 347 184 864 247 541 136 764 838 736 329 56 552 785 509 495 267 988 526 237 221 305 883 854 126 633 285 456 625 921 712 861 42 143 671 974 478 734 469 972 597 93 205 604 638 997 111 447 949 476 280 487 553 257 367 95 717 87 995 968 402 694 477 289 251 972 35 44 888 161 994 329 329 95 594 636 958 473 765 908 228 846 277 310 214 145 63 1000 939 420 300 695 891 721 587 686 83 884 328 479 248 281 373 986 791 527 507 333 738 696 849 787 791 235 1000 355 615 422 907 469 316 568 52 401 10 197 520 769 439 280 511 786 442 88 681 174 739 388 240 240 881 667 796 819 935 751 278 512 435 578 185 178 263 783 499 239 155 355 635 661 55 717 504 611 544 980 332 493 514 229 85 454 530 182 377 501 803 523 39 972 341 238 941 996 452 661 526 110 507 730 544 848 720 993 570 161 537 
343 39 214 868 723 163 943 214 230 331 459 206 940 570 532 415 656 605 991 229 945 282 629 540 47 452 211 686 919 878 877 996 15 313 636 663 558 489 829 252 736 383 450 495 475 557 6 338 974 281 748 512 332 555 250 977 829 93 747 415 414 292 744 277 480 250 210 248 896 15 71 93 174 170 111 500 564 343 593 872 63 344 868 986 702 233 514 643 859 24 939 672 115 463 313 358 529 750 841 179 583 400 298 428 463 977 348 430 13 326 681 589 751 112 107 200 451 123 483 166 827 531 371 274 876 907 937 461 280 173 724 342 254 146 43 177 357 717 105 833 708 497 831 46 157 905 611 409 417 869 501 217 46 976 842 606 603 228 297 76 351 159 937 978 363 127 611 486 768 248 936 184 123 376 877 0 78 952 142 648 132 193 549 106 512 452 921 457 345 360 179 701 821 776 431 225 183 943 364 296 498 192 137 345 5 367 410 20 556 747 713 186 98 391 850 659 308 197 777 392 916 873 753 86 896 562 269 738 542 557 582 832 810 660 806 779 914 944 100 117 990 113 157 842 638 416 61 319 406 301 254 140 786 988 481 423 216 762 835 265 790 898 486 596 325 202 301 23 10 580 734 131 434 67 306 143 576 172 358 680 279 4 655 107 454 927 236 263 825 212 354 80 529 420 489 708 216 876 253 211 603 304 512 204 435 552 545 124 467 81 487 689 669 972 500 911 855 115 873 13 79 64 928 996 252 943 574 956 850 119 651 338 105 737 256 523 336 450 374 570 757 14 453 987 908 259 683 924 648 260 768 389 105 906 28 571 522 9 5 246 241 636 819 779 491 434 30 320 377 323 553 832 320 888 607 570 854 346 726 686 507 339 719 630 522 690 923 352 7 396 662 609 210 232 942 236 500 67 705 803 579 175 904 545 693 770 353 722 578 98 902 772 853 189 125 963 597 187 211 755 764 431 71 464 63 438 981 557 178 586 204 865 431 664 572 402 828 288 19 798 883 876 592 564 65 601 392 872 241 249 372 543 542 479 57 141 683 630 678 650 548 898 204 131 113 121 482 871 68 192 931 453 474 576 10 235 554 377 961 29 15 379 604 685 421 723 68 414 556 441 210 189 148 248 281 848 358 766 838 122 
622 703 991 926 348 876 63 159 652 452 708 676 862 174 586 341 837 921 920 406 879 169 861 734 603 876 683 441 801 236 183 7 563 38 509 460 904 634 610 22 484 566 637 919 559 959 992 592 505 5 490 950 260 556 946 898 707 336 964 203 791 541 134 328 579 725 415 819 16 383 467 144 19 727 731 327 394 376 994 840 966 616 395 526 339 507 432 226 327 94 90 912 159 301 748 717 903 863 431 615 509 990 685 841 935 342 21 948 839 240 211 159 977 643 686 626 330 257 533 324 675 978 633 944 855 590 609 616 796 849 614 906 166 496 974 856 837 323 678 798 400 345 2 605 786 149 238 375 157 649 807 833 158 881 306 885 432 3 406 25 290 797 804 490 697 879 927 164 653 871 476 105 522 529 200 351 816 506 485 689 828 633 368 957 187 526 66 896 324 995 160 924 568 997 844 392 315 884 859 303 584 706 553 690 133 738 788 176 427 127 131 306 323 425 926 530 387 5 311 900 333 56 153 316 574 931 154 808 10 883 994 848 164 4 39 147 310 936 281 105 858 589 581 222 358 422 526 399 265 566 768 530 667 986 98 883 431 281 692 506 72 552 452 525 529 580 662 267 266 439 762 955 910 261 887 982 402 538 95 437 357 127 104 16 800 906 81 812 445 533 874 75 556 764 456 148 418 587 628 265 676 391 184 502 648 887 514 129 523 795 21 154 139 781 241 919 818 993 665 962 734 164 698 396 503 207 689 72 162 191 198 410 917 952 990 669 917 659 788 50 675 838 256 839 242 435 294 81 777 635 376 842 503 326 228 761 935 101 311 124 588 597 120 881 691 136 653 394 803 570 104 322 121 359 9 997 994 835 810 750 423 925 799 712 833 89 520 418 262 223 494 504 410 596 11 981 313 976 28 633 698 182 309 917 113 467 497 793 228 900 366 14 504 907 517 364 454 205 191 421 813 354 152 770 415 240 198 408 295 14 380 868 386 34 617 636 547 233 405 283 372 626 750 428 552 922 793 59 616 433 830 597 894 493 252 767 287 429 559 166 637 145 485 794 246 391 494 499 148 94 889 286 302 836 174 544 234 952 922 331 998 116 26 746 807 129 738 56 150 181 935 782 39 75 676 34 990 763 509 830 
550 136 79 637 776 895 159 964 237 137 872 360 357 807 962 190 228 989 793 865 153 160 908 993 775 124 529 6 841 471 977 816 258 772 886 466 172 955 497 261 295 138 37 20 299 634 955 515 686 609 120 779 36 727 937 78 121 490 163 851 666 100 564 66 340 479 36 825 605 557 283 303 729 458 3 68 762 727 530 328 754 358 147 729 849 879 901 626 148 435 771 854 574 640 645 627 592 893 744 461 680 72 736 106 64 509 676 445 695 98 904 942 523 816 665 98 731 230 860 646 183 633 751 482 678 819 827 184 745 414 301 685 841 614 829 161 937 714 782 324 529 780 709 264 172 642 314 138 282 264 95 379 796 352 370 963 23 847 592 78 810 378 95 424 788 38 23 96 610 838 838 322 39 670 137 388 247 625 632 526 798 884 937 765 560 780 375 524 923 931 560 130 835 848 3 84 259 959 429 739 182 728 557 726 445 776 3 893 615 854 227 307 600 688 541 615 574 52 28 482 862 215 779 165 796 184 943 154 564 817 806 85 254 861 714 906 619 867 357 936 252 583 564 322 861 92 455 1 315 354 997 914 618 400 200 286 639 823 347 174 614 133 892 298 120 201 254 595 411 107 251 509 973 873 728 156 202 506 480 116 650 526 253 264 560 672 887 69 920 555 266 348 957 812 137 85 331 766 238 782 640 773 586 107 384 273 303 789 216 193 718 561 40 483 97 810 406 929 821 46 541 195 978 649 182 398 497 932 84 524 59 194 57 91 298 305 281 809 746 291 439 815 325 920 66 464 905 764 835 88 596 439 324 168 875 723 683 658 643 758 52 27 254 453 244 788 88 37 946 972 587 524 106 961 391 834 713 361 67 730 554 437 5 290 432 264 125 633 407 984 807 3 283 344 946 654 979 646 544 89 462 581 601 162 797 277 246 488 303 18 839 753 327 914 402 662 808 351 730 853 641 984 387 113 617 254 516 216 902 550 317 484 106 110 405 878 259 106 151 721 247 40 323 560 587 839 930 931 258 534 583 39 87 850 674 447 656 860 291 476 74 530 469 131 624 760 877 215 910 992 865 22 818 187 658 750 947 606 934 297 911 412 710 132 500 503 275 442 81 479 347 645 593 986 803 605 476 356 558 264 
900 477 164 454 240 678 441 149 645 516 401 431 955 248 345 930 612 483 501 31 148 321 12 267 644 281 334 655 67 515 421 827 79 976 183 170 639 719 682 120 528 907 18 285 890 954 445 229 31 464 149 132 203 983 607 742 571 720 432 864 700 824 268 474 971 117 753 947 26 804 916 326 594 305 807 645 227 733 334 654 399 620 385 168 60 337 349 764 485 779 692 140 440 660 805 514 341 172 50 517 108 264 514 321 816 748 906 687 411 137 419 253 924 569 674 884 396 23 973 370 138 46 477 922 311 834 610 976 203 552 124 86 360 203 409 597 848 501 289 294 771 568 514 137 49 357 501 403 185 375 31 752 868 802 278 895 949 529 809 144 6 78 986 856 713 296 871 778 492 731 355 203 748 948 906 887 316 742 579 132 281 590 542 689 663 14 687 487 536 463 143 842 343 726 165 186 310 762 893 776 624 508 813 859 741 168 894 17 429 686 321 977 748 104 573 324 74 25 418 336 666 141 319 2 365 366 349 163 415 934 579 136 636 738 296 478 270 291 408 272 873 987 355 78 607 665 331 158 724 960 997 585 89 839 620 193 645 245 779 208 108 992 465 685 342 210 524 242 817 322 173 1000 862 201 252 93 334 154 829 854 405 770 760 860 121 579 827 685 503 637 142 849 833 585 885 311 693 669 354 146 94 655 566 326 903 430 990 774 800 587 759 268 131 10 521 120 984 316 876 612 551 556 77 350 944 981 510 458 128 384 115 272 306 712 889 258 191 855 633 6 155 749 129 79 463 595 815 191 698 598 66 79 466 644 737 499 50 684 440 491 669 816 137 54 75 147 827 146 616 563 954 132 633 909 347 833 36 67 679 566 684 45 114 855 191 51 953 957 25 747 456 409 220 643 651 484 792 398 841 50 613 872 168 121 75 888 944 497 528 86 838 858 370 682 103 652 118 499 509 460 620 624 43 156 523 59 280 712 512 184 582 989 191 252 683 381 205 23 150 514 890 74 521 265 691 136 710 95 512 325 814 548 233 61 882 102 286 876 651 166 230 499 213 217 396 400 192 554 200 534 14 193 786 214 934 96 267 451 797 446 746 641 955 386 437 628 108 792 317 258 531 17 973 91 170 316 56 794 768 392 
959 484 44 781 19 361 428 461 111 935 28 504 556 918 360 144 908 764 762 798 807 284 730 252 101 420 208 367 334 493 31 265 385 781 1 603 142 267 893 441 967 653 598 85 507 117 798 609 71 190 846 874 834 852 566 711 379 360 534 180 980 818 79 562 92 27 653 361 701 159 914 221 945 573 184 43 766 311 508 838 702 252 535 593 151 445 875 225 289 292 226 799 329 753 437 167 108 100 410 244 273 221 852 882 515 247 486 811 93 512 326 187 24 52 470 80 704 725 788 542 828 534 998 276 988 679 756 598 9 831 949 525 948 84 490 988 221 969 216 979 840 642 256 381 489 657 295 784 409 744 449 467 295 878 885 648 124 23 329 405 161 984 140 171 957 393 910 186 160 878 133 775 861 784 861 730 492 492 958 17 89 242 438 772 358 684 212 235 312 66 763 80 887 100 972 520 386 417 368 141 642 982 931 44 205 580 908 643 206 653 381 77 757 269 908 950 710 132 528 655 323 798 372 762 9 496 837 691 907 931 901 911 167 44 170 979 789 560 829 900 564 0 747 360 428 603 746 227 499 108 748 8 163 851 423 779 514 815 363 147 731 442 767 933 525 110 507 578 739 44 187 41 916 967 891 791 892 688 408 67 629 930 967 10 796 752 14 621 916 699 552 60 700 481 61 592 141 131 210 587 482 331 984 537 134 249 703 481 274 403 320 133 648 80 796 888 726 403 901 327 338 224 67 292 943 974 891 450 492 348 722 960 928 979 99 148 838 962 383 949 169 152 622 946 672 744 67 973 145 53 755 9 523 200 936 929 30 850 326 365 909 629 512 362 916 173 244 168 736 513 302 233 883 253 395 524 197 629 567 815 189 535 661 990 527 632 813 77 914 774 58 879 506 792 323 498 960 92 632 873 599 460 583 402 732 109 697 562 905 547 536 221 723 995 972 644 978 670 813 209 971 836 629 862 99 783 741 287 356 262 202 636 181 535 682 387 496 495 312 502 623 62 187 668 782 713 913 680 404 508 981 357 970 457 253 738 579 573 188 99 81 844 145 669 49 295 911 907 943 551 706 591 118 389 980 96 99 551 778 462 271 122 931 268 448 565 208 269 575 686 207 585 646 142 849 48 72 264 159 817 
203 877 572 863 467 921 566 191 75 80 384 506 35 525 469 574 439 494 481 394 89 898 191 527 856 785 678 453 259 297 104 724 446 230 860 836 728 472 872 144 298 488 399 599 134 22 859 15 941 568 782 551 26 909 122 538 665 17 45 209 259 301 53 897 668 147 147 482 250 846 988 662 914 794 341 986 360 804 533 454 136 354 270 675 216 991 697 992 560 338 814 375 425 77 759 400 595 226 404 273 506 186 365 697 272 966 69 209 390 983 72 79 956 78 42 793 852 684 844 804 566 683 157 202 64 69 518 690 257 129 912 765 677 93 957 305 31 13 651 403 465 886 601 224 710 816 442 568 838 736 510 527 512 859 676 804 99 401 713 618 768 255 762 998 439 417 299 859 748 941 187 397 10 337 65 156 270 339 576 298 724 62 754 896 637 830 973 529 31 981 480 537 359 592 346 582 348 123 357 704 520 561 300 962 202 678 874 623 546 1 96 656 529 229 433 574 853 231 259 405 362 688 329 816 651 24 630 297 437 621 121 609 353 946 923 153 110 398 471 12 106 824 27 29 999 334 977 247 84 357 780 420 440 599 63 252 706 51 476 715 943 700 911 251 224 538 258 403 258 12 88 858 618 869 904 474 420 858 858 730 711 533 347 870 377 296 533 882 861 586 517 895 235 93 956 822 626 109 236 79 514 115 871 701 905 19 851 746 338 685 811 386 895 938 971 327 88 548 854 93 747 753 421 616 800 847 510 546 28 943 320 344 436 242 645 551 129 58 261 664 742 84 718 651 224 361 951 440 574 893 175 432 13 774 421 279 87 75 626 852 317 939 655 476 953 421 156 360 979 629 404 316 235 703 264 890 471 478 90 79 295 598 258 171 287 811 13 79 609 478 522 748 938 548 212 745 670 420 620 379 411 312 530 648 30 965 547 452 56 482 287 743 998 303 726 128 858 382 569 734 229 715 371 87 252 254 179 779 255 419 215 366 291 147 758 216 986 390 517 365 634 492 179 799 838 836 30 511 989 736 233 651 535 442 180 879 955 703 105 373 255 512 350 246 997 625 141 250 466 380 887 355 830 249 691 890 797 622 653 995 117 395 377 978 921 793 180 728 975 292 332 297 291 791 460 747 236 806 388 410 
415 920 314 138 342 170 535 259 332 157 803 770 838 984 45 452 193 69 245 743 850 928 323 997 526 698 697 975 710 435 554 15 660 890 939 107 494 936 698 75 693 135 91 737 46 247 333 352 647 785 466 838 808 73 479 607 202 553 111 146 534 768 54 475 306 305 885 638 24 568 973 513 39 306 915 475 818 349 275 84 534 166 645 653 497 170 828 733 78 35 957 307 37 987 85 237 15 482 679 988 649 940 671 650 811 404 219 346 461 450 999 906 52 44 666 623 110 345 874 545 282 387 107 534 366 743 720 925 965 31 82 987 807 990 76 821 360 833 26 528 552 147 491 695 80 868 1 376 964 885 745 234 37 472 368 585 180 583 489 511 424 205 634 799 793 556 311 497 512 991 424 422 266 628 952 851 926 5 474 282 718 598 636 205 868 497 576 999 437 768 310 902 811 327 526 631 880 655 570 932 996 669 234 540 425 231 27 987 287 657 329 367 274 259 249 996 832 237 226 90 883 557 406 373 560 913 416 988 149 583 165 991 807 12 471 587 750 842 952 938 877 681 374 616 174 7 80 71 439 333 318 65 411 416 510 84 127 85 693 956 60 722 665 384 97 493 249 545 548 431 119 736 835 892 929 366 725 610 72 489 374 192 800 451 541 600 52 762 388 579 912 802 856 381 117 411 46 726 646 937 194 948 518 306 788 420 822 20 456 407 923 128 286 90 150 235 338 672 194 800 360 764 133 588 609 318 506 441 709 984 985 151 612 183 181 543 345 362 863 168 731 989 530 447 537 409 316 87 649 983 690 838 365 42 598 469 433 482 219 470 106 844 976 65 226 90 251 22 930 203 262 443 323 125 920 148 867 824 244 885 901 716 809 872 61 960 45 987 881 236 791 110 863 332 334 626 164 451 939 589 727 637 767 364 932 419 158 869 804 98 659 438 119 513 781 532 663 674 727 655 565 231 919 274 760 708 598 817 149 667 535 547 639 58 546 456 3 855 58 538 98 975 594 746 287 19 650 987 619 164 195 122 400 884 456 635 424 489 149 822 744 283 191 316 191 448 898 924 206 404 954 570 198 233 62 335 336 676 668 698 383 1 333 467 778 685 811 217 22 841 162 293 89 380 628 202 832 214 187 401 
650 394 580 260 336 286 636 122 807 892 245 398 139 222 166 984 32 883 223 770 915 549 233 306 24 751 862 954 238 772 89 92 591 657 958 148 333 452 489 586 335 970 422 127 118 382 184 778 783 627 829 791 464 539 136 450 708 892 526 810 400 991 26 369 285 515 18 892 166 367 536 61 101 588 73 806 272 860 384 436 913 120 11 18 167 429 78 485 681 718 104 629 217 957 317 415 1000 409 492 575 160 981 318 638 582 573 176 483 926 222 196 663 84 15 470 488 328 104 707 577 20 532 46 949 203 456 696 961 197 299 81 374 386 225 586 569 649 985 67 518 260 973 485 972 715 468 9 533 836 735 780 750 772 577 438 996 909 415 552 749 93 749 26 889 877 112 619 226 828 223 387 246 229 236 926 46 444 580 730 269 610 918 876 406 388 435 878 354 219 632 956 414 723 729 165 748 953 882 560 222 915 242 1000 818 495 342 602 911 133 281 174 554 372 186 762 205 32 1 888 95 123 413 807 106 823 990 284 813 296 223 93 595 717 432 886 313 185 522 113 799 61 737 481 261 557 13 232 513 150 349 273 61 132 800 627 734 210 145 350 679 403 834 147 756 978 412 817 944 940 452 790 372 808 247 88 821 575 915 698 566 976 37 249 501 446 879 452 366 620 483 780 870 504 862 509 329 125 432 439 503 60 386 3 602 609 329 887 542 727 997 531 972 575 283 331 167 653 137 711 388 747 367 742 167 868 877 452 735 349 916 751 80 621 352 546 68 901 17 571 972 663 474 540 301 820 869 725 129 70 518 71 760 888 272 183 470 225 988 236 591 521 956 992 579 102 634 21 775 910 434 442 331 309 194 108 758 884 202 381 565 451 658 371 248 556 193 631 627 958 331 579 376 879 736 450 767 603 3 561 274 677 858 613 979 415 128 95 842 161 483 833 347 776 218 236 542 811 303 983 453 682 333 94 194 723 926 754 165 174 130 50 145 517 34 63 978 615 69 686 84 102 490 54 301 253 858 504 800 982 941 745 85 614 496 76 416 427 966 672 578 904 175 570 967 962 202 822 856 869 530 511 659 3 167 595 983 788 787 814 399 961 341 677 194 306 582 181 202 172 161 210 151 933 615 176 344 305 647 600 248 
14 894 272 693 399 619 97 296 814 825 741 403 289 463 444 667 266 759 925 583 351 552 737 478 926 922 47 551 903 316 497 523 898 806 354 290 31 360 894 853 343 346 135 411 310 273 292 96 220 960 455 100 173 513 41 830 781 411 677 569 522 88 970 736 199 92 946 847 164 98 106 51 563 810 970 792 12 295 331 435 508 616 186 703 100 976 559 769 401 535 408 241 200 221 649 746 150 48 642 629 845 59 325 35 672 699 395 916 902 700 968 655 844 484 961 972 900 996 39 819 417 217 847 808 991 47 446 633 49 306 729 709 383 670 956 209 892 361 486 105 54 550 533 142 583 600 212 315 858 410 505 429 752 974 14 885 547 832 571 896 516 757 663 384 227 695 45 884 3 258 1 584 122 828 740 483 338 814 698 593 112 538 772 869 22 361 998 338 380 138 534 379 869 634 61 100 834 544 478 856 907 550 826 38 848 863 681 205 543 351 741 43 219 581 448 273 372 154 577 166 6 494 505 967 257 222 336 609 814 218 720 734 797 20 259 688 464 973 295 951 90 91 932 682 160 340 791 293 663 941 194 41 818 973 711 8 624 548 205 481 723 315 763 983 189 217 250 695 288 736 822 36 996 695 492 825 711 74 483 723 992 215 999 398 74 688 174 227 502 448 714 538 654 64 216 462 618 998 606 732 923 871 781 881 782 681 541 223 247 922 514 678 727 762 738 872 883 459 171 931 702 792 222 451 749 373 812 332 701 763 497 410 164 638 152 804 811 616 727 494 866 932 732 457 334 729 688 875 114 197 278 338 611 470 157 149 284 896 805 308 114 478 285 124 496 481 971 383 233 468 70 157 612 733 578 374 888 405 96 630 607 487 6 441 440 169 743 166 65 219 766 510 466 356 546 501 419 947 827 830 169 557 277 291 808 488 643 716 909 96 463 9 480 837 771 560 722 793 726 110 337 877 871 640 454 677 915 327 617 144 901 505 67 429 56 339 69 527 752 130 23 867 933 324 811 694 636 601 83 678 387 908 241 231 460 822 313 476 435 885 300 675 59 121 846 496 905 923 966 605 361 658 534 646 835 276 554 862 472 645 223 448 147 914 754 22 206 407 732 865 754 751 812 658 603 741 501 789 795 950 
951 733 86 150 722 874 340 808 885 496 480 679 845 141 9 295 964 110 680 292 589 919 11 980 251 41 102 570 608 434 518 945 923 970 174 837 96 19 72 206 850 124 200 18 327 884 871 26 23 583 784 355 181 207 122 5 906 215 24 483 841 802 396 890 227 318 607 970 899 592 893 710 407 974 585 393 500 630 262 793 731 497 752 102 536 891 789 132 439 854 648 861 574 960 799 13 245 862 223 207 841 358 160 104 50 383 15 218 867 429 516 414 827 563 571 27 395 955 1 785 288 807 939 755 941 239 833 551 264 432 979 957 441 33 647 177 38 719 192 280 324 983 964 942 11 585 816 971 860 586 719 314 794 200 832 428 515 488 188 138 830 893 822 373 349 914 4 742 37 941 200 56 72 673 420 940 650 273 169 75 381 876 709 437 652 71 732 595 141 423 161 219 548 630 20 904 789 153 117 900 321 371 338 409 259 884 5 654 73 634 902 600 103 470 492 702 117 719 156 540 435 556 219 502 651 288 686 224 615 178 697 220 54 189 748 172 799 70 473 26 126 334 643 292 287 256 794 203 825 823 763 533 66 478 597 727 233 470 518 93 539 42 167 161 793 30 165 617 165 31 584 615 660 325 736 401 645 535 617 239 70 850 30 122 401 129 317 126 289 619 709 251 316 856 853 714 800 278 501 988 194 466 166 887 852 913 870 213 140 179 295 903 40 314 743 793 441 435 537 189 496 41 31 257 636 785 342 509 239 273 653 638 780 528 991 678 33 655 198 747 305 60 886 431 832 858 720 480 737 533 898 643 775 399 948 674 609 998 665 570 537 504 404 425 909 606 511 504 167 669 922 723 54 500 725 413 98 384 796 791 791 787 465 658 149 860 972 138 810 405 527 634 792 333 523 489 109 358 946 282 400 631 312 607 346 263 202 634 66 215 966 342 333 771 671 678 22 217 992 487 761 797 592 847 744 494 6 518 484 980 878 765 357 791 340 797 972 467 975 220 388 774 715 740 764 430 791 811 771 735 506 950 319 261 49 868 575 663 523 121 647 203 986 656 654 928 672 896 634 1000 594 392 175 335 290 312 266 478 400 445 429 966 580 332 578 738 986 220 668 893 850 442 939 385 471 611 101 578 915 911 
987 617 501 747 90 737 105 746 962 38 815 791 686 937 9 771 480 337 66 704 155 977 838 525 183 324 286 150 188 217 10 231 863 800 45 251 507 96 837 20 950 83 53 652 447 997 889 472 576 266 1000 909 94 384 1 730 779 333 905 146 695 262 829 455 183 363 722 769 770 707 864 796 633 338 819 215 379 919 642 296 54 958 376 507 775 357 389 905 844 923 63 791 734 546 551 365 169 80 783 267 38 180 331 746 685 57 308 896 82 827 385 378 35 739 527 850 363 663 163 909 517 896 965 799 723 476 849 816 383 628 457 168 471 228 614 442 88 684 26 614 516 570 456 823 602 814 293 239 152 835 107 673 726 450 849 698 904 660 920 737 809 864 361 175 754 741 752 785 123 889 592 548 316 462 716 436 591 681 742 773 453 550 224 556 407 77 975 986 588 313 645 422 128 589 908 999 193 637 383 227 16 211 456 194 572 15 863 356 670 579 920 485 87 11 815 858 265 656 197 125 298 31 669 763 475 147 349 644 894 484 327 107 248 0 229 613 250 60 707 570 942 790 864 959 25 625 404 601 340 878 689 779 924 10 569 603 407 250 735 570 152 622 99 133 421 631 110 427 295 681 437 18 4 82 753 410 601 151 124 756 213 772 540 734 231 503 881 27 281 852 791 702 405 492 460 397 782 132 797 88 670 852 122 955 277 127 231 264 900 169 880 966 378 811 467 792 884 649 703 852 708 152 126 656 338 408 623 182 252 825 176 682 214 546 227 18 211 744 245 529 18 641 695 310 55 124 489 244 777 944 741 422 937 474 198 92 166 476 648 746 536 53 882 318 984 639 448 746 273 2 269 348 509 929 286 524 32 185 982 354 475 686 760 851 940 659 842 510 709 275 470 942 991 8 833 521 96 726 937 306 793 681 221 652 455 984 358 470 299 883 639 300 236 575 269 579 649 990 744 490 495 372 815 995 376 201 521 649 259 658 555 744 895 333 383 952 280 485 299 83 878 206 612 378 270 640 987 465 919 120 268 584 927 817 79 760 270 941 528 509 202 904 887 743 694 511 844 631 883 743 609 905 955 828 691 104 771 450 52 589 612 317 87 438 134 128 415 68 557 445 502 18 465 187 856 74 414 39 760 575 
881 470 118 848 888 212 187 158 507 287 90 180 385 31 511 320 178 186 565 563 542 216 799 558 484 933 27 714 553 49 359 564 621 440 871 862 265 415 189 426 994 624 258 569 377 190 629 863 982 696 584 284 121 264 262 190 590 552 636 430 404 387 204 328 131 99 432 41 666 742 140 804 290 968 394 881 83 548 634 520 73 154 555 49 337 926 340 110 989 100 7 717 101 88 153 140 860 438 936 878 579 335 298 633 517 38 487 683 517 530 30 810 207 25 276 153 684 769 212 667 319 12 879 140 628 875 167 259 460 60 860 677 258 904 136 248 256 783 740 806 390 461 750 478 1000 304 806 541 65 88 896 448 430 62 731 27 26 325 104 366 779 757 893 672 508 979 488 873 422 973 340 965 998 966 74 989 220 804 461 854 724 266 634 945 948 133 382 745 20 896 373 317 202 745 446 724 198 235 576 239 380 206 478 941 147 264 839 449 363 82 772 773 589 838 627 120 708 681 146 178 755 56 88 566 858 423 151 901 449 443 866 135 291 100 714 753 464 366 56 965 654 994 922 219 262 760 839 692 179 131 579 670 687 261 429 608 507 401 820 240 558 535 529 481 105 394 483 463 849 357 919 150 878 347 166 284 475 999 675 889 172 183 231 651 579 815 824 609 172 536 783 759 311 746 988 783 840 796 747 987 235 88 928 629 624 519 849 862 291 342 601 962 365 837 948 686 321 553 100 807 987 537 839 262 585 715 804 32 372 423 859 398 639 29 809 92 881 69 780 352 267 733 388 972 114 858 12 167 508 145 783 282 563 806 391 424 481 184 978 569 57 679 91 245 637 6 512 805 246 505 560 826 942 624 115 418 631 62 696 447 957 464 948 821 236 331 448 540 355 892 278 775 31 835 1000 935 920 467 362 74 982 483 846 558 362 242 366 444 750 734 52 812 336 667 67 900 925 259 790 391 222 291 412 703 887 356 887 410 99 923 920 978 664 293 842 518 334 552 17 631 430 833 892 623 8 246 135 477 776 730 547 127 989 440 783 148 766 470 936 142 951 792 75 854 163 177 455 619 210 256 448 209 231 461 671 723 728 515 714 457 482 671 165 52 726 779 404 785 233 828 783 202 753 561 384 747 639 842 559 445 
989 740 577 408 666 979 709 766 539 828 432 883 742 318 925 467 616 658 994 670 471 441 852 59 255 536 461 990 600 243 640 793 532 901 176 671 263 608 858 890 568 35 762 926 569 619 727 114 407 802 972 44 115 940 183 316 377 702 434 567 257 408 94 961 318 891 394 711 201 284 987 27 107 198 826 311 223 318 904 86 291 696 84 385 76 110 98 967 615 699 515 902 596 108 568 169 759 134 243 723 403 33 285 460 941 75 101 617 302 309 705 945 835 710 983 444 353 597 882 818 962 134 198 34 514 182 962 931 646 167 129 953 779 18 918 0 661 578 241 690 970 685 82 991 708 533 764 424 295 505 412 98 577 875 60 794 546 642 783 994 608 284 516 315 749 172 803 638 702 805 333 182 858 729 644 387 344 218 580 764 953 774 856 316 838 129 389 966 744 205 562 680 519 426 812 84 957 707 869 767 338 25 748 309 200 860 623 667 674 136 32 167 622 194 437 180 228 105 412 23 112 126 549 390 524 725 571 114 170 815 91 501 340 422 827 282 423 814 208 321 43 867 477 449 518 36 505 604 213 411 856 960 258 936 532 95 126 851 422 562 585 573 653 199 893 475 174 705 969 961 449 359 454 586 495 200 47 237 381 984 168 354 993 255 464 591 522 205 406 323 975 516 862 368 885 891 6 165 120 248 905 441 444 177 17 386 164 428 625 773 108 629 51 834 984 926 173 564 65 265 143 780 98 226 863 519 854 362 636 942 72 495 453 293 939 944 280 995 220 497 487 8 977 713 898 559 912 894 539 694 480 536 564 32 220 924 574 229 926 491 964 213 70 899 627 760 902 369 769 635 730 309 854 853 433 228 81 837 13 730 781 35 912 705 76 94 472 809 766 536 740 62 621 99 18 719 844 418 896 875 339 452 617 146 389 751 877 345 410 753 767 773 180 866 231 545 62 279 938 918 259 234 538 483 524 726 458 312 619 167 225 884 343 225 319 748 421 218 659 936 207 764 773 221 144 566 455 283 221 736 135 294 434 856 691 986 666 224 406 794 440 597 89 779 405 52 585 636 371 712 835 374 697 691 703 85 198 782 679 411 247 45 454 674 309 271 1 166 570 968 717 441 647 479 18 170 944 276 715 454 
894 687 406 148 739 302 564 956 468 744 895 369 961 3 250 865 165 547 456 454 359 815 462 395 460 330 202 297 532 131 818 377 418 207 837 291 968 697 118 911 460 564 888 55 985 950 610 702 266 159 563 304 569 172 895 788 859 454 966 103 809 206 621 928 209 555 723 440 765 884 162 347 32 567 11 630 969 479 428 352 467 538 940 744 776 434 453 267 651 470 326 985 168 768 135 354 962 578 206 507 856 1 668 427 770 615 801 613 750 455 864 510 685 953 407 880 220 727 383 656 427 435 146 259 594 918 399 571 934 752 447 530 584 792 61 309 92 42 442 91 271 988 840 669 61 520 772 49 690 305 779 87 175 725 569 59 167 315 435 543 189 637 307 654 986 957 711 491 831 278 542 572 894 573 337 633 182 680 467 69 356 289 328 808 769 696 766 747 659 721 26 536 913 641 249 380 530 206 3 358 865 842 514 335 228 404 37 395 458 78 788 354 406 965 633 872 503 42 757 222 544 873 0 792 773 749 112 524 571 822 689 831 149 73 190 425 777 51 160 817 795 572 169 789 475 227 664 662 494 467 623 365 433 849 186 869 556 163 259 2 690 455 96 700 226 198 74 833 208 972 983 140 519 750 83 643 818 126 788 140 888 760 407 34 565 98 734 886 175 762 931 224 808 615 511 265 899 564 894 657 410 280 914 422 771 618 16 941 784 302 634 939 33 497 465 499 582 760 204 883 972 15 379 216 290 228 205 893 728 479 142 303 829 69 218 838 164 86 938 94 280 124 902 621 117 564 827 805 265 657 727 535 999 713 636 936 96 704 816 281 93 890 519 252 870 404 286 913 986 630 269 994 439 105 15 472 445 303 99 344 345 730 49 571 702 735 509 821 814 697 294 128 254 297 519 458 862 87 46 206 548 438 736 185 109 188 219 74 971 285 30 813 100 324 874 220 79 946 734 19 185 460 507 123 543 745 599 234 400 28 483 835 331 706 409 703 965 701 918 242 238 575 773 722 839 115 432 227 100 432 313 151 849 91 818 121 260 641 249 373 361 650 902 841 771 334 925 662 134 773 584 806 358 328 652 965 315 354 509 62 996 31 263 437 811 774 236 43 444 357 497 687 791 930 770 323 686 865 199 123 
122 370 517 489 479 516 743 523 22 268 570 517 985 639 405 495 78 851 929 811 481 351 172 916 141 445 490 209 791 979 927 524 72 201 420 851 957 766 296 173 647 408 239 35 74 322 925 598 676 96 217 30 243 372 384 40 123 960 271 373 540 274 324 939 895 161 356 635 759 895 756 192 749 648 788 584 642 257 756 366 211 565 361 333 540 132 436 765 798 212 151 135 789 90 993 185 500 501 458 388 260 813 379 952 55 2 405 126 319 395 134 921 342 843 858 817 532 269 568 352 632 761 171 970 88 751 825 921 140 727 360 274 111 274 322 160 838 907 205 763 713 403 135 410 980 124 517 590 859 405 314 980 571 608 899 418 288 519 508 740 80 508 613 340 276 429 237 586 456 943 603 376 251 174 190 27 770 382 887 699 236 388 64 429 638 484 551 27 121 817 850 202 291 320 420 997 632 15 3 719 760 342 515 448 704 785 766 384 743 319 532 51 803 843 756 862 370 266 873 328 848 995 321 717 387 197 473 32 852 637 775 620 905 675 992 47 91 924 832 569 357 537 133 272 50 66 553 891 244 244 308 454 949 301 554 840 77 396 786 475 239 496 804 803 653 375 135 489 628 548 231 566 462 438 572 999 909 605 771 202 745 456 647 486 710 904 209 32 750 326 776 27 960 262 737 728 289 888 487 117 639 684 698 450 115 91 318 830 571 596 647 68 482 901 582 165 138 330 820 710 595 80 164 774 529 886 720 119 744 368 942 688 751 509 879 938 636 519 215 402 805 942 798 855 525 916 230 203 394 200 109 947 791 114 926 987 669 835 282 286 666 874 428 193 340 191 537 630 971 614 652 556 30 444 144 919 447 302 579 290 798 444 117 860 392 840 894 129 201 248 292 738 80 683 502 692 167 910 74 412 669 884 51 209 933 917 99 239 800 652 593 627 400 768 772 686 594 899 150 202 607 767 300 174 492 60 929 24 703 386 210 682 461 251 494 336 323 130 526 52 599 927 136 515 494 422 711 220 195 884 926 632 482 890 477 457 807 402 715 131 473 780 383 977 319 242 882 47 560 255 807 10 300 283 786 981 663 697 752 856 390 159 146 172 97 375 382 211 854 368 848 107 264 665 876 283 288 790 736 464 
291 36 742 952 238 812 320 758 977 498 836 32 314 927 621 158 959 683 743 730 949 811 600 65 812 667 806 55 481 543 648 312 728 177 310 292 591 627 761 506 250 552 574 504 167 338 435 577 894 49 564 809 587 894 742 267 819 630 756 731 22 246 945 729 703 12 690 305 900 362 569 322 3 208 811 669 541 197 294 707 507 228 186 821 509 110 163 741 134 352 462 755 736 716 375 37 205 644 262 689 225 497 286 777 429 925 618 25 355 524 609 528 870 57 70 444 159 643 706 373 790 778 940 220 53 978 575 270 540 270 205 819 76 958 976 777 80 464 690 381 584 59 399 448 969 909 592 923 61 368 967 553 137 464 334 933 444 464 181 951 482 160 939 269 609 382 222 970 848 866 896 874 82 972 4 795 978 427 691 79 588 684 762 565 677 377 346 284 684 319 385 680 165 877 838 138 160 331 302 205 663 856 926 557 362 502 366 277 441 462 749 382 513 355 594 591 712 681 749 813 188 346 125 252 790 949 811 130 994 976 961 648 128 491 800 884 607 164 728 764 219 38 682 881 456 190 530 168 849 786 628 660 715 171 865 659 534 782 697 418 513 902 340 909 923 625 610 101 202 726 72 791 446 282 580 655 841 900 67 24 133 554 508 284 199 844 119 154 305 492 97 997 705 289 876 575 873 714 187 355 149 334 917 740 895 808 578 493 23 880 766 626 236 870 161 83 761 385 457 645 200 417 890 448 717 653 812 611 802 777 584 959 935 158 350 798 144 32 440 576 300 946 611 615 777 687 402 275 335 121 409 48 384 345 545 625 654 323 391 293 892 435 912 543 49 590 637 522 906 411 574 393 45 467 356 569 492 752 766 875 532 352 450 170 501 884 363 959 876 660 897 276 729 323 462 437 42 865 852 482 474 986 581 520 954 96 29 795 584 701 487 392 538 478 33 996 533 489 247 530 552 115 572 903 783 169 512 472 433 710 833 976 670 762 559 929 105 600 933 559 224 818 806 237 335 71 652 912 602 14 450 478 410 200 822 133 870 876 300 290 362 546 190 572 713 829 560 705 675 41 781 768 951 511 126 364 693 433 462 300 767 838 322 718 848 495 446 72 69 607 421 191 542 731 809 89 341 734 842 176 
837 562 512 300 127 14 55 686 792 506 658 235 96 361 695 452 205 715 248 771 666 248 261 168 651 507 470 985 404 708 869 789 11 877 212 357 828 216 776 861 774 630 201 435 155 895 0 354 125 660 375 63 15 633 187 826 92 576 276 609 828 182 606 700 101 447 756 754 558 582 603 64 558 264 918 224 656 699 517 824 727 181 293 213 643 590 110 784 80 558 378 858 975 99 80 596 56 738 452 155 450 567 791 429 180 909 454 660 154 418 342 687 725 556 175 267 774 359 618 339 748 725 534 179 262 768 593 878 540 982 181 481 58 979 77 707 217 785 752 878 950 201 51 521 214 559 519 394 986 712 118 616 170 428 905 173 230 358 106 785 731 365 555 94 883 120 84 772 593 736 433 632 61 740 89 393 450 552 447 779 65 971 308 311 147 842 541 749 23 899 348 255 70 755 692 265 687 341 988 868 129 497 585 374 892 972 961 482 864 909 903 434 278 464 746 53 945 988 312 705 795 685 38 153 580 202 418 311 226 363 61 168 83 167 896 784 475 27 933 298 660 245 37 860 602 67 831 592 135 12 248 238 612 343 447 609 664 678 433 497 7 437 659 257 778 637 606 645 424 835 303 297 487 694 176 537 146 187 993 562 796 608 819 412 578 578 990 710 320 177 93 107 849 542 437 304 149 646 698 607 519 370 199 806 836 666 607 45 729 33 868 739 45 753 272 574 455 500 450 81 857 784 734 640 381 467 900 660 606 879 403 891 879 761 585 390 628 684 464 120 921 656 37 819 553 492 823 313 334 657 950 475 75 459 164 382 540 826 46 49 565 796 362 917 194 883 953 349 212 500 678 823 680 382 87 840 963 833 498 733 278 745 853 649 827 998 156 292 678 212 270 427 325 745 708 226 772 811 159 758 359 169 685 899 492 219 661 195 466 944 94 339 548 307 546 758 161 36 111 136 418 176 501 5 901 674 394 757 251 507 5 532 786 41 164 854 904 729 996 761 422 444 374 636 714 370 393 884 459 353 459 209 760 102 686 239 190 559 730 33 277 910 238 191 26 232 64 865 256 109 351 606 356 2 255 127 116 571 673 586 225 45 919 50 824 78 401 944 337 454 621 925 84 821 797 834 699 974 224 755 
887 313 170 770 529 770 918 756 781 811 549 457 14 200 330 895 463 462 645 767 786 796 562 571 485 30 446 537 690 753 824 491 948 808 595 604 63 293 113 275 328 450 971 454 579 719 343 688 5 184 941 148 41 75 81 516 251 628 939 458 514 102 409 286 413 132 479 232 840 564 170 216 46 924 848 469 985 49 57 659 436 421 744 843 446 234 952 400 925 555 28 78 870 60 159 195 282 415 727 106 542 150 475 721 577 671 617 430 727 376 607 39 202 371 823 463 432 588 918 545 783 327 552 843 65 660 638 335 791 1 325 206 727 66 959 42 430 305 397 904 955 252 751 392 832 57 5 382 673 620 547 520 829 417 776 662 156 873 575 850 397 552 393 465 742 866 672 173 129 931 918 683 496 299 756 147 704 806 579 879 998 169 227 739 83 237 40 991 310 266 143 72 453 195 220 172 196 164 745 961 427 681 984 819 456 427 43 28 830 950 6 922 442 36 24 581 496 266 250 396 680 516 827 269 473 84 256 75 365 993 535 848 63 640 866 617 7 156 753 522 554 113 376 295 627 889 9 801 754 259 553 286 953 531 890 378 411 821 841 851 262 579 858 323 961 307 501 165 725 779 320 742 125 281 697 747 448 10 572 185 371 197 346 785 605 574 470 260 578 188 479 677 321 898 238 827 793 185 130 710 295 453 267 219 252 405 558 143 588 193 338 810 883 635 961 882 554 788 699 586 701 997 725 253 757 380 866 45 328 883 130 760 649 58 719 929 485 87 964 313 54 355 897 113 294 477 237 831 30 789 625 946 273 781 292 423 607 461 230 1 622 926 548 611 415 761 888 910 409 936 486 361 193 140 692 634 953 986 401 341 671 676 449 843 765 508 731 448 551 428 821 214 957 532 500 37 58 156 733 762 658 255 685 18 194 184 20 262 447 940 603 244 495 13 432 46 908 636 71 273 554 0 604 321 565 256 834 256 373 835 288 400 243 798 463 201 344 266 122 269 754 695 319 515 161 699 674 442 751 283 659 550 661 238 728 736 30 84 549 548 560 266 296 807 266 897 774 11 588 38 751 949 395 898 654 206 79 997 891 22 623 459 894 969 443 185 289 797 340 797 622 890 907 93 638 624 491 394 566 189 
289 828 367 443 659 346 927 813 120 462 852 489 999 994 732 816 179 382 584 805 4 354 100 783 769 832 523 171 184 553 729 938 593 959 920 768 781 747 945 326 512 119 62 830 882 697 774 358 671 974 980 83 847 664 990 781 93 785 82 314 479 153 40 555 198 378 987 472 877 202 701 209 424 556 395 848 729 507 555 751 775 761 838 803 680 146 954 175 398 917 696 621 335 80 199 100 675 769 934 273 164 613 67 112 902 428 863 842 330 198 620 297 629 737 251 121 252 587 889 456 474 82 444 282 308 575 824 495 582 19 367 295 979 913 375 638 712 302 407 100 213 1000 952 771 397 210 121 591 479 141 837 142 862 316 167 533 489 537 636 636 639 194 373 656 163 74 159 965 956 767 34 907 518 718 590 711 129 543 987 554 118 606 614 463 164 600 821 777 70 845 283 110 910 722 836 14 709 992 794 464 830 975 618 99 335 179 209 778 984 842 427 883 835 880 289 693 40 782 720 600 416 1 586 811 89 226 761 288 99 806 930 154 369 444 905 701 818 1000 270 167 21 155 747 438 179 672 216 757 125 297 544 790 364 641 857 484 273 263 325 484 898 963 834 471 173 546 886 179 697 454 453 534 508 757 234 871 8 564 717 493 183 814 435 295 680 525 226 97 407 848 510 510 836 130 243 694 367 555 403 319 517 126 933 102 42 948 780 983 392 691 943 408 252 629 779 727 369 261 928 354 910 163 271 561 883 610 792 90 831 271 282 196 565 378 718 387 229 111 85 267 203 474 337 410 203 617 818 446 642 766 813 409 114 580 156 180 494 291 59 351 252 62 39 605 428 447 508 485 722 744 403 928 544 720 440 955 239 580 399 672 791 375 851 42 390 875 236 349 288 315 755 212 636 71 113 985 459 199 532 802 371 233 453 158 451 676 278 939 98 122 314 960 676 119 191 493 31 478 168 82 636 724 283 721 863 57 242 5 484 118 624 835 462 651 176 848 950 830 632 427 390 620 866 453 844 488 962 713 301 653 227 637 873 964 164 326 538 346 316 185 227 164 851 389 792 219 196 905 563 587 286 581 744 790 631 960 699 529 990 952 478 875 348 681 225 943 89 830 619 990 430 498 368 993 716 337 43 491 41 716 
818 563 285 687 234 488 519 376 754 645 441 544 88 173 866 930 937 123 860 213 360 437 239 125 726 742 687 996 76 206 550 421 988 566 866 619 549 344 221 347 291 136 119 921 329 534 280 659 288 659 469 147 738 418 907 493 438 302 363 157 626 275 708 557 933 564 749 336 524 700 340 712 242 803 513 663 488 662 502 341 471 627 797 143 770 225 594 423 790 735 430 870 888 139 666 514 840 157 889 513 386 807 599 409 543 407 555 368 437 15 93 87 513 444 427 231 491 200 513 437 436 833 185 688 611 285 729 695 37 298 67 130 214 910 841 467 506 782 117 749 964 372 609 824 45 917 769 353 830 313 950 686 804 283 84 814 786 631 783 807 611 15 1 250 9 865 900 481 464 496 785 737 192 203 675 493 359 124 587 978 241 574 972 893 389 741 883 505 69 54 867 729 169 64 224 762 670 192 796 83 787 821 266 295 237 751 909 755 671 556 515 628 755 901 178 443 716 885 925 800 870 190 446 855 61 710 75 684 235 815 248 239 222 696 694 443 162 87 229 496 292 806 423 591 643 305 775 982 878 236 535 771 739 420 541 53 808 446 207 291 542 674 348 269 120 561 192 960 176 94 878 21 508 245 308 1 66 13 900 808 56 835 350 5 455 499 946 925 608 959 661 7 132 364 811 676 749 575 998 323 738 742 46 691 148 33 887 801 500 79 643 844 985 90 725 746 888 982 131 592 634 406 142 252 981 366 22 418 177 169 708 153 75 353 761 71 401 486 814 633 579 778 32 296 936 848 681 312 597 216 561 86 121 302 748 174 195 865 804 65 39 203 382 296 518 217 215 914 859 97 915 131 394 154 994 339 388 113 648 9 258 916 294 111 585 678 576 841 80 435 899 943 456 299 645 782 775 973 815 321 932 981 702 28 907 156 872 226 593 365 972 708 511 611 128 557 906 210 32 880 677 144 323 616 597 203 964 954 641 214 896 418 122 631 3 661 622 807 202 950 681 978 556 586 452 992 181 738 735 519 894 796 868 144 740 64 654 305 619 556 167 210 858 74 214 861 575 830 921 196 195 742 593 145 528 243 8 618 36 626 485 185 853 481 387 762 900 842 499 428 46 882 532 864 116 865 943 74 612 577 
200 378 891 867 383 187 311 587 428 591 930 704 963 66 31 599 930 537 520 174 480 640 831 712 764 713 23 650 500 497 67 550 298 827 898 681 367 872 669 116 47 363 645 36 893 34 92 495 528 723 673 166 950 144 772 506 69 792 628 248 182 56 742 208 350 923 680 947 335 805 704 27 463 28 166 855 234 880 951 817 933 674 636 832 595 674 496 10 499 228 944 74 804 983 908 47 707 105 609 660 130 791 916 341 888 954 584 589 833 401 152 320 385 376 281 917 264 306 65 287 311 332 440 232 97 966 260 160 191 290 275 526 730 152 557 341 832 411 221 916 945 691 699 8 675 252 558 682 40 472 352 856 464 142 637 743 220 285 507 306 651 595 223 822 716 980 741 881 424 886 401 16 233 595 247 960 599 185 283 617 410 582 661 101 596 858 76 450 669 354 258 749 242 40 905 418 835 290 288 407 395 120 25 106 108 430 155 16 656 60 397 33 955 329 575 188 788 490 882 693 344 134 615 622 491 408 441 49 959 906 129 525 989 567 329 15 53 601 188 864 446 338 534 766 689 300 253 41 241 5 828 110 284 501 137 848 463 577 471 891 926 920 131 328 85 106 195 271 81 301 417 604 730 128 803 275 421 235 738 176 145 606 308 353 477 178 751 924 462 86 236 383 322 980 930 276 443 721 456 729 730 735 949 295 358 608 874 85 878 384 706 101 375 187 115 984 835 817 574 480 12 138 130 817 409 604 0 418 798 492 407 671 899 171 170 235 609 250 766 830 53 926 974 313 966 283 727 388 425 317 482 703 195 141 567 969 138 923 404 441 871 899 833 124 981 303 375 210 796 25 887 202 558 966 996 716 504 162 9 451 539 452 658 476 24 37 726 263 824 130 211 767 16 663 518 870 898 421 111 901 456 169 721 656 550 311 823 928 585 788 188 221 443 101 729 223 196 969 524 663 669 960 212 674 497 569 691 118 420 460 527 414 770 233 279 737 625 68 402 520 486 956 965 668 900 187 68 364 30 238 690 139 676 638 64 477 164 740 807 280 502 841 148 603 400 121 918 497 382 879 804 784 713 170 94 508 239 71 427 345 158 865 441 14 884 535 331 336 989 60 667 526 582 19 304 391 511 578 460 63 
970 199 159 781 760 749 959 120 896 26 635 503 122 886 926 344 396 208 436 605 636 903 384 830 858 184 206 759 780 915 205 541 364 44 444 314 294 245 742 767 530 694 199 457 86 801 53 547 397 871 12 533 514 577 218 958 857 476 444 192 775 551 819 240 269 323 998 951 649 109 459 369 128 536 601 753 430 472 917 697 975 978 7 94 782 277 868 276 184 780 55 310 262 32 833 295 713 480 688 791 576 87 313 318 164 304 711 304 978 184 704 809 111 783 999 446 532 904 403 267 272 98 411 750 452 655 382 252 73 452 930 294 464 607 931 388 181 818 658 707 700 738 957 945 109 411 67 302 929 592 193 420 483 27 184 242 354 771 47 976 795 795 955 416 948 284 84 459 706 92 322 168 339 177 743 385 535 335 734 367 962 37 162 861 590 870 417 241 970 130 282 175 457 190 384 954 61 361 840 524 558 392 25 686 930 984 488 371 192 742 773 997 951 83 201 772 891 550 904 357 497 767 865 612 264 335 262 47 253 158 84 83 729 153 24 299 529 452 358 636 314 706 315 232 966 110 758 62 405 661 600 140 114 69 181 594 592 582 832 870 624 804 223 483 741 215 175 226 573 31 377 939 197 651 20 448 560 255 972 579 529 148 510 946 35 207 434 607 218 659 857 670 932 97 377 667 901 603 887 745 850 479 635 504 374 966 910 481 630 530 565 947 41 641 662 434 417 848 474 855 448 240 565 541 843 796 917 227 616 672 675 820 259 776 522 383 862 397 49 497 348 649 82 440 589 403 600 871 182 33 137 282 955 817 973 653 606 236 259 186 245 159 509 630 277 773 917 143 25 128 761 375 477 635 795 648 640 459 884 974 14 988 403 153 92 887 332 311 71 7 223 31 135 719 766 503 100 771 729 776 11 942 766 494 987 703 451 577 389 115 482 139 170 63 735 462 398 123 838 332 134 582 318 842 242 627 627 902 417 408 761 489 281 219 36 679 138 493 554 324 649 734 157 679 475 776 405 422 449 209 86 64 719 868 485 834 229 506 596 62 941 764 216 215 176 943 16 258 96 94 113 267 419 336 822 976 547 464 287 990 789 28 466 825 356 576 478 529 743 542 738 944 350 810 84 526 504 23 741 656 
387 219 330 823 963 287 312 438 227 99 573 59 693 884 512 313 393 924 217 270 782 105 366 278 130 542 21 503 972 778 48 83 218 3 676 86 560 314 812 937 780 875 294 539 394 919 421 739 824 500 960 970 818 223 214 373 188 783 263 540 655 531 724 720 525 386 691 497 709 269 169 323 825 31 222 631 774 741 649 973 631 336 349 600 209 293 349 722 847 242 463 602 550 66 582 582 1 768 192 433 417 135 138 144 481 287 622 228 734 109 610 325 769 200 308 930 458 221 499 197 723 98 465 274 368 716 907 101 35 670 416 223 231 550 503 724 268 169 513 577 237 972 829 710 591 743 557 76 807 352 767 110 972 616 598 877 86 231 144 514 343 651 369 998 191 375 380 770 893 762 383 274 5 727 173 172 779 789 516 861 169 529 963 852 495 646 683 154 684 437 926 897 335 858 333 871 660 694 310 806 608 665 157 506 383 34 44 899 760 691 245 985 754 689 756 527 520 515 507 813 921 983 451 754 530 40 34 226 179 78 482 762 805 516 195 471 777 354 321 182 507 772 957 153 796 164 176 149 229 976 422 770 614 727 518 766 996 343 953 696 713 879 527 211 348 978 119 563 326 565 264 964 241 505 128 972 993 902 462 903 870 800 556 789 423 349 194 388 402 483 950 493 599 749 129 557 534 555 84 538 4 775 670 632 137 586 195 931 200 751 631 393 548 278 335 955 255 27 736 13 267 59 923 619 419 242 696 690 118 930 469 402 858 172 257 755 639 24 762 635 830 915 864 258 556 565 442 782 990 590 758 847 670 696 707 156 561 118 739 56 541 72 654 265 930 298 949 578 251 585 650 432 486 907 700 735 338 534 284 594 997 708 608 997 279 122 971 972 371 862 410 157 914 620 295 722 834 827 20 697 291 923 546 147 570 963 188 690 706 511 66 645 126 399 816 287 569 114 326 351 660 175 634 87 740 113 574 997 400 916 250 328 868 254 635 773 221 384 655 780 77 784 934 302 59 862 651 208 894 514 594 822 489 772 519 771 991 664 489 77 361 460 819 395 350 858 113 417 659 696 353 510 522 513 805 436 322 426 832 893 272 403 376 997 77 511 8 310 490 251 359 706 353 467 562 472 280 722 416 276 
578 254 733 349 392 830 443 768 365 879 667 942 694 178 335 600 803 148 562 736 863 334 967 990 967 916 357 198 746 422 424 366 777 571 71 962 287 13 975 830 792 614 1 137 355 143 950 532 181 872 911 13 896 497 972 2 75 148 61 781 243 311 126 441 501 940 640 620 401 536 461 58 641 280 32 706 297 363 547 29 312 350 886 116 957 302 665 639 271 750 416 807 725 669 285 384 869 146 778 970 626 356 433 582 741 761 233 980 651 47 646 138 857 518 474 405 624 286 741 316 314 738 800 794 5 245 139 395 634 605 797 476 945 618 312 632 624 202 867 27 891 236 430 4 663 323 714 184 144 769 258 698 211 821 185 91 884 215 161 65 127 171 532 810 885 897 425 325 560 219 7 227 40 973 291 631 118 442 644 973 437 133 611 263 832 61 406 577 681 474 472 462 945 983 156 340 603 269 460 819 280 979 935 234 385 946 694 712 121 924 26 533 355 171 639 228 957 790 540 210 741 13 664 913 840 532 455 517 873 636 912 338 965 137 935 537 433 163 84 726 559 317 261 697 353 649 691 578 451 252 670 909 316 770 249 355 379 890 351 377 833 839 182 468 842 889 248 467 180 250 488 449 438 749 299 998 51 92 385 213 308 815 841 261 739 576 707 219 483 291 421 438 997 989 823 927 378 879 197 97 403 408 599 667 804 254 583 607 951 549 268 832 991 125 473 293 181 893 920 559 839 64 387 185 92 821 388 437 449 568 619 252 323 833 889 980 384 942 962 953 741 109 349 308 53 62 438 467 236 745 371 979 284 659 625 54 423 576 543 857 25 750 884 843 74 242 858 391 374 326 411 819 351 197 841 846 103 339 201 865 642 478 324 359 95 444 411 361 319 26 341 507 112 231 887 201 180 780 551 548 553 652 845 105 253 262 645 692 121 210 364 139 954 872 890 316 75 314 886 656 262 763 516 552 799 279 480 983 885 596 731 604 774 561 425 801 932 55 775 505 237 728 119 93 693 256 657 814 829 140 778 115 694 182 589 8 552 543 703 511 19 206 422 697 597 61 310 658 704 407 828 33 180 770 615 843 4 673 749 354 480 311 662 106 164 866 262 827 325 858 984 398 764 165 721 201 659 782 681 271 
559 678 669 233 582 41 146 749 964 122 726 87 441 524 858 26 357 523 885 774 834 61 70 336 343 42 208 504 339 159 945 391 51 561 498 850 732 632 593 9 787 160 210 891 543 854 32 580 949 650 841 21 161 278 355 854 939 289 278 828 204 853 127 269 757 331 647 744 801 4 221 873 973 886 613 543 793 14 63 973 48 597 775 979 298 637 562 491 958 403 179 267 300 818 672 517 157 401 38 469 327 666 709 263 63 912 996 39 645 463 851 611 46 424 253 540 212 22 50 616 440 582 3 464 608 271 81 187 961 893 339 684 767 145 877 488 921 312 115 85 662 111 984 686 309 206 644 348 400 695 744 751 692 940 56 643 209 409 602 769 985 728 877 726 597 762 177 162 880 810 35 588 123 176 135 802 986 588 746 188 554 601 779 576 679 316 424 112 113 687 814 499 948 732 929 513 652 486 305 409 794 262 188 676 221 715 915 261 976 18 106 178 409 730 329 83 122 802 58 989 846 928 713 485 431 881 713 280 22 63 199 781 340 16 555 939 99 653 23 144 200 493 196 545 878 214 225 890 677 265 597 662 199 89 872 352 157 609 84 326 379 920 685 21 28 149 274 430 466 367 204 1000 185 80 658 924 510 542 301 956 822 67 477 580 705 942 338 56 840 402 717 480 160 991 614 451 925 830 839 36 834 330 192 758 843 432 239 395 321 81 717 919 479 203 800 697 607 355 48 97 412 753 798 945 633 38 954 450 87 538 240 602 507 537 635 772 663 251 958 557 691 267 697 613 974 72 782 44 234 953 659 217 714 164 397 73 84 515 617 459 588 273 434 499 103 58 650 801 220 643 198 325 678 966 498 244 735 370 655 105 746 371 914 360 120 994 386 415 99 91 621 552 989 404 319 604 211 10 323 563 150 833 35 468 639 555 812 624 618 35 377 296 418 862 719 81 836 683 606 927 727 276 627 369 650 333 580 321 437 477 955 553 448 402 374 527 894 341 499 335 973 4 328 922 561 770 986 771 147 715 763 707 835 657 998 314 79 701 44 376 557 269 325 85 799 696 301 225 771 366 705 104 403 200 389 243 674 889 548 449 125 419 265 686 602 617 472 812 796 360 411 556 468 360 884 203 9 57 645 703 
849 643 870 136 764 216 951 27 677 726 550 31 963 416 82 493 159 938 570 643 990 677 738 304 996 198 304 597 921 721 182 897 424 446 248 972 941 726 628 942 991 115 50 226 569 236 405 864 299 60 368 487 7 406 795 465 476 501 351 754 144 381 89 412 658 860 403 795 177 488 42 813 357 974 136 851 954 316 25 287 376 555 735 67 959 409 990 162 448 864 186 16 110 387 404 862 376 786 375 365 16 903 327 206 499 335 995 980 301 969 34 305 217 58 27 321 259 450 612 808 157 922 779 854 280 264 722 926 99 534 455 669 384 463 162 145 228 124 228 50 314 945 390 509 246 832 312 151 733 353 145 827 959 409 871 207 101 844 460 651 824 632 101 459 0 303 299 566 251 516 54 898 560 41 487 180 472 374 250 454 567 231 248 206 186 671 330 492 110 726 827 397 95 879 232 778 200 340 745 93 160 163 246 701 445 313 733 145 627 194 189 306 636 607 766 726 982 277 66 762 343 212 799 273 402 611 793 660 614 865 162 64 532 319 439 316 291 789 570 886 985 856 860 427 830 680 818 70 195 283 960 427 220 48 577 957 187 364 460 699 460 942 334 172 476 354 621 283 823 965 565 726 695 889 833 353 45 839 459 463 864 893 482 35 963 288 298 524 253 585 273 584 727 977 293 40 945 971 895 613 166 871 698 413 666 87 836 441 860 157 45 703 938 206 900 792 668 981 617 828 815 259 347 433 764 221 16 509 593 665 920 109 347 914 248 492 702 678 715 673 561 760 677 845 111 359 406 669 525 320 928 698 623 714 510 360 587 471 11 307 81 965 928 367 344 398 567 668 230 327 479 465 607 544 328 183 816 135 497 390 670 453 244 456 45 846 697 176 7 180 655 422 914 102 853 106 864 889 435 926 762 908 805 940 181 631 211 558 737 887 637 760 150 133 964 772 178 626 419 990 141 826 430 0 462 177 38 607 158 500 320 977 20 716 750 982 731 304 938 124 645 921 401 603 466 21 658 325 224 984 173 271 574 625 643 414 98 775 782 771 126 943 989 19 220 668 369 50 58 879 292 692 184 55 60 653 350 898 966 932 450 240 292 730 742 709 963 172 565 688 26 136 536 761 139 862 381 397 113 480 
942 373 339 588 82 76 355 671 522 417 642 336 43 884 113 720 910 554 224 342 685 441 303 531 52 329 953 816 133 549 989 964 496 37 991 866 3 603 917 808 478 836 728 165 491 320 182 305 638 44 267 531 96 661 42 679 306 998 995 458 307 53 638 535 70 438 573 841 506 319 799 941 462 751 943 902 151 8 492 781 981 494 220 733 441 605 691 903 981 354 106 10 596 168 802 142 452 432 624 334 204 884 240 728 539 97 489 807 404 431 835 598 877 497 561 771 236 505 512 996 417 665 644 847 397 119 32 292 468 367 169 875 323 837 778 919 355 343 75 196 20 179 148 626 85 626 731 326 688 517 854 728 803 681 749 791 402 242 888 438 576 146 295 228 788 624 375 599 911 785 461 549 59 117 154 724 984 221 933 610 806 801 909 831 318 243 448 137 902 152 455 513 263 101 876 503 495 876 439 699 109 95 83 997 705 341 595 13 797 520 806 542 0 636 707 848 626 146 961 266 438 697 558 420 641 223 329 881 688 688 215 283 347 66 28 155 272 666 108 134 122 730 484 58 139 116 867 23 115 983 148 147 247 466 33 754 671 347 731 921 389 861 683 878 726 916 855 893 816 566 854 221 596 58 147 49 952 657 20 733 712 0 854 786 1 679 192 218 863 32 725 745 578 925 385 356 141 141 335 866 923 580 462 869 273 861 905 493 244 664 177 183 560 17 278 454 969 695 685 462 65 460 862 990 17 124 45 570 6 908 602 311 713 756 987 578 675 270 711 949 600 748 737 962 961 651 947 340 422 161 613 292 330 732 871 486 235 928 620 623 602 788 239 946 23 807 903 936 13 820 176 888 516 136 18 751 38 799 461 35 982 133 155 280 850 247 610 746 917 62 75 637 436 703 320 23 3 512 105 803 882 630 907 168 713 40 519 861 966 318 732 582 977 935 630 402 843 421 915 409 92 43 872 814 969 787 954 395 254 431 269 715 484 509 590 835 256 617 883 711 133 624 693 384 8 444 826 425 473 431 453 951 477 951 0 86 269 37 714 59 337 801 667 839 728 821 646 737 879 651 747 947 802 386 741 668 812 685 102 999 457 370 760 684 868 703 204 84 104 917 652 2 829 678 183 177 169 906 670 437 
492 785 758 937 371 567 69 296 208 611 812 974 684 225 549 622 808 436 379 268 291 717 821 909 318 764 416 595 164 417 656 560 838 973 88 792 908 850 369 269 966 741 157 510 351 216 438 602 480 334 304 892 159 213 376 773 781 878 845 494 477 228 362 732 526 517 733 683 434 971 717 511 506 761 44 236 989 364 697 869 874 369 29 838 405 759 667 197 883 109 131 546 571 746 160 324 659 0 464 282 164 976 424 226 822 577 529 482 649 47 580 326 789 300 445 366 544 461 134 453 290 432 2 868 922 214 791 49 67 454 816 600 895 202 838 820 23 839 710 54 998 342 254 761 887 325 610 90 177 3 535 833 798 210 25 130 781 247 487 628 347 435 464 447 463 339 267 380 692 309 235 241 455 995 231 658 761 850 766 942 210 876 49 575 793 8 711 895 919 912 304 547 828 950 209 904 762 873 975 258 473 96 432 397 658 677 189 541 617 172 586 162 57 56 164 687 310 281 645 92 376 805 651 704 859 229 923 235 661 300 480 629 716 828 121 587 571 849 680 762 836 835 334 744 879 961 45 0 821 661 482 14 805 233 217 806 92 641 152 504 585 966 466 107 707 421 937 132 672 533 25 905 268 367 947 821 732 235 445 499 309 191 627 115 776 191 374 125 934 11 609 59 806 182 495 936 659 545 881 976 623 973 750 726 481 526 721 337 120 998 914 354 919 443 688 345 705 301 508 886 628 349 230 981 302 463 53 976 760 646 779 635 65 153 856 681 0 612 735 161 825 974 677 485 596 460 946 820 909 525 405 493 313 953 204 558 676 138 83 842 342 96 146 655 45 751 831 44 28 760 763 720 635 462 229 459 760 863 677 902 742 308 973 816 293 853 623 507 408 806 172 431 231 899 222 399 312 724 827 859 587 439 586 142 726 163 447 704 272 822 293 151 465 250 542 462 580 509 717 846 109 476 942 133 60 119 580 528 922 789 14 510 933 957 42 183 335 560 697 985 311 190 560 369 984 839 618 966 849 441 574 486 215 34 59 213 146 231 336 704 404 261 633 398 349 761 911 41 739 627 157 544 239 323 138 140 275 95 872 849 723 777 76 559 847 571 703 665 582 595 378 524 128 188 268 738 118 354 126 114 
237 117 285 211 72 3 103 466 420 295 210 27 449 568 579 132 956 864 395 436 665 62 254 963 944 992 171 366 951 334 685 260 575 307 94 54 897 126 866 113 136 144 75 740 17 238 8 713 995 311 687 168 525 719 406 951 465 236 931 437 758 912 898 904 150 793 429 377 459 876 833 28 44 573 278 699 916 763 173 149 245 468 283 482 798 853 769 239 470 439 778 945 612 284 323 603 611 860 874 42 852 208 929 806 197 469 452 35 482 847 598 454 114 198 710 756 564 292 516 175 404 848 682 346 823 891 920 12 622 536 891 134 296 580 560 924 454 481 208 819 553 795 368 329 873 176 845 473 869 570 950 608 565 833 506 800 598 588 919 638 564 354 303 347 500 732 651 340 583 817 638 914 944 84 654 865 649 137 975 363 925 684 678 553 110 737 415 409 298 618 104 509 959 672 560 614 255 198 508 580 178 632 473 736 103 19 242 441 884 828 492 880 826 569 169 532 344 888 138 780 484 267 375 214 836 346 840 772 125 804 982 640 67 804 827 925 564 148 66 211 819 218 606 2 607 90 697 474 521 891 891 778 144 742 615 656 339 215 739 480 195 65 619 75 318 278 398 876 440 640 72 847 558 787 931 913 124 64 910 762 920 280 514 77 572 58 446 647 599 449 972 88 997 576 88 411 192 338 958 512 416 348 754 350 604 596 429 84 319 208 162 924 572 684 128 407 80 524 216 524 518 900 371 307 856 418 484 778 414 400 46 317 223 504 498 181 245 961 159 689 458 1000 857 184 464 63 645 722 133 868 564 396 417 745 428 698 615 146 906 607 629 682 535 490 330 450 456 364 989 346 160 85 925 449 216 821 818 839 376 84 756 545 58 210 547 959 741 333 131 43 303 663 8 600 433 536 729 466 301 479 623 313 147 71 216 602 208 656 109 56 145 108 847 327 393 717 852 266 479 776 840 176 25 59 404 764 155 877 231 790 89 935 64 652 156 303 203 782 80 813 486 491 681 819 317 609 406 953 486 443 542 519 956 370 958 157 111 824 369 888 562 684 771 663 38 80 338 948 177 5 263 543 740 907 512 883 228 733 560 117 931 374 559 429 110 487 944 693 876 48 865 443 91 214 860 507 170 349 207 410 
995 599 385 583 559 871 484 480 400 83 889 203 416 229 2 447 516 786 630 731 308 112 887 983 558 13 43 614 517 767 361 67 818 861 812 641 448 567 621 219 355 544 895 472 231 800 216 397 316 366 76 169 601 565 35 203 826 51 174 557 926 660 533 611 719 360 300 5 691 900 41 529 609 307 378 692 667 694 146 66 728 618 708 753 86 467 773 970 405 613 996 57 725 203 163 772 803 529 270 274 752 788 161 102 906 993 763 589 334 504 664 463 885 94 722 773 73 502 585 653 549 127 391 552 982 946 326 83 74 82 653 200 952 861 432 642 970 761 742 944 747 212 96 56 934 210 233 952 14 760 661 611 746 85 779 222 552 434 383 132 981 533 986 65 244 833 337 113 99 76 477 198 22 700 156 499 929 212 803 116 535 307 583 29 408 977 675 908 575 185 481 362 976 927 537 756 866 135 414 959 189 171 300 81 594 471 3 227 909 1 487 936 615 665 975 904 955 548 979 758 312 142 540 146 760 315 806 527 89 720 345 91 701 635 100 633 453 147 955 454 185 207 211 518 933 659 544 978 672 399 499 619 294 106 919 663 905 77 781 58 740 951 480 202 302 376 967 753 967 364 903 97 609 979 101 574 7 466 334 211 730 897 103 453 5 882 754 144 979 155 681 647 555 239 658 707 149 606 780 449 446 765 509 134 524 815 431 595 893 117 935 38 52 878 238 777 887 535 93 247 787 447 118 222 702 840 772 661 515 347 247 186 557 7 671 850 594 128 946 285 993 426 925 651 319 862 941 728 282 612 948 907 108 123 946 914 639 647 528 934 761 114 324 329 978 777 632 949 191 502 777 815 708 473 760 730 167 846 274 119 92 508 416 964 383 714 916 801 646 752 263 684 24 81 232 915 199 10 940 886 640 352 393 685 296 264 122 820 252 467 8 441 512 275 244 734 364 674 901 356 254 474 117 440 576 938 205 1000 486 108 403 629 211 329 115 797 526 895 913 47 708 113 826 530 132 92 409 412 522 739 11 976 821 467 868 420 354 305 538 273 830 976 816 172 405 675 119 144 784 779 18 814 955 526 554 896 808 40 171 698 677 920 576 275 629 437 292 308 761 926 157 686 14 254 522 613 648 907 982 490 
386 659 114 238 518 450 382 489 255 589 594 417 629 172 179 233 210 940 525 416 976 50 966 181 525 9 737 56 63 762 577 829 608 242 324 371 179 457 57 832 690 445 262 661 63 699 406 7 368 148 944 87 457 400 341 603 524 296 813 922 817 331 668 331 848 233 605 941 664 869 603 401 492 161 368 126 710 246 680 613 759 251 122 876 781 946 144 802 122 321 399 341 204 544 440 613 376 257 536 662 234 483 377 810 615 581 824 372 567 76 905 98 388 785 413 632 888 145 260 789 315 438 194 363 576 197 251 840 576 290 175 985 197 892 707 849 650 382 457 326 34 512 750 806 402 971 949 297 147 347 980 844 237 702 772 8 621 781 701 997 953 938 539 428 146 544 819 538 312 796 119 662 998 875 978 441 96 467 334 794 345 77 64 832 543 955 690 946 644 499 113 61 651 523 405 149 193 330 570 944 314 368 554 544 199 622 257 892 837 41 232 567 434 170 493 273 436 838 601 987 639 497 514 116 257 749 421 745 359 867 694 174 712 657 431 247 423 835 715 331 941 723 11 512 625 992 373 102 792 227 336 501 699 300 656 256 952 329 920 479 132 587 533 294 950 287 728 738 515 699 620 641 321 159 181 964 352 223 523 446 872 654 909 868 226 138 274 719 798 480 137 735 717 832 176 232 450 321 611 980 109 613 233 484 819 923 487 362 821 394 37 410 915 823 901 458 493 989 324 143 23 251 459 826 544 134 837 140 373 669 999 125 882 860 87 228 314 267 692 638 806 929 10 308 506 453 273 159 515 756 421 268 961 432 418 50 237 456 24 157 853 121 203 183 403 367 875 338 946 306 631 132 679 962 477 242 671 399 803 9 339 630 515 37 144 743 649 21 962 924 282 428 668 790 838 404 952 351 177 572 751 817 166 938 497 764 874 958 687 424 30 385 801 722 520 71 985 969 64 717 335 915 652 797 536 604 792 943 907 159 619 96 555 369 878 785 266 404 139 947 448 14 352 375 609 316 361 932 879 326 482 93 49 210 883 761 688 98 994 953 105 776 370 881 319 55 290 262 809 264 66 829 210 976 505 300 740 460 104 825 577 407 317 239 630 732 431 996 904 28 186 975 488 977 921 191 63 647 771 148 
71 182 432 821 453 355 759 583 404 567 995 510 157 143 957 683 558 632 526 633 563 61 871 354 290 191 976 155 143 529 306 112 83 403 132 47 242 422 168 20 243 701 104 729 40 728 797 857 67 273 562 186 428 732 765 463 510 721 352 130 959 497 835 400 654 397 894 102 145 864 218 28 953 205 31 594 294 422 323 430 802 885 494 800 107 222 572 144 571 21 492 439 388 586 706 34 156 374 11 337 524 969 780 283 973 561 63 232 672 42 837 275 799 202 771 182 981 930 2 634 613 399 315 278 345 901 259 548 225 463 494 211 947 71 222 278 293 76 357 57 513 208 206 374 668 748 938 982 495 980 768 372 673 16 125 601 926 650 221 613 278 695 19 385 706 474 14 305 147 6 65 621 412 451 537 685 635 861 976 996 161 508 206 536 790 487 464 802 186 671 919 731 488 464 245 890 725 512 863 627 857 655 961 595 763 838 692 706 198 223 996 430 715 820 227 596 24 34 883 541 33 294 915 662 502 131 478 427 218 53 488 517 701 802 381 108 719 249 981 86 786 316 824 588 707 787 939 952 159 837 499 51 103 802 777 172 835 547 634 724 318 616 61 922 144 670 302 638 519 828 653 746 639 921 996 606 554 397 483 554 999 619 578 478 449 221 891 570 506 280 707 750 932 64 295 913 168 33 844 802 84 310 47 861 594 253 551 33 885 891 391 580 715 695 389 102 778 874 295 831 687 93 50 212 250 426 112 201 142 294 586 458 515 633 48 836 452 718 109 86 343 179 359 867 996 452 98 317 434 251 670 897 292 682 326 103 256 133 409 478 747 55 368 44 449 6 568 155 679 202 726 945 36 544 851 506 331 426 843 208 39 229 358 59 155 404 436 253 352 143 17 493 918 53 60 808 23 690 353 807 379 30 123 476 195 500 672 70 392 274 31 714 958 526 148 21 821 996 946 406 861 456 74 294 956 581 582 779 9 487 284 541 594 896 47 192 6 794 251 345 786 44 429 193 145 127 835 374 59 679 438 191 996 840 601 9 464 809 96 300 156 749 424 173 493 727 652 89 903 42 288 865 273 364 211 679 301 836 215 235 818 52 616 37 690 144 662 282 404 953 776 262 923 450 895 326 539 13 762 460 
197 951 726 788 351 153 740 344 82 458 470 615 87 649 14 877 915 362 791 887 943 877 234 311 121 315 502 363 181 943 818 167 621 339 0 641 212 181 43 206 117 814 773 913 208 127 512 813 798 781 902 336 347 67 492 350 85 980 244 927 464 861 642 243 258 704 936 941 359 388 189 476 409 303 597 438 297 779 101 541 537 366 453 771 62 862 562 422 597 886 242 136 891 846 10 59 38 231 713 276 798 96 318 810 956 916 897 429 18 386 586 186 581 82 439 73 436 205 439 936 399 903 26 261 443 644 855 925 391 913 949 469 488 288 2 447 255 821 749 568 426 62 87 823 319 651 48 777 563 44 85 177 720 120 474 325 518 899 215 764 652 720 366 126 899 781 362 592 17 95 938 525 325 515 790 806 181 313 679 912 909 303 438 694 577 286 35 74 741 385 841 495 178 672 988 204 440 821 867 279 12 455 348 158 925 394 886 164 455 163 133 377 184 882 886 730 345 323 876 78 75 190 577 769 716 957 938 857 394 97 858 279 526 323 252 29 102 290 324 622 956 683 97 354 462 317 524 13 262 203 10 542 215 218 540 332 659 749 384 755 161 979 947 25 521 823 339 760 97 281 489 30 357 851 161 311 775 222 943 554 170 188 111 923 617 636 420 797 188 951 932 760 280 737 52 377 513 747 698 907 264 400 874 108 679 877 728 171 53 356 565 50 446 939 59 838 883 318 26 829 64 765 574 632 494 708 385 845 191 54 303 934 155 508 230 132 457 134 486 932 619 642 800 743 724 821 622 151 346 526 713 426 813 979 237 244 296 780 451 894 669 175 277 572 758 335 765 721 401 926 448 70 117 209 893 292 203 805 186 488 467 219 789 300 919 801 307 626 682 179 842 796 161 712 754 496 249 504 344 578 120 941 671 187 665 875 323 380 72 575 656 517 700 848 712 982 673 207 927 319 393 978 881 71 683 370 25 511 75 924 915 671 351 506 182 676 42 88 905 883 220 457 565 977 950 441 145 803 589 594 324 655 304 723 92 873 193 499 831 641 5 543 388 452 670 897 788 347 986 22 620 604 120 217 182 142 544 920 973 289 338 362 325 342 211 720 865 159 276 146 498 477 899 217 216 551 295 419 184 820 
621 637 513 213 814 378 753 871 470 858 747 613 248 777 104 256 902 423 138 289 772 723 2 619 140 607 716 220 329 69 819 45 411 818 510 989 573 93 20 607 580 144 711 622 52 182 198 795 671 447 111 634 472 552 13 743 586 624 777 306 510 25 534 473 111 658 427 368 936 9 832 103 870 704 738 892 942 327 886 101 772 731 604 989 941 545 455 336 15 203 429 773 71 953 358 187 609 928 316 88 577 972 829 883 146 418 383 921 361 266 940 844 448 127 141 418 459 830 246 977 599 727 793 484 172 613 416 889 877 832 247 227 703 193 892 687 151 737 287 0 329 457 128 103 817 981 279 272 21 338 524 166 612 858 909 798 673 154 370 728 986 629 547 914 481 210 729 183 232 457 837 463 591 600 500 253 444 853 478 562 727 800 645 180 148 805 864 399 194 413 470 879 903 521 805 427 629 339 864 273 228 454 894 894 342 326 867 235 886 411 805 516 235 510 368 102 846 703 737 847 322 325 128 637 144 700 285 271 46 93 715 393 854 708 524 716 750 845 843 552 699 703 273 929 774 531 571 949 927 955 660 144 362 833 235 547 534 141 204 488 86 597 752 510 395 666 328 848 108 319 407 895 871 762 477 919 19 568 145 593 236 464 116 315 33 564 80 954 879 42 444 2 264 834 128 246 286 451 283 843 522 40 698 728 951 760 472 451 319 206 1 396 47 355 364 804 643 938 982 620 514 222 717 207 867 392 881 243 650 816 361 568 525 545 106 609 106 685 874 646 380 971 501 290 790 366 501 59 269 457 848 350 669 512 257 643 986 173 211 662 787 860 394 19 187 914 234 815 82 524 694 282 778 67 901 431 357 219 954 783 771 41 564 596 774 750 392 771 750 489 932 287 30 598 491 996 49 54 20 156 510 93 691 281 468 21 773 894 743 663 159 592 855 341 180 9 101 407 577 579 891 624 949 94 105 754 33 154 399 873 861 15 593 257 402 362 248 282 654 407 635 63 852 370 158 205 426 474 536 195 447 116 960 732 514 915 120 554 650 678 330 692 268 111 570 867 879 506 493 635 153 876 412 542 911 537 672 948 121 851 487 949 402 979 513 249 356 169 929 379 548 866 203 937 111 352 613 219 533 563 
847 243 908 68 281 1000 552 485 235 425 399 301 261 209 516 487 415 330 649 159 836 793 461 28 244 564 678 280 68 987 963 122 450 902 562 159 360 893 82 234 543 332 710 85 859 301 808 124 677 986 889 265 572 817 940 138 237 701 146 854 838 663 325 344 923 711 842 524 959 89 657 309 801 345 132 584 409 322 882 212 550 241 759 63 992 591 581 115 537 142 185 705 409 647 71 768 945 828 225 876 356 319 648 370 125 601 568 278 970 713 558 309 419 717 400 311 163 435 258 822 568 344 359 770 770 902 667 183 373 612 975 813 390 301 288 249 117 468 825 294 260 594 267 247 148 137 642 643 139 129 773 125 949 814 246 732 906 903 238 20 838 100 403 522 976 55 175 589 173 321 736 252 726 881 424 792 798 407 293 578 496 887 455 330 88 287 989 982 858 213 961 538 613 253 700 212 507 753 263 431 56 949 590 40 669 187 186 221 849 721 16 27 611 107 276 249 140 321 582 805 23 753 839 70 207 271 923 10 754 404 590 686 596 902 144 523 811 510 561 984 313 135 472 9 322 27 712 688 562 603 219 928 709 527 115 484 22 256 416 904 351 315 259 308 319 393 10 972 60 800 599 208 179 909 926 336 938 148 939 993 356 486 485 495 168 376 994 700 647 681 177 913 875 812 585 254 226 930 258 725 411 492 252 430 583 768 202 149 655 765 212 308 962 364 924 47 481 157 627 232 133 691 445 409 720 363 809 342 713 21 295 347 203 666 902 220 670 405 180 152 250 83 908 886 714 532 677 464 944 938 320 843 985 83 116 223 629 375 376 192 287 106 680 474 249 349 769 54 989 909 86 661 475 275 254 405 127 675 148 992 518 750 173 953 632 403 760 998 141 199 44 484 783 48 263 695 491 745 770 403 728 608 207 783 457 747 94 488 306 174 407 32 305 786 400 165 981 879 423 217 404 762 752 611 730 901 800 8 658 318 91 426 912 680 434 55 175 589 35 555 95 154 946 62 732 266 759 962 327 79 302 770 166 40 676 670 122 660 495 908 956 263 572 50 779 54 834 572 542 823 199 228 290 930 478 664 354 353 797 679 955 441 714 427 777 341 424 407 363 988 147 768 341 98 68 813 184 962 256 16 
163 786 374 707 325 138 261 316 436 333 201 219 797 22 534 81 347 781 934 62 812 606 461 795 42 677 615 421 858 147 681 623 350 481 246 490 811 651 591 673 989 25 4 502 129 29 531 632 718 947 368 614 895 930 27 660 896 117 580 451 324 714 870 241 589 254 86 803 683 70 756 824 660 379 756 185 54 5 859 456 225 729 909 208 584 418 307 520 243 63 731 721 843 633 544 803 451 245 956 151 246 285 538 616 423 714 613 54 931 500 263 953 153 867 657 971 792 692 616 564 968 432 335 273 849 295 543 282 644 844 931 478 456 353 814 616 466 723 348 498 174 825 210 859 509 356 823 411 365 473 528 463 441 716 608 766 778 411 765 506 41 363 392 425 480 217 760 305 145 77 977 642 179 620 41 800 981 507 363 860 65 750 285 451 292 752 573 131 7 392 478 203 522 363 692 702 232 232 976 220 399 859 884 386 441 797 63 677 91 547 247 709 284 522 426 462 801 695 774 93 267 315 824 70 478 920 839 641 763 411 883 660 769 189 241 621 486 360 47 992 461 478 123 113 457 674 850 240 430 330 748 898 875 891 148 403 898 969 525 401 705 625 740 208 862 563 592 969 361 843 966 586 644 566 434 199 485 969 49 975 650 963 787 967 326 545 823 485 163 768 124 959 559 275 607 315 365 818 209 317 903 75 921 701 165 164 553 486 812 924 813 124 186 959 215 639 344 184 740 376 151 112 514 530 847 172 142 3 701 510 337 462 775 442 764 219 693 637 675 498 861 159 870 252 931 277 128 855 297 354 446 802 287 120 381 178 118 23 721 824 926 194 279 423 830 485 251 497 545 123 869 274 835 507 689 247 509 721 349 645 558 969 709 134 256 941 785 323 163 750 273 267 874 189 388 272 664 955 895 656 872 152 693 499 338 225 467 774 634 977 946 378 144 816 391 574 325 267 128 405 185 338 893 914 202 622 218 371 789 90 666 217 739 666 165 558 301 0 438 402 731 963 345 18 615 663 500 504 260 812 315 422 526 71 161 526 769 714 76 863 865 648 619 289 664 831 358 392 994 539 468 715 96 155 590 788 780 88 904 674 983 118 311 129 717 402 527 995 140 906 187 135 428 551 669 76 448 854 382 371 
452 10 537 485 226 431 554 432 963 112 116 312 747 142 51 459 712 992 383 905 261 448 654 754 821 187 619 55 836 0 450 356 317 423 303 370 462 255 168 904 252 347 600 249 784 593 958 337 457 72 92 972 111 554 707 25 311 95 260 215 511 394 372 58 392 441 10 428 666 741 914 723 964 126 335 861 311 42 111 396 354 680 958 178 210 735 711 90 535 797 892 333 442 941 295 326 828 802 540 417 147 564 417 799 830 986 780 891 292 122 498 752 203 611 470 524 189 16 256 191 553 398 561 175 918 442 81 140 717 105 750 424 623 46 728 492 80 449 398 481 409 727 620 640 67 390 859 630 953 563 987 126 520 237 12 76 300 694 709 909 569 764 10 918 352 229 694 473 871 884 277 150 74 488 528 272 732 296 690 389 182 663 525 580 8 931 786 347 804 209 662 418 442 474 426 558 697 232 932 490 653 215 614 356 703 654 466 924 248 511 603 675 730 387 882 471 657 202 235 576 710 633 991 113 451 268 804 710 750 160 959 55 528 512 916 509 862 667 64 673 487 552 537 131 511 237 602 8 947 451 547 273 146 919 565 351 328 715 588 63 397 758 492 995 927 784 1000 198 284 697 114 728 278 73 526 57 395 154 438 463 730 107 79 160 878 904 838 148 436 860 744 359 824 795 874 244 496 272 207 733 503 210 844 902 884 629 921 226 798 330 908 857 106 45 488 329 207 870 693 931 284 611 633 633 643 566 817 599 725 687 871 113 188 239 345 478 515 320 851 118 171 543 561 320 306 309 586 842 993 318 163 353 815 67 870 354 650 334 214 861 516 405 939 986 608 67 509 3 316 43 556 952 788 374 537 359 894 1 288 941 915 438 753 380 953 344 866 337 209 792 912 159 480 808 834 134 326 475 78 287 174 81 905 627 476 778 991 446 137 660 363 46 545 954 671 529 647 913 649 314 177 158 268 406 731 804 439 639 572 745 87 61 78 447 67 729 353 911 546 983 897 532 658 236 747 692 123 426 503 106 28 986 10 203 448 922 79 437 613 638 539 878 239 410 515 258 282 626 888 32 960 355 667 945 900 637 82 245 163 932 984 325 177 736 960 592 131 442 287 127 878 43 170 970 633 846 427 81 47 832 
180 303 7 777 735 356 869 208 692 142 766 972 200 764 45 225 147 778 511 835 399 808 873 584 800 99 574 586 191 736 665 565 694 331 292 380 979 457 284 729 774 894 756 150 758 352 150 764 494 946 566 826 195 370 824 13 632 634 688 678 955 149 18 477 375 83 918 572 475 14 443 302 365 307 73 631 302 535 944 283 508 271 57 942 23 974 897 618 719 616 785 638 831 83 24 828 264 204 238 272 946 997 361 48 658 526 311 44 70 828 962 589 437 189 397 345 2 736 312 46 717 736 284 141 577 825 178 860 89 315 633 518 486 10 494 548 349 423 672 914 305 31 749 963 242 625 524 923 670 350 335 367 880 941 270 776 533 617 21 152 479 118 224 739 543 670 221 553 124 145 370 349 34 539 98 658 116 85 560 651 644 169 888 361 80 447 293 989 416 432 985 181 367 812 740 738 39 212 664 103 115 936 619 524 535 865 2 673 769 640 271 135 224 252 125 40 586 456 246 962 214 213 560 924 146 179 902 772 578 915 944 424 130 312 129 117 580 208 623 807 310 244 737 308 321 472 152 247 950 700 564 238 506 606 404 580 129 998 917 502 863 697 759 67 25 573 424 149 527 889 864 195 275 912 432 893 317 342 584 120 423 141 602 875 90 823 247 364 746 713 963 688 623 70 396 620 371 29 623 758 651 251 719 714 804 329 859 666 890 354 102 228 759 948 86 318 354 698 450 411 977 415 686 535 808 705 247 515 701 720 949 887 379 565 515 748 852 304 976 235 621 710 229 98 574 514 605 792 985 394 282 673 947 766 495 759 844 143 330 213 487 397 885 573 299 112 314 635 798 799 81 863 204 746 300 444 714 917 507 358 505 536 439 411 913 242 347 415 34 900 166 601 702 946 40 273 332 895 83 636 221 118 815 603 54 702 93 255 180 277 520 281 807 281 614 674 38 662 362 130 46 214 85 695 48 741 324 177 275 161 340 190 312 604 439 70 397 478 697 671 335 215 2 732 744 811 35 435 989 292 513 924 374 496 945 576 94 396 24 933 106 846 900 41 171 419 982 683 270 625 403 31 95 855 235 542 410 34 429 366 313 208 121 786 76 976 311 163 528 135 246 66 957 949 64 498 889 514 815 546 
353 60 594 210 525 725 568 782 296 34 278 525 915 358 571 180 683 296 966 311 152 713 449 565 673 562 953 776 859 423 874 721 482 531 306 946 412 866 802 353 691 166 138 69 667 395 210 129 907 876 835 118 731 114 55 538 878 717 797 277 165 781 43 224 317 524 306 682 666 965 641 667 885 285 789 464 410 624 10 535 719 139 479 606 655 489 276 455 412 468 628 603 205 342 416 31 341 798 2 354 21 426 364 107 957 207 156 368 238 118 351 62 163 718 954 586 472 124 58 880 249 726 813 182 102 498 557 543 306 973 641 846 249 666 528 21 200 990 749 127 277 912 571 456 440 373 409 991 275 174 178 770 780 884 676 185 513 77 894 626 585 791 38 662 853 220 798 215 83 618 8 629 439 180 461 31 213 525 522 81 176 409 794 57 442 429 472 443 730 199 629 99 174 841 640 479 153 619 861 180 467 88 356 466 691 986 593 906 60 153 619 928 240 777 774 99 451 787 919 780 159 724 687 935 238 227 930 706 227 563 483 645 173 857 893 144 134 693 194 732 357 488 610 774 269 105 35 66 745 310 620 952 94 495 876 425 442 175 341 868 737 218 491 261 578 364 323 219 475 841 175 750 588 573 622 321 887 817 701 751 505 694 443 312 728 673 858 865 12 342 83 528 296 696 260 858 847 421 164 325 771 64 184 799 203 451 19 703 304 523 228 812 372 476 414 587 552 931 9 706 378 982 850 220 1000 339 540 247 902 905 355 484 39 223 330 475 42 965 966 388 687 624 469 26 544 273 474 693 197 374 262 293 96 19 707 966 205 969 630 183 804 916 464 875 325 839 7 782 865 654 753 23 943 438 726 317 984 571 757 705 174 159 679 718 974 565 177 276 885 212 825 707 525 563 168 331 793 194 604 205 689 473 390 544 667 449 713 31 9 553 864 339 228 142 787 687 980 383 13 750 193 710 919 571 658 170 100 679 513 501 196 66 347 869 159 836 918 777 689 233 466 340 249 594 649 346 104 13 176 520 115 621 875 575 258 115 182 856 872 175 114 271 771 397 556 430 541 940 170 102 890 338 305 2 561 659 686 89 564 182 238 456 919 376 155 85 210 610 843 298 509 545 517 886 13 873 742 166 420 683 
577 302 320 120 152 274 588 801 496 480 733 562 242 291 919 570 699 981 935 306 11 338 486 786 791 966 970 960 446 184 52 937 356 878 534 373 191 845 980 582 131 213 777 708 296 196 244 682 691 39 649 728 70 82 750 580 419 975 804 51 741 847 627 53 247 714 751 337 518 405 50 760 417 703 807 794 447 62 716 177 798 899 939 477 357 718 578 104 608 542 186 9 696 350 886 879 721 506 704 717 461 842 845 530 605 215 497 543 962 948 295 131 183 630 313 574 479 191 625 701 472 189 56 691 234 673 698 211 238 620 516 808 134 439 384 244 804 781 726 782 263 552 176 202 17 59 714 678 971 499 287 12 288 230 70 426 369 287 539 279 304 841 353 252 806 969 732 566 422 818 93 767 40 154 445 533 138 459 982 41 322 599 580 120 234 76 818 333 159 627 484 200 179 914 34 965 504 683 455 846 443 556 565 875 411 803 97 663 661 96 520 845 496 512 121 989 267 617 464 480 731 29 902 872 661 949 116 865 907 693 343 445 967 609 492 127 481 659 939 81 920 276 589 933 348 70 970 73 851 497 142 753 324 402 280 544 79 527 286 881 644 407 697 558 237 709 719 606 908 395 337 946 131 777 84 33 485 917 500 853 714 679 134 640 91 702 998 49 257 149 764 933 218 790 465 674 366 838 949 762 564 963 432 349 795 690 243 835 771 451 262 576 863 626 674 85 864 985 110 352 427 144 240 575 719 594 426 379 89 541 862 345 196 215 474 550 244 484 275 63 930 375 511 436 700 857 577 412 451 730 76 67 763 452 535 771 40 775 152 898 908 987 264 854 468 248 863 850 946 627 37 474 892 852 26 898 43 689 864 264 206 698 11 466 664 352 722 869 864 405 802 997 666 804 280 476 185 788 459 210 707 375 245 879 424 724 10 323 199 355 38 803 373 306 279 742 759 530 150 432 409 594 700 929 671 383 232 937 766 125 368 440 180 109 712 836 700 781 358 520 854 285 899 122 941 454 83 542 892 879 941 32 786 336 130 591 829 649 921 490 733 78 799 465 876 74 972 739 176 974 585 577 670 773 276 335 647 253 917 877 119 923 307 502 289 280 768 50 663 724 103 695 787 140 423 828 237 824 425 279 
118 291 281 666 312 669 159 793 596 363 284 61 846 700 748 420 222 75 880 267 20 486 351 620 309 653 879 536 489 440 387 791 631 893 283 582 913 787 799 233 624 790 421 828 565 239 727 643 597 670 345 508 760 138 611 87 434 250 671 477 523 547 818 294 750 711 419 155 502 446 698 708 418 672 290 920 468 540 232 717 92 930 392 210 461 293 376 963 920 431 166 664 746 282 637 436 826 408 384 377 792 894 512 909 605 926 184 58 214 255 238 366 772 174 192 588 689 906 910 291 812 777 660 573 648 560 844 572 179 941 136 495 815 691 802 400 461 701 87 114 419 381 867 755 413 232 530 844 590 366 171 314 6 647 853 598 119 242 189 95 730 240 798 829 174 9 509 955 309 226 703 757 314 56 664 508 885 707 657 402 628 926 183 378 644 106 380 911 575 446 957 282 942 222 571 980 441 730 479 917 45 861 629 985 850 128 44 285 408 2 976 645 712 80 558 105 751 279 709 364 153 806 523 152 288 640 362 917 354 70 904 202 982 712 104 389 990 710 68 39 265 501 9 415 878 131 774 592 413 599 283 75 402 401 631 569 678 175 289 858 477 832 66 999 472 634 659 800 33 717 76 944 600 367 361 378 989 942 401 851 316 189 469 389 736 910 732 616 730 541 975 23 304 586 628 43 555 732 578 443 515 792 240 334 313 953 754 625 370 139 362 932 717 441 117 267 761 469 558 632 832 512 297 835 197 974 119 119 626 133 205 203 406 785 126 543 942 104 719 946 400 396 158 264 201 43 313 356 582 794 756 660 986 499 951 583 112 532 385 668 969 328 822 412 852 180 138 49 515 619 987 440 728 305 71 326 359 641 32 749 98 559 316 866 764 669 560 43 927 532 227 962 716 111 379 590 483 864 353 743 831 783 14 876 461 408 520 400 21 722 842 692 136 361 999 671 373 623 331 41 778 655 870 74 846 154 215 213 910 758 443 234 232 982 160 335 2 249 939 729 643 66 632 51 825 962 778 106 479 347 727 377 243 869 819 309 253 187 59 180 297 737 511 797 898 725 145 375 6 327 167 115 574 613 434 908 795 808 209 67 49 843 343 260 894 648 63 945 573 81 174 697 486 169 350 280 628 749 250 347 
88 913 880 559 300 258 136 538 908 909 224 607 409 63 834 952 208 48 454 477 290 328 558 405 499 316 734 107 645 661 873 230 303 728 953 508 72 734 678 915 152 264 908 810 526 395 502 651 40 363 751 525 64 227 6 880 549 27 294 723 600 97 314 333 579 572 526 387 656 721 71 114 794 154 357 774 362 380 17 992 548 798 345 127 321 690 331 879 791 102 582 576 439 223 21 922 231 605 891 640 78 347 534 497 578 431 617 694 653 251 935 837 503 239 878 286 594 147 714 905 825 524 134 969 341 543 567 321 416 396 963 249 914 462 368 422 619 646 744 579 400 415 32 937 102 552 676 914 723 734 629 343 482 9 188 92 260 865 837 306 564 770 5 386 572 698 726 728 849 770 707 126 662 241 46 524 708 191 436 911 885 577 920 344 231 580 350 528 85 95 705 449 275 621 791 42 741 656 636 175 506 484 183 120 931 795 419 353 788 999 117 273 982 464 732 728 878 839 116 49 57 76 150 614 991 922 846 930 86 666 755 209 682 115 333 480 398 192 17 130 880 818 975 384 219 650 467 544 480 617 626 413 979 844 544 334 597 633 565 514 996 115 486 792 570 637 98 55 199 298 971 208 205 151 608 986 653 300 80 891 817 369 126 53 419 536 677 396 320 149 463 344 230 793 379 385 713 626 590 395 71 353 237 962 499 527 634 461 156 807 612 863 711 765 938 812 633 800 685 862 844 551 356 280 389 310 334 177 635 0 961 4 86 462 257 324 568 698 963 345 708 601 772 773 750 790 737 504 133 762 559 604 486 296 665 236 351 736 355 991 740 918 652 323 355 188 143 88 920 132 206 397 732 290 236 315 906 852 46 353 538 913 702 613 832 11 923 642 941 712 478 845 916 670 479 897 195 168 779 954 593 641 964 108 337 651 530 438 222 621 364 968 975 964 8 831 544 716 276 2 551 765 911 722 316 758 463 208 417 807 116 231 39 525 223 661 718 403 901 940 316 322 807 565 895 835 104 217 442 813 236 108 251 55 470 429 887 901 849 347 791 442 795 520 331 347 906 763 989 472 289 389 68 122 38 672 951 609 721 332 266 646 200 358 199 5 104 74 559 449 392 323 760 32 734 255 463 20 210 593 
694 919 947 389 683 599 156 509 485 185 550 814 419 706 520 643 61 654 417 972 456 522 274 464 917 544 44 949 609 100 222 974 13 144 514 711 771 314 415 799 29 351 912 427 248 144 689 151 303 263 891 455 693 504 499 643 417 692 996 362 728 64 540 353 258 204 255 993 839 436 647 850 319 545 620 879 990 227 602 861 698 196 54 536 180 169 689 956 824 778 524 217 131 657 755 289 763 344 206 450 856 445 150 897 663 686 624 562 249 942 206 426 672 604 891 841 487 526 166 505 641 391 202 118 410 52 782 623 553 15 543 465 244 373 655 609 653 172 778 826 621 405 993 63 971 400 700 942 299 750 480 409 853 189 223 603 193 440 658 215 789 739 258 184 199 399 733 948 621 671 922 960 878 840 928 99 390 323 277 846 627 713 260 500 430 657 964 668 907 565 294 853 324 714 432 528 955 681 350 474 930 339 516 918 348 49 979 61 974 534 836 709 417 960 521 298 654 222 162 789 950 219 568 337 402 535 662 469 88 386 812 155 462 918 256 245 79 565 485 560 969 486 323 375 818 947 319 126 194 248 808 945 929 535 845 975 263 309 972 303 124 617 552 658 997 924 821 841 112 994 707 496 496 178 20 874 608 221 18 660 639 380 47 104 551 344 781 427 346 574 212 807 52 96 804 490 823 591 501 445 924 459 148 449 504 180 565 831 835 50 212 217 135 973 604 14 803 910 244 550 386 380 227 560 932 178 127 348 377 805 220 811 778 276 145 477 584 988 778 111 846 920 929 416 904 983 275 387 777 930 181 490 142 751 897 169 836 817 946 303 996 283 345 890 102 418 720 990 359 80 799 613 39 418 155 138 114 394 433 757 955 957 757 792 509 671 667 273 210 489 227 747 424 780 867 401 831 689 931 614 985 359 772 196 788 184 367 119 880 227 669 874 167 210 204 635 40 971 183 673 811 997 584 959 14 147 446 392 530 373 986 392 957 296 237 777 584 767 491 148 740 203 91 20 944 719 126 838 486 510 63 97 436 53 770 898 946 290 214 903 433 695 730 571 935 431 784 168 708 46 95 357 492 542 764 289 938 660 400 82 503 200 363 741 934 644 204 219 291 417 109 988 387 970 134 468 506 659 997 302 
920 812 254 877 945 370 638 818 350 779 537 228 296 741 87 193 978 615 946 949 840 212 295 887 54 721 590 797 266 875 959 632 170 228 260 396 330 181 15 778 303 83 359 731 920 209 76 432 847 318 309 101 880 375 154 852 102 839 450 184 803 166 17 870 115 919 914 507 427 787 376 468 589 253 223 27 154 756 496 938 101 223 940 525 815 486 23 929 728 952 42 620 173 116 423 284 383 548 966 327 128 95 130 815 35 774 368 90 550 524 450 417 274 48 100 730 911 595 515 838 371 728 977 378 199 615 51 95 453 105 721 128 136 294 46 300 925 312 32 752 985 593 366 461 171 414 969 146 196 709 756 833 164 538 948 272 279 392 344 391 1000 647 404 841 634 104 11 512 698 43 723 817 911 431 408 592 45 557 35 892 607 810 468 68 894 573 51 472 561 57 249 753 233 957 250 724 889 286 865 67 11 594 5 142 187 534 339 540 610 849 428 697 638 29 645 137 355 98 640 34 778 331 814 163 696 635 481 580 52 903 491 316 520 530 102 545 357 512 750 914 163 335 7 386 829 946 399 358 215 132 885 186 360 785 919 77 575 160 933 775 642 868 199 99 399 142 108 212 96 559 819 541 612 664 256 842 681 806 316 447 581 802 374 524 180 907 200 889 101 120 576 289 914 225 0 913 279 999 54 333 685 812 687 473 902 809 755 851 176 699 687 990 80 911 219 938 454 201 786 180 598 760 302 668 165 419 415 55 96 487 569 651 900 302 790 186 542 829 704 440 393 450 767 252 196 821 699 938 502 124 62 609 552 577 215 65 835 412 681 715 433 362 362 550 750 263 257 30 70 846 669 429 827 460 493 47 238 409 451 425 385 971 595 521 833 847 963 357 298 293 933 692 228 490 455 168 661 128 56 755 92 633 319 548 915 961 483 163 743 391 779 103 535 341 387 107 931 411 92 157 433 824 359 261 861 453 71 502 989 553 744 797 315 308 561 972 537 363 527 572 810 64 605 753 333 924 642 97 198 281 394 713 306 481 167 952 570 785 810 562 402 560 849 424 460 73 639 431 466 127 547 72 621 381 108 27 761 810 63 484 487 238 932 607 954 124 853 14 539 774 193 999 999 521 16 502 246 629 864 569 
610 567 86 548 754 488 307 40 289 957 132 352 288 437 169 24 848 251 907 226 789 74 146 515 118 91 560 95 209 961 297 301 789 922 113 699 602 196 147 901 911 762 978 277 384 369 827 230 112 262 518 205 12 543 767 770 852 609 187 562 860 495 579 609 173 408 935 923 344 339 56 267 260 887 553 834 824 957 662 152 909 207 780 604 46 803 866 667 39 723 721 624 336 389 372 945 209 4 826 85 805 929 554 693 762 446 947 206 575 385 320 410 349 501 486 259 917 455 339 392 947 691 648 108 262 939 71 41 381 476 148 760 413 325 35 93 85 320 403 810 731 698 39 418 682 497 475 970 583 862 235 887 933 26 766 63 999 40 349 565 252 547 395 769 454 12 667 562 484 17 409 505 805 528 786 176 639 522 386 453 662 649 835 905 740 779 19 447 369 157 111 642 212 948 975 17 61 455 93 284 200 992 4 676 981 74 530 380 588 852 887 903 822 953 570 645 381 404 671 704 44 547 216 107 214 399 875 400 566 529 492 132 815 377 78 479 423 629 102 469 518 33 796 276 81 993 638 636 74 855 53 548 465 391 390 230 497 559 697 956 807 852 236 916 229 966 837 962 202 312 793 957 142 941 843 885 207 386 420 824 541 36 828 454 692 464 841 890 889 839 884 745 685 594 32 104 544 691 602 301 930 44 747 314 565 816 591 340 821 80 423 101 320 19 888 852 209 240 33 207 433 898 549 257 760 300 561 918 929 123 333 512 561 873 804 887 478 209 275 479 733 953 938 810 331 33 353 523 671 134 903 999 615 720 898 482 170 544 672 341 604 85 827 121 505 293 563 886 170 936 55 441 910 495 599 546 54 96 133 168 477 402 893 988 732 701 368 901 97 169 186 49 66 140 521 278 235 162 703 182 95 190 182 403 443 618 908 145 334 604 623 462 156 104 678 469 232 898 354 404 533 24 272 614 369 257 165 980 349 726 521 622 719 501 22 560 508 181 467 72 888 858 37 543 607 953 319 838 621 606 815 631 957 102 56 789 969 620 501 608 226 413 25 969 432 486 873 68 571 840 381 347 417 824 804 985 825 195 922 959 275 989 726 131 902 106 589 955 342 387 681 97 229 488 957 137 120 35 709 826 
503 322 862 181 190 568 601 61 572 573 719 347 43 522 362 247 939 108 233 800 505 156 404 830 685 175 142 384 258 855 264 623 367 259 0 247 998 270 88 550 269 559 47 492 987 172 445 817 979 868 700 550 108 939 743 229 455 486 365 194 196 456 89 471 142 461 94 808 517 94 557 991 59 747 349 567 720 78 970 186 637 409 201 937 61 272 417 400 23 304 597 75 80 572 867 235 781 199 626 919 379 501 790 432 240 735 416 951 639 916 987 151 915 542 774 15 338 103 492 122 239 361 117 590 716 186 941 222 401 551 228 537 221 240 292 201 846 60 640 695 882 215 739 757 545 834 272 267 210 975 21 251 371 240 602 77 314 611 422 677 482 160 932 189 345 680 955 847 271 411 793 301 985 627 27 661 539 653 482 602 515 148 972 498 496 23 563 481 677 332 528 546 610 384 373 0 475 260 528 371 733 145 420 819 886 244 676 481 560 543 48 761 474 475 865 196 589 558 26 502 921 147 377 456 449 125 364 767 229 629 500 335 438 221 934 126 129 302 267 187 100 767 413 955 112 975 328 752 329 890 262 127 410 659 367 970 349 300 330 830 527 594 913 183 980 994 679 732 293 558 163 652 798 603 94 779 951 650 967 913 887 976 808 215 726 757 488 517 438 403 771 0 454 120 871 886 635 783 989 610 33 359 607 447 308 793 510 390 445 240 668 496 165 932 916 806 915 527 262 854 33 740 173 103 969 828 956 278 860 464 551 659 714 289 639 121 909 913 301 214 565 266 887 303 306 870 610 273 537 937 569 684 682 405 91 543 46 239 68 46 298 847 545 288 86 227 778 263 361 241 394 458 32 400 994 56 156 421 982 532 333 785 782 309 192 710 844 787 914 919 291 901 270 442 658 168 908 292 330 273 353 232 949 117 738 909 794 844 129 33 326 375 91 856 699 656 602 638 127 213 254 602 431 515 512 342 467 633 948 953 170 936 155 808 338 3 468 731 812 926 766 666 27 36 295 241 716 457 157 633 835 1 367 484 364 2 639 898 762 755 860 145 187 720 157 501 750 806 58 662 398 726 831 860 797 247 169 827 1 943 789 386 944 44 441 393 279 759 836 603 788 351 942 973 929 297 845 881 235 165 
516 740 51 682 568 765 190 804 787 556 621 319 775 79 679 806 803 620 941 184 120 710 220 860 187 320 712 891 244 351 102 260 764 891 775 973 117 795 0 666 821 766 169 270 507 722 63 93 315 79 541 75 295 796 610 154 706 65 503 969 247 306 471 384 766 686 325 279 939 621 540 201 961 566 552 53 61 320 248 813 36 584 953 486 728 498 984 426 758 362 496 408 358 143 592 880 262 690 460 345 422 159 311 530 680 359 869 356 2 243 358 915 262 553 608 227 832 79 253 192 515 721 187 968 881 531 796 68 72 448 311 185 873 619 960 205 49 706 70 991 250 759 32 182 896 715 586 916 193 276 639 95 180 643 704 9 797 180 720 257 158 529 332 917 836 118 680 601 451 368 895 712 370 844 125 155 926 735 348 714 179 334 654 356 840 941 338 647 126 548 49 670 339 880 951 488 480 212 639 46 906 886 217 757 70 394 797 459 644 859 379 326 627 51 928 278 11 690 389 257 386 926 722 711 483 873 908 582 137 535 181 263 925 746 663 52 629 678 438 445 239 878 913 679 197 415 919 516 24 748 812 389 599 204 887 27 708 588 289 204 240 287 207 468 768 100 469 914 882 614 580 674 718 663 267 485 970 471 187 379 797 903 881 289 215 122 720 749 599 488 525 114 400 254 202 242 445 913 16 484 575 499 878 570 771 455 33 713 110 535 270 268 813 962 210 286 288 744 491 590 31 883 362 592 700 247 781 648 668 905 112 492 327 102 813 437 102 386 581 479 78 271 393 77 404 763 705 219 454 508 455 427 192 208 150 738 354 608 46 449 105 44 235 197 875 21 7 8 587 217 108 68 795 666 616 690 373 873 806 404 282 524 641 303 382 826 760 994 295 916 756 837 117 540 804 557 151 201 965 786 726 94 447 744 115 397 453 99 98 431 45 8 47 278 962 745 325 953 635 785 84 538 240 314 872 902 906 63 183 883 961 265 659 737 247 620 728 58 740 686 641 91 621 4 721 969 462 933 584 455 913 801 194 496 827 248 274 970 579 991 18 829 969 621 40 999 412 516 975 568 35 460 741 830 849 975 524 141 143 796 857 525 69 504 857 377 471 642 352 549 112 90 211 907 759 228 594 681 804 828 
643 1000 933 913 337 188 490 138 530 56 239 640 377 814 551 446 884 961 159 210 759 121 8 464 72 173 832 814 565 678 696 777 93 34 353 1000 280 163 436 858 383 918 616 795 483 146 56 605 399 766 168 617 621 322 866 227 807 517 912 144 315 117 82 232 607 660 397 229 803 276 992 752 525 811 868 405 554 351 928 305 333 173 258 648 239 582 464 539 710 190 445 1 311 714 307 268 232 623 399 394 835 155 202 444 40 677 150 957 488 992 382 358 22 877 76 151 202 533 281 179 293 450 554 354 614 755 328 959 290 652 351 135 63 77 239 585 141 642 832 112 534 473 725 752 565 535 536 762 714 482 841 133 149 844 188 310 866 3 692 645 446 951 800 306 873 927 410 905 731 548 327 505 116 22 31 498 879 561 392 917 340 57 246 448 960 874 311 445 987 733 68 944 366 743 97 120 519 937 739 398 379 692 112 826 952 809 581 630 755 34 50 84 232 263 983 144 883 287 831 619 200 447 724 494 479 483 389 905 894 673 991 871 855 179 827 419 224 332 680 900 66 650 312 629 411 879 402 800 788 227 534 310 123 50 673 623 117 520 926 335 693 424 669 22 23 292 174 993 160 582 32 722 824 451 444 825 188 756 654 661 531 778 587 711 717 819 165 310 979 393 262 252 951 274 552 545 237 656 18 785 68 292 386 28 807 932 426 176 593 37 629 891 648 557 796 319 671 575 853 512 34 638 514 564 172 457 359 841 737 776 108 240 487 66 601 636 914 293 140 699 953 356 740 873 218 568 620 386 354 762 322 555 811 227 504 930 405 779 974 672 873 328 18 860 541 227 804 458 709 963 538 361 990 381 312 900 370 492 275 730 742 675 1 947 351 54 334 17 352 688 18 552 162 309 918 429 759 91 516 386 461 837 186 556 16 795 236 24 710 118 813 119 761 473 216 308 77 294 654 152 166 551 393 393 551 980 705 44 244 738 241 569 921 58 183 624 754 607 326 497 5 658 518 378 642 800 471 532 299 155 808 988 498 479 269 281 994 924 290 99 277 831 234 123 832 5 18 767 6 366 383 997 718 990 194 27 552 651 793 672 526 18 554 387 950 748 295 577 832 374 694 101 446 481 394 67 272 907 527 490 
994 326 554 570 224 546 188 324 589 463 887 906 424 818 603 395 162 135 261 216 260 107 999 474 970 638 943 50 110 671 197 523 6 14 980 535 874 577 283 248 847 317 710 490 777 614 510 665 912 366 259 208 54 272 925 803 828 467 185 679 20 399 149 685 131 974 536 320 4 209 173 648 934 273 859 410 881 393 762 383 373 941 948 441 880 775 199 504 933 772 812 471 618 99 264 966 689 82 864 422 916 278 731 759 664 766 893 510 90 736 45 699 52 919 45 829 654 232 892 978 68 606 929 446 677 353 492 867 173 798 732 50 386 2 434 232 360 931 77 899 985 918 139 400 985 337 238 112 628 22 837 523 314 833 515 869 364 866 10 938 895 561 914 794 156 661 113 302 511 418 649 716 609 329 234 164 833 814 985 628 179 398 494 824 422 541 633 857 611 101 62 317 310 994 385 887 216 572 895 751 362 81 802 499 719 239 901 726 284 883 14 419 817 788 220 540 730 471 863 880 138 466 598 244 166 948 344 579 458 615 387 759 765 419 606 331 167 72 269 471 497 527 616 387 120 134 683 466 369 772 478 266 39 576 102 540 126 959 734 70 34 256 679 504 171 404 40 500 709 215 856 358 370 945 806 871 673 767 220 20 871 988 9 397 96 686 734 713 414 422 154 884 472 816 98 930 911 847 509 925 673 26 190 790 731 439 828 186 409 472 521 502 228 175 74 808 317 747 57 110 273 728 677 371 120 502 351 60 234 360 457 300 698 948 666 915 93 966 5 16 902 639 489 931 328 229 421 91 220 610 903 683 539 598 982 287 862 548 508 669 620 537 100 226 431 830 919 263 164 331 337 684 45 923 3 251 391 5 914 556 263 780 80 375 156 637 495 670 195 496 738 760 548 841 504 598 757 941 624 729 73 984 15 611 509 263 912 484 706 866 939 816 683 753 960 248 904 428 573 809 504 806 227 417 938 402 412 569 948 874 653 651 519 743 658 921 334 869 735 873 628 949 327 756 813 609 729 106 175 708 965 876 46 251 309 402 918 436 701 69 377 771 802 743 797 290 831 958 787 678 334 249 784 514 4 611 477 839 853 430 30 175 830 797 461 915 997 209 92 505 761 13 27 999 930 374 647 629 312 662 
750 614 658 798 774 84 79 446 675 362 495 488 134 146 940 972 376 937 610 76 110 727 781 449 461 309 33 299 464 794 142 267 822 986 571 30 501 791 485 250 42 932 809 82 335 196 714 102 169 298 877 966 352 525 579 759 300 277 10 586 708 144 851 587 740 990 121 621 459 380 468 941 41 957 291 958 255 198 950 386 124 504 545 45 674 789 984 398 202 462 998 532 333 911 170 787 718 860 1 702 294 915 629 876 623 766 939 164 339 489 698 262 935 563 311 160 390 544 617 610 728 188 20 840 474 312 467 583 886 663 599 273 455 403 365 403 368 467 923 533 377 528 988 286 246 233 70 565 716 79 140 692 309 968 919 768 826 214 788 476 442 842 153 316 706 359 385 748 815 820 645 528 620 808 563 592 231 70 732 312 957 589 214 550 765 145 647 994 373 578 197 151 707 89 311 919 698 782 107 44 259 239 534 933 597 210 449 876 672 279 45 906 646 881 284 351 12 260 123 98 789 400 898 520 725 650 484 933 34 961 184 308 527 915 467 444 437 37 215 661 94 122 482 991 317 354 364 390 199 156 357 996 303 860 696 94 667 104 192 287 921 215 502 694 92 840 43 773 29 593 948 210 861 871 708 723 354 656 490 506 884 625 783 933 356 353 594 352 571 955 146 902 738 617 272 558 162 82 696 754 402 743 141 266 787 801 342 688 495 125 2 3 834 672 345 299 321 577 968 78 793 339 412 637 32 452 406 255 298 820 719 377 486 408 435 177 431 631 274 350 449 248 464 945 324 610 234 302 905 106 512 866 452 1000 641 21 510 789 889 649 422 730 945 492 375 171 360 296 260 632 494 229 813 172 387 9 298 460 482 495 621 355 733 966 750 192 234 833 362 329 512 914 391 411 850 909 152 937 221 948 928 372 623 84 479 928 717 208 95 46 60 126 50 467 652 661 126 107 302 288 799 814 868 264 217 606 988 510 998 702 563 889 731 849 402 186 743 327 909 172 482 411 531 972 607 664 454 91 57 459 220 330 221 401 736 953 101 395 794 253 412 761 827 507 552 167 625 160 813 504 842 21 74 223 506 116 145 124 508 813 148 939 226 685 671 176 632 486 580 797 829 471 321 127 954 414 863 716 972 590 
79 290 685 207 12 524 539 705 244 433 455 294 229 250 87 551 565 222 891 894 307 834 615 679 604 789 208 825 817 374 731 930 101 126 59 680 385 752 961 249 409 356 938 449 670 85 117 21 0 989 132 589 530 13 531 878 122 512 916 344 436 925 73 259 512 375 410 121 367 438 450 335 198 385 6 23 745 735 949 689 870 490 228 741 212 999 699 577 401 972 766 98 746 538 859 437 964 554 110 931 293 416 855 139 246 793 875 840 470 842 743 138 845 464 100 511 877 701 477 146 680 571 953 213 569 559 753 36 154 965 918 241 322 736 445 607 129 736 247 212 63 478 650 248 723 708 611 582 598 243 629 237 705 745 575 251 157 352 615 702 989 291 689 958 248 667 560 418 288 121 885 287 894 529 248 775 1000 63 494 725 384 623 688 154 329 345 758 798 822 600 827 660 239 503 323 67 673 538 361 573 140 817 131 159 316 163 246 537 957 523 318 706 286 813 902 938 189 762 293 121 416 143 19 650 651 32 959 350 927 340 844 641 247 880 477 699 876 937 565 26 691 620 935 222 504 205 225 691 658 111 541 735 57 496 651 749 82 971 418 592 828 816 845 118 347 405 526 449 722 156 161 339 441 698 498 581 665 145 65 831 901 938 683 586 573 538 180 88 28 407 387 77 474 542 254 11 225 672 67 611 972 240 539 45 896 157 285 261 996 398 443 286 511 56 501 470 815 915 988 478 149 522 768 761 98 729 637 979 509 582 937 140 566 477 504 741 0 890 360 498 203 474 878 662 864 234 506 554 768 887 694 951 768 53 237 293 401 241 193 72 527 422 353 479 948 348 282 741 72 201 460 909 172 620 470 261 338 931 937 538 678 997 308 359 242 335 938 562 346 36 538 142 292 323 962 90 804 639 186 486 967 915 116 124 288 925 314 318 250 259 198 228 494 427 760 141 890 665 623 742 627 962 881 352 360 862 248 617 665 738 878 812 48 983 972 349 659 917 587 366 797 154 701 721 363 982 954 472 36 22 349 861 367 366 724 102 414 721 87 493 360 555 2 60 31 969 649 184 863 677 955 800 900 729 913 151 243 505 834 151 707 66 225 566 445 136 591 289 333 824 446 774 458 944 486 153 44 963 512 451 
66 1000 765 368 460 46 970 6 66 604 716 850 688 800 381 528 292 569 162 134 568 823 80 803 557 770 626 573 692 124 548 535 341 388 105 711 901 565 246 976 169 381 268 576 580 736 902 886 296 807 245 17 940 618 301 22 148 1000 671 113 767 590 549 498 214 296 577 794 820 700 189 175 177 864 568 207 323 109 568 513 274 687 10 991 325 339 903 465 477 501 178 968 368 284 575 94 136 432 716 721 537 580 69 121 74 115 665 811 235 692 549 256 557 313 461 869 558 125 592 528 278 907 561 40 370 592 258 390 536 4 856 145 100 298 871 962 869 152 118 535 765 154 282 753 870 173 19 246 402 565 166 338 851 817 911 803 574 494 313 693 436 427 370 29 673 169 334 379 311 359 999 222 186 283 60 462 508 316 116 279 794 125 922 869 547 485 363 187 871 97 56 398 368 555 528 431 232 977 461 486 79 208 628 391 431 610 760 270 648 924 922 29 260 643 215 237 566 269 779 810 774 808 468 421 847 426 558 321 533 261 906 137 579 266 218 720 760 237 698 483 368 313 393 158 668 602 0 288 746 470 273 48 748 409 476 662 843 322 628 906 852 451 842 652 355 370 985 239 981 961 733 816 699 200 690 407 868 296 789 621 807 771 720 827 707 172 847 653 5 821 681 667 900 988 362 989 607 552 15 143 816 156 977 74 1000 932 453 444 687 926 727 857 758 692 384 630 659 278 99 251 400 835 194 158 348 452 481 584 870 323 316 628 511 120 520 227 982 419 344 731 867 122 821 431 795 122 750 583 944 619 370 943 41 790 901 583 447 751 636 159 286 297 359 420 222 248 424 427 109 605 837 787 909 355 392 258 65 602 517 929 434 663 155 430 294 631 81 420 95 742 728 359 226 510 532 752 276 259 760 989 759 537 714 848 863 289 865 709 330 123 557 557 55 305 17 703 89 523 223 200 980 529 718 662 769 369 376 845 561 111 783 431 272 980 839 899 902 793 679 985 840 508 910 256 391 525 947 253 357 658 641 115 804 931 101 44 112 108 868 239 428 986 808 960 879 576 236 12 228 481 558 372 321 631 179 945 649 808 431 305 583 523 441 536 547 854 301 83 774 914 602 753 560 48 12 104 766 705 165 221 
398 949 580 976 327 518 845 983 949 781 210 851 397 188 226 675 537 175 666 75 500 709 104 810 796 728 279 3 918 56 200 321 384 780 319 267 85 653 886 483 834 154 311 416 107 321 676 658 774 345 310 683 961 141 596 745 248 84 136 949 590 583 331 918 616 241 336 967 146 422 220 387 861 412 747 508 508 225 0 978 966 573 717 991 78 428 569 855 519 104 575 204 196 21 414 16 360 972 819 455 291 226 931 237 265 972 159 702 609 394 990 59 303 141 550 541 240 103 334 791 109 732 553 666 574 570 546 156 621 446 981 320 46 869 504 704 83 297 816 736 56 209 791 944 424 711 824 147 209 22 83 913 941 176 682 970 510 475 336 527 726 853 202 269 133 343 489 916 468 955 765 587 146 182 461 49 213 509 497 94 246 526 325 168 257 198 396 633 566 73 67 817 106 741 500 476 677 315 757 471 250 109 100 84 195 990 653 271 506 627 521 509 575 278 829 622 753 74 332 331 613 747 765 18 202 561 809 459 891 668 970 249 82 736 485 401 758 872 819 487 279 98 682 211 1 263 397 573 704 981 625 570 915 651 321 510 561 77 539 230 47 964 26 627 316 32 800 987 385 896 277 718 451 517 461 863 853 174 527 204 942 115 728 687 85 269 297 491 242 357 577 474 578 846 198 964 166 623 669 538 103 417 24 213 328 400 31 344 292 776 297 306 240 130 454 145 434 899 416 107 270 408 530 598 871 818 880 846 221 851 517 106 847 898 342 512 547 668 757 910 547 261 278 532 659 821 114 864 616 284 689 745 690 330 779 130 903 973 211 795 992 126 639 510 899 962 777 155 432 353 155 608 256 188 595 442 479 510 209 200 296 362 968 666 399 475 788 144 524 925 95 586 729 934 108 175 88 860 920 226 1 363 206 7 192 640 508 316 968 356 950 153 385 417 99 411 439 314 385 45 196 459 552 167 443 537 703 889 205 846 661 631 96 858 868 511 1000 649 897 192 489 506 661 210 782 29 430 48 479 295 916 172 564 918 919 981 221 838 459 761 732 902 534 125 486 578 202 910 739 296 572 205 209 856 207 998 91 402 210 774 977 718 546 471 117 247 903 610 118 543 426 215 83 314 462 19 855 191 182 588 
399 82 345 193 560 615 87 660 29 900 112 855 858 835 216 718 796 390 822 447 53 747 343 248 732 549 703 224 595 751 550 819 886 304 314 599 435 209 396 342 991 521 790 943 434 318 41 255 524 539 383 871 489 431 872 700 261 214 933 544 849 891 604 59 155 870 150 562 725 186 959 469 8 887 795 844 804 640 482 431 899 506 261 849 380 404 965 389 745 565 141 902 157 241 789 701 291 911 943 738 493 479 417 942 629 959 807 930 427 337 881 351 369 20 680 759 874 129 356 521 261 462 303 130 937 117 217 172 8 76 583 910 909 918 213 562 717 50 940 741 158 109 963 613 895 932 791 720 422 974 476 150 594 726 218 604 12 763 243 115 760 194 974 574 272 214 988 384 182 804 623 446 705 634 729 465 275 912 221 841 307 718 459 466 526 956 661 762 925 834 790 253 971 559 698 19 2 269 976 304 800 652 409 178 906 247 27 100 195 475 708 283 875 74 14 798 200 151 376 507 460 228 483 545 67 841 191 307 141 893 949 754 894 567 175 921 512 889 888 266 262 852 896 489 270 179 45 523 609 639 158 796 969 751 0 199 187 746 723 50 415 691 467 333 110 229 405 1000 69 568 276 103 412 413 157 767 465 698 464 71 229 526 65 527 381 811 758 748 174 867 849 871 467 801 891 266 947 423 269 571 637 118 812 260 575 243 568 817 373 441 98 564 736 820 191 194 976 373 868 570 839 715 217 970 131 438 986 482 482 128 730 280 404 230 811 160 375 543 884 500 937 588 309 464 258 941 567 269 387 188 984 855 366 640 376 572 285 482 347 165 642 801 31 888 51 321 63 653 484 214 67 251 188 892 986 318 683 449 655 334 277 743 383 570 285 962 998 91 685 870 28 121 629 913 549 966 696 793 610 394 324 494 563 75 556 68 923 28 754 749 446 766 922 4 548 101 112 787 981 892 42 641 92 76 585 38 863 109 720 198 902 616 302 759 806 145 292 884 939 24 296 428 571 204 560 221 344 799 693 391 683 716 878 118 433 761 639 786 868 742 151 945 929 82 145 945 555 722 911 991 929 879 525 895 591 80 246 9 372 715 569 37 569 856 773 192 92 689 511 419 788 59 400 831 875 37 425 760 167 124 
825 786 733 593 497 537 329 231 199 218 397 295 130 307 420 548 254 397 865 61 883 959 228 709 761 884 901 186 740 261 437 918 10 861 315 173 631 30 391 109 292 857 754 607 978 520 90 939 952 465 862 811 318 484 254 463 971 274 701 631 778 147 655 392 366 202 394 33 85 422 613 35 297 662 55 228 218 966 274 861 612 947 435 266 664 92 250 240 485 731 37 737 763 869 666 101 281 550 511 84 64 704 397 898 669 59 809 964 904 101 40 168 675 229 567 116 280 934 921 716 967 988 914 348 555 296 955 573 307 108 863 711 744 531 679 465 24 471 964 194 984 493 674 656 342 901 211 498 349 621 579 499 185 915 265 384 792 48 137 622 572 245 866 58 166 978 171 725 198 260 652 213 191 668 868 312 147 216 26 908 279 985 741 893 898 330 905 120 852 214 47 461 933 448 420 785 411 116 676 207 954 181 177 417 478 194 724 57 92 672 970 249 58 806 641 850 111 301 649 199 865 884 176 554 661 369 194 269 463 140 270 210 271 526 775 187 948 86 442 471 979 744 470 763 886 103 835 806 645 180 929 216 100 490 261 639 498 358 994 696 982 707 470 810 615 892 257 751 61 300 542 411 445 138 161 93 854 343 595 364 126 845 156 458 264 184 318 920 269 748 258 262 476 837 905 320 185 682 105 973 677 330 792 615 613 683 828 913 299 336 982 307 626 445 819 524 87 38 697 100 744 54 397 949 569 728 989 932 27 750 38 291 682 616 751 450 652 431 546 86 803 692 458 177 463 481 990 327 914 716 784 886 827 286 627 943 140 679 218 467 668 678 620 974 325 302 235 258 588 586 946 777 417 129 155 764 268 328 950 361 417 681 284 943 172 123 853 890 212 927 822 12 956 159 189 258 333 931 189 707 95 623 959 583 785 612 348 701 749 105 871 264 285 657 106 621 928 921 184 627 662 493 917 181 581 331 787 459 3 994 385 368 342 472 818 242 265 731 51 688 4 381 19 576 561 814 739 69 893 334 727 849 410 130 473 651 683 77 454 576 964 918 292 474 716 560 331 756 277 528 812 429 972 733 862 201 957 81 101 981 722 675 138 703 771 896 347 475 896 479 403 987 70 305 371 212 306 310 16 344 
185 229 265 601 393 701 639 873 752 399 53 167 639 549 33 295 730 367 147 641 519 450 285 370 241 836 415 174 205 784 178 76 851 30 7 990 682 995 727 43 876 518 57 824 367 933 110 336 679 13 954 295 677 492 592 449 95 270 385 828 787 296 103 31 667 199 749 171 653 30 563 515 538 207 692 462 21 953 587 373 865 94 937 693 339 629 901 972 909 952 953 211 286 865 480 785 2 948 685 503 9 19 436 726 770 152 116 964 139 919 842 546 125 432 837 342 821 926 122 803 602 0 62 670 333 75 133 674 273 152 373 688 260 457 29 784 617 575 80 128 121 185 713 732 95 211 101 285 534 524 672 294 2 631 408 160 626 66 384 411 578 957 508 160 943 649 307 557 362 951 107 471 813 999 223 736 911 700 240 741 58 812 828 929 117 994 343 684 124 465 76 907 164 510 370 787 899 345 171 586 872 454 624 20 772 926 586 509 11 802 563 410 698 713 455 83 832 239 178 340 588 180 4 328 333 666 350 50 824 123 959 480 498 45 742 556 783 924 541 423 831 790 542 419 989 828 567 139 841 120 910 784 207 803 791 706 187 694 954 895 760 26 922 914 814 928 801 130 182 414 583 241 553 215 279 618 658 35 68 457 304 703 565 938 18 326 770 194 445 688 987 78 23 756 31 332 621 99 890 485 449 534 917 74 861 887 755 211 717 632 239 691 105 985 618 358 177 672 383 606 401 111 899 662 463 901 278 214 872 796 887 18 791 942 858 497 212 280 228 596 880 565 292 230 516 915 603 626 698 100 252 569 524 510 850 369 109 323 659 262 573 687 318 838 879 526 449 270 233 37 701 57 840 485 217 20 441 293 930 82 372 720 215 381 214 718 55 286 397 27 70 144 882 578 104 17 428 226 563 80 147 794 438 749 701 817 532 997 283 308 417 624 976 180 342 811 59 34 668 205 794 192 594 689 384 323 8 849 276 12 274 173 747 34 988 137 620 306 917 950 658 908 45 257 362 481 240 396 381 700 897 942 232 253 361 174 799 970 245 961 654 850 2 312 898 943 926 548 249 546 646 344 414 972 780 90 396 984 70 588 383 610 359 914 270 107 223 229 682 683 603 830 698 0 285 961 819 804 894 417 
423 466 984 395 569 950 616 228 714 343 593 272 970 165 649 423 350 444 37 210 243 402 363 884 7 957 811 299 854 516 925 25 505 766 763 674 160 707 617 14 669 415 889 409 676 819 500 685 48 921 469 760 352 462 149 273 49 935 518 224 649 328 224 452 498 508 732 48 641 252 891 425 511 485 79 119 120 136 489 146 801 510 79 266 1000 16 841 15 978 899 738 482 420 329 274 445 70 518 10 327 234 930 455 403 964 536 646 676 370 710 154 505 995 776 486 434 272 560 682 993 960 662 976 990 416 609 835 259 922 969 16 579 440 190 665 52 168 201 195 164 413 319 125 479 386 716 954 923 814 499 855 510 487 610 613 233 585 913 47 822 95 322 237 957 398 604 574 377 446 767 839 265 130 560 957 756 374 988 145 166 694 701 981 41 802 761 455 13 902 567 343 295 551 548 970 20 236 101 466 575 817 474 379 463 481 236 621 858 792 497 305 455 18 114 824 308 240 348 296 603 560 552 283 945 413 227 877 910 337 868 754 891 718 376 697 298 946 563 572 949 496 113 602 505 907 102 620 104 618 345 79 764 535 486 822 636 419 930 829 380 826 898 696 339 408 393 318 662 440 615 994 636 2 757 556 699 326 246 984 421 724 363 537 997 963 493 249 80 204 121 454 315 787 374 634 615 37 819 478 602 56 918 18 724 696 229 969 563 460 422 983 113 38 235 792 636 757 126 242 425 191 574 427 994 1000 199 480 485 209 45 136 552 845 558 793 599 130 20 115 765 177 415 104 197 413 302 427 134 344 791 602 96 455 97 476 987 484 724 773 132 357 595 800 111 22 855 370 288 487 638 660 857 280 655 548 273 355 501 630 813 644 730 356 522 805 790 845 737 298 635 45 632 276 888 474 123 586 626 103 530 324 144 525 324 791 665 328 993 23 581 614 718 934 995 573 191 957 98 170 315 582 742 823 281 804 480 972 519 877 571 149 10 830 254 622 996 243 56 845 381 531 237 485 507 449 609 806 705 942 461 895 693 257 804 334 337 571 325 444 129 159 463 89 171 63 946 498 157 847 283 380 305 559 313 987 615 395 550 163 245 880 736 924 163 812 121 567 779 268 652 992 986 39 428 907 745 898 328 390 231 
948 242 226 328 538 625 316 140 920 971 309 543 206 514 787 394 725 599 995 23 684 676 891 407 949 122 869 203 949 154 737 861 705 558 580 414 481 843 922 83 751 917 886 564 32 430 188 142 631 181 393 589 265 408 676 540 703 493 324 859 513 650 613 574 461 898 557 210 435 223 287 425 0 734 256 882 996 398 782 145 744 514 848 735 682 710 521 903 228 899 561 244 843 765 579 976 947 588 822 701 180 565 793 711 116 80 787 291 824 316 709 410 800 100 132 819 538 958 719 104 289 238 8 739 194 742 949 314 377 989 491 923 135 204 351 87 894 878 659 582 380 457 131 600 753 204 9 715 185 549 671 621 154 765 762 815 964 269 441 257 154 75 46 468 12 866 965 337 125 240 392 439 529 585 984 15 726 999 264 429 161 12 74 413 758 911 991 435 39 852 196 305 228 47 269 995 42 136 565 73 826 603 890 891 520 56 729 962 870 102 458 485 158 354 389 715 888 413 947 452 436 478 345 916 268 441 798 526 58 214 934 51 683 465 897 574 374 29 926 809 657 739 761 247 748 932 649 857 825 500 634 948 954 206 556 871 938 65 72 996 980 778 579 373 927 500 756 738 242 238 678 915 968 680 683 488 115 888 419 30 869 395 855 824 286 629 659 855 6 795 90 296 911 579 714 563 817 475 816 50 956 471 349 268 517 98 251 857 376 896 78 453 5 523 628 758 809 561 418 983 231 786 548 822 17 285 380 178 46 821 859 600 264 912 477 889 349 293 800 208 370 806 38 707 759 27 37 247 561 214 694 572 452 157 850 318 86 276 729 981 593 525 921 375 466 336 184 945 910 548 632 196 609 57 113 694 89 150 290 268 577 700 468 365 780 522 43 285 455 875 811 290 680 467 238 302 318 598 562 893 770 459 565 765 684 684 681 929 373 858 776 649 195 874 21 888 832 929 500 278 366 960 610 909 849 383 783 73 770 787 781 962 181 490 527 143 121 510 885 929 443 106 45 178 525 342 976 391 996 562 470 13 383 201 148 385 599 627 92 371 607 855 886 821 876 430 536 892 84 970 822 957 905 544 715 817 906 938 806 210 255 116 295 197 903 973 790 108 662 780 490 133 884 664 668 327 348 358 63 231 
479 113 297 348 104 195 646 227 120 265 75 718 697 957 19 799 745 181 843 424 974 670 818 970 882 646 531 877 158 789 42 790 105 272 928 342 899 673 367 187 315 449 991 554 523 339 338 125 258 415 387 909 513 740 103 160 798 356 981 320 286 244 120 152 555 813 673 568 247 103 814 874 999 657 986 317 265 157 799 440 172 625 11 718 651 144 420 578 363 180 91 549 688 969 809 759 219 167 963 468 424 503 299 20 174 844 477 486 376 41 674 449 924 326 789 283 568 410 698 642 132 456 647 545 99 914 808 288 869 335 910 304 886 392 5 905 732 62 707 292 64 354 388 32 359 592 249 592 172 192 906 434 77 412 724 846 933 362 157 782 632 292 110 378 441 154 902 312 213 896 953 689 112 223 772 679 51 841 219 32 946 69 313 355 984 831 987 738 861 695 137 745 710 258 176 686 962 605 313 639 278 178 802 93 470 290 667 391 55 455 591 113 355 662 966 336 17 939 128 909 403 976 56 76 829 71 121 163 282 944 167 694 193 423 445 503 187 121 971 374 107 983 275 771 575 607 156 438 513 664 967 917 693 689 105 247 56 545 192 762 327 823 433 439 568 175 298 614 29 98 134 390 991 907 635 53 157 211 160 797 142 331 368 915 520 169 245 888 291 190 755 623 859 585 692 670 344 560 237 132 188 95 75 551 27 679 769 836 434 638 229 90 185 579 730 361 371 940 202 408 726 696 699 97 275 702 297 401 555 678 593 282 202 831 782 98 124 720 728 194 513 304 675 601 497 514 200 581 664 222 34 508 289 72 143 383 181 486 317 311 8 573 607 808 532 982 312 801 242 53 611 924 92 965 775 333 782 126 120 814 210 109 918 298 355 881 610 345 748 313 931 545 383 913 103 366 489 386 415 760 158 737 90 402 928 813 220 235 658 337 267 639 435 485 940 201 190 166 881 504 597 380 607 722 808 610 523 901 753 353 706 570 988 573 236 458 306 162 251 734 69 441 358 797 784 8 425 465 899 768 94 189 824 920 417 287 461 950 443 29 328 948 121 331 13 721 634 651 879 148 525 175 920 714 59 723 482 548 806 928 796 748 704 964 129 935 767 162 72 999 681 801 155 947 645 265 804 651 781 25 
413 134 581 108 319 142 521 904 683 631 198 707 817 836 922 434 240 328 508 571 712 615 17 894 184 65 836 262 949 703 362 189 857 463 489 487 610 280 769 359 530 970 362 316 605 124 103 106 168 128 126 192 63 509 427 949 774 257 637 201 520 73 338 298 122 2 200 683 12 753 50 370 828 118 927 892 202 386 985 503 960 512 788 137 377 508 899 905 5 409 616 112 696 610 822 94 548 589 62 426 237 970 196 710 446 985 461 545 622 930 285 873 924 525 544 703 321 839 239 280 736 419 615 812 830 583 208 440 789 478 791 207 475 756 746 886 274 62 392 574 718 805 843 664 741 478 875 78 762 867 41 203 999 126 369 312 488 471 115 978 751 990 376 172 636 501 732 697 864 667 17 563 903 230 844 495 604 359 785 169 337 869 291 32 517 932 612 954 441 786 837 576 311 871 733 967 23 661 52 702 619 37 12 937 506 559 985 94 603 38 534 743 141 408 164 623 34 588 71 134 523 257 751 751 128 75 182 260 392 880 804 933 375 548 833 544 667 145 216 182 594 571 675 716 793 910 496 880 475 797 787 927 744 587 307 62 886 189 390 129 123 14 16 770 97 272 454 422 840 105 97 292 617 484 737 280 375 802 955 965 949 982 656 701 185 122 769 642 313 455 897 526 975 703 861 674 50 319 834 621 271 895 669 39 248 835 416 743 218 392 316 644 706 527 753 782 302 932 365 727 657 914 533 759 646 614 618 486 301 860 363 300 791 448 828 625 743 215 931 940 570 548 79 758 547 641 173 414 669 46 215 449 969 472 971 542 952 557 110 654 122 889 430 765 275 95 736 604 101 931 48 71 186 356 149 792 899 94 854 733 21 787 804 919 457 47 734 20 600 836 988 514 874 92 742 124 799 263 70 195 104 835 394 853 752 643 879 714 469 698 132 625 659 501 743 692 501 313 757 338 325 174 944 171 691 318 916 248 68 74 703 372 387 437 453 467 608 370 733 488 779 784 47 871 802 334 473 900 432 286 9 881 818 693 966 657 129 911 108 808 925 865 727 558 393 665 740 843 118 179 475 230 576 981 941 204 533 414 597 17 625 200 134 42 910 654 954 862 358 222 911 149 398 329 328 722 64 39 550 615 
387 127 874 592 637 502 462 764 949 303 864 182 751 493 573 941 375 760 350 275 863 498 912 53 742 834 166 332 245 207 672 88 30 305 355 88 504 531 250 563 194 464 618 601 1 691 259 763 623 985 506 61 50 998 1 459 818 919 631 988 57 926 812 917 72 149 364 398 75 627 638 594 603 517 722 665 88 864 24 808 135 196 360 838 270 774 178 455 603 59 673 735 891 445 784 338 660 697 162 282 536 889 493 56 951 506 443 280 335 422 524 626 100 621 752 228 372 685 580 791 351 45 384 167 949 20 111 404 643 212 876 185 389 650 994 483 818 261 247 475 808 456 176 823 952 874 655 166 908 166 904 768 274 672 637 56 58 189 858 206 605 120 524 492 50 505 319 212 147 936 509 279 310 411 504 781 556 731 734 578 849 453 587 115 267 932 165 52 553 365 4 934 557 780 265 156 568 355 442 967 682 422 573 749 788 15 837 986 432 26 405 942 501 960 803 444 836 955 148 725 678 800 440 813 805 8 940 131 603 520 217 928 597 357 876 470 872 164 648 683 628 375 480 818 2 539 773 785 667 168 232 652 704 711 716 87 891 810 265 276 531 320 516 763 336 155 51 928 68 626 360 31 70 716 4 511 407 786 365 322 314 421 952 687 879 763 989 839 724 805 193 920 563 266 636 184 741 641 54 347 843 868 838 207 541 672 30 421 542 927 919 349 55 564 176 513 550 395 980 65 21 918 176 314 43 294 311 11 935 973 941 583 68 567 271 176 333 389 457 941 626 422 453 272 479 811 225 31 880 85 621 554 697 539 493 918 198 782 848 515 693 700 686 794 968 689 484 215 245 26 627 306 132 508 499 933 46 854 838 963 621 59 446 280 543 501 304 998 285 417 879 225 21 195 588 129 390 946 203 62 992 128 350 342 37 832 77 577 578 79 297 83 967 321 434 673 506 482 365 419 944 936 842 800 308 804 309 652 797 215 474 691 241 617 304 781 685 326 757 750 542 187 815 914 853 216 782 998 874 465 548 259 424 501 855 784 416 6 843 664 907 617 582 144 11 844 532 414 183 899 598 781 364 0 318 742 709 65 933 879 295 935 36 368 142 377 590 651 221 764 794 601 168 697 206 38 160 794 404 76 
152 948 168 487 615 461 599 870 487 293 703 684 932 477 816 611 82 770 521 995 495 632 705 305 835 897 363 587 703 476 243 892 79 497 96 393 83 305 708 73 340 832 945 426 760 734 112 386 584 409 805 471 58 775 340 850 762 571 498 29 918 138 163 641 916 242 262 516 618 385 538 852 403 175 699 620 813 27 932 534 974 979 736 293 854 667 559 888 633 269 294 452 875 504 399 607 213 443 227 725 358 732 148 525 694 507 240 273 21 597 772 800 48 128 848 298 695 768 734 96 399 428 764 609 191 284 222 779 140 391 571 814 710 893 726 875 667 280 114 153 586 846 438 865 172 959 845 32 219 289 868 231 115 420 849 266 253 327 864 584 195 333 311 859 21 616 634 849 639 763 807 349 42 697 671 918 113 251 91 435 677 54 125 394 594 437 474 250 375 436 781 713 612 565 535 399 943 340 491 526 743 654 863 5 432 568 326 126 266 792 851 816 466 665 589 743 929 75 854 319 285 372 434 251 627 642 436 354 168 910 64 68 955 699 989 477 94 572 128 571 726 228 854 192 86 399 994 186 867 62 581 811 793 780 577 331 93 193 627 219 677 157 166 190 617 706 839 799 470 409 372 383 307 727 382 789 295 288 768 889 775 791 919 372 786 2 717 969 476 313 906 571 187 772 809 688 812 681 929 332 178 695 200 121 74 572 891 302 575 93 104 572 515 551 163 899 998 72 889 646 693 354 278 338 806 579 513 618 879 828 91 781 709 986 357 546 614 973 456 801 109 720 421 217 389 729 472 122 442 918 79 571 629 226 299 41 645 110 9 57 471 721 463 692 200 742 880 76 881 45 497 77 133 483 432 301 43 731 292 193 823 284 924 857 584 642 243 557 11 340 314 137 644 828 246 981 153 866 891 727 460 988 344 594 147 461 351 262 822 991 398 530 153 398 115 668 568 183 727 746 437 587 258 554 966 323 509 931 417 77 106 109 178 783 890 250 923 177 454 358 91 533 170 226 24 634 85 806 503 960 49 744 123 396 0 454 369 410 666 338 946 955 763 97 80 395 322 930 778 788 565 899 84 927 144 78 861 958 962 849 924 17 951 917 546 938 932 999 226 890 447 22 758 87 978 706 889 670 242 97 
921 84 362 147 950 195 185 848 505 912 152 530 929 201 585 15 941 122 140 13 141 130 193 548 59 733 237 950 134 639 28 101 14 355 179 711 731 527 532 57 950 643 314 351 84 19 776 835 295 31 899 871 808 950 945 478 618 589 647 259 130 395 477 460 365 683 930 702 46 584 836 387 242 828 948 81 273 853 284 487 985 755 1 249 162 526 538 746 707 277 816 231 486 875 154 709 518 278 92 857 728 74 730 962 508 453 640 192 839 346 687 681 415 997 563 675 334 577 176 947 294 542 728 304 745 853 202 802 826 671 609 417 405 394 838 656 590 435 164 259 157 764 129 381 596 152 718 389 812 850 440 510 463 99 546 335 252 979 316 334 605 73 47 361 212 276 252 47 136 489 282 958 721 242 151 765 117 251 745 973 430 762 766 502 645 602 310 904 478 742 206 665 284 374 462 994 96 860 305 543 672 105 762 495 2 46 767 753 521 859 263 708 195 562 988 13 412 974 576 333 486 655 753 947 977 300 17 97 76 930 539 374 938 156 251 536 216 287 317 118 132 978 66 0 566 500 945 730 697 537 786 283 268 968 696 566 178 425 489 539 533 923 430 492 266 534 780 843 207 184 621 721 836 973 673 47 918 666 345 210 536 241 365 617 849 296 477 248 134 853 620 434 356 553 718 959 863 912 29 13 912 469 869 487 499 299 332 567 896 45 363 987 689 45 135 135 352 36 672 641 987 752 452 510 146 844 93 762 365 689 51 357 897 414 256 357 445 241 511 942 501 103 913 940 770 18 542 405 5 719 816 584 662 298 895 656 12 408 542 363 665 107 977 237 119 108 316 488 994 133 99 101 42 637 195 445 78 810 661 510 892 442 135 894 884 551 202 538 760 867 640 436 357 616 95 232 277 439 276 381 818 808 290 228 207 869 146 749 631 319 854 704 770 262 975 3 799 448 221 628 881 505 895 240 29 843 239 876 310 466 634 179 10 353 751 15 692 447 736 598 894 20 535 712 982 474 661 119 360 13 359 427 571 672 50 784 474 600 649 886 682 229 130 911 879 717 92 978 977 10 628 659 942 809 724 561 846 304 144 727 88 499 880 230 914 467 595 278 614 848 938 203 542 353 430 203 222 935 590 823 
455 380 90 742 7 594 128 269 262 255 953 524 147 847 347 937 711 140 169 449 370 27 496 437 835 531 972 365 313 752 834 732 485 155 197 763 847 160 580 356 38 573 507 841 802 985 666 593 74 975 732 222 840 702 225 13 330 666 130 813 931 270 374 63 462 916 234 101 15 3 788 54 612 810 905 645 329 988 781 582 275 10 637 737 815 294 401 225 343 892 974 98 512 327 586 470 453 24 247 457 467 412 592 791 430 852 214 664 702 602 851 465 605 503 806 386 852 895 370 494 141 402 853 801 633 967 998 554 686 328 652 368 481 713 335 750 742 756 501 836 429 20 847 150 280 771 662 463 787 90 733 641 428 892 532 232 29 978 976 792 295 870 635 36 947 242 614 329 932 39 713 288 548 732 822 661 760 742 368 906 205 760 393 649 61 515 583 885 64 165 50 616 444 871 717 429 401 400 249 799 101 166 276 865 711 320 329 92 342 283 866 63 458 750 242 177 103 602 521 702 337 890 110 69 694 597 899 523 525 572 334 232 377 211 912 430 665 755 128 652 380 133 285 604 165 459 694 730 247 118 497 735 318 825 448 172 173 431 409 789 568 952 655 716 890 416 383 393 203 859 480 652 929 938 658 88 789 989 50 477 367 621 844 275 34 757 325 298 615 156 171 351 170 457 852 283 173 666 36 25 741 561 95 661 815 830 601 222 616 346 634 761 822 541 554 283 227 348 337 300 429 988 781 321 863 118 854 939 857 356 613 197 334 368 728 845 110 778 314 544 656 602 431 932 683 778 841 431 477 375 13 164 618 728 927 248 133 143 17 446 664 521 510 350 675 69 364 557 628 689 62 819 402 895 537 287 345 284 513 320 596 675 119 753 77 370 267 821 213 913 244 209 258 191 464 632 230 719 522 989 666 717 870 317 400 65 568 829 570 794 185 185 663 783 541 138 891 814 638 603 851 258 9 115 941 172 256 985 53 422 179 675 49 819 436 87 252 366 634 239 52 495 510 126 261 73 427 955 939 971 3 972 73 932 107 846 173 292 257 431 8 917 141 131 396 786 325 666 206 297 934 859 35 729 480 42 453 812 468 931 258 63 412 27 795 161 648 896 807 167 864 982 957 131 80 611 100 499 443 757 
158 357 199 107 109 896 40 117 678 361 909 570 956 229 349 233 547 423 761 236 569 300 699 652 64 264 109 27 334 647 255 763 575 65 767 578 970 793 64 611 582 226 791 382 671 363 367 599 94 985 905 356 660 401 315 829 157 7 620 540 596 498 18 191 171 231 597 208 894 939 825 114 200 955 620 213 640 106 156 962 522 311 467 33 147 838 797 137 461 513 500 717 912 771 234 316 809 897 692 601 133 986 248 513 813 763 819 895 231 107 87 744 863 341 272 407 151 445 993 380 505 194 969 469 511 360 92 764 721 639 245 963 183 612 899 933 817 35 829 616 665 176 896 475 737 235 462 387 559 10 945 978 884 785 894 478 734 244 498 604 36 154 621 988 946 848 795 942 484 507 550 235 589 531 188 308 767 468 101 606 678 840 147 881 857 730 116 290 456 234 629 964 83 482 265 669 388 859 773 715 404 460 660 714 198 662 919 104 860 955 455 726 606 658 984 950 901 361 82 28 661 741 730 495 971 827 114 152 118 483 616 370 928 600 780 464 681 496 718 41 270 118 766 463 528 731 463 261 732 749 214 529 815 763 262 436 224 703 400 492 430 599 905 598 797 658 979 314 235 504 0 646 785 205 665 326 522 316 793 812 688 839 747 415 628 335 977 177 399 468 999 349 879 476 945 842 569 602 32 866 537 386 70 821 929 147 364 962 924 379 690 555 482 471 771 40 925 331 831 425 604 383 263 945 171 682 712 465 117 339 287 869 338 269 884 952 266 585 47 812 598 474 495 172 959 567 336 865 286 259 291 598 175 436 429 480 601 225 219 194 27 743 295 552 583 279 917 284 873 534 677 824 874 405 129 309 250 799 874 631 890 134 548 953 699 815 258 255 21 688 127 582 404 294 210 406 739 806 367 888 779 688 809 120 586 788 327 817 810 715 978 564 650 479 52 307 874 342 394 742 349 542 220 637 389 913 84 458 419 790 569 344 585 60 877 818 740 552 643 259 285 395 345 359 865 514 451 309 240 44 788 734 266 420 652 797 558 699 865 656 285 632 644 192 248 425 478 227 185 333 464 890 142 411 592 621 215 394 432 56 198 683 117 225 151 21 307 95 153 51 757 998 366 480 10 446 275 119 451 2 
755 422 757 448 976 615 562 802 833 890 14 126 127 383 771 357 401 294 459 111 431 415 434 991 793 175 776 380 339 25 346 141 302 360 390 543 856 87 573 519 307 984 829 227 404 773 412 71 86 396 380 944 4 103 401 946 137 684 966 41 7 211 152 418 239 671 302 453 288 579 446 739 681 194 28 438 365 926 302 967 186 76 224 584 751 451 95 531 378 934 461 391 66 116 115 917 820 605 1 563 165 605 68 198 491 280 842 419 463 976 482 672 383 417 216 626 354 173 664 718 966 901 513 399 285 543 481 259 806 141 168 645 856 964 650 688 438 367 381 986 11 288 731 56 463 295 321 755 360 50 483 259 452 157 671 454 654 731 174 674 682 54 394 60 685 564 249 670 753 706 407 268 551 963 241 385 910 835 125 564 255 973 922 605 116 417 723 988 976 107 125 18 109 471 712 0 433 995 957 505 574 709 499 624 532 895 206 625 560 83 749 358 598 165 691 81 820 749 169 331 244 782 723 552 240 774 217 917 595 764 597 703 158 149 665 71 75 707 845 205 423 605 661 13 572 114 416 796 423 839 326 521 383 289 817 92 922 875 738 291 836 802 166 817 902 378 918 126 309 203 533 572 513 264 744 77 481 545 788 513 394 291 851 741 34 797 740 222 943 572 93 796 988 280 850 58 961 969 376 601 978 577 726 927 838 39 539 595 922 600 340 898 306 561 553 682 162 728 29 888 121 153 888 968 767 818 419 577 882 339 926 614 584 405 398 427 17 755 558 414 214 681 367 811 728 431 241 731 75 804 889 77 841 223 826 546 629 846 408 281 707 976 781 8 667 135 450 5 36 225 186 52 956 119 929 576 492 283 540 507 109 668 22 38 689 811 343 478 46 83 835 10 809 86 443 764 278 488 991 673 248 328 400 489 980 698 480 431 100 76 278 22 125 786 817 886 474 753 467 947 630 359 626 911 275 315 203 500 651 451 338 554 556 435 534 618 0 877 161 633 544 319 957 42 903 941 455 186 730 328 980 228 404 873 25 347 244 991 121 991 738 517 915 788 724 909 655 133 185 84 996 199 321 680 688 145 983 181 503 76 673 557 641 154 824 208 211 367 435 500 306 926 427 649 793 900 667 609 236 113 
936 355 832 539 827 212 688 476 427 189 680 672 940 228 774 268 986 434 897 30 655 16 23 164 909 425 16 559 492 736 674 154 801 867 837 563 2 123 243 796 517 559 754 949 312 194 126 579 295 506 434 776 545 177 209 615 63 506 511 64 914 586 827 70 743 43 338 602 921 574 891 333 923 302 450 823 398 334 623 625 559 682 270 982 671 626 228 677 645 160 115 221 659 476 267 429 453 311 798 329 327 129 124 755 572 897 560 287 846 243 893 537 162 23 338 595 396 416 496 136 590 770 688 983 674 756 62 133 644 450 15 419 487 355 916 336 638 201 672 464 765 218 716 974 279 423 226 531 162 604 832 199 651 528 404 947 534 555 864 912 261 233 517 346 405 551 76 248 288 635 572 167 211 320 811 714 426 458 152 860 152 126 132 888 163 683 419 308 301 564 137 523 954 427 726 896 815 510 990 502 177 725 792 541 155 781 332 999 215 808 477 37 122 717 570 18 170 737 902 348 717 769 388 4 77 309 61 178 567 366 24 314 563 741 585 52 142 309 451 843 665 409 827 325 453 334 541 552 442 199 323 164 45 336 68 913 764 450 103 307 447 847 804 821 612 583 515 124 325 802 177 689 56 318 832 950 156 701 266 236 244 525 978 740 547 870 437 232 343 679 413 967 78 978 769 86 314 458 355 182 571 202 195 170 200 988 202 405 821 251 570 22 971 604 891 947 249 894 582 35 551 39 226 987 464 28 777 517 85 131 922 634 969 349 335 786 249 224 127 376 148 394 912 295 47 246 197 711 629 381 138 805 58 561 135 817 417 783 40 710 581 491 269 913 220 506 982 361 178 369 421 579 540 184 179 520 676 885 810 117 113 797 833 437 562 790 727 732 489 455 197 648 332 497 703 630 557 430 136 808 316 489 429 807 546 634 553 743 852 576 433 162 329 385 484 901 227 681 45 916 204 75 303 685 434 65 81 273 501 115 81 85 529 972 85 1 703 567 577 20 587 762 369 25 401 626 322 976 59 190 797 190 928 529 112 363 340 448 942 169 447 120 404 236 431 753 954 697 896 601 730 975 558 271 709 692 892 204 440 202 587 157 595 986 441 655 156 295 234 481 562 143 212 821 962 228 327 154 103 46 
727 357 498 135 618 356 523 459 25 85 645 918 440 750 862 89 370 980 514 96 58 832 353 446 396 313 713 1000 723 785 1 561 683 185 420 924 215 257 615 552 392 621 466 944 526 664 632 989 38 408 698 363 602 912 37 570 770 56 120 651 678 912 689 893 254 811 946 32 846 343 985 882 443 78 634 594 231 195 218 827 582 608 52 467 387 70 735 90 70 658 946 955 649 952 272 962 610 428 852 622 121 29 718 277 977 461 538 247 23 934 480 275 505 609 864 743 383 62 478 20 686 217 290 328 777 819 78 937 968 878 208 478 37 307 100 869 600 718 691 595 175 705 592 147 564 655 625 889 390 739 342 339 151 142 898 254 274 80 33 445 254 893 950 394 318 596 891 161 924 62 256 658 101 752 727 974 824 647 574 207 0 27 350 547 249 668 659 953 581 67 372 175 47 927 680 749 391 331 599 605 148 708 993 980 178 434 818 821 179 798 973 214 841 175 273 784 24 618 634 347 236 526 570 781 492 812 826 989 389 887 891 332 795 244 431 863 495 129 193 988 394 78 250 62 960 744 683 259 113 457 841 628 583 337 961 546 648 105 685 885 689 972 878 836 610 477 443 550 27 576 135 66 574 864 9 763 573 801 722 619 93 814 561 518 278 318 995 261 185 970 467 573 673 717 563 311 578 875 300 393 286 542 565 855 599 879 891 643 496 410 747 844 151 824 150 730 772 85 158 129 30 261 176 194 194 470 601 556 465 197 689 492 243 969 265 525 208 770 488 906 572 33 109 5 906 790 787 590 662 383 111 134 566 481 483 329 677 947 330 272 261 240 687 694 910 416 676 970 29 277 32 810 447 257 61 410 270 375 381 134 235 285 939 867 633 827 646 36 179 258 288 80 887 589 164 352 71 107 911 646 633 546 644 25 409 994 775 80 571 323 204 46 718 702 926 628 32 611 355 608 947 552 527 138 330 433 766 499 528 525 94 517 95 164 703 71 388 420 412 712 728 44 398 593 714 263 528 499 294 935 888 387 33 235 560 364 295 845 895 323 301 363 585 209 275 836 386 57 550 248 885 983 479 397 565 77 703 19 980 94 75 804 805 450 448 709 407 225 652 979 168 138 231 20 787 480 380 431 556 217 
339 438 897 285 284 169 142 769 230 269 37 511 950 927 691 594 859 905 184 2 236 696 59 327 700 635 769 165 648 486 597 799 11 140 265 507 16 213 147 113 770 864 427 490 706 940 715 711 237 949 149 276 353 552 973 53 296 861 823 138 199 241 163 910 820 960 749 961 207 316 151 130 909 966 580 255 797 981 16 863 306 94 323 307 589 245 41 896 920 404 815 870 572 526 70 974 489 467 955 244 850 654 477 522 527 485 481 174 95 763 984 675 57 276 711 756 941 314 598 550 963 141 502 433 229 252 524 694 600 607 961 859 990 556 147 421 391 875 603 924 242 712 611 893 207 206 669 573 369 70 123 273 451 635 261 339 837 4 58 957 110 930 222 918 251 236 169 123 803 524 114 671 833 457 298 156 347 352 550 510 830 12 884 947 760 586 552 425 184 982 115 236 979 837 803 480 919 328 310 367 149 317 364 852 891 864 316 583 760 33 295 606 997 754 215 889 386 943 949 83 119 648 798 308 700 921 82 346 505 667 52 368 473 71 701 89 884 585 565 597 212 338 774 294 852 78 965 826 591 859 85 513 12 234 20 551 561 981 146 137 175 937 302 976 461 843 39 214 840 272 199 875 83 765 296 277 161 680 622 519 636 683 417 673 548 824 317 667 665 959 866 357 449 326 309 595 496 513 197 890 527 626 96 950 35 452 233 190 401 317 166 84 211 474 944 421 422 808 693 505 949 983 298 177 436 350 397 479 724 942 332 921 288 645 721 254 267 955 999 133 898 102 625 141 247 528 439 743 194 247 97 397 818 136 84 248 57 782 414 324 88 520 483 909 98 721 235 397 362 163 493 275 781 511 288 810 446 621 90 741 70 310 685 831 552 489 988 538 517 766 797 432 21 919 361 642 917 735 194 171 408 729 728 716 16 852 743 959 444 839 130 784 842 130 517 638 764 486 489 485 215 567 464 149 149 75 903 817 706 347 433 37 904 241 645 291 680 323 163 659 929 259 17 53 137 840 177 936 415 913 546 608 99 240 706 573 722 38 466 971 862 503 979 378 596 245 780 662 897 566 637 926 955 428 919 554 443 176 915 913 791 165 80 493 430 831 878 819 202 193 202 859 508 857 82 874 208 474 641 221 
797 603 925 874 1000 16 956 518 532 662 135 90 373 151 300 389 974 753 710 922 68 705 314 806 186 58 169 614 814 32 998 464 256 839 85 613 701 703 375 45 7 91 72 422 758 884 983 735 57 38 970 454 687 444 875 607 910 277 728 90 782 776 824 723 67 227 86 112 442 241 438 794 789 152 791 70 153 215 170 305 814 645 212 636 157 594 62 99 527 854 397 689 947 150 82 246 86 196 387 257 839 178 934 428 12 636 323 504 290 177 599 568 71 726 615 60 963 873 373 0 9 918 718 617 590 833 122 106 401 384 693 399 97 58 936 304 705 963 532 913 328 868 536 148 835 377 725 864 760 805 994 330 894 286 39 449 786 964 919 713 179 587 408 702 940 28 73 658 733 679 743 675 921 732 373 524 707 372 196 714 957 318 650 935 643 949 927 387 936 60 4 303 51 541 513 860 881 421 257 395 987 158 272 411 788 785 497 592 461 730 720 941 6 884 484 352 316 848 897 161 871 816 753 658 484 844 778 641 407 756 919 140 448 315 239 720 438 275 655 700 70 484 161 10 261 801 830 647 345 880 288 963 368 638 579 443 268 77 955 610 987 999 224 872 618 294 380 707 642 525 423 985 626 277 981 638 722 141 439 316 329 842 806 426 963 120 355 622 521 125 864 554 814 710 801 958 876 599 151 866 252 971 783 899 696 907 891 52 883 153 330 179 635 731 5 54 335 736 987 973 462 968 228 682 141 789 198 191 263 968 606 183 958 111 720 948 606 547 155 157 347 658 60 474 684 310 4 14 232 964 263 406 943 692 549 786 571 275 459 146 743 789 902 462 967 21 353 729 768 416 991 966 914 117 203 149 203 296 263 540 858 902 695 732 525 10 726 729 451 166 270 532 741 416 430 997 585 778 101 489 679 3 888 341 969 181 187 111 979 577 424 675 566 948 842 86 203 76 68 769 505 537 884 837 685 683 964 651 179 13 540 544 31 938 419 795 650 712 631 348 213 67 366 239 575 214 889 878 84 974 219 610 389 816 425 11 147 381 257 966 468 155 33 53 34 554 574 717 30 259 970 528 343 399 286 411 417 112 151 827 411 895 395 10 995 100 345 23 401 834 225 920 335 438 24 162 10 113 843 533 
426 794 831 839 710 590 771 737 59 280 692 186 391 7 509 710 515 45 103 2 271 0 0 287 528 424 19 448 789 995 187 320 58 535 273 247 472 458 627 274 420 320 109 117 903 35 146 577 589 621 757 565 734 952 94 408 99 295 2 638 722 67 760 913 443 829 313 405 346 499 424 770 202 520 446 138 572 587 960 886 18 512 230 371 650 788 345 743 858 621 986 863 348 954 581 841 251 821 127 847 623 235 320 503 716 582 163 185 946 0 180 961 10 641 246 189 777 989 978 780 892 80 648 493 143 334 315 496 476 579 701 613 936 716 300 512 547 454 546 964 200 430 802 702 473 439 533 245 796 156 83 2 491 246 879 452 212 403 743 976 588 128 256 344 728 830 271 866 149 725 889 391 841 887 985 792 29 344 261 717 477 981 762 851 224 342 219 464 860 746 623 846 457 466 917 457 903 452 621 827 169 24 476 32 541 93 187 621 113 393 163 841 742 378 595 884 913 352 995 480 573 513 535 553 708 602 749 983 905 0 600 562 643 492 378 925 141 978 617 97 312 102 15 6 669 300 331 39 177 683 946 901 776 177 977 875 873 222 252 678 822 924 805 658 802 393 811 396 576 182 197 386 368 334 199 594 359 330 978 448 793 693 122 893 290 286 7 213 492 349 960 407 148 589 592 406 891 988 792 692 705 120 204 0 400 560 226 994 473 706 123 315 805 279 490 226 769 804 804 153 700 58 150 147 756 566 299 52 742 295 431 789 985 336 377 772 918 594 644 852 55 510 757 489 792 902 235 171 753 977 500 667 635 228 820 870 108 144 833 419 704 666 126 738 809 44 476 347 317 801 504 678 835 563 870 947 569 730 159 802 48 778 259 686 155 701 99 526 45 163 516 147 837 869 771 211 950 288 437 100 329 213 335 817 754 854 793 567 211 523 338 370 326 523 627 85 296 6 646 623 171 405 696 758 975 208 576 750 134 601 702 808 276 277 550 132 431 802 445 770 491 528 37 848 432 740 568 745 11 34 167 34 103 341 829 730 187 493 341 289 814 933 75 317 511 383 592 822 450 665 890 984 517 528 723 522 297 303 210 262 509 135 345 551 311 352 454 605 346 825 940 223 385 814 226 48 497 275 403 900 
99 470 569 943 124 714 92 337 829 192 236 733 611 712 406 76 985 352 26 289 905 653 683 831 838 788 829 302 521 266 198 382 444 828 223 875 58 481 351 526 122 161 644 332 380 499 322 109 444 531 103 115 556 384 593 324 92 127 123 464 410 867 136 91 206 950 234 472 927 777 293 481 670 298 803 660 9 355 295 363 388 797 459 228 792 481 470 345 888 975 440 82 110 826 129 746 723 523 177 412 803 169 130 762 983 643 668 98 602 431 156 288 242 839 578 950 869 74 814 929 495 556 641 950 560 687 650 837 191 652 433 90 908 746 376 718 502 716 868 447 703 942 551 821 173 867 666 957 363 442 468 830 568 974 204 115 970 151 254 332 118 649 335 590 333 186 907 636 290 71 522 575 171 297 468 507 46 478 690 428 437 675 481 962 560 62 707 796 236 297 895 431 737 58 37 809 260 346 52 968 214 458 422 570 922 916 941 453 618 926 588 654 848 444 424 278 723 326 261 926 879 31 67 337 872 833 733 480 550 355 662 670 420 469 529 586 211 235 732 300 212 705 683 155 178 881 265 465 152 480 575 357 118 765 525 123 148 254 811 324 634 670 922 173 401 483 967 145 537 755 160 181 562 720 160 168 944 717 831 834 459 847 203 618 860 124 247 559 732 251 874 446 341 804 125 996 340 256 427 201 749 272 86 541 538 31 958 465 928 268 260 183 657 334 165 579 543 570 763 936 95 183 907 302 317 972 342 645 5 120 628 596 152 142 619 459 534 50 987 285 39 364 640 772 357 544 476 445 618 474 999 375 920 914 375 971 774 463 771 126 802 648 407 328 394 318 366 61 55 585 406 109 349 732 908 255 115 903 143 727 928 499 771 585 2 670 158 938 434 171 252 854 138 225 605 998 211 38 619 250 882 536 303 262 45 961 572 387 508 474 391 136 292 980 372 318 711 336 81 879 536 502 791 172 25 848 840 108 646 821 334 155 721 175 134 896 189 876 290 7 367 974 407 293 833 30 254 550 731 188 489 465 947 540 456 779 501 466 231 364 846 895 43 202 141 246 606 661 292 763 4 341 256 175 292 442 99 30 326 192 147 466 81 256 150 213 373 742 866 120 282 231 914 757 271 100 189 975 961 235 
938 227 857 564 348 285 965 101 399 964 198 595 509 444 406 114 38 892 996 955 242 182 553 43 337 801 259 509 294 392 290 826 85 818 766 282 658 681 594 414 168 735 224 237 198 822 5 756 883 172 858 792 387 222 261 174 1 668 639 378 332 842 469 810 933 563 195 457 87 236 632 465 999 718 776 673 133 632 964 772 215 522 501 822 506 194 150 42 722 701 517 980 152 850 294 19 278 752 869 148 961 983 162 0 2 208 618 367 900 867 914 700 746 898 489 189 285 649 282 383 109 538 633 496 281 194 577 86 802 600 940 464 437 905 932 108 813 332 130 475 642 343 899 660 495 285 939 124 190 837 812 1 845 940 298 284 634 678 340 954 351 353 134 331 990 277 4 393 229 838 863 242 104 708 953 301 955 17 376 423 771 634 724 856 161 441 141 820 644 541 479 174 452 913 593 46 268 945 643 626 620 491 159 818 934 68 667 964 529 195 983 439 241 617 559 412 463 402 225 190 291 546 411 47 612 914 184 449 309 409 523 514 850 399 851 30 839 522 620 24 185 821 436 347 431 959 817 374 47 985 323 807 453 667 126 911 817 122 532 167 777 806 865 144 624 136 774 753 424 563 483 328 18 994 593 954 115 14 83 132 245 775 915 276 805 707 418 655 607 190 554 600 623 970 127 850 413 911 178 927 355 595 589 290 750 663 977 323 828 514 474 348 538 943 178 850 445 818 335 387 639 795 352 752 666 983 470 457 622 74 925 34 461 190 152 748 344 221 814 257 675 431 576 792 551 783 964 770 995 262 766 624 681 370 569 730 573 629 462 397 406 533 591 262 22 259 964 86 332 545 244 326 166 168 861 659 553 722 372 585 823 471 678 491 403 120 141 683 235 296 434 84 79 510 590 538 903 246 424 349 432 518 365 477 499 266 296 269 146 314 563 88 534 658 659 120 8 282 864 290 175 503 478 373 938 272 538 64 169 48 123 677 251 172 388 582 458 69 978 705 418 434 778 209 920 523 107 603 895 366 147 373 216 953 270 351 227 932 369 313 665 648 520 845 697 839 427 266 403 462 232 914 503 248 376 583 495 562 143 85 796 723 142 655 548 652 259 140 86 31 436 232 541 925 476 217 347 640 270 261 
751 638 56 461 782 751 856 254 747 330 110 691 284 898 204 200 810 823 805 904 274 590 896 251 94 976 373 842 356 482 669 327 906 569 666 27 956 144 107 852 0 446 481 347 870 551 417 688 786 268 956 634 27 28 354 666 563 385 147 281 197 440 913 297 2 119 849 462 781 611 508 163 439 152 332 665 651 367 84 370 819 301 60 413 124 896 879 751 581 527 389 7 530 110 513 871 792 141 907 656 37 585 826 796 755 477 821 30 431 218 598 207 95 269 791 945 278 966 301 263 117 952 409 397 216 441 699 267 301 565 865 600 799 562 71 988 43 858 283 395 997 448 760 889 85 834 90 683 587 626 23 794 453 424 686 409 398 249 437 817 656 50 769 971 780 285 396 87 710 514 59 674 382 620 87 535 593 993 992 988 892 288 604 236 169 242 180 651 402 605 511 566 553 389 82 401 426 624 790 300 355 197 139 797 96 379 331 679 374 833 71 915 869 38 643 368 630 956 658 44 380 957 202 671 568 937 299 320 727 285 833 764 930 737 160 605 824 985 930 807 478 170 377 506 676 467 723 892 578 307 699 738 427 506 18 883 187 338 991 168 260 214 918 787 854 670 757 375 251 295 305 368 987 164 492 569 463 967 430 825 519 307 92 684 129 552 362 581 914 778 928 10 619 732 824 250 101 528 173 560 488 530 215 937 446 641 954 123 596 328 362 661 146 485 205 814 831 663 55 203 11 740 315 209 158 744 59 31 799 552 647 27 128 794 66 60 985 488 174 540 432 713 338 805 553 312 605 294 857 763 269 119 294 566 653 911 342 551 168 844 591 343 941 148 397 53 239 112 519 18 276 985 426 596 667 125 925 32 946 1000 534 410 759 987 912 90 740 902 295 895 567 65 765 251 789 898 203 559 96 868 47 355 566 344 679 840 786 166 954 216 690 633 888 826 205 885 568 628 588 463 708 373 971 312 846 906 786 145 105 682 597 429 131 630 70 52 725 591 977 278 187 284 121 256 470 498 706 294 292 750 305 332 535 383 315 514 180 754 287 492 77 997 986 438 6 248 787 116 731 836 571 246 919 594 549 428 199 876 367 704 722 553 198 636 105 568 34 890 409 634 751 116 966 538 441 233 674 370 211 133 
371 103 999 108 498 991 835 734 118 251 130 641 322 798 643 106 234 49 827 963 842 300 42 927 626 132 530 887 900 339 170 978 839 90 759 988 99 430 745 975 587 714 800 877 99 984 3 880 55 963 840 909 277 953 225 750 573 519 173 951 232 292 417 488 919 387 292 699 189 178 884 877 59 24 772 966 109 650 934 427 467 665 798 652 66 858 953 109 847 378 819 57 453 987 621 293 372 238 861 455 419 262 915 118 410 988 551 313 493 846 701 534 61 0 223 993 574 638 724 841 98 876 326 574 601 90 606 317 318 51 236 923 255 612 291 622 54 333 862 659 528 827 206 621 727 859 447 385 133 322 605 330 55 470 874 71 883 624 302 829 323 21 746 953 287 821 284 782 212 305 783 814 847 715 473 690 125 629 623 546 261 12 552 567 713 274 577 895 366 632 81 157 91 840 816 484 404 73 5 396 951 798 174 602 750 249 461 771 76 908 756 269 403 789 681 484 262 248 168 432 182 437 555 48 454 165 937 820 852 352 283 784 699 316 87 899 345 59 29 840 889 968 308 346 387 445 586 549 444 754 614 582 159 819 323 860 45 928 340 598 513 393 454 59 540 319 49 656 602 110 598 836 730 221 140 516 183 201 427 675 373 335 634 139 661 691 269 548 86 63 843 200 167 657 693 781 602 55 457 563 974 272 155 895 56 395 518 890 814 262 159 151 847 11 246 732 552 73 451 257 822 280 485 46 198 783 501 134 309 570 852 841 971 351 646 903 829 209 6 203 762 324 83 237 147 803 376 614 888 113 846 325 539 970 497 984 999 309 244 916 648 179 395 976 344 355 5 468 937 62 388 178 984 662 482 707 617 960 270 187 57 294 897 733 123 539 519 781 455 960 673 786 898 13 179 608 905 180 156 77 351 524 597 645 58 299 137 606 12 909 338 541 885 906 677 200 550 500 28 747 732 14 676 471 747 984 32 786 144 262 48 700 296 322 378 681 540 562 381 554 107 712 565 766 126 736 696 952 344 196 561 559 21 520 701 692 726 436 866 48 448 719 77 731 540 935 185 324 315 288 925 324 277 523 457 912 353 6 101 980 105 570 445 78 679 659 934 354 717 172 756 870 921 310 616 733 19 785 179 911 
583 79 322 790 355 819 14 987 334 659 641 844 299 623 74 599 478 216 727 362 363 979 720 925 959 102 166 88 206 167 47 209 385 663 495 668 931 196 329 360 875 763 772 969 593 83 38 61 299 516 952 421 361 152 907 395 797 964 725 924 418 986 903 868 545 396 194 640 464 63 421 344 0 976 865 216 136 172 572 169 180 878 271 822 432 273 878 637 710 401 856 850 641 266 271 11 905 99 32 6 566 352 782 991 285 486 490 166 58 186 342 825 640 701 178 357 129 319 55 874 399 538 470 989 372 60 665 25 129 687 893 783 927 615 872 333 430 904 418 263 65 357 846 120 527 569 261 689 192 325 395 210 743 218 968 850 32 971 568 597 782 341 513 629 262 217 484 404 77 532 422 114 878 932 725 782 731 205 86 283 964 249 818 102 251 959 560 835 983 267 403 364 216 363 824 294 863 505 163 403 737 266 537 576 369 256 67 231 764 442 477 95 618 491 193 580 531 532 275 133 670 401 161 950 170 791 747 926 608 361 609 578 591 643 77 140 168 122 72 953 754 780 577 320 834 237 427 536 746 715 648 778 741 412 258 623 175 763 935 186 858 924 635 985 233 667 326 409 291 988 624 773 828 640 437 974 373 434 977 291 714 959 553 152 156 43 35 911 366 509 999 408 936 95 411 108 355 877 603 924 487 606 746 378 383 535 714 100 412 309 424 932 792 284 22 928 700 76 762 86 18 536 43 700 316 192 205 938 757 317 319 768 615 427 536 452 688 6 281 197 115 398 458 880 860 183 390 607 623 611 983 777 104 109 979 336 154 598 786 776 613 261 121 820 640 839 915 737 544 68 692 928 242 887 303 353 148 74 682 966 876 951 971 469 664 81 230 565 270 349 814 451 165 675 262 95 561 39 473 873 240 428 578 762 295 719 206 441 330 873 937 82 789 42 953 497 594 327 262 525 591 283 959 248 680 586 76 662 254 165 531 501 30 668 366 340 174 193 193 828 620 433 800 646 481 884 706 271 320 757 946 207 70 433 640 597 488 888 845 695 916 583 256 288 557 867 853 380 433 689 126 768 799 843 434 206 84 368 208 541 368 158 676 903 675 810 168 734 489 749 1 930 753 998 210 845 890 621 415 185 
45 275 26 297 862 756 203 490 616 17 997 187 32 158 195 936 589 352 100 187 503 225 668 56 841 69 628 201 993 183 160 976 190 981 717 631 224 129 357 155 737 303 215 237 870 45 371 189 725 185 301 377 653 64 266 800 452 912 70 594 938 878 566 242 617 422 330 585 814 161 588 65 137 315 897 756 676 769 779 75 2 571 199 244 57 666 740 78 262 225 827 276 39 146 812 558 223 430 486 59 361 606 863 771 993 362 32 265 892 163 892 893 810 407 804 900 664 376 626 438 761 73 431 798 626 981 198 716 802 194 130 599 1000 275 987 292 382 891 415 194 920 210 653 125 70 23 805 685 128 663 310 135 346 600 128 487 296 62 837 358 683 460 284 220 174 163 817 851 63 195 238 973 269 480 278 199 849 856 815 450 388 455 948 52 206 762 947 35 340 987 504 63 412 75 31 410 448 703 555 869 273 605 352 223 116 824 283 900 286 421 569 335 650 560 216 197 574 344 791 283 249 929 267 193 263 260 212 265 677 181 513 462 851 18 774 457 869 395 210 242 254 938 79 562 753 820 127 452 264 591 312 935 368 115 480 829 87 355 424 7 307 329 604 108 804 632 207 109 52 123 283 558 439 477 978 271 75 340 99 101 358 716 178 716 809 899 440 151 858 253 983 847 664 81 255 279 35 152 991 165 459 375 909 35 668 820 456 352 935 811 89 80 960 990 509 389 113 923 610 656 6 425 109 172 229 946 452 311 16 219 887 172 984 434 300 590 140 941 459 635 312 473 738 119 286 682 639 253 896 764 751 320 336 743 559 54 26 770 943 838 503 150 287 830 560 88 651 459 622 637 373 99 422 379 989 648 833 385 617 714 452 101 937 210 91 613 704 357 270 967 190 661 113 713 500 87 205 551 48 585 489 895 185 987 119 622 893 974 486 31 246 151 484 26 697 299 442 463 435 187 603 157 41 110 569 401 160 563 665 260 419 803 698 363 716 899 352 344 77 506 440 593 849 664 517 417 597 639 856 651 476 293 818 380 790 946 863 148 682 969 280 918 253 453 673 739 354 817 872 915 543 94 610 769 345 768 179 493 530 742 678 445 904 741 648 661 326 513 723 345 206 945 318 639 291 132 579 275 845 294 
848 820 529 760 909 410 623 643 546 452 715 108 832 35 79 95 501 891 512 337 215 379 821 256 582 44 365 793 65 198 393 207 137 106 462 946 5 597 178 474 681 931 848 910 662 51 58 575 32 557 366 216 199 391 600 692 912 138 219 133 243 801 666 585 874 55 980 806 847 957 685 33 114 432 114 172 174 110 782 393 978 615 550 220 874 361 273 156 885 582 98 628 193 281 848 914 295 444 937 225 706 767 272 27 522 414 739 454 432 201 982 870 187 456 374 177 332 607 982 29 521 477 762 902 71 88 279 664 709 72 937 959 971 570 29 372 621 425 694 752 497 380 49 17 365 538 849 105 891 382 609 374 366 889 764 804 3 171 911 581 605 472 566 2 636 636 783 385 629 867 875 558 680 926 791 476 902 523 818 95 292 158 943 698 581 248 443 190 114 667 894 636 952 933 495 560 244 72 883 36 171 310 870 613 618 245 261 699 182 845 198 18 718 123 460 35 299 471 704 608 596 316 705 545 827 78 13 702 494 396 545 996 548 46 257 188 351 314 300 791 985 413 696 876 69 302 63 849 433 20 126 482 306 125 333 685 280 212 334 644 232 556 795 754 227 513 160 382 89 995 759 0 400 210 638 123 810 34 406 118 977 301 336 970 858 163 212 190 94 359 909 516 854 412 751 132 972 418 257 255 620 425 205 552 246 234 479 517 503 786 910 769 985 205 523 157 767 40 958 142 161 870 224 258 896 829 820 423 103 631 736 458 618 982 247 431 364 357 491 403 299 716 449 503 767 623 322 547 421 431 82 147 785 550 782 961 408 818 824 115 600 517 34 28 74 824 240 597 419 896 888 659 62 753 787 412 380 292 534 172 198 441 304 621 56 936 795 143 257 113 438 620 361 712 426 778 896 612 852 618 550 125 911 391 218 152 387 301 479 587 48 760 719 518 552 7 536 963 348 622 254 504 975 221 73 235 541 504 980 504 374 828 183 93 22 588 680 514 55 354 673 333 487 486 476 98 225 62 920 275 426 787 505 13 592 975 412 525 549 608 66 399 881 728 631 932 833 278 729 385 882 69 807 967 854 26 68 227 263 436 692 532 3 319 2 358 232 242 65 685 258 670 396 752 561 276 655 610 782 376 
887 326 696 294 188 165 177 514 899 589 764 647 681 322 613 404 922 433 435 607 415 24 348 537 986 627 901 375 321 701 351 938 554 815 44 230 86 500 925 971 564 192 403 279 393 574 595 865 53 830 473 888 416 244 268 340 407 346 558 721 794 204 799 985 772 553 525 469 698 80 347 681 372 911 976 696 69 860 832 14 717 164 190 936 474 727 540 170 36 511 264 673 604 964 417 839 600 513 61 976 927 838 917 543 446 731 115 319 405 517 476 357 160 859 889 85 921 966 106 397 281 282 488 441 566 954 840 421 572 640 66 98 402 262 832 281 357 747 788 381 910 755 884 200 556 91 853 484 546 281 432 170 113 39 919 81 8 829 557 490 385 386 889 665 583 183 513 248 944 602 542 630 767 605 976 446 114 336 778 20 227 53 47 16 694 711 297 795 879 717 101 887 595 95 51 2 318 375 613 148 17 871 310 490 179 647 166 838 734 158 727 867 294 641 304 808 263 160 533 791 781 996 446 706 774 777 382 334 780 800 992 913 117 852 380 783 0 443 703 792 490 796 707 885 699 697 254 529 95 839 867 4 819 358 951 692 339 687 684 259 993 718 202 130 651 79 27 217 346 577 726 967 319 55 6 809 302 896 225 416 807 581 172 633 379 165 1000 360 234 185 619 421 682 565 565 211 997 509 932 805 456 512 445 511 930 983 346 527 229 278 844 373 171 27 487 810 336 831 468 420 772 408 391 570 501 938 729 6 720 919 940 623 289 566 389 58 316 334 856 683 59 487 95 175 169 300 170 501 917 366 656 720 943 959 744 464 521 954 177 452 977 415 342 994 492 21 780 391 524 943 838 190 990 142 237 746 549 88 454 17 920 465 469 203 89 387 185 864 457 979 138 626 638 775 682 328 397 941 330 821 622 421 432 549 690 607 854 514 228 369 79 565 893 442 751 234 772 177 193 371 704 788 847 678 303 780 74 336 654 812 472 300 966 717 480 833 840 871 453 383 441 717 296 292 762 805 928 30 899 339 11 288 91 104 117 174 597 900 655 322 176 640 39 423 867 32 447 649 578 216 276 745 285 207 704 511 256 858 383 503 561 554 0 401 843 713 885 63 921 396 647 22 113 451 10 949 498 634 745 329 
931 661 248 895 963 978 621 184 570 975 741 426 565 3 724 829 107 241 449 363 586 400 559 719 577 348 938 455 180 93 449 815 944 730 932 593 809 49 930 576 551 567 951 276 100 954 584 316 116 727 624 282 44 344 20 180 23 812 249 44 940 448 979 936 157 61 904 800 425 618 129 694 586 190 47 177 901 21 120 291 420 442 606 861 126 79 756 662 612 106 553 436 241 924 1 371 175 688 825 485 769 857 677 5 78 835 733 249 117 477 412 982 916 819 263 891 165 581 153 633 916 963 105 395 639 690 966 906 719 131 229 691 899 598 761 396 474 434 731 428 678 502 522 676 961 335 806 679 265 771 693 384 315 132 346 715 491 953 682 478 713 229 479 573 115 680 948 221 490 176 887 951 476 82 465 315 54 421 738 837 611 290 988 922 280 325 730 480 870 491 614 363 663 1000 73 602 227 500 660 263 637 479 129 281 314 345 701 260 725 329 263 478 55 355 461 436 948 764 34 35 166 100 810 328 656 589 378 327 91 196 380 424 114 242 918 879 103 353 829 919 170 254 915 230 895 707 992 145 528 791 670 453 21 715 884 423 615 614 197 298 635 75 290 643 143 462 784 98 151 984 138 624 705 987 911 489 237 565 836 348 789 898 142 243 22 540 584 714 62 926 772 14 940 492 870 937 1000 127 308 312 584 610 247 111 201 500 762 233 598 71 717 150 845 261 591 107 448 573 705 914 572 799 90 430 31 900 854 516 119 274 529 34 357 296 872 237 84 180 170 684 727 254 301 99 975 636 159 828 879 308 248 234 199 442 541 381 515 219 657 937 929 613 745 346 43 901 582 148 271 486 234 983 256 758 7 862 361 209 373 917 744 670 586 795 421 491 546 93 654 213 253 380 71 962 715 813 477 171 705 656 537 556 599 878 297 463 681 620 697 259 691 94 89 659 604 688 483 285 154 882 741 116 574 682 96 608 403 577 368 194 490 356 106 977 429 517 928 723 120 46 442 468 447 932 8 122 894 219 324 670 15 76 737 291 132 25 898 758 763 63 524 418 740 807 525 618 346 372 24 85 597 957 954 512 381 861 12 409 670 135 20 510 310 534 832 571 983 321 848 513 826 347 89 748 684 732 989 342 796 732 
995 898 861 931 313 483 99 434 866 893 701 266 582 107 134 215 478 798 333 779 700 179 230 872 722 905 234 16 157 505 723 9 616 369 654 330 612 417 837 151 55 697 697 740 179 892 52 93 632 789 169 254 193 514 80 50 184 598 142 46 664 982 509 550 727 362 968 238 29 858 1000 545 359 87 452 694 119 667 45 37 352 690 113 204 145 953 604 144 493 196 809 819 635 435 946 457 798 470 523 809 694 478 121 990 435 566 551 139 83 582 932 942 469 710 109 242 923 562 831 227 680 629 256 197 155 299 568 684 905 244 322 77 196 313 170 601 317 328 956 319 41 534 601 698 926 957 863 39 23 180 423 245 560 432 698 598 335 578 234 828 472 808 974 601 338 185 866 965 425 871 180 625 266 573 435 576 60 511 925 108 248 155 975 264 559 948 991 632 176 66 291 366 899 690 445 999 398 839 447 502 232 774 36 290 566 479 56 715 832 236 590 367 971 585 249 246 187 23 798 849 492 39 858 135 531 623 361 825 121 151 660 871 923 545 200 39 300 107 630 125 652 266 157 161 67 424 373 227 410 571 920 538 923 15 493 11 869 529 118 11 248 165 19 233 537 76 455 477 867 582 931 156 263 674 223 246 588 371 489 838 433 859 111 338 664 314 806 194 227 105 835 944 344 896 663 356 112 516 79 231 89 358 450 320 427 864 793 854 771 902 286 893 111 223 391 833 635 694 302 905 242 384 376 754 418 184 202 7 321 913 906 377 178 27 354 518 537 740 986 926 250 449 454 39 166 132 492 682 961 248 930 309 708 466 140 431 649 786 868 546 582 449 229 397 710 694 567 566 516 350 291 678 776 397 169 961 215 411 344 501 2 703 601 871 386 351 100 229 585 18 313 41 426 525 837 637 653 897 499 336 890 713 603 896 113 951 994 467 193 267 365 299 12 339 724 240 505 122 115 736 933 776 443 660 784 574 916 484 920 844 428 607 541 346 172 934 446 315 257 729 868 580 370 540 604 440 695 966 682 719 397 261 618 306 748 68 821 260 242 593 246 868 597 47 506 219 737 958 133 476 198 381 857 958 936 890 399 195 838 203 913 902 200 901 1 89 338 613 461 507 70 312 630 757 959 617 849 364 220 193 
514 691 273 515 939 266 28 568 578 59 712 723 724 939 825 202 282 82 815 741 398 974 127 359 376 274 223 686 648 860 854 806 809 388 831 580 806 792 863 833 720 448 568 827 820 892 882 566 865 556 541 463 422 624 968 133 343 89 826 806 86 185 776 479 866 101 727 659 404 450 245 99 854 87 62 899 428 368 344 979 274 964 600 624 423 37 359 365 588 412 361 129 895 293 943 276 330 682 540 990 464 95 326 674 507 151 826 138 323 59 728 786 829 835 664 116 601 709 567 149 199 558 601 394 19 806 115 269 733 233 551 827 662 157 625 265 909 976 924 294 180 903 792 187 995 340 357 383 704 4 271 665 680 581 483 153 409 323 822 2 440 824 31 37 604 647 377 321 43 514 34 732 167 386 201 866 106 0 569 89 839 513 60 133 869 111 106 498 855 844 738 129 10 420 92 510 380 491 81 687 851 91 324 540 482 45 732 675 573 193 324 802 639 90 850 1000 881 743 202 181 698 520 619 680 48 927 356 510 639 493 484 548 369 245 204 252 928 581 358 377 971 947 923 427 89 36 829 586 515 674 279 978 117 485 141 167 499 716 133 80 8 273 884 316 199 675 89 939 134 959 246 300 632 784 261 18 137 947 318 571 939 646 684 308 294 808 623 668 700 732 75 630 346 534 124 149 222 716 581 112 388 86 63 704 869 13 108 159 769 85 225 781 879 193 238 156 540 446 168 866 554 526 661 952 652 572 647 63 925 500 647 486 248 799 551 644 549 212 173 615 333 818 776 346 154 176 75 571 880 881 321 708 499 57 589 891 947 748 367 68 110 772 599 91 225 482 596 23 890 134 873 770 180 693 76 408 442 179 121 723 468 264 721 251 753 240 448 442 646 879 47 25 113 215 704 566 760 617 453 456 382 607 267 382 326 285 182 673 458 573 64 429 174 188 108 954 575 836 814 327 970 341 742 123 728 81 6 80 903 114 361 210 927 779 453 259 47 450 899 526 792 293 191 345 632 679 916 416 920 385 175 511 60 302 676 897 954 155 373 503 825 336 768 184 789 669 807 885 56 499 515 595 863 34 726 376 925 778 869 912 317 395 696 110 349 496 263 93 680 485 447 423 484 530 629 488 260 75 562 937 
898 287 36 336 910 327 955 133 361 111 805 715 642 893 115 929 923 767 596 972 579 528 291 713 489 136 246 500 934 439 648 35 280 180 205 597 843 750 326 985 52 98 724 803 395 640 132 244 634 832 409 480 936 389 604 872 776 259 377 40 498 271 503 700 271 883 227 749 864 274 351 610 791 203 746 642 437 87 647 745 433 854 234 958 994 110 119 124 636 114 715 284 22 39 705 519 756 845 434 650 940 35 70 953 774 439 120 159 863 480 524 884 167 365 431 807 93 726 621 568 829 535 702 837 656 203 773 667 725 236 219 37 12 770 532 636 416 344 547 675 269 29 638 767 556 435 116 795 100 933 449 876 467 979 177 944 746 416 856 739 749 881 634 456 150 879 81 426 23 55 731 447 255 80 761 991 673 137 471 621 160 243 201 573 827 75 73 505 606 273 155 500 508 759 225 372 413 232 460 598 733 83 549 587 532 770 899 33 946 769 364 849 765 211 370 251 433 642 722 756 382 746 675 168 17 568 916 940 38 138 334 748 881 972 262 679 548 822 595 90 903 871 124 702 80 746 325 703 462 671 887 78 230 675 882 609 977 426 320 696 527 465 375 151 193 966 609 996 480 679 54 816 67 109 737 922 213 100 113 869 685 190 612 243 782 303 933 488 806 595 628 281 369 498 428 790 195 570 853 413 427 81 575 922 778 180 268 924 232 491 574 306 203 40 535 678 26 699 55 44 185 219 20 225 819 722 494 39 554 321 725 678 1000 61 550 965 941 953 191 680 536 939 427 739 214 473 166 601 367 627 158 52 256 770 542 106 894 679 884 840 925 821 723 606 177 974 713 27 834 133 95 752 683 204 417 286 728 792 545 46 573 62 949 720 686 446 575 450 564 277 19 961 34 970 389 396 825 665 883 764 991 40 121 587 928 596 785 576 414 224 457 483 173 973 138 786 761 468 624 602 430 509 385 422 38 307 631 73 212 23 776 26 138 658 578 840 475 504 565 644 437 236 510 5 620 963 467 899 709 282 191 473 184 47 789 0 693 607 14 856 676 342 442 858 536 28 877 254 9 937 369 881 207 307 965 295 805 418 620 465 120 710 414 197 681 533 880 795 835 609 400 515 310 199 36 177 731 610 474 700 
589 216 823 12 64 727 996 636 391 26 366 30 531 714 497 243 646 170 820 55 618 601 56 76 774 100 259 909 778 703 455 346 987 441 11 949 208 993 369 337 27 45 969 33 833 477 154 856 15 180 565 776 356 444 152 574 556 187 587 38 743 13 63 459 13 699 390 33 612 899 342 709 835 523 184 598 268 298 95 565 310 965 878 439 415 34 409 58 597 367 982 583 702 289 508 964 680 722 108 778 793 562 289 574 586 186 816 884 944 608 41 384 795 993 366 120 445 680 156 693 869 305 791 239 777 709 947 196 609 452 584 653 842 542 835 431 680 882 942 688 140 680 732 612 163 965 832 829 764 966 814 244 259 460 904 498 266 921 544 608 26 969 649 563 936 856 705 93 254 741 192 932 103 14 553 690 233 191 612 88 144 931 647 491 128 669 66 468 872 966 761 682 140 564 117 777 892 455 151 485 530 544 561 807 598 137 393 545 677 485 235 936 159 993 22 716 444 980 940 935 283 699 603 952 332 260 61 476 935 112 165 86 91 959 267 455 731 247 400 983 501 593 926 982 887 953 63 396 299 305 869 820 801 572 870 680 553 735 853 861 519 440 248 839 462 784 651 415 493 307 940 894 989 41 690 783 384 204 0 50 530 42 712 762 830 959 818 353 317 677 587 601 678 970 960 884 500 940 620 703 182 17 285 1000 64 404 935 80 455 56 304 25 757 605 522 673 854 776 30 396 541 892 420 923 208 744 876 83 898 691 785 792 864 529 964 938 711 455 77 377 408 920 242 619 148 749 809 820 542 673 698 995 336 281 10 655 630 570 265 827 272 154 998 544 663 295 37 713 440 611 502 647 863 100 194 535 502 30 791 294 18 314 346 873 405 458 314 378 281 693 574 736 252 636 289 125 220 818 637 694 170 189 229 615 745 337 243 529 365 115 729 38 407 345 811 387 298 892 285 269 941 574 396 289 833 881 74 235 630 423 270 273 836 316 873 650 429 143 162 451 390 303 25 555 637 470 868 911 662 689 668 356 824 560 17 48 87 136 684 784 747 585 269 456 681 166 729 853 442 963 595 62 126 190 129 299 509 924 175 708 869 162 390 863 236 705 140 144 474 207 498 721 616 429 774 923 985 959 57 954 
85 832 870 955 938 27 42 804 127 686 314 257 170 130 204 790 536 721 879 791 243 111 862 179 528 466 419 14 197 869 685 115 257 429 877 608 530 881 326 290 340 360 636 574 947 232 20 419 673 328 755 226 120 317 8 261 470 996 458 623 809 851 315 46 490 117 288 85 74 234 779 682 956 477 289 853 306 688 123 210 142 764 948 692 884 569 391 346 551 859 422 320 21 198 206 70 83 635 287 213 662 425 14 651 246 238 158 267 102 743 334 180 72 584 81 339 522 28 424 707 30 323 161 731 680 686 441 717 516 860 916 981 918 859 79 48 689 921 559 234 871 437 461 379 233 609 783 492 580 457 807 971 829 478 807 818 766 382 289 524 533 507 615 762 912 637 877 734 811 190 512 754 731 573 130 986 15 271 669 648 230 93 105 753 187 905 825 700 198 536 695 622 901 163 879 301 9 541 137 335 136 766 438 661 410 635 431 553 726 490 521 677 400 175 854 173 103 367 969 330 334 499 779 664 620 751 911 460 249 597 227 156 760 546 23 129 640 714 427 230 845 56 237 417 839 43 904 676 711 774 682 763 891 75 540 125 865 661 786 689 847 576 472 458 850 222 929 191 231 324 604 714 146 824 334 333 709 931 130 377 568 146 957 474 369 29 980 111 664 151 345 526 989 621 638 893 621 105 982 411 606 404 858 740 613 466 422 987 120 465 463 912 970 561 436 115 512 292 357 547 792 314 134 300 350 420 282 330 60 757 486 914 814 174 542 799 251 606 906 267 594 498 241 640 527 117 942 633 36 736 661 602 25 301 841 736 641 638 106 928 60 297 990 943 108 443 501 856 415 860 594 851 229 795 288 722 215 398 919 552 135 163 343 265 664 500 840 191 191 943 258 327 338 433 305 811 350 671 573 587 488 55 506 404 860 947 172 280 429 913 297 365 338 65 107 90 824 831 695 55 728 538 978 559 555 467 633 979 835 614 278 919 787 275 947 285 145 998 723 57 714 987 173 331 239 213 883 52 563 531 541 509 904 760 939 182 964 578 257 401 807 58 852 926 763 352 937 476 218 474 914 317 176 1 920 460 510 109 231 98 229 288 266 408 413 909 626 616 628 990 690 583 660 366 2 655 891 474 406 987 
106 185 806 494 449 413 9 485 597 44 646 911 960 400 888 748 853 911 826 124 78 73 31 817 717 100 367 471 787 28 500 639 674 89 514 340 956 982 981 778 614 394 63 433 153 346 382 143 832 77 364 385 300 46 391 207 370 154 955 327 725 875 344 533 307 405 7 117 63 610 252 504 565 548 296 470 934 79 665 501 572 71 47 502 845 559 680 507 764 344 495 336 533 958 824 544 910 892 658 741 444 44 189 517 165 360 154 564 436 625 938 255 5 803 639 467 819 806 121 950 818 933 188 277 49 824 513 264 586 43 936 406 186 266 698 124 744 975 398 356 797 560 948 284 564 230 609 467 622 827 984 344 933 601 257 989 823 199 31 405 966 772 603 719 979 594 858 685 376 571 616 604 33 952 121 231 14 205 424 134 381 849 868 439 99 328 898 356 153 679 563 20 176 653 685 637 923 678 959 922 217 410 561 998 944 666 528 774 866 885 728 646 326 819 845 315 810 870 655 122 217 666 324 607 114 141 780 270 627 366 847 757 345 821 981 989 917 161 442 389 590 167 197 0 465 947 250 178 737 358 722 439 617 607 142 452 264 265 711 103 807 21 523 774 134 583 932 761 400 574 302 82 436 168 479 255 148 384 254 112 596 20 140 93 378 661 73 344 805 809 445 476 508 910 469 304 377 687 561 719 610 811 652 802 793 4 236 402 788 645 467 40 505 245 139 308 142 880 935 666 616 342 238 61 361 409 734 529 707 498 485 688 951 963 946 949 957 911 528 739 802 143 697 532 904 775 341 479 865 744 230 160 30 89 413 756 578 390 596 496 892 217 709 700 97 832 633 66 393 409 121 299 749 813 553 630 770 711 567 106 397 201 454 814 918 697 370 399 675 459 859 295 845 686 411 10 840 116 440 647 204 842 562 997 615 563 834 793 98 636 658 76 813 927 955 368 629 263 438 232 752 806 923 52 610 299 227 10 410 166 335 844 419 311 57 487 252 570 59 239 962 649 914 360 773 854 268 852 376 158 853 287 635 562 490 226 854 451 644 361 600 119 780 372 719 588 1000 43 651 882 319 277 679 504 848 925 173 554 92 104 668 550 497 451 529 764 148 769 347 12 28 81 64 569 224 722 329 505 927 876 
854 841 145 972 539 658 393 389 251 608 554 911 313 302 151 882 469 760 675 506 873 302 739 636 0 463 495 665 736 420 232 951 301 392 897 123 375 117 827 740 493 161 422 894 544 171 325 930 170 7 802 713 272 226 688 370 984 210 656 328 237 836 954 707 953 818 484 391 375 909 283 355 458 827 57 157 622 862 408 265 22 760 494 214 133 961 636 621 140 268 58 462 990 444 889 357 807 25 615 861 6 449 610 75 386 835 341 112 771 337 868 769 551 5 12 831 66 472 790 594 790 635 43 191 977 92 714 479 700 753 909 695 677 906 476 482 168 108 638 246 165 319 517 790 361 372 40 284 308 701 802 132 275 392 563 352 966 719 57 912 106 992 773 81 862 889 575 571 654 683 774 616 229 60 631 57 637 404 155 31 217 513 554 232 353 548 530 607 588 985 769 585 885 278 263 198 842 29 615 876 895 715 471 421 552 133 376 47 75 191 563 322 497 100 981 869 447 566 654 834 962 797 25 29 891 685 52 217 285 733 843 934 505 889 748 262 568 665 179 160 945 891 706 893 979 854 602 194 373 685 664 466 32 924 841 483 980 716 482 818 562 494 634 259 567 565 827 77 284 586 262 59 627 26 266 709 908 764 842 794 88 277 14 86 296 714 145 437 546 994 980 849 503 692 678 520 755 929 540 112 7 407 155 878 630 822 351 568 162 547 547 775 979 160 454 644 612 837 331 617 244 509 859 129 883 722 565 342 678 416 990 889 201 282 16 302 927 485 198 327 37 782 131 85 474 219 177 300 976 823 520 660 808 358 466 856 519 318 374 54 602 81 331 8 512 704 714 160 259 336 602 47 812 814 516 86 360 759 540 661 277 556 977 714 500 413 924 155 239 111 536 116 845 401 501 509 923 35 616 271 434 552 506 47 730 624 207 528 845 319 284 512 164 465 748 976 488 260 187 174 411 408 821 598 970 718 240 587 501 299 34 225 653 685 91 351 447 182 2 108 504 874 806 702 775 1000 862 990 480 704 251 508 869 415 527 62 175 399 483 17 180 516 965 170 840 938 487 647 894 684 468 776 45 969 976 685 746 855 877 371 192 682 720 190 712 204 851 623 547 69 865 43 364 469 254 282 453 110 407 623 
584 388 866 642 776 769 352 813 997 434 309 190 707 854 918 965 182 98 845 134 351 430 607 107 696 431 924 238 204 936 971 384 809 360 352 699 824 24 490 763 690 898 570 973 271 867 136 682 196 162 418 89 691 366 727 127 581 906 430 804 360 741 833 312 199 12 73 8 502 339 6 967 521 295 148 65 0 740 572 324 793 653 408 658 176 257 631 792 310 351 963 569 503 56 383 259 798 587 239 536 418 532 446 970 249 756 203 573 319 289 696 741 298 851 164 589 680 286 979 508 807 892 73 705 72 832 857 916 413 564 537 940 298 938 757 674 960 22 246 266 824 900 463 3 49 691 21 796 963 858 19 200 118 139 614 766 712 521 148 168 190 491 420 924 848 977 889 873 630 637 644 625 414 961 713 227 627 647 886 807 153 415 354 674 78 993 193 10 519 972 951 923 248 0 750 28 853 532 584 888 514 43 451 363 716 783 679 207 829 786 487 530 432 553 879 522 489 579 705 126 660 236 770 813 644 460 229 193 887 828 600 137 868 753 608 300 958 939 825 105 708 753 211 77 833 450 115 782 280 762 938 892 920 525 36 828 151 499 940 806 66 776 457 461 257 230 88 564 569 880 373 590 443 283 301 184 9 338 413 34 839 574 730 20 831 823 248 684 744 86 904 647 506 393 438 735 40 259 976 841 717 637 917 680 146 730 225 935 152 706 735 76 359 430 245 357 163 849 24 313 158 168 961 289 986 547 508 167 715 163 733 663 481 319 781 446 98 117 559 818 69 506 920 668 586 340 761 552 427 725 882 253 855 871 283 83 43 198 612 232 719 429 143 704 537 444 538 750 142 65 644 496 997 239 543 315 873 286 927 968 184 652 800 512 173 885 184 750 715 711 361 339 202 785 866 803 274 596 183 310 843 953 87 987 789 827 496 279 630 199 226 72 985 748 649 344 0 912 723 129 39 55 141 425 188 891 531 148 105 190 170 598 519 521 635 794 981 19 816 766 429 695 749 27 334 496 311 450 550 134 439 854 752 752 736 38 62 56 364 708 723 855 725 599 496 897 861 251 645 905 847 667 631 956 849 450 921 215 293 707 526 647 294 732 145 482 537 132 559 616 793 457 839 768 915 907 914 574 167 822 
324 542 461 798 359 140 105 716 525 459 39 859 609 68 819 156 477 197 330 851 909 609 550 432 308 362 266 813 421 980 3 696 24 649 652 597 687 948 668 52 503 81 983 90 229 36 621 39 820 458 306 208 712 802 569 535 759 771 520 800 38 175 759 289 517 970 167 446 313 735 262 591 593 7 368 725 118 98 572 618 368 72 134 786 978 305 136 485 73 311 203 759 590 492 316 427 242 782 202 551 535 795 584 726 61 842 837 291 943 907 681 615 312 426 735 695 297 674 566 983 483 349 343 291 605 922 89 142 426 581 351 375 668 520 893 441 717 629 279 535 623 649 538 576 881 658 415 469 335 968 386 558 170 167 43 679 357 285 382 164 204 879 35 665 142 809 181 848 975 654 215 161 307 952 627 526 909 810 885 273 395 398 808 454 715 787 295 798 663 307 307 10 120 408 144 961 177 678 87 30 446 513 521 809 194 152 669 283 359 440 150 718 903 569 835 299 381 672 775 767 248 870 74 19 743 161 153 406 34 979 290 693 180 166 643 879 14 254 640 667 595 978 968 764 128 497 123 253 369 287 523 695 982 445 570 587 476 275 740 87 950 214 382 988 712 431 975 81 171 180 230 945 699 656 666 520 920 153 599 747 856 817 191 847 525 743 16 738 211 489 237 597 359 682 483 216 825 273 142 520 2 691 531 440 540 803 735 726 696 636 876 385 372 850 381 300 826 570 928 473 136 656 798 228 156 648 155 231 267 205 924 533 433 352 706 819 945 720 95 669 207 913 298 814 414 884 960 904 862 134 269 191 597 154 49 148 385 79 151 137 961 156 412 905 270 878 696 308 765 90 901 781 564 938 392 540 4 242 266 112 514 867 237 488 946 162 764 239 632 299 930 210 435 36 97 395 139 913 832 965 920 340 637 848 436 305 148 720 663 709 327 586 459 32 253 72 792 728 932 576 549 224 818 730 62 298 650 201 595 704 567 249 141 674 406 758 669 902 831 732 298 789 141 709 117 738 316 623 289 929 29 701 154 622 609 886 8 923 546 717 12 123 501 278 290 814 5 464 545 302 207 71 632 487 240 132 237 169 689 470 364 3 542 714 23 322 394 66 684 512 752 693 112 554 315 766 461 47 252 974 
116 392 812 861 209 691 627 95 928 987 933 147 994 166 189 372 409 941 700 306 764 976 957 487 534 110 506 523 4 456 751 730 155 533 235 65 389 95 599 367 248 972 622 690 905 285 274 499 586 903 295 994 647 685 909 370 372 433 327 217 347 515 173 522 727 902 29 297 723 481 22 561 604 639 816 317 295 418 510 160 333 484 360 720 115 316 862 391 564 489 337 296 51 298 26 169 388 632 53 95 185 826 27 794 837 520 744 163 242 425 34 45 534 136 942 436 12 201 279 388 471 148 464 180 498 651 598 70 675 332 160 448 889 721 239 221 625 485 627 982 377 81 865 953 797 238 685 608 499 265 940 895 224 854 134 4 886 4 388 392 250 463 818 287 695 481 802 875 29 780 156 902 247 527 131 84 105 616 164 804 561 859 587 41 661 879 387 731 964 696 987 342 858 221 598 101 784 233 943 533 288 767 80 821 398 158 715 414 95 496 528 229 548 297 513 546 951 193 243 253 982 391 612 528 852 579 325 735 29 847 257 412 387 553 778 343 249 883 242 954 725 873 422 905 260 511 299 864 160 859 792 252 834 765 451 417 252 773 544 930 521 477 726 320 681 113 935 392 191 975 384 701 313 791 395 660 856 56 571 179 674 529 963 601 148 813 527 997 943 126 753 157 874 974 460 199 88 620 331 731 680 309 135 227 279 139 89 946 943 303 733 90 558 268 698 327 741 889 5 605 876 558 339 134 52 600 494 921 888 976 39 442 313 652 262 962 442 74 612 869 440 83 862 753 32 613 677 328 436 109 142 969 821 133 210 436 676 685 540 497 6 180 819 670 592 662 642 342 637 866 493 753 79 781 656 53 853 228 982 282 963 822 526 817 732 630 608 653 764 580 123 386 74 28 716 483 61 915 256 449 938 559 945 881 887 199 489 574 131 318 279 336 397 287 302 225 356 966 799 900 416 133 277 215 222 514 331 17 421 810 136 391 105 159 111 865 602 611 341 243 394 945 599 306 166 190 278 651 15 956 11 910 426 195 20 664 132 275 944 785 553 747 642 638 636 566 954 712 337 195 640 142 916 149 712 532 938 660 410 85 116 850 829 516 849 775 340 15 419 863 878 607 294 950 545 100 364 415 602 493 
3 516 220 171 386 109 417 914 382 501 894 599 389 162 557 826 991 24 52 98 85 668 548 741 19 271 117 557 575 215 813 253 219 725 229 245 473 715 376 722 56 603 497 371 156 467 757 51 890 848 467 778 209 150 588 823 631 886 44 625 614 654 486 925 864 427 452 704 801 612 456 622 185 5 827 519 407 476 796 962 880 306 600 62 25 954 14 861 508 724 790 152 437 677 16 911 286 281 654 125 733 914 728 947 551 335 160 543 32 955 414 502 108 722 391 425 593 971 305 891 771 825 973 677 76 230 552 34 386 887 1000 556 482 104 403 312 103 360 749 887 408 194 959 903 930 562 648 436 197 155 292 363 355 414 752 377 100 382 940 24 824 434 213 2 22 39 256 19 44 912 359 108 754 409 211 740 70 262 775 612 375 760 870 561 969 753 288 959 186 820 736 587 696 942 644 702 647 710 286 142 665 387 672 74 303 284 570 722 585 947 391 244 841 232 444 346 894 458 695 925 528 744 433 843 964 338 62 717 899 55 205 313 66 360 257 835 241 114 894 917 664 496 795 325 176 641 502 780 298 588 663 828 412 750 588 481 963 347 15 348 736 959 413 216 400 288 804 666 725 725 308 253 543 788 377 303 36 158 440 832 437 751 986 835 766 822 494 480 976 718 403 140 109 465 264 254 18 940 90 398 713 72 744 876 561 857 946 586 899 12 422 688 801 477 979 706 230 234 523 511 157 271 250 933 217 508 48 466 68 387 194 758 873 238 220 267 216 609 85 186 8 742 124 683 753 584 307 570 577 233 898 636 358 837 124 721 291 67 456 735 541 554 924 338 712 577 988 671 437 812 729 88 904 107 393 335 624 54 632 990 404 275 204 487 472 867 685 853 758 827 387 343 327 511 732 717 801 320 905 249 410 810 653 938 3 918 872 693 797 41 58 815 121 973 787 118 762 784 584 398 906 872 241 592 288 881 305 48 866 340 790 401 122 231 819 560 762 467 345 650 194 886 236 361 247 646 41 737 73 46 608 820 145 543 10 169 374 869 535 135 338 659 623 671 683 573 40 920 374 754 811 924 462 712 144 837 640 958 253 719 209 401 530 946 676 485 841 686 842 965 584 548 151 518 449 80 771 446 587 349 
702 436 788 33 680 97 894 441 317 925 375 451 855 270 766 366 678 922 85 567 823 489 136 1 726 553 504 741 319 451 738 813 908 818 746 244 772 180 748 66 405 11 164 86 917 156 568 18 62 662 95 695 459 332 291 652 608 258 421 1000 663 839 811 120 963 35 248 677 506 74 644 886 120 866 142 486 286 628 742 431 427 907 545 543 697 218 298 266 588 710 234 89 552 893 668 799 868 984 116 453 811 944 956 137 334 484 821 322 327 990 667 834 779 555 209 701 622 265 540 328 212 787 320 240 344 910 932 744 185 858 775 793 901 674 881 94 594 405 849 968 175 125 898 508 567 994 663 79 456 660 854 78 605 118 779 104 217 281 856 47 665 685 396 84 533 970 497 684 30 945 135 41 562 805 894 183 814 15 600 569 745 231 543 283 33 614 749 890 425 855 937 336 706 375 49 592 348 185 233 496 929 140 969 812 499 418 590 882 420 707 759 62 625 947 329 559 813 150 678 790 980 782 347 618 829 262 368 516 265 991 696 817 29 970 488 548 752 404 889 448 677 819 481 228 382 43 91 822 337 516 79 667 599 986 5 2 574 440 732 297 897 948 306 837 151 244 325 251 78 727 293 120 870 8 525 680 420 68 172 569 702 491 646 819 165 8 547 787 667 57 548 172 547 421 699 706 121 608 65 331 692 369 683 684 715 307 630 362 406 19 900 492 415 817 251 355 902 121 128 316 361 971 807 865 890 642 518 438 441 680 336 496 302 429 69 304 773 829 304 505 484 950 262 386 593 230 203 888 96 584 983 730 991 114 996 818 322 633 287 835 500 999 762 537 374 402 223 583 81 181 922 866 825 433 511 855 154 475 799 94 121 148 239 519 1 53 493 117 340 639 666 487 386 595 264 969 361 923 216 227 292 63 664 287 417 381 643 419 321 958 544 80 717 395 664 447 190 26 410 621 501 83 260 783 969 823 175 317 250 746 203 306 826 62 504 816 554 630 984 604 27 630 441 221 187 375 608 927 435 687 947 693 146 520 415 327 220 505 676 413 399 247 161 251 180 620 663 632 775 779 361 743 356 592 64 77 184 412 326 837 339 684 100 167 256 829 117 848 124 349 130 865 158 810 29 501 932 397 379 651 
707 464 391 610 241 314 529 807 307 218 80 757 354 111 405 509 525 905 626 478 274 459 632 739 556 54 921 339 460 686 918 272 4 669 53 127 787 333 718 582 669 653 17 455 518 72 441 199 716 484 204 730 767 92 89 596 133 215 997 196 710 618 540 266 71 923 563 92 199 523 487 506 560 938 632 964 377 170 631 943 804 189 619 170 427 219 354 129 723 863 674 605 977 223 564 792 580 723 298 349 284 225 345 438 591 821 525 987 643 815 197 242 602 802 240 258 541 689 880 739 402 13 623 979 3 688 856 909 907 912 308 692 793 794 339 847 556 6 768 74 4 4 110 882 848 978 403 64 940 921 941 710 871 674 163 816 470 944 442 793 922 628 185 992 704 288 327 974 236 123 403 188 689 262 467 585 80 971 660 370 380 653 133 488 419 877 421 91 569 164 815 454 849 513 963 951 496 754 715 26 712 255 329 640 504 807 750 357 834 480 576 446 231 969 177 805 991 37 593 81 499 920 193 631 419 61 708 960 702 459 981 178 508 911 338 432 152 851 759 193 220 151 299 479 28 28 855 22 736 657 584 180 214 612 111 830 872 629 686 105 869 559 52 640 912 657 226 398 17 95 910 667 404 957 653 796 677 839 947 269 579 399 409 498 368 424 293 926 878 590 954 939 735 191 299 567 168 274 951 89 74 374 267 714 171 678 798 21 904 779 342 696 151 900 433 930 908 133 914 184 69 971 818 728 455 990 87 121 689 511 591 668 333 319 297 12 431 234 96 812 729 958 248 417 826 839 766 354 355 239 218 230 521 369 894 409 807 353 271 191 109 559 91 392 965 843 195 446 198 800 980 911 774 990 301 306 565 777 949 591 645 356 867 242 887 642 137 671 38 623 56 31 119 970 87 519 913 2 722 603 972 150 215 628 845 646 944 945 428 295 932 990 392 826 224 231 280 235 908 726 491 120 406 59 163 24 866 140 830 618 508 337 848 74 146 341 732 689 664 471 939 852 494 849 379 206 68 108 449 247 720 778 134 617 539 311 194 265 547 964 485 582 741 675 288 742 731 229 411 563 524 67 139 57 750 577 122 134 47 793 889 931 684 775 217 568 502 406 225 540 248 130 524 568 416 399 925 659 106 533 
878 342 719 316 556 733 60 429 746 422 123 15 990 441 110 100 602 898 159 835 239 880 660 451 790 109 0 46 668 150 236 606 877 918 129 136 780 774 319 748 826 317 494 874 469 886 358 102 310 472 642 731 251 523 209 571 275 384 404 315 138 509 88 21 984 464 865 178 527 25 884 502 327 453 495 396 957 375 198 310 734 745 30 811 545 534 768 218 900 907 863 127 834 976 141 402 512 22 70 628 688 475 915 116 639 71 888 10 767 92 135 551 238 813 349 383 325 7 676 424 212 348 4 155 579 824 998 811 99 71 505 576 834 844 485 8 606 471 880 294 389 339 540 319 516 995 579 118 915 146 540 432 189 122 742 363 171 186 943 565 398 862 715 6 140 17 898 80 135 590 500 49 910 365 679 464 77 27 274 998 96 628 509 818 959 478 852 824 991 944 637 807 655 899 318 801 559 845 623 992 629 353 395 608 259 229 918 356 515 611 513 793 541 508 186 922 195 377 966 66 110 153 935 41 400 953 282 25 588 598 589 554 56 986 160 556 64 744 138 11 10 522 408 169 682 929 776 150 366 261 79 71 973 982 430 899 31 321 920 879 985 590 225 509 474 22 312 266 92 990 540 694 743 912 72 445 822 225 575 507 209 661 375 756 204 37 438 922 412 252 541 138 821 366 138 75 118 660 19 445 401 918 903 771 474 767 52 623 148 500 519 609 640 872 413 925 534 31 394 70 732 693 249 325 111 637 952 668 88 301 575 906 856 512 396 765 880 797 747 837 393 185 741 72 538 703 80 942 237 470 996 290 863 888 257 496 405 171 940 124 135 712 575 325 485 39 419 398 423 237 544 803 427 592 9 622 453 51 216 393 398 324 614 216 502 207 481 80 245 986 920 924 325 369 595 361 286 580 973 1 988 173 957 215 688 52 111 261 650 286 597 132 850 640 287 275 972 329 992 695 261 88 987 781 880 347 394 360 470 111 646 203 352 407 262 91 355 334 472 300 289 931 246 921 330 70 938 123 939 891 898 493 670 386 537 879 973 341 798 153 211 479 476 955 145 118 335 674 897 344 458 549 316 109 90 205 127 179 109 610 139 750 348 972 338 845 901 432 47 789 40 374 749 526 823 179 225 307 808 715 
454 241 751 937 99 699 89 474 757 476 297 786 590 926 605 98 441 998 353 966 889 453 742 796 524 103 625 622 807 96 987 167 387 817 4 852 188 295 688 243 805 17 386 799 955 592 172 136 410 85 880 336 827 790 388 407 814 601 388 404 46 527 969 843 160 382 617 890 790 233 165 498 589 865 569 3 832 389 519 952 312 625 615 464 372 588 466 865 842 94 485 37 394 520 339 381 101 263 184 738 28 414 215 471 679 356 777 653 208 35 255 826 196 836 281 508 866 160 547 218 389 125 28 504 185 802 833 767 253 834 205 59 283 245 485 911 212 179 512 760 22 972 155 758 834 946 516 143 240 493 196 430 711 941 757 684 914 957 357 451 673 206 723 853 689 888 896 751 39 124 639 373 182 527 557 113 940 621 183 672 766 499 704 946 100 792 695 130 670 128 788 409 965 42 265 785 652 958 714 792 332 516 418 564 114 276 781 852 474 769 944 674 586 966 516 645 349 604 858 485 26 97 402 585 51 806 376 861 28 601 386 839 808 151 8 164 477 726 919 974 132 922 739 1000 158 759 132 438 12 993 678 863 609 516 577 575 98 769 183 452 854 245 438 411 546 861 758 279 65 258 167 980 172 1000 960 723 382 422 346 757 689 299 186 582 295 428 183 251 481 170 718 803 423 432 38 783 613 78 275 551 560 286 822 409 444 606 29 15 960 329 900 530 586 77 399 749 927 981 485 940 366 970 810 297 200 312 755 491 872 112 680 263 305 839 133 814 971 316 173 846 632 172 137 369 483 72 460 664 220 844 555 756 694 303 139 529 435 851 773 738 648 996 698 192 668 378 918 719 612 116 853 840 183 954 282 144 88 831 102 695 919 566 662 917 51 800 184 365 902 791 709 890 467 724 118 957 386 404 582 79 839 640 276 529 844 575 91 665 585 72 266 128 433 433 211 176 704 199 881 465 241 978 767 580 233 42 963 245 768 540 642 455 594 678 755 445 19 638 601 2 966 355 869 667 623 753 272 521 232 955 705 795 706 666 211 361 450 153 983 600 82 431 755 601 214 40 48 87 572 696 423 954 98 681 724 792 876 386 623 960 956 538 370 73 300 484 863 846 800 294 613 348 851 188 762 518 187 234 153 451 
589 398 171 303 434 819 638 274 537 191 70 505 860 50 329 595 311 148 898 476 236 440 490 176 156 45 375 106 607 966 259 586 462 680 202 275 972 817 527 512 930 513 879 812 117 310 567 598 636 378 74 714 19 518 728 467 572 113 438 495 564 736 82 971 646 81 332 280 472 962 508 829 697 326 435 552 277 911 437 776 735 499 780 770 571 121 792 687 191 462 566 955 941 550 114 122 905 450 151 511 907 229 593 384 928 16 114 744 110 173 23 150 679 689 19 32 25 203 863 260 941 647 593 80 591 810 518 374 76 9 89 866 460 50 848 639 598 372 945 882 555 152 745 528 565 451 241 318 503 913 706 707 102 867 887 946 968 524 257 371 734 646 471 931 387 565 834 286 798 90 976 673 103 669 176 958 769 976 234 29 996 156 318 98 265 520 691 867 319 776 450 809 378 844 264 198 600 599 124 394 113 665 184 903 20 449 931 629 138 369 472 404 901 179 944 780 14 744 770 841 449 785 306 806 879 763 96 757 742 979 520 303 618 764 874 416 305 378 872 269 622 862 748 118 305 661 16 117 522 49 390 182 314 171 359 837 226 739 323 872 148 295 358 432 803 927 829 993 196 751 946 82 741 577 454 794 817 937 774 959 567 976 837 220 627 604 44 800 24 492 986 944 645 388 480 506 984 455 84 132 776 732 79 763 837 183 258 778 197 568 327 577 959 785 503 823 496 826 271 895 900 219 184 458 177 313 801 991 271 10 574 128 845 493 485 405 739 987 546 24 85 805 401 215 360 145 801 735 922 378 187 519 166 114 960 338 582 934 586 184 629 547 195 852 742 130 710 530 372 364 821 451 769 428 328 238 287 623 182 509 456 999 125 717 370 850 931 457 262 261 187 334 759 179 990 113 799 324 125 522 594 137 612 312 626 50 963 512 591 278 466 978 75 557 389 919 936 698 656 621 86 156 12 658 899 731 352 360 137 821 897 730 803 499 457 194 944 404 740 670 159 570 845 816 751 851 179 16 793 136 168 266 947 703 845 431 386 163 232 758 817 695 585 293 547 359 430 874 871 8 778 154 205 606 909 705 356 121 410 22 582 943 612 99 435 434 305 677 74 890 884 319 776 415 599 960 254 429 870 551 
64 760 481 44 47 873 728 772 531 628 664 954 174 105 980 611 330 88 643 504 387 121 893 879 492 926 279 654 817 986 943 227 499 451 771 126 734 584 615 882 819 645 377 268 929 524 240 874 475 220 840 803 449 31 108 933 996 631 619 616 44 942 652 397 365 900 320 812 311 538 506 112 613 200 220 726 603 948 764 976 160 359 665 542 887 622 834 756 668 349 674 384 29 898 869 572 773 829 398 236 941 94 419 970 661 906 721 202 742 154 932 192 979 744 432 707 939 622 906 522 583 37 491 203 871 136 342 440 16 229 942 81 691 795 71 197 456 798 654 393 553 417 385 7 519 444 11 715 182 34 425 867 16 864 507 997 628 761 337 746 277 274 457 131 103 866 849 172 606 62 488 719 246 922 475 998 60 575 427 544 77 909 72 847 975 441 317 582 271 207 133 271 670 99 498 86 450 927 347 930 827 418 179 41 158 720 993 634 925 481 827 78 919 6 374 547 145 495 594 487 862 768 575 137 445 59 900 736 325 273 217 640 965 729 545 464 236 705 197 66 794 988 938 694 124 469 718 593 421 229 84 546 901 980 455 640 298 92 836 800 177 833 998 73 963 981 131 578 558 120 623 232 883 166 77 224 867 917 86 275 723 469 843 562 848 132 554 797 403 486 627 667 617 507 189 562 138 863 665 972 220 232 274 718 377 372 378 306 609 898 541 194 283 774 643 742 904 578 424 146 231 66 103 901 902 902 178 866 233 525 56 92 939 899 318 539 831 994 446 813 655 635 421 82 93 211 817 302 938 926 675 453 248 708 743 236 289 824 893 869 978 331 277 674 524 533 863 843 525 289 443 333 552 77 221 980 823 43 962 978 415 619 767 433 946 996 585 751 350 477 260 469 860 852 986 23 40 0 504 624 516 850 477 127 134 17 323 859 317 156 792 453 531 391 132 335 595 65 868 140 871 165 821 149 773 221 357 463 986 128 54 15 112 662 659 545 341 80 843 970 327 407 989 407 902 365 627 187 397 56 764 75 917 677 447 748 764 378 703 708 564 12 875 359 937 362 50 712 559 186 777 256 30 423 674 774 740 117 612 369 37 19 68 426 756 791 66 748 275 720 839 235 505 394 304 361 918 711 575 278 
29 70 305 810 70 799 315 837 220 448 539 826 130 3 323 762 436 186 941 277 490 212 285 498 920 546 319 139 397 528 307 209 127 696 424 64 426 79 394 322 780 421 634 913 799 242 556 906 855 2 570 288 619 917 295 326 698 149 781 998 19 292 42 137 405 615 814 347 508 415 416 484 986 936 852 358 42 854 929 930 973 322 409 924 20 206 904 921 649 410 392 832 761 861 354 725 374 213 196 891 816 508 430 771 532 336 990 873 513 820 892 18 280 445 452 384 292 966 686 496 614 719 536 576 384 889 70 460 792 248 144 82 853 918 360 803 974 382 930 666 640 772 536 320 199 423 285 69 684 664 903 659 757 824 603 685 789 406 979 233 71 717 221 269 141 227 823 127 305 717 668 320 812 325 610 768 957 533 480 927 501 616 144 404 573 769 70 493 869 975 354 813 79 294 35 168 112 151 59 572 968 679 288 430 15 40 989 731 496 495 158 99 558 741 702 114 675 627 291 314 878 87 738 512 314 802 813 840 583 11 303 90 328 186 111 339 396 599 800 706 829 334 62 167 611 472 84 767 772 570 467 843 844 413 449 136 901 628 413 73 405 25 349 949 54 928 976 112 886 72 87 878 704 781 577 890 612 682 689 577 672 2 947 999 640 358 655 822 68 854 724 164 734 709 699 803 568 485 53 184 329 160 768 341 107 84 946 383 491 439 953 70 903 123 987 289 417 606 215 411 301 616 916 572 759 89 987 626 552 427 71 548 540 929 675 969 991 729 24 462 207 16 907 508 166 468 718 806 890 130 726 294 10 556 612 798 581 432 704 698 43 679 182 595 794 224 81 512 456 225 176 91 795 230 875 577 296 883 22 137 883 410 706 286 681 129 426 423 838 404 250 168 683 685 878 480 877 539 0 42 1 184 128 644 970 795 690 969 192 226 396 662 814 125 113 958 587 932 570 370 547 433 881 764 300 559 381 843 54 752 288 625 541 556 56 954 748 938 423 816 75 49 319 243 364 384 977 709 428 917 952 143 645 592 512 199 40 269 591 327 678 537 154 739 513 22 359 712 767 879 82 748 804 644 370 937 67 819 194 361 595 15 459 112 643 734 157 137 438 49 732 995 224 585 32 627 27 697 703 95 
87 699 669 823 158 182 470 804 193 726 623 16 55 813 959 50 904 18 712 589 368 174 501 867 552 279 63 668 141 800 204 139 803 344 117 994 87 969 654 591 552 821 94 862 159 768 838 448 62 91 902 267 39 267 501 941 516 797 755 985 143 762 484 730 124 710 725 794 454 546 176 580 96 318 701 922 971 936 651 241 190 255 791 778 100 591 131 777 829 815 133 962 35 669 535 186 244 120 533 199 428 199 104 467 947 553 368 110 706 787 268 696 555 820 457 906 826 37 611 299 341 732 409 678 524 459 671 46 242 769 817 341 843 681 596 371 406 561 150 342 296 198 880 169 644 140 823 473 504 757 156 561 978 221 32 766 623 869 1 21 986 876 438 276 111 225 798 377 319 662 425 432 883 540 352 825 792 18 177 158 955 385 242 160 405 341 827 581 440 411 670 498 282 147 875 186 941 882 277 976 192 402 200 254 517 4 601 142 932 621 154 102 306 86 141 515 272 315 707 891 896 373 677 728 169 531 412 629 218 431 865 948 879 42 299 419 709 782 288 202 826 659 805 781 115 712 225 518 972 659 308 794 598 829 722 978 781 909 106 423 840 126 230 854 37 883 403 355 778 169 383 441 333 411 666 892 444 413 561 872 396 300 412 450 835 179 275 993 200 398 147 624 859 274 995 597 696 283 461 597 927 123 95 883 705 517 875 37 682 132 796 62 353 249 762 222 709 762 941 828 152 142 272 31 754 90 411 282 228 433 909 323 24 202 778 233 429 854 984 361 808 764 887 278 144 78 197 626 381 915 909 327 372 253 400 666 854 848 124 304 602 296 690 691 745 807 787 823 276 827 387 365 55 904 275 325 306 355 603 267 880 680 710 562 271 811 248 981 71 836 368 235 164 819 580 284 826 375 290 519 241 602 753 631 926 773 845 447 370 419 883 301 402 809 148 216 869 174 518 210 352 98 85 846 882 41 335 935 696 430 818 928 56 94 346 401 805 969 670 861 860 741 876 164 742 471 19 773 297 895 716 255 101 397 460 198 694 688 631 618 666 847 812 868 288 52 193 193 445 384 811 271 671 178 451 972 910 875 322 6 994 315 288 533 665 349 425 118 47 771 663 447 510 169 710 755 650 922 364 652 
717 625 616 788 255 775 676 323 937 470 4 813 276 438 15 536 435 566 894 376 723 492 273 256 803 516 642 235 401 453 458 981 452 965 451 103 157 545 705 854 676 828 988 574 938 116 103 579 831 787 745 312 904 828 102 834 793 202 901 258 648 1 366 965 23 854 380 838 186 741 807 461 13 332 458 383 855 797 893 755 493 777 857 771 553 620 784 179 690 787 502 170 605 702 989 988 493 583 694 97 774 933 333 233 808 629 259 949 814 790 165 308 158 438 570 30 845 974 585 849 278 388 770 535 615 140 621 569 56 617 652 46 806 53 339 862 974 454 386 559 209 952 433 836 746 73 746 626 811 323 506 729 27 678 855 341 996 512 847 24 205 660 191 201 81 207 191 120 278 773 32 650 329 96 476 456 717 763 695 465 723 638 695 948 776 95 108 511 248 207 494 250 813 252 527 795 873 365 635 902 255 721 896 256 584 405 917 926 182 634 678 967 601 402 179 543 130 345 136 471 226 803 247 860 522 429 426 599 632 403 404 736 32 51 326 555 384 699 96 903 865 493 535 655 46 440 452 402 205 611 816 348 306 495 45 181 853 167 742 831 16 401 557 586 76 236 357 30 292 447 328 511 253 332 119 118 547 870 952 872 794 710 160 713 473 431 972 279 312 138 623 805 611 383 433 197 404 769 302 513 345 374 702 717 149 205 23 312 273 468 63 307 262 531 123 837 963 183 348 180 870 239 523 831 112 662 771 476 569 110 386 922 230 177 511 650 404 978 824 350 63 100 671 13 717 955 41 566 762 655 579 529 431 669 715 281 591 204 175 1000 12 188 587 566 953 711 770 421 219 326 40 188 684 615 796 16 305 546 732 871 658 1000 141 697 490 66 533 212 305 962 398 776 233 857 921 763 603 532 109 93 622 156 575 145 293 43 629 867 31 658 301 964 52 488 670 82 358 165 893 421 383 216 761 17 958 570 813 324 120 410 286 61 414 87 932 525 389 912 246 936 575 416 323 649 159 930 443 373 310 372 649 703 963 945 956 481 63 494 608 355 408 40 298 957 853 910 440 800 163 954 600 796 481 412 874 118 141 202 316 880 985 72 407 306 190 840 895 250 94 875 135 594 421 864 196 876 663 885 860 912 
647 611 235 400 426 807 239 557 276 264 708 769 552 467 369 194 297 932 391 770 418 37 186 133 749 776 465 17 673 704 55 325 822 481 481 948 356 63 855 669 36 443 82 347 817 35 725 650 404 683 944 101 564 392 717 29 648 725 687 529 925 396 354 431 248 475 770 388 277 641 447 0 553 111 185 987 563 808 966 587 308 246 678 852 58 977 767 148 46 574 822 994 753 244 300 630 743 149 483 691 0 802 749 697 825 446 571 960 61 828 563 888 184 613 560 340 395 729 747 803 945 535 86 178 898 976 433 47 723 211 560 14 789 565 458 911 995 327 816 434 966 319 591 752 208 709 96 615 427 230 100 676 374 691 581 7 191 207 569 772 806 425 364 543 596 105 492 473 598 418 642 234 980 34 739 208 425 24 860 479 379 3 343 413 907 506 569 754 789 570 871 934 828 251 788 782 822 328 563 217 737 94 163 21 685 660 734 685 74 267 545 103 274 613 352 538 149 838 867 942 276 410 389 486 27 972 869 561 934 234 191 566 707 735 589 190 41 565 422 704 405 519 645 48 846 81 680 312 24 914 640 700 586 397 462 772 848 521 510 74 696 163 831 982 760 473 24 501 831 871 751 32 373 88 232 679 896 979 155 795 904 581 788 178 385 230 737 143 616 644 261 668 975 999 894 588 965 459 405 506 209 831 907 623 96 377 553 189 199 442 556 709 133 838 778 790 17 3 297 552 456 551 303 614 104 271 828 643 303 963 530 2 713 426 287 731 679 452 361 213 3 632 794 515 368 778 676 493 485 311 132 763 492 690 909 12 149 919 116 775 903 896 706 885 748 2 699 266 855 686 929 939 435 255 227 605 321 337 800 988 437 359 791 976 456 318 42 958 29 699 76 705 71 375 825 806 20 95 459 322 844 67 878 139 246 258 364 328 702 613 991 646 799 726 973 137 883 916 915 132 512 562 654 276 91 715 476 672 366 738 754 506 704 478 764 998 76 248 33 425 809 341 945 102 450 484 715 536 888 304 552 481 421 266 484 13 249 844 931 608 117 23 364 527 120 164 969 407 901 961 29 839 860 590 985 853 607 982 489 171 516 155 587 82 574 516 462 684 184 657 378 891 142 59 448 160 833 183 928 220 
524 747 633 521 332 738 599 735 663 182 241 476 611 258 31 641 755 504 377 742 852 929 566 34 760 795 403 403 575 176 421 812 280 78 656 875 124 180 299 266 900 343 650 344 281 538 704 641 88 685 57 115 178 986 934 554 527 569 799 685 743 572 945 533 392 333 716 459 209 5 321 702 407 364 28 912 550 758 964 480 308 526 686 128 857 230 395 411 843 145 328 878 106 704 867 432 119 348 583 266 152 406 326 245 91 61 203 293 346 13 242 167 204 851 719 459 215 95 550 35 81 443 933 928 458 599 270 61 153 818 389 791 409 422 279 889 8 530 424 55 544 655 268 731 721 266 145 453 535 530 202 58 56 292 323 529 845 431 97 894 510 941 779 72 39 179 933 95 209 962 829 752 27 975 6 74 963 839 9 302 813 397 768 156 372 419 724 970 201 338 534 936 507 15 962 587 891 416 646 762 902 705 49 347 38 696 406 283 52 806 963 45 145 358 249 404 853 191 347 793 940 63 492 890 442 718 124 255 721 305 364 748 864 332 320 15 458 445 63 959 572 741 721 126 271 518 860 74 335 851 382 589 49 475 503 137 120 730 305 573 527 920 875 307 821 740 280 853 618 783 463 50 655 180 114 191 342 330 844 240 318 413 47 354 797 837 661 59 879 276 84 567 233 659 460 59 40 207 158 458 8 214 996 793 360 650 341 194 852 420 535 46 143 445 512 25 770 197 470 546 631 750 338 794 757 300 109 954 125 263 371 856 108 985 469 796 884 852 177 435 634 597 161 73 74 340 868 312 335 730 301 346 108 167 633 330 563 718 25 651 888 624 29 364 30 799 743 223 428 691 927 635 220 235 459 608 138 115 664 175 492 545 997 116 309 966 558 796 426 959 478 991 649 404 907 416 451 842 110 392 716 830 335 76 465 193 621 310 435 461 299 421 930 940 875 155 225 626 551 562 826 336 673 67 491 943 480 351 630 39 351 330 346 588 493 257 870 528 955 115 499 983 198 476 376 826 480 536 882 43 475 18 504 863 420 86 842 304 354 285 712 426 678 142 734 191 327 978 18 702 736 107 490 188 601 835 562 550 18 318 558 35 930 436 887 363 382 77 917 208 834 379 372 459 320 467 163 441 457 307 
981 957 951 499 100 130 853 399 687 803 906 646 223 755 970 910 151 993 582 687 690 757 893 11 383 695 864 783 379 447 253 569 690 14 48 690 529 106 814 581 263 556 112 521 363 647 517 116 521 229 777 853 633 583 243 966 48 299 645 955 514 688 847 327 776 895 12 236 594 869 289 50 572 741 68 674 286 449 368 136 4 595 687 379 597 831 134 906 587 321 983 788 456 666 174 463 762 12 533 617 485 434 914 973 808 968 747 993 684 378 433 349 40 572 370 225 787 973 222 719 765 802 831 661 651 376 594 511 602 672 618 252 887 46 598 367 535 728 711 235 538 870 555 931 647 867 91 44 115 878 312 600 658 569 865 213 519 77 672 361 577 130 59 345 618 219 769 147 610 1000 86 172 697 691 610 606 766 450 592 781 140 881 7 192 179 931 415 334 884 408 78 218 343 959 515 584 623 87 703 420 680 49 800 844 528 799 421 931 927 346 652 551 527 414 155 724 865 654 814 330 790 110 944 657 599 976 65 252 839 596 406 212 591 682 732 83 432 270 443 839 937 662 563 297 618 13 678 914 214 889 980 360 164 533 591 31 614 152 495 976 646 402 48 186 157 739 972 885 594 227 573 461 418 676 717 353 302 408 201 365 496 590 372 69 72 128 256 607 277 490 724 219 403 996 418 403 256 27 815 404 440 691 580 111 521 129 381 780 642 59 245 425 482 836 550 526 454 322 229 458 568 320 108 8 643 785 185 226 253 72 776 601 634 240 330 732 887 961 12 228 507 604 780 553 398 722 42 914 484 517 53 828 2 459 106 583 40 425 494 178 873 740 861 24 634 889 99 461 679 82 552 861 204 460 628 555 761 826 854 887 69 597 135 561 175 520 628 298 310 655 312 332 836 802 910 839 867 879 688 710 282 412 239 521 968 92 494 540 824 786 910 717 595 204 347 92 503 267 223 421 907 532 119 741 7 483 32 783 819 666 148 843 324 180 751 53 646 896 377 960 232 148 537 489 49 646 336 262 167 816 931 873 771 238 62 777 967 283 47 633 4 536 464 463 760 798 500 692 166 175 225 720 682 65 428 433 401 910 92 722 599 494 275 60 920 790 990 242 632 743 744 788 982 532 774 150 816 372 106 37 
443 24 520 88 960 292 525 262 231 71 971 637 263 812 946 580 1000 765 971 996 769 732 102 931 768 196 992 525 320 702 595 830 412 321 21 556 571 516 907 107 278 78 593 969 921 2 24 484 264 766 777 570 356 501 700 970 23 799 431 320 820 268 23 474 288 975 526 68 229 669 147 58 892 206 120 19 464 543 891 866 813 157 52 8 209 533 187 443 209 0 891 222 971 246 102 473 940 314 776 978 585 542 187 889 851 11 163 109 442 249 593 837 368 863 48 444 265 820 514 797 652 30 48 971 537 947 545 420 373 998 310 536 367 185 212 14 796 372 557 781 779 590 318 4 838 639 304 644 491 373 2 110 920 355 956 201 795 100 408 690 289 106 803 554 979 261 668 717 780 678 119 376 561 969 230 579 63 480 472 43 233 518 715 619 636 25 257 755 950 541 377 408 516 446 326 607 871 642 781 67 759 577 468 254 768 861 359 349 379 171 236 877 399 213 163 63 378 713 353 54 950 837 782 834 412 890 713 200 845 640 311 528 612 383 866 971 765 918 309 294 354 908 425 154 563 967 474 669 868 604 108 886 561 21 461 149 34 623 911 833 56 634 451 337 515 386 479 823 943 55 776 920 95 504 74 697 953 88 804 203 499 38 453 138 690 227 729 405 28 110 85 575 437 292 758 244 307 821 944 407 306 489 805 519 366 855 697 703 978 578 159 672 259 807 138 527 606 320 357 980 830 191 744 110 585 633 259 627 738 872 982 395 953 465 267 962 256 733 565 999 92 260 513 8 188 984 261 925 39 712 642 397 63 790 946 560 864 740 334 771 736 695 221 636 524 206 216 519 5 999 473 272 916 962 160 307 11 488 985 218 819 29 39 932 508 381 518 541 22 720 226 702 880 119 308 867 82 470 481 679 158 336 740 269 940 557 166 165 708 355 547 1000 969 386 782 125 870 396 149 797 53 298 969 414 931 968 957 904 968 517 604 442 997 469 628 540 226 831 979 225 202 56 831 282 467 756 170 659 548 708 111 850 804 972 97 141 411 48 537 16 761 210 573 893 482 178 977 309 943 538 186 667 768 728 540 775 10 266 514 112 705 25 51 410 136 164 59 362 855 591 206 368 937 197 31 640 409 942 600 128 
693 995 872 687 678 618 243 716 527 452 920 913 845 843 341 742 824 270 829 618 604 870 261 835 910 772 719 954 82 374 978 570 607 895 393 19 964 705 620 628 360 723 682 844 32 247 994 666 410 136 265 200 832 535 865 44 664 879 328 358 730 111 687 720 382 164 447 889 763 360 146 470 866 820 474 738 256 623 350 903 758 741 98 839 174 116 665 563 251 661 774 351 850 240 819 250 916 990 230 498 922 284 112 534 96 998 962 876 739 336 258 676 763 697 692 509 724 78 833 906 691 188 630 544 924 727 970 927 268 9 950 202 88 372 128 6 262 736 750 567 773 404 844 391 734 802 67 425 350 978 185 414 30 264 388 449 851 901 68 597 800 947 34 249 771 191 7 951 80 890 170 15 889 400 54 295 269 852 2 374 788 661 714 281 99 936 733 802 892 350 20 334 228 332 540 45 563 79 173 34 284 34 709 284 155 37 564 989 885 352 431 405 505 15 751 940 488 241 206 600 393 758 844 899 29 714 747 752 393 165 5 263 12 972 224 514 905 727 693 801 705 369 184 443 378 770 711 697 478 472 503 600 756 341 201 661 284 325 219 635 287 949 857 225 577 787 694 907 525 198 267 465 533 878 164 97 719 929 975 278 811 827 78 562 205 200 19 434 112 988 1 460 104 420 849 81 343 177 195 202 139 806 514 95 504 754 52 902 998 844 650 811 999 706 887 458 450 263 104 58 776 795 854 249 321 670 528 310 715 47 828 964 17 486 18 785 301 635 646 418 259 908 329 15 550 915 256 119 691 848 864 61 462 493 71 649 406 771 417 57 716 735 784 630 819 347 258 838 912 955 752 690 383 686 410 257 34 317 557 286 285 946 494 962 938 917 703 545 452 854 444 932 289 862 337 312 286 656 631 967 85 261 102 886 135 34 297 43 408 454 942 632 979 175 827 242 692 977 581 18 910 755 835 492 790 474 475 181 291 684 161 96 584 740 234 694 798 0 846 471 826 207 792 17 739 65 596 324 931 108 408 563 568 425 63 444 410 181 562 18 107 158 852 645 380 447 890 658 810 7 192 959 663 324 774 446 998 775 538 837 478 184 478 979 910 642 388 833 526 442 775 380 231 685 549 25 846 446 563 818 
935 906 424 114 439 624 45 197 326 638 910 539 778 353 900 405 537 642 302 593 29 311 745 110 753 560 602 372 741 124 570 633 236 867 175 634 95 660 783 870 697 831 944 515 363 762 121 587 615 117 942 192 792 950 167 303 722 768 238 622 993 871 692 690 351 852 56 900 929 271 484 664 721 868 452 389 836 447 418 134 4 84 347 347 876 973 407 213 748 208 895 473 82 414 356 519 346 752 377 225 937 565 24 909 931 662 885 656 938 236 971 799 944 441 536 343 658 533 192 434 750 179 203 936 973 134 966 346 763 61 470 426 126 9 646 228 676 940 219 787 32 736 734 552 855 404 290 13 197 987 790 147 386 898 626 48 264 867 366 208 179 244 243 893 801 36 563 290 312 870 362 956 510 931 710 945 338 15 133 428 452 328 915 390 765 125 277 946 4 350 755 200 907 916 443 615 111 813 179 822 719 580 177 96 78 643 329 297 681 726 472 540 295 800 630 255 62 388 924 482 327 733 440 695 631 108 852 645 704 828 142 842 526 74 157 389 623 458 717 517 599 937 854 860 844 401 797 322 159 539 872 33 450 771 16 145 132 575 945 6 917 726 385 707 426 838 866 89 986 893 556 899 958 225 193 767 41 282 376 711 530 544 973 384 708 255 268 303 338 954 407 347 35 884 177 131 646 573 264 333 382 191 4 643 348 697 526 208 532 252 155 473 21 528 374 876 171 115 583 398 702 274 622 372 891 992 981 39 760 659 513 646 463 597 730 865 145 641 60 805 478 334 600 640 511 351 983 225 615 390 526 56 961 712 188 673 665 473 798 618 291 988 574 594 904 116 622 257 294 751 254 701 103 84 302 312 167 275 393 776 482 524 892 868 428 527 646 391 115 797 505 998 848 281 884 523 899 442 301 262 575 542 72 435 469 427 743 666 232 717 374 829 286 583 90 102 525 413 770 745 128 145 366 454 54 680 19 721 918 419 206 943 933 942 16 543 212 234 111 625 241 30 552 837 773 888 404 107 510 806 858 151 652 610 560 172 628 86 296 807 927 210 667 432 187 47 460 722 21 993 231 197 163 499 863 265 623 71 894 784 772 347 87 408 312 999 463 550 901 175 311 738 189 926 302 959 234 846 958 817 
50 757 642 224 535 401 290 443 416 36 176 731 156 27 213 55 943 8 163 647 574 470 302 240 330 819 131 493 364 887 820 86 919 693 116 926 226 48 553 301 564 665 644 847 38 956 8 172 943 639 807 498 739 481 728 387 4 101 264 858 497 671 51 515 163 579 587 470 604 337 858 171 289 796 209 46 574 603 676 473 185 1000 999 917 630 905 780 680 659 996 260 823 394 343 369 270 213 718 255 246 981 52 681 371 211 729 987 716 929 400 979 740 139 921 846 123 471 975 485 658 80 971 217 915 450 121 363 48 863 581 413 360 965 339 67 954 352 803 699 868 292 857 737 695 470 267 250 983 837 247 168 633 955 590 735 209 293 699 8 375 213 842 724 251 333 542 167 359 124 707 314 705 682 481 721 53 426 860 137 456 2 469 320 769 30 990 148 963 503 29 936 199 512 309 845 586 922 944 798 651 491 112 783 490 507 226 246 722 136 146 747 158 573 560 852 292 668 355 186 38 233 338 454 66 759 809 117 607 130 589 164 894 243 517 709 392 370 927 266 538 624 437 253 378 829 739 429 623 414 489 552 711 237 35 83 414 182 190 10 699 119 340 734 433 712 588 337 342 677 4 975 191 358 667 248 841 910 83 7 170 709 910 833 776 672 593 73 529 598 13 626 81 820 966 168 683 780 537 647 875 522 418 964 985 986 502 720 227 523 656 558 567 637 958 99 310 741 104 599 651 212 967 627 979 704 128 735 770 716 490 563 199 3 12 825 307 664 758 709 13 646 123 618 909 696 972 413 200 968 117 179 636 590 478 331 841 460 765 383 571 530 622 500 946 975 815 263 1 525 103 89 911 604 58 390 481 940 63 70 291 27 342 528 580 965 309 466 986 885 848 746 711 645 542 28 22 804 193 718 730 780 623 873 3 206 219 419 755 614 82 731 678 822 820 544 774 767 719 1000 127 922 84 355 200 511 280 922 2 565 326 780 464 465 681 910 252 935 72 429 546 56 621 928 165 822 492 186 809 309 40 517 182 626 135 394 148 95 982 355 546 132 132 601 241 601 119 953 982 377 246 431 435 787 505 862 768 272 881 175 503 13 539 777 146 474 19 582 282 338 219 44 783 647 166 632 992 666 742 123 485 
706 427 882 214 6 452 915 809 290 454 375 131 176 20 501 945 745 449 419 246 848 961 291 851 606 976 703 188 876 195 581 217 74 256 692 539 989 205 755 958 246 500 39 799 182 884 404 857 727 474 61 858 719 113 221 512 117 730 848 289 301 205 846 631 976 914 98 808 37 501 940 378 139 315 840 524 725 535 570 631 404 143 952 372 864 795 443 283 383 75 478 46 528 465 568 753 894 515 51 922 640 594 57 153 106 916 496 34 430 938 443 160 87 768 737 451 612 61 466 461 925 118 309 864 635 13 39 842 765 929 711 877 100 623 803 538 747 658 931 642 155 348 198 721 932 846 186 52 880 737 99 850 522 268 947 664 127 389 566 82 996 520 126 515 887 721 650 273 259 558 720 849 587 63 483 827 209 492 15 885 408 945 951 199 330 307 874 539 567 68 55 104 141 991 210 882 825 8 1000 271 108 974 287 862 750 718 124 977 375 31 985 154 272 802 478 644 461 66 455 802 196 71 28 26 99 897 477 866 306 64 85 749 17 417 476 15 411 676 577 324 64 311 169 420 977 802 461 865 4 335 851 436 29 900 20 44 79 140 259 287 397 142 741 376 78 460 344 561 388 69 108 164 184 95 448 99 377 464 819 639 168 683 648 790 825 831 856 126 879 327 58 87 911 590 225 540 882 807 942 796 432 94 334 542 970 807 526 782 939 791 294 178 808 173 769 939 676 334 863 605 397 277 395 53 296 942 706 970 943 11 81 985 54 48 217 907 150 394 598 12 208 362 877 227 842 710 415 420 731 309 258 537 476 397 711 112 993 316 607 753 583 383 766 201 689 147 766 237 160 537 890 244 427 988 791 933 978 160 753 602 789 963 724 135 877 417 716 624 520 367 805 262 169 348 998 535 562 950 196 849 333 519 918 490 9 174 778 750 678 437 707 197 972 423 598 724 921 204 113 144 585 835 370 666 752 338 145 462 387 401 219 332 88 111 979 512 747 144 884 609 237 932 778 660 304 186 487 848 572 93 671 993 362 867 763 954 146 83 362 336 398 181 984 727 774 152 660 842 244 510 922 78 547 287 32 148 405 263 961 37 804 55 585 494 584 727 688 506 228 624 677 982 328 267 599 609 66 255 899 435 
609 775 997 919 61 538 106 205 155 292 142 71 597 182 606 229 556 420 642 76 99 176 848 422 837 279 554 439 446 538 811 867 744 113 448 962 911 605 72 786 379 689 407 189 665 421 156 356 597 337 753 578 385 581 759 96 868 643 571 251 534 594 882 511 593 314 770 334 700 487 864 202 474 530 738 723 744 613 350 775 311 4 885 932 812 151 888 315 716 118 74 567 265 644 848 495 607 715 822 398 455 992 223 6 997 259 494 425 902 377 167 14 464 6 706 52 284 446 822 22 340 247 190 916 89 627 414 907 330 579 296 339 489 82 292 760 345 338 812 358 520 393 345 533 937 103 132 361 107 617 934 93 782 297 969 265 200 736 190 504 736 382 713 997 897 737 880 944 461 611 466 878 209 939 400 286 455 85 389 728 548 956 221 482 169 266 635 190 163 157 101 842 974 107 557 419 396 338 943 309 859 451 390 931 89 114 580 842 676 431 491 338 186 98 657 398 450 895 216 736 919 474 697 856 485 779 944 945 306 939 78 71 939 392 508 941 490 256 201 18 786 185 61 460 916 451 105 411 367 924 944 652 510 401 910 673 976 400 86 338 599 998 337 285 493 945 291 377 913 705 453 164 421 328 743 1 620 909 664 30 256 996 586 578 59 841 576 192 686 491 896 935 234 293 432 773 678 518 508 803 268 52 177 152 712 789 269 631 547 767 111 768 600 924 655 462 698 301 514 952 246 992 234 883 75 618 17 828 385 363 603 629 821 774 463 40 174 384 194 60 653 966 284 262 351 961 542 223 355 389 132 981 274 134 747 69 315 287 656 24 659 35 831 652 744 538 282 419 720 777 10 887 334 849 413 249 894 620 96 419 618 994 299 336 808 645 705 20 930 871 432 296 479 58 109 540 369 288 86 982 723 391 646 305 165 420 583 503 579 977 241 880 15 840 813 351 333 895 598 541 461 414 339 455 741 121 167 123 635 314 256 58 928 472 980 733 126 811 922 362 16 970 669 733 63 99 620 555 195 822 268 91 538 989 349 896 63 944 542 284 264 2 527 430 164 444 661 632 767 646 21 775 94 710 278 30 167 554 180 223 975 287 597 423 904 279 150 71 854 378 587 410 319 298 335 437 508 465 137 480 
833 450 276 751 213 715 552 846 400 883 713 103 849 555 244 967 54 368 665 403 1 472 139 784 622 358 213 5 639 72 637 926 8 143 35 580 907 695 316 706 689 400 930 670 687 252 394 215 986 339 281 469 320 135 638 408 440 292 391 241 437 517 383 30 733 128 915 354 598 417 121 247 644 310 254 159 690 189 188 981 446 166 918 97 87 186 232 581 120 713 223 694 712 209 740 362 220 817 745 137 12 751 175 536 448 540 16 273 949 96 620 502 295 66 116 393 885 427 21 73 450 991 346 862 655 581 562 407 281 447 416 118 548 744 931 221 58 458 983 540 89 194 326 347 89 457 386 791 872 220 118 885 846 528 252 671 354 189 214 221 998 201 438 247 997 560 512 413 15 661 436 226 936 324 530 566 823 600 412 707 199 341 484 645 247 177 865 706 321 985 968 206 581 390 65 907 730 278 664 872 432 765 295 274 644 26 134 738 812 480 811 763 908 836 399 98 98 430 348 9 230 522 798 895 879 960 278 995 395 649 563 154 151 460 556 547 165 681 347 517 913 120 14 439 30 481 759 762 277 556 696 73 357 807 554 153 573 839 303 658 43 287 983 315 464 756 735 716 770 36 994 428 861 821 726 973 179 649 439 886 28 3 872 666 348 192 434 393 858 661 571 519 939 639 48 372 212 925 755 871 407 404 902 632 242 986 490 526 372 347 982 458 366 180 322 111 47 766 762 323 692 825 557 963 184 110 464 435 504 333 63 693 418 725 64 286 273 660 151 825 978 191 70 454 354 545 174 914 481 651 868 34 442 431 713 614 469 803 298 78 646 967 309 74 994 740 355 218 94 884 59 805 226 195 237 595 453 22 150 908 583 717 376 211 962 973 978 55 816 121 419 683 652 578 515 939 816 199 367 90 761 694 371 16 968 681 512 259 775 749 313 219 594 850 706 925 631 304 48 871 302 489 565 257 223 602 897 538 312 479 21 332 817 60 827 574 37 559 443 753 3 945 307 997 559 664 122 189 638 432 375 1 641 810 309 291 559 378 156 144 163 687 993 82 200 725 83 852 933 241 294 73 283 412 0 862 822 474 440 2 712 617 247 549 967 464 500 469 187 768 239 653 38 200 270 10 851 764 119 156 
110 623 256 171 298 401 243 729 716 746 101 833 386 456 134 183 376 916 913 666 437 493 19 975 417 748 285 872 896 990 965 212 276 79 383 583 311 563 641 984 684 553 921 24 4 129 903 408 231 226 602 652 800 496 574 571 129 55 292 198 309 972 352 958 184 296 702 166 390 157 578 601 327 756 501 20 748 758 608 33 977 128 150 610 549 167 71 355 193 447 369 63 208 114 120 537 465 562 721 251 241 11 567 780 884 131 976 719 189 158 236 849 710 91 668 47 647 759 418 344 763 801 490 708 317 25 420 163 110 973 794 48 120 940 17 589 271 580 515 500 580 393 7 243 314 723 786 137 45 795 709 22 232 455 948 265 630 891 111 929 450 402 474 770 646 689 256 331 397 366 597 310 84 829 613 840 194 495 163 651 976 122 362 406 453 943 884 884 802 833 561 720 10 843 398 544 947 143 938 67 725 287 873 947 975 972 210 33 370 61 773 448 509 901 452 162 61 703 649 674 78 483 949 817 655 530 655 954 542 665 689 321 975 774 594 624 318 253 661 992 835 478 782 905 13 987 262 718 194 153 849 735 157 641 910 852 629 223 166 953 555 359 834 627 355 841 926 625 567 99 935 134 593 774 735 372 923 327 323 275 582 991 706 484 99 702 345 410 339 144 268 102 520 137 897 887 595 215 871 561 239 354 676 338 22 34 896 486 313 775 572 283 67 477 946 178 462 624 331 383 732 17 528 525 550 985 251 611 922 596 13 829 989 385 105 920 669 794 1000 863 160 883 317 483 354 857 503 27 207 787 307 226 198 224 40 743 632 208 628 179 278 474 166 573 247 534 627 94 299 501 652 229 791 935 506 683 524 739 42 390 992 737 745 812 879 8 108 992 238 663 531 112 798 465 288 4 316 719 840 49 317 417 435 637 250 787 689 354 110 601 126 755 372 936 112 719 745 24 980 864 428 568 317 308 377 188 533 85 878 649 629 54 825 301 215 631 746 845 576 341 469 348 178 597 662 705 909 828 313 982 269 335 754 395 267 387 386 481 593 490 231 82 578 887 435 206 809 15 684 747 23 253 721 335 650 635 165 864 171 532 285 357 127 56 34 87 343 38 935 86 560 466 103 561 884 641 811 861 674 99 
170 890 117 294 684 493 319 215 654 25 655 42 353 273 240 232 602 882 953 908 427 62 178 434 468 444 508 902 144 221 939 784 743 989 985 821 245 941 936 481 691 421 543 757 827 293 833 63 262 311 132 900 990 916 67 985 66 682 91 492 356 313 194 132 390 510 128 858 129 324 947 462 743 733 568 118 740 161 847 93 349 777 774 93 268 489 342 351 221 77 157 602 181 968 770 999 856 384 106 963 118 483 793 233 730 975 580 889 310 435 833 470 378 279 649 439 543 474 16 788 396 940 806 312 795 771 332 459 804 371 546 940 448 176 260 756 528 156 393 286 300 161 376 649 438 505 898 444 501 409 944 351 932 511 12 48 86 260 705 28 612 185 331 528 795 596 935 827 452 134 907 881 359 538 951 873 14 321 868 725 957 822 272 198 148 471 654 128 619 389 828 590 803 895 890 37 689 224 631 55 465 40 78 172 725 713 945 197 921 724 425 582 505 94 564 770 889 553 712 787 254 773 682 517 873 123 521 989 204 390 344 31 173 476 440 307 538 668 814 369 2 602 584 846 855 14 187 288 523 473 618 603 983 900 216 797 104 918 54 96 28 839 993 180 40 876 787 699 706 299 300 259 281 348 168 234 850 924 63 906 808 869 502 300 206 415 151 155 807 923 684 365 468 719 622 496 904 533 285 702 859 711 493 840 996 321 878 992 732 220 394 467 818 0 830 423 465 549 337 294 763 938 146 131 658 66 979 138 523 520 918 389 264 43 745 25 419 744 484 77 679 401 565 770 389 907 748 858 380 552 401 269 643 745 237 62 228 546 128 335 739 881 728 373 490 228 100 683 866 927 253 936 560 293 370 243 487 934 172 738 375 591 923 322 963 411 980 270 509 322 96 796 550 569 266 4 223 376 849 725 365 885 907 377 132 982 336 622 197 952 562 793 868 657 942 831 753 791 672 752 761 430 969 613 990 768 624 926 699 774 651 346 618 324 969 458 438 605 289 518 981 0 654 389 554 348 668 850 782 575 895 198 306 134 317 36 595 949 880 48 502 874 629 596 951 403 318 201 988 86 624 696 292 272 522 827 818 754 831 115 718 771 528 62 861 868 759 625 350 60 575 361 40 453 977 356 572 673 84 813 
476 412 384 56 833 954 420 729 228 836 757 270 603 454 454 959 683 840 376 1000 93 733 93 672 305 859 642 750 864 907 617 913 33 448 918 921 198 758 123 106 993 666 875 665 404 96 187 293 43 915 819 322 147 723 785 154 961 113 443 497 493 84 338 376 705 105 260 478 332 308 668 925 960 822 487 704 2 823 348 427 75 588 349 744 599 883 258 174 111 824 841 274 476 582 965 388 187 1 734 460 229 126 238 771 808 245 964 190 808 182 182 370 892 404 291 413 713 6 177 215 749 877 764 422 423 736 400 844 879 797 674 31 101 599 32 2 19 931 98 830 109 987 527 648 12 519 603 661 61 781 261 384 308 779 512 182 898 236 228 513 41 493 439 473 929 238 960 447 680 457 31 42 256 342 415 260 81 294 703 552 145 307 876 170 199 924 852 243 95 549 314 132 716 95 477 489 169 30 651 483 606 60 177 345 316 12 92 251 98 520 637 165 898 777 123 199 308 898 20 199 450 262 561 402 560 732 804 261 347 54 315 625 906 663 785 139 715 3 344 988 224 109 952 673 285 381 861 116 33 869 839 188 303 838 150 451 957 88 983 633 171 504 866 321 613 993 121 819 118 627 977 297 629 388 141 176 784 215 515 758 798 285 431 182 817 811 589 183 492 375 143 740 560 735 713 422 385 569 566 156 549 270 796 546 535 841 539 888 750 758 360 204 962 841 469 976 433 13 313 129 69 805 288 14 249 572 386 672 809 925 420 131 126 824 908 745 101 558 955 640 340 813 239 727 591 723 504 305 845 444 253 244 527 683 79 445 177 853 154 386 932 2 743 691 786 132 634 503 298 886 160 697 133 717 114 412 841 622 284 331 479 199 951 760 508 350 268 892 202 705 669 26 901 414 489 863 197 585 660 537 643 708 675 383 831 687 13 300 502 405 735 31 469 719 346 724 81 520 884 825 385 360 485 126 135 321 231 634 325 554 960 717 609 271 764 486 494 676 94 407 525 241 875 391 462 407 684 904 905 505 664 327 782 492 986 990 232 868 132 325 863 241 19 283 307 822 608 257 847 337 595 444 66 53 373 838 742 750 712 680 768 337 852 321 24 45 974 699 233 991 281 136 383 294 886 194 577 455 757 182 
654 602 322 376 141 576 682 619 229 215 721 191 881 785 741 135 193 889 635 693 40 747 277 40 588 859 495 111 337 849 773 497 94 476 166 6 906 478 686 237 257 143 152 393 315 895 960 836 389 266 342 377 581 28 243 283 607 595 126 925 751 570 957 967 281 379 90 941 831 715 702 376 57 776 998 541 191 788 988 909 523 849 588 628 719 968 550 521 409 177 980 578 687 459 853 448 259 616 202 846 369 72 664 744 257 52 573 675 184 929 343 833 505 99 698 580 384 369 609 192 124 664 318 179 535 29 836 351 975 151 990 763 315 375 283 909 136 450 849 670 646 440 620 646 388 36 390 513 490 24 240 852 383 751 347 305 459 452 989 928 598 189 188 983 937 806 798 635 518 833 263 418 468 987 782 529 525 109 42 572 153 568 427 826 18 484 212 786 960 744 807 4 686 703 69 1 622 841 249 869 711 830 662 414 787 783 846 75 636 68 4 64 316 118 855 174 6 66 181 326 788 296 398 210 330 735 954 375 380 476 788 10 104 237 763 532 386 855 497 939 502 273 413 903 845 48 156 983 719 241 949 110 936 264 655 69 738 634 367 503 555 59 441 325 256 358 230 351 336 859 453 502 185 594 47 290 848 44 779 447 706 747 300 590 100 861 237 444 592 789 309 455 881 532 934 299 8 675 907 633 426 419 570 85 16 307 644 665 770 737 818 27 866 876 269 347 118 898 96 619 259 415 136 447 371 341 214 216 843 348 973 998 166 998 20 744 332 389 218 590 317 679 267 774 867 671 145 955 935 882 367 32 81 106 416 694 235 633 240 373 71 678 908 880 995 88 820 397 555 997 573 784 588 985 496 26 712 273 620 843 665 200 314 468 764 769 6 753 1 643 542 690 962 315 242 760 982 425 342 106 247 403 5 852 505 108 82 468 317 824 68 856 881 831 644 728 693 69 144 253 176 246 164 407 154 955 6 413 665 666 787 221 461 948 877 439 435 33 380 330 469 984 435 137 57 289 919 895 727 633 266 129 832 383 791 336 208 986 784 710 219 118 244 559 337 788 515 304 813 158 930 640 439 922 470 634 754 734 627 663 592 533 398 749 223 248 230 454 913 761 591 752 467 716 73 846 261 326 611 229 
673 391 379 930 786 465 425 948 249 571 973 521 970 344 673 984 862 258 257 528 617 164 598 722 70 22 498 773 390 686 817 714 875 546 721 233 711 445 343 405 276 932 524 719 148 867 972 862 714 248 896 794 231 97 185 526 271 940 723 802 179 679 495 261 87 454 95 149 108 800 117 308 366 682 489 218 518 883 705 188 184 640 0 198 358 755 175 737 758 603 630 999 545 706 266 54 389 520 198 488 11 420 210 554 958 530 138 715 499 463 194 475 86 317 112 29 973 247 586 898 439 177 329 395 383 660 273 470 113 619 811 871 892 609 854 321 727 478 620 803 470 651 595 903 596 31 983 62 730 556 755 980 806 357 1 173 107 488 815 867 370 796 796 342 195 762 72 99 315 376 612 720 302 87 540 722 900 838 592 450 379 359 511 125 231 957 389 146 819 429 11 653 149 546 19 377 312 15 302 844 649 297 693 436 234 610 904 696 261 309 182 401 122 238 614 879 995 354 497 802 243 54 368 709 592 698 116 616 260 382 779 210 497 49 76 585 134 992 95 316 268 605 879 516 787 545 359 505 130 430 600 214 19 442 328 209 933 115 555 831 891 738 936 587 453 821 910 494 942 694 430 218 269 91 212 199 355 197 138 679 587 761 110 477 218 567 996 516 549 226 26 449 272 100 966 888 910 359 484 364 627 449 616 825 148 402 879 547 711 244 19 508 695 316 251 917 347 950 671 161 356 551 614 81 727 334 595 758 507 514 357 380 108 794 781 606 73 687 317 890 857 775 881 58 438 774 934 17 234 900 51 314 424 811 368 928 42 930 388 821 975 24 438 896 637 732 336 34 915 112 354 537 207 275 117 546 877 136 654 553 738 141 136 476 502 292 867 851 705 129 819 688 30 445 444 541 823 330 896 664 835 774 145 567 994 967 498 844 257 161 892 245 425 636 90 135 759 816 803 105 348 266 738 865 926 157 774 855 200 87 895 642 204 805 604 296 241 382 985 740 529 462 539 257 148 214 190 347 463 654 877 799 303 955 578 634 103 52 528 257 737 395 924 657 866 903 391 355 968 202 411 361 137 830 354 288 586 151 728 374 777 868 72 142 786 255 673 859 251 926 109 605 30 526 835 929 286 623 946 831 
638 262 45 476 505 541 592 261 507 970 793 138 807 839 48 697 200 714 619 635 960 905 380 463 902 157 624 938 857 987 674 899 784 75 457 911 410 177 81 619 666 548 928 142 410 862 808 252 849 784 457 53 345 336 886 494 738 623 784 868 595 95 949 833 200 78 527 303 705 448 593 550 947 531 466 578 320 139 364 854 122 874 521 372 669 120 531 881 993 376 832 93 54 442 542 148 299 319 426 319 787 829 412 378 986 857 480 480 560 754 135 643 986 596 351 131 74 113 533 562 87 58 818 49 390 262 349 50 556 95 974 55 48 906 332 647 358 349 497 931 209 447 453 503 374 480 676 480 553 103 504 28 568 736 913 316 145 866 860 719 586 376 199 189 795 465 137 146 461 625 379 961 711 897 803 668 704 907 342 752 533 473 546 462 307 993 466 60 559 593 617 270 563 249 602 400 199 340 342 819 359 430 17 733 566 367 707 783 338 44 628 848 790 919 675 848 523 16 932 992 499 351 776 805 205 645 390 144 338 100 785 302 933 278 565 897 107 642 49 730 445 878 458 355 291 734 568 633 872 373 749 43 626 164 707 230 319 239 159 57 773 111 381 755 963 175 298 692 726 409 677 901 194 817 312 532 144 43 81 683 210 377 28 405 9 363 559 484 347 413 323 961 508 472 520 413 688 552 569 271 365 173 921 992 949 548 890 305 533 329 117 944 900 260 645 957 384 381 154 109 886 101 94 465 435 864 294 606 802 214 967 155 886 760 701 853 312 539 388 807 532 579 803 550 638 151 685 328 903 620 424 1 682 367 203 318 865 234 640 825 137 295 653 386 418 193 774 744 307 27 377 802 194 899 364 377 468 112 5 590 590 902 14 818 278 562 941 178 322 833 779 765 57 539 925 642 801 288 414 578 559 76 565 577 632 158 934 342 404 783 538 619 906 531 371 267 136 201 47 160 933 161 356 415 161 712 902 907 439 730 369 745 875 425 740 653 943 706 235 996 487 938 242 369 786 383 429 389 856 223 593 310 616 291 598 801 79 672 267 565 581 181 94 434 321 255 781 681 465 924 654 278 487 170 429 141 343 238 367 196 898 517 726 397 150 480 462 568 901 100 264 202 586 826 803 689 304 352 80 871 
651 826 766 880 314 827 378 727 274 175 13 170 859 929 659 868 225 654 51 682 659 555 108 803 18 591 695 221 571 623 145 514 862 247 272 759 214 133 591 24 616 774 128 985 326 398 848 107 632 197 536 707 197 719 27 810 498 481 692 940 429 242 407 382 728 219 545 123 163 655 235 179 567 358 192 648 68 615 692 632 915 7 356 402 872 280 922 459 998 889 364 685 760 678 621 339 715 672 745 768 476 765 300 720 625 279 958 753 256 120 602 118 184 771 65 529 818 789 408 143 316 849 340 44 47 639 255 618 106 550 814 43 280 356 494 27 713 267 627 604 682 982 536 481 381 898 427 567 419 96 234 941 479 955 310 391 516 27 80 103 450 743 799 923 231 199 893 833 657 832 904 135 714 67 804 876 30 630 341 826 836 612 98 45 794 430 779 748 949 588 810 19 951 236 420 69 304 624 682 520 301 653 956 719 17 81 539 408 514 777 872 26 879 155 655 639 954 114 747 786 666 7 941 245 697 224 843 731 734 637 620 455 321 649 859 519 790 159 801 721 908 242 615 431 303 870 73 79 34 873 900 518 215 481 857 903 546 619 958 269 320 579 390 873 667 665 931 451 727 4 844 245 855 76 374 983 17 740 716 199 17 219 922 478 548 273 652 558 963 816 687 650 211 166 491 243 24 8 431 930 981 93 118 641 311 233 180 556 972 834 452 526 76 292 492 62 628 61 420 345 557 118 848 307 215 539 725 988 670 896 406 936 567 332 561 232 856 44 250 602 997 82 784 970 835 493 218 104 426 32 499 142 250 70 23 460 90 153 326 734 765 974 945 188 589 405 212 34 670 943 204 475 829 689 608 680 73 87 641 627 34 446 345 268 503 417 455 985 447 950 387 196 173 709 598 279 942 183 330 632 507 760 238 759 169 513 165 275 114 811 920 210 919 778 656 895 240 739 974 825 337 214 838 489 505 618 125 125 88 197 486 243 555 821 222 222 801 198 623 72 342 20 742 704 257 454 798 531 390 99 561 486 821 829 0 392 300 185 950 86 879 993 21 582 778 453 407 131 571 177 946 201 146 584 559 153 741 552 489 443 257 236 369 460 648 219 798 893 655 499 884 129 453 363 490 587 335 23 573 595 
534 710 52 888 373 808 973 573 995 579 665 961 266 411 900 60 566 596 216 632 740 236 287 190 990 820 138 118 213 807 296 826 59 826 992 754 592 956 823 273 808 489 697 57 112 508 495 136 156 154 962 160 879 337 571 537 627 821 18 495 282 319 324 194 965 375 1 805 829 103 359 581 494 587 723 407 67 345 182 881 836 52 595 848 385 600 908 181 663 469 907 655 76 591 599 553 333 133 997 158 905 49 839 519 548 30 706 99 565 680 160 711 432 167 339 63 522 539 98 539 888 597 994 374 168 630 701 932 159 624 779 759 363 853 976 883 747 34 426 825 206 961 372 844 127 482 346 416 366 30 919 3 3 799 360 255 319 844 235 491 519 99 4 574 805 518 609 263 327 179 832 834 866 216 695 578 189 206 555 768 95 621 756 880 377 887 356 690 314 926 144 720 627 180 169 951 736 805 450 512 788 20 866 749 751 604 772 174 540 212 623 25 582 592 186 123 581 889 423 280 182 326 176 928 773 393 501 168 167 864 210 424 714 601 117 420 968 278 934 533 352 19 961 223 680 744 39 812 395 586 503 203 836 14 824 504 759 479 765 109 813 954 106 624 872 143 199 541 552 339 299 534 314 140 421 973 138 148 431 352 1000 201 174 220 817 608 406 302 479 304 931 336 80 874 874 888 290 885 207 839 719 980 377 495 921 124 815 37 59 977 122 574 886 542 623 627 561 523 582 425 20 289 98 664 93 545 183 367 944 542 55 336 545 74 529 839 341 612 438 973 420 305 830 861 687 581 780 589 853 518 935 647 811 248 507 788 777 414 179 894 855 390 748 8 336 374 332 484 515 171 476 787 206 340 690 957 297 174 292 496 156 803 232 785 495 4 618 335 400 869 262 522 638 98 689 288 768 816 727 402 108 132 307 112 427 401 106 665 139 403 746 60 458 676 77 739 136 878 843 16 812 175 835 248 354 322 461 698 634 922 169 923 579 20 237 534 392 695 671 219 354 151 281 445 624 476 902 91 298 342 876 441 576 639 531 516 76 391 973 450 170 971 256 1 890 40 504 868 811 384 947 950 395 240 5 608 250 727 483 123 314 264 972 496 314 763 314 526 620 49 601 119 39 517 134 943 387 393 196 297 
753 375 163 555 725 104 421 295 197 181 126 576 713 312 482 709 316 250 1 448 320 106 725 217 552 225 859 24 231 479 649 254 829 992 292 503 68 937 657 632 795 704 687 952 735 921 191 849 29 74 809 564 885 873 886 177 103 143 508 852 750 67 63 250 952 594 41 255 655 845 25 592 725 567 263 250 51 533 524 934 36 311 555 856 169 226 267 425 952 490 116 393 406 49 337 484 609 870 275 910 539 256 262 444 79 75 650 756 477 353 442 777 849 866 725 290 177 140 865 332 799 873 138 816 785 149 763 403 862 738 180 610 128 720 333 650 315 246 95 177 716 524 564 289 130 806 29 319 903 563 897 650 169 381 571 955 235 426 325 992 846 263 112 957 814 600 753 304 488 942 802 742 464 498 612 501 901 242 173 811 176 910 272 875 248 511 325 307 686 472 498 375 600 377 126 757 668 217 726 58 19 420 207 389 146 584 673 69 167 242 858 741 832 606 338 565 317 363 752 125 307 394 444 326 656 539 79 126 851 846 118 641 122 187 439 670 831 715 213 463 532 750 369 190 150 324 291 425 782 689 227 727 427 150 525 59 541 735 608 606 992 469 979 696 904 793 749 39 467 914 70 143 738 193 24 379 74 960 451 613 376 486 232 751 600 520 503 196 205 27 216 533 167 906 330 715 798 474 161 587 975 942 315 109 129 217 177 625 959 427 152 689 865 902 234 648 334 390 129 291 737 883 916 402 307 895 710 76 946 38 291 37 851 354 333 776 84 295 992 881 84 458 700 535 584 242 777 248 870 235 807 294 516 803 796 513 139 766 149 825 220 834 336 299 172 871 581 336 975 367 880 672 151 674 238 242 783 610 284 42 803 483 130 875 437 151 438 40 599 995 255 782 575 265 378 818 114 250 221 514 125 673 440 11 502 510 625 208 582 966 710 16 431 413 506 369 435 700 483 885 191 496 158 777 966 836 209 376 488 714 239 959 141 881 925 221 519 794 629 364 745 520 354 585 585 23 520 878 611 227 838 931 519 636 94 717 495 876 88 219 70 275 494 625 61 791 1000 273 458 217 253 933 840 278 783 966 836 16 833 430 202 79 454 648 84 213 947 597 674 793 514 508 560 483 189 836 387 232 960 471 
598 245 81 299 221 877 592 816 793 59 844 78 873 874 87 939 457 352 880 247 262 388 227 845 781 186 814 729 972 965 828 667 443 403 17 925 800 638 602 860 743 552 223 460 12 270 134 862 318 342 196 207 135 645 35 753 462 92 852 564 49 847 275 244 108 515 792 987 565 957 102 176 846 415 629 893 404 2 672 437 914 438 335 495 198 655 807 242 47 693 143 372 794 261 577 126 744 413 467 748 575 925 769 855 589 869 229 669 802 475 107 513 2 43 675 86 455 222 484 887 568 313 620 161 243 102 950 790 201 530 594 837 916 226 520 683 220 515 258 585 639 732 194 772 699 273 197 595 880 175 515 127 789 560 563 159 297 293 889 976 304 178 415 753 324 191 135 837 870 248 103 623 744 652 17 857 284 333 553 43 253 247 65 923 404 16 267 246 564 357 375 604 503 371 602 725 230 423 150 617 28 171 698 407 980 427 411 268 304 203 526 951 530 954 863 868 776 628 387 420 734 450 105 631 852 923 53 789 42 567 79 397 759 762 693 74 963 552 746 255 518 621 283 997 219 532 885 304 226 207 76 877 928 241 598 969 833 295 309 697 614 208 132 378 840 887 661 372 994 205 976 765 859 233 628 703 138 756 986 175 791 125 497 968 91 329 628 14 362 941 294 577 167 234 178 591 763 862 482 510 814 804 747 75 405 605 529 467 859 913 865 552 495 20 962 850 358 902 792 198 91 527 619 266 962 852 140 384 858 469 282 838 927 67 101 671 484 565 641 225 992 655 627 11 687 533 2 287 580 701 811 486 992 203 123 122 871 746 516 940 38 337 903 451 598 255 447 556 674 594 229 217 987 860 425 718 60 165 390 311 961 420 568 839 441 125 854 886 246 237 772 460 974 488 603 295 906 635 638 808 590 225 812 265 471 250 257 537 312 474 471 904 64 156 866 458 664 923 682 70 946 233 945 878 792 87 791 679 699 708 528 496 345 979 38 23 905 27 444 307 324 499 127 814 172 111 290 928 420 75 672 866 25 50 561 666 103 988 795 34 304 372 621 349 359 923 595 114 222 38 568 173 941 816 945 950 889 351 305 106 43 187 303 220 303 352 173 968 233 180 109 848 50 906 582 960 721 539 748 479 
79 768 424 212 209 263 754 629 136 671 818 392 704 194 392 823 357 684 651 336 12 619 691 528 291 380 238 756 755 351 787 335 509 792 153 443 821 505 539 962 346 518 965 173 979 336 660 913 352 659 541 589 202 676 644 466 780 15 611 591 421 754 430 442 495 811 606 10 129 562 862 518 628 492 332 690 383 113 991 950 476 265 828 994 62 86 877 714 436 697 267 945 342 712 225 961 301 972 832 143 803 233 728 876 508 306 167 749 672 620 343 319 655 319 234 998 491 619 539 680 626 399 318 206 830 121 44 248 365 194 41 315 159 59 813 293 160 854 319 874 190 697 577 453 187 245 16 232 876 321 718 532 591 414 978 482 271 534 694 752 387 911 651 862 483 880 716 990 833 54 427 364 789 464 638 856 973 673 34 939 443 209 757 471 592 116 875 238 533 667 329 614 507 489 373 851 35 29 373 547 396 216 794 122 567 769 980 91 436 961 890 464 432 337 744 114 2 147 714 904 885 32 795 180 527 352 303 708 46 475 832 162 248 394 952 360 622 17 118 628 604 961 627 665 464 540 388 873 581 904 548 397 187 578 549 306 470 64 418 608 151 854 337 992 937 894 817 131 155 571 721 407 694 437 942 71 410 439 849 702 73 565 68 41 254 223 529 859 97 355 700 513 127 322 191 517 269 596 729 751 364 908 635 757 720 592 167 284 871 590 599 113 79 406 970 382 501 284 824 776 214 15 71 555 130 846 519 453 760 195 247 296 670 523 506 720 44 963 128 42 141 484 235 639 966 201 531 756 755 422 771 920 447 116 688 507 436 32 326 825 43 468 467 401 308 131 262 757 146 655 695 762 986 566 869 374 288 723 479 399 638 620 998 516 833 325 731 677 247 879 922 156 343 63 399 417 321 400 501 227 389 270 518 429 939 151 12 561 22 888 844 403 140 730 514 212 562 526 344 489 496 937 655 722 599 28 984 933 881 53 506 872 730 563 990 677 465 382 686 465 942 657 844 250 923 63 270 119 696 215 245 663 672 248 785 303 463 863 886 963 21 862 419 567 775 834 708 829 8 574 970 504 207 449 404 31 974 374 833 758 880 484 586 162 114 655 657 895 456 571 674 67 141 343 215 406 256 97 988 548 
805 659 735 246 207 975 315 4 838 436 187 71 77 415 568 124 411 56 780 485 79 931 55 867 283 35 343 446 778 527 835 8 183 977 987 929 617 487 366 599 619 301 167 716 322 74 376 387 783 552 932 246 39 35 607 658 283 135 0 376 86 905 995 716 758 241 784 759 273 854 62 295 91 24 933 49 400 345 734 241 730 782 301 979 397 671 972 221 966 951 337 456 286 255 703 735 160 920 536 323 150 200 113 298 112 1000 981 152 669 309 812 10 861 337 962 904 179 882 750 233 132 118 720 825 259 172 213 629 425 843 922 618 598 387 157 401 758 255 638 318 809 510 733 695 143 324 587 603 296 947 319 47 815 851 737 301 634 711 587 877 454 409 529 435 242 392 456 417 511 424 23 780 538 600 719 527 933 678 369 267 436 870 14 860 815 41 360 426 884 210 591 83 962 57 552 939 142 637 312 338 358 367 209 101 424 218 393 126 224 264 172 106 937 396 249 172 901 924 991 152 81 108 721 417 771 854 888 934 337 973 561 846 15 260 33 116 532 1000 769 586 66 136 875 650 392 67 771 758 877 653 821 24 473 49 881 385 26 267 554 738 855 100 48 745 597 640 271 784 240 341 440 868 294 746 975 305 854 299 637 847 22 412 626 408 528 860 652 521 297 182 604 629 584 881 531 55 826 493 769 434 873 811 313 784 858 535 381 243 380 188 981 493 0 63 943 51 62 937 329 295 270 971 56 650 116 828 737 946 16 381 172 943 318 686 26 528 597 718 947 770 329 762 76 655 535 278 601 472 984 341 386 969 755 966 14 186 612 245 709 398 384 634 370 779 576 450 185 688 218 406 395 683 777 780 873 750 729 250 720 470 181 319 14 404 120 681 90 115 189 363 653 382 169 512 73 836 356 253 90 923 966 854 285 108 730 762 929 461 762 472 690 771 939 388 768 307 378 118 663 811 650 752 838 712 982 665 573 888 582 752 985 244 817 295 872 548 684 257 815 627 593 892 826 542 723 756 878 493 39 572 732 194 664 657 574 584 403 131 177 202 680 744 713 571 400 344 144 606 139 594 968 7 511 477 119 345 429 746 160 368 181 94 628 107 672 750 413 37 416 444 933 256 915 367 964 375 927 759 310 115 
233 74 596 412 427 394 454 291 26 441 842 144 137 645 309 179 12 981 129 920 848 47 695 181 102 1000 611 406 240 896 698 87 221 869 332 100 754 689 810 356 356 819 221 883 118 9 32 5 59 443 656 166 944 550 940 168 141 625 591 216 935 128 978 664 774 222 203 357 219 58 343 228 715 545 982 798 879 661 106 42 794 863 66 790 390 595 117 323 585 680 872 827 402 222 254 986 917 475 174 102 288 282 615 984 292 452 369 91 352 916 477 394 642 477 747 115 381 727 361 850 272 353 151 965 935 517 402 991 754 407 407 300 256 340 973 337 885 789 903 210 732 724 458 645 194 708 988 351 142 234 134 935 112 80 791 399 685 443 215 626 684 997 551 162 96 393 790 174 525 609 194 637 232 13 52 626 541 643 763 334 146 657 553 567 361 32 756 706 873 515 375 434 707 190 633 805 446 541 994 740 648 820 154 471 505 829 348 264 656 449 967 378 692 985 438 480 480 298 923 534 537 346 54 25 956 293 869 657 194 594 82 326 965 430 102 996 481 336 672 559 288 345 210 947 741 77 385 393 24 344 826 373 758 334 601 473 928 263 590 551 635 651 296 42 522 376 562 508 54 894 882 699 183 551 538 103 466 762 680 700 543 385 28 617 562 319 498 708 499 719 40 974 829 696 512 905 376 342 386 281 778 266 148 864 222 647 704 758 718 139 665 646 65 334 977 571 113 187 463 320 790 761 806 633 407 88 578 559 810 668 455 404 2 753 532 350 515 474 159 911 337 477 350 290 558 504 283 176 664 15 670 825 463 232 330 533 901 855 69 844 539 761 14 454 644 388 446 728 723 170 627 792 704 784 416 19 580 276 109 720 527 88 693 434 414 721 448 728 405 766 823 106 387 750 678 781 998 165 439 228 843 939 537 393 381 945 357 357 579 830 10 64 641 343 559 166 927 361 590 280 690 646 366 112 937 164 614 314 765 11 106 1 480 832 708 289 106 258 968 42 950 264 541 938 383 314 697 693 111 715 225 308 928 737 848 27 785 131 598 304 177 182 681 508 680 818 922 69 176 948 816 662 649 503 675 589 583 987 908 711 76 575 943 559 9 436 716 169 545 297 734 589 859 888 721 170 71 715 653 702 
256 44 720 932 953 500 284 233 417 930 525 476 718 953 633 747 377 382 734 673 791 416 470 971 919 818 862 117 627 237 204 316 458 122 974 369 888 746 46 127 748 451 698 264 126 195 389 311 49 118 377 942 141 824 311 911 862 424 145 628 987 276 107 927 991 382 973 615 301 601 182 321 904 830 447 874 77 698 819 239 826 267 708 140 348 877 822 27 440 55 98 725 581 769 278 89 295 215 887 45 655 105 506 105 245 421 755 113 319 957 404 725 397 362 703 322 425 8 953 686 428 731 455 125 902 529 869 418 630 105 855 549 758 481 663 538 177 83 222 97 478 270 289 178 300 496 964 667 83 828 511 902 894 276 20 725 461 458 904 165 59 392 699 46 939 749 278 473 436 521 723 98 278 925 428 873 446 607 321 853 432 263 238 649 57 42 120 355 434 846 717 67 837 597 805 963 949 815 428 14 725 774 414 193 947 366 764 449 616 972 371 254 9 418 642 235 277 474 4 275 458 738 839 630 669 701 623 196 721 454 859 88 236 850 17 351 724 258 651 497 604 54 434 840 902 368 792 39 406 641 312 153 307 452 401 203 455 599 765 54 434 992 215 278 696 801 158 918 525 218 158 467 162 127 629 522 701 176 58 247 938 113 43 546 724 535 619 631 577 649 738 27 479 170 988 334 444 778 741 778 316 579 225 492 752 541 322 467 328 593 965 328 958 329 608 57 760 381 532 341 647 1 948 686 457 309 166 9 462 427 616 59 152 865 659 356 571 74 746 7 792 874 588 371 389 415 474 654 419 669 80 114 597 13 614 553 29 530 426 947 249 325 31 109 199 349 153 790 49 865 748 115 473 205 209 978 436 891 210 892 599 356 717 589 182 650 105 59 457 219 437 553 415 467 239 894 926 83 327 489 372 191 271 404 663 343 557 113 915 383 851 430 420 453 54 653 186 595 813 496 9 754 468 843 794 593 48 154 278 869 226 63 172 491 297 718 240 106 138 762 228 141 525 165 587 143 668 419 989 434 34 866 845 308 154 814 668 429 344 13 675 433 314 159 362 457 938 444 154 188 642 622 511 625 576 547 452 505 92 660 684 719 199 502 403 78 178 413 76 946 757 921 890 468 182 424 860 192 577 903 
415 390 883 547 855 200 577 85 990 76 703 432 58 937 94 185 610 429 400 299 977 546 422 392 51 776 931 363 959 392 914 913 732 100 485 762 69 959 510 39 873 316 29 564 33 244 146 79 483 615 29 533 176 241 862 320 930 550 71 441 696 852 492 243 322 277 212 10 241 960 28 440 203 776 197 322 428 473 135 391 400 623 412 779 868 419 408 421 883 402 684 198 853 935 592 183 181 405 14 278 841 994 554 635 93 107 111 707 939 686 991 941 927 949 353 632 517 365 671 610 734 611 643 141 165 934 133 322 352 401 839 406 620 558 133 52 759 655 485 87 300 840 440 202 402 400 995 624 82 943 741 927 997 523 792 896 491 520 55 715 121 56 675 634 114 938 471 771 769 921 997 396 771 704 104 422 595 64 197 312 729 751 785 737 466 263 978 936 35 939 464 935 272 356 463 830 242 365 302 669 730 975 145 558 104 506 400 201 254 484 270 66 328 728 286 45 306 506 471 21 409 602 85 868 46 440 486 31 350 256 126 355 497 839 352 616 735 82 52 95 290 551 458 880 375 803 611 21 404 27 710 896 578 404 509 362 356 673 802 755 334 967 63 446 17 405 600 863 392 43 101 847 349 281 494 147 319 998 736 296 920 247 224 571 726 663 904 670 338 85 590 705 490 704 677 326 297 226 571 833 487 616 697 253 744 878 556 963 638 438 680 250 306 930 655 150 171 765 734 1 299 86 495 15 749 6 696 313 671 486 722 536 192 204 567 495 284 111 225 582 72 618 380 853 241 846 688 10 776 13 736 958 477 345 55 929 962 408 558 938 989 3 638 846 922 829 406 107 30 675 908 435 628 508 405 384 432 773 927 99 94 621 189 947 715 890 661 884 812 57 467 187 83 463 651 32 181 362 84 170 498 262 294 962 288 946 542 57 764 805 329 768 544 809 311 428 171 962 145 911 736 926 169 644 793 209 706 196 857 369 25 690 891 532 769 830 687 447 719 951 633 832 71 497 824 358 204 933 264 584 68 767 674 345 807 751 967 507 465 332 427 383 838 493 361 372 488 72 953 958 420 24 980 815 172 23 723 508 204 256 640 362 263 801 240 918 518 38 366 994 490 602 69 274 821 643 756 955 194 992 
101 690 765 322 689 878 69 871 790 903 302 84 341 661 96 807 248 473 143 963 26 571 31 905 701 635 456 17 691 936 511 346 513 485 9 15 242 179 647 59 537 240 441 178 557 444 630 689 187 16 331 395 18 508 880 831 146 864 271 193 92 992 488 503 210 64 93 810 54 192 198 630 930 168 792 739 454 571 73 260 955 220 717 206 97 53 639 80 543 258 787 300 107 517 947 270 818 729 769 292 683 260 795 713 484 375 233 331 537 430 618 398 892 548 433 567 645 986 116 590 765 308 667 271 408 875 971 237 935 756 85 585 417 881 926 363 60 972 637 490 74 307 695 761 674 570 174 169 631 680 978 642 889 652 22 830 424 714 986 413 810 622 616 619 152 780 796 68 364 406 878 873 836 394 624 836 393 507 217 848 669 38 592 243 151 805 608 553 892 647 197 6 666 800 294 509 762 312 548 489 256 573 205 809 226 929 498 397 993 501 179 252 886 71 461 757 154 877 573 627 996 734 418 82 957 47 794 756 182 134 496 192 968 472 386 184 474 779 50 217 1000 243 99 519 843 614 721 417 33 787 644 602 652 242 464 996 950 313 774 644 434 780 435 989 544 620 991 675 681 911 466 846 430 735 12 801 834 250 720 490 231 19 633 925 533 878 725 515 910 591 232 748 227 599 148 703 293 242 256 132 593 191 424 246 174 444 10 685 397 262 744 688 381 543 694 74 721 324 715 487 230 298 238 436 46 988 202 261 527 328 797 120 872 907 274 387 203 665 171 429 593 568 219 410 646 809 425 269 526 322 272 335 526 522 699 314 816 309 351 572 686 132 649 17 574 499 252 857 693 564 32 441 39 417 252 555 600 483 78 668 807 878 153 64 841 487 483 150 211 149 633 30 415 645 578 739 757 961 362 956 606 683 416 391 817 599 942 254 965 554 616 303 13 204 801 508 12 513 681 28 631 885 548 552 701 277 45 69 514 711 547 904 660 563 928 907 219 851 818 3 963 704 407 877 285 54 654 329 571 390 969 781 165 25 140 970 509 459 585 194 165 254 854 129 199 831 404 973 379 66 922 917 993 973 602 765 510 211 468 339 935 19 255 332 933 641 234 868 291 458 527 188 996 763 783 48 612 176 902 53 
168 809 478 116 514 662 919 30 85 80 287 481 679 839 564 661 79 56 958 202 848 204 261 242 692 934 336 758 165 184 515 645 577 114 523 725 33 142 902 564 886 143 174 5 901 616 783 859 550 100 642 639 682 662 595 329 281 440 79 779 29 106 550 928 344 335 378 272 160 224 42 600 561 271 369 580 61 764 780 535 423 261 310 672 831 24 118 560 589 941 888 292 985 766 541 442 695 346 369 386 707 115 907 757 37 550 715 994 378 378 26 994 113 978 48 123 699 454 415 797 840 645 332 773 714 220 943 488 74 559 480 443 497 427 153 191 48 825 924 476 30 859 202 900 120 562 827 532 418 919 857 45 809 231 321 836 741 185 671 727 444 85 777 664 31 944 412 20 593 230 3 355 622 520 636 533 183 920 106 988 620 519 537 284 662 816 829 905 800 86 665 733 178 836 241 182 750 711 375 837 633 743 518 956 569 892 569 183 760 650 964 422 515 889 634 860 853 278 781 836 735 818 155 370 926 917 222 698 892 76 505 634 944 848 458 306 836 779 144 206 659 58 162 362 966 222 1 726 317 544 234 848 587 274 28 183 133 544 533 710 749 195 330 944 634 209 478 515 193 856 551 122 233 939 3 739 464 892 129 557 684 470 916 231 295 341 261 598 634 611 441 836 668 936 808 731 832 866 622 867 570 958 853 367 444 642 669 106 238 679 924 934 607 455 702 239 169 16 628 349 883 351 876 414 515 171 18 781 197 349 790 257 342 804 794 382 301 695 624 902 992 890 652 592 597 765 770 979 592 284 948 578 531 775 761 162 551 873 499 82 954 941 566 85 526 732 705 28 405 212 648 728 683 441 452 640 606 957 21 976 832 333 727 558 385 793 774 530 762 89 781 459 901 809 52 279 703 105 532 909 729 615 814 79 531 401 33 5 209 789 889 333 463 754 133 451 784 405 109 216 414 844 118 591 251 831 272 80 471 348 807 212 200 244 587 43 715 770 273 548 759 380 62 181 842 1 937 300 836 534 643 10 583 574 12 122 775 653 817 802 162 247 299 347 733 434 93 184 418 77 760 784 462 566 228 795 8 383 819 761 966 558 885 922 582 625 951 505 630 312 800 627 206 896 542 480 710 858 316 412 
106 46 72 456 705 670 6 745 236 114 28 424 561 741 842 527 237 881 529 655 21 831 510 692 26 236 753 600 48 801 617 670 447 734 26 37 583 17 480 534 70 545 936 326 830 494 153 153 157 699 413 695 802 418 843 784 575 334 19 584 22 596 370 733 678 174 188 269 171 115 272 912 279 200 382 899 905 480 339 117 225 38 10 111 353 1000 353 772 289 227 521 842 946 424 611 958 215 871 298 888 96 230 640 280 122 334 313 802 133 659 21 10 562 29 645 872 361 52 906 787 432 919 52 396 593 587 48 161 876 895 108 330 701 220 95 182 851 393 263 431 977 530 436 999 85 597 584 534 810 92 797 197 767 339 952 585 487 335 836 746 743 702 523 264 826 754 836 393 298 233 312 705 137 489 325 286 942 323 903 450 951 315 200 425 715 836 15 149 513 564 471 51 365 963 891 439 768 521 85 502 57 949 361 335 652 369 404 110 576 305 803 27 456 349 908 283 325 158 369 118 868 335 348 511 111 839 657 549 88 337 213 544 129 426 363 826 315 84 259 654 4 570 810 221 647 71 246 628 423 423 257 510 405 356 328 610 38 241 160 932 523 610 285 982 467 310 334 615 247 654 688 885 587 923 417 275 170 203 127 695 173 550 694 231 573 745 621 945 236 32 557 688 929 593 277 419 548 153 860 175 498 245 745 737 149 398 815 1 990 320 434 940 44 390 306 101 367 216 942 465 950 178 90 999 361 493 954 682 618 355 120 103 523 521 613 700 193 642 947 683 11 110 35 413 713 95 631 118 415 546 769 600 738 876 888 587 953 932 782 751 594 576 982 658 521 615 553 662 680 965 873 877 728 569 622 134 884 863 995 679 379 979 158 873 614 938 996 271 915 439 217 788 703 426 970 665 333 631 979 32 539 493 144 221 521 191 557 661 544 528 383 275 550 220 707 235 754 55 104 694 756 330 526 539 679 414 326 218 553 903 440 429 312 179 564 198 63 824 522 841 325 735 680 14 437 659 749 218 47 856 813 469 592 17 607 659 556 350 934 268 56 221 116 262 976 270 693 325 532 426 311 60 672 226 385 564 769 399 850 514 845 770 227 770 962 992 999 724 817 244 612 519 154 551 905 86 673 654 130 450 
181 129 991 620 767 884 866 440 255 428 206 241 401 821 985 435 127 754 132 841 317 716 91 168 566 484 154 961 137 430 528 262 472 221 128 399 891 535 647 136 1 65 73 289 873 537 727 259 971 989 430 578 540 459 245 425 291 529 718 260 852 756 320 260 933 290 332 838 915 694 523 304 166 927 613 583 428 843 231 991 2 908 142 474 749 217 437 113 562 138 623 563 831 163 419 613 412 215 293 612 656 932 674 476 15 765 388 343 355 913 497 684 864 653 513 207 86 343 0 98 58 524 587 95 592 738 871 312 881 323 924 2 327 109 746 665 239 729 505 103 96 853 58 896 315 300 15 767 704 601 185 637 545 532 254 19 868 553 161 54 180 876 687 700 31 555 156 762 550 760 89 858 183 269 247 536 523 676 592 601 499 962 192 81 972 615 176 214 537 444 662 160 253 748 861 686 28 719 748 339 965 91 604 528 64 147 686 932 487 455 984 364 265 405 923 857 427 125 588 77 662 127 954 852 655 573 88 704 941 489 778 39 202 590 487 609 771 901 72 473 325 637 165 692 784 36 264 973 913 253 848 692 566 363 156 501 182 435 13 996 244 318 57 303 789 809 654 106 42 612 838 914 823 18 707 461 291 364 611 971 157 759 962 191 614 454 323 655 172 78 205 893 536 874 94 621 559 833 32 681 454 338 753 488 729 763 353 645 721 250 598 216 449 354 283 869 918 559 363 895 301 301 22 89 941 203 976 123 651 600 244 15 677 744 235 269 999 60 912 479 414 419 722 568 883 480 977 876 870 526 514 804 307 535 768 581 233 902 430 544 229 247 37 345 167 739 823 187 896 381 508 699 580 343 58 108 591 924 441 833 247 479 911 630 714 928 240 916 160 223 334 605 197 337 525 788 87 799 936 338 209 759 382 582 584 405 436 990 985 815 76 416 58 630 737 666 569 539 848 24 551 674 89 448 402 51 763 129 650 643 766 155 93 859 557 362 213 6 351 344 463 492 213 215 77 337 864 497 840 629 610 777 891 225 132 990 980 599 815 662 551 608 351 739 558 298 576 545 690 344 773 558 452 488 227 264 516 984 772 408 105 793 426 512 786 884 786 726 69 576 870 99 940 787 983 265 564 183 517 330 
876 369 747 368 527 293 645 431 845 295 973 151 629 693 470 1 313 300 668 711 903 589 242 491 766 201 320 256 483 959 355 335 736 628 774 936 900 789 749 325 564 829 901 186 807 933 272 812 125 881 725 461 0 93 876 874 907 490 171 471 985 343 889 681 646 946 931 403 559 788 393 321 56 718 155 419 628 922 967 127 408 824 668 227 91 70 634 257 209 815 89 114 629 614 806 892 242 780 892 40 834 700 947 492 287 194 826 617 468 243 268 411 323 306 668 552 894 819 827 223 719 567 115 69 881 701 586 343 206 760 985 775 759 847 753 978 481 236 402 203 711 177 579 588 979 299 474 112 469 580 761 295 872 128 632 83 96 73 38 228 555 948 505 240 91 978 660 978 354 593 537 423 305 653 476 57 331 49 546 366 949 957 875 490 717 234 452 610 269 698 232 123 973 409 480 22 585 937 762 810 999 632 160 904 842 379 73 129 636 773 897 667 956 591 880 474 186 883 243 752 716 806 451 710 763 155 611 759 381 288 870 778 522 478 682 446 470 663 474 371 36 669 271 238 995 866 595 388 785 708 169 179 869 226 806 479 298 252 130 144 609 633 50 86 439 170 836 585 557 421 988 463 981 505 295 738 780 990 680 739 985 603 150 512 180 665 270 395 636 195 76 502 918 517 517 907 590 651 643 316 63 818 465 576 47 31 206 788 340 349 288 989 357 399 833 426 702 969 720 832 267 156 1 136 230 982 611 285 887 89 96 203 759 653 205 712 537 622 434 754 991 25 169 278 533 832 525 45 822 116 477 68 59 595 959 822 541 965 488 462 222 576 502 13 456 852 606 726 916 621 292 950 548 920 714 193 876 758 542 692 53 46 890 617 173 713 547 283 754 165 22 124 859 132 74 786 499 67 805 693 905 226 660 196 136 202 754 815 386 65 269 982 173 662 397 109 633 698 151 774 228 210 311 711 713 849 224 440 766 214 684 445 772 86 420 57 935 220 537 271 942 962 499 849 479 253 215 487 930 317 188 573 712 592 488 986 734 222 267 506 995 679 718 63 14 303 220 279 41 18 914 560 338 196 210 516 574 884 7 251 485 382 328 429 473 900 407 316 560 899 786 129 507 966 402 519 540 135 978 936 
442 536 130 614 964 344 677 677 662 547 545 514 67 203 182 18 355 514 33 862 106 825 543 600 903 364 516 794 522 651 381 830 170 377 129 508 542 706 210 313 968 617 391 815 382 780 439 946 10 291 418 557 765 263 324 853 108 89 637 350 912 582 902 130 199 214 344 212 488 106 965 784 511 976 721 746 595 362 374 77 787 302 144 96 506 409 521 562 528 580 815 379 403 552 200 234 31 822 20 113 919 834 333 436 342 256 431 544 15 652 673 143 98 827 159 975 520 998 256 320 544 656 694 403 310 76 871 754 780 187 61 292 566 997 80 91 637 911 481 579 280 927 156 896 594 766 542 733 198 815 172 419 739 781 853 510 670 839 419 679 185 877 907 292 380 161 685 129 956 260 579 246 744 257 358 492 668 911 114 586 467 550 460 457 759 725 660 191 606 759 122 690 605 878 231 351 315 627 715 950 193 441 234 824 773 736 954 790 35 335 119 301 543 842 859 254 87 610 696 9 655 537 380 581 553 106 967 300 343 939 473 299 321 260 106 651 392 322 820 118 70 866 524 635 951 6 935 706 344 785 69 505 955 407 823 597 735 831 958 509 941 58 479 338 735 422 530 254 903 965 883 612 777 443 501 695 47 579 526 100 453 227 418 636 542 818 731 28 840 316 125 158 804 615 654 222 104 449 477 541 437 439 98 305 148 668 186 914 259 59 592 362 996 496 89 485 888 8 313 259 268 322 510 327 838 208 592 642 521 791 328 742 74 957 15 832 713 129 588 395 75 428 52 621 380 296 501 610 422 460 884 274 58 737 174 146 270 576 662 643 350 163 315 994 88 730 921 67 22 380 154 795 895 868 639 339 61 282 425 678 6 961 48 922 724 484 732 159 245 160 115 67 436 146 294 716 379 676 503 922 89 586 271 77 325 636 135 449 271 925 698 880 331 768 936 868 551 374 151 465 34 712 949 488 859 126 196 777 910 85 110 519 730 617 62 97 693 862 481 963 327 355 183 80 345 93 643 638 123 0 615 516 101 324 98 775 534 420 532 225 832 142 160 344 467 670 767 954 532 603 966 870 85 649 411 265 353 651 312 125 836 519 662 500 904 614 905 967 498 171 411 962 178 857 363 956 871 569 840 659 
726 747 607 985 795 169 697 927 231 923 237 896 591 11 845 583 90 215 371 916 398 143 84 382 288 369 614 790 997 433 645 961 805 111 727 179 587 666 217 623 958 987 252 251 820 602 474 262 347 596 868 595 557 530 305 735 38 876 796 491 439 425 721 458 720 814 596 97 640 175 667 267 132 227 124 580 684 458 381 10 89 530 79 964 359 265 305 273 352 992 264 652 555 687 877 577 699 61 771 818 707 256 224 720 827 828 946 426 675 15 834 454 804 867 871 398 629 696 547 524 296 132 795 332 425 776 699 480 858 856 71 400 783 762 6 390 140 839 558 508 370 652 231 332 444 279 929 318 584 453 627 809 430 492 254 83 892 891 623 440 597 440 466 319 401 951 629 808 317 376 463 760 441 30 143 823 717 863 142 612 795 421 773 384 725 871 59 478 258 973 309 954 773 777 135 810 738 940 77 12 50 684 917 542 126 411 882 174 763 380 480 802 655 414 72 897 937 818 712 573 29 984 72 331 961 110 12 51 673 795 144 585 660 584 367 671 997 787 381 212 919 646 992 186 867 984 133 616 248 750 951 338 735 503 236 933 628 320 847 212 201 901 817 39 873 624 1000 874 946 448 86 37 903 608 976 164 831 341 502 78 853 987 84 713 882 1000 473 747 942 906 961 118 560 812 760 932 883 108 138 384 300 908 643 465 928 520 201 705 828 614 229 463 241 464 333 615 628 518 87 599 813 411 393 588 395 213 654 273 573 112 61 227 143 42 571 697 394 375 939 77 484 464 722 722 281 112 622 204 837 324 365 512 666 755 944 540 469 573 677 952 266 610 63 640 758 441 507 15 918 264 415 696 250 486 255 211 62 968 478 193 141 824 22 470 13 219 369 184 748 265 842 246 693 465 255 45 376 753 525 763 406 109 35 875 987 170 107 80 344 0 211 84 940 445 839 739 329 3 241 204 529 308 433 520 487 519 854 983 6 925 891 223 386 913 409 265 744 405 461 543 455 151 608 785 798 100 737 514 369 327 866 394 162 295 480 176 841 132 504 568 76 188 831 922 733 297 214 24 358 460 104 785 808 427 659 902 109 398 218 427 214 364 312 379 186 488 972 806 39 261 514 204 907 210 332 132 43 677 590 560 
994 887 434 680 894 124 55 991 785 0 647 557 950 173 477 61 550 60 995 743 920 148 830 411 162 319 794 517 276 782 632 1 430 660 874 52 920 38 60 354 347 683 859 563 29 596 320 64 944 338 395 909 414 894 11 701 483 867 677 167 292 109 937 318 213 570 209 697 725 204 313 629 293 909 633 256 374 271 509 831 977 738 448 769 595 401 614 340 545 661 140 298 799 774 552 180 630 748 37 978 355 849 356 413 221 245 583 721 476 155 651 345 782 932 834 553 787 622 570 106 802 648 27 791 439 854 338 793 910 88 169 193 679 78 667 487 264 742 319 994 992 206 180 200 464 634 330 368 453 263 29 413 694 508 27 857 816 62 102 792 794 60 70 401 61 667 588 934 775 74 422 27 277 488 109 491 198 380 656 11 37 434 332 600 718 610 261 143 713 744 516 898 345 426 429 787 325 563 797 382 814 996 346 92 389 117 117 765 275 613 182 559 715 261 427 893 307 928 72 429 659 659 439 346 132 806 875 999 180 358 952 196 394 799 782 548 712 982 980 514 341 663 492 969 988 448 706 764 730 143 150 365 724 508 991 900 284 37 612 160 667 835 767 522 795 138 25 788 211 309 974 458 229 935 437 445 662 48 475 781 284 357 966 63 866 591 884 241 828 315 354 577 449 22 441 617 442 399 233 26 581 592 655 594 137 308 984 589 848 6 292 238 980 618 360 546 87 919 986 820 763 180 58 815 578 786 315 224 371 825 109 831 782 523 169 541 990 981 624 829 330 603 551 771 586 969 289 375 50 436 25 419 858 976 876 812 953 214 198 431 300 590 264 286 162 179 7 962 782 386 706 947 756 982 545 484 325 646 840 869 604 523 17 240 973 475 243 800 109 508 780 189 579 473 80 74 120 69 294 185 944 198 634 557 188 749 623 485 879 945 574 186 465 480 869 856 588 832 832 238 927 296 56 569 53 944 999 836 8 952 618 16 973 454 528 449 163 767 288 539 886 412 420 708 990 357 803 669 729 952 788 409 259 766 781 984 489 642 296 53 617 85 66 687 679 16 704 573 7 466 730 133 169 471 10 348 804 5 159 521 166 430 422 309 801 857 198 21 495 570 485 772 952 710 969 432 91 300 728 828 
401 586 528 153 436 501 695 343 929 590 490 233 797 769 934 58 199 304 296 753 827 372 344 827 756 642 599 868 171 991 313 924 943 209 51 874 2 182 983 299 599 721 245 31 775 986 887 562 400 141 132 331 44 621 725 526 153 847 147 320 854 165 747 391 482 968 101 571 55 640 751 469 124 639 648 690 787 828 10 537 36 405 989 853 443 649 618 979 532 158 647 614 339 628 960 301 850 668 498 136 76 677 518 553 410 875 387 505 334 43 98 382 460 392 847 703 393 653 712 67 432 763 736 793 37 202 953 916 898 189 886 382 641 276 527 644 427 419 457 617 262 362 68 626 593 83 347 29 986 582 835 335 477 554 651 213 860 300 374 813 886 425 246 143 915 557 715 472 686 170 859 588 751 291 15 369 613 840 619 449 17 409 679 226 627 881 988 900 158 969 611 961 391 491 833 338 383 806 883 686 232 525 517 815 397 731 462 897 460 882 294 949 879 181 318 384 538 847 939 647 375 338 694 755 454 180 1000 918 393 116 520 416 975 631 241 864 683 43 186 137 937 55 54 782 826 366 360 296 723 607 341 955 705 717 140 194 132 995 782 972 159 727 274 193 87 357 208 670 944 228 958 249 413 976 779 647 397 242 393 611 638 771 627 244 498 486 322 391 483 338 400 715 992 959 300 419 780 402 394 664 344 998 296 344 153 840 118 110 278 302 646 870 633 781 243 840 670 408 144 22 74 901 134 796 496 792 158 888 478 905 910 675 615 49 644 179 190 852 953 529 550 418 493 441 246 20 717 600 446 286 35 923 77 397 928 358 190 15 860 954 284 707 333 248 644 970 882 705 842 396 165 43 261 239 282 340 459 119 396 773 567 689 192 905 834 593 395 605 236 651 407 217 426 939 715 906 623 702 388 425 925 42 889 89 358 694 337 855 568 329 282 324 169 301 993 931 343 984 947 231 856 558 750 513 743 617 449 293 270 627 393 213 327 860 259 224 349 270 22 497 723 109 800 407 520 226 719 164 700 178 353 97 686 305 607 361 508 807 307 194 88 672 760 8 944 226 97 494 475 465 319 693 683 724 730 922 66 131 682 607 915 51 223 328 842 15 494 520 506 615 889 126 687 923 174 655 235 871 717 532 
475 732 664 190 155 503 877 759 685 294 191 934 172 759 928 474 422 99 303 124 819 815 741 813 226 582 971 813 796 770 806 356 998 797 904 496 712 222 2 654 318 692 194 862 804 512 979 409 667 753 205 247 704 531 704 348 116 503 15 730 189 493 553 409 387 424 808 287 677 251 495 141 943 871 806 306 379 130 610 535 735 223 686 992 9 795 987 954 849 817 959 6 472 576 100 97 999 853 406 624 375 556 721 407 313 471 43 709 709 646 403 705 228 468 758 905 587 599 783 88 111 604 408 807 89 127 658 587 342 658 386 811 564 283 155 163 801 791 205 229 506 13 743 362 561 260 714 486 69 74 163 68 297 230 177 921 754 205 39 291 280 431 500 475 993 27 708 560 801 366 746 970 471 494 519 904 778 627 136 419 304 207 773 269 546 7 11 667 983 978 477 926 573 260 918 319 235 356 197 746 21 768 946 672 779 601 406 276 115 241 184 358 206 537 527 464 421 17 374 204 514 745 271 717 887 104 99 56 493 958 786 67 422 751 128 417 804 227 403 597 278 466 176 249 537 600 464 89 212 453 972 144 240 54 648 486 290 450 662 442 577 611 855 207 43 600 822 266 129 715 540 685 507 545 257 27 602 59 829 929 862 182 624 259 635 841 968 102 323 172 613 533 148 664 537 328 22 392 463 971 298 699 89 248 122 916 839 166 848 393 596 605 181 953 352 423 232 240 737 438 825 676 233 562 67 293 794 912 108 267 201 906 130 260 907 483 157 945 115 596 954 971 121 852 339 826 755 534 566 121 85 949 499 553 63 527 438 241 656 473 312 864 684 491 561 936 290 289 35 221 200 933 893 26 921 654 965 593 307 766 855 133 5 832 266 681 828 51 747 723 387 150 572 772 880 337 339 961 26 100 529 889 48 198 566 56 892 536 844 918 777 924 879 755 809 878 922 637 278 360 355 361 623 852 114 874 121 151 449 171 656 769 301 915 965 723 887 160 979 400 930 906 131 720 219 237 395 376 115 799 188 282 657 435 661 828 819 804 452 103 386 646 152 630 486 149 758 1000 55 687 701 423 641 892 863 785 596 467 634 985 865 879 104 787 864 547 739 809 787 627 277 613 334 747 388 112 374 901 686 231 
551 586 830 4 554 713 484 819 234 617 708 627 450 942 478 67 55 72 303 482 501 362 864 731 251 994 131 100 943 569 413 954 864 822 184 102 726 987 388 351 945 900 606 879 922 47 631 654 984 434 754 317 54 767 921 354 530 771 395 742 365 731 504 200 765 664 258 697 110 11 430 707 895 313 149 655 594 274 695 931 74 986 390 440 484 323 815 361 125 259 419 309 737 670 443 667 256 490 523 326 512 970 451 688 982 561 490 836 354 333 806 264 262 842 195 0 396 38 423 72 731 650 42 314 662 685 436 433 675 103 898 308 240 434 974 217 728 626 763 895 154 538 936 123 105 267 985 107 57 792 784 977 653 473 452 175 88 24 438 400 676 806 447 786 168 353 595 689 924 206 636 112 462 844 354 482 258 364 722 164 937 372 281 482 468 588 52 244 598 553 714 319 829 244 150 897 452 341 770 916 831 94 373 212 101 638 351 576 7 629 825 443 719 837 519 96 478 112 450 613 304 561 521 422 208 79 37 836 467 190 419 543 196 443 597 271 96 796 335 555 961 127 456 461 251 72 197 179 754 617 771 616 738 524 101 685 488 440 768 687 624 937 177 41 953 1000 843 82 132 401 558 0 681 90 587 618 857 800 329 87 166 688 285 710 169 162 846 737 187 324 420 32 909 195 887 969 589 950 7 45 225 391 800 203 97 134 347 797 665 84 539 86 225 50 687 132 361 17 562 751 910 794 1 313 562 407 454 862 402 30 245 591 12 367 15 712 530 604 277 480 388 276 908 773 163 621 651 781 783 76 822 149 333 449 880 289 38 476 119 133 531 469 134 445 2 381 974 906 475 307 775 429 678 532 197 515 771 216 501 898 684 480 271 627 162 416 670 167 768 941 752 569 988 250 265 283 723 969 705 593 175 304 182 990 421 306 128 651 32 882 472 653 721 273 783 702 626 669 715 280 519 187 734 811 371 601 765 702 421 56 630 542 710 385 916 606 705 940 546 555 485 921 378 722 844 128 476 899 75 404 645 462 933 125 935 655 854 587 818 962 79 468 877 897 440 103 618 316 667 125 494 318 877 132 499 913 318 860 910 654 187 429 280 345 851 723 53 495 411 811 169 43 321 840 903 136 354 614 861 861 
822 864 152 475 959 315 863 966 377 309 628 700 944 976 930 216 689 386 805 38 257 539 106 95 159 847 63 906 980 100 339 579 613 777 343 86 361 939 281 568 453 788 84 157 674 169 837 657 321 910 871 213 940 343 360 632 293 463 940 440 924 507 567 550 63 487 772 854 612 240 159 17 30 89 810 795 101 888 858 31 742 465 978 299 770 478 821 470 35 147 479 658 663 41 731 244 970 916 353 355 947 415 316 899 571 961 522 300 18 435 982 548 209 90 105 311 632 439 490 397 908 315 773 34 709 98 926 87 211 788 646 9 823 854 20 42 663 746 587 926 578 765 760 305 102 77 594 3 777 100 590 671 450 510 518 217 757 496 196 563 189 497 628 79 350 684 656 598 282 376 512 106 96 566 145 304 609 583 840 177 381 262 282 112 969 598 829 700 510 448 454 242 315 92 750 438 55 713 147 977 589 135 407 179 881 635 89 643 512 31 283 518 407 580 878 463 578 822 103 77 628 740 549 205 703 549 439 747 345 164 920 80 133 385 300 298 572 376 708 182 106 71 294 811 700 358 757 750 428 451 746 423 170 169 253 845 249 561 351 336 724 235 146 21 953 410 335 102 34 239 868 948 604 876 606 499 640 367 101 292 225 262 392 141 23 380 644 788 734 978 578 171 792 620 330 623 7 862 650 230 123 414 380 846 452 125 427 212 31 504 526 854 495 519 66 758 118 914 669 245 205 621 177 547 5 936 951 898 899 174 585 737 843 153 392 850 228 964 247 619 759 108 971 901 26 443 131 266 702 36 609 882 302 364 997 844 140 729 928 813 434 423 111 285 475 964 351 963 422 814 242 698 625 989 764 65 67 426 313 106 136 569 645 346 790 634 766 128 370 54 213 437 744 84 511 93 400 283 605 894 63 662 362 319 602 37 835 335 685 518 678 567 380 89 114 530 674 619 874 4 264 511 457 648 537 977 169 624 94 778 10 675 302 249 273 879 640 871 155 301 129 88 261 713 49 54 184 829 225 947 150 100 477 318 453 465 686 300 832 405 480 638 113 304 378 632 702 756 169 53 358 183 29 711 704 221 957 384 384 867 304 566 379 235 153 175 785 963 16 203 848 557 300 746 609 476 622 6 751 879 
971 30 82 793 766 623 308 159 689 187 746 671 190 226 866 35 764 582 211 999 582 973 821 382 924 661 709 379 558 777 957 808 813 526 879 365 920 408 301 459 927 446 108 578 654 406 734 700 68 976 862 896 994 997 469 779 579 61 434 571 759 548 519 525 921 853 438 389 47 614 188 554 777 419 611 118 157 930 410 418 509 733 912 535 960 420 847 792 64 570 679 857 114 783 340 734 823 830 42 629 729 380 195 748 474 645 315 573 624 366 34 7 366 144 136 445 16 247 278 476 994 141 306 637 1 747 276 738 973 429 945 441 446 774 943 817 993 976 16 463 697 126 83 662 569 44 372 588 957 935 249 621 104 111 531 10 387 389 737 496 823 651 518 706 220 188 253 988 818 291 938 141 402 840 698 765 587 173 510 844 84 673 331 2 971 372 787 376 675 125 53 854 453 765 225 595 110 57 301 47 622 609 302 874 95 826 404 468 435 210 995 87 823 680 563 657 714 56 692 442 481 739 769 405 645 16 281 621 450 768 121 214 999 875 168 497 18 377 660 490 980 527 522 310 893 753 439 128 510 648 758 971 447 919 201 489 434 837 127 513 884 565 27 455 917 304 776 184 424 933 456 40 579 450 872 714 99 503 766 403 798 957 743 53 670 528 609 6 167 454 691 200 465 717 603 471 175 586 527 407 774 642 168 160 986 136 97 546 853 48 486 630 141 231 761 508 729 512 549 87 656 892 613 423 808 275 697 564 719 77 736 256 625 203 482 72 272 1000 7 403 215 513 652 83 469 950 303 413 164 413 113 456 659 717 186 6 137 713 186 791 449 876 813 536 983 88 801 598 598 512 300 815 611 670 145 905 725 855 262 461 174 504 262 187 420 215 17 807 496 177 701 970 82 23 539 374 581 119 217 757 170 774 268 756 94 553 521 651 797 15 911 772 963 297 276 307 379 587 503 928 408 953 260 69 448 23 701 516 845 166 93 134 234 281 104 909 742 430 228 891 646 190 195 787 493 94 297 986 125 814 467 951 240 778 516 446 100 608 678 614 780 894 366 866 849 818 298 147 273 404 729 158 400 183 941 784 784 288 15 589 828 910 125 483 336 858 165 668 696 22 392 142 46 355 21 187 967 12 885 223 
759 497 609 815 787 141 460 195 294 288 588 338 504 636 708 264 907 825 740 181 253 462 365 963 591 67 584 369 293 712 465 89 407 263 277 355 223 858 748 596 596 536 826 86 826 758 239 648 167 183 339 979 239 780 153 851 895 277 842 408 426 912 718 593 626 97 22 324 928 152 698 512 996 650 198 797 246 237 104 295 643 779 542 25 143 932 773 467 129 209 284 796 293 421 359 461 280 925 226 692 335 203 627 718 808 372 216 427 677 829 897 553 266 263 86 869 807 301 132 623 455 31 314 830 759 126 515 555 688 735 419 493 769 494 441 40 703 402 487 533 898 985 404 205 525 947 570 122 112 26 578 157 754 304 683 307 220 822 866 743 696 681 175 243 969 367 20 319 428 462 332 393 632 143 782 910 113 9 766 94 612 841 996 808 470 210 203 343 99 755 20 30 828 338 221 970 733 583 387 582 766 220 604 872 363 749 615 816 793 123 136 613 699 285 458 742 978 417 944 469 849 410 609 891 345 197 204 735 26 821 529 309 100 912 816 899 836 800 409 949 586 396 822 357 766 144 831 817 902 543 240 323 37 655 206 822 170 966 956 334 743 721 480 730 139 438 214 945 734 982 312 846 552 184 601 761 920 672 851 152 718 556 934 467 215 740 275 40 651 459 360 39 666 991 247 881 789 707 394 324 930 428 945 760 324 410 864 187 246 123 312 669 662 990 537 446 246 110 357 333 535 343 741 573 818 374 846 234 141 374 254 904 587 70 563 495 316 96 505 3 577 54 71 273 190 123 159 161 441 257 867 64 579 225 114 732 93 701 83 135 872 523 82 929 489 840 755 600 137 761 712 592 493 420 599 6 26 158 847 38 681 138 623 560 470 365 396 403 218 263 30 764 909 36 910 705 676 420 938 929 349 622 96 389 996 668 677 759 670 66 702 157 759 567 653 809 626 808 320 546 390 628 422 88 483 949 740 285 138 395 968 727 451 398 666 495 975 61 894 364 620 646 405 330 513 199 279 721 391 759 192 928 648 357 514 540 839 227 676 399 779 125 630 633 372 991 63 422 681 735 455 54 659 98 800 504 386 430 290 315 794 494 706 881 996 775 193 308 50 419 981 101 913 978 849 65 804 638 225 968 
945 342 297 286 900 725 977 225 902 186 55 705 427 122 98 880 457 512 971 68 35 280 859 408 342 857 311 856 970 54 102 648 501 34 897 182 880 9 612 104 244 822 708 690 993 862 932 754 98 713 723 342 392 923 908 337 693 204 557 282 552 799 261 514 952 85 124 897 690 6 812 764 220 567 625 341 206 215 439 310 767 932 370 451 361 675 555 325 983 593 843 199 361 506 779 946 530 702 305 706 351 173 326 107 652 940 568 737 856 754 75 774 937 686 702 72 11 965 384 230 97 495 239 245 309 601 657 405 654 775 880 552 868 417 73 753 759 183 900 152 440 801 63 675 427 518 338 775 520 177 842 656 978 997 832 926 616 867 71 505 467 984 625 899 909 450 695 939 579 718 701 261 810 657 269 750 153 353 572 530 538 171 630 667 681 687 880 505 799 648 720 737 3 106 770 128 553 290 452 217 733 566 813 538 551 409 790 1000 859 388 247 896 484 122 371 178 310 339 339 354 204 270 699 795 726 983 622 845 64 226 790 960 463 246 97 399 942 987 844 515 887 947 319 191 293 387 763 631 813 171 604 437 442 813 780 365 710 334 750 453 791 694 555 604 270 748 780 91 137 321 299 407 771 859 499 555 194 493 914 703 20 170 16 780 153 649 205 323 448 543 914 140 223 28 690 937 237 177 610 214 24 895 512 939 225 682 5 334 987 512 492 957 174 937 953 774 798 819 100 454 908 293 387 468 557 644 663 269 900 861 207 737 540 65 284 490 53 629 512 334 857 137 853 679 17 136 626 516 257 35 540 964 115 800 424 219 921 774 142 224 151 398 665 440 652 802 541 580 439 459 21 190 934 437 497 939 754 282 270 374 447 267 299 959 69 105 427 622 160 423 428 813 483 897 88 972 976 514 238 794 937 569 158 82 986 182 599 831 560 385 638 617 632 739 708 969 236 706 991 132 441 842 655 878 302 387 914 486 874 533 220 998 294 182 792 957 943 262 636 399 719 92 474 7 902 165 868 415 217 551 59 12 869 941 405 625 668 116 42 2 517 200 849 435 331 578 470 547 943 513 276 705 289 18 575 307 788 26 15 909 227 485 391 870 225 27 428 26 173 554 511 565 379 346 43 642 858 685 358 755 
420 76 655 506 898 635 548 24 736 326 218 375 969 304 159 894 308 773 869 580 451 860 539 515 916 996 964 953 859 36 62 22 623 654 716 724 971 641 687 476 496 667 370 823 409 353 251 349 776 669 415 130 72 284 644 746 503 840 277 287 43 674 398 569 456 545 53 413 621 964 874 787 610 307 901 737 150 833 449 701 717 290 667 381 586 882 587 921 392 250 644 664 379 415 866 909 971 898 217 447 838 893 838 627 985 231 850 245 168 264 357 82 270 320 249 698 734 541 394 554 380 798 773 918 519 718 962 730 942 139 191 519 676 669 754 310 184 382 726 205 162 917 503 963 624 629 496 505 873 717 888 10 599 1000 836 572 334 399 505 167 774 742 947 527 299 65 500 668 532 98 914 73 527 551 329 234 682 327 39 369 86 617 143 624 160 97 287 707 390 2 125 970 630 911 494 881 955 575 204 82 344 666 52 544 471 164 641 149 227 704 960 229 239 239 771 74 351 794 908 245 435 886 820 931 449 697 468 315 244 423 831 907 426 662 522 774 901 667 953 757 838 789 927 354 853 678 544 116 182 736 777 318 778 75 922 118 496 31 778 930 653 325 615 487 511 561 399 745 281 741 268 823 586 19 809 683 849 81 197 202 986 916 644 580 568 485 411 825 831 116 338 438 769 111 445 192 43 155 74 150 699 857 489 919 796 768 419 447 659 777 162 58 199 827 657 468 503 182 595 887 957 110 378 680 23 464 898 126 999 37 794 539 257 603 105 861 545 567 701 718 562 510 505 970 349 444 20 480 841 265 545 567 294 242 148 743 738 743 964 568 110 707 894 786 373 46 791 406 111 383 859 98 738 70 743 70 899 474 797 936 410 677 256 385 423 198 1 776 336 430 691 757 972 24 115 770 578 314 430 864 834 652 716 331 155 876 938 324 100 295 673 482 975 535 170 504 171 836 981 721 248 777 69 801 227 700 553 945 731 494 299 101 836 531 839 508 344 240 183 779 63 952 366 736 846 552 215 235 228 216 910 145 211 574 651 368 710 47 934 236 849 207 224 324 473 635 781 871 958 490 607 347 991 612 142 391 645 547 329 335 751 370 95 289 137 643 789 839 756 727 96 490 107 460 760 300 797 29 83 116 
567 33 967 277 370 125 860 931 966 50 962 237 980 226 292 389 318 50 707 358 796 259 204 526 723 444 479 208 147 100 291 289 976 452 326 763 58 359 581 562 490 79 186 87 474 138 872 395 650 6 139 33 850 727 459 183 891 996 169 33 284 103 530 485 626 669 518 45 958 943 344 673 132 17 771 263 472 391 254 462 237 164 344 959 218 804 690 636 448 319 158 703 652 516 720 162 101 484 351 328 244 636 145 42 354 935 27 768 936 711 309 598 445 232 4 314 334 547 371 830 419 281 815 856 115 179 889 299 301 304 672 0 220 285 135 256 312 500 213 781 958 620 384 286 958 364 38 47 438 370 387 220 870 138 666 777 91 745 131 132 558 332 372 246 270 485 170 51 590 509 634 887 344 282 722 390 7 265 249 566 885 82 939 812 206 954 264 542 657 423 251 493 928 404 290 463 392 219 574 838 286 613 333 498 628 434 91 69 214 895 848 971 261 853 250 294 845 920 510 541 425 887 596 649 805 89 2 503 919 770 25 509 839 924 735 671 822 516 246 255 40 621 838 331 966 348 496 124 509 632 84 843 12 484 506 525 748 445 994 286 962 348 714 113 85 294 794 924 13 202 147 27 315 898 933 697 645 66 668 471 313 424 681 13 591 811 0 358 590 162 859 475 316 964 628 127 290 414 207 546 343 977 734 618 113 870 613 73 187 596 81 890 104 847 576 805 210 305 941 144 659 313 814 64 368 176 602 660 536 793 925 643 856 76 406 521 670 796 922 75 90 970 620 647 58 136 196 850 207 649 717 666 282 432 207 113 92 897 294 632 23 740 543 882 401 446 160 628 750 513 587 692 7 89 202 183 141 594 186 80 357 547 270 193 485 790 516 549 997 860 466 475 631 437 267 743 99 112 872 133 10 792 495 604 84 435 146 273 366 889 38 73 87 247 673 319 8 59 19 691 782 520 694 916 653 717 409 575 881 394 413 557 556 745 473 718 994 839 491 283 204 72 0 561 590 792 230 410 985 255 705 465 957 233 985 750 341 113 703 920 924 520 805 542 398 685 795 132 547 740 920 569 853 674 632 356 41 178 902 364 760 778 264 825 373 70 352 283 830 525 478 335 718 898 887 197 781 896 674 703 
379 674 345 510 486 5 875 560 503 637 160 900 934 273 825 983 963 688 946 46 214 493 743 844 601 432 150 266 381 205 785 28 179 190 223 566 493 345 974 140 390 620 746 969 610 791 540 717 857 144 540 270 536 686 716 289 902 365 763 312 767 834 570 83 880 901 797 881 208 787 884 126 490 326 992 812 796 580 449 185 350 377 798 769 372 546 634 621 688 377 307 554 344 248 139 46 819 652 830 448 31 355 428 51 200 74 578 706 985 506 633 926 191 64 2 529 814 358 475 7 523 654 34 883 130 627 907 171 357 327 359 267 818 560 264 484 765 474 341 925 195 610 408 28 700 426 645 714 158 499 117 132 435 450 923 846 714 573 8 296 918 880 550 470 229 269 308 117 614 377 43 699 91 647 988 797 798 201 49 837 847 184 529 810 452 886 242 402 208 403 799 740 412 102 662 451 285 460 798 46 404 869 640 552 251 70 394 156 817 169 876 794 820 154 174 77 912 804 844 446 633 436 217 559 276 97 760 362 271 198 944 854 909 158 427 706 414 227 694 904 415 61 605 901 351 197 690 764 242 857 378 744 292 460 598 475 845 158 429 700 181 544 893 146 392 449 374 204 808 933 905 661 183 463 786 214 228 565 768 87 89 525 950 59 225 532 825 764 683 433 710 236 11 895 404 389 988 380 297 166 796 174 876 240 176 919 459 974 669 582 981 789 356 263 261 983 192 87 366 502 378 235 513 615 525 628 581 764 753 906 892 129 195 944 109 902 346 857 808 601 16 68 902 961 159 429 935 932 984 423 333 107 983 985 2 534 535 39 814 35 138 186 646 184 379 688 577 713 358 498 720 215 628 251 924 916 710 160 876 238 40 374 351 117 269 339 984 714 805 578 699 806 387 676 704 208 591 813 901 567 795 32 439 703 619 344 501 857 343 758 26 301 434 122 618 364 608 871 106 148 510 258 106 50 772 72 682 383 698 319 185 564 638 741 575 865 899 585 228 348 179 769 751 686 73 260 443 454 347 758 197 964 245 530 720 357 595 923 1000 156 484 41 818 309 792 495 793 243 365 842 78 754 319 355 74 146 527 939 723 37 561 191 143 477 866 393 494 39 230 916 181 46 330 526 167 854 142 914 859 589 
279 428 131 62 661 261 999 329 955 920 149 909 342 732 428 40 959 257 714 297 15 890 470 487 688 588 94 609 208 797 582 914 559 873 375 302 864 257 81 617 551 290 867 541 980 491 902 700 85 753 69 683 599 906 709 382 105 928 165 373 596 85 674 444 921 935 772 60 439 109 316 435 365 975 527 409 499 154 917 997 389 498 516 152 267 405 974 810 814 797 520 668 134 909 811 639 443 200 420 828 1000 408 545 652 145 272 658 455 532 726 826 438 407 796 398 468 715 344 77 587 978 237 501 268 98 573 200 926 824 703 509 496 93 849 607 299 272 68 577 962 372 58 739 133 451 371 29 76 931 274 694 220 382 848 528 911 606 968 738 618 630 878 251 511 825 98 10 204 2 822 233 97 472 716 205 255 769 858 338 257 931 857 449 392 640 225 897 91 535 464 969 423 655 80 674 219 334 825 860 878 71 286 657 95 426 881 591 55 772 574 370 100 734 514 477 16 862 940 177 526 317 263 683 998 543 809 269 426 666 216 671 358 97 285 791 125 732 544 651 620 882 706 451 495 350 116 511 231 475 119 477 408 310 132 371 257 859 236 692 438 193 937 685 52 214 216 855 874 272 46 935 376 733 558 770 800 24 210 539 637 122 381 651 96 482 948 542 605 384 924 618 842 362 577 764 198 851 736 598 427 693 749 316 964 658 446 965 370 388 472 324 710 149 465 903 300 840 33 14 471 894 301 903 409 983 589 736 34 47 72 863 524 323 221 388 596 792 689 306 737 420 165 356 52 110 623 520 306 67 511 837 215 248 809 341 199 647 523 882 195 75 236 448 786 501 733 38 369 254 299 175 368 5 344 780 151 84 106 754 835 777 60 686 567 487 574 246 25 848 61 644 887 106 212 436 501 488 301 978 825 519 784 577 708 328 652 840 625 497 899 774 797 926 28 974 609 624 378 609 803 264 174 661 70 58 941 604 811 751 864 225 658 265 234 438 31 699 812 383 725 928 223 379 780 411 734 819 291 460 471 646 100 508 683 925 376 425 16 473 968 561 381 178 947 881 585 368 43 105 390 654 212 455 902 807 818 620 699 64 557 401 768 570 188 370 759 957 978 939 216 374 949 710 230 771 50 464 561 584 581 
601 16 255 668 275 843 945 510 805 363 280 211 560 656 929 663 554 527 818 564 843 374 938 114 187 644 457 648 57 975 512 564 314 792 581 676 642 368 476 578 435 791 762 758 855 909 198 277 37 62 554 48 988 166 870 183 937 40 386 861 90 176 685 695 124 800 745 407 529 776 301 76 954 665 668 640 381 566 129 77 503 884 693 805 605 703 284 542 443 463 59 974 310 409 808 270 611 15 254 664 830 966 355 299 165 27 875 574 887 133 500 891 20 376 923 979 941 250 870 888 684 741 312 901 312 953 157 215 57 140 941 858 16 741 414 672 843 776 590 36 972 695 140 397 430 506 933 516 440 766 10 279 700 142 142 328 909 578 88 929 544 163 565 900 543 96 763 50 832 890 104 649 369 408 537 906 365 306 667 763 387 485 41 709 893 368 608 834 683 615 708 296 542 818 245 636 291 227 7 596 157 300 779 618 366 666 249 551 798 482 635 624 413 835 13 973 454 565 701 438 3 997 72 966 471 638 378 535 337 469 72 895 3 109 877 279 568 154 122 152 508 249 212 429 450 64 280 217 390 510 216 190 584 376 942 243 713 202 925 512 80 685 379 620 488 232 592 628 880 856 358 683 718 352 560 786 759 895 503 432 159 235 181 698 489 875 745 316 842 876 769 363 772 505 631 967 980 3 980 332 324 957 21 15 624 998 402 666 41 24 282 624 995 66 941 718 736 527 48 835 133 155 298 318 638 912 544 699 908 840 792 683 649 594 322 339 504 442 750 29 64 397 715 679 72 93 366 918 340 674 730 450 126 695 9 272 40 815 339 559 382 202 678 40 696 132 739 912 773 249 806 563 952 630 2 46 318 801 633 74 634 119 278 676 478 251 422 978 818 531 792 458 16 857 820 469 381 920 273 86 551 764 688 645 76 842 59 964 650 918 99 545 257 799 32 788 992 34 377 76 190 813 214 13 846 3 673 918 494 822 822 725 815 496 989 738 588 447 313 191 809 606 189 646 932 932 76 359 922 992 898 578 45 314 482 105 1 948 809 330 272 723 543 678 579 746 993 487 154 277 731 926 242 689 36 860 793 611 557 736 897 581 947 921 450 781 617 400 931 622 529 162 50 501 721 355 667 827 837 861 
738 383 41 492 703 464 215 781 838 966 700 530 992 88 150 492 594 885 855 733 704 103 837 854 304 760 784 16 883 875 445 625 31 512 756 835 893 595 766 665 498 697 764 371 154 560 173 792 159 423 127 432 27 431 225 215 814 72 878 42 383 800 331 17 569 721 177 272 759 277 317 370 138 340 893 118 559 708 240 831 165 934 275 652 154 36 665 255 446 538 880 422 534 68 475 757 821 115 850 684 870 893 602 944 231 475 90 820 399 638 429 684 266 729 131 698 246 88 412 14 58 182 792 215 769 784 211 953 32 829 964 845 830 690 46 744 987 778 598 278 816 693 617 717 803 554 48 123 772 559 138 632 628 881 653 516 192 254 252 287 446 465 947 590 52 585 873 422 730 257 37 87 802 258 154 693 470 338 678 412 403 301 256 907 923 395 889 784 154 303 830 638 279 897 256 619 71 202 714 191 596 662 765 374 441 503 363 353 835 466 577 637 1000 622 654 179 175 783 447 627 6 564 403 726 822 864 185 565 408 337 400 11 936 450 388 636 562 441 472 905 739 592 605 306 125 796 103 300 146 716 28 487 845 349 697 3 842 187 927 295 191 350 928 3 660 779 560 762 584 126 509 915 763 101 74 490 949 723 608 48 885 713 555 808 25 77 683 196 48 110 411 225 546 446 568 259 860 751 367 381 846 662 791 699 136 918 667 431 173 764 84 905 289 513 462 569 242 872 503 550 982 710 720 419 606 749 876 435 444 948 779 645 481 551 559 435 721 17 974 943 760 457 250 934 692 128 224 913 803 523 66 941 239 101 547 108 87 398 527 863 916 147 114 472 760 842 73 448 815 339 218 90 337 985 777 927 99 710 464 561 330 971 453 459 608 151 112 491 912 414 443 713 957 791 959 701 954 697 219 506 124 27 269 837 851 680 857 970 898 680 167 294 781 921 827 134 211 21 257 931 130 589 299 628 747 620 659 293 353 717 224 447 925 772 356 391 725 273 470 508 214 330 162 204 159 212 541 131 927 430 477 608 137 97 239 761 449 364 806 148 832 307 970 292 429 958 262 150 985 190 857 695 78 228 39 647 922 174 173 107 221 429 829 318 0 238 72 546 482 963 991 250 230 28 185 453 479 869 94 925 
588 698 234 160 371 130 246 665 930 566 478 153 925 733 803 71 547 231 62 70 167 520 512 861 499 62 449 263 796 432 417 109 328 213 989 325 993 148 882 183 270 761 933 537 59 740 161 177 901 692 379 751 249 868 638 339 114 431 837 154 417 531 669 555 679 483 308 374 874 655 99 308 435 725 51 871 415 538 630 670 866 261 98 583 639 378 45 302 913 697 510 727 901 622 951 386 993 980 156 413 892 946 7 122 722 181 451 625 114 805 35 399 342 763 110 193 320 813 237 911 368 550 180 332 207 427 632 632 525 461 457 275 891 118 431 175 930 738 606 442 837 951 831 553 283 170 852 98 916 48 917 52 691 26 620 746 305 762 302 973 161 245 112 9 710 139 646 736 333 515 595 16 493 453 723 876 659 133 750 661 82 908 455 589 360 475 453 780 761 464 548 886 27 26 445 172 420 462 131 473 223 61 43 175 917 578 919 644 205 832 358 242 651 113 206 148 756 230 808 748 440 783 405 347 154 46 744 103 760 448 413 902 928 232 373 254 509 763 318 226 242 143 501 509 819 772 524 54 461 101 825 499 564 274 487 92 921 771 34 477 647 18 992 166 169 876 378 236 640 912 518 33 939 139 539 861 401 232 655 180 724 330 362 543 793 536 638 197 6 555 236 415 210 620 704 358 755 864 903 672 57 313 368 774 527 286 773 964 393 734 390 865 525 13 417 164 613 76 901 18 810 616 203 777 906 52 896 612 174 35 890 734 104 152 653 900 593 657 152 383 219 47 939 271 500 807 107 364 717 38 540 774 749 915 263 299 830 934 320 656 424 971 179 927 488 958 439 405 228 162 427 482 733 895 145 495 601 8 717 2 109 575 514 39 119 233 290 629 706 296 160 345 926 140 204 693 654 984 445 914 623 193 16 455 119 510 482 557 435 523 584 58 635 687 356 496 303 945 543 72 630 946 741 359 67 508 887 130 591 397 882 185 251 960 943 943 799 130 58 615 874 703 869 665 347 1 904 215 235 267 169 29 82 498 621 921 755 205 181 578 687 25 54 487 295 884 561 893 855 117 299 960 914 75 93 654 213 39 806 353 318 517 896 144 331 247 514 821 866 20 430 943 719 485 410 900 303 620 50 116 
625 334 414 817 970 984 947 124 142 851 737 472 757 54 604 963 706 289 20 634 562 430 607 294 771 699 196 7 684 895 806 801 545 896 488 743 69 495 181 262 53 834 734 716 729 198 238 766 739 542 534 100 703 157 813 444 383 892 906 168 85 618 921 715 27 99 505 292 242 478 922 564 841 570 424 473 117 255 988 156 435 685 723 882 459 89 521 241 501 29 649 919 358 548 740 747 582 849 380 526 752 591 892 147 825 367 535 924 496 764 623 240 351 151 812 861 48 777 534 720 726 967 255 636 430 694 929 690 403 16 95 859 534 896 307 483 160 206 186 688 229 9 429 561 645 208 280 567 284 211 282 849 567 433 720 807 130 526 835 154 975 984 32 952 935 795 451 150 265 337 257 838 726 163 936 61 9 284 687 478 811 360 750 466 71 893 639 790 382 643 303 995 833 949 629 345 644 871 885 162 20 949 658 278 683 363 487 508 155 231 963 307 665 939 349 809 586 134 83 232 397 389 5 211 559 502 16 361 566 746 303 23 635 913 649 809 733 443 244 135 522 104 512 455 484 219 729 94 265 701 506 201 833 37 333 49 235 38 657 356 593 135 370 481 404 874 960 928 582 658 573 143 442 826 219 756 451 351 131 585 236 405 679 637 481 489 311 664 159 673 113 410 321 436 104 765 81 917 674 877 911 120 237 285 658 803 123 818 585 370 484 369 401 843 1 955 264 779 290 911 985 265 395 555 420 591 823 32 663 132 453 756 578 189 941 869 271 643 18 736 944 844 311 595 859 346 105 340 412 717 269 906 69 805 887 226 668 237 878 803 845 733 276 158 792 301 271 999 44 925 711 89 817 949 40 628 98 241 429 541 994 799 68 933 671 493 468 554 773 300 451 405 376 656 452 68 13 795 904 889 691 932 138 958 890 753 852 556 850 811 464 656 855 812 651 126 664 263 364 651 965 363 149 447 770 587 485 553 880 300 921 794 738 728 95 992 628 584 94 615 292 717 697 259 417 610 672 654 93 307 757 548 413 27 814 278 766 596 322 640 97 367 449 343 692 17 809 980 103 324 525 934 767 436 359 94 161 201 879 436 475 631 706 507 886 746 73 890 559 80 152 758 664 759 896 456 876 654 36 289 
314 40 42 286 302 798 433 686 264 646 495 56 861 47 729 669 250 344 912 56 835 577 631 365 339 75 282 492 142 602 865 650 971 507 391 965 290 830 628 931 878 325 473 928 214 472 254 455 255 359 391 591 629 706 972 42 343 253 552 561 153 58 793 931 91 746 845 64 198 157 335 619 535 623 94 307 938 655 698 510 165 382 932 794 256 212 587 811 586 10 306 644 261 392 262 401 28 878 227 369 464 570 860 574 648 288 214 638 531 919 463 510 671 208 841 155 397 421 651 929 926 492 299 367 273 197 373 511 461 763 525 649 130 830 155 993 660 387 245 219 276 948 923 155 273 825 781 45 264 260 797 649 253 30 530 922 817 420 39 673 409 514 680 912 548 742 59 331 690 602 146 72 830 589 77 142 970 69 295 300 281 16 267 302 567 503 485 348 890 133 817 949 938 423 685 131 167 703 964 84 196 472 694 863 286 51 344 87 126 552 391 968 377 559 737 545 700 609 730 853 6 854 237 461 902 718 256 199 789 983 7 567 759 221 786 690 266 853 336 717 290 615 915 607 188 7 191 960 799 326 984 731 797 158 40 563 404 221 755 688 935 226 965 98 991 372 530 939 573 930 191 159 84 276 914 597 659 765 904 468 33 164 257 470 66 364 373 520 117 297 452 191 405 224 390 862 614 483 808 262 196 945 290 704 246 549 875 301 35 1 558 627 434 301 874 988 398 955 567 221 305 172 634 50 96 385 631 427 826 587 215 729 19 49 107 285 1 438 261 915 264 786 722 508 175 428 938 68 498 737 699 326 779 365 196 901 557 607 186 528 208 99 676 3 164 830 680 578 54 805 282 690 312 721 287 702 214 530 766 980 881 219 509 743 712 768 584 637 808 960 365 618 458 476 515 949 184 880 733 447 143 983 447 581 371 523 975 478 178 81 843 883 11 222 558 258 505 946 475 204 266 920 522 537 576 942 564 502 310 801 625 869 805 180 195 316 29 575 489 852 98 313 402 679 708 505 443 261 311 563 876 649 663 166 308 184 478 937 4 837 195 706 135 817 568 953 320 271 93 905 390 851 583 34 160 876 555 269 65 974 3 410 778 7 798 117 27 405 874 536 727 868 368 15 391 24 361 193 312 536 
387 950 16 275 770 442 221 611 566 79 313 313 988 798 98 322 257 368 246 229 973 808 637 871 168 635 747 94 414 92 129 754 615 722 630 856 245 47 618 753 298 892 251 787 385 624 173 423 506 882 932 590 549 475 211 104 593 865 398 715 803 882 709 316 417 151 307 109 234 387 999 559 136 182 150 264 422 804 830 285 131 298 256 24 636 307 281 974 422 687 416 780 445 757 181 865 687 185 7 84 801 515 680 52 840 199 257 440 943 922 232 409 766 420 854 676 45 820 260 656 522 274 643 396 196 990 946 985 488 534 19 25 961 210 102 317 189 394 522 283 336 918 261 785 718 406 585 394 899 591 505 800 513 451 965 766 397 194 998 746 456 701 48 911 825 828 210 42 901 814 112 52 721 495 593 377 836 533 23 451 753 439 801 220 122 992 313 535 885 676 139 620 501 7 140 696 184 259 684 242 828 699 660 388 839 740 217 459 812 630 429 135 596 938 560 665 142 931 251 490 385 310 1 774 911 802 731 680 552 59 866 669 579 827 511 96 322 817 774 336 545 683 547 674 410 654 278 496 218 841 450 725 622 555 885 509 361 935 593 428 725 962 728 929 870 437 488 813 95 526 458 207 223 645 939 917 209 557 84 896 621 271 68 16 667 931 777 498 374 64 24 44 304 984 241 105 496 623 94 716 403 387 460 660 754 580 48 864 169 43 711 383 181 527 781 472 225 22 294 420 19 333 896 465 929 588 213 425 806 696 294 237 909 399 534 917 652 625 441 278 150 79 870 335 866 528 332 802 565 530 355 780 233 324 514 468 907 614 651 112 509 959 838 882 510 714 6 415 383 947 120 165 821 64 957 396 772 304 191 743 312 604 529 365 109 500 560 88 343 991 146 913 749 242 370 823 165 552 780 768 714 234 539 832 878 173 783 398 642 705 88 946 953 62 245 344 174 983 539 342 570 245 148 745 898 255 616 985 167 392 261 220 331 507 974 849 380 158 287 375 234 502 479 263 494 361 249 378 436 262 681 211 491 260 100 160 687 683 774 213 884 254 362 79 903 784 409 756 425 260 286 421 997 147 48 661 180 27 537 431 473 978 522 307 857 747 787 486 162 710 664 928 370 130 350 458 684 19 260 191 
830 544 75 260 149 3 7 431 202 701 383 466 714 702 819 767 682 75 705 332 841 121 684 257 671 705 941 828 638 938 241 770 583 239 328 704 202 270 393 57 356 676 824 36 951 214 387 784 15 565 406 688 595 437 278 402 833 275 671 77 101 441 711 515 139 932 197 205 677 662 538 534 698 468 191 437 860 190 158 544 910 101 400 862 618 961 359 266 79 893 278 80 146 241 302 248 252 313 283 967 332 379 399 243 426 88 955 130 554 57 185 381 769 192 560 948 656 40 377 231 491 596 628 330 7 438 207 627 805 717 27 99 888 645 752 258 811 860 749 582 367 579 936 553 533 179 609 479 519 920 306 266 883 306 886 590 361 529 118 663 583 616 488 613 9 801 735 289 958 715 147 701 946 72 80 447 448 557 246 553 277 475 13 399 226 681 766 601 314 118 636 483 310 635 607 396 97 767 590 542 444 855 124 105 423 158 202 712 667 862 351 638 271 259 517 808 928 686 430 54 505 75 599 242 514 532 165 945 846 943 520 343 782 310 241 644 977 649 951 517 559 269 115 964 55 295 192 972 945 927 273 632 375 867 539 834 480 450 58 0 790 613 780 191 9 712 136 770 290 805 347 754 126 38 5 123 764 897 780 402 313 142 7 151 833 129 532 986 262 122 343 832 857 856 976 586 357 714 528 303 534 761 643 186 311 860 686 262 572 972 507 696 882 430 367 922 941 911 41 402 273 699 813 299 205 687 383 87 997 887 119 604 467 282 840 651 485 397 272 577 425 131 90 233 643 18 597 590 409 841 540 423 615 327 769 619 55 976 395 759 814 267 755 753 517 199 825 172 0 450 432 24 534 246 513 36 464 402 493 244 96 139 388 957 767 750 449 836 64 322 597 747 858 801 243 860 761 624 12 684 559 979 869 890 697 41 513 61 205 201 495 302 315 611 414 510 717 947 76 52 166 82 277 651 680 662 222 996 163 770 136 586 64 30 878 563 644 853 564 342 906 566 377 948 837 748 258 641 899 650 313 458 373 461 506 481 798 356 81 880 523 0 426 337 354 274 634 655 712 506 752 82 746 577 821 151 182 141 639 528 73 657 746 409 519 217 628 663 738 590 291 2 74 638 113 16 960 295 951 965 
739 58 644 338 650 972 136 122 544 621 890 596 838 829 511 6 442 184 220 843 293 867 225 601 465 102 133 99 582 846 565 766 306 756 979 880 74 571 312 166 16 406 508 614 271 911 203 784 374 177 317 998 300 167 212 151 708 272 364 328 378 194 459 461 595 793 172 128 75 824 186 828 285 462 256 738 662 22 846 576 165 558 798 389 267 173 81 888 417 639 300 122 660 917 920 819 966 791 616 568 288 825 825 952 624 926 254 499 549 285 881 399 436 129 954 216 919 320 721 907 782 670 159 799 203 567 900 658 747 901 85 715 591 357 168 34 600 598 913 733 714 95 957 86 65 475 872 727 78 281 705 395 243 854 781 96 775 454 946 35 871 626 879 93 426 137 300 761 58 116 364 435 50 586 210 578 70 508 998 212 282 244 522 855 400 908 717 731 189 60 151 840 178 169 920 507 36 168 21 61 158 893 113 25 799 329 763 154 41 697 933 893 711 230 690 859 884 668 25 514 516 540 714 809 878 839 241 910 819 290 32 152 490 784 387 906 491 921 321 824 501 883 298 187 719 691 982 792 799 628 648 219 55 184 116 607 449 170 827 805 185 664 49 728 750 187 352 505 412 410 741 281 717 623 410 848 997 276 386 533 942 198 313 330 475 318 167 690 313 6 597 36 291 623 312 467 471 102 297 95 135 599 302 612 20 338 623 461 152 859 105 877 156 234 546 788 879 985 81 948 907 502 780 739 172 421 740 820 98 409 707 947 766 646 651 813 809 166 751 285 465 17 273 809 525 996 828 882 579 246 407 662 499 504 890 525 189 54 724 457 56 164 182 493 165 290 867 358 973 851 939 415 329 86 394 486 673 30 335 665 142 353 133 672 212 55 913 851 734 660 341 39 628 255 85 912 752 788 939 671 303 182 93 213 215 113 267 296 268 753 962 860 982 262 723 152 597 622 945 617 988 497 944 967 698 189 351 550 210 88 970 464 933 264 353 758 403 412 560 950 210 404 305 213 721 737 789 873 664 527 77 249 580 815 197 681 246 565 972 345 231 752 32 130 84 328 246 148 41 436 490 791 87 186 284 499 190 814 463 885 307 687 153 792 547 490 638 241 412 140 315 473 793 575 840 128 194 516 261 354 
847 680 712 933 785 866 269 828 939 907 772 971 599 940 287 703 997 5 252 337 291 420 607 687 874 515 366 796 402 687 797 41 245 721 592 331 950 967 762 753 658 228 828 234 265 273 65 810 170 661 431 545 686 758 652 802 882 545 121 562 722 439 881 964 906 465 829 256 537 16 244 903 933 658 804 264 456 688 85 664 434 370 267 480 491 655 41 781 373 496 66 884 632 832 565 197 408 398 870 536 811 355 295 801 151 439 996 843 536 84 975 555 558 16 448 973 852 36 442 890 948 490 723 866 135 13 324 862 163 58 478 721 259 446 44 246 841 482 85 216 132 327 243 678 336 467 272 777 918 158 786 545 421 901 12 448 698 943 80 370 193 232 354 557 492 946 19 442 157 724 879 9 16 389 549 880 298 429 368 953 433 985 190 299 503 544 34 433 48 806 764 629 480 209 814 38 20 269 541 345 102 11 28 806 272 661 864 550 674 829 474 827 917 725 8 509 28 558 601 584 887 161 170 536 749 962 555 382 854 433 273 243 647 673 222 457 605 830 931 71 557 785 10 723 144 989 491 622 820 212 321 311 70 670 535 989 736 417 879 755 390 788 685 827 244 425 42 455 793 190 986 641 805 164 966 954 646 1000 657 952 184 474 646 794 251 499 968 492 636 966 960 751 508 847 49 130 883 611 646 480 639 642 18 525 740 17 283 180 970 945 47 437 997 41 829 872 527 190 970 413 922 724 863 910 543 233 804 8 270 101 160 25 72 351 774 192 219 512 673 445 48 947 548 518 379 31 744 790 504 929 517 764 662 324 421 154 134 149 237 668 372 665 4 692 675 598 304 119 915 290 191 336 458 343 714 662 946 718 448 752 356 66 869 735 938 822 873 340 934 93 294 701 477 79 923 474 267 798 847 767 645 46 905 820 50 82 358 91 258 119 721 231 421 822 762 694 744 466 240 817 686 272 596 430 571 765 308 182 791 106 425 522 743 591 127 996 823 744 951 206 799 658 160 187 721 81 685 373 126 332 932 561 279 107 451 982 229 957 94 773 429 358 644 585 964 337 566 135 906 398 949 572 643 78 198 448 78 823 47 182 385 4 245 176 243 116 812 626 394 900 934 356 354 884 98 66 676 128 666 698 
468 636 793 72 726 615 254 408 625 151 356 607 333 919 661 339 775 475 586 318 318 329 922 9 519 398 199 640 780 25 413 404 1000 493 458 828 269 17 74 648 614 117 376 867 720 860 140 990 896 991 15 499 862 771 271 439 278 447 679 427 150 659 873 984 448 973 501 713 95 873 117 853 56 465 878 642 586 469 35 679 551 86 373 929 513 990 804 469 560 135 814 688 590 160 879 210 572 322 35 854 483 47 287 57 626 41 559 121 73 851 270 118 230 393 733 451 830 840 512 804 706 875 255 895 476 90 782 928 393 789 81 272 625 912 285 144 284 655 36 2 678 183 279 719 24 629 755 453 605 376 72 308 46 70 854 984 919 801 201 154 994 716 66 70 319 82 538 411 858 555 603 15 789 577 676 361 488 154 585 246 197 558 613 404 702 356 837 62 627 555 528 10 633 105 759 392 170 110 172 762 498 981 52 927 934 997 794 308 510 485 362 924 544 518 929 452 435 820 426 419 59 349 558 35 247 992 83 18 698 69 35 95 105 647 993 608 522 411 293 471 470 576 554 572 959 48 927 458 654 251 471 169 434 496 547 228 780 255 32 89 6 167 583 619 444 365 285 50 877 352 693 244 46 129 712 837 509 957 202 797 136 315 356 979 169 668 61 440 989 272 618 367 915 841 168 375 916 816 927 156 796 960 671 137 633 439 509 74 57 457 464 145 181 718 834 215 460 634 656 975 922 932 173 549 166 394 790 821 408 579 995 453 388 720 390 134 60 889 955 510 516 254 466 298 175 790 948 235 296 34 648 184 83 852 433 349 435 282 204 925 917 70 887 189 780 799 904 325 694 62 879 756 887 254 193 106 905 718 400 195 452 341 524 725 544 103 978 834 40 486 144 688 40 406 160 827 389 576 287 433 869 648 546 793 734 196 409 81 352 39 831 1 509 433 344 450 375 543 823 994 480 293 164 850 916 472 17 330 567 744 35 129 483 194 259 454 641 74 321 804 766 453 675 667 439 957 598 385 309 84 320 881 798 915 832 194 850 647 948 460 325 932 278 309 176 156 259 228 301 741 173 379 453 103 955 666 652 104 238 116 359 51 313 74 137 389 177 606 829 438 303 776 887 347 528 922 545 592 496 548 
618 96 990 139 55 92 31 913 332 864 150 283 747 466 740 796 983 244 386 342 168 611 588 132 603 791 381 999 445 1000 858 417 206 499 596 982 50 591 758 811 89 841 169 949 53 81 480 55 196 96 476 788 653 179 174 228 750 917 808 432 557 37 249 585 638 491 403 470 110 868 161 290 32 532 34 487 942 903 106 959 41 599 174 384 884 863 858 543 42 433 784 289 953 632 849 153 735 383 722 5 247 924 973 517 45 218 375 44 260 155 733 690 949 137 66 136 613 293 850 434 134 107 983 152 564 312 259 285 272 507 325 994 479 353 379 604 370 182 663 640 114 934 790 322 277 913 664 420 233 304 437 378 615 199 901 188 211 522 432 922 20 768 117 296 901 228 397 839 779 976 65 241 998 492 427 710 521 519 132 851 577 493 58 150 82 792 416 120 671 841 367 44 233 384 920 10 496 133 258 961 437 834 482 104 288 855 716 536 578 110 384 55 320 359 301 451 340 510 803 997 343 754 237 478 57 569 698 67 503 302 209 438 715 78 895 84 595 809 649 167 908 600 929 408 33 275 691 83 442 672 770 609 365 839 506 474 731 787 975 928 939 605 422 607 148 690 371 837 160 183 124 385 256 87 23 360 519 164 552 412 880 451 102 396 624 303 778 355 820 288 672 790 662 287 555 270 873 619 173 926 831 125 267 476 329 707 559 652 904 580 792 401 531 225 180 651 591 227 197 765 524 671 834 685 831 410 250 267 828 873 503 873 889 917 141 660 647 35 193 160 414 445 468 475 507 154 696 952 41 275 379 681 193 446 438 218 949 627 234 384 972 162 856 98 970 458 570 528 692 475 876 26 152 552 839 990 98 73 475 593 391 166 137 325 107 721 584 392 389 210 992 446 169 695 723 884 150 392 707 728 612 469 561 924 445 898 954 301 231 527 557 133 372 748 806 351 848 205 800 313 339 657 518 513 606 324 323 523 817 167 213 726 972 650 986 629 421 590 441 155 52 936 540 323 204 809 717 229 762 505 631 659 373 360 434 950 562 97 799 679 15 638 371 784 770 123 480 149 168 421 565 277 317 755 810 947 207 795 265 271 826 66 67 832 996 756 913 514 549 981 230 296 122 762 169 829 148 786 993 755 
739 365 543 99 336 921 404 654 791 844 351 760 207 665 850 923 597 989 726 382 647 326 351 188 947 684 707 961 144 585 880 293 17 994 481 354 509 854 443 886 327 284 747 84 941 595 150 12 735 568 409 169 797 869 133 690 579 399 278 988 417 199 499 436 863 333 434 849 113 699 844 265 130 431 664 379 182 236 557 867 558 950 401 851 943 373 578 384 306 622 381 129 503 116 997 208 379 690 558 989 162 308 46 943 194 969 525 670 178 125 298 386 517 208 275 847 59 979 528 478 248 571 468 43 42 110 992 596 302 505 787 666 583 65 756 331 919 958 65 594 723 964 381 976 357 756 232 683 995 451 203 229 278 438 745 586 446 367 609 388 611 857 114 28 426 318 968 909 723 297 243 192 466 978 926 787 869 502 969 195 390 728 290 23 362 780 148 379 428 116 141 95 495 182 720 207 65 193 542 220 190 519 733 17 499 170 449 77 675 735 85 186 610 726 244 529 599 797 827 442 477 35 757 538 657 97 394 852 35 374 207 862 281 732 713 210 112 284 198 676 558 452 820 919 273 307 857 769 520 56 500 757 178 578 572 24 376 67 876 504 471 990 607 336 621 721 829 274 700 253 467 959 988 759 749 287 35 107 958 144 627 180 103 788 266 583 78 286 620 977 770 921 473 364 234 90 141 483 0 726 56 430 583 630 124 243 477 177 271 462 86 793 397 331 995 452 525 848 90 311 142 247 134 658 885 277 614 325 479 888 948 233 726 51 205 513 83 268 192 624 292 663 44 56 890 206 105 20 471 810 595 56 800 402 449 690 917 702 578 527 709 445 443 959 941 466 615 260 352 191 800 41 467 859 464 967 779 54 918 167 63 58 993 172 225 22 101 249 617 352 467 264 919 242 41 477 431 421 973 557 282 40 895 456 22 85 396 294 194 369 642 713 476 517 174 900 478 907 100 281 516 282 770 555 154 736 507 460 716 849 517 320 255 333 931 711 91 427 516 54 551 754 983 398 856 506 895 517 538 489 160 890 461 199 714 596 185 988 369 600 981 813 785 551 304 2 499 789 568 505 852 521 738 210 543 245 178 708 225 710 277 255 695 74 633 692 169 141 957 468 978 464 580 814 464 478 358 408 764 742 
577 408 697 377 661 198 525 110 687 739 419 144 852 390 96 513 71 136 668 681 972 423 814 891 623 978 717 243 197 260 498 276 810 780 998 6 26 895 907 300 269 865 160 999 36 168 96 844 153 566 540 983 425 587 21 127 62 210 925 288 535 503 951 522 969 578 64 542 22 691 209 166 436 345 971 481 442 696 749 303 848 474 42 222 547 651 85 758 978 974 985 910 714 792 628 535 440 55 714 357 911 206 108 334 504 682 714 128 127 697 625 962 425 720 812 24 574 850 535 646 916 730 565 830 78 303 280 164 215 832 966 162 371 392 125 440 94 943 661 386 438 918 469 652 746 417 63 36 737 658 744 206 144 489 727 955 707 327 664 967 17 349 584 864 589 114 89 365 222 594 337 475 612 581 454 145 904 29 328 259 624 471 909 260 704 883 470 628 372 739 360 495 471 789 77 71 689 55 586 473 684 422 205 737 847 52 405 805 188 759 151 542 710 325 582 579 0 893 855 746 802 165 261 515 538 532 892 551 690 522 187 346 490 839 182 637 344 302 882 809 45 595 860 809 937 841 369 136 206 211 795 303 65 330 391 944 909 742 262 563 818 814 157 884 807 335 773 233 819 250 340 483 623 387 221 338 419 584 555 673 620 242 697 38 350 477 665 540 52 537 497 670 728 78 340 407 966 296 854 272 553 652 569 23 297 243 756 202 920 556 389 124 677 392 869 176 375 967 84 478 408 901 82 552 837 881 979 830 892 441 735 105 71 976 768 100 127 92 186 751 109 431 718 721 241 804 235 894 195 354 956 309 510 184 788 714 67 506 595 708 513 275 804 907 350 914 926 444 455 373 579 742 134 270 278 34 456 96 909 380 696 185 70 495 346 982 968 1000 821 178 178 724 408 990 552 75 184 99 331 15 622 162 293 200 725 446 106 317 797 804 781 841 20 787 430 209 336 326 938 445 772 418 997 254 836 19 659 184 286 627 85 546 41 773 807 560 263 705 903 607 962 91 574 33 371 902 697 944 243 509 23 110 281 479 501 787 749 856 286 914 630 144 30 423 116 379 297 705 651 930 414 933 19 541 586 589 891 779 138 705 914 675 239 458 329 147 78 715 521 590 626 364 61 234 98 148 73 494 450 263 
755 410 276 732 871 81 145 831 756 38 297 397 962 536 493 257 682 519 894 89 616 827 499 320 838 974 225 813 165 498 932 999 744 871 438 889 963 151 440 572 276 985 123 349 737 88 478 62 745 368 429 482 92 399 534 162 444 71 89 368 410 280 648 102 648 377 16 51 656 80 210 452 914 198 424 806 610 975 679 428 844 102 194 506 305 447 881 263 623 124 635 906 165 964 561 351 606 574 101 385 502 44 552 57 579 326 583 792 67 704 418 205 842 665 218 721 412 938 174 501 347 1 395 245 175 308 196 585 111 454 812 153 482 294 3 729 689 15 304 35 403 396 92 954 295 938 568 230 962 402 94 618 817 987 30 713 973 646 324 972 22 502 367 50 554 694 687 700 75 839 52 526 310 99 751 577 932 747 227 137 69 189 667 464 424 192 619 432 42 243 394 200 384 716 562 138 760 382 104 618 786 1 38 97 131 703 304 910 661 45 802 633 625 769 363 120 250 932 492 44 15 252 219 907 30 683 145 114 711 56 554 526 762 499 454 326 776 587 800 211 126 60 367 136 155 89 411 458 174 291 804 109 935 140 348 93 628 962 437 560 638 985 445 606 437 844 805 631 389 318 216 882 104 2 791 470 343 379 894 181 858 765 509 860 278 198 49 897 744 768 90 741 967 241 259 275 394 113 1 105 495 723 81 265 858 998 141 774 262 527 606 369 97 619 911 387 193 252 25 950 104 217 594 126 273 870 540 307 509 932 405 827 454 732 366 907 782 275 997 592 721 153 409 896 59 132 424 347 848 701 199 346 721 138 237 722 880 113 419 980 385 596 350 698 865 995 633 930 179 286 281 509 158 284 490 947 374 32 403 623 427 438 231 230 688 998 731 978 701 76 602 331 827 683 132 773 112 377 443 209 942 715 160 922 269 790 670 732 553 868 909 726 582 165 108 378 57 258 783 675 666 504 424 459 215 929 236 829 696 529 240 489 475 859 216 941 702 84 339 881 735 353 645 421 407 272 536 688 482 180 813 171 237 747 580 212 164 947 273 468 918 334 218 577 478 826 336 294 458 469 489 855 596 870 195 943 115 874 760 314 6 32 403 922 75 339 169 626 178 980 54 655 519 880 653 864 126 334 30 167 
256 814 128 476 685 605 838 437 461 563 818 10 138 257 295 257 973 393 861 205 303 114 35 825 968 356 90 559 33 605 636 970 902 731 420 797 848 125 901 107 981 466 772 898 11 721 73 985 586 855 632 337 176 378 758 628 658 868 519 662 178 602 604 153 202 1 203 506 941 773 928 333 832 229 717 91 55 62 511 529 255 655 930 638 357 18 7 586 910 847 434 78 333 156 421 392 536 316 910 921 464 556 30 298 178 866 624 822 370 493 870 563 547 130 937 996 877 472 637 225 340 282 553 458 720 214 166 498 352 735 825 272 504 389 756 78 566 367 864 531 768 579 191 512 99 838 882 353 42 677 571 617 25 220 173 371 998 83 191 326 112 31 446 567 463 818 958 949 878 322 134 109 996 583 165 854 128 835 900 734 929 954 915 563 540 514 51 676 678 203 702 35 552 136 500 545 4 315 125 46 227 417 456 615 599 303 434 589 445 1000 698 38 85 575 373 139 880 878 82 854 1 401 53 500 899 365 713 680 219 238 514 880 24 696 159 135 820 560 886 641 664 866 609 0 166 318 654 136 58 125 265 52 712 798 324 294 605 509 943 673 686 445 980 379 543 643 625 381 27 100 120 7 67 984 490 367 680 702 930 954 346 574 383 151 683 312 574 699 159 730 715 25 638 477 27 827 480 669 832 734 800 797 271 424 829 224 291 283 916 785 2 754 171 157 492 123 655 344 1 470 889 337 296 626 678 388 813 492 678 826 330 925 704 109 29 795 79 771 591 923 804 489 610 75 191 91 580 762 754 259 941 452 464 107 473 445 863 928 555 74 645 702 241 97 87 408 458 173 730 512 12 309 795 974 327 880 520 68 898 640 98 671 268 637 333 938 131 287 252 382 183 263 41 246 730 190 715 139 486 753 125 634 424 413 967 847 241 64 789 605 565 799 147 241 975 64 678 119 650 76 599 634 9 527 169 640 116 907 422 364 844 745 686 327 574 694 580 150 338 516 168 275 734 880 335 819 51 967 375 979 288 424 576 34 331 241 281 419 580 450 254 974 494 389 334 944 348 878 756 423 70 759 746 790 960 859 200 221 833 422 942 601 576 428 416 686 963 984 176 783 746 777 225 375 222 838 431 418 139 295 
795 998 317 443 957 466 243 320 269 116 460 899 841 336 623 287 960 307 528 294 95 563 629 134 262 581 283 947 682 376 725 411 353 465 679 594 177 137 780 591 859 68 541 754 811 326 901 856 291 863 430 703 311 96 759 656 530 386 125 671 596 718 644 730 467 684 85 834 132 502 74 310 47 671 711 729 636 491 748 811 855 982 715 17 520 96 63 65 766 201 433 887 925 558 223 362 253 235 920 161 675 365 142 352 961 190 787 91 917 49 520 807 406 475 516 458 553 471 650 541 374 393 85 235 490 955 145 336 753 270 261 718 124 226 824 33 228 355 382 54 800 650 787 377 815 570 70 629 788 768 262 191 479 365 781 514 308 233 327 506 390 564 203 793 541 487 661 34 354 627 143 129 413 305 275 2 598 671 398 941 757 591 633 617 123 929 921 720 740 824 627 970 1 420 606 24 852 529 552 822 346 197 661 463 964 288 640 45 338 872 529 40 949 579 91 462 637 936 285 233 54 525 642 920 907 263 386 594 64 685 650 246 323 599 338 220 993 396 307 211 320 527 674 24 631 600 959 710 769 12 417 968 111 478 288 437 832 9 586 484 627 936 823 367 561 494 448 573 491 949 473 686 67 268 479 520 564 938 38 493 66 704 377 476 896 147 790 64 698 572 345 388 377 927 443 158 149 942 114 517 945 919 889 852 198 394 732 681 950 534 450 998 441 482 228 165 514 647 764 137 416 305 640 832 395 747 52 347 185 706 591 461 689 904 233 230 88 745 265 77 809 603 278 50 932 462 24 370 393 959 97 674 359 723 608 892 127 650 14 197 316 196 672 539 876 567 448 827 399 460 454 735 501 220 137 297 118 546 357 80 872 21 94 741 705 926 7 516 722 994 46 225 991 848 792 633 759 390 199 897 336 420 676 649 195 161 425 757 198 361 565 234 536 905 222 317 490 541 585 432 655 77 425 80 923 82 275 563 930 856 293 699 509 996 910 839 38 549 442 925 400 816 422 525 897 558 403 895 430 873 499 335 472 978 783 107 569 484 770 654 46 405 587 94 519 591 536 959 241 707 503 291 589 659 19 821 22 447 347 931 652 634 82 733 430 558 396 197 177 918 460 541 854 827 355 193 132 120 598 225 
319 572 252 46 155 90 188 130 58 926 546 171 678 529 777 369 540 262 483 1 761 108 574 960 453 561 489 437 684 609 933 616 162 96 944 89 662 513 948 589 776 856 450 254 823 699 503 298 160 159 757 140 623 935 604 772 321 482 244 417 708 463 435 3 284 985 368 327 661 238 520 474 983 450 873 596 852 330 366 507 264 127 401 524 370 737 540 916 529 535 10 756 525 145 757 318 776 597 299 893 717 56 86 606 153 20 623 482 242 255 749 526 901 260 248 380 387 177 529 426 780 295 549 679 585 626 391 824 629 463 278 447 615 242 108 786 624 67 11 76 251 917 806 201 505 605 777 211 935 61 97 588 649 968 25 558 614 438 292 833 686 863 836 675 455 929 802 863 605 862 406 59 557 332 102 916 83 209 48 659 961 169 698 293 344 804 89 912 757 531 806 520 29 447 584 857 545 576 52 5 955 106 298 642 948 142 695 594 754 165 432 345 802 641 41 432 877 387 664 578 225 313 908 666 282 734 776 568 767 156 852 647 768 914 959 426 493 222 513 483 183 781 441 520 839 823 538 314 640 469 882 15 597 503 723 121 344 207 929 891 530 122 840 500 451 328 710 809 78 107 296 514 625 960 375 96 122 211 122 100 499 391 731 815 758 832 487 608 976 496 834 806 359 611 216 584 833 210 542 448 880 540 188 92 305 308 501 895 391 573 180 567 226 717 18 35 356 255 979 19 64 980 999 97 475 940 293 342 429 891 298 753 110 71 506 974 332 376 215 23 222 487 159 4 635 539 938 933 991 731 898 910 835 677 954 389 585 373 270 111 860 82 738 419 713 381 705 74 957 527 421 178 739 398 666 390 522 438 63 811 532 358 334 587 671 423 466 490 713 519 592 291 193 533 669 451 604 249 169 455 27 173 388 391 513 921 23 799 154 323 810 183 233 230 103 547 718 528 345 687 456 668 337 909 394 39 104 507 750 65 194 344 862 853 12 902 861 430 888 764 499 150 421 49 725 67 814 633 799 861 36 434 701 220 403 892 119 688 821 500 138 594 930 187 282 346 878 32 568 754 25 989 409 303 664 25 693 649 82 398 170 253 739 846 263 188 834 870 965 402 475 584 836 786 665 33 916 544 469 112 
145 36 846 702 175 220 321 957 505 707 980 227 588 708 827 259 109 716 170 129 443 308 247 746 819 992 452 497 910 696 962 574 469 762 40 639 633 493 947 89 106 457 684 148 973 158 202 534 75 834 330 724 823 805 326 156 350 681 407 766 189 419 81 81 580 398 125 367 220 323 103 544 873 624 353 465 510 488 741 279 573 438 879 737 32 914 522 482 512 34 633 614 64 110 99 482 228 157 270 772 143 446 314 166 246 619 68 530 438 829 174 499 96 191 561 489 872 722 364 724 804 321 200 494 503 81 294 703 35 467 309 249 934 169 506 397 282 756 711 847 436 498 823 276 251 951 725 66 843 750 447 497 221 651 831 879 494 894 140 258 565 61 512 403 145 219 4 735 117 473 626 735 659 63 737 511 797 941 167 295 705 281 367 962 120 513 74 7 394 85 794 233 907 140 472 681 679 544 898 957 614 427 773 396 384 132 71 97 16 766 453 653 385 960 132 981 320 733 300 57 151 379 750 401 981 407 667 734 405 228 313 992 492 131 187 417 691 537 753 339 564 538 423 419 764 990 420 275 831 443 381 396 14 661 59 156 398 342 519 790 115 622 112 558 650 131 472 794 75 541 416 756 559 165 315 401 220 694 736 698 273 32 646 468 414 852 604 603 84 448 488 55 706 140 299 771 993 359 86 26 661 469 61 742 952 247 679 302 444 815 398 911 280 234 981 231 308 266 892 421 842 912 520 666 254 550 508 682 695 947 9 492 611 392 585 427 279 275 997 13 447 558 942 561 506 170 105 805 217 477 203 535 216 17 865 263 25 59 484 223 917 142 981 121 882 452 891 619 38 490 330 447 124 407 372 225 535 387 502 223 64 119 621 194 655 755 891 644 347 298 508 526 176 705 908 585 788 61 705 138 0 556 293 639 26 200 739 854 40 960 188 132 664 728 949 140 27 831 881 209 784 926 663 207 459 698 958 163 257 189 545 841 244 531 148 968 183 413 537 976 635 86 661 841 305 182 238 235 889 566 707 50 272 593 951 29 269 243 157 487 427 954 467 509 870 559 333 610 995 888 797 267 506 846 455 722 875 997 426 478 544 71 394 864 596 772 278 704 486 428 849 147 188 24 520 507 290 756 255 254 
989 120 773 702 619 795 168 35 18 40 931 603 139 523 14 611 757 282 668 864 538 167 475 659 627 846 764 289 629 361 430 748 869 495 619 124 797 729 896 499 880 117 949 882 847 875 640 802 229 487 358 517 51 856 529 208 171 314 356 993 967 807 616 98 577 950 630 648 964 812 539 590 567 12 126 524 989 839 362 344 53 718 785 488 808 793 764 566 402 126 557 553 121 257 147 424 868 61 759 870 74 789 357 309 159 151 149 499 16 914 723 243 122 644 131 736 413 73 963 411 749 818 335 9 515 36 930 704 560 286 440 761 25 120 701 160 843 991 579 586 712 662 208 475 313 188 575 660 334 892 645 77 180 618 901 880 589 594 809 985 925 85 740 232 699 582 819 367 792 580 549 399 387 85 262 968 761 888 383 821 131 946 958 556 390 648 118 3 616 27 227 518 719 590 846 463 847 223 802 195 434 196 319 664 713 856 817 310 395 845 445 666 272 377 205 9 325 750 909 627 687 929 585 991 311 747 256 459 174 85 8 454 252 536 235 716 92 337 711 693 389 940 963 148 232 563 755 543 501 378 319 99 702 769 928 819 106 538 163 447 444 316 682 869 817 424 493 399 339 479 470 826 614 645 604 21 162 873 187 996 362 964 606 186 166 364 462 6 296 806 690 750 466 987 486 90 97 969 916 47 333 433 915 903 731 772 493 226 87 860 786 136 406 252 787 808 783 8 866 784 356 152 880 522 873 346 621 711 167 909 267 904 413 867 171 468 417 214 709 417 99 925 905 275 205 932 386 596 320 259 723 884 709 629 183 196 587 795 664 798 646 518 259 685 390 74 280 710 218 733 997 300 112 731 7 425 634 243 609 314 690 927 21 135 890 574 863 747 483 363 900 621 86 68 836 949 569 420 12 669 406 183 454 986 858 292 736 966 312 489 514 712 681 299 318 674 373 429 664 7 405 699 394 325 469 549 812 425 566 416 517 287 347 306 797 208 93 217 410 177 634 616 501 302 997 716 22 867 143 110 20 850 778 666 19 290 297 720 968 317 390 818 635 512 159 903 597 260 57 642 878 88 331 105 1000 675 519 262 509 463 148 222 507 458 981 819 476 667 327 197 640 665 48 752 953 755 301 952 449 278 
287 982 86 790 203 2 688 210 176 611 149 331 184 773 899 154 805 823 696 915 240 716 576 903 877 548 836 601 765 74 705 912 217 507 622 424 399 966 576 630 666 983 215 292 737 80 362 79 437 449 193 320 75 25 283 915 432 12 284 584 898 94 479 271 863 533 229 921 978 437 479 905 426 209 726 238 816 154 447 779 401 289 604 493 233 618 36 681 583 317 122 855 300 985 146 517 374 673 876 676 501 161 346 629 453 681 981 400 514 481 31 268 145 613 817 788 786 638 986 831 746 624 302 46 720 885 452 685 22 901 87 859 904 396 307 208 836 563 736 115 267 293 118 925 794 793 819 468 936 234 941 334 722 727 973 834 223 844 355 273 453 171 1000 419 754 947 807 657 813 246 655 823 170 773 956 403 4 817 372 422 277 165 773 194 100 123 826 816 423 90 520 48 717 752 579 311 529 974 996 95 758 363 342 131 535 9 993 429 499 906 482 532 637 711 683 273 173 974 176 993 503 542 639 285 803 109 345 1 362 224 415 988 7 824 178 265 823 590 407 92 395 158 357 194 768 223 841 389 206 395 374 162 279 677 14 812 322 148 999 121 100 230 292 587 543 83 334 510 359 276 642 756 747 717 707 619 965 237 696 616 387 159 427 989 421 978 354 618 508 320 448 577 984 876 858 698 228 637 767 942 627 465 83 557 314 230 764 357 497 945 151 292 267 143 306 786 545 673 529 857 361 959 486 991 274 781 222 602 385 915 111 538 513 694 131 806 695 896 680 169 897 107 643 374 389 451 768 187 461 144 920 178 328 668 405 760 333 108 49 354 898 159 335 323 249 703 778 710 57 992 900 359 12 420 458 815 189 338 91 32 198 860 630 518 813 259 697 86 824 310 643 86 626 573 9 621 542 149 950 697 643 334 335 610 603 633 101 34 435 374 733 435 171 268 794 190 805 80 359 402 655 998 628 775 298 693 206 635 396 623 911 288 557 622 873 446 279 490 237 46 591 856 114 248 269 894 611 703 293 550 766 536 808 968 66 178 31 575 206 755 43 843 453 581 450 909 67 839 150 853 495 652 251 978 671 867 840 40 215 483 249 464 740 160 762 794 207 584 934 793 825 190 320 995 840 275 222 36 399 313 
643 66 365 173 75 469 240 368 613 521 912 49 148 346 618 682 430 137 102 128 128 791 885 955 939 224 534 941 571 624 163 999 228 897 630 854 673 944 514 692 636 363 657 667 405 50 507 224 808 533 41 224 892 972 802 738 272 202 845 240 157 221 837 993 51 778 105 749 302 331 569 207 979 42 429 670 471 560 439 271 448 3 567 466 414 347 969 659 326 293 639 214 736 480 386 567 570 40 772 43 339 319 945 192 952 720 857 554 718 54 471 699 336 630 193 255 228 975 1 817 331 414 7 762 513 696 533 104 47 582 159 486 323 866 671 817 242 210 310 999 190 884 678 58 381 956 383 448 308 19 499 115 431 25 553 668 745 863 166 172 559 168 405 37 311 358 145 548 600 532 256 710 483 808 680 678 160 622 187 992 273 634 790 64 470 702 922 781 20 27 430 733 261 600 764 324 92 126 473 618 867 636 671 854 113 619 181 780 696 880 305 989 164 944 197 332 351 763 494 664 324 772 520 386 731 414 129 86 890 660 341 217 895 232 52 670 820 686 796 167 35 241 730 763 91 992 150 100 698 598 729 846 306 702 311 223 140 104 771 434 732 394 873 872 176 113 840 487 38 878 98 825 613 929 917 592 568 386 921 146 587 355 513 20 776 51 738 87 276 235 920 556 990 940 353 3 859 547 89 526 837 52 167 681 214 870 48 841 831 626 877 7 849 679 275 768 901 280 979 204 851 485 814 67 180 593 372 514 455 492 566 442 388 959 429 935 849 78 819 562 245 259 612 35 753 894 57 560 482 318 949 262 150 683 435 692 860 361 957 349 380 268 129 683 936 782 490 79 456 265 608 837 68 981 419 902 686 791 0 557 205 481 508 638 181 753 170 473 436 333 540 254 371 757 365 380 245 377 23 260 913 523 243 766 136 692 401 518 668 865 844 735 487 835 304 238 810 997 825 648 680 895 292 146 117 282 970 164 192 855 639 911 96 947 690 508 1000 45 298 586 990 564 289 871 206 874 548 864 556 348 359 773 384 88 204 894 178 38 79 455 173 731 698 101 827 891 960 355 250 126 904 612 325 18 344 566 219 323 10 462 364 624 923 430 611 211 906 393 76 26 528 360 316 468 115 513 299 621 564 770 
327 665 905 735 524 716 392 504 928 703 347 813 476 715 640 373 579 414 794 701 927 529 0 723 248 662 993 488 265 678 481 198 938 674 742 249 201 481 355 741 707 472 577 594 457 112 439 916 740 711 902 725 211 487 719 608 871 692 270 446 184 414 314 929 93 435 706 637 520 433 348 837 653 187 539 45 630 799 578 166 827 916 703 408 121 631 650 308 743 496 461 159 389 642 213 300 415 628 443 672 452 343 664 999 744 925 234 226 785 547 3 236 458 873 986 821 947 593 89 109 811 345 119 580 881 863 438 743 911 735 291 655 713 433 247 318 331 698 897 877 541 630 390 585 554 493 436 125 939 416 265 450 516 283 339 19 188 172 869 449 261 241 896 273 321 777 328 805 216 39 76 816 358 177 864 377 626 34 16 347 814 672 775 735 449 349 253 141 873 764 411 136 491 879 896 624 436 979 405 74 58 945 258 275 732 637 278 652 463 736 907 454 614 325 381 722 574 242 830 479 238 702 847 923 3 255 375 264 932 567 678 550 295 180 391 854 599 155 611 788 160 886 749 275 272 635 857 394 156 263 271 409 827 89 955 890 963 331 44 832 457 716 213 55 756 209 206 233 425 305 709 821 75 601 248 261 224 860 676 165 85 657 275 614 848 134 36 324 10 202 759 298 137 455 286 68 627 838 571 876 60 892 521 767 462 653 515 465 793 320 225 37 111 743 451 506 133 568 429 92 512 655 446 271 15 531 119 287 782 95 791 668 788 409 348 330 488 215 113 30 555 819 523 27 295 864 82 894 355 996 944 994 91 621 261 399 552 542 285 601 978 551 602 338 65 556 474 563 879 11 125 234 721 734 651 716 882 828 995 559 864 129 240 715 546 140 224 653 107 739 34 482 368 261 107 493 638 802 301 60 312 169 516 125 409 546 568 681 125 215 186 133 196 830 630 857 991 936 8 706 813 90 100 348 711 691 316 940 812 388 29 983 366 333 62 304 259 784 959 454 910 294 583 583 707 682 624 111 967 155 468 880 65 644 148 544 630 589 767 545 968 578 720 541 291 162 94 959 87 222 209 719 115 83 585 330 711 145 562 772 219 270 75 886 852 28 831 1 974 461 232 763 281 171 603 730 460 671 456 662 
536 684 343 433 540 481 784 681 896 682 450 339 263 865 958 903 428 603 642 646 582 892 348 41 82 523 825 883 326 204 431 420 276 487 12 199 614 825 183 196 594 151 447 622 560 587 909 158 442 292 456 501 2 937 592 724 175 901 616 886 332 921 427 99 371 740 279 906 86 451 383 595 305 708 656 688 413 583 603 458 406 527 554 306 406 344 323 673 194 818 400 378 142 129 797 241 822 998 979 270 995 767 923 972 610 110 513 103 308 25 676 547 320 993 615 802 371 487 658 610 363 550 89 766 642 866 151 334 442 830 337 689 762 502 720 948 36 217 355 754 688 169 305 215 206 924 649 759 498 413 7 41 147 599 142 781 306 100 351 684 857 252 213 927 804 850 695 380 592 529 917 248 599 839 695 722 145 274 531 439 170 39 491 439 343 525 313 1000 243 989 510 944 265 696 837 710 338 937 783 950 503 553 517 197 263 85 838 73 244 514 401 406 976 145 860 189 877 553 363 616 915 420 463 6 283 901 388 347 43 502 873 823 733 982 319 953 850 749 814 988 245 261 279 662 190 176 421 946 451 430 683 708 793 575 175 712 470 71 373 132 648 461 88 400 972 436 39 57 569 354 125 771 281 307 565 736 8 456 617 75 910 433 796 160 54 901 603 252 288 839 550 487 974 562 982 850 454 944 669 806 140 289 38 618 748 143 322 916 366 3 436 598 806 995 451 340 648 647 534 272 408 128 500 640 158 417 445 720 424 250 118 465 759 452 612 499 404 190 426 811 122 273 734 338 444 442 621 819 743 850 394 181 186 645 103 305 888 578 623 697 361 899 542 415 387 996 631 395 536 632 371 1000 258 335 38 410 594 667 977 279 779 155 445 533 930 624 599 657 803 185 951 454 681 754 10 580 553 542 188 329 254 541 512 662 80 180 598 995 591 828 6 804 40 875 781 292 893 128 907 719 317 103 571 250 77 181 942 460 464 3 648 566 832 572 802 652 8 181 992 618 367 317 612 439 298 733 253 575 674 88 587 8 823 892 919 324 27 879 413 419 643 415 181 93 250 440 804 678 931 870 229 667 665 475 880 41 461 271 707 405 334 997 26 97 690 761 294 311 53 533 103 990 757 796 904 102 17 762 751 752 
358 464 316 489 708 484 530 363 623 508 884 422 498 511 230 129 748 991 680 608 51 399 27 298 330 361 151 857 950 364 229 707 529 697 331 604 635 509 174 961 644 341 183 878 678 478 108 844 619 317 588 246 690 178 192 23 264 424 706 114 221 433 437 569 778 619 506 52 907 571 410 326 992 359 875 742 451 157 244 137 775 899 987 908 873 876 371 447 113 418 337 891 242 214 831 563 825 855 765 320 899 164 247 547 921 457 293 972 401 522 187 345 135 498 544 427 162 348 709 823 865 743 268 793 867 535 361 594 516 416 350 637 954 287 5 981 460 600 872 422 530 449 78 637 438 239 630 785 427 431 109 672 495 167 636 739 226 117 702 87 298 396 372 249 297 664 498 769 419 456 754 777 714 550 41 801 89 526 563 329 451 501 825 735 750 233 149 678 128 704 482 452 889 478 76 706 498 379 610 160 423 692 807 297 358 594 976 1000 938 602 765 953 824 109 440 582 680 712 490 812 613 146 438 32 744 844 882 674 715 640 663 69 229 304 266 355 666 347 65 997 168 821 650 164 39 595 120 478 120 308 621 651 508 132 757 294 145 756 259 895 157 58 221 432 930 716 31 8 48 925 377 674 577 271 505 793 201 676 815 78 210 536 285 804 282 804 338 394 410 495 459 568 482 139 893 349 890 746 496 838 498 282 563 838 363 206 926 925 978 982 634 547 356 237 493 456 818 701 210 498 864 774 343 362 464 218 294 730 11 85 75 441 339 162 148 358 195 209 502 85 74 617 360 371 805 215 377 932 977 237 268 342 193 61 110 926 587 633 185 568 339 169 789 695 626 977 965 487 934 672 451 744 678 646 812 398 977 704 700 821 961 890 930 215 533 940 786 91 943 865 562 759 861 987 758 404 238 341 89 637 923 182 681 887 870 564 865 146 795 807 303 379 981 105 573 689 577 52 213 44 859 353 849 638 38 109 949 908 841 836 176 946 553 983 686 543 554 912 917 890 719 8 96 531 859 173 203 678 415 603 193 533 795 311 850 206 669 349 499 867 770 477 465 746 332 907 282 610 904 932 48 715 764 233 576 324 141 472 177 456 732 777 985 59 492 420 355 300 996 326 68 882 325 30 632 175 91 638 721 745 
640 281 982 584 419 141 557 950 249 812 469 594 278 207 789 846 988 140 940 96 691 545 113 149 34 1 151 212 181 766 737 716 753 64 489 45 84 175 687 980 696 413 571 524 68 157 105 699 887 43 185 540 472 297 172 259 472 278 817 147 347 444 9 442 948 603 271 222 782 918 724 167 537 857 346 774 960 876 556 685 49 244 215 115 360 885 879 467 82 468 880 735 136 523 155 413 912 93 75 399 862 407 671 839 46 451 711 754 225 344 797 482 531 837 401 490 329 860 648 136 673 373 640 734 597 320 817 85 650 233 471 401 994 57 159 928 447 230 935 561 38 866 82 324 440 706 295 702 775 41 35 996 34 398 15 30 637 672 759 819 391 815 904 27 606 689 567 825 976 409 22 625 280 197 532 756 867 701 831 732 397 988 253 574 406 918 241 385 843 873 389 958 101 554 263 379 332 612 638 271 147 819 68 807 629 416 752 262 101 529 709 583 309 799 269 702 862 506 217 658 347 375 289 797 533 190 144 339 593 368 504 916 819 85 592 579 322 85 333 715 20 21 139 558 683 810 532 965 735 992 395 693 940 400 236 942 610 76 231 191 659 160 173 79 374 226 171 910 370 454 151 251 907 880 337 852 908 422 629 658 347 917 721 877 630 383 89 938 594 606 137 146 412 378 604 37 337 999 719 972 360 925 114 417 49 16 720 211 327 857 464 397 812 875 473 390 883 33 45 136 420 410 774 564 701 57 974 917 806 225 999 746 142 235 234 816 938 464 300 986 279 233 211 912 479 309 520 131 986 355 67 894 780 311 865 409 618 573 230 538 153 131 441 186 300 820 271 440 814 923 922 246 514 854 431 639 863 246 386 150 486 907 862 546 229 438 127 910 637 622 527 588 2 922 794 969 302 560 733 891 943 207 827 229 600 411 670 561 509 846 463 931 283 762 887 722 511 769 866 680 343 447 988 47 123 454 748 547 170 897 829 604 679 320 872 267 924 845 207 134 784 562 643 177 181 98 991 52 812 484 526 613 729 717 720 168 205 527 76 901 58 863 552 106 462 923 21 292 938 22 462 611 701 214 620 822 337 557 124 449 373 427 11 614 205 547 902 267 234 874 601 778 48 855 930 9 247 112 403 278 
145 275 578 893 370 544 477 908 708 640 939 427 51 154 801 156 920 871 636 67 129 724 664 59 601 193 634 152 233 316 281 347 641 71 281 675 116 718 978 708 670 28 220 996 30 885 585 633 561 485 789 321 587 99 872 67 930 229 331 992 187 687 281 875 22 619 444 673 459 42 875 205 282 621 521 489 653 243 124 356 882 83 925 59 908 538 336 894 588 542 765 49 282 780 551 720 557 19 970 878 278 369 922 763 554 244 740 742 357 592 359 877 90 211 62 71 995 614 216 841 151 762 795 320 264 135 839 275 838 579 86 890 665 676 392 112 87 26 320 314 520 428 966 453 134 889 722 337 472 282 514 801 83 911 471 357 51 390 424 564 849 670 725 805 713 529 177 539 293 937 655 652 559 650 133 267 232 467 705 569 117 366 386 750 450 680 722 171 140 425 853 856 877 545 195 18 688 5 561 520 543 39 71 732 319 120 338 799 893 405 980 456 584 439 305 749 363 422 395 931 698 686 496 584 94 694 55 898 378 179 145 775 834 554 302 148 656 881 533 32 597 238 12 390 498 76 468 926 607 223 251 189 761 100 796 247 665 473 3 135 658 816 920 965 117 887 894 23 488 636 590 453 869 88 304 302 562 793 296 529 590 857 763 558 959 137 392 193 298 427 42 597 575 631 48 110 894 426 446 910 798 743 371 567 212 135 65 276 120 717 497 118 943 685 157 165 741 29 900 87 8 368 225 686 29 981 742 370 302 983 798 475 952 741 186 260 39 209 159 58 539 151 917 373 766 383 919 381 543 921 730 162 422 940 848 535 745 686 326 154 344 327 283 677 641 338 504 973 360 857 911 102 1000 640 226 350 919 796 256 686 180 112 778 633 299 438 314 183 386 591 44 822 972 607 444 947 758 692 983 351 308 417 638 988 519 143 146 965 76 958 493 397 83 89 257 646 747 994 281 966 336 970 501 781 217 206 462 923 639 364 603 725 165 211 548 164 152 979 83 226 979 95 627 359 802 275 961 299 554 293 855 712 123 227 597 166 967 249 469 217 202 215 982 269 527 6 558 249 174 484 282 1 203 593 872 205 237 569 119 917 929 470 69 25 245 66 144 53 265 832 988 729 125 354 648 498 752 256 871 169 
947 944 453 716 322 716 160 610 861 939 552 647 292 560 807 473 528 225 94 310 816 633 302 371 433 825 258 735 203 404 709 851 727 182 764 407 172 305 335 354 349 586 243 336 431 224 630 212 56 483 980 125 205 233 964 408 741 614 242 306 270 722 142 128 70 820 598 216 598 527 432 926 205 428 85 471 945 964 11 185 732 681 509 789 833 445 967 416 679 274 274 716 85 686 512 80 32 760 409 987 300 450 59 394 979 168 153 884 208 607 835 253 185 579 979 276 861 50 525 73 335 535 181 314 806 15 303 708 940 431 786 277 141 169 638 770 226 768 58 875 18 345 134 171 550 570 194 296 731 195 657 308 599 251 505 243 474 282 91 201 418 649 851 39 511 266 695 345 219 466 449 962 266 487 688 907 10 825 406 463 811 530 830 809 855 895 413 926 800 373 919 450 573 328 613 715 888 267 616 979 422 995 977 13 171 891 21 697 426 465 783 111 482 469 130 675 612 668 178 381 146 234 37 235 797 242 702 435 514 269 92 563 218 487 402 122 855 331 362 177 37 842 924 90 292 926 802 619 884 245 76 716 927 983 25 555 861 198 935 418 413 484 934 416 315 691 664 954 30 951 53 965 987 703 912 93 120 943 49 385 672 320 607 684 361 794 421 61 568 351 213 178 388 634 213 359 361 434 7 878 346 52 257 580 176 8 889 213 508 419 435 517 57 735 880 271 221 618 524 116 569 474 420 125 352 848 504 904 988 745 804 428 386 237 802 941 852 615 641 554 477 916 854 933 454 508 129 965 105 222 4 755 239 201 561 816 97 524 812 663 88 491 853 104 788 132 653 343 817 767 737 60 457 874 102 601 19 657 775 651 976 139 771 540 786 107 581 387 364 182 772 792 564 280 629 772 191 638 592 493 311 540 407 462 55 241 481 748 776 82 363 820 938 863 175 899 582 422 636 133 409 687 920 539 567 801 861 528 375 828 812 151 344 629 303 258 224 734 106 44 263 627 139 988 148 64 871 789 620 800 124 152 98 880 514 452 105 90 557 740 4 32 820 130 990 632 707 873 134 389 39 304 235 321 285 911 629 923 704 6 691 596 71 756 367 808 9 210 205 182 742 49 105 407 525 832 974 781 56 375 
661 913 574 952 250 766 113 785 647 436 485 770 523 971 724 129 401 154 452 200 110 771 300 868 614 205 50 917 45 250 479 506 418 622 163 691 10 991 490 974 748 77 603 7 124 29 102 834 386 846 331 288 612 703 25 182 794 781 901 252 161 430 656 952 342 66 523 537 426 324 818 146 518 337 658 57 492 174 914 394 937 468 877 876 41 417 824 177 854 835 452 621 766 174 628 942 843 74 145 157 529 977 264 452 543 336 397 864 319 921 751 634 192 575 458 864 847 303 832 696 353 209 62 328 177 806 532 365 494 718 570 785 644 96 697 441 914 697 965 680 62 450 868 575 766 146 319 640 207 96 556 382 574 753 76 636 183 875 539 701 998 120 416 673 683 702 71 72 672 369 792 903 137 566 8 754 898 347 763 897 568 92 117 138 234 535 844 710 378 520 75 717 960 460 736 945 54 380 934 443 335 172 334 122 919 13 166 968 752 543 692 250 755 348 930 308 257 713 654 630 928 625 423 2 792 985 209 478 246 623 773 525 978 985 164 662 690 109 517 828 515 206 172 224 340 409 670 734 854 904 667 479 470 903 1000 601 840 34 201 243 368 82 955 54 968 264 240 298 361 967 694 401 741 71 735 591 861 569 440 12 638 397 43 256 223 588 876 146 479 351 611 291 752 335 700 675 246 222 695 233 463 666 298 160 234 603 128 596 984 879 893 328 721 779 472 589 602 14 826 34 581 122 671 748 631 688 9 764 832 648 580 648 594 39 668 151 227 233 503 879 18 364 723 750 658 498 999 428 323 86 272 852 420 764 626 653 501 506 722 933 787 560 2 401 672 368 114 482 957 81 621 817 924 684 689 79 224 837 257 732 226 885 940 937 802 959 476 262 605 4 928 198 726 958 757 935 71 388 576 981 385 135 431 18 252 201 954 452 127 784 397 623 965 361 222 483 57 607 9 394 535 282 896 59 193 595 497 957 439 708 918 267 817 509 93 35 72 724 262 505 690 764 236 345 908 97 22 646 596 528 115 929 671 293 655 382 42 688 491 618 744 827 959 694 766 712 108 482 866 660 446 36 750 46 70 454 317 729 454 344 474 736 810 51 321 237 776 371 318 230 948 601 218 335 804 370 111 857 236 238 
221 937 952 903 701 82 795 753 521 9 591 217 521 70 64 375 200 112 875 960 179 30 157 35 125 461 615 856 143 695 382 871 920 706 377 641 127 534 758 297 825 44 264 279 955 537 428 102 553 539 252 955 64 135 146 369 269 190 111 383 23 263 973 758 47 358 162 545 55 564 556 431 795 404 323 480 0 449 23 135 481 874 993 924 823 562 471 709 444 788 36 465 122 46 209 160 412 324 945 859 542 915 664 175 177 148 351 564 571 995 94 489 291 381 102 117 267 158 138 362 896 900 987 336 838 168 180 312 956 315 905 70 962 999 873 126 262 338 265 114 485 447 828 430 180 185 884 125 527 558 132 851 932 512 440 426 398 756 612 671 157 65 790 424 411 326 40 554 543 409 950 795 373 613 931 283 415 726 597 21 551 868 654 883 438 652 263 341 863 79 704 184 507 7 294 862 390 15 515 48 952 757 917 950 768 492 572 324 26 240 975 290 949 131 299 853 875 921 884 677 126 800 304 658 111 756 893 984 356 234 78 287 670 134 404 930 913 343 687 274 270 269 580 260 933 664 8 752 567 496 843 858 279 438 940 681 875 274 948 265 940 959 764 624 633 907 700 170 886 550 886 69 948 429 996 623 729 969 467 552 976 347 649 985 233 890 241 573 764 355 2 770 849 764 632 17 338 788 167 342 917 214 809 136 493 861 556 487 469 253 223 181 743 787 806 611 489 22 69 765 755 334 692 690 789 18 91 392 847 143 446 635 551 264 899 302 165 49 977 822 567 417 434 485 55 345 810 225 411 169 279 278 828 904 787 779 444 141 194 510 104 614 815 576 117 948 86 974 392 726 517 734 628 609 882 590 854 8 749 316 86 944 184 421 359 472 929 289 958 336 577 139 779 992 18 163 74 388 351 376 653 382 592 550 39 22 722 382 601 481 24 792 475 452 913 38 681 389 360 13 19 54 280 275 990 418 328 763 55 817 667 760 641 176 8 147 77 338 328 4 776 111 995 36 567 19 885 573 444 390 287 745 484 216 516 918 54 80 785 786 239 534 934 401 362 36 937 140 733 796 184 490 812 288 815 581 612 692 957 846 681 177 340 152 457 550 206 456 987 408 968 118 614 544 440 647 858 52 371 281 
21 435 563 295 942 723 775 129 521 223 765 248 113 209 743 458 683 558 667 343 95 632 249 116 656 72 247 82 31 75 125 608 687 560 357 942 962 873 136 128 998 288 961 803 356 312 158 200 49 704 986 545 888 108 914 173 890 872 413 114 821 130 248 136 707 178 712 98 310 482 286 179 9 623 513 134 173 40 463 889 274 233 0 207 137 876 402 912 246 490 625 154 202 522 590 608 233 272 351 450 718 296 846 707 717 207 30 107 2 574 770 351 784 354 401 32 381 88 625 467 45 943 572 916 895 52 260 794 313 166 846 546 177 544 933 485 371 555 257 70 894 196 73 346 32 854 167 533 530 485 619 52 787 913 403 485 285 527 968 786 157 824 901 778 916 375 11 480 611 868 166 775 431 621 32 641 488 927 56 150 20 77 849 310 840 583 809 211 151 443 314 142 78 55 50 396 467 989 400 366 551 772 225 11 383 406 553 548 349 860 307 509 622 408 351 196 662 769 898 303 607 528 590 235 766 370 55 883 737 803 36 19 733 242 410 182 169 467 686 710 210 69 126 831 375 527 968 341 953 578 725 555 834 70 614 88 737 572 210 134 197 888 769 884 955 9 895 532 349 863 570 335 128 141 612 552 607 551 564 35 860 83 50 554 473 616 106 263 868 962 249 108 871 154 679 977 239 820 189 159 613 303 180 774 33 911 108 321 427 952 844 952 151 255 723 599 653 476 31 895 440 591 409 784 511 912 661 761 517 843 604 451 813 837 598 129 694 172 17 201 620 952 801 104 123 764 432 672 828 536 418 315 563 882 423 377 315 72 110 768 975 938 662 620 865 809 765 236 807 650 670 538 120 298 68 634 665 111 325 599 827 953 531 538 896 778 533 710 791 726 397 67 689 245 786 679 245 758 999 567 212 383 829 449 746 478 46 427 365 72 420 644 855 18 678 694 494 991 555 361 231 526 759 643 322 81 309 150 491 411 635 529 88 117 132 710 199 247 513 718 906 280 730 318 214 126 639 251 797 252 763 297 312 116 700 878 16 61 622 279 332 584 396 959 837 984 579 254 862 937 704 51 856 164 710 690 281 202 126 39 230 74 974 643 603 45 520 831 321 90 232 993 25 172 895 37 733 83 532 81 
839 62 153 911 326 859 491 558 533 434 215 703 149 560 378 430 293 876 803 579 298 887 822 593 798 802 430 293 843 625 861 767 931 490 410 843 751 669 996 518 109 458 693 902 509 82 351 650 488 122 898 56 872 484 736 704 19 714 276 916 36 472 428 107 686 963 334 124 348 539 885 809 536 490 735 113 691 27 467 3 96 99 431 527 227 497 519 609 822 390 83 549 354 501 887 225 48 395 729 177 700 957 119 130 462 888 406 8 978 232 117 337 950 608 792 338 342 78 115 104 412 493 417 907 151 404 564 236 895 688 447 58 979 828 552 691 571 606 32 295 973 188 53 671 143 546 797 568 763 365 572 527 421 254 171 766 783 844 989 721 955 500 15 881 161 774 335 222 347 779 892 0 445 689 814 796 834 599 973 676 85 948 648 644 482 547 793 643 115 82 447 606 618 711 683 599 185 997 11 324 297 539 972 983 501 758 9 776 807 433 129 40 649 374 731 52 790 676 750 275 893 998 872 705 248 949 954 311 40 742 127 905 366 711 627 915 839 292 846 209 911 845 180 236 190 154 395 315 926 430 286 563 592 393 37 566 11 665 745 598 588 909 817 243 111 561 627 519 223 804 775 313 113 503 588 311 540 57 831 435 973 502 355 252 591 697 367 854 104 132 768 895 645 175 971 488 642 334 121 877 785 938 293 138 474 847 495 475 26 95 103 66 236 861 114 792 904 666 38 348 954 126 380 494 338 654 158 579 202 907 452 138 117 431 801 915 755 264 884 944 968 918 102 315 227 485 201 571 185 135 545 666 778 298 916 618 273 347 400 274 437 804 813 348 467 966 53 5 209 81 563 718 54 26 279 700 538 638 594 333 667 395 315 336 811 651 573 310 419 991 853 283 903 346 131 811 391 57 536 350 310 994 440 663 223 766 949 380 752 99 799 635 69 353 104 301 199 838 304 807 330 987 366 819 592 222 858 962 44 388 52 190 387 564 730 379 854 913 948 183 172 44 318 613 832 815 115 299 539 656 184 884 949 528 827 289 987 288 903 236 84 221 22 662 672 433 511 440 521 854 850 753 489 504 519 235 864 280 330 234 143 730 462 78 245 511 674 917 649 618 972 306 389 392 387 186 534 256 130 900 
472 125 995 46 740 420 469 130 85 809 561 948 704 169 651 724 668 830 725 528 770 985 963 437 549 187 638 167 850 358 668 360 79 190 119 272 825 457 461 557 363 291 790 535 64 460 357 231 432 490 941 924 497 290 960 723 61 333 146 272 705 31 5 491 441 293 508 891 86 794 634 809 603 561 96 816 583 992 503 106 92 739 352 755 962 303 949 925 188 933 287 454 543 371 532 644 123 291 65 369 358 469 237 272 576 764 875 945 945 685 770 724 350 363 576 851 865 861 628 476 674 641 912 151 280 40 713 224 385 493 86 622 460 760 267 317 72 808 246 549 771 364 17 826 723 453 183 29 416 736 71 452 678 889 867 96 499 449 44 363 549 412 772 731 788 844 200 600 439 7 282 113 194 166 368 473 611 635 785 943 229 927 471 881 23 923 350 200 900 90 405 642 386 350 242 14 567 411 73 843 697 893 898 186 631 223 930 105 684 106 115 706 919 981 467 777 48 745 533 844 411 51 897 357 939 774 102 36 821 846 539 651 86 941 10 711 196 650 529 359 534 488 913 623 138 607 999 351 691 26 616 131 597 680 555 185 452 15 447 723 139 804 49 349 595 220 983 855 859 820 876 183 588 271 400 544 903 205 254 689 77 991 660 317 971 966 448 965 915 92 636 152 487 515 812 873 61 82 63 979 970 354 387 16 274 341 217 266 195 860 531 640 604 745 71 878 515 798 276 73 651 631 763 175 347 563 361 190 27 711 223 287 810 239 415 149 809 574 821 692 929 556 234 567 969 862 374 393 615 701 12 288 165 791 610 728 725 182 959 997 151 99 141 499 259 756 788 412 987 306 533 656 208 735 475 113 815 608 874 38 517 418 715 140 796 679 219 437 117 781 183 381 506 461 355 795 529 295 770 447 574 640 844 235 565 198 670 383 641 165 336 334 642 434 96 178 519 443 211 568 245 160 831 407 122 99 830 836 11 711 803 674 544 283 533 952 762 979 133 215 354 48 44 801 327 851 178 85 822 905 285 847 799 584 709 362 283 909 745 75 987 883 134 833 944 547 971 666 993 565 892 625 718 543 825 845 162 969 587 411 894 166 207 148 954 283 596 540 952 203 59 317 226 234 388 418 985 41 968 812 
603 730 668 980 91 168 505 867 230 988 651 653 572 789 858 861 442 110 92 481 585 32 142 339 665 75 917 86 363 901 780 964 761 782 381 295 328 179 925 946 533 352 552 126 716 359 655 513 170 46 980 403 393 132 347 786 257 245 302 490 507 621 240 486 28 732 698 783 419 261 329 188 537 525 919 227 682 133 637 692 774 300 119 284 727 515 713 551 248 225 217 519 274 172 665 889 223 658 614 870 156 598 194 829 234 834 593 669 464 541 287 54 585 256 370 229 860 97 388 359 240 63 305 802 717 663 437 456 963 692 273 341 204 330 319 330 619 23 454 599 562 11 406 732 808 985 270 790 85 347 646 413 890 857 465 47 890 48 886 368 890 564 468 394 987 310 827 373 894 11 389 205 59 651 843 259 318 580 288 574 95 235 460 754 158 537 955 616 219 632 950 228 486 861 249 984 874 389 340 456 490 221 483 341 852 278 503 369 498 866 938 106 366 812 262 989 516 194 386 92 985 45 305 142 873 474 218 948 92 365 178 422 932 905 282 329 511 899 697 463 986 695 861 565 949 674 931 920 914 462 820 937 887 217 565 156 14 904 128 147 937 780 678 192 739 648 492 102 617 818 687 863 640 553 120 886 854 950 561 137 929 687 371 790 819 324 75 473 569 818 4 34 722 390 154 758 773 408 300 476 389 645 301 813 878 633 195 329 120 14 244 680 401 704 384 41 68 671 645 617 184 652 0 984 710 856 102 414 799 820 3 922 343 396 54 492 36 536 613 311 56 472 864 724 305 689 816 151 249 880 116 488 226 988 871 581 891 508 932 688 633 486 403 652 522 567 65 871 1 87 488 756 401 141 977 102 551 609 172 256 778 715 978 816 433 586 343 850 458 403 727 806 664 882 153 819 59 227 164 958 287 974 798 350 136 266 126 454 257 26 921 901 384 697 330 702 55 7 813 480 171 533 922 119 53 118 849 852 35 613 261 288 307 537 702 90 614 25 253 430 32 996 989 249 684 291 724 268 271 312 164 440 845 408 203 142 199 79 748 653 171 98 899 830 720 339 315 295 157 446 24 61 772 541 571 964 525 132 35 270 801 521 670 538 750 377 909 689 344 445 488 205 611 576 210 917 715 796 830 102 
152 323 294 197 800 280 553 938 813 782 720 53 719 419 35 499 941 825 592 348 585 838 138 42 234 428 980 891 37 148 35 418 584 763 310 767 877 642 26 949 458 108 860 324 440 581 844 511 973 512 465 279 614 858 845 837 810 215 373 815 617 367 393 467 208 428 102 559 530 30 729 753 299 56 213 347 841 158 24 950 805 247 204 571 497 956 309 968 842 774 650 263 104 950 161 906 356 672 647 1 3 588 952 806 491 473 585 321 356 583 742 764 813 687 291 141 739 769 755 885 705 649 746 783 530 744 538 765 527 147 403 889 561 828 458 304 316 204 146 421 162 703 53 662 890 682 448 475 910 894 925 551 468 279 669 648 750 789 349 109 690 724 978 419 426 616 829 586 184 953 288 896 435 25 804 81 943 809 236 733 820 312 608 289 96 51 618 803 155 395 320 487 640 474 851 356 296 335 156 458 693 750 905 194 916 613 962 430 858 381 908 944 622 486 224 161 37 824 677 652 243 394 777 103 229 338 82 932 496 811 669 926 9 91 429 288 903 332 441 72 334 443 98 69 188 921 407 65 73 872 445 182 499 512 294 876 431 876 862 999 651 646 88 472 796 618 139 398 278 369 71 862 184 193 680 548 508 553 232 380 156 83 243 189 715 74 884 878 511 607 527 275 520 38 618 752 183 858 8 118 114 749 29 204 565 664 944 124 884 265 289 603 518 643 853 457 610 77 30 616 278 150 890 96 194 405 713 167 964 181 659 595 447 658 338 80 668 563 517 299 195 690 75 706 933 165 825 77 468 927 325 697 703 55 329 177 174 55 417 588 389 575 902 139 455 870 907 716 175 749 211 443 582 911 910 34 763 422 274 344 370 401 28 509 832 306 972 795 935 453 455 198 643 507 389 381 761 84 97 713 816 49 217 364 966 484 647 383 762 26 246 647 514 49 880 948 508 452 651 887 473 22 378 244 895 901 518 399 856 82 640 241 246 245 419 540 388 416 743 18 88 909 753 130 3 952 159 71 878 482 287 426 684 258 683 144 403 968 740 393 943 42 390 184 534 157 395 728 28 458 684 949 796 467 553 356 396 999 763 604 114 95 615 224 665 251 41 562 237 949 895 214 985 926 787 845 156 930 987 389 
555 131 234 147 557 53 859 717 762 888 858 116 598 626 223 608 580 392 515 799 463 322 652 717 558 420 5 856 865 805 893 432 443 144 863 405 294 645 462 433 229 723 539 67 866 798 386 473 849 717 200 728 785 730 242 759 392 14 719 358 553 839 464 49 731 287 414 327 603 779 530 341 220 406 716 857 174 467 118 281 428 162 913 578 838 116 335 810 100 276 941 443 578 730 10 491 672 81 453 222 628 333 365 330 940 885 871 360 859 635 761 273 774 135 792 668 91 921 74 626 340 637 929 185 384 560 587 716 190 56 772 970 675 470 327 423 538 71 693 959 986 866 210 55 410 660 106 871 65 238 891 217 953 801 874 389 952 397 135 566 694 88 500 607 634 609 910 613 271 884 547 566 636 973 335 27 329 687 844 232 931 441 141 535 413 744 909 414 144 15 553 961 632 27 785 922 218 157 654 198 154 913 780 659 963 300 102 195 635 224 200 78 738 874 155 460 671 322 41 815 793 340 372 645 551 781 806 908 412 731 965 308 970 361 628 560 934 930 91 609 974 313 730 985 15 653 396 765 676 976 99 378 145 816 822 516 959 833 651 673 253 54 790 804 329 412 486 321 555 227 163 95 570 957 66 905 316 379 989 357 85 100 212 654 351 127 126 751 796 266 37 885 289 165 397 626 266 838 670 446 2 677 871 83 602 904 638 16 940 720 504 341 190 788 634 192 303 317 336 192 714 587 559 372 447 586 784 124 152 174 158 246 850 444 628 493 100 216 117 320 589 837 41 679 294 739 799 558 938 732 605 5 742 102 841 476 376 863 795 253 133 757 675 967 501 236 587 694 835 956 711 189 589 696 256 681 418 89 622 160 515 563 74 642 200 300 302 293 13 787 501 102 293 958 946 839 403 106 665 720 980 563 606 537 610 63 505 765 378 276 137 50 508 72 655 377 140 62 362 735 991 163 976 67 105 438 165 199 483 331 196 597 413 39 841 18 427 73 689 534 57 348 730 489 436 374 436 394 665 699 840 601 900 340 8 39 816 561 280 13 708 534 107 857 317 383 830 204 863 292 466 360 745 168 655 984 394 307 420 363 51 19 215 103 127 600 814 896 82 660 551 145 345 89 198 929 546 526 185 515 
946 942 493 314 384 958 653 314 297 411 8 155 306 209 368 525 131 384 876 876 41 475 881 545 37 631 83 289 857 955 693 530 968 295 732 581 961 965 446 276 242 167 707 82 522 28 445 864 947 564 481 676 591 373 200 378 895 94 787 727 669 402 688 451 919 397 393 987 945 847 130 329 980 796 89 367 200 597 337 622 154 671 222 189 749 337 218 951 379 909 998 126 267 602 666 286 191 899 727 744 723 581 297 852 664 524 771 8 65 508 891 902 474 205 175 916 677 706 519 301 674 629 94 830 689 415 408 292 883 120 434 991 364 619 797 155 735 327 501 365 0 180 710 59 126 134 586 258 537 207 929 398 78 307 667 166 413 416 150 186 773 477 528 578 917 714 527 727 350 76 172 922 758 485 667 368 353 72 213 661 316 769 580 730 551 752 836 964 225 314 896 544 709 608 708 125 645 970 390 64 350 102 308 483 4 329 562 618 366 45 972 781 679 48 252 328 434 883 10 74 131 361 124 150 974 10 770 882 966 301 459 427 880 840 507 57 794 628 408 966 107 911 13 793 373 178 659 100 90 528 770 893 30 116 295 233 498 755 90 982 33 908 612 845 498 81 375 412 805 131 992 190 910 135 328 71 78 386 266 560 325 781 757 711 26 988 815 375 577 738 798 186 507 305 375 47 674 31 286 908 581 811 13 821 525 987 241 444 646 50 690 434 308 188 314 337 202 789 839 613 89 154 209 331 56 750 675 852 418 24 714 180 629 631 938 951 97 405 485 231 857 9 321 518 207 773 65 411 78 909 971 469 549 885 9 590 260 992 211 699 166 489 668 311 481 980 192 465 859 822 839 772 677 689 645 473 547 51 587 604 930 349 569 753 634 85 997 811 891 648 957 390 535 730 794 645 395 555 377 177 339 29 4 925 779 761 25 148 511 327 352 532 122 522 479 684 43 474 5 360 640 204 495 496 485 88 377 669 621 428 377 552 820 493 468 821 774 729 729 614 37 220 779 673 795 892 776 828 266 937 667 615 942 357 112 253 986 862 258 774 764 9 651 177 53 295 465 560 390 854 189 378 757 499 162 435 464 192 781 802 810 503 946 148 804 145 614 157 171 2 212 128 312 725 266 955 441 845 196 870 
15 162 501 324 959 903 446 24 846 735 24 593 328 533 710 381 243 457 547 23 477 795 887 857 756 294 317 86 951 323 572 284 344 88 866 992 973 466 982 846 339 926 323 603 323 609 211 668 597 11 230 68 780 533 976 706 648 607 455 869 93 689 44 11 635 30 904 428 3 518 620 762 536 209 816 805 711 510 119 156 119 450 481 254 208 796 749 559 758 88 666 272 77 421 889 345 710 987 507 688 16 226 57 794 226 239 816 2 789 97 47 730 376 448 179 655 622 185 217 45 459 892 786 442 943 985 334 605 396 469 630 570 271 87 109 628 417 201 879 23 163 279 262 361 810 834 23 651 177 184 167 521 425 909 204 302 322 488 81 191 919 886 316 233 326 119 186 99 519 749 371 289 729 869 804 870 418 983 566 61 13 520 365 862 376 424 483 846 833 141 959 14 809 117 627 288 486 580 569 552 365 378 8 503 405 951 957 999 654 356 518 925 670 979 867 833 278 28 213 382 275 15 547 242 184 162 752 172 962 765 420 803 248 868 215 503 8 906 163 862 951 379 965 450 477 966 151 891 773 585 781 569 528 713 774 842 211 570 78 252 297 79 690 74 88 699 512 568 45 951 236 172 685 997 204 255 144 812 999 143 287 874 438 470 794 21 22 506 653 939 315 23 537 657 990 178 57 222 967 257 962 80 840 273 41 446 877 956 529 85 582 568 452 333 949 802 698 417 981 265 420 166 836 750 789 372 437 77 178 868 348 32 447 502 448 779 95 792 993 444 673 313 204 967 950 592 697 784 350 209 739 113 664 690 566 444 70 232 221 815 832 257 727 289 899 203 815 537 270 954 927 350 667 532 539 250 84 224 658 322 175 327 581 381 462 696 793 314 845 102 237 919 573 977 690 312 682 200 6 873 782 136 885 448 170 81 446 926 191 943 978 796 862 496 93 87 492 19 2 821 519 101 943 363 664 217 779 984 838 843 941 658 206 766 373 214 457 530 605 625 468 17 126 428 331 630 125 212 936 212 362 897 609 704 221 387 905 979 521 422 839 64 905 746 304 997 118 170 309 750 254 584 736 191 642 975 189 27 100 712 403 769 983 768 912 24 739 20 641 466 126 933 815 946 401 257 34 52 969 625 
138 91 570 440 266 980 334 459 275 678 23 449 763 491 587 378 799 843 986 202 906 438 402 948 23 356 823 138 623 96 510 253 17 140 668 252 725 217 104 944 938 745 981 172 545 385 294 932 958 54 955 870 329 596 688 243 609 0 811 565 854 424 31 475 904 280 515 512 971 483 521 941 327 73 524 286 536 736 23 337 910 860 64 157 550 845 436 989 683 428 585 149 199 668 131 692 647 644 375 263 571 458 752 78 568 761 756 792 499 203 985 943 967 802 414 391 350 671 252 454 760 947 592 913 141 213 397 814 531 700 16 750 417 35 163 868 283 5 500 415 75 245 849 599 818 865 307 291 3 52 35 176 400 407 974 161 622 717 295 797 107 357 792 445 573 900 426 806 25 661 281 108 973 709 311 23 611 923 28 538 926 621 11 366 410 465 555 187 175 845 277 221 82 868 171 624 577 365 501 663 57 905 117 317 215 225 541 342 291 226 722 832 816 514 869 766 223 240 948 522 517 113 887 355 930 528 384 868 342 482 672 521 423 430 662 931 956 177 68 523 660 568 786 75 980 159 351 359 245 828 435 278 9 444 816 19 760 323 0 180 547 164 937 262 195 169 584 804 11 74 333 643 563 272 433 456 316 557 573 756 78 646 882 453 156 266 96 442 831 421 457 893 109 795 850 178 115 634 996 70 98 310 882 407 919 793 991 988 791 597 20 321 35 116 369 976 934 919 109 676 50 47 340 708 736 904 470 296 33 340 278 152 313 96 872 283 601 43 698 160 117 183 816 239 193 523 842 209 912 336 745 541 457 614 273 447 145 474 575 522 617 728 911 865 472 892 946 663 10 194 596 652 923 940 731 404 641 357 908 33 937 776 292 823 155 796 756 208 416 160 858 687 115 29 667 261 879 672 965 954 73 936 407 167 227 894 271 103 730 874 486 867 973 104 289 142 446 36 606 393 502 622 376 933 224 361 830 801 876 102 404 37 128 990 870 856 420 421 163 88 505 228 828 949 875 880 163 670 360 353 66 743 54 282 193 923 195 34 131 573 23 166 757 840 805 119 262 391 893 213 452 821 823 68 175 326 255 375 660 474 242 164 631 158 110 60 767 522 23 205 254 241 553 607 75 42 408 697 300 762 
126 543 777 552 390 945 212 258 995 619 19 228 506 149 867 554 485 606 439 143 373 335 511 100 524 270 411 763 936 45 887 48 113 514 782 870 401 426 357 4 992 630 494 750 360 885 872 273 840 342 205 61 856 648 310 304 614 755 204 183 438 765 748 325 88 37 615 844 462 567 266 885 865 68 547 495 397 870 426 156 322 695 786 322 445 690 493 313 325 860 981 690 193 503 897 141 333 15 557 546 875 427 701 261 556 507 238 393 291 882 222 542 674 951 645 469 47 238 163 116 411 131 117 511 604 198 901 221 893 907 994 696 238 186 536 790 103 514 145 546 663 472 917 528 851 919 39 469 534 613 854 15 380 697 718 629 563 377 928 633 368 582 893 989 637 478 217 268 150 523 653 630 481 569 763 55 977 904 797 456 616 697 245 73 248 36 115 865 720 696 205 178 927 741 265 986 593 20 300 671 719 230 13 685 846 569 985 944 433 229 718 332 389 665 384 37 259 416 541 869 488 645 856 221 631 844 372 108 883 492 587 57 143 977 648 19 742 524 215 48 993 752 787 983 505 821 19 793 231 356 951 671 355 894 288 163 87 100 268 638 605 34 344 665 586 899 269 843 426 384 321 248 34 349 311 437 133 45 108 565 901 983 717 422 103 904 122 997 461 113 933 367 889 78 958 314 440 102 898 782 317 14 694 819 555 469 718 778 669 999 104 93 705 639 509 980 871 564 497 167 822 945 169 39 498 217 575 2 893 830 292 913 83 392 410 646 179 570 133 955 805 221 408 394 648 861 396 523 8 597 785 543 391 425 853 230 517 810 814 599 377 106 974 142 124 434 777 750 204 510 40 900 851 839 984 290 119 953 822 788 740 196 179 337 669 730 718 467 423 448 824 123 606 941 713 666 352 958 376 748 143 112 797 34 820 768 309 404 633 773 367 644 621 462 568 749 734 366 820 397 743 550 357 441 633 250 997 303 746 320 32 487 79 634 16 414 108 646 777 244 665 199 966 161 868 942 641 912 792 841 625 532 871 241 865 336 55 267 272 638 276 907 412 150 466 725 893 574 962 740 710 580 224 56 511 377 934 537 642 354 881 21 597 424 925 789 242 58 84 279 403 182 292 263 72 60 92 211 399 937 
542 793 711 912 328 313 296 510 368 233 804 760 980 543 818 922 784 952 271 165 802 446 278 73 223 564 719 404 106 15 758 154 777 847 271 650 64 157 311 348 807 25 766 718 436 779 142 478 369 116 616 713 813 81 387 826 897 837 480 86 205 96 510 736 748 896 961 733 625 844 945 796 799 236 637 206 499 422 636 441 441 97 349 997 587 685 454 450 115 971 63 46 773 25 911 493 589 115 297 692 719 249 788 990 202 673 718 192 232 941 825 991 756 78 57 787 244 669 450 302 577 118 944 225 54 61 843 873 761 525 601 83 760 441 995 604 630 727 809 505 583 120 392 644 778 954 731 367 885 908 651 699 335 124 811 309 577 382 465 836 160 530 437 717 793 142 638 197 399 242 796 294 707 124 364 243 49 862 203 9 832 744 142 731 103 719 652 427 126 27 839 849 836 308 440 39 680 278 658 232 733 567 497 526 537 422 399 497 914 320 72 389 154 856 607 695 514 663 703 35 705 903 837 618 951 609 683 346 228 503 868 395 721 33 3 776 146 84 80 407 48 438 132 205 147 848 843 498 75 598 628 784 590 846 112 421 837 877 836 926 259 645 35 312 239 9 560 858 335 931 122 381 421 714 349 182 303 15 439 659 426 455 949 120 374 82 87 950 727 806 49 333 298 664 602 365 460 600 943 996 979 916 574 181 391 810 699 266 445 455 24 657 120 664 523 882 642 358 87 892 719 137 708 352 870 836 425 830 656 6 693 320 149 246 659 316 265 32 761 604 766 763 187 126 653 778 190 772 802 683 416 455 398 123 629 271 621 826 821 124 786 375 950 418 713 6 434 973 400 468 347 784 302 369 122 82 724 916 552 855 559 844 252 474 868 506 679 251 26 237 358 182 163 71 602 9 258 90 235 532 717 777 259 423 53 922 393 569 764 492 238 260 645 679 841 720 43 723 671 983 514 821 330 945 140 610 801 946 964 581 178 399 524 468 523 274 495 35 294 397 492 450 264 367 600 891 843 3 336 583 787 495 922 542 124 130 247 810 681 575 150 894 524 850 225 473 302 71 859 118 413 842 584 14 999 791 49 417 417 816 791 552 391 249 478 155 98 87 764 267 649 368 360 39 454 739 59 277 314 489 
524 595 447 406 403 288 221 770 696 13 461 483 539 484 628 110 892 427 806 707 2 168 2 866 97 757 564 494 781 93 345 905 806 629 55 299 340 931 581 77 223 494 648 119 654 33 975 108 694 509 729 835 382 789 26 218 339 584 513 863 964 722 186 713 438 331 32 900 458 394 759 47 437 125 746 655 209 903 442 31 985 279 239 628 783 12 102 615 26 214 493 87 246 275 659 32 106 890 743 731 215 628 460 388 246 370 237 984 614 165 427 748 305 664 298 529 724 830 858 850 120 671 381 758 213 976 982 754 781 40 905 464 514 569 995 673 958 72 929 977 289 414 115 19 857 612 790 697 323 46 563 49 380 298 638 861 701 453 313 250 314 588 595 807 90 644 299 40 788 120 493 692 577 204 585 635 267 915 911 699 852 836 756 617 568 745 592 185 98 820 314 125 193 306 546 283 829 165 520 852 467 478 812 208 569 517 628 778 906 990 746 973 255 302 969 815 416 695 859 306 722 825 314 975 921 279 448 62 702 434 377 935 860 460 272 390 346 147 760 680 668 442 431 527 207 528 894 251 202 636 787 355 219 485 524 365 896 314 68 371 955 655 889 934 18 158 169 65 368 535 132 392 491 469 240 294 757 940 668 924 600 869 776 691 385 954 897 933 699 665 65 331 40 56 521 949 150 879 231 328 472 135 345 177 83 86 56 473 852 366 858 528 665 79 189 535 246 607 203 248 235 75 379 667 899 687 354 770 805 264 914 232 810 236 602 235 144 551 666 406 514 207 251 541 101 764 427 710 247 425 939 449 565 568 368 756 341 175 873 963 748 195 616 447 151 495 585 153 910 731 235 667 973 502 197 990 266 656 654 879 544 38 402 556 839 440 493 481 181 136 285 555 45 69 974 899 692 633 914 130 409 267 864 327 759 680 879 386 247 318 666 433 211 13 18 405 139 555 164 911 31 819 458 858 621 85 616 371 749 482 719 939 283 220 781 269 217 363 716 956 199 905 870 290 335 498 367 929 439 43 372 113 886 398 741 539 10 796 934 274 475 204 527 244 515 953 523 601 156 514 513 377 179 727 106 194 701 281 44 225 57 915 804 407 89 711 898 328 682 662 325 874 678 115 955 783 948 257 220 4 
364 813 319 888 812 598 750 909 310 855 690 659 697 3 701 495 224 258 704 855 708 31 581 773 662 663 770 176 27 397 610 396 6 598 922 325 920 927 322 420 811 970 980 395 900 784 500 950 751 397 671 36 825 802 689 586 102 806 225 695 655 976 708 192 540 541 859 915 277 900 316 668 293 241 240 934 743 590 290 844 421 212 675 426 554 664 899 180 72 279 112 106 641 585 381 942 276 796 714 64 722 522 914 608 803 240 209 703 811 936 537 777 851 75 831 663 513 1 559 732 466 766 340 4 787 690 515 0 718 428 313 326 493 538 710 496 750 337 469 174 242 162 769 764 250 865 167 846 307 942 566 563 944 199 66 381 339 501 473 950 185 334 988 176 579 864 276 899 597 996 423 975 855 150 258 912 378 133 184 13 265 41 503 127 651 860 362 208 570 99 907 687 910 579 184 820 391 371 138 865 40 451 348 793 969 384 85 639 2 93 324 271 394 820 650 421 400 611 963 652 660 130 62 140 332 768 272 549 652 900 365 24 85 682 258 550 256 168 719 26 429 474 526 550 45 999 71 910 760 410 748 319 59 143 349 718 469 320 609 853 890 263 581 94 346 906 300 949 437 321 360 619 22 789 104 289 332 804 155 145 740 325 947 24 643 34 481 721 126 103 356 607 883 539 633 899 268 631 142 683 546 106 910 666 5 293 590 107 121 443 799 196 693 912 102 587 624 524 111 665 773 531 419 963 759 956 305 737 906 574 110 917 118 166 277 756 970 112 327 904 797 22 848 77 757 173 750 757 211 539 951 834 693 141 162 870 462 627 0 264 913 706 620 55 619 530 59 628 602 917 829 418 310 599 809 403 654 578 833 407 371 453 755 292 46 27 873 448 396 238 701 970 122 848 57 50 350 793 918 775 656 867 276 55 243 520 157 107 186 581 575 681 786 510 694 621 685 367 910 590 613 419 497 659 356 317 18 52 577 300 636 573 7 402 1 918 733 75 57 742 520 771 405 636 163 529 979 811 536 1 502 177 893 727 69 475 744 137 53 253 352 920 692 906 281 945 681 385 396 52 451 77 459 461 190 719 891 826 595 433 931 33 152 40 859 0 175 338 737 986 902 733 73 716 603 360 94 979 754 493 
901 378 225 604 322 923 653 832 219 656 662 145 292 408 831 1 318 250 636 776 928 296 419 331 784 598 998 241 855 793 889 993 583 11 978 773 996 146 377 861 580 392 347 717 222 542 814 637 337 469 514 454 249 201 763 739 976 297 534 675 748 482 835 740 84 294 684 788 507 881 683 667 339 342 441 926 789 290 638 749 195 139 540 335 868 181 898 447 765 431 251 567 141 29 388 733 882 798 136 819 656 565 141 51 533 27 308 453 398 235 553 285 855 302 372 97 720 380 354 741 413 491 939 645 741 55 460 42 763 368 785 139 496 937 793 653 84 642 145 713 741 266 877 128 556 936 67 708 386 981 530 92 556 253 402 991 144 514 775 354 510 574 960 769 680 561 641 341 982 873 742 985 925 657 102 957 29 640 205 640 901 906 679 838 610 261 260 360 637 613 772 910 343 657 759 734 2 352 421 996 699 127 47 109 931 129 255 239 491 214 369 684 369 569 987 334 121 86 30 511 551 601 476 672 73 332 757 140 952 981 855 741 997 513 877 789 223 749 601 913 824 123 172 200 70 156 994 809 588 904 575 126 256 534 324 914 769 893 534 773 837 455 843 625 330 86 357 852 835 778 29 114 579 292 906 474 580 82 845 80 938 821 417 939 538 36 757 943 310 322 978 784 395 457 925 529 694 18 784 826 948 175 493 862 727 971 432 4 811 739 825 69 178 305 253 266 814 405 914 655 677 94 681 22 706 119 373 209 107 197 971 779 743 122 196 6 402 782 467 403 776 177 860 619 700 901 325 619 178 943 470 540 859 315 420 660 170 696 270 61 176 813 447 947 489 110 98 367 371 114 826 217 119 786 173 476 66 519 728 729 820 556 703 861 446 709 173 683 731 303 703 312 811 115 932 911 581 104 462 20 375 589 141 886 260 172 232 146 988 386 984 214 703 359 961 20 127 985 172 345 935 570 52 537 148 681 382 694 632 534 841 749 520 92 274 847 883 800 0 392 884 798 186 218 457 324 302 870 730 656 978 872 191 816 757 573 262 943 868 118 769 228 874 811 40 14 399 482 841 449 437 134 643 110 830 64 462 719 341 287 674 436 947 696 139 553 562 425 930 719 914 919 32 797 308 957 230 806 415 10 
324 367 797 892 387 201 198 143 229 952 933 746 643 760 852 138 660 853 327 45 504 777 332 873 473 625 705 896 340 693 52 369 931 355 82 520 393 737 171 381 744 46 557 729 442 427 275 659 768 531 174 495 219 488 875 888 922 418 959 532 360 244 484 568 657 983 395 140 879 521 801 930 15 12 612 916 919 827 721 266 981 27 927 950 770 749 789 822 753 590 476 992 34 268 390 846 346 781 976 434 816 116 887 752 927 939 803 189 646 324 292 566 30 908 908 951 646 886 69 400 160 361 869 679 471 740 108 339 309 950 19 921 25 340 601 439 667 21 522 376 147 971 204 447 690 238 124 667 770 256 192 794 998 786 75 455 935 979 50 741 985 163 986 940 564 336 986 977 104 808 614 901 686 460 446 134 704 566 83 328 179 402 423 102 154 419 224 998 371 320 377 272 904 930 822 377 927 916 126 982 564 318 860 968 198 440 463 645 119 44 941 900 646 414 341 573 908 738 689 76 271 704 575 83 385 999 844 455 130 575 122 419 216 637 678 304 144 939 360 290 767 598 720 688 905 74 412 703 154 540 796 147 141 877 471 650 455 836 839 618 906 720 224 80 852 120 602 50 377 149 989 401 651 49 101 837 654 322 916 848 983 849 989 969 372 883 902 739 865 896 770 884 672 158 102 734 68 238 460 514 589 367 556 440 362 117 198 551 368 838 202 264 393 481 375 730 458 802 523 79 654 57 854 410 638 443 434 497 638 380 724 915 669 946 718 896 202 692 723 779 65 594 942 288 356 210 576 155 106 256 609 133 750 631 407 26 654 246 272 122 578 975 309 460 646 460 978 2 986 50 408 429 635 589 92 427 575 337 172 371 408 829 742 162 258 753 331 334 82 98 12 387 919 840 815 932 737 72 726 133 55 344 742 234 201 520 397 837 226 159 776 205 434 261 685 609 282 113 893 225 832 74 170 891 674 745 943 24 923 758 759 227 983 989 24 832 644 673 829 395 436 423 245 302 695 441 533 335 865 781 326 420 549 759 225 232 548 370 384 318 248 975 133 698 391 436 462 302 561 700 730 43 596 439 123 483 418 276 464 178 672 471 373 693 185 82 378 747 486 849 835 320 849 496 586 280 757 707 158 928 
520 607 341 733 571 814 844 418 585 838 626 767 88 422 181 382 567 137 749 702 856 370 1000 993 715 818 228 1000 300 307 484 139 294 490 403 194 298 168 218 450 717 216 673 763 419 335 68 965 48 534 202 703 308 678 488 257 970 765 127 204 469 784 726 292 999 517 200 368 892 697 321 924 657 776 619 770 33 707 845 2 430 893 830 585 173 67 965 636 110 196 83 448 4 255 270 86 735 447 24 977 882 493 74 908 334 247 954 165 573 321 518 4 339 406 450 245 100 77 689 446 275 405 946 873 675 584 154 902 474 28 384 649 709 568 75 89 766 401 350 631 13 284 152 379 955 945 305 774 944 37 254 444 218 703 356 922 964 629 202 686 596 980 860 868 963 293 531 704 766 150 152 892 846 543 411 207 926 466 920 853 525 85 149 901 304 899 779 138 880 360 650 196 751 190 304 502 389 523 956 941 520 725 101 754 411 49 730 119 777 880 307 405 808 250 646 304 672 21 661 312 955 493 277 963 912 814 637 886 798 914 256 374 703 351 160 505 882 37 406 210 614 441 151 130 472 899 869 853 314 47 589 920 23 714 391 610 10 79 862 844 720 915 526 225 801 441 6 618 416 550 161 225 678 391 861 706 578 738 507 178 127 52 284 265 630 430 540 849 847 866 312 91 17 378 869 204 711 112 983 116 515 701 289 877 508 358 217 42 11 858 828 721 807 443 292 642 940 273 274 16 709 742 761 103 820 955 412 386 199 588 61 291 630 736 915 826 325 61 52 370 766 515 571 353 381 819 862 330 167 877 971 912 579 878 245 407 365 673 424 866 693 526 688 31 239 619 159 749 345 445 982 369 17 945 729 438 867 723 149 979 753 505 695 997 17 382 857 198 50 17 835 318 264 302 851 78 647 661 885 478 294 75 578 899 2 492 343 298 362 302 982 24 78 362 870 610 852 319 581 93 347 619 623 120 366 304 87 375 23 128 25 365 400 759 163 287 630 2 540 395 466 578 586 207 322 916 319 212 920 207 591 203 448 311 235 547 499 547 144 231 437 627 151 373 532 957 438 238 526 83 516 610 657 671 128 812 913 204 162 352 939 810 238 271 672 244 674 882 681 818 280 786 808 981 17 575 531 897 8 250 
388 734 675 367 946 715 877 174 417 84 143 586 472 553 288 285 66 740 440 875 257 289 602 983 124 456 691 702 148 974 585 157 263 277 637 757 262 204 631 954 493 299 464 681 228 150 593 216 334 192 532 16 531 169 24 549 818 782 814 203 482 221 31 125 780 661 259 724 64 988 147 351 13 18 662 919 215 943 569 491 754 368 231 685 217 968 547 113 910 182 943 336 936 784 54 293 253 863 815 223 890 218 227 6 370 34 530 540 470 26 208 95 999 649 287 754 273 427 521 942 99 367 644 259 624 163 245 795 671 51 871 158 83 238 481 905 194 737 505 533 145 785 727 458 252 845 840 861 318 639 23 911 730 214 267 187 678 488 917 37 240 814 17 927 511 527 194 399 499 285 720 960 147 215 851 81 495 503 265 124 200 419 890 913 640 219 348 545 547 847 576 337 494 712 266 584 226 258 505 970 667 97 195 554 415 300 715 688 464 529 911 366 311 473 883 737 643 659 528 158 154 253 830 106 902 928 360 602 182 793 663 954 844 485 159 73 546 122 748 649 382 168 257 408 369 150 256 386 394 808 13 194 903 350 573 393 399 172 719 530 806 287 976 94 785 483 535 28 132 305 309 465 517 822 655 598 558 601 484 417 957 813 877 430 243 257 479 652 149 449 361 296 435 915 854 821 766 830 828 797 910 899 298 760 55 950 475 560 225 47 410 614 156 565 156 775 282 622 361 365 912 926 422 637 385 414 59 290 303 51 446 483 717 34 617 874 528 399 802 474 826 108 696 635 564 69 947 335 549 803 460 435 872 724 17 602 995 160 255 783 785 345 287 946 685 614 197 287 814 175 779 643 290 888 542 774 924 74 640 39 361 805 264 79 524 864 60 667 479 597 635 841 510 934 401 7 239 584 114 274 107 837 289 900 850 826 330 648 911 33 188 576 691 311 146 947 581 422 336 339 186 102 767 396 508 189 659 850 304 711 166 804 739 227 830 973 263 850 53 331 800 764 907 36 405 536 77 328 46 829 478 703 554 428 908 635 439 742 375 966 480 383 255 935 461 374 36 459 706 43 890 498 261 47 651 807 472 364 0 778 839 325 248 712 652 292 219 555 192 516 280 85 926 352 166 160 748 958 463 665 
206 435 699 996 120 433 278 911 380 834 142 951 425 199 529 178 777 565 334 702 198 134 973 305 835 99 324 11 332 737 917 748 133 541 943 616 998 531 686 621 375 515 823 446 566 533 406 388 942 60 402 877 686 717 100 911 606 583 164 15 435 29 738 971 451 596 535 269 732 428 517 245 82 473 956 935 550 722 418 243 706 499 62 403 358 877 949 537 141 569 576 769 9 8 643 990 759 45 101 712 825 894 288 505 96 485 851 640 801 630 126 880 701 777 660 601 457 714 145 676 638 608 214 290 162 618 593 852 37 989 248 477 862 875 173 248 173 234 652 945 360 755 965 684 206 657 833 814 616 141 826 587 344 177 792 808 901 354 867 253 176 612 516 353 683 698 165 547 475 854 445 43 283 760 759 859 501 751 968 679 733 600 402 231 421 68 63 596 711 11 126 422 63 346 563 628 78 282 64 114 609 590 670 171 427 429 256 143 828 133 773 905 821 225 168 482 135 389 281 227 273 479 128 487 833 59 869 388 402 231 223 46 102 178 995 297 724 994 489 128 430 37 300 802 791 86 901 787 717 21 748 797 929 813 850 542 5 284 564 738 894 267 843 694 393 974 106 1 927 152 595 619 304 281 404 106 894 261 64 780 14 313 81 931 421 807 980 782 333 785 915 3 211 347 684 172 414 661 106 577 563 323 849 443 16 810 651 104 332 90 868 467 760 776 928 543 898 910 524 312 335 851 624 6 907 86 728 279 654 979 429 775 23 768 209 336 408 292 808 478 310 997 115 515 879 433 423 860 84 338 875 468 713 217 783 817 905 871 341 810 980 226 809 608 53 557 355 166 469 829 327 13 978 741 110 236 687 365 76 889 587 765 752 511 581 349 203 899 359 543 864 726 807 48 509 754 474 190 51 735 980 892 429 230 696 450 527 603 198 538 398 160 32 55 121 746 530 83 550 964 57 856 242 834 617 108 531 846 958 650 531 614 872 768 479 920 296 117 162 951 717 173 921 955 865 216 707 443 793 983 836 573 185 988 899 797 969 431 735 507 103 617 97 811 770 137 112 95 327 828 553 126 351 91 747 110 406 760 404 58 461 510 444 700 57 954 824 486 181 548 871 976 4 561 349 791 762 525 449 423 
292 740 273 342 491 299 767 188 718 55 529 38 141 540 460 875 17 724 977 635 837 878 999 398 971 483 673 37 908 743 481 932 447 284 197 81 373 961 501 760 17 332 137 606 639 350 948 573 437 894 513 870 745 951 889 196 140 961 677 749 920 719 709 331 948 45 554 328 632 635 962 711 696 346 382 972 430 49 458 892 700 996 912 540 719 114 65 880 452 320 527 486 656 160 984 544 889 504 131 68 721 665 698 693 887 48 151 375 721 157 324 775 991 782 744 821 428 478 64 867 221 941 518 386 103 723 919 956 970 715 42 872 402 502 864 351 762 737 298 997 53 345 176 872 242 541 428 52 196 973 259 167 790 793 319 39 617 963 124 737 478 404 167 693 189 610 332 482 524 566 938 284 653 395 862 357 540 626 431 311 794 908 460 911 543 969 92 265 116 963 594 158 954 577 317 326 893 579 689 401 27 909 612 626 153 861 55 141 830 955 676 740 313 144 458 3 128 621 952 754 258 194 107 842 560 722 656 841 868 379 133 217 750 907 581 945 842 531 596 62 623 378 747 397 467 971 282 644 444 955 526 446 757 844 957 161 402 417 756 754 204 203 365 710 295 497 675 414 438 959 180 194 633 189 744 417 126 390 878 877 106 385 314 800 570 149 82 500 810 612 362 809 554 287 356 987 924 126 103 719 610 480 975 639 10 922 182 717 325 738 681 349 209 390 396 675 35 799 845 309 660 947 330 677 847 449 972 987 172 24 449 303 117 938 526 358 983 190 777 13 785 178 873 766 686 437 23 552 232 563 642 620 7 678 54 267 728 986 554 66 117 717 266 733 108 221 640 363 578 936 131 340 98 615 552 94 525 491 460 634 180 843 946 233 697 613 373 230 368 777 246 367 990 948 436 323 177 251 961 763 153 25 161 732 94 909 175 213 22 362 405 379 392 195 711 858 965 637 796 414 909 508 118 801 9 480 690 739 162 433 282 331 697 6 986 109 110 624 425 688 596 621 394 296 16 797 898 929 948 552 937 96 39 221 625 4 487 710 36 346 222 610 922 504 104 439 56 284 981 68 751 420 387 863 641 843 10 195 674 884 392 483 218 342 196 467 3 779 949 73 216 818 352 564 699 150 389 835 773 97 
524 486 918 762 779 956 743 963 425 5 300 590 613 32 681 229 62 611 713 246 37 462 419 764 162 666 977 121 340 800 291 460 211 113 172 59 537 109 129 700 951 314 571 883 799 891 889 929 809 758 408 994 260 195 590 706 305 140 639 607 989 39 692 633 467 58 13 629 874 935 849 278 771 879 259 430 266 311 439 83 517 286 928 399 84 975 403 468 462 321 845 290 477 174 606 245 396 670 454 308 586 681 308 771 65 524 944 87 639 580 240 655 682 765 903 134 842 715 545 1 240 791 703 739 977 837 441 485 169 836 948 62 862 129 69 575 685 555 226 204 977 333 6 40 357 551 40 834 969 574 461 859 856 220 822 23 661 193 27 217 470 770 863 532 540 908 880 226 183 413 796 789 910 810 264 978 691 150 344 252 312 438 334 20 21 208 596 193 14 156 929 949 86 156 104 168 373 849 628 377 200 179 116 148 610 788 892 794 885 649 757 56 228 704 809 11 541 81 799 322 135 412 991 691 349 257 90 384 574 785 275 205 782 697 946 849 565 950 343 508 232 739 443 985 870 102 70 153 466 637 190 80 239 563 513 451 289 409 167 399 120 6 272 507 785 925 570 836 744 279 232 705 93 451 230 590 479 347 475 750 233 333 800 771 296 302 683 45 484 957 610 326 577 583 865 164 524 277 943 708 568 601 125 264 969 726 688 260 328 119 894 570 536 228 219 808 224 392 258 208 178 325 306 598 349 477 897 262 532 945 100 759 86 567 668 135 564 947 281 769 62 184 302 556 57 395 873 760 603 898 312 666 382 708 419 57 259 447 612 356 336 840 758 648 37 294 952 341 739 475 186 664 135 326 423 170 762 305 680 828 571 283 315 220 920 54 582 546 433 119 430 400 376 138 500 802 871 606 269 399 708 999 223 530 951 496 496 109 70 277 605 295 978 157 66 914 564 887 136 402 225 501 632 289 127 430 308 666 896 375 372 990 859 19 781 204 343 192 876 276 907 928 886 909 645 166 749 290 687 800 799 726 737 769 584 664 858 995 931 81 130 61 874 75 72 438 809 80 150 591 562 600 719 955 816 110 559 31 859 185 123 536 631 497 397 690 497 33 214 96 699 986 414 889 753 348 378 319 34 711 
649 133 19 245 219 510 347 612 241 920 144 310 866 537 962 982 101 638 216 574 410 835 266 571 773 356 948 812 503 435 533 551 134 974 989 193 311 184 427 952 477 675 530 412 397 77 86 299 218 295 809 323 15 782 646 457 179 75 602 118 72 583 652 497 278 576 382 995 795 563 115 319 474 332 114 7 313 548 368 934 524 921 509 324 983 42 606 792 324 834 233 218 568 569 294 260 939 15 422 934 663 656 211 968 406 750 897 651 586 294 129 39 306 777 923 937 333 393 682 82 18 417 224 11 613 507 755 604 935 593 496 394 303 667 450 478 834 862 742 475 107 815 615 140 630 712 342 563 35 607 15 139 393 733 155 808 633 477 887 618 252 435 454 354 740 771 794 143 740 445 204 496 605 356 501 190 511 916 726 939 893 967 984 492 551 953 286 152 726 291 251 762 402 1000 602 711 460 838 82 37 105 948 277 56 702 687 174 996 772 825 632 47 713 694 170 904 617 122 422 550 340 467 694 675 423 487 152 826 263 605 74 531 630 793 252 170 38 555 851 204 600 761 225 525 391 943 984 720 968 104 595 591 429 361 253 331 871 347 261 336 889 755 416 821 620 612 14 653 552 694 668 690 938 146 841 695 625 322 300 376 399 287 533 369 815 461 787 199 108 612 553 915 463 176 508 161 340 568 858 948 532 529 833 217 171 854 799 155 305 847 970 79 257 851 241 280 430 741 248 99 210 625 472 750 892 548 162 942 170 243 775 265 784 110 13 138 825 460 523 252 244 121 659 360 526 777 897 890 996 850 684 139 178 220 354 402 354 546 671 498 280 575 65 547 482 968 499 661 388 776 530 759 878 687 621 474 580 274 531 780 498 557 908 966 788 55 685 107 421 187 389 486 981 818 829 864 778 670 633 142 965 667 845 376 861 89 296 342 659 265 818 629 963 782 387 464 574 841 181 890 11 42 130 258 45 398 744 65 814 867 40 577 440 185 245 871 193 221 828 836 271 624 768 898 625 206 703 829 904 617 907 92 515 186 594 134 658 922 890 242 610 642 456 467 902 980 402 421 461 885 260 190 708 32 339 963 838 966 929 772 44 48 505 105 738 957 228 941 130 263 581 491 482 25 933 608 210 823 991 370 
501 308 634 4 152 590 780 709 654 816 833 531 850 656 166 15 865 749 726 58 869 363 642 468 196 899 992 948 518 189 720 743 439 848 209 164 880 549 363 713 448 814 986 543 109 857 800 778 190 50 758 467 393 968 975 844 541 489 875 854 183 896 732 525 33 641 567 802 432 741 317 846 763 928 106 911 314 503 909 979 427 205 302 517 199 968 679 455 696 72 93 929 496 124 680 309 726 356 279 975 974 891 232 750 937 400 834 251 11 690 133 808 923 564 707 754 36 348 425 705 111 953 139 370 127 187 226 715 784 871 221 479 205 578 426 674 290 598 800 727 694 605 685 531 515 821 613 799 496 335 761 679 261 463 305 358 310 874 54 852 745 447 979 163 512 427 57 492 306 986 51 72 542 336 731 827 566 64 219 685 996 212 661 434 420 152 886 134 823 217 846 87 793 297 843 527 406 884 474 988 518 680 162 326 51 81 998 578 162 844 418 978 394 828 492 201 685 19 782 657 466 603 936 278 877 210 805 960 281 833 189 997 922 903 428 435 110 368 996 562 682 928 817 466 485 260 284 625 398 947 214 761 152 870 494 416 677 102 118 427 397 114 610 959 581 694 382 361 929 157 60 234 64 458 564 409 266 244 990 611 640 325 907 394 620 664 455 687 112 42 325 84 860 722 325 714 139 421 524 206 329 692 681 889 792 5 829 556 105 127 960 96 130 274 825 241 453 679 179 370 465 281 464 72 845 826 553 301 367 612 628 76 440 45 734 368 558 202 128 805 481 728 575 80 676 225 975 534 357 263 404 215 684 692 878 194 14 654 523 856 267 553 560 955 290 659 942 819 305 849 704 763 375 937 39 188 148 510 904 60 27 315 576 310 800 741 337 126 410 841 722 591 869 781 885 940 582 329 523 863 869 540 690 300 958 960 110 128 886 351 264 845 340 971 92 978 208 868 202 87 934 173 33 408 520 227 579 62 790 559 210 521 181 231 593 314 178 446 14 475 27 193 300 974 372 119 15 237 511 67 926 110 655 486 700 771 161 695 118 572 324 547 428 979 690 13 28 595 593 362 783 350 635 782 702 996 613 6 596 123 994 589 25 452 286 557 783 123 813 797 979 787 702 56 584 413 431 651 830 743 
661 901 65 813 52 407 604 862 889 764 748 455 874 539 613 123 48 388 245 397 472 834 48 607 709 625 265 682 402 560 316 380 40 572 359 229 111 506 883 689 817 231 908 369 123 115 92 942 349 548 88 391 725 547 956 449 323 573 709 455 805 727 172 136 228 388 492 700 351 853 674 548 12 614 839 991 658 115 881 531 797 747 352 397 573 847 911 171 268 954 770 389 539 788 135 415 429 441 262 807 908 932 185 159 313 665 109 401 401 817 431 725 558 549 837 79 55 263 977 767 807 326 908 209 206 234 619 595 344 44 820 185 18 652 892 16 172 230 589 647 742 307 223 141 723 666 771 97 723 155 92 994 996 139 712 374 908 326 195 812 481 666 516 855 526 514 999 352 591 442 23 303 543 784 793 361 4 9 212 510 450 33 90 813 775 749 996 813 418 283 398 992 485 518 718 58 140 461 135 888 767 42 454 488 242 614 851 832 100 158 645 291 930 982 87 822 280 172 370 554 749 749 453 424 967 750 545 130 787 580 817 321 910 163 32 111 376 859 106 787 545 353 15 393 185 420 136 227 249 382 535 869 376 883 687 834 841 599 28 497 296 678 241 97 827 897 260 424 99 59 973 787 286 661 391 339 373 200 246 795 337 812 706 382 776 312 303 405 409 466 420 509 625 454 904 309 790 943 517 912 881 385 227 314 438 551 120 18 895 571 461 951 338 441 192 832 683 188 161 638 700 338 340 48 956 711 624 134 286 860 902 674 54 882 558 185 636 247 801 0 625 995 861 257 701 895 546 151 45 592 755 896 57 954 820 735 376 360 369 830 813 313 837 624 893 253 232 655 136 812 699 436 414 782 943 35 834 587 310 776 285 519 606 226 648 416 57 928 78 767 967 592 790 483 442 360 23 330 274 639 581 568 468 226 3 923 218 769 518 680 402 681 49 337 488 875 510 652 541 359 280 413 864 905 226 758 99 807 43 303 695 864 897 564 299 957 497 212 505 236 14 776 992 644 509 680 295 785 306 819 321 554 414 906 71 333 763 4 682 419 188 624 571 927 501 990 954 791 589 438 543 927 72 873 33 284 209 905 179 88 470 704 951 13 966 851 324 180 667 629 54 605 364 260 149 577 491 429 870 538 
114 212 366 329 650 307 467 461 469 945 964 780 800 482 614 984 923 250 378 955 96 896 255 94 131 95 48 31 228 268 884 800 165 755 256 369 383 222 609 71 538 980 124 26 494 884 23 317 27 858 313 89 63 480 132 499 685 492 91 932 203 865 534 496 656 385 167 127 567 279 840 475 395 769 227 354 804 450 150 693 234 850 808 798 869 136 646 734 755 634 541 403 978 501 19 690 693 752 353 352 368 295 557 563 284 640 774 766 937 918 794 88 525 93 733 991 182 620 130 561 782 952 815 874 70 117 689 987 740 889 696 801 616 953 489 214 746 439 74 424 237 82 30 453 410 174 332 679 863 340 987 380 81 163 511 492 299 312 902 232 392 117 166 918 240 891 947 646 434 708 978 566 408 582 760 195 565 837 521 124 620 921 158 660 915 224 398 715 430 747 854 29 964 405 790 631 520 6 728 545 739 319 245 581 690 717 818 587 345 716 778 282 428 675 741 372 415 602 164 886 269 608 601 715 909 701 910 114 341 160 500 645 268 283 359 392 863 290 752 246 652 96 969 65 323 806 957 316 32 215 782 617 529 915 687 442 531 378 207 150 359 520 548 220 320 239 103 166 301 937 715 219 375 627 283 781 499 287 817 102 846 600 687 128 316 485 278 777 519 41 760 886 111 677 427 415 768 497 660 887 830 595 970 249 105 738 577 32 789 812 308 213 904 771 835 735 549 941 971 890 217 731 434 725 7 453 6 724 423 582 131 335 468 639 370 179 31 257 539 793 689 807 212 43 210 259 856 335 362 688 171 735 32 29 44 576 719 383 759 180 234 834 251 222 950 900 498 832 145 386 69 727 774 390 194 892 123 183 391 340 145 207 415 593 622 535 656 637 811 484 721 185 685 1 386 692 223 716 146 810 47 752 814 816 9 797 38 620 747 2 573 66 518 211 666 259 260 182 576 273 508 898 149 859 455 901 297 754 988 547 863 840 486 829 53 509 611 475 559 594 807 9 265 311 132 270 254 750 601 122 864 894 37 595 772 56 819 795 563 418 284 649 269 588 791 9 829 632 209 394 579 187 46 730 359 895 310 37 858 273 914 783 499 318 920 862 973 893 741 225 294 348 419 129 614 458 890 766 41 584 
557 946 62 561 662 958 964 257 901 23 601 458 291 182 356 803 619 716 145 637 690 357 629 560 891 255 567 687 728 935 712 579 244 374 913 599 637 670 942 922 67 203 353 820 394 591 419 287 548 12 550 996 893 293 965 692 543 449 246 730 748 434 293 206 614 463 429 508 275 494 8 770 921 992 309 106 220 267 701 847 365 78 801 606 124 133 69 159 748 76 834 423 664 753 703 786 413 284 79 9 953 630 580 677 264 432 275 103 469 766 964 312 848 802 787 539 201 653 794 477 438 742 985 709 248 836 861 717 359 652 5 15 581 903 740 560 381 93 235 139 967 801 715 552 813 261 300 937 914 118 996 526 828 293 174 134 623 132 85 116 346 35 229 846 714 268 383 196 169 762 630 584 235 186 826 81 814 358 953 688 639 803 265 814 671 793 564 882 452 282 624 172 232 741 185 249 372 220 385 881 777 657 881 268 149 331 700 697 575 374 554 545 729 374 767 60 343 675 550 646 965 271 763 768 315 417 68 999 319 951 245 326 926 581 993 87 575 640 525 268 998 131 19 293 992 737 465 543 900 444 24 35 102 380 331 804 588 865 349 812 550 1 541 713 885 333 375 120 661 806 630 483 551 464 381 92 860 900 756 609 120 720 85 603 940 215 715 339 755 858 694 217 953 92 558 857 976 151 490 794 398 816 147 990 874 447 291 14 257 667 807 493 392 936 0 169 558 570 688 54 140 570 564 909 878 635 708 62 256 757 553 961 756 164 654 405 945 651 822 428 586 373 969 223 837 856 17 1000 68 664 754 482 554 357 676 650 718 235 396 907 985 784 401 131 653 823 467 862 261 505 318 825 471 604 765 380 633 536 414 964 503 100 437 452 501 800 34 873 546 182 753 262 201 217 437 858 993 49 360 665 134 668 426 560 67 959 148 268 688 176 679 287 358 472 258 956 454 723 615 241 372 682 681 290 196 780 749 538 358 686 683 771 201 489 899 461 27 510 924 169 896 591 378 151 853 178 686 889 75 602 805 401 141 302 635 593 90 568 450 654 985 526 469 394 543 447 197 168 189 571 556 77 573 682 445 353 724 931 79 992 749 585 670 992 171 842 996 84 297 291 298 225 339 990 47 769 373 733 238 916 
13 945 582 333 14 593 789 440 28 742 132 908 245 408 503 892 143 402 541 917 638 900 5 926 162 908 882 465 845 283 140 675 494 687 228 651 602 137 614 382 299 285 90 165 494 582 428 166 118 783 83 394 738 605 486 311 136 541 946 447 409 987 218 915 11 834 907 794 423 217 992 417 285 9 802 273 917 779 440 731 341 710 803 515 622 88 894 73 876 739 278 34 317 931 875 327 973 285 312 159 573 204 895 851 970 719 641 879 987 691 620 240 717 715 630 748 542 36 168 52 100 447 895 378 570 747 500 369 15 943 696 126 537 446 995 49 911 865 470 871 797 297 404 358 540 986 657 81 581 35 736 67 628 86 383 945 832 553 635 318 394 376 17 891 153 277 93 492 55 563 1 257 881 946 236 351 413 712 539 771 597 451 241 777 631 207 64 1000 220 318 486 398 142 317 374 620 81 424 0 746 963 938 940 600 990 354 650 988 506 165 914 762 866 702 913 659 593 471 963 428 543 585 825 728 550 658 567 641 40 256 865 690 388 806 696 37 206 369 59 344 641 960 407 749 552 53 99 997 853 173 761 78 712 900 766 804 531 626 370 886 794 225 795 67 244 102 376 194 161 509 777 519 415 575 325 818 140 291 395 369 204 642 64 581 546 10 50 146 4 313 511 723 462 593 646 53 909 928 922 424 188 887 42 281 285 936 350 159 635 428 181 978 217 951 510 519 777 733 247 826 813 665 138 477 593 190 371 739 407 571 290 138 652 329 287 956 917 736 427 177 517 225 430 720 677 464 305 445 824 249 323 993 927 575 356 616 822 534 570 705 324 740 991 845 1000 827 328 543 967 959 209 659 77 460 530 297 650 712 337 203 223 476 727 708 289 404 939 2 409 86 880 212 757 856 555 874 378 238 448 341 910 477 972 597 955 258 891 706 246 688 285 547 760 522 320 546 248 876 202 53 782 345 579 411 678 838 782 39 924 560 54 465 871 150 148 309 774 532 38 129 472 266 905 406 66 161 460 477 21 846 546 824 303 736 440 756 726 93 929 365 399 487 853 41 189 204 138 911 732 946 114 194 611 466 96 934 434 48 235 947 718 382 961 926 160 538 297 671 370 85 148 709 658 647 706 972 342 913 766 831 
412 970 242 584 539 99 648 867 822 270 842 552 424 517 515 358 458 227 421 733 218 793 834 138 248 515 94 836 384 931 532 533 645 390 864 61 65 43 256 268 977 931 824 878 60 4 458 196 144 740 292 9 973 981 740 57 539 249 194 511 401 244 567 434 304 566 495 891 636 343 542 497 678 330 384 216 71 61 679 565 917 337 191 787 718 472 737 556 757 576 976 278 440 67 442 745 478 706 577 859 411 59 457 65 597 107 328 807 286 540 453 223 418 226 768 179 397 583 310 641 119 860 280 889 744 467 398 76 88 321 418 29 574 813 124 345 914 165 670 490 874 471 633 861 899 356 775 475 616 803 31 216 272 524 723 253 100 292 386 697 864 456 599 964 86 259 988 524 723 578 801 519 711 658 808 600 526 564 199 267 87 960 241 858 980 977 426 680 843 600 597 116 331 763 104 381 761 992 277 436 867 366 817 725 220 860 239 286 120 899 431 513 229 93 995 417 71 153 143 303 719 963 326 581 314 709 207 235 925 464 873 240 349 497 959 453 365 514 622 575 281 208 180 384 461 353 866 187 845 670 662 201 568 671 273 189 856 939 167 69 321 193 540 981 207 995 380 17 733 777 416 422 222 79 5 980 902 496 763 130 600 829 727 418 60 619 925 943 612 216 132 3 217 20 231 966 846 320 907 220 668 540 288 7 512 917 599 196 712 522 396 420 104 544 411 825 441 598 794 542 117 179 685 450 577 703 878 142 864 640 151 834 502 672 395 650 544 89 666 339 193 196 826 653 863 97 117 280 534 78 650 5 213 343 903 338 31 953 420 765 438 295 889 40 38 143 432 791 304 496 414 550 852 867 420 41 779 635 40 939 556 628 349 181 177 52 528 221 116 960 79 201 140 995 939 939 743 588 963 134 126 377 149 588 315 500 570 613 88 897 625 211 701 396 977 340 710 520 638 966 448 242 644 40 477 407 669 649 578 754 980 44 975 992 268 934 55 8 222 868 863 861 155 597 686 238 356 718 797 973 361 325 469 943 778 521 288 18 969 150 6 419 222 259 376 396 278 591 255 290 373 430 553 967 82 762 228 855 556 699 655 300 49 826 876 850 264 239 587 46 972 543 465 156 118 619 605 984 648 855 
907 507 85 831 902 959 877 207 274 593 590 496 239 998 122 139 138 389 210 996 116 447 364 54 251 856 4 799 329 319 168 407 670 700 388 608 432 798 654 955 518 427 40 719 236 890 296 287 332 908 563 748 626 30 263 169 814 171 572 911 653 526 108 56 317 948 151 258 566 132 820 385 241 867 820 213 982 959 549 810 363 118 631 65 317 398 730 429 69 851 142 83 448 20 77 963 139 233 835 319 86 53 223 654 406 576 183 603 235 10 542 22 295 381 114 953 579 920 17 180 354 285 923 17 922 618 126 260 695 173 422 262 271 591 485 60 988 747 961 164 427 180 690 18 969 639 251 758 49 918 456 867 215 774 726 735 697 614 747 121 768 599 287 324 18 392 527 526 305 60 364 674 96 355 421 16 560 443 524 386 983 588 262 348 254 150 226 861 129 389 16 424 46 500 864 932 941 595 252 386 366 257 887 654 268 766 725 844 891 307 738 312 160 507 229 756 161 816 878 205 499 440 708 193 686 563 196 348 410 286 829 444 783 180 768 140 658 799 281 696 863 989 139 262 44 613 458 855 270 146 135 94 54 730 822 732 502 379 766 27 238 942 653 330 803 323 364 600 409 926 697 37 359 332 793 791 984 232 271 329 519 301 310 772 602 435 364 598 713 261 409 192 64 809 1 92 277 183 211 335 78 307 522 726 263 978 832 969 258 600 36 993 808 823 510 510 868 746 708 555 50 106 411 380 647 357 302 281 949 424 223 296 721 170 726 390 843 413 632 747 577 788 867 459 388 428 715 145 87 285 140 81 904 378 463 829 283 496 883 990 18 673 460 771 706 593 795 267 765 236 948 636 88 878 765 954 737 642 237 805 780 910 69 469 689 812 269 60 891 631 528 862 957 588 169 440 566 912 854 196 935 717 200 26 156 74 278 346 446 32 745 941 841 712 666 78 126 747 93 298 898 217 270 773 52 254 765 835 518 774 735 401 71 193 979 293 699 773 190 721 650 161 143 338 19 774 202 561 470 800 458 872 633 98 253 66 142 542 3 579 548 469 365 593 965 188 903 33 450 774 38 371 57 993 978 281 343 707 153 561 266 721 790 603 483 76 415 744 480 572 915 635 508 349 537 548 564 241 255 314 
819 99 540 355 125 203 282 800 805 575 651 242 653 378 22 137 785 572 768 322 305 706 195 546 285 520 264 788 148 966 405 541 654 308 586 64 548 751 357 991 382 512 466 986 588 318 156 806 517 127 703 13 128 987 948 170 42 172 336 223 480 612 67 689 477 817 693 584 879 210 346 243 617 389 990 488 265 121 616 320 321 835 593 196 768 906 383 353 321 711 294 334 565 928 296 559 739 85 431 317 949 576 54 485 796 808 773 865 251 685 173 728 427 651 124 802 755 299 350 437 442 868 129 566 911 574 944 806 774 280 660 661 276 12 40 456 170 609 297 762 977 721 909 380 612 241 947 241 23 635 597 974 320 967 679 345 900 252 587 749 163 22 401 135 506 217 75 763 936 165 493 580 990 438 677 841 343 108 690 363 845 249 882 722 817 657 64 153 981 995 165 645 20 551 422 347 794 303 637 480 248 969 578 696 824 845 627 80 443 205 518 115 563 339 90 965 682 903 762 768 578 374 293 656 562 816 991 577 829 754 165 795 927 816 513 221 468 877 750 169 627 271 301 968 717 542 455 185 814 193 363 481 4 104 406 817 832 153 453 683 244 95 156 131 86 519 15 851 154 499 294 477 37 570 673 482 426 210 261 153 382 730 147 702 491 809 611 738 485 56 646 487 858 508 264 696 390 721 532 380 265 850 812 953 292 714 506 315 18 102 620 84 705 398 211 6 324 6 593 219 724 803 805 740 683 678 634 480 544 556 485 529 920 75 666 421 752 921 81 695 940 668 107 738 475 869 180 97 55 347 216 138 236 510 367 793 657 537 737 143 316 390 392 718 699 915 354 408 650 404 301 657 524 101 109 247 366 947 815 613 944 582 541 967 877 241 38 105 595 886 982 54 402 114 25 636 725 210 126 679 166 442 173 598 5 74 250 164 845 684 672 756 109 406 955 686 590 262 551 826 81 406 418 916 127 865 556 908 970 211 260 729 826 64 65 517 596 405 97 46 621 798 825 811 192 552 842 81 813 691 326 333 307 459 821 399 918 18 876 653 377 43 169 705 410 465 420 973 558 738 894 575 913 163 635 798 780 21 810 647 448 796 958 677 551 456 935 910 16 439 854 425 187 734 932 341 550 95 313 321 
61 403 648 470 938 393 616 497 266 961 200 814 971 613 417 496 187 858 684 365 491 321 209 798 831 45 330 532 916 657 669 754 43 760 80 808 342 265 748 374 326 955 243 134 725 987 352 764 236 838 263 819 594 542 36 68 153 128 313 382 196 279 86 331 350 787 806 102 190 62 530 453 893 12 468 376 227 617 783 952 699 429 419 562 704 606 553 426 11 840 210 502 765 52 990 921 248 550 964 251 297 439 745 650 295 593 524 943 458 726 489 268 87 929 471 812 803 739 444 946 494 576 877 285 235 710 127 424 956 35 975 942 616 74 819 664 713 226 205 682 574 832 153 9 409 49 811 685 639 709 805 536 383 346 413 525 671 728 175 216 335 719 411 749 794 137 72 799 163 377 386 67 959 143 754 140 918 939 733 398 573 835 306 815 27 487 925 293 903 727 501 847 538 655 572 835 924 686 571 441 388 627 623 247 498 89 706 199 724 112 688 828 209 219 638 224 107 755 234 452 7 94 880 549 875 627 44 662 949 528 459 589 462 854 32 420 548 522 111 608 444 212 417 786 239 63 491 604 276 450 150 676 137 339 450 69 978 382 893 304 575 543 560 625 63 793 794 217 513 595 803 835 877 785 180 476 20 148 490 94 691 412 211 201 59 370 273 60 931 868 750 56 382 17 399 973 335 36 40 455 796 220 439 13 206 36 778 446 431 330 191 691 553 463 241 656 442 351 682 392 644 419 119 887 250 481 904 122 722 152 185 975 101 874 375 859 589 281 945 574 336 626 846 654 742 582 103 901 773 990 121 256 615 509 694 294 998 18 479 591 637 505 272 150 249 759 780 753 801 960 510 415 860 753 714 389 236 984 322 24 678 329 713 375 483 285 114 828 167 767 781 778 349 249 883 412 344 228 345 549 36 995 220 800 279 821 369 251 267 84 480 201 394 4 849 501 707 594 341 928 418 766 72 271 905 48 89 785 7 354 86 405 544 906 875 614 948 910 469 113 286 95 698 359 543 279 242 458 904 27 648 191 21 459 68 184 303 518 633 332 686 535 86 706 532 350 594 299 749 197 651 191 658 763 181 254 666 911 476 104 866 440 141 251 411 273 323 731 24 956 402 215 471 104 122 272 965 911 79 801 
261 931 744 610 729 151 754 663 845 826 99 350 337 277 24 481 603 967 406 584 837 405 14 831 602 741 467 416 400 256 517 485 567 828 736 444 334 176 606 816 304 474 877 314 102 57 619 83 780 175 57 454 649 579 141 43 382 115 784 572 386 595 389 184 254 980 198 864 10 784 684 87 379 357 193 92 643 40 533 744 138 126 840 853 894 99 890 180 58 259 686 407 756 138 148 204 811 558 748 103 600 356 513 905 276 180 889 799 126 61 905 276 638 511 567 506 414 752 671 209 519 523 392 657 500 942 986 723 433 362 699 736 118 298 308 0 451 921 367 204 359 998 238 637 227 471 448 528 85 650 606 606 763 622 923 226 983 805 376 714 572 706 651 0 968 982 967 777 859 565 570 608 778 916 40 946 58 529 6 97 538 734 430 61 332 248 780 502 923 614 590 84 877 378 339 296 336 22 287 122 216 284 164 420 103 40 144 215 813 673 795 64 995 220 475 936 75 219 571 369 444 492 361 293 182 479 628 790 308 758 847 817 400 244 588 169 402 817 632 341 919 141 505 199 809 439 959 964 230 530 130 394 434 394 813 620 186 582 849 500 409 515 219 580 276 665 11 183 111 29 934 3 486 415 941 239 464 367 341 108 20 275 693 545 975 198 319 850 846 77 321 728 491 642 125 495 606 430 604 438 240 210 114 218 406 862 861 532 786 264 504 230 970 985 546 615 508 248 335 599 156 10 762 773 295 183 149 483 543 18 425 287 737 966 233 562 278 710 771 868 672 742 484 58 935 524 498 306 308 798 806 344 330 558 176 461 855 115 842 684 418 14 276 457 758 116 990 340 139 957 90 209 471 213 956 131 545 659 964 772 751 739 948 417 233 476 416 661 550 768 463 330 449 87 740 103 257 746 378 569 724 152 424 271 577 467 365 467 575 446 648 945 126 22 147 93 36 134 102 65 72 174 831 967 326 588 87 931 587 613 486 637 929 985 894 383 344 290 949 29 300 542 236 510 634 99 665 614 669 958 592 344 16 424 574 932 880 530 606 909 688 603 892 687 600 960 447 487 102 916 801 78 545 28 616 652 216 300 751 65 782 695 574 252 583 101 748 225 876 762 937 650 499 942 339 156 179 270 539 752 
574 357 906 554 327 290 52 174 81 245 276 215 39 100 970 35 664 199 213 877 429 187 383 398 715 151 850 862 978 348 412 435 208 21 698 9 719 748 785 911 711 922 805 249 97 106 712 862 96 942 576 884 893 628 24 754 206 5 72 731 304 359 308 996 195 387 878 57 680 687 405 316 8 759 613 207 113 426 286 814 244 448 278 648 135 12 15 394 518 904 319 852 601 831 36 688 51 496 501 581 160 378 400 957 739 983 591 371 755 411 71 354 272 899 530 307 572 458 108 401 861 777 162 448 616 106 234 509 449 259 626 88 984 287 182 290 150 958 560 362 571 407 885 427 467 513 81 896 659 913 550 464 257 662 205 501 361 568 781 96 190 634 964 611 666 352 773 66 685 828 25 814 667 802 324 895 452 65 947 306 379 911 658 406 607 384 897 538 171 641 685 543 165 130 615 698 102 271 372 594 551 829 396 246 184 457 902 12 257 449 795 658 679 787 581 143 947 88 477 582 560 946 103 480 738 471 352 853 875 294 677 245 824 179 808 114 446 180 552 793 617 665 728 312 896 526 349 728 216 227 394 213 294 715 255 142 252 527 877 18 752 984 752 200 669 68 918 763 230 561 396 995 717 407 556 358 459 767 452 631 711 443 856 13 769 360 940 214 394 105 917 596 440 282 194 102 99 298 913 310 848 642 591 39 308 556 38 550 473 250 869 154 764 703 420 130 483 524 597 648 718 690 893 943 863 869 227 584 205 468 28 423 339 737 167 953 148 675 724 786 602 835 708 496 100 894 378 115 866 834 156 532 68 851 755 286 306 761 242 0 723 584 393 510 383 686 820 748 528 98 321 122 82 627 278 558 261 377 801 969 714 382 356 776 453 101 6 988 71 615 285 529 262 333 616 637 126 83 188 684 932 397 881 916 316 112 926 83 544 577 567 623 733 415 981 168 396 82 410 22 542 3 485 354 890 193 32 693 341 934 840 249 531 444 204 876 636 469 65 110 441 334 158 751 277 480 418 214 906 989 665 266 974 453 505 750 551 351 178 450 406 880 402 667 151 71 2 442 346 443 187 300 307 626 345 446 859 625 134 257 551 283 108 261 354 102 390 450 996 469 982 25 290 248 573 396 663 596 118 685 
255 109 400 441 962 211 604 199 293 604 292 176 302 534 425 604 986 498 508 455 12 845 167 561 143 73 115 823 666 683 878 460 856 746 580 139 483 644 906 168 987 982 166 221 425 587 49 831 705 915 269 779 254 849 798 64 559 267 107 660 412 38 39 847 890 586 456 574 207 990 890 997 237 878 756 817 436 449 343 666 65 892 286 743 256 273 889 218 981 318 841 421 652 677 872 253 309 470 506 861 649 676 151 12 833 952 362 584 195 237 246 530 161 781 921 427 357 931 610 67 734 453 796 481 834 762 577 127 464 457 871 101 346 397 603 910 703 550 236 689 608 240 372 864 23 931 552 33 121 641 236 173 62 601 18 6 663 371 870 301 748 967 947 700 224 731 660 314 870 817 47 93 34 569 10 642 824 775 630 550 294 797 429 762 483 30 392 473 639 560 658 145 420 982 113 129 797 201 132 251 692 882 237 546 318 410 155 468 435 976 434 149 347 806 654 493 453 986 928 430 445 242 878 649 911 645 968 136 39 955 185 558 858 279 387 658 315 771 923 31 542 744 782 564 521 310 223 65 31 903 621 807 309 120 49 870 643 970 606 292 889 105 264 662 568 349 111 90 621 170 651 877 150 961 292 98 710 933 71 135 393 574 827 834 785 978 914 130 994 603 286 444 110 160 22 274 708 842 725 894 110 48 780 645 771 327 601 20 864 634 670 284 888 719 419 971 705 993 347 473 168 835 253 35 823 432 235 630 502 830 217 492 327 9 740 928 694 576 655 819 689 824 999 926 90 464 652 314 441 186 828 573 960 843 404 357 62 558 983 709 853 276 329 941 505 25 675 358 811 247 484 50 862 264 883 158 627 299 732 267 448 206 750 179 475 84 519 434 975 645 946 552 295 489 388 417 735 340 555 508 986 794 608 912 399 852 667 557 934 957 2 762 514 385 594 650 213 457 430 660 651 329 792 781 140 464 666 444 548 780 637 351 517 470 579 827 525 739 188 174 938 479 134 429 405 294 920 837 430 667 645 220 274 273 799 134 840 903 313 862 651 902 121 646 668 128 317 873 502 194 702 138 40 614 829 585 204 486 669 233 570 239 416 4 156 917 511 521 547 272 209 487 71 52 916 460 825 114 36 704 
187 197 913 385 446 989 753 424 396 501 378 178 742 486 622 318 713 533 18 10 159 114 886 507 464 100 430 41 764 396 204 693 433 970 607 938 414 54 745 591 502 474 70 30 51 325 729 213 933 673 65 87 509 964 807 775 650 959 832 744 311 718 96 219 668 388 633 289 467 516 14 173 5 325 778 422 532 656 981 715 829 501 816 740 540 319 71 506 919 788 265 903 658 846 534 725 805 873 934 660 10 198 864 906 868 222 850 387 276 438 570 758 768 366 509 197 889 604 262 285 134 980 517 40 393 808 9 749 979 832 427 386 198 936 458 568 772 176 924 458 227 588 97 257 786 454 226 676 428 680 664 478 98 450 131 332 133 379 185 221 181 77 520 335 482 634 220 555 172 391 199 181 399 192 740 250 352 885 866 732 52 778 59 657 768 878 498 943 208 583 635 889 750 20 720 775 610 387 475 796 890 238 706 785 809 224 296 16 911 353 413 928 756 711 6 134 833 917 913 873 978 81 834 637 147 629 195 292 125 934 107 527 83 370 448 478 809 261 0 139 389 421 535 287 815 817 144 100 396 534 394 386 686 618 758 527 815 353 442 86 718 910 61 840 169 377 984 304 216 706 684 46 527 452 997 839 868 241 21 994 412 453 402 146 717 640 672 910 384 802 886 386 868 999 169 64 604 480 898 953 380 50 184 432 790 139 896 66 430 462 629 438 584 237 828 87 255 60 710 664 529 129 328 833 933 397 685 935 691 59 124 768 842 652 150 13 703 234 259 231 173 445 395 545 748 713 464 94 765 332 989 980 956 488 885 73 939 105 802 303 703 777 324 808 406 434 918 382 623 453 431 401 112 941 774 755 367 976 864 472 440 958 737 981 173 744 364 360 368 515 212 248 169 467 481 100 635 769 20 12 994 376 23 973 205 415 966 788 271 500 295 879 892 704 909 529 725 444 634 409 539 243 956 210 827 80 328 294 388 290 869 451 409 830 614 946 742 770 429 760 804 953 545 465 622 562 221 960 722 750 628 758 434 86 686 949 610 214 164 51 254 867 887 827 66 462 52 238 576 619 231 101 312 57 481 957 827 653 477 398 871 173 273 654 326 479 36 971 976 388 325 693 701 658 928 110 558 593 897 950 
36 141 160 603 998 843 525 923 107 495 494 715 78 769 126 562 143 253 716 550 546 651 44 401 254 941 685 915 839 787 156 484 913 713 880 355 403 39 614 639 272 309 443 817 668 240 178 65 579 505 718 300 440 526 56 619 793 875 508 431 527 429 135 876 457 440 106 982 832 525 901 230 283 470 980 439 349 765 627 43 270 375 346 87 464 613 303 481 954 661 32 198 644 892 44 744 346 877 28 82 283 267 11 299 430 901 455 211 741 620 222 574 554 751 694 397 638 34 70 626 630 72 251 463 485 539 340 658 851 482 10 192 810 501 273 12 402 833 981 350 832 117 781 321 256 492 624 872 380 129 893 149 702 655 324 48 700 512 727 227 393 974 139 821 900 882 115 299 469 708 426 886 808 824 70 299 21 43 78 691 764 545 815 854 200 482 170 726 760 838 70 472 442 869 749 268 171 350 859 360 848 462 639 226 129 341 12 426 255 792 601 954 158 375 695 332 232 185 828 117 61 984 224 943 580 245 9 968 632 370 68 838 549 545 226 132 541 117 829 982 28 260 115 156 13 462 692 576 418 800 877 943 919 212 355 657 571 262 235 682 276 782 184 781 256 69 701 948 578 728 38 56 972 40 181 440 136 445 141 754 765 868 758 485 304 967 941 645 97 753 5 662 562 16 391 381 639 125 75 455 39 563 825 196 327 234 930 859 85 401 714 131 667 531 731 821 536 588 59 66 917 25 471 223 609 356 740 717 570 475 134 328 689 7 690 712 54 782 657 33 435 198 885 877 924 691 184 679 38 707 637 524 894 304 183 313 920 998 194 465 39 7 971 65 488 809 853 409 894 864 347 636 116 786 954 702 392 307 810 51 852 164 877 28 817 588 548 766 107 615 612 672 927 638 775 862 493 114 472 81 136 832 29 609 520 256 437 421 421 141 784 609 209 957 440 768 39 908 625 909 188 911 412 966 867 733 204 631 245 571 389 372 368 846 760 546 236 764 923 32 264 432 389 365 359 608 115 416 911 451 459 884 454 253 73 32 460 459 375 199 274 600 645 134 959 860 793 591 47 898 692 763 68 317 356 746 293 513 959 147 571 484 271 727 869 142 220 705 490 121 437 182 737 369 381 762 961 757 75 264 
515 220 195 990 205 443 782 377 656 114 929 649 518 725 155 478 414 226 573 31 775 145 165 456 865 958 255 691 70 102 130 419 954 478 766 620 875 970 349 259 164 684 594 128 444 275 976 192 479 136 810 869 357 748 482 700 13 804 24 863 487 774 923 34 537 329 456 649 566 380 666 407 650 509 913 623 775 686 725 463 55 738 944 920 584 139 82 31 406 830 372 721 220 262 796 136 614 230 765 819 885 651 493 743 59 352 465 64 778 159 711 12 271 830 605 259 816 945 594 214 781 50 209 730 371 148 251 916 225 805 314 362 805 430 786 874 929 150 998 526 746 910 151 139 851 472 407 250 518 37 572 760 239 816 494 978 937 931 296 648 575 791 481 991 279 301 864 828 400 717 533 626 618 387 292 63 495 963 623 907 360 836 874 64 229 570 165 416 1000 347 390 288 462 882 870 545 815 393 779 903 653 276 412 747 990 348 814 718 469 224 164 851 699 798 697 115 308 295 732 865 592 890 537 226 908 831 99 181 39 383 260 50 945 674 664 39 689 192 804 848 391 637 224 78 517 438 665 864 758 924 502 962 418 587 180 165 432 619 889 271 846 141 702 750 158 325 895 666 340 662 792 213 900 709 918 375 601 537 190 616 495 26 528 513 307 389 660 46 499 807 174 66 894 108 479 533 461 96 453 122 860 752 454 611 618 163 18 863 910 275 639 14 447 13 516 79 346 714 418 130 870 501 323 797 869 254 164 994 618 447 975 607 327 129 962 158 857 52 85 764 920 546 487 187 131 25 848 703 927 805 251 383 272 405 282 170 632 681 387 298 631 421 761 560 100 794 966 559 714 528 614 423 201 565 293 608 4 111 376 109 755 410 6 157 563 675 355 468 316 650 946 871 106 706 346 141 699 558 794 392 445 763 537 883 723 91 442 391 705 951 148 977 962 185 288 206 34 611 550 715 118 252 479 367 583 87 621 123 401 433 355 471 625 213 274 507 979 20 511 974 942 706 862 44 872 544 513 183 369 214 852 677 763 799 103 320 632 257 187 961 474 408 512 139 32 966 141 709 32 389 405 236 418 904 481 280 504 444 894 953 290 706 753 325 306 518 297 980 529 6 709 200 985 29 641 575 928 341 646 796 
826 694 643 68 825 294 39 854 913 669 470 202 823 801 65 545 263 420 467 94 702 301 778 739 550 223 877 150 7 245 196 146 371 728 535 905 194 375 931 756 30 543 671 484 574 23 65 573 639 541 805 458 785 729 679 591 449 561 162 24 756 719 609 544 536 922 828 71 587 794 571 553 76 944 730 0 182 638 207 60 305 390 117 196 756 854 974 844 542 74 50 472 684 962 883 74 216 964 261 308 840 922 974 592 693 12 928 624 716 266 416 713 148 882 59 900 96 509 61 509 505 668 51 902 692 461 379 591 898 937 843 841 141 153 697 465 843 352 143 347 521 878 68 974 297 884 56 470 492 46 839 503 893 985 733 523 51 104 524 386 871 167 619 21 241 291 911 16 720 517 480 855 346 932 523 967 20 387 250 934 578 601 420 983 457 239 883 394 444 220 737 413 756 972 818 560 360 262 799 39 611 833 517 842 790 161 767 275 616 447 491 39 33 291 909 236 117 544 556 23 474 468 522 274 751 999 546 823 877 399 948 231 613 979 367 455 473 998 49 682 148 796 901 747 746 781 601 317 709 486 432 640 56 864 321 577 77 833 917 43 443 578 803 15 905 105 277 312 650 2 541 529 543 934 232 775 534 334 733 519 107 908 225 869 976 827 709 57 306 610 240 944 795 990 648 825 486 63 389 830 247 158 721 672 399 360 941 570 648 232 194 997 228 225 430 768 663 486 404 376 112 317 718 949 514 236 848 541 77 96 418 589 619 933 166 167 82 881 347 997 544 662 821 613 126 317 397 203 612 42 736 390 311 858 96 587 158 824 957 712 757 939 654 932 920 349 874 399 672 635 42 984 392 227 517 480 100 937 744 131 641 299 81 591 96 69 312 408 98 458 488 543 515 495 339 295 453 113 601 326 225 838 783 834 868 206 163 762 534 69 287 908 619 142 456 518 437 30 111 866 18 522 367 76 882 291 849 658 450 957 296 184 940 298 936 85 531 976 504 880 546 743 251 279 387 211 657 2 141 823 109 603 949 973 989 873 451 684 923 988 851 364 207 410 308 789 130 582 934 168 542 274 625 345 657 537 914 315 133 158 453 399 428 154 285 471 351 363 777 719 715 850 616 457 137 594 971 113 43 492 
533 69 378 177 624 208 782 185 290 820 761 488 603 575 853 995 854 401 489 602 742 947 547 13 945 623 449 248 515 289 12 561 866 560 18 648 728 854 225 551 628 651 855 284 105 663 506 541 864 106 560 142 73 304 453 977 885 165 826 472 125 101 152 763 336 800 938 711 299 180 587 267 679 453 427 563 399 48 461 45 646 629 464 609 732 344 392 745 242 185 833 538 290 546 779 140 629 704 404 293 793 913 4 758 65 862 383 818 766 600 147 7 479 733 686 191 816 579 624 812 111 334 529 826 658 526 869 484 724 154 572 703 345 811 870 551 138 422 102 98 572 876 445 218 800 45 148 521 10 162 982 600 253 56 169 799 663 526 762 330 670 864 600 94 728 231 733 212 656 540 257 384 565 578 707 544 914 368 194 94 779 634 337 880 945 476 674 653 197 443 349 920 1000 102 637 248 30 66 62 881 14 602 78 297 162 810 679 948 32 324 195 289 846 210 815 665 86 276 503 876 130 390 550 666 914 465 79 695 765 937 757 418 138 205 776 677 980 616 8 475 956 139 834 194 398 506 388 846 805 820 545 411 288 604 999 950 828 54 407 508 429 89 415 774 492 0 405 660 858 660 874 607 394 896 690 509 630 539 290 936 926 425 658 372 830 840 785 709 873 11 286 530 833 382 814 877 721 723 153 495 738 956 736 56 296 693 716 669 286 320 953 625 467 391 827 193 835 854 349 229 698 848 317 810 473 89 696 825 532 659 480 680 211 461 533 525 35 865 483 604 841 192 349 910 387 90 296 839 505 812 101 575 340 487 890 113 208 721 789 507 845 816 162 373 873 873 819 134 222 338 216 918 390 290 518 731 248 226 252 598 935 421 402 414 218 707 160 630 647 237 18 599 638 760 394 981 498 378 49 211 186 550 737 789 502 271 852 941 562 161 604 579 363 233 918 634 228 309 358 136 208 228 612 643 969 826 277 194 545 371 872 595 842 31 120 836 176 708 24 442 863 213 904 797 562 882 328 597 930 385 70 319 591 426 606 236 334 727 740 818 564 4 146 560 969 742 245 620 573 769 47 291 601 979 967 687 950 621 83 682 292 99 838 347 497 917 494 766 613 843 986 877 534 679 12 541 930 272 794 877 
524 30 957 539 570 211 380 52 815 955 296 0 566 335 426 646 221 518 966 119 913 581 330 389 606 189 853 584 669 431 221 264 234 533 838 568 349 593 443 988 897 77 69 792 391 590 43 62 105 150 782 530 11 60 875 344 983 581 909 383 511 303 142 649 611 545 580 920 310 58 41 360 311 149 89 304 570 374 846 67 15 461 896 624 567 33 208 285 556 602 793 399 375 263 663 161 233 451 538 468 772 752 54 995 859 460 177 445 310 184 220 637 574 126 797 570 840 520 294 527 357 594 371 985 218 763 546 953 318 747 134 996 487 724 340 566 635 609 130 459 441 232 357 472 411 991 830 301 482 979 866 138 11 57 685 815 756 236 377 655 445 860 250 543 819 365 495 741 271 171 43 492 816 887 288 576 197 451 364 884 291 700 916 936 926 12 172 401 763 311 786 650 84 202 454 710 365 36 956 196 214 672 157 979 748 681 853 693 34 326 411 678 283 522 97 705 347 567 435 898 466 778 642 434 854 733 288 158 87 295 664 475 345 932 175 342 334 902 56 335 108 196 60 330 979 574 386 843 318 689 965 613 861 597 835 736 274 505 863 261 547 753 614 284 86 111 26 135 804 523 295 333 999 126 898 146 384 585 577 272 480 992 78 156 656 940 92 977 98 513 307 962 475 586 441 363 355 195 249 364 814 985 261 916 393 305 246 626 342 747 372 529 206 218 728 409 388 951 553 8 251 569 268 617 183 552 357 868 908 1000 385 461 242 802 268 524 583 855 728 520 568 852 709 845 878 137 558 669 184 457 525 178 18 708 541 161 445 80 261 982 99 128 361 237 103 204 922 645 911 572 948 441 657 159 484 600 336 994 647 913 707 747 782 23 635 37 383 399 886 36 926 359 779 968 684 631 572 196 791 925 541 5 396 829 386 235 198 681 434 551 364 689 275 280 100 708 79 544 846 286 183 629 404 330 204 551 73 49 857 261 634 143 417 993 108 144 721 443 221 274 793 125 841 730 605 772 896 900 34 694 882 683 489 521 442 756 899 174 511 531 484 115 287 584 677 163 129 627 763 492 425 957 225 521 817 503 687 952 117 798 101 654 719 44 821 937 145 511 471 414 285 84 303 339 169 219 453 422 514 29 
118 678 405 363 386 163 284 911 64 89 914 49 716 909 742 284 248 59 949 805 116 622 593 928 160 939 858 112 406 492 43 561 166 260 177 37 592 909 897 801 369 785 74 872 598 436 711 59 376 562 583 292 598 192 427 626 869 824 528 396 143 326 259 935 329 404 173 960 269 919 83 971 625 212 822 443 837 245 8 458 28 230 447 657 744 496 538 140 52 187 902 812 260 388 27 117 772 888 950 508 176 22 370 268 959 348 119 392 611 915 136 39 412 455 480 310 110 647 295 438 529 840 662 977 493 87 196 514 515 694 967 251 873 27 865 973 98 912 762 211 162 247 891 569 509 426 222 568 501 784 28 972 321 82 759 383 7 112 228 414 350 975 120 381 593 383 898 206 769 671 198 98 505 145 586 756 118 965 840 508 804 346 588 178 80 480 866 702 899 149 792 714 349 285 260 45 734 806 472 774 848 26 8 960 482 420 779 635 82 170 736 524 476 667 148 52 158 619 202 537 341 929 83 186 94 37 290 552 778 865 572 261 882 296 996 435 950 913 330 341 853 913 85 815 420 704 546 377 145 581 773 787 126 214 327 581 822 722 268 935 263 110 885 78 373 822 99 279 57 464 608 439 179 258 704 119 79 734 889 68 557 271 12 578 71 929 939 424 559 101 696 645 904 109 725 895 101 638 934 814 744 780 464 181 386 741 800 952 270 84 903 820 910 110 406 726 912 621 796 259 447 854 207 151 873 821 169 444 634 301 219 309 661 486 850 925 798 879 724 216 654 263 284 837 730 992 913 196 512 381 187 46 348 24 387 954 672 194 648 44 164 677 508 26 727 34 435 686 6 124 870 196 460 161 620 772 880 202 789 491 466 369 43 106 955 621 371 721 643 28 921 914 560 718 450 169 804 462 175 481 489 34 810 239 792 848 881 149 84 228 947 674 652 629 967 762 98 256 93 6 119 221 456 828 294 650 735 90 233 530 452 383 197 83 779 253 114 998 534 664 293 188 603 770 316 303 892 905 810 944 697 524 778 933 464 397 308 629 958 744 119 526 113 785 990 559 420 444 244 459 192 963 165 76 237 945 853 607 542 718 966 887 347 393 636 446 176 479 721 262 676 471 97 773 378 821 497 191 70 6 
954 277 677 434 387 697 304 824 367 302 652 384 577 27 960 948 479 745 31 662 788 749 587 915 59 777 969 509 400 254 901 790 858 949 437 429 499 629 599 93 32 770 215 825 687 545 892 102 324 315 438 699 317 506 561 84 838 127 997 736 801 322 157 870 426 865 906 259 979 234 166 232 193 758 534 969 393 691 799 798 949 225 384 698 659 295 98 545 111 990 787 790 535 180 198 590 622 402 229 948 566 437 116 860 276 444 289 58 440 700 131 603 14 850 198 587 718 440 947 507 399 448 504 745 88 793 20 356 486 705 871 289 799 228 178 737 504 412 489 30 991 54 520 255 810 1000 288 510 579 655 353 613 188 808 294 96 915 623 838 369 100 6 942 14 793 549 996 338 117 824 234 540 702 309 828 506 767 195 245 770 884 219 71 540 544 756 762 187 339 330 426 215 19 728 731 354 885 556 19 959 270 555 858 171 126 168 24 696 816 185 53 234 725 169 211 987 204 364 961 558 794 580 679 337 488 617 377 325 156 855 874 632 84 206 947 662 166 959 77 393 456 785 635 136 316 870 369 63 333 890 92 399 940 2 445 969 486 152 835 305 11 9 8 602 398 808 303 656 890 423 939 613 888 713 477 382 880 853 653 982 161 394 745 146 40 171 894 540 234 149 731 168 218 829 197 840 386 384 376 739 2 988 206 886 45 275 373 987 75 358 579 85 746 349 729 892 403 692 640 497 331 939 74 447 561 993 271 184 835 307 346 833 407 338 607 192 445 348 188 185 887 399 486 820 858 323 114 405 580 205 975 162 309 832 996 917 315 386 527 628 57 878 717 258 333 172 291 639 95 839 572 880 950 711 48 219 753 70 986 192 810 527 795 772 549 237 12 214 904 185 131 415 674 221 295 370 445 230 241 956 250 140 196 957 903 575 350 578 936 475 561 946 491 45 937 151 930 700 506 594 960 159 751 331 521 403 560 13 120 604 724 794 1 861 471 373 121 442 7 30 754 568 570 661 760 771 185 622 690 339 437 312 141 347 189 832 19 853 824 335 130 681 132 144 264 759 116 749 800 982 984 826 983 517 701 586 941 175 778 74 465 833 976 666 34 925 178 806 388 35 67 804 886 590 772 261 92 495 628 758 
217 870 229 232 842 318 851 678 350 758 883 373 630 499 30 443 306 746 989 198 570 211 369 658 423 748 164 674 832 398 942 459 957 652 733 128 562 194 8 53 513 662 748 757 224 292 296 642 910 987 298 581 797 849 135 314 516 173 808 136 668 39 203 653 660 200 24 433 453 443 130 866 664 279 133 391 734 752 626 931 904 165 946 99 924 990 462 281 764 156 2 859 366 109 7 755 549 146 276 755 353 490 177 977 252 226 24 528 442 114 420 51 4 222 698 637 128 451 406 582 663 958 252 26 156 808 670 548 737 244 377 119 76 899 479 764 666 992 715 466 452 826 34 426 414 20 654 82 418 602 53 851 760 824 221 424 331 239 723 463 993 228 818 22 743 303 190 142 319 54 891 878 613 328 622 781 170 485 635 801 125 200 9 111 923 815 679 412 526 229 953 589 594 534 784 652 458 73 982 678 592 42 297 280 287 917 32 575 787 723 876 437 37 389 259 348 730 381 765 364 143 979 68 592 816 521 510 620 985 652 129 647 315 484 169 633 695 5 393 498 986 351 837 93 562 276 805 695 312 49 162 739 508 941 592 564 400 674 921 980 511 532 90 906 860 728 977 445 626 57 943 867 35 118 568 784 301 898 847 527 609 179 739 311 177 507 194 613 249 645 688 549 848 372 373 274 31 753 70 34 643 331 384 737 702 989 395 2 188 412 959 45 826 686 659 203 481 707 52 979 851 600 92 896 946 318 711 533 643 256 828 781 220 749 485 190 45 15 761 593 926 755 383 914 895 439 30 204 942 402 488 49 405 570 615 551 132 966 733 717 236 873 119 577 737 409 680 188 63 71 173 258 371 475 432 618 655 882 526 117 388 758 392 263 906 64 473 685 536 821 946 803 964 539 977 720 385 255 864 999 544 491 600 414 296 755 405 51 438 796 741 239 688 591 709 776 897 217 711 168 37 331 708 901 612 525 799 359 53 253 866 807 76 503 54 108 41 710 40 662 394 124 849 178 315 285 921 228 429 335 651 144 547 132 949 106 92 613 262 267 972 504 365 691 914 622 516 865 507 308 194 916 204 123 886 321 255 691 590 235 610 470 367 394 563 786 312 696 590 972 152 201 979 195 541 315 762 378 499 876 
183 825 983 997 727 642 287 275 743 221 964 919 815 389 841 184 848 895 891 511 766 534 275 550 328 628 369 354 116 736 531 728 13 141 747 595 196 658 884 456 136 971 510 949 284 295 67 464 214 756 699 592 110 137 763 432 151 129 160 917 544 392 540 979 924 929 965 634 593 63 380 251 436 431 547 295 551 315 953 239 383 654 555 977 439 85 680 442 352 653 725 352 623 164 926 524 506 759 295 42 387 440 483 713 229 875 434 640 713 438 200 915 688 107 741 910 478 231 982 857 741 357 2 118 351 931 754 679 966 778 279 293 88 761 396 328 361 666 880 600 922 995 321 403 232 700 10 103 867 300 614 771 727 494 826 474 849 46 540 372 537 675 490 440 168 917 392 791 884 44 710 274 690 122 868 416 743 32 900 544 31 477 731 124 87 375 80 200 203 90 892 582 681 497 640 193 582 612 413 16 9 559 385 392 453 271 281 77 23 729 596 120 918 727 295 964 964 648 852 7 11 624 455 129 207 710 523 196 234 112 166 31 572 41 257 772 387 628 756 41 28 919 168 392 537 895 977 804 336 867 2 976 748 631 221 367 171 440 104 505 990 616 880 364 664 243 744 860 157 675 375 974 97 560 115 41 109 766 817 622 631 897 422 567 182 373 79 260 810 82 813 77 124 242 974 967 359 760 7 407 219 205 231 197 434 88 581 981 249 84 824 114 233 519 129 728 228 288 56 793 189 271 599 313 895 310 760 593 637 750 175 575 998 77 417 601 557 291 775 235 301 788 311 301 715 923 135 627 625 680 763 420 502 734 563 479 983 109 1000 778 703 920 72 892 99 221 74 266 700 93 330 103 10 431 676 549 688 403 539 974 810 147 0 73 955 372 840 84 770 763 821 505 245 651 662 458 147 266 6 1000 135 343 400 921 409 389 229 446 423 149 292 857 73 624 703 907 888 434 389 934 384 719 601 779 34 432 648 310 761 39 937 663 303 178 119 940 821 750 201 118 601 274 174 935 711 976 882 798 457 606 355 311 467 288 507 227 38 904 421 549 575 885 126 489 900 88 551 593 549 49 757 514 596 747 901 693 489 102 690 78 442 563 879 417 169 653 125 43 173 248 853 405 376 241 459 545 201 967 339 412 
18 220 468 779 785 434 332 393 561 541 922 671 502 3 775 299 689 869 966 866 760 828 178 863 126 927 866 282 602 175 15 122 869 883 631 778 361 916 965 585 409 316 145 423 107 224 798 303 984 977 1000 663 180 122 675 717 98 441 26 574 958 751 200 449 253 708 754 101 176 473 731 759 777 747 352 333 131 424 553 675 355 228 241 282 613 664 762 146 739 617 184 230 840 837 536 687 961 65 326 572 446 713 3 856 974 119 263 776 146 535 251 699 805 459 401 17 162 585 662 131 94 829 385 441 648 460 998 948 226 396 750 694 257 255 244 472 317 123 206 612 109 84 407 656 670 217 261 184 132 734 769 468 36 307 434 240 372 124 438 535 623 166 868 133 133 484 663 18 569 27 133 347 1000 667 69 143 817 679 192 933 640 978 182 455 409 602 542 316 710 761 397 414 709 509 741 481 247 914 264 995 402 886 744 526 873 697 313 421 432 839 535 191 634 846 63 223 494 856 150 454 559 543 267 291 513 933 895 393 416 206 207 385 669 69 267 945 966 457 650 308 850 159 593 969 233 711 689 753 209 312 726 828 602 791 248 996 889 266 147 525 572 966 595 879 718 294 936 842 908 966 672 37 622 935 581 451 760 280 871 404 287 779 212 332 330 159 651 701 702 808 118 356 904 764 863 779 472 61 740 426 880 100 470 991 612 866 463 448 598 553 113 443 317 375 652 30 30 490 829 40 389 889 443 215 648 559 982 12 139 429 720 374 739 752 918 402 381 676 169 846 237 182 53 195 190 397 210 324 580 403 958 321 724 757 193 691 141 814 680 902 391 379 63 885 833 857 188 143 592 263 710 277 638 464 586 481 748 844 510 401 60 469 879 830 335 364 585 600 825 737 172 930 546 350 309 350 241 264 457 928 209 945 304 239 39 352 626 230 232 386 804 151 979 985 727 814 565 966 705 948 480 68 136 690 800 291 372 897 980 745 295 7 161 748 930 863 173 110 363 652 346 85 457 617 29 973 122 610 572 526 659 613 414 836 571 216 257 914 105 126 350 643 830 338 31 437 629 767 287 985 201 200 700 612 284 315 904 734 421 497 310 956 613 355 207 376 234 744 632 269 668 364 593 355 92 508 953 858 620 371 
689 651 711 543 483 871 881 373 879 914 110 992 872 529 701 635 348 992 243 179 758 59 136 664 298 312 613 233 917 273 728 936 314 707 500 733 599 706 810 525 593 505 73 496 949 467 96 888 181 940 145 436 282 638 168 845 413 46 804 112 831 199 603 533 259 537 796 235 122 227 970 221 484 43 881 529 98 892 977 777 740 528 185 519 765 60 188 186 314 432 827 94 376 983 463 872 642 823 626 717 584 35 28 883 591 712 42 87 138 299 293 324 784 603 93 348 422 276 617 886 487 586 10 724 612 751 927 11 113 653 733 388 691 448 439 6 562 461 580 722 922 803 955 614 107 558 784 274 734 288 579 0 698 24 176 949 637 570 932 190 568 779 19 905 569 254 899 731 517 333 337 928 760 752 141 481 80 871 907 999 794 169 970 215 882 131 199 34 175 109 749 126 847 587 604 652 23 499 784 360 496 101 520 179 23 603 532 29 83 490 220 143 253 453 182 822 627 308 246 458 489 703 552 162 808 568 987 846 848 571 720 606 541 753 465 679 306 903 970 73 86 56 500 995 234 888 589 106 123 695 770 249 847 615 397 303 829 563 316 617 833 145 165 265 643 939 915 611 916 574 173 982 854 940 416 8 856 535 662 480 301 961 79 775 788 410 455 335 183 648 573 793 124 749 192 493 377 601 442 768 158 841 717 171 754 325 835 828 300 140 884 537 904 358 571 113 603 180 381 633 888 755 317 431 839 144 1 962 564 785 322 785 794 341 851 845 568 466 912 811 480 223 966 17 57 235 946 581 344 733 931 792 496 372 258 823 91 756 9 901 769 59 973 534 57 192 845 509 885 478 229 231 589 575 88 107 523 887 284 220 543 823 579 101 352 700 399 780 861 333 476 304 356 640 314 784 35 56 114 457 330 865 349 350 35 809 349 394 278 901 259 666 209 485 600 960 861 880 166 922 241 186 466 285 837 223 848 538 459 422 473 966 117 516 410 681 946 705 509 599 954 109 22 210 42 731 61 675 222 963 736 681 233 889 893 358 417 485 465 994 396 406 318 966 425 148 124 676 965 500 939 919 561 635 976 484 321 463 430 571 415 5 997 773 932 168 487 28 10 372 576 16 916 131 696 39 703 306 420 474 
511 386 789 464 254 927 595 343 449 319 107 394 980 370 274 502 238 973 588 711 680 548 288 576 927 945 542 997 581 844 324 786 54 678 792 252 41 920 535 319 914 358 835 85 226 501 274 49 677 253 739 68 941 605 454 358 224 898 716 291 321 711 838 272 405 136 96 910 184 87 924 812 387 220 266 459 737 80 546 12 914 460 594 27 597 972 682 820 613 592 514 871 28 681 571 545 576 802 315 602 242 935 952 504 668 607 238 661 271 705 611 101 198 954 971 159 469 155 266 162 698 885 303 494 99 207 253 242 854 339 735 578 331 334 452 229 939 160 553 263 101 833 916 893 591 710 496 753 72 824 864 511 246 537 536 970 817 143 72 256 397 280 734 156 831 125 859 2 859 600 578 349 265 44 42 685 799 831 141 248 848 963 701 896 384 404 437 408 105 484 654 689 214 344 862 382 969 237 260 656 289 324 137 321 331 371 776 763 456 375 826 884 803 903 120 341 266 829 230 32 10 849 68 296 119 300 398 121 316 447 12 650 141 466 323 828 826 234 967 871 253 104 51 186 29 492 794 779 493 814 313 193 305 770 667 511 79 645 58 989 33 560 708 427 495 344 117 773 979 419 572 39 216 536 572 478 469 568 264 806 231 7 627 745 291 468 947 681 708 432 397 391 75 256 217 80 984 834 594 656 393 495 665 168 676 205 645 123 21 950 674 590 514 978 603 894 214 256 388 285 489 178 37 683 240 979 616 312 969 833 60 103 659 61 917 676 326 507 82 304 147 314 507 191 819 603 488 904 638 896 413 54 114 83 911 137 393 434 805 71 486 672 486 564 364 889 233 125 43 858 412 951 297 31 528 180 237 463 581 162 797 390 354 31 79 319 108 63 350 722 120 183 328 542 714 988 477 634 325 180 679 675 466 942 416 384 253 449 38 509 621 394 830 183 122 439 202 866 15 395 28 694 621 817 534 784 562 392 709 551 88 933 722 451 106 840 345 65 726 503 408 202 146 842 747 564 49 313 44 868 523 443 906 668 880 178 260 739 180 87 564 34 130 366 334 663 63 464 364 140 776 586 646 851 877 656 900 745 550 717 402 601 955 9 588 431 646 50 952 167 620 341 255 123 773 392 836 612 91 482 
844 669 963 267 548 157 862 382 41 67 377 760 945 926 559 306 583 133 508 337 641 962 868 62 777 449 733 942 95 597 828 286 711 651 715 183 167 693 163 309 474 516 674 330 672 667 664 416 598 565 91 799 839 996 186 899 127 932 229 476 488 842 97 845 927 727 706 664 39 688 372 270 373 728 116 865 250 544 205 837 767 279 782 30 861 378 33 296 278 889 822 239 285 757 248 618 104 65 821 178 133 762 724 194 558 191 640 301 769 334 961 56 753 72 973 832 946 293 765 488 730 265 214 520 502 235 632 241 450 18 130 296 731 26 808 172 962 737 115 611 109 3 473 564 9 146 658 666 551 80 442 36 11 338 570 432 954 838 827 919 596 726 767 776 209 261 863 667 131 61 698 246 413 52 577 994 478 887 281 486 432 885 322 887 819 209 119 768 43 692 673 376 906 901 406 465 958 599 396 139 875 509 457 483 818 869 905 17 618 220 705 152 553 759 584 333 455 737 876 899 960 120 58 602 526 178 416 146 318 7 29 234 199 209 675 599 235 186 246 30 960 815 257 802 824 763 964 192 995 417 893 85 146 849 874 545 140 89 220 697 420 346 988 769 557 668 572 142 669 537 759 922 272 97 847 240 105 424 571 986 238 165 568 674 609 101 236 302 589 813 689 877 217 373 800 413 245 299 564 503 744 529 778 266 86 259 126 715 241 349 276 328 782 925 837 231 669 841 208 657 335 514 756 816 272 477 328 990 700 792 185 608 31 888 450 129 244 657 725 905 752 434 712 808 799 952 388 107 187 208 688 597 505 774 468 859 143 221 28 233 305 314 313 500 732 496 895 600 10 830 413 216 902 392 942 90 143 333 327 556 783 272 899 465 976 504 384 820 395 289 578 232 371 205 467 894 213 325 731 973 776 846 662 856 401 909 510 476 856 709 488 153 795 757 356 109 625 141 708 326 40 891 854 920 829 808 478 482 3 873 337 216 972 6 817 11 258 435 527 354 701 506 130 272 748 53 691 707 587 118 514 235 862 451 723 267 628 506 511 100 127 829 205 22 697 597 929 160 896 489 326 190 903 474 255 400 458 404 696 591 89 531 836 420 985 4 711 547 695 955 968 229 663 586 471 816 965 380 772 514 
155 170 927 173 604 352 601 944 506 160 738 379 220 923 888 513 276 525 73 866 836 4 22 138 114 850 858 257 868 669 542 525 271 130 201 131 443 315 818 770 29 547 720 629 664 598 587 467 460 295 954 114 703 33 655 109 49 901 739 182 177 979 113 712 768 599 790 443 132 565 810 391 330 666 950 491 257 460 627 744 388 279 494 927 47 733 134 107 206 968 107 719 271 0 848 487 91 89 579 663 965 326 232 114 329 948 885 615 711 282 212 282 583 570 174 380 138 647 951 165 639 481 736 596 352 254 886 414 655 143 356 754 242 841 305 51 448 323 92 20 344 644 268 66 250 434 352 325 449 30 122 84 947 417 198 702 430 637 824 77 180 982 513 663 397 182 776 426 365 220 673 79 29 887 52 971 125 883 649 340 929 56 496 758 77 46 779 81 295 674 221 934 435 715 283 434 5 528 476 399 936 326 272 451 484 85 856 473 578 859 318 408 577 646 542 821 320 619 197 170 931 672 912 188 27 248 355 219 94 19 15 337 208 24 74 580 79 795 203 302 568 774 529 335 26 241 424 838 420 462 544 644 783 68 560 139 608 650 75 693 787 87 598 514 965 631 146 664 172 591 615 670 351 788 709 495 406 553 490 878 392 723 173 384 754 104 113 408 351 896 303 829 21 728 48 5 799 10 538 407 786 46 509 581 269 242 249 288 791 619 143 882 87 747 535 29 508 858 842 815 444 278 198 97 173 677 218 651 825 297 856 269 884 690 717 730 443 25 821 124 412 673 317 611 392 703 410 636 983 428 943 60 825 515 516 456 828 907 845 739 814 254 689 275 679 705 874 252 316 172 815 47 942 794 129 893 799 711 527 744 64 451 99 940 610 439 984 992 488 408 676 622 196 362 296 483 301 349 441 422 813 158 104 769 177 463 745 143 133 23 174 961 391 497 463 508 642 360 370 39 651 610 692 769 999 720 744 920 85 614 1000 567 167 644 232 48 492 394 409 492 926 417 776 50 803 198 399 434 550 105 529 67 952 296 849 161 79 913 363 309 103 91 305 223 732 817 986 70 427 721 60 198 66 477 583 810 206 991 403 527 788 999 115 785 240 710 676 86 441 494 693 500 994 151 594 75 987 157 442 888 
634 400 520 391 504 201 715 289 587 53 114 323 914 161 630 21 158 593 935 679 246 694 269 391 185 830 121 305 20 540 745 228 374 166 346 109 904 801 362 194 171 822 503 300 220 349 292 838 376 105 874 432 415 489 660 486 728 646 811 289 697 544 567 775 582 966 371 669 819 593 481 936 930 107 945 204 446 2 337 619 763 591 458 269 320 256 228 759 829 547 897 90 297 986 587 92 779 192 736 514 817 893 431 96 161 685 552 720 502 418 37 855 207 266 24 181 47 516 428 455 784 977 966 399 477 620 276 980 983 622 616 161 231 735 66 180 875 795 134 855 615 758 785 857 153 713 839 819 723 237 905 964 493 909 379 383 499 449 244 470 836 134 656 427 991 783 342 595 891 598 639 765 581 619 413 901 403 972 161 433 21 389 203 307 295 629 207 177 805 128 409 215 759 934 632 484 268 521 528 893 904 399 914 2 398 670 870 216 685 621 554 971 380 691 408 607 20 960 515 83 233 72 927 161 628 427 520 89 726 449 83 565 973 827 686 914 542 744 926 226 498 314 415 692 253 885 666 757 625 858 73 863 792 955 102 459 938 508 450 215 501 232 70 130 192 104 650 814 557 356 186 51 791 452 69 928 207 413 709 320 28 712 643 509 307 292 650 34 400 998 844 491 467 701 289 311 515 766 705 345 346 672 1 314 452 45 426 547 511 937 401 549 942 244 34 649 79 599 752 395 315 94 752 330 694 329 658 420 648 199 26 526 690 13 597 775 648 412 193 69 124 561 44 393 959 49 485 275 980 394 914 39 92 559 748 65 34 805 135 198 712 774 442 141 463 691 306 58 486 806 326 251 207 19 135 492 435 337 967 251 137 697 709 642 459 368 43 819 39 656 830 477 44 339 417 192 526 421 419 937 686 246 260 72 691 865 255 236 989 588 816 669 207 190 538 399 151 917 960 439 214 937 832 894 358 481 726 668 830 173 778 399 119 799 221 614 231 532 451 420 172 91 920 205 719 540 597 144 244 975 150 311 951 620 922 697 764 1000 56 633 589 556 64 469 678 196 808 890 287 159 728 53 612 106 56 317 54 971 380 481 688 802 258 454 699 419 755 167 343 290 268 314 624 419 989 476 459 685 834 420 
616 696 58 808 938 835 799 693 392 715 771 580 153 497 449 299 562 892 96 454 192 478 356 258 16 922 984 321 800 946 10 218 167 576 376 67 393 222 226 114 413 607 786 120 264 695 70 591 469 798 133 103 603 120 903 262 120 549 98 401 707 590 174 198 560 23 886 972 967 382 13 218 675 116 440 465 111 698 970 132 705 940 155 825 576 256 590 822 487 388 564 578 453 328 437 13 322 482 763 14 419 485 944 957 820 666 667 963 671 176 220 606 249 728 623 621 803 130 868 999 324 847 221 878 360 9 314 790 714 79 172 574 717 682 979 811 29 524 740 322 290 243 211 275 237 267 711 960 112 71 193 240 158 949 611 97 485 952 488 477 948 675 119 285 982 906 988 456 75 51 543 623 287 560 739 553 132 321 618 78 65 557 734 951 639 930 410 172 881 88 794 788 571 317 910 520 276 951 711 536 775 975 672 213 169 970 529 13 461 277 154 700 466 265 534 499 141 919 735 323 973 964 466 517 591 143 935 350 326 865 580 841 741 940 559 689 207 782 44 37 963 356 512 124 330 8 230 305 276 760 973 656 57 484 188 124 801 611 903 71 112 680 48 679 454 284 632 303 654 254 957 343 783 619 885 402 395 154 642 163 844 806 346 67 923 897 81 627 586 15 92 962 768 688 303 27 345 218 267 876 187 538 566 198 136 879 401 422 589 452 571 458 683 948 27 792 906 293 133 731 412 378 636 565 825 151 494 989 279 559 658 33 580 465 777 444 738 271 424 15 550 115 751 419 58 183 974 362 932 80 228 46 834 502 951 40 177 275 511 834 985 226 853 391 86 908 665 121 651 274 401 701 69 365 149 184 246 554 947 857 388 348 544 516 441 338 791 216 263 909 947 647 982 319 259 443 303 900 695 223 45 817 38 30 754 386 885 248 265 268 92 785 0 872 333 377 467 35 751 730 285 608 919 500 412 896 110 917 192 885 631 251 326 433 918 505 954 913 106 323 367 773 411 477 535 316 797 757 149 840 660 552 912 572 437 680 672 106 555 139 156 418 262 974 971 682 788 452 336 903 672 175 730 850 443 727 747 743 796 710 345 868 146 634 235 134 943 584 281 174 859 254 932 597 900 702 49 375 321 61 
341 992 651 812 614 810 862 365 19 545 670 180 164 926 549 658 132 701 377 821 296 998 192 678 239 111 76 157 669 971 822 847 277 585 83 330 934 25 582 889 620 448 848 321 453 977 751 927 208 502 740 919 359 45 834 880 498 309 118 261 534 728 554 640 754 27 829 810 429 907 197 330 736 774 545 650 315 230 620 364 12 76 272 552 201 830 504 739 117 97 61 434 428 517 878 766 317 747 470 943 189 958 202 556 539 224 45 571 948 393 871 532 310 847 977 622 289 498 54 336 923 899 339 97 484 654 945 182 516 330 370 317 791 148 567 685 683 165 275 516 861 300 438 181 582 562 591 894 22 652 510 39 949 268 971 875 843 665 41 921 726 279 330 729 183 817 971 997 7 917 487 63 698 576 461 121 419 947 97 363 103 997 213 362 901 955 537 641 98 881 815 226 133 707 880 820 430 408 342 898 102 741 769 580 644 832 509 321 971 642 774 341 666 7 683 93 496 469 616 208 374 406 369 782 209 132 886 249 318 144 141 335 784 921 718 988 788 754 680 905 872 308 452 453 890 984 358 750 9 971 327 959 768 582 960 591 773 600 542 142 826 973 46 769 486 437 295 703 803 610 29 565 796 937 421 993 44 163 40 292 222 362 448 111 849 479 409 876 856 571 239 247 947 244 414 368 826 478 620 451 199 996 768 611 384 178 229 354 533 39 762 653 471 812 87 843 933 220 519 612 740 709 810 764 134 631 548 305 501 641 513 213 635 388 509 879 395 880 382 682 679 106 727 247 238 33 163 649 562 509 202 121 139 317 139 438 756 778 699 468 430 180 142 463 477 754 759 973 742 25 601 320 143 995 91 499 424 263 404 774 37 531 365 525 237 588 381 262 969 792 923 889 225 566 114 822 701 16 439 844 265 360 137 746 149 433 185 86 365 388 166 655 568 449 825 318 988 900 473 696 448 41 171 590 67 587 563 881 392 696 773 152 739 199 254 173 602 805 708 790 734 206 563 831 922 835 756 894 278 308 684 68 186 803 942 230 551 124 872 721 874 870 223 247 785 275 915 584 617 658 302 365 338 396 452 658 487 113 205 404 601 580 544 362 173 939 183 247 286 564 710 140 786 588 631 556 771 270 32 213 
440 412 821 989 14 333 733 472 272 802 678 98 250 981 792 681 442 988 934 350 600 11 807 774 611 464 752 977 670 901 783 518 236 165 72 106 309 943 692 742 293 191 138 772 186 190 520 13 279 98 541 385 297 904 416 936 817 537 945 182 407 299 753 348 796 826 87 940 5 418 787 832 496 740 398 777 654 724 205 950 941 920 492 872 909 664 884 721 514 735 771 996 247 265 606 129 971 647 610 688 98 33 591 1 161 410 412 223 932 448 145 275 903 362 631 833 71 697 86 299 495 855 556 182 727 775 708 321 642 986 788 287 418 601 823 354 298 297 397 673 673 315 483 630 661 916 251 505 302 88 75 542 962 816 767 100 222 693 512 673 445 205 370 738 403 482 417 347 113 930 29 896 31 699 95 538 18 228 424 883 435 804 958 634 653 399 352 766 637 584 237 143 850 551 263 345 980 80 981 30 349 784 992 100 953 538 844 739 627 367 592 942 862 895 381 924 808 173 808 212 251 732 140 44 320 179 709 252 651 579 767 868 945 239 48 889 196 263 192 719 945 250 495 381 872 261 259 186 736 172 77 713 471 985 357 488 245 729 374 573 804 658 322 693 523 648 101 857 299 686 658 497 546 783 214 982 139 110 637 490 613 321 158 562 862 119 388 337 634 837 160 744 674 850 406 185 457 289 94 323 735 386 939 220 786 243 760 190 54 706 761 788 353 564 140 667 187 534 32 846 78 550 51 754 175 269 9 412 213 888 27 528 735 825 226 59 554 293 449 598 231 741 107 807 454 72 315 122 507 536 27 922 755 259 447 712 784 869 281 356 162 221 340 736 801 826 271 772 541 498 696 636 837 76 663 54 155 781 659 647 393 932 108 93 919 593 950 344 496 920 874 25 941 432 997 895 522 856 116 91 165 324 457 148 428 451 784 650 100 851 327 290 721 532 798 343 71 587 676 132 523 669 21 614 793 113 456 337 153 874 264 946 474 978 875 448 391 693 259 169 99 57 107 577 750 856 599 31 194 197 582 908 763 194 453 567 84 989 200 701 838 480 141 953 781 441 887 703 174 183 798 381 474 208 235 22 89 512 42 272 311 971 58 325 386 589 247 239 596 184 943 983 313 627 695 902 257 436 801 751 
197 986 803 450 465 976 317 310 314 125 253 295 500 931 947 351 537 305 955 988 695 643 817 742 889 42 212 21 11 740 497 510 274 107 171 165 750 926 374 667 791 999 412 437 963 960 127 546 885 749 898 499 480 120 628 422 629 659 937 697 439 908 899 110 341 18 262 355 13 538 613 391 83 553 13 926 348 115 297 920 117 475 365 896 941 865 875 706 786 69 354 81 997 431 665 928 283 365 113 63 824 747 540 772 30 115 477 777 970 428 679 575 718 640 43 305 497 622 809 615 510 875 895 18 842 437 270 252 617 17 890 539 641 453 483 481 652 153 468 936 306 336 252 299 590 502 42 167 687 366 268 634 371 58 689 316 543 517 325 369 795 865 891 481 406 258 684 39 439 193 379 706 513 385 151 533 736 622 483 905 594 684 950 53 453 173 569 353 79 840 944 899 426 113 921 12 844 193 340 346 2 942 703 771 160 29 370 245 186 302 771 974 970 509 194 629 350 422 827 884 918 176 611 831 470 629 148 542 432 572 142 251 898 458 485 306 59 879 778 7 718 67 708 188 211 504 606 719 201 364 138 233 411 547 932 634 750 186 517 666 576 997 586 733 777 429 943 916 934 747 508 991 190 762 988 247 705 898 484 827 670 833 189 816 778 263 953 634 360 850 692 31 697 959 94 629 638 645 164 882 267 896 855 638 791 412 501 293 885 443 256 739 277 616 806 539 71 413 254 603 644 571 251 617 57 821 821 784 269 475 265 488 135 680 429 919 437 944 23 176 359 777 336 308 291 185 525 434 92 36 226 146 770 225 710 800 96 794 955 469 788 517 662 467 387 217 485 548 841 688 99 361 201 487 75 844 549 120 630 242 131 855 38 888 958 247 722 89 711 159 52 666 60 184 804 368 81 662 682 952 799 938 816 979 291 31 420 503 835 481 945 815 965 567 808 176 901 905 919 84 503 91 96 983 320 999 513 883 249 713 580 691 479 605 470 362 164 92 328 706 255 731 828 693 147 347 21 480 614 254 233 70 234 221 70 966 865 249 916 379 251 990 558 203 789 857 733 608 918 621 798 147 500 900 101 516 923 348 528 942 987 614 281 63 180 967 499 40 158 951 270 567 972 569 544 416 462 852 926 866 
795 137 69 285 100 260 832 859 861 535 360 195 323 104 631 719 327 105 960 983 620 80 648 858 537 82 212 161 903 196 639 917 402 635 709 14 655 728 522 521 823 679 921 603 686 428 864 348 395 356 189 132 630 854 310 255 214 67 17 950 17 442 361 411 211 481 421 396 648 168 114 815 834 319 885 443 137 295 316 268 563 771 295 683 549 636 200 180 73 756 66 273 296 758 443 743 104 952 473 867 502 239 428 285 42 888 726 915 286 613 832 361 935 1 6 407 428 966 500 891 991 765 47 309 105 304 488 376 349 665 769 541 465 883 754 274 676 693 395 841 789 860 334 257 107 440 714 259 337 590 29 536 763 326 174 685 562 662 835 630 644 535 269 918 229 242 606 581 258 718 595 357 148 770 933 578 222 312 135 664 718 818 469 153 776 772 821 611 439 243 566 28 901 474 552 636 329 334 581 479 61 841 792 164 455 968 782 436 23 171 491 866 794 360 622 63 80 974 622 829 65 968 227 880 128 477 30 529 918 168 204 316 58 214 615 137 432 580 424 254 737 324 41 960 273 747 661 893 95 276 289 950 784 967 72 703 427 248 324 53 289 850 820 244 437 994 907 336 451 584 768 611 42 662 364 475 373 15 94 82 76 324 157 183 177 882 531 788 755 916 215 304 418 745 703 64 810 668 137 700 744 583 27 850 337 26 163 391 29 360 259 798 504 416 861 100 383 519 532 589 669 368 631 646 260 171 609 591 309 712 404 943 210 547 737 540 28 53 778 369 373 559 331 15 113 806 13 698 180 636 446 21 345 705 450 900 531 758 930 752 561 999 782 721 973 301 973 202 912 988 814 283 992 237 954 700 456 94 296 239 533 25 668 947 509 249 429 99 114 816 894 316 14 141 87 689 365 691 164 135 963 592 101 761 53 188 256 997 859 637 934 633 112 38 995 895 480 442 363 202 901 628 82 77 123 139 737 568 412 821 276 742 24 438 860 169 303 375 191 876 238 708 70 517 648 115 347 104 373 314 377 659 850 362 574 488 120 715 375 772 319 240 744 932 828 148 149 90 30 82 317 384 303 83 11 195 16 616 947 257 888 646 279 716 786 989 602 905 143 219 48 739 805 447 559 258 369 543 705 92 
684 138 214 20 991 507 886 570 366 712 285 94 217 316 354 358 563 784 538 410 653 292 113 958 179 374 454 270 533 401 347 312 345 260 310 681 578 650 52 639 517 952 731 799 753 455 243 850 217 615 699 166 250 33 683 10 78 603 466 795 614 13 553 80 217 425 573 292 947 63 95 346 345 890 795 987 937 264 300 693 562 6 443 554 923 370 402 40 749 114 145 872 0 167 54 308 679 15 398 79 235 681 578 460 562 82 417 46 379 937 200 688 724 234 590 72 276 300 376 591 456 520 291 802 833 434 386 49 681 177 675 703 222 304 400 145 368 850 259 88 578 733 105 270 441 423 279 569 250 636 120 741 477 938 976 118 172 254 917 728 889 102 393 205 363 9 113 866 489 453 438 600 794 473 868 918 592 374 93 167 823 232 843 366 965 278 831 730 933 44 281 869 831 201 480 0 912 137 992 990 43 969 224 552 932 454 626 961 332 51 308 75 796 738 969 116 667 843 955 468 712 340 66 760 101 316 104 205 473 433 804 118 82 811 506 729 769 354 17 283 368 864 121 261 720 135 607 186 438 699 596 246 854 680 381 723 553 112 422 925 691 872 710 85 738 11 101 766 425 405 935 609 936 845 452 608 695 913 438 843 659 955 384 985 680 144 408 82 901 89 345 432 882 847 597 663 116 389 946 714 781 994 467 437 547 214 762 945 644 440 250 801 68 487 23 261 736 841 71 253 557 310 163 461 366 681 932 586 48 924 124 605 896 921 558 801 720 923 922 179 607 720 398 262 991 940 571 278 827 595 548 122 154 835 334 351 742 934 473 412 934 327 315 860 476 407 889 833 323 125 899 553 911 45 345 338 91 986 536 774 940 982 843 728 178 927 675 11 838 642 156 529 501 929 466 930 833 889 891 533 107 999 816 158 433 498 657 177 927 460 358 882 948 547 408 758 729 938 575 692 976 541 616 602 757 859 668 843 685 147 558 722 428 908 656 921 297 359 886 469 931 447 442 174 977 679 527 164 401 739 262 684 85 988 77 758 569 392 759 718 424 401 746 323 175 291 278 552 87 362 170 450 47 943 356 618 154 386 790 459 538 255 632 376 214 833 207 889 773 187 368 984 668 259 95 944 114 870 489 851 
304 842 114 320 709 493 112 727 739 275 462 173 462 561 491 572 385 259 958 706 365 690 610 849 974 229 270 800 49 990 150 769 921 145 698 848 861 376 298 179 346 620 638 821 461 777 235 866 243 436 89 880 110 407 66 386 802 414 627 667 332 909 136 507 687 816 769 612 662 719 49 936 669 843 505 711 86 533 680 230 1 325 141 893 197 927 156 943 865 734 354 541 663 810 809 387 77 431 243 409 135 794 905 237 357 141 410 206 521 718 733 384 977 595 190 837 986 15 814 984 71 93 818 605 368 221 636 224 999 363 755 925 830 687 435 913 755 441 622 704 63 3 541 838 324 868 396 296 114 309 441 60 923 497 398 601 489 421 145 97 103 74 855 626 603 883 698 843 348 27 353 288 313 313 982 655 574 510 989 730 741 246 276 663 493 194 497 260 131 468 910 281 334 340 735 7 483 753 13 113 203 519 727 714 73 700 2 348 602 64 74 866 680 477 679 241 268 841 223 632 817 671 234 641 110 428 512 390 439 192 516 37 307 576 636 455 361 702 490 832 930 552 169 634 940 648 641 724 148 516 109 639 181 654 967 660 473 801 554 551 768 626 291 963 395 339 845 723 10 565 818 298 871 527 223 355 868 521 182 677 966 788 315 182 943 721 653 593 31 49 638 637 474 970 462 81 801 256 333 226 495 18 519 184 664 618 624 469 191 404 122 489 717 816 617 381 699 336 783 118 532 231 966 383 293 877 329 505 249 211 243 913 64 330 911 237 748 127 102 983 286 86 405 919 695 817 704 103 191 860 119 252 921 666 180 934 614 736 822 493 175 877 32 487 165 128 309 518 653 704 583 498 694 763 166 66 775 430 623 976 472 927 943 464 807 799 791 537 71 46 799 11 955 75 785 318 211 568 353 351 235 609 660 259 745 926 699 885 957 878 735 772 264 750 767 506 475 236 14 114 386 195 537 769 955 684 278 103 887 515 314 963 211 50 112 428 766 873 228 924 529 806 540 15 571 732 270 670 301 680 722 132 240 10 162 588 498 735 732 399 885 675 287 772 957 526 739 599 683 267 217 671 769 660 345 173 340 142 278 318 514 907 375 790 575 371 217 220 980 85 198 357 418 636 588 587 984 382 896 981 
64 267 394 402 225 543 275 507 506 741 214 549 734 375 540 468 582 240 494 513 74 634 632 342 405 721 292 601 919 473 5 806 129 319 682 898 508 705 517 502 851 324 639 972 379 104 743 212 78 448 648 64 314 272 359 407 183 60 829 651 171 42 668 337 73 292 974 537 700 938 816 897 757 745 700 517 719 360 292 354 508 977 459 973 533 790 145 784 81 344 270 401 584 919 94 437 383 719 617 893 683 314 770 454 197 866 544 17 745 347 739 62 436 585 846 424 766 301 787 218 579 912 430 1 339 526 794 190 734 73 606 877 281 203 981 168 644 174 384 36 454 483 299 59 604 351 479 534 710 539 717 367 967 337 952 43 200 739 156 368 657 662 352 826 991 122 821 732 981 626 236 885 999 896 401 284 683 930 588 398 936 253 981 402 506 650 394 572 398 711 209 439 861 176 943 178 144 44 483 227 363 967 438 369 919 399 8 10 507 899 714 989 374 401 933 160 557 714 102 67 150 117 243 190 430 79 244 148 281 948 311 127 519 82 183 489 490 523 747 594 868 664 783 6 319 705 583 954 723 187 884 969 538 678 479 510 832 602 425 769 580 370 908 493 794 574 433 43 502 640 891 954 212 378 187 652 142 654 675 107 989 366 960 312 962 111 212 162 744 8 552 491 796 795 783 907 363 257 288 519 510 408 677 402 75 90 585 83 876 269 36 943 463 780 436 31 62 448 921 106 579 590 928 344 370 102 967 455 493 824 434 411 739 675 794 995 680 277 653 597 804 66 615 210 537 334 197 479 412 770 213 48 719 425 651 379 318 669 936 776 547 476 125 580 795 371 367 520 881 22 488 189 804 62 391 816 564 471 887 675 960 889 320 798 510 494 925 748 595 778 416 626 369 628 254 597 562 564 220 426 834 586 88 841 366 549 325 789 135 401 774 292 437 485 561 344 591 961 458 989 741 159 570 18 889 472 856 363 750 31 729 597 766 889 67 57 744 557 939 233 945 771 522 724 912 13 837 48 189 555 946 799 364 612 713 625 181 912 367 449 856 375 851 248 182 232 95 798 781 549 932 286 65 990 816 749 879 75 917 395 109 929 83 81 873 702 381 321 819 198 357 888 832 56 253 554 757 490 252 192 
686 27 583 371 208 714 489 223 421 484 934 41 604 278 520 356 789 845 901 1 322 647 444 184 975 308 993 5 391 825 644 750 471 385 819 445 787 817 328 309 723 780 111 655 114 233 817 789 869 659 756 653 218 723 616 345 610 410 162 811 162 808 676 629 125 207 74 504 215 66 93 855 506 50 226 878 800 188 870 585 857 350 520 729 721 109 831 648 816 954 779 74 731 72 336 605 638 933 921 672 359 422 831 584 271 59 298 618 535 305 916 108 576 933 925 386 142 516 780 408 30 279 591 72 733 709 989 113 733 760 301 617 366 546 451 592 226 1000 598 813 561 82 683 709 826 622 169 128 831 505 424 637 537 929 788 840 397 299 676 774 650 189 780 18 674 644 133 372 679 539 788 504 309 877 97 984 761 520 515 265 159 573 296 52 625 648 142 582 228 637 285 330 236 584 877 221 970 886 716 238 76 439 583 155 58 750 960 980 146 483 97 722 604 181 447 675 431 172 687 274 854 225 207 666 392 339 929 869 105 653 213 168 374 145 708 627 839 719 374 479 526 245 241 238 779 535 554 179 119 403 842 551 424 841 915 333 66 803 892 172 846 73 10 451 629 416 901 361 152 373 571 237 740 337 222 593 270 340 215 795 87 389 459 431 197 243 68 576 394 879 993 371 32 555 531 280 942 5 853 221 527 819 414 762 675 76 393 4 681 502 504 594 212 503 418 290 172 704 788 869 999 156 315 327 153 41 78 287 579 37 91 662 917 397 979 121 943 853 322 849 159 232 90 591 218 839 476 931 315 385 591 635 697 941 944 281 228 379 92 35 154 661 482 194 159 652 879 270 807 558 809 468 700 932 353 169 852 920 899 478 191 905 246 589 455 952 120 849 924 843 302 589 249 751 607 861 64 624 486 223 96 898 586 567 160 201 728 904 452 127 754 510 845 993 153 669 942 269 588 898 15 856 374 430 682 293 526 76 97 962 189 479 721 702 736 737 769 120 628 811 448 197 803 832 561 161 118 760 683 192 942 371 209 325 680 737 214 96 938 636 509 945 868 812 660 476 242 361 302 413 952 246 44 724 994 843 721 615 562 36 721 937 951 144 508 882 443 147 842 793 408 200 621 638 910 585 717 706 931 959 
399 34 132 669 684 467 306 677 517 701 557 425 94 40 155 9 418 853 916 775 770 974 841 81 83 366 990 51 620 848 90 83 580 282 812 442 878 23 898 332 511 517 989 815 867 793 901 675 500 638 33 810 384 29 13 324 12 220 836 531 507 390 800 648 130 755 287 697 780 950 26 387 362 599 680 618 207 208 941 204 173 170 571 203 45 703 196 596 591 352 861 807 869 453 911 225 423 92 267 395 953 421 354 945 649 617 305 128 513 215 725 128 771 305 426 726 664 539 805 148 313 324 112 646 580 649 242 186 122 64 58 609 161 878 438 648 123 174 136 870 655 485 84 173 429 786 104 466 676 790 318 328 928 828 530 292 21 278 710 505 824 592 630 50 874 960 238 574 762 643 706 51 808 366 588 710 552 8 599 653 799 665 552 352 433 347 400 196 972 897 990 257 455 424 70 642 784 453 904 597 554 439 753 82 156 509 789 985 455 691 557 968 244 147 903 828 13 645 515 623 332 468 484 253 254 660 626 178 759 184 867 646 814 84 440 440 375 56 126 655 478 997 248 920 532 734 187 338 511 383 849 35 303 70 822 17 796 578 253 330 135 713 298 156 274 879 151 709 110 464 245 174 742 538 705 827 967 784 135 279 212 74 284 880 753 443 211 308 994 417 941 987 37 165 200 714 836 251 783 343 172 177 994 671 251 401 660 958 563 893 549 908 71 779 618 18 659 876 827 939 662 468 504 742 509 774 995 842 625 475 909 124 414 674 205 936 440 194 779 238 51 405 630 402 997 681 160 979 750 666 53 946 627 633 644 835 202 533 556 175 851 78 714 166 493 548 360 421 999 273 109 573 516 886 7 737 825 872 253 770 782 59 985 133 545 320 985 370 647 362 543 522 213 731 444 728 291 659 124 254 55 231 866 806 836 793 939 420 675 945 97 895 806 693 512 496 59 942 802 512 605 71 287 924 605 259 953 447 453 568 17 967 486 675 359 243 642 921 93 926 266 999 655 541 966 770 853 616 958 216 752 710 221 526 401 471 82 155 743 330 544 44 750 833 267 284 853 438 371 978 503 870 819 804 708 74 298 695 241 154 267 200 520 497 112 222 673 476 249 288 499 902 376 664 832 138 696 939 600 236 
135 841 823 688 303 223 724 230 616 370 694 420 645 878 500 851 513 212 703 882 559 30 819 348 799 688 823 528 184 801 43 942 557 527 647 335 679 232 881 136 436 453 564 731 677 426 120 72 544 649 439 264 905 833 157 906 71 39 981 774 918 293 57 228 545 913 455 987 861 284 465 334 803 469 39 821 313 11 702 458 601 583 744 857 116 86 580 428 640 754 733 698 758 341 482 145 694 666 255 298 989 727 70 31 67 17 4 996 832 661 897 883 147 538 465 899 681 37 614 331 195 35 443 663 55 169 736 6 415 549 922 386 189 62 837 599 112 222 522 176 476 846 876 605 841 12 136 931 216 64 422 493 991 296 166 646 678 313 600 956 26 394 426 298 361 37 826 893 681 22 25 233 617 897 764 577 433 284 676 681 636 372 915 224 988 705 323 892 335 75 240 210 654 891 941 39 712 587 360 362 906 312 582 208 400 823 525 951 737 915 842 780 506 566 875 706 421 798 301 102 599 807 525 687 264 501 576 172 673 273 630 276 896 465 0 113 435 35 700 455 145 291 861 839 834 606 293 699 571 593 344 41 119 73 9 485 905 277 744 320 956 591 586 352 667 470 634 361 442 925 143 85 324 890 664 717 128 195 726 158 654 344 336 675 975 612 857 899 504 209 274 265 937 551 937 872 315 30 54 256 575 817 654 875 543 217 212 802 291 967 814 473 141 225 897 343 751 794 177 738 759 393 161 613 626 381 805 225 827 558 184 176 699 136 605 202 972 530 150 124 526 698 319 276 89 155 570 483 48 318 403 514 864 421 605 57 628 882 164 663 565 348 656 797 622 114 288 485 868 224 949 212 310 651 861 234 423 976 824 64 462 494 513 765 590 83 14 554 854 932 405 399 504 633 966 49 324 251 838 647 879 494 375 396 782 688 551 945 133 185 620 907 654 552 538 382 85 425 533 5 7 767 840 194 956 548 960 258 303 367 219 73 808 388 79 319 883 532 557 30 615 228 682 359 546 777 303 931 846 841 755 328 196 221 332 588 960 813 835 333 361 951 580 481 177 862 414 337 591 539 352 108 30 71 305 157 754 45 945 781 982 896 853 177 168 63 39 856 298 182 808 988 429 520 996 699 759 68 717 519 
663 800 50 972 704 201 478 461 107 486 839 867 960 422 206 413 322 455 786 62 208 621 634 43 983 895 632 285 180 868 959 987 871 970 105 453 186 251 20 417 90 600 680 165 827 90 642 816 965 632 174 747 626 155 113 732 545 976 411 530 755 615 606 108 747 686 272 196 281 975 691 19 429 334 924 874 197 575 506 716 302 319 674 283 394 111 169 204 79 562 163 445 969 214 266 856 104 838 245 762 571 472 801 245 862 742 431 821 292 119 875 70 165 999 616 77 359 567 281 519 906 151 305 350 200 220 910 791 1 376 961 386 529 64 973 764 228 179 785 899 764 877 654 313 78 461 683 149 763 706 219 810 210 627 722 938 410 478 769 601 222 431 74 421 510 471 5 512 174 753 987 525 867 396 597 676 34 581 91 71 911 884 975 676 177 996 663 155 674 807 270 56 547 868 677 52 113 842 106 722 167 335 823 93 834 302 33 514 375 209 81 342 327 508 545 400 158 948 125 920 11 625 673 418 770 725 721 293 533 63 621 25 944 132 182 565 122 562 218 470 945 974 339 427 532 195 240 550 638 818 398 254 766 65 769 507 134 808 687 172 532 213 456 261 317 159 842 975 858 966 206 400 377 661 655 495 402 84 103 581 883 140 679 182 258 754 140 163 687 642 562 292 33 376 619 866 878 190 955 699 202 673 332 189 391 982 266 803 160 126 599 614 856 241 614 801 125 107 371 355 616 301 109 272 365 691 869 975 735 514 186 559 490 110 50 387 390 841 677 183 940 501 57 101 384 902 774 538 1 222 22 148 121 368 109 316 990 727 210 310 570 57 454 560 170 466 699 301 819 427 290 436 934 649 443 451 479 558 204 698 108 995 309 526 440 516 649 930 558 24 636 983 486 629 73 596 968 886 972 895 129 491 756 296 519 283 277 234 586 493 429 421 787 953 208 520 393 998 531 122 202 918 594 972 730 463 240 492 896 589 642 185 721 329 323 233 499 176 613 807 987 389 482 915 767 483 332 684 422 548 371 780 254 238 475 347 694 225 18 268 929 352 356 442 700 827 399 216 309 522 355 290 685 661 787 804 651 912 967 649 755 4 483 993 327 920 926 775 74 996 294 170 560 420 975 966 11 773 446 443 
473 292 694 178 824 196 674 946 670 644 509 449 602 671 55 325 588 975 815 362 338 999 768 308 428 793 831 395 215 954 887 453 130 796 66 82 384 657 267 627 903 860 174 689 218 437 161 334 830 472 770 768 763 450 865 754 575 943 47 861 36 847 373 893 355 516 994 511 97 175 347 528 559 274 326 575 184 15 612 763 153 955 705 165 903 804 531 690 123 828 301 425 418 606 573 925 416 213 266 147 964 6 276 319 632 583 550 874 104 997 577 572 1000 440 284 531 136 4 715 914 227 847 74 453 916 741 785 699 966 463 201 543 525 124 264 367 423 989 750 564 802 66 978 110 291 501 262 942 795 740 912 371 603 630 436 923 602 824 81 914 112 136 201 988 724 414 183 921 316 594 237 11 466 639 892 252 482 71 556 979 739 602 130 155 387 882 81 656 963 951 314 163 455 449 130 159 764 765 843 355 686 629 781 500 267 935 175 240 844 192 962 894 689 644 921 24 226 212 814 468 807 293 973 726 922 165 602 29 922 354 912 717 188 856 131 665 237 12 860 249 985 224 924 157 915 388 770 296 862 767 290 989 539 268 58 877 704 915 56 765 623 659 567 60 228 346 187 284 840 339 294 126 91 487 565 163 891 260 639 339 512 422 636 677 162 302 903 870 100 775 932 332 943 342 497 785 286 199 70 760 702 708 552 855 756 47 188 417 325 580 290 494 664 679 597 518 762 63 470 888 556 477 313 242 5 490 6 613 144 739 327 421 512 679 471 964 277 60 265 158 672 503 132 355 212 661 604 765 957 499 846 642 133 719 792 827 147 318 804 765 175 295 785 176 563 1 679 889 805 766 776 331 238 69 15 271 237 879 860 54 493 555 577 409 355 261 849 790 130 229 835 346 125 489 330 592 377 219 313 972 303 38 133 654 8 762 797 828 814 198 238 733 976 735 864 378 566 355 823 91 461 589 426 593 948 212 484 372 276 712 221 211 522 902 731 255 753 759 750 949 572 176 106 115 507 951 399 769 205 186 235 324 356 735 553 951 772 201 577 93 741 816 490 509 386 213 848 792 479 499 916 741 324 26 344 242 209 144 288 232 366 373 578 501 315 568 341 219 601 915 899 296 813 587 327 262 45 985 325 447 
676 8 292 508 342 302 197 732 237 368 889 776 125 530 92 184 876 684 848 74 140 33 473 609 457 588 469 790 993 866 98 594 975 25 569 427 339 67 256 675 179 891 354 225 599 693 955 670 971 808 911 454 335 859 72 655 918 355 25 209 673 931 998 437 333 683 363 593 388 734 509 734 722 570 426 702 830 628 33 99 250 651 507 13 915 373 553 801 779 228 686 845 150 762 156 467 102 893 430 286 245 159 185 118 133 437 771 619 406 997 580 761 306 989 581 773 349 911 110 894 810 909 835 857 876 693 279 536 300 666 770 246 8 557 572 331 448 807 17 850 213 467 164 235 982 291 391 234 735 963 714 772 729 554 646 777 897 699 309 25 239 444 154 470 124 335 594 646 231 783 827 806 883 744 426 870 760 672 998 830 450 852 509 239 993 406 780 941 606 797 592 45 16 109 208 90 967 583 837 858 127 973 256 241 317 759 640 496 946 141 618 131 346 604 594 320 816 433 128 186 284 10 1000 774 331 402 290 596 868 575 800 380 427 326 202 37 554 643 684 549 457 952 556 858 52 912 432 564 294 266 364 661 79 437 956 391 54 782 869 990 419 60 238 573 830 822 559 366 568 939 532 889 475 499 985 386 684 318 31 796 918 417 279 782 590 302 816 320 262 939 295 468 30 138 417 654 770 312 649 560 242 481 917 760 628 495 955 932 585 846 308 541 719 638 936 874 881 541 491 131 433 500 711 58 397 913 178 8 627 210 911 628 835 895 144 660 162 235 770 726 824 794 765 835 186 82 357 166 350 122 274 609 845 174 880 548 834 328 791 312 206 432 370 615 312 627 189 441 859 137 150 635 408 975 759 756 72 940 638 175 161 234 669 388 45 85 527 148 239 968 561 508 372 488 258 725 738 475 559 352 207 890 278 158 613 271 464 677 636 392 666 783 81 383 314 954 29 670 623 424 830 162 912 782 884 688 453 410 147 894 783 548 123 552 700 400 974 358 187 364 491 668 294 702 309 522 709 655 428 516 970 248 79 599 682 268 271 232 991 121 710 62 790 50 487 409 341 242 421 68 14 667 23 800 456 405 94 598 119 430 111 843 45 109 585 407 678 942 796 174 88 259 636 479 630 65 282 153 632 311 
152 269 164 690 808 215 49 103 160 360 590 163 865 104 42 348 934 264 891 613 388 379 489 909 529 707 817 236 709 916 512 551 678 574 406 595 166 700 142 634 440 91 925 503 709 110 419 986 429 829 644 398 725 531 265 338 604 129 244 981 45 424 218 559 576 570 516 287 743 871 595 79 200 715 600 809 908 916 145 428 384 905 363 344 2 296 525 230 314 878 462 668 619 143 156 315 976 861 171 997 643 988 23 230 643 730 926 627 597 799 284 334 921 420 805 916 395 680 53 433 832 907 324 269 355 213 404 80 298 911 969 931 705 493 711 874 6 731 252 243 906 283 566 788 130 827 949 433 573 893 59 899 81 679 624 967 234 822 41 430 65 897 918 491 211 868 94 154 531 427 655 632 998 17 221 348 127 452 366 716 914 488 39 679 304 594 791 495 760 617 221 962 398 669 570 916 736 246 406 19 181 125 490 774 13 962 911 918 767 260 629 784 728 117 670 491 735 549 972 159 203 782 466 77 491 529 816 78 561 166 762 874 914 998 132 772 439 617 577 512 371 613 872 467 29 865 556 317 309 872 174 391 367 151 112 236 397 723 970 719 767 102 431 591 855 129 291 217 798 800 425 94 455 340 507 232 271 836 787 227 648 737 874 620 926 351 693 615 589 697 195 526 11 196 588 819 824 811 911 202 826 7 666 494 542 979 447 448 674 58 516 854 140 404 707 652 630 877 19 565 468 38 846 116 531 832 513 519 601 221 261 743 912 19 40 116 309 960 211 690 99 155 177 613 16 545 243 628 82 762 951 174 939 495 465 498 84 516 478 398 550 842 859 268 612 641 483 783 360 941 933 577 999 30 415 113 443 592 290 465 518 879 48 850 157 86 899 572 529 482 476 154 306 300 502 104 560 636 529 127 665 588 738 659 495 246 403 47 197 286 763 911 424 984 714 432 871 426 240 477 271 789 799 448 730 838 424 981 217 70 58 551 33 256 93 213 559 593 388 454 139 532 144 507 673 664 974 132 319 74 60 712 785 707 852 99 795 997 793 963 531 262 577 625 609 778 613 595 82 52 885 161 990 539 676 668 128 881 903 977 707 737 501 838 321 253 465 865 210 848 738 717 176 858 783 180 475 306 824 21 
987 751 183 633 933 116 380 733 893 831 577 416 899 296 603 264 305 568 595 335 1000 392 856 828 211 440 996 367 307 198 13 363 887 11 5 490 620 286 527 768 768 443 53 95 975 370 36 561 356 712 879 20 456 718 376 878 599 610 603 523 629 98 716 398 732 668 268 644 932 847 859 91 892 622 850 555 713 666 350 726 825 665 659 330 455 432 284 98 516 610 678 230 459 27 794 156 203 776 175 338 474 426 338 93 334 677 642 524 440 93 928 295 352 231 390 265 163 505 74 993 502 317 461 408 97 19 658 308 901 874 913 611 44 512 22 735 543 195 450 617 672 492 786 281 843 35 235 245 634 905 546 69 298 488 651 733 414 176 331 730 769 614 256 672 327 61 647 506 824 1000 559 946 145 224 343 439 485 865 966 604 754 715 641 349 171 969 659 27 988 837 427 209 827 711 405 96 526 207 784 937 788 66 323 978 431 246 613 878 948 480 907 984 395 826 15 731 631 862 276 258 442 261 613 984 564 688 727 199 857 666 660 176 983 150 252 222 912 924 487 390 299 506 597 54 201 941 346 548 177 278 110 117 341 978 446 608 59 57 997 539 359 528 305 43 844 835 986 33 489 32 662 58 723 836 3 457 6 111 61 898 45 735 260 383 585 521 520 696 702 664 310 236 841 463 46 488 486 578 704 406 311 297 500 361 498 888 304 817 306 225 145 643 296 336 297 97 554 383 655 475 211 42 877 632 721 936 42 492 159 332 449 760 591 808 930 92 586 59 589 843 173 425 530 802 95 641 705 913 182 12 61 49 152 845 561 578 49 498 801 560 122 872 167 811 946 65 558 238 524 363 601 491 815 277 765 46 952 143 648 0 458 377 506 954 742 378 375 872 541 764 727 954 524 894 609 205 882 870 889 827 29 79 45 306 770 117 29 127 403 840 927 386 509 778 715 858 869 865 504 301 25 402 485 844 286 218 64 209 448 420 18 496 154 871 738 847 250 189 176 55 662 564 519 337 83 50 215 154 198 580 681 86 280 434 178 440 340 113 282 194 897 546 664 234 477 344 941 76 937 701 506 691 339 473 382 273 83 55 230 403 684 440 563 520 876 387 332 902 695 550 774 642 360 854 956 569 956 877 395 826 
652 36 403 684 281 952 947 561 45 530 256 659 737 750 655 968 249 381 950 735 87 322 451 584 418 153 725 33 322 430 478 634 428 951 220 797 865 267 72 683 8 13 276 742 124 961 126 209 604 956 173 753 750 516 148 214 45 278 634 562 349 861 242 582 529 993 405 808 93 45 286 683 110 535 280 101 371 154 567 100 319 754 804 300 318 439 160 753 692 518 855 955 685 563 488 971 768 930 105 191 828 297 889 388 766 679 406 62 691 410 557 150 666 176 330 877 38 385 880 694 373 944 891 959 282 931 419 881 335 856 397 636 550 671 597 661 597 204 82 48 230 781 660 721 925 620 948 398 822 619 764 175 441 317 972 514 211 296 719 3 286 419 972 744 77 891 408 442 589 910 374 949 989 757 25 739 643 169 358 351 685 786 618 277 45 699 154 294 948 28 543 317 915 438 837 386 842 450 549 736 430 337 83 229 96 598 403 223 417 848 278 773 170 123 869 395 918 840 889 617 56 525 911 278 443 147 250 459 287 787 441 745 560 683 225 162 159 585 730 557 310 310 628 527 537 192 127 935 210 776 729 17 652 214 490 644 657 75 144 465 741 316 847 865 511 780 858 138 998 324 998 115 789 411 608 142 204 856 766 31 415 464 814 265 393 201 862 669 500 181 348 943 55 284 949 649 658 860 482 355 502 376 351 930 311 733 361 292 859 816 18 449 743 880 328 820 599 893 253 949 659 192 161 42 440 109 215 915 149 933 305 116 852 420 71 794 266 328 750 639 142 304 542 486 191 914 667 379 154 404 135 704 282 889 647 422 930 912 729 293 955 41 645 870 621 845 630 253 358 106 872 467 286 989 264 302 144 312 962 638 223 610 415 371 875 406 109 4 430 755 373 377 360 96 559 383 45 128 916 67 360 752 979 750 652 843 617 715 724 785 790 238 301 565 893 493 418 8 954 438 515 728 825 693 210 801 205 666 808 180 915 61 952 717 422 395 443 583 734 883 388 533 639 918 279 346 922 26 666 803 200 32 444 391 248 31 168 872 824 534 172 172 84 598 958 520 789 126 981 649 470 973 782 954 684 456 388 148 389 131 302 450 862 123 322 325 838 294 906 248 780 838 820 290 423 916 479 524 787 206 
705 149 517 709 417 475 153 859 79 359 381 770 932 706 852 547 376 995 910 358 335 919 508 343 752 657 682 535 229 23 434 389 773 745 431 807 535 540 595 606 896 921 785 457 162 345 552 42 525 180 118 460 636 684 610 959 325 519 976 14 295 234 527 444 84 844 793 926 363 970 684 226 747 534 272 153 297 359 566 616 370 942 373 599 490 656 26 457 195 65 5 627 59 591 68 8 915 517 598 894 333 353 458 977 312 761 88 367 509 303 235 476 955 808 290 675 628 484 51 277 694 289 438 186 280 167 180 268 979 388 5 13 898 314 358 329 845 546 982 705 200 350 668 734 97 807 687 412 803 851 516 950 316 582 51 218 890 963 370 170 497 101 782 920 955 892 389 788 481 819 725 399 230 469 908 27 421 515 932 351 162 2 497 79 976 182 232 564 691 591 428 52 423 350 417 921 203 968 203 618 701 937 144 321 684 166 447 421 664 341 735 142 823 425 728 615 842 271 735 30 665 2 534 568 45 598 513 832 98 794 109 929 188 74 271 894 988 460 260 644 626 862 381 600 271 991 653 366 903 204 938 2 100 355 589 335 849 231 353 836 249 276 841 563 511 779 511 855 506 824 67 639 846 159 736 204 962 311 30 449 901 165 629 186 447 986 852 448 660 39 485 58 275 660 964 539 873 427 219 222 622 454 922 335 394 128 269 498 9 817 372 667 191 621 586 132 555 307 443 199 955 756 948 776 756 78 332 645 398 43 796 951 63 910 393 74 825 842 79 559 518 127 66 739 178 836 981 598 892 295 865 134 132 49 84 289 381 186 742 170 873 204 637 564 655 630 335 643 306 382 701 102 444 556 157 763 528 661 794 809 778 98 518 977 136 180 780 810 541 435 285 716 733 932 134 133 754 603 682 934 778 631 578 420 79 83 39 241 414 560 54 940 71 74 779 181 371 966 886 966 928 96 566 222 229 22 987 343 455 387 917 814 957 305 516 931 83 619 928 898 880 965 643 486 592 991 138 233 302 230 672 66 367 664 85 850 322 62 508 354 447 495 850 407 722 161 311 413 334 969 776 66 71 17 657 518 793 319 821 500 118 833 297 162 216 106 596 812 860 579 523 486 410 648 900 85 43 916 990 219 
374 296 659 58 690 413 396 565 939 54 333 71 530 602 230 741 134 167 529 132 183 167 908 610 21 218 150 802 944 791 945 392 501 254 382 391 883 654 410 424 886 151 528 20 508 828 391 977 523 456 391 842 654 240 18 991 111 484 690 362 775 52 531 225 909 881 391 777 56 383 578 242 340 868 435 220 518 18 784 451 366 1 82 395 211 563 989 878 427 915 989 777 723 438 819 946 467 22 508 828 38 997 612 706 145 107 777 721 826 878 146 764 838 785 583 304 852 625 996 927 456 624 193 988 747 314 188 982 586 630 891 860 193 132 596 137 234 359 407 479 905 939 169 748 767 245 392 178 503 705 879 475 159 410 396 375 35 229 669 683 848 725 255 74 314 144 233 792 98 362 656 373 410 375 646 242 677 780 476 199 295 9 997 800 951 719 732 246 611 666 71 729 902 293 634 650 663 19 433 544 250 864 147 51 821 1 196 688 788 899 574 398 266 981 473 145 613 681 353 326 556 632 472 817 855 273 319 481 793 7 178 876 518 69 60 631 439 365 953 792 488 951 671 673 65 249 453 913 815 978 759 68 662 654 172 873 854 684 505 913 376 592 622 460 938 228 489 462 959 343 693 611 481 628 326 872 634 365 496 927 37 138 122 859 361 283 701 887 799 916 532 666 625 292 701 923 143 418 693 858 689 462 327 110 722 667 207 845 99 507 48 873 752 629 912 385 743 196 805 143 530 666 118 119 376 134 633 447 0 928 923 102 776 934 95 222 59 550 180 108 271 227 586 54 754 728 913 461 193 815 877 838 539 847 372 595 669 612 804 436 676 929 744 344 625 775 245 864 659 718 167 372 361 861 566 531 602 541 931 138 785 477 803 162 139 799 688 628 398 153 456 174 339 232 792 824 199 444 43 255 40 834 672 651 696 382 356 33 994 434 14 499 588 142 431 508 655 529 826 296 869 727 276 502 207 380 608 193 621 110 294 227 12 957 580 115 755 641 118 689 459 59 453 656 543 471 678 105 813 918 669 950 122 827 813 405 467 805 99 378 931 459 676 452 619 107 510 90 242 640 672 790 760 69 236 114 992 736 285 851 26 547 705 510 680 413 953 143 400 588 673 509 36 383 166 81 103 304 519 689 
752 501 2 903 178 418 938 860 934 782 198 803 702 568 589 369 616 810 149 964 40 392 287 141 884 538 444 859 964 864 132 921 301 88 784 7 2 378 654 415 400 603 494 753 767 960 932 249 116 782 500 729 796 273 317 740 89 617 523 355 421 800 156 929 531 458 907 607 854 116 202 539 203 784 342 881 506 922 924 632 630 401 208 8 143 739 508 207 41 220 938 203 446 387 978 443 343 957 796 896 593 484 247 604 810 52 558 283 216 530 469 661 145 775 909 441 478 483 392 554 186 685 583 901 284 419 641 287 996 253 519 558 944 653 2 852 75 896 127 334 618 900 690 158 792 588 419 306 119 881 46 741 981 329 209 70 851 829 10 834 732 292 12 780 869 452 114 743 88 582 560 978 869 329 242 566 904 953 853 987 197 111 174 78 282 922 853 738 121 899 24 280 302 79 200 256 937 621 984 662 325 548 178 223 198 193 622 778 198 635 745 407 755 299 928 63 886 856 331 192 338 316 942 906 857 7 188 898 76 965 755 431 385 688 848 118 476 80 447 94 27 159 78 168 465 286 699 763 695 443 469 202 53 177 615 24 223 360 914 29 605 945 166 154 180 239 363 0 212 832 788 887 321 940 876 345 973 56 255 610 353 748 219 6 569 762 695 511 457 532 97 800 120 84 597 790 908 219 55 660 51 568 534 976 239 830 146 353 979 385 151 2 521 378 407 64 219 935 690 311 157 976 60 484 940 535 560 701 375 997 433 740 919 71 609 420 351 353 80 637 474 370 881 506 819 539 160 579 132 539 511 850 702 496 84 570 791 833 526 705 283 141 522 648 813 526 855 624 558 503 690 490 259 236 53 261 947 610 927 726 840 242 674 590 451 809 68 143 761 685 769 272 139 71 828 745 257 640 883 359 883 857 583 711 202 954 333 991 984 322 319 660 65 674 919 563 289 409 778 953 781 37 752 829 785 568 373 360 850 87 500 6 416 890 240 592 430 980 392 812 609 703 804 942 520 428 293 97 803 926 735 247 607 643 36 674 447 183 276 254 735 876 427 499 45 875 757 402 738 157 523 840 930 13 579 223 199 805 159 968 949 965 751 94 35 926 152 241 718 490 24 989 732 508 83 140 130 298 264 393 
839 196 136 24 588 177 20 233 630 480 320 22 129 957 235 978 217 384 485 412 589 535 414 333 274 56 290 680 606 758 956 718 785 102 959 868 377 407 261 774 642 408 126 842 990 558 526 590 924 771 46 197 616 236 241 947 14 505 207 523 272 270 494 521 958 485 342 405 121 199 666 110 720 657 742 491 667 466 423 227 383 627 558 909 85 125 118 371 363 917 865 877 559 814 981 650 713 666 153 607 491 144 853 243 340 747 78 839 163 53 444 508 767 968 3 97 695 431 517 23 478 998 606 885 744 190 824 607 240 244 163 761 618 755 53 614 338 831 383 496 140 424 61 327 900 519 9 57 720 793 198 505 839 162 399 928 636 550 70 81 304 51 697 915 1 907 10 235 722 539 340 207 512 125 31 456 501 875 282 536 508 619 490 492 99 697 119 898 447 852 653 513 900 965 298 747 859 6 235 251 924 84 144 92 4 18 544 367 871 505 399 539 344 312 816 628 327 701 734 821 861 339 183 408 456 431 110 794 960 82 830 52 6 595 499 498 681 616 599 661 33 424 936 806 109 97 228 289 300 430 491 330 17 62 925 766 303 764 359 87 679 643 901 714 446 626 860 133 447 413 428 221 48 445 397 174 142 836 411 906 662 977 913 641 266 326 300 172 493 175 608 522 829 783 319 94 595 453 291 283 458 624 213 275 934 482 916 898 824 519 661 662 786 457 350 408 509 758 526 516 491 208 359 995 778 178 980 211 496 235 759 45 392 636 39 570 494 355 480 130 294 887 772 563 392 403 679 59 820 996 303 385 756 85 601 612 199 543 89 466 892 659 15 368 991 715 699 501 765 832 464 773 470 684 419 238 180 266 383 981 91 523 867 660 809 147 986 377 111 135 899 256 269 267 405 100 738 53 739 432 96 113 683 209 65 908 772 673 122 22 469 822 917 867 99 286 421 461 245 796 147 337 116 368 455 147 560 637 272 682 376 905 16 118 458 929 670 139 424 205 873 418 134 732 882 119 697 787 377 885 923 407 851 225 610 444 469 836 563 774 410 717 933 391 399 81 701 4 362 869 349 635 80 962 962 818 658 617 451 87 160 14 407 563 609 101 483 52 968 343 72 546 11 892 511 132 787 306 781 85 
433 654 302 2 980 462 419 455 49 101 413 464 148 553 17 36 220 864 510 168 227 524 992 384 849 947 274 394 148 916 863 33 509 640 262 751 220 983 105 942 637 244 483 5 153 438 880 5 394 506 111 1 53 93 361 725 814 999 530 225 81 770 428 983 144 899 985 233 636 322 100 140 640 25 860 414 333 729 113 253 208 791 75 563 31 288 289 944 906 13 986 341 206 947 84 67 357 819 809 53 897 295 851 45 445 702 342 600 671 214 760 891 870 951 333 553 910 535 582 994 621 45 63 67 817 579 842 589 901 967 673 759 937 93 927 755 436 230 47 663 292 653 63 743 361 195 938 207 934 471 958 89 608 522 679 964 58 937 865 685 445 286 788 913 946 276 387 198 899 638 771 862 788 14 493 649 44 655 56 675 156 131 566 731 27 788 32 871 524 66 661 536 897 249 974 444 581 311 414 852 366 415 683 919 662 541 641 606 582 950 246 360 261 84 92 358 362 182 785 872 131 755 106 325 631 688 2 298 376 101 683 468 555 463 203 81 446 93 724 636 410 885 342 10 733 609 741 132 440 726 249 236 702 617 532 529 432 752 960 663 970 427 670 357 640 956 404 39 972 531 315 851 220 530 724 341 554 643 401 995 472 462 627 414 497 966 280 877 405 687 526 12 733 363 511 345 923 476 78 486 114 963 688 704 906 590 768 281 784 625 352 150 958 926 933 536 511 488 349 260 452 887 740 979 33 430 818 146 202 724 298 770 286 238 784 224 960 481 291 778 648 680 131 330 829 854 538 9 251 782 931 805 196 676 467 203 589 819 47 841 860 639 258 688 728 993 542 783 230 509 717 807 6 62 802 47 128 956 173 404 704 925 234 139 509 828 420 300 166 492 224 143 102 803 751 366 358 44 964 501 978 911 626 253 453 679 525 558 106 840 911 58 720 466 342 289 950 113 647 182 341 37 553 675 81 874 38 135 641 379 410 480 536 693 409 246 474 273 602 975 330 829 560 898 341 605 571 23 224 52 600 744 229 580 442 224 537 976 5 669 690 781 131 474 231 993 182 510 962 410 707 356 298 654 455 482 398 761 426 808 139 454 103 364 994 549 286 951 164 970 869 189 293 549 365 193 572 412 651 775 
106 291 934 408 638 223 171 888 405 826 174 370 538 323 90 652 616 122 156 8 752 782 401 343 762 788 103 834 600 158 991 988 186 221 657 31 521 74 286 361 338 58 399 883 588 300 493 559 658 240 868 495 546 658 831 527 530 262 91 283 113 467 973 924 474 816 92 474 599 732 552 777 539 706 684 407 720 7 605 441 515 728 716 920 950 993 153 292 937 617 868 208 629 455 44 86 378 225 731 581 150 731 383 316 857 886 226 505 799 152 423 518 616 925 130 723 516 19 782 381 350 594 911 746 904 680 916 321 226 687 644 295 812 846 142 445 130 621 800 774 452 206 90 139 211 40 522 888 107 514 510 216 365 901 627 49 738 855 362 204 202 535 481 98 758 233 999 881 349 320 619 835 893 868 695 547 541 664 46 542 39 732 976 531 271 821 174 742 52 228 746 670 595 973 343 635 621 491 664 655 80 793 361 663 273 639 102 263 671 661 806 648 8 935 123 738 349 966 911 386 980 521 452 644 536 654 900 458 203 337 357 689 196 226 667 671 244 229 111 344 203 369 478 282 765 33 187 710 416 609 403 540 279 620 116 697 953 525 598 458 124 468 742 528 201 682 671 508 967 304 897 351 895 724 766 209 861 637 502 701 125 153 488 365 408 888 493 916 940 111 272 181 124 793 502 967 797 417 222 965 217 842 734 224 240 548 554 995 921 677 921 280 607 371 557 585 153 16 926 754 827 745 821 825 265 533 549 584 469 987 970 33 393 566 953 305 98 712 681 42 324 494 193 317 725 171 446 516 160 748 935 319 721 567 937 228 549 49 303 913 958 924 32 353 564 698 272 866 257 452 340 247 850 232 65 117 552 963 106 564 315 918 429 127 640 739 771 567 220 793 127 579 678 587 788 593 11 842 901 258 419 774 958 767 229 143 308 288 442 479 153 689 856 211 340 970 54 293 173 792 902 394 949 570 637 391 640 348 95 108 352 158 551 462 523 738 103 351 252 76 769 674 587 170 415 936 902 43 851 822 287 326 502 411 777 394 678 908 458 263 548 791 841 284 135 962 923 487 445 538 128 606 414 471 282 383 533 91 252 419 133 713 607 482 211 932 599 830 785 367 834 577 126 353 366 255 443 666 138 845 
183 987 442 460 70 66 304 444 493 284 697 760 923 163 67 600 405 882 307 856 651 810 88 999 677 644 317 606 818 619 301 576 383 116 8 717 452 591 756 398 236 953 19 968 345 882 722 892 966 184 415 942 986 748 789 200 809 269 824 817 243 283 75 255 366 902 21 807 652 733 309 126 442 806 356 816 820 439 269 884 936 709 920 916 135 926 745 552 975 67 538 551 485 23 224 354 999 935 702 779 308 432 710 416 715 711 500 767 468 778 5 615 333 611 431 524 402 161 657 518 410 207 113 342 630 828 161 192 718 372 618 218 924 990 96 715 756 903 441 420 18 9 190 701 794 999 539 694 145 744 566 80 979 79 388 384 145 595 844 210 448 964 65 452 111 908 406 78 746 460 671 71 713 379 210 422 793 231 607 179 907 581 956 781 372 113 598 140 958 137 442 265 621 608 300 37 370 806 393 217 63 240 930 489 377 176 15 7 395 72 934 838 264 601 886 910 616 438 965 451 626 139 941 24 570 880 723 721 456 433 206 255 685 0 289 272 152 166 608 180 273 962 239 170 963 540 527 415 500 614 438 334 195 812 539 931 258 485 672 119 401 300 282 299 281 670 994 532 740 29 733 698 886 324 944 877 920 958 143 333 507 385 130 123 426 144 936 489 52 214 304 479 291 908 203 635 488 438 438 870 717 775 431 71 913 245 786 520 774 554 242 467 982 695 617 955 762 213 81 865 376 949 950 837 562 592 847 751 793 96 501 658 406 628 280 179 314 28 129 583 259 319 623 569 676 643 919 837 899 286 578 366 468 322 395 505 647 288 229 661 891 258 91 91 238 325 582 479 777 451 530 115 85 863 64 946 903 603 594 948 683 903 46 550 263 603 208 683 167 335 332 435 946 539 415 326 419 109 439 139 31 97 155 720 947 532 863 379 631 78 280 325 958 292 883 431 517 807 48 956 825 116 975 460 286 409 788 166 349 158 84 9 843 323 937 383 426 148 872 234 427 661 546 910 341 481 603 989 223 53 485 724 37 447 448 949 661 261 71 824 422 973 524 307 27 268 53 536 270 436 239 958 726 215 159 886 477 630 452 58 766 446 80 852 937 825 412 867 254 801 603 468 24 350 515 371 214 244 149 682 
863 455 150 873 180 39 111 153 625 82 594 715 215 562 878 403 79 81 490 824 260 260 307 516 290 232 980 309 286 614 43 377 276 547 832 44 64 629 510 246 81 35 844 96 686 820 301 703 70 869 646 138 532 512 977 641 950 797 923 660 955 243 772 523 318 549 47 668 457 908 963 874 477 549 37 42 253 734 3 848 910 867 244 120 75 504 994 278 909 442 86 22 374 503 962 91 408 481 793 194 713 205 850 981 867 886 892 405 663 343 646 867 432 166 758 807 2 549 587 555 682 53 903 590 708 993 132 643 432 777 413 720 915 752 607 170 659 412 279 208 872 519 981 725 713 693 274 984 613 575 682 767 314 441 23 375 644 985 798 619 886 860 366 435 306 906 301 431 823 421 901 893 514 944 151 459 251 738 662 863 739 971 83 359 310 265 504 676 23 742 964 108 533 602 372 72 797 81 980 415 137 95 780 823 573 758 881 381 871 544 254 882 851 913 733 698 935 126 661 766 131 864 424 732 340 375 540 471 215 119 630 550 779 699 242 187 964 349 261 903 270 892 496 137 341 466 457 101 910 98 497 495 632 418 165 543 428 933 264 330 746 23 480 887 369 914 304 147 706 855 443 672 675 778 531 62 814 258 223 848 442 608 890 274 544 774 572 783 212 809 842 210 214 108 189 448 704 643 551 824 449 299 172 322 243 153 170 259 562 266 880 62 686 249 702 264 272 580 121 479 713 668 907 727 680 169 440 327 912 270 791 936 112 60 474 211 786 509 655 646 612 686 575 616 870 178 254 622 920 596 770 463 907 69 984 857 28 514 483 408 170 673 423 672 151 802 841 543 352 793 783 533 548 493 429 998 490 249 874 974 775 527 723 433 724 82 152 909 759 367 953 88 208 768 414 249 669 277 895 789 586 417 391 608 256 58 296 551 396 168 863 305 530 742 297 726 450 659 251 913 958 812 703 747 12 680 819 51 496 770 582 767 960 387 581 54 557 656 877 628 205 462 332 885 153 518 221 79 867 577 348 514 722 212 51 120 101 772 946 129 765 215 821 994 239 111 482 717 139 422 946 302 545 682 73 853 263 326 580 783 820 466 578 110 991 719 252 340 911 150 360 426 13 912 59 633 175 628 90 722 
100 175 329 38 414 167 202 489 895 368 843 345 416 208 663 603 167 235 875 182 665 364 980 73 458 734 893 307 342 309 929 362 514 444 592 256 386 61 21 933 932 281 890 64 497 558 563 967 851 441 26 539 462 254 374 458 823 827 910 543 291 885 727 108 900 926 801 237 711 274 164 866 586 798 867 63 949 478 433 99 7 493 198 339 655 668 181 669 342 930 762 526 362 477 906 389 910 865 871 880 293 341 217 68 823 965 917 192 537 418 451 670 109 785 631 694 711 640 445 179 986 156 879 266 215 322 70 956 794 111 174 97 734 383 839 871 854 303 468 848 260 447 874 699 988 325 313 6 595 113 570 970 655 599 383 640 516 402 561 90 901 703 213 337 121 203 530 821 508 510 977 667 68 532 43 31 396 105 580 405 1000 143 283 200 51 550 439 800 918 727 281 137 259 643 304 309 537 988 745 427 538 20 271 139 482 835 402 439 586 221 289 58 100 653 683 112 320 204 325 96 565 25 539 843 215 110 773 114 405 231 379 401 114 405 248 497 622 271 327 816 561 621 259 128 669 726 139 970 501 590 210 92 706 877 332 869 843 605 833 104 963 995 75 783 993 87 473 296 383 39 165 184 936 961 456 289 537 220 693 152 391 389 337 901 788 94 903 598 792 906 898 87 614 286 60 687 319 48 730 879 858 440 868 676 490 193 779 334 21 385 605 171 941 888 963 825 816 558 431 397 598 942 463 952 337 859 31 692 122 743 787 107 404 44 610 851 387 734 945 396 630 833 552 237 586 905 137 885 722 40 134 652 764 600 306 464 195 536 423 541 999 595 766 98 91 141 859 973 415 362 594 851 546 420 76 751 553 846 991 693 61 724 818 163 866 375 432 632 649 209 637 762 998 352 250 501 365 381 620 439 12 222 134 123 717 350 60 833 860 206 609 393 705 672 295 271 530 16 679 914 788 116 805 109 562 509 4 169 47 79 185 857 463 265 41 53 68 438 979 489 529 797 227 17 781 563 249 3 944 37 642 835 553 35 984 976 374 558 152 937 192 698 564 580 629 410 947 633 883 837 878 393 776 801 98 652 75 938 363 198 295 553 219 442 455 501 543 495 105 63 576 649 261 797 21 3 705 312 740 65 
627 242 494 561 28 980 429 856 200 355 689 495 858 904 558 80 483 585 629 161 4 823 858 22 328 761 597 82 394 376 897 216 919 682 790 990 499 675 57 326 133 98 300 639 822 152 564 570 21 71 422 263 738 555 960 234 138 225 290 750 264 234 419 344 704 451 990 270 688 318 260 799 370 186 780 501 944 235 171 991 449 289 608 290 218 660 437 601 759 245 769 87 122 167 572 541 385 54 524 967 522 797 875 896 947 202 588 597 817 190 116 653 487 200 977 433 166 875 339 646 898 370 735 555 149 608 977 487 998 554 493 736 372 601 670 358 275 609 660 758 139 905 971 271 594 338 432 967 265 463 865 930 670 762 763 49 732 831 243 47 679 86 402 877 206 516 0 514 860 168 145 201 160 962 235 826 894 5 44 595 6 768 149 861 838 347 718 639 547 341 626 179 165 126 306 985 477 314 481 570 256 177 846 705 961 727 918 772 937 267 94 475 275 154 749 391 997 246 996 100 184 394 589 795 681 407 862 525 209 559 340 644 591 408 385 125 985 958 745 474 673 323 695 1 967 114 805 493 315 799 209 571 17 38 501 635 412 573 960 814 831 214 772 265 562 515 63 50 145 183 592 117 706 469 824 677 330 141 167 936 589 372 163 827 220 871 960 563 150 254 786 633 298 209 148 703 906 430 109 880 328 435 998 424 611 290 411 113 678 379 588 453 486 600 595 291 448 992 367 14 859 586 237 576 625 187 818 464 319 202 568 221 229 181 499 555 159 671 472 435 744 122 507 319 794 287 580 42 784 419 81 541 635 273 93 626 675 446 859 891 618 388 371 91 683 836 718 291 685 908 736 830 482 423 101 319 597 14 763 509 210 538 786 716 253 845 652 490 151 492 438 241 711 442 369 12 993 529 751 51 640 776 807 430 149 213 932 746 509 826 237 409 191 603 287 649 740 0 35 1 540 870 159 190 279 396 756 738 572 578 305 839 689 546 612 925 859 859 263 162 242 664 238 572 316 894 580 508 515 189 730 137 830 49 86 336 237 98 588 948 349 968 772 430 669 490 33 610 940 207 499 767 850 194 754 451 7 186 867 140 128 724 637 586 581 878 459 374 51 963 399 726 621 45 334 838 199 178 645 898 
707 155 265 174 689 893 983 674 252 820 351 839 978 611 990 364 898 991 4 328 755 965 67 933 386 668 289 815 429 699 22 964 523 460 230 81 316 957 781 416 708 876 245 150 974 305 657 119 103 344 385 209 994 75 468 130 674 618 652 288 969 123 662 144 945 154 805 631 553 796 518 783 13 760 321 78 512 48 951 182 282 307 378 378 324 55 994 902 395 167 545 825 855 751 562 363 568 356 928 786 308 754 271 643 878 566 459 735 474 860 782 882 511 490 531 612 357 773 888 362 120 378 901 336 730 347 110 769 87 460 427 666 848 71 23 664 277 53 318 235 477 322 20 513 819 467 679 460 522 160 638 315 130 978 218 539 180 54 18 365 300 552 31 84 994 969 8 433 504 728 804 892 814 287 482 480 470 767 410 98 139 355 988 518 227 747 196 711 52 337 615 595 340 866 222 80 934 894 287 343 447 929 74 691 133 333 167 178 466 304 978 977 299 148 583 126 44 273 985 328 518 869 253 910 153 774 89 61 992 978 560 702 46 174 722 942 570 194 944 724 188 290 481 355 756 109 255 483 777 138 17 191 61 909 47 559 329 326 645 609 584 45 935 376 940 260 767 80 932 154 295 406 765 349 423 207 751 385 940 172 247 22 562 934 559 375 493 36 400 447 377 675 829 608 610 292 644 698 523 972 619 81 109 117 126 459 105 438 40 683 504 282 976 636 91 785 11 892 541 588 543 953 74 437 621 772 339 661 672 312 652 661 192 281 454 546 438 538 412 619 988 731 435 520 868 989 959 854 725 327 761 718 822 111 467 951 101 433 276 973 843 988 263 135 898 320 492 90 280 671 602 847 811 423 37 719 639 689 535 753 653 344 328 605 850 993 472 160 189 437 279 3 375 964 947 37 426 273 535 751 947 485 10 628 46 494 256 717 228 581 695 850 771 816 907 382 563 912 310 652 921 9 14 584 269 667 946 444 971 500 901 593 150 689 675 78 512 32 94 806 487 801 679 708 873 22 790 46 495 572 425 948 189 324 912 860 661 621 34 676 665 65 427 813 870 552 7 778 682 826 202 972 212 909 917 208 930 469 189 570 887 246 160 699 643 292 810 924 352 678 659 568 975 781 469 348 512 835 144 844 
862 199 10 887 750 357 973 62 210 284 104 381 612 232 936 956 592 582 65 507 377 486 396 164 808 660 929 630 576 407 853 585 656 679 368 302 379 598 448 730 501 108 404 653 612 343 771 172 854 83 141 700 785 790 547 88 701 612 144 326 669 659 293 811 921 644 140 610 417 797 697 192 861 742 91 915 595 977 514 108 785 599 668 990 957 350 606 70 419 468 990 380 703 559 566 465 860 510 939 530 686 379 422 29 755 80 483 390 367 66 465 79 997 38 191 264 11 128 39 37 702 154 382 389 921 301 55 400 291 84 737 60 884 264 800 806 596 631 946 599 571 297 580 823 349 247 865 74 348 994 881 781 45 933 198 459 902 501 576 330 127 668 238 373 419 41 552 1000 767 695 462 789 243 522 59 516 309 350 675 288 571 398 63 763 390 130 590 441 6 730 931 573 969 494 982 427 590 376 514 356 947 234 752 225 715 891 61 784 134 454 555 708 612 226 876 150 961 27 919 598 606 75 69 676 599 154 876 983 557 387 566 530 819 480 75 430 580 637 550 724 772 221 420 81 215 723 693 223 157 685 346 803 813 787 111 20 303 643 185 312 760 480 950 948 247 348 341 758 230 220 338 265 936 77 111 664 658 548 56 50 829 981 443 234 558 68 434 601 931 837 90 915 723 24 138 628 358 251 210 193 632 431 633 577 1000 433 192 926 829 635 436 289 60 809 663 974 531 986 54 625 777 527 18 512 379 720 266 874 760 932 329 770 912 8 228 664 259 434 742 424 469 174 762 280 500 907 418 393 521 252 94 591 715 513 714 105 913 83 669 535 64 555 29 740 861 112 232 640 264 27 839 63 224 56 626 207 697 505 131 634 302 123 440 842 306 161 766 11 583 776 987 150 957 180 360 846 819 814 187 601 797 612 819 264 737 128 403 472 503 962 133 467 216 948 924 160 368 782 21 616 816 938 300 618 472 277 441 154 612 284 643 47 775 316 233 780 391 125 683 867 947 335 81 560 525 256 177 843 695 47 918 308 739 358 603 136 947 752 879 19 193 683 10 731 479 74 261 909 454 197 220 511 710 636 241 385 138 684 838 632 282 829 914 565 831 329 211 520 401 375 83 81 496 792 667 987 376 672 312 44 
33 683 747 59 921 92 640 665 205 635 674 184 366 516 395 932 251 867 688 555 508 46 219 574 510 230 21 969 459 304 647 633 379 505 927 323 859 143 683 394 811 418 879 792 510 184 653 396 957 934 376 316 951 443 825 821 209 623 190 453 69 855 393 599 153 948 173 706 626 294 331 985 464 192 71 908 792 46 238 17 468 557 289 521 517 541 105 375 471 112 995 235 623 224 528 193 992 778 752 210 709 560 171 386 378 434 980 922 528 341 563 0 752 143 314 334 70 808 696 524 984 353 320 476 488 118 42 472 429 737 350 540 484 206 967 118 826 91 179 879 453 435 500 110 875 506 626 162 507 57 679 480 492 450 430 803 957 236 617 80 473 379 979 160 923 360 935 957 75 799 736 443 979 746 729 926 500 791 397 331 1000 989 189 450 723 726 725 151 772 119 83 859 724 143 167 226 191 574 254 704 570 786 970 237 240 420 994 210 9 866 889 890 30 751 697 827 893 128 470 344 863 821 196 671 125 494 607 677 865 718 376 368 816 641 915 467 715 195 678 333 428 555 673 969 457 226 604 868 667 86 81 926 820 98 460 489 641 550 60 438 275 193 427 591 383 249 520 224 212 208 151 636 194 716 615 275 10 942 730 356 464 561 528 156 198 655 521 868 392 970 27 867 508 489 886 96 628 188 277 229 370 771 48 574 478 187 637 503 319 654 241 379 665 464 260 230 402 10 128 439 59 988 923 746 591 111 741 124 326 982 833 991 571 503 359 160 517 444 804 494 334 997 623 567 927 386 70 721 982 56 137 683 746 486 818 967 453 741 989 986 974 566 424 391 804 357 546 794 206 824 87 150 755 239 880 93 673 818 231 369 880 720 296 156 5 27 249 725 791 102 551 635 925 863 9 187 115 929 33 180 826 310 177 670 422 435 245 501 625 714 871 953 206 836 454 984 693 740 219 844 181 99 323 776 24 564 967 929 11 799 170 335 188 56 391 810 564 937 671 115 32 72 573 338 508 307 556 388 638 254 214 297 713 267 154 36 690 710 851 696 342 719 693 377 178 913 108 139 331 227 793 456 561 181 428 468 657 94 222 663 730 486 636 500 816 559 596 948 125 894 388 593 345 515 293 975 71 265 323 214 
501 51 638 298 254 668 79 790 151 599 781 606 202 553 669 665 663 728 386 598 768 664 611 301 17 463 84 46 638 737 608 910 258 566 642 480 339 543 538 868 428 322 902 138 366 128 18 170 560 642 905 824 445 151 516 630 672 167 570 177 778 557 585 427 976 29 387 118 696 551 590 868 513 202 690 826 123 799 74 524 750 249 689 437 30 986 431 156 923 655 54 701 134 850 275 98 413 669 204 722 171 857 98 28 334 627 948 659 84 959 466 457 312 232 1 986 458 871 514 866 369 229 795 694 68 624 427 276 498 457 226 360 730 560 301 2 904 184 157 590 856 660 379 972 52 578 454 859 359 866 227 150 319 711 260 157 769 944 919 7 303 210 444 462 27 6 64 476 433 296 466 641 373 189 118 119 388 843 408 77 876 970 197 502 456 294 657 723 927 606 514 652 170 279 236 943 985 679 176 744 29 782 272 608 816 917 510 610 452 101 393 314 296 92 279 807 310 722 435 801 139 927 350 386 242 224 516 93 66 228 627 191 281 488 690 8 964 295 827 978 86 184 811 409 77 377 170 634 696 275 18 935 193 107 150 899 702 229 624 521 639 457 511 95 937 887 286 342 174 655 351 63 604 412 665 169 999 428 888 817 642 503 529 956 177 624 422 748 716 615 983 885 717 420 360 496 273 207 469 464 768 75 631 119 599 262 969 679 986 482 461 778 90 259 463 193 553 979 678 300 372 849 552 60 579 303 271 7 65 634 366 372 8 107 562 428 819 511 773 375 357 485 888 695 161 336 772 259 985 258 137 802 809 247 560 808 411 851 106 453 452 431 573 322 776 575 619 705 31 640 288 474 676 954 206 282 916 202 57 346 398 951 950 599 269 896 10 655 320 41 286 429 794 784 768 108 914 833 176 116 342 233 87 980 514 633 595 893 862 30 308 51 790 543 712 667 351 90 755 804 677 138 563 933 371 970 436 465 46 384 618 903 595 492 898 853 284 124 966 237 509 641 730 102 802 787 30 580 200 146 59 229 461 998 917 843 385 615 864 779 23 616 768 736 399 252 62 844 759 830 877 855 804 681 119 720 796 479 71 415 62 313 324 456 82 249 619 635 100 564 72 17 654 241 723 961 714 665 794 691 
290 378 748 437 907 121 400 759 444 374 374 533 105 95 250 274 166 711 453 990 682 981 772 50 535 785 205 134 255 350 654 730 230 855 299 570 455 789 286 821 7 888 778 609 752 268 416 707 583 717 591 940 595 494 847 654 577 462 668 588 436 476 335 664 633 701 585 263 354 968 877 814 243 874 377 526 12 47 186 83 623 794 113 795 889 314 184 77 930 173 861 37 7 398 413 494 530 977 1000 864 156 129 121 69 921 672 965 905 525 645 649 179 414 342 956 889 849 8 10 148 501 634 675 323 796 187 207 399 921 650 194 821 108 996 951 396 152 367 404 171 789 63 609 425 428 342 672 141 515 283 708 824 27 528 340 420 764 239 341 907 485 915 631 452 558 57 326 600 123 106 870 229 337 505 612 180 12 136 205 219 843 111 616 20 964 79 906 607 390 233 194 388 522 491 857 572 555 314 105 428 776 137 756 854 277 777 459 772 560 17 127 367 819 914 937 828 118 25 924 447 984 580 282 102 736 458 302 360 409 574 586 235 552 142 791 792 889 708 322 205 574 226 22 226 969 769 729 762 56 90 368 276 954 276 614 766 790 799 31 300 572 50 867 803 119 382 737 828 657 429 641 826 85 297 709 582 452 471 107 198 809 961 586 452 462 368 895 148 814 617 244 37 939 593 148 6 605 190 198 107 714 484 811 353 797 457 497 40 665 47 5 326 8 186 895 486 905 202 951 459 156 836 104 498 129 218 676 873 863 486 932 326 84 657 192 828 315 314 764 918 56 864 594 810 458 417 278 266 312 598 3 403 102 311 83 1000 965 331 131 405 704 158 881 509 245 905 469 28 840 237 736 54 509 411 356 713 4 166 523 618 709 756 308 330 409 482 863 908 665 606 634 549 610 298 956 541 821 985 201 761 545 965 130 290 105 456 203 65 318 185 134 290 422 695 933 762 870 668 158 321 370 859 658 333 984 967 77 422 251 567 370 349 908 358 700 926 324 294 119 869 448 76 755 798 628 708 359 496 143 312 137 277 236 41 191 845 288 888 611 15 949 415 275 346 19 706 659 749 913 482 833 828 464 730 120 86 279 838 598 430 882 429 829 375 739 884 816 500 22 735 631 889 940 685 573 370 672 45 357 979 
46 544 926 184 177 916 464 986 41 700 667 516 399 325 416 953 323 99 742 378 213 520 876 156 850 177 805 477 286 149 342 151 233 378 757 882 517 345 115 451 746 905 423 362 346 795 914 507 531 414 922 96 282 988 247 988 884 46 626 69 213 32 508 412 34 809 890 325 10 174 943 706 785 975 925 52 646 919 9 946 731 465 682 298 186 845 373 92 226 73 381 756 14 941 127 102 309 127 567 880 876 500 729 842 313 580 129 509 105 141 462 503 384 827 694 170 417 944 337 852 50 493 12 56 583 534 207 834 890 325 608 425 698 76 753 348 943 140 443 519 349 617 269 323 233 367 501 73 15 759 305 145 189 54 139 788 646 966 644 708 553 286 350 837 564 565 414 188 474 32 82 426 769 442 663 150 135 436 5 787 374 979 298 134 657 747 401 89 12 902 811 989 116 190 232 368 638 131 578 762 89 341 233 609 19 572 362 46 805 692 452 404 135 752 832 352 531 626 803 185 348 878 232 125 212 270 811 0 504 239 75 947 599 18 337 780 928 448 365 512 969 384 88 522 674 240 974 989 980 784 897 152 94 522 676 264 169 332 872 389 107 415 589 936 8 823 57 85 162 546 785 109 939 536 887 781 383 932 216 317 75 129 708 555 432 802 444 136 834 556 608 595 196 678 362 869 284 25 93 601 580 47 827 721 351 643 652 882 554 529 175 570 354 909 257 569 155 290 340 540 0 569 642 95 384 476 421 621 963 78 445 663 847 595 478 818 677 809 841 31 418 52 468 12 988 571 217 20 887 687 314 819 741 440 751 620 296 975 648 600 793 415 197 96 270 883 671 605 920 73 343 161 334 523 356 224 736 561 963 519 310 418 734 873 838 9 501 530 714 491 343 632 628 207 942 66 919 973 953 617 484 755 985 224 89 484 941 567 764 417 485 295 511 963 661 531 652 638 875 435 160 848 130 683 583 647 246 393 848 848 352 18 825 639 954 320 806 633 35 932 567 687 143 922 638 269 637 610 636 354 947 253 35 141 469 485 872 844 286 987 20 538 868 580 188 954 323 776 756 534 196 157 723 385 16 684 670 88 977 790 241 81 297 234 432 746 880 501 338 602 615 425 136 360 895 983 94 987 686 839 
448 231 894 735 752 58 511 646 16 646 481 281 126 759 583 225 720 473 316 78 313 254 67 626 93 428 869 842 532 50 580 217 232 466 965 550 302 153 124 881 826 281 353 963 160 388 50 463 403 733 299 466 761 230 903 843 803 982 180 6 858 934 404 856 704 459 731 21 517 585 324 352 270 145 372 187 153 940 886 473 161 912 807 568 327 57 760 935 170 305 110 368 407 186 564 380 743 476 334 704 833 308 341 838 870 404 211 678 517 505 295 663 895 421 47 712 968 39 36 136 669 827 531 791 980 753 907 189 154 808 978 103 879 100 60 103 900 570 964 815 893 454 198 793 154 880 797 829 316 296 643 928 715 958 564 897 863 543 720 962 706 720 256 73 671 532 952 254 559 937 809 308 673 809 138 711 224 134 807 683 522 789 194 328 823 487 840 496 471 219 676 733 389 740 902 515 607 819 367 201 273 154 911 745 232 441 553 28 760 772 446 493 292 625 168 846 349 198 886 530 333 496 85 640 417 289 305 28 209 432 504 865 913 668 388 542 951 110 121 323 669 439 367 658 925 432 795 327 96 74 468 768 328 54 615 97 543 997 791 487 941 722 286 707 299 622 680 69 479 912 229 483 324 459 415 331 526 827 835 646 80 879 11 740 242 90 387 231 908 708 880 236 838 56 319 839 595 729 494 943 559 293 820 444 322 691 949 697 812 480 635 252 644 895 645 749 29 472 367 549 154 829 449 242 599 948 531 263 621 899 43 267 173 117 840 643 779 235 999 325 773 428 871 647 819 122 825 989 561 87 422 732 999 954 123 197 915 749 329 961 928 850 109 240 16 940 976 725 580 785 844 380 769 302 482 358 576 13 342 341 667 253 540 656 22 667 610 529 846 898 927 62 537 966 493 578 493 376 255 550 7 272 909 955 53 426 983 917 785 241 576 240 817 869 453 419 312 695 869 815 385 576 906 692 647 630 822 158 68 91 460 298 385 961 17 795 397 142 836 859 408 990 152 996 446 448 993 122 151 657 353 711 590 747 939 962 788 483 425 363 555 765 398 304 10 929 623 805 246 226 270 762 400 603 989 645 302 182 866 744 223 238 530 924 373 871 255 110 206 477 135 386 141 833 41 746 978 384 205 502 
681 186 305 701 946 133 469 258 178 755 491 435 196 874 250 568 880 288 461 412 535 136 222 260 36 686 690 242 1 641 916 239 563 957 576 809 149 869 409 778 938 642 252 929 216 134 418 192 834 143 794 567 43 380 747 743 733 961 918 378 605 748 134 435 459 22 194 24 94 849 545 603 512 830 48 44 108 7 893 181 217 916 259 554 715 184 828 90 561 782 891 130 267 789 92 508 778 454 105 548 950 902 397 727 301 349 212 662 495 86 560 462 319 643 64 170 962 213 554 728 236 980 889 969 176 137 82 976 207 523 206 76 850 496 825 731 895 375 221 855 617 867 42 721 895 375 594 794 986 656 428 580 52 175 766 800 66 885 286 700 108 950 67 542 966 470 831 712 400 449 408 986 828 100 766 894 305 329 530 32 772 382 713 127 756 426 88 459 902 404 888 798 441 981 589 402 585 997 837 344 340 131 190 373 672 777 926 100 809 658 823 594 585 667 301 666 829 938 269 670 584 213 259 858 281 353 640 560 812 527 959 775 421 972 350 833 672 112 575 790 798 397 338 201 471 286 246 212 767 714 716 610 152 872 453 566 693 24 466 434 809 488 91 683 421 142 654 576 114 433 414 185 895 853 321 469 796 191 958 157 335 154 327 800 275 841 7 27 380 396 966 427 150 979 443 160 635 568 83 298 297 690 836 658 708 11 194 462 389 621 871 915 147 639 231 196 13 700 577 134 26 54 344 571 456 554 640 307 112 59 292 282 586 122 922 976 752 917 515 860 636 624 797 872 295 453 211 988 311 511 172 69 635 55 899 206 259 181 436 387 810 163 508 602 167 136 352 905 426 909 76 66 884 611 48 493 866 576 342 575 696 750 812 173 768 678 431 357 438 690 552 157 952 725 134 234 91 413 986 648 854 476 174 406 642 223 860 100 934 436 194 706 903 870 713 157 429 376 822 600 132 612 238 860 354 395 794 181 608 269 835 324 859 788 173 906 534 510 197 248 688 293 299 415 984 861 333 454 861 214 826 674 109 698 876 116 271 837 732 756 386 507 602 606 645 632 287 921 541 769 733 384 561 26 448 813 992 764 55 144 968 977 763 785 740 394 366 824 787 92 588 112 604 677 632 419 194 695 727 13 
663 871 162 807 67 130 855 27 74 148 124 198 467 857 139 215 401 962 466 345 641 458 544 302 173 362 197 935 521 668 175 887 343 837 316 677 63 758 3 653 710 165 842 35 149 543 711 784 456 995 416 280 352 967 28 398 445 879 261 524 6 348 933 596 150 948 352 837 219 568 21 693 475 738 235 707 928 391 736 767 14 745 990 664 357 471 299 461 514 372 899 959 112 781 205 311 419 371 314 137 402 113 24 80 52 655 492 517 253 894 491 186 612 854 316 517 525 114 748 214 679 895 729 442 414 775 141 986 179 457 961 113 564 867 417 796 798 781 55 156 390 471 127 341 628 908 415 756 579 539 941 293 697 166 918 956 428 421 91 767 360 797 427 108 792 736 929 430 468 576 621 580 13 577 536 837 561 332 945 765 215 840 486 529 694 880 522 991 372 765 758 25 407 529 554 375 483 560 532 453 501 602 10 138 610 890 13 466 802 21 404 356 745 220 30 195 991 554 511 729 641 911 335 425 972 660 996 316 688 155 179 6 300 565 437 76 806 385 58 654 772 598 162 858 904 152 940 351 681 520 815 873 553 832 27 178 973 577 318 244 150 994 761 663 601 830 273 610 548 640 702 908 711 26 902 451 532 519 675 514 391 168 609 117 140 412 947 887 264 377 936 820 997 791 713 70 826 149 802 416 571 974 231 534 210 813 63 639 366 172 59 765 257 607 272 70 720 605 519 408 767 769 502 942 533 32 507 522 107 553 844 274 779 228 455 676 495 2 650 260 455 860 708 137 790 669 105 676 417 482 797 514 907 74 265 713 883 174 402 324 124 62 681 69 896 697 778 795 72 554 185 490 747 544 71 855 708 453 710 973 248 22 112 533 927 548 382 392 231 175 207 296 931 633 651 967 313 286 325 151 356 83 817 984 91 148 729 688 903 385 151 129 911 912 930 192 595 223 690 829 112 459 633 582 169 605 88 612 673 466 324 450 127 789 292 180 22 722 973 350 989 107 478 819 63 87 325 457 954 15 283 572 238 588 423 681 134 806 509 355 882 535 102 585 547 480 244 442 943 855 478 612 220 528 848 177 581 461 363 71 665 273 180 140 48 735 712 185 528 333 646 975 830 150 435 93 227 524 972 439 
81 922 41 672 669 798 510 36 378 143 630 684 461 805 638 641 979 995 430 894 788 331 90 144 790 612 371 437 865 126 844 917 713 359 445 989 284 927 890 44 64 866 694 961 936 740 370 650 526 166 341 933 43 692 358 706 986 839 447 102 879 644 88 346 241 31 787 654 487 973 375 171 25 331 812 956 551 788 907 835 608 140 739 510 163 930 218 281 821 626 117 429 765 609 51 441 672 372 738 81 624 644 845 345 43 430 633 293 114 837 865 429 406 282 166 66 792 365 343 629 430 771 316 32 763 110 141 641 307 963 561 501 542 960 179 641 961 70 947 902 70 683 103 679 290 285 359 745 301 837 249 500 15 372 917 61 849 342 543 546 704 643 65 48 677 59 996 198 971 703 414 745 891 22 871 392 343 504 687 419 115 512 2 373 898 191 628 685 732 847 976 497 845 106 896 909 920 901 790 117 19 254 368 228 990 959 487 129 357 172 190 457 192 62 488 204 444 501 850 608 488 66 889 82 198 678 461 86 902 226 294 984 422 702 783 444 904 129 266 478 349 140 725 934 645 898 956 519 380 880 933 572 806 798 676 340 713 391 423 692 448 962 221 835 62 536 746 568 681 753 672 902 103 482 103 330 615 894 759 694 69 785 390 501 397 906 891 454 952 576 583 133 685 536 146 847 102 989 105 515 658 552 260 627 781 799 452 454 770 159 468 520 948 835 319 412 599 326 6 320 280 501 26 304 929 275 456 343 634 496 157 962 561 840 277 629 395 928 891 805 47 877 35 650 400 71 74 250 652 214 605 373 578 503 157 470 57 8 866 198 865 728 22 578 490 916 563 297 730 702 227 792 397 468 580 650 977 121 761 328 777 248 190 410 754 515 329 709 708 935 445 809 105 768 590 486 754 188 554 553 85 845 252 354 169 222 376 835 738 846 373 668 187 510 44 853 333 763 346 516 809 431 805 343 422 680 488 130 473 376 764 26 354 920 499 903 323 452 819 419 887 402 847 726 837 942 20 797 520 275 863 351 811 0 129 538 277 108 1000 700 802 162 127 880 356 606 193 984 94 113 534 587 971 434 241 19 809 691 86 609 359 621 851 474 935 957 214 471 339 979 60 88 110 666 525 621 732 754 565 691 
701 56 296 57 58 427 429 542 246 734 271 496 506 33 276 89 162 148 104 329 968 783 388 789 619 512 993 137 537 224 610 22 1 626 364 335 772 141 16 275 972 212 605 710 822 123 468 367 770 346 701 456 802 364 24 7 150 631 503 750 35 582 876 916 423 426 507 704 308 490 571 679 52 898 873 904 849 459 527 205 981 322 77 338 555 175 164 256 372 796 680 796 618 508 818 919 519 519 568 741 911 448 185 177 435 418 603 815 559 901 754 138 83 430 246 367 93 952 70 385 736 567 581 546 826 593 460 950 108 351 254 931 874 274 798 375 70 8 184 854 402 451 83 65 776 690 354 238 678 685 108 664 836 568 884 175 908 509 630 438 405 574 904 749 526 653 432 58 295 97 681 964 816 280 757 32 219 502 148 26 168 793 155 789 205 194 604 841 870 462 62 239 496 723 541 781 170 1 397 47 700 446 707 936 36 728 597 568 170 823 611 308 685 329 782 729 212 202 872 137 131 245 83 45 349 593 126 187 355 526 217 967 197 469 708 879 596 430 544 894 126 292 728 441 81 898 393 485 938 289 871 234 872 391 384 344 74 589 530 946 18 123 311 247 617 446 551 682 76 734 49 541 300 745 543 541 803 455 984 658 655 687 114 446 167 192 459 44 519 937 674 525 586 994 360 361 696 242 641 185 719 486 470 873 610 470 116 675 77 711 912 686 75 318 535 868 385 131 682 482 441 133 525 937 173 805 49 827 616 343 998 987 163 970 694 384 520 894 419 945 35 690 758 634 809 801 949 617 600 92 230 26 68 680 496 734 592 467 656 531 175 14 854 914 987 957 793 286 240 95 632 470 676 16 485 3 966 239 241 900 275 978 413 168 531 7 970 148 483 190 143 676 927 526 798 82 33 845 518 14 645 452 611 693 412 914 963 448 889 717 937 419 228 453 844 865 762 548 378 137 172 157 522 685 770 715 830 438 467 554 480 901 409 823 868 681 385 769 877 718 490 600 320 628 367 737 869 379 678 672 455 9 637 541 48 234 937 914 859 193 783 411 880 321 234 486 535 66 481 349 862 1000 386 701 422 842 266 252 945 361 344 148 367 507 908 294 106 45 217 567 563 331 55 554 93 902 810 20 800 427 
354 795 95 741 655 197 888 829 241 22 796 536 354 910 796 566 258 816 825 779 417 222 261 87 622 229 222 745 763 678 577 413 633 780 512 843 321 586 469 559 790 905 968 336 69 912 304 373 749 75 636 369 51 717 867 681 209 178 694 14 218 689 930 94 297 316 150 299 606 632 697 803 141 737 319 688 231 434 661 502 854 939 45 346 997 324 473 50 370 861 422 639 924 859 737 395 962 677 658 324 432 654 162 559 941 871 154 918 692 484 534 904 879 314 712 276 280 208 703 236 912 598 818 955 886 338 413 952 893 506 574 560 417 268 461 44 6 366 549 921 537 665 219 401 387 338 485 397 746 573 535 854 731 536 457 50 742 680 336 239 357 435 618 47 649 402 744 787 777 549 467 18 52 400 602 450 632 639 567 378 720 398 378 869 731 129 630 446 980 102 297 546 127 914 517 965 229 250 736 499 161 504 987 796 584 862 871 82 826 801 771 174 107 647 247 29 862 561 426 993 576 872 266 98 61 759 827 854 92 465 557 268 925 560 672 728 281 343 170 503 991 733 337 611 59 333 239 848 831 597 632 615 400 230 213 864 599 123 211 96 136 566 692 725 981 997 103 214 167 466 817 743 612 949 201 185 632 180 573 932 455 454 857 652 458 259 813 351 96 945 761 241 540 671 558 400 369 228 32 337 743 761 192 566 576 854 277 471 607 926 468 927 595 203 62 114 609 662 994 919 440 224 275 650 180 24 72 550 721 518 687 145 22 325 969 521 568 178 752 891 234 147 955 733 821 621 75 685 451 992 962 988 246 369 945 174 118 82 200 74 321 609 299 573 416 394 912 748 707 208 990 299 228 380 111 281 920 564 918 103 585 421 881 361 903 27 53 776 988 992 948 975 437 674 305 366 415 943 293 298 448 822 521 853 879 128 162 908 781 528 866 555 714 190 506 464 980 875 395 800 80 390 769 405 927 595 568 98 578 879 869 825 880 275 719 236 680 789 792 314 803 537 560 112 70 451 823 98 581 214 18 65 44 277 30 138 696 131 104 186 953 488 731 525 52 188 216 193 261 401 288 294 728 367 497 649 938 223 550 14 771 745 752 565 505 227 754 739 452 136 80 744 294 544 667 529 972 558 617 335 
581 309 987 711 166 103 503 860 147 932 383 99 489 45 243 315 989 191 288 600 260 694 663 836 754 861 969 933 394 658 137 952 854 740 863 529 4 619 872 402 471 654 387 239 223 400 80 574 378 480 463 15 834 475 3 260 879 455 93 918 335 300 339 390 749 983 863 507 589 487 313 167 349 723 176 149 938 260 777 661 395 120 89 767 132 511 52 374 268 395 50 752 310 541 821 245 71 601 92 595 34 57 723 42 114 864 205 723 774 718 513 250 762 112 8 738 482 633 119 911 972 452 422 397 521 318 377 587 177 998 459 634 579 244 343 161 568 201 827 852 642 549 367 615 626 103 988 988 952 668 333 102 595 573 883 30 789 827 255 514 247 106 68 153 2 735 668 723 587 960 35 52 968 275 846 90 653 612 651 910 433 914 200 843 739 999 836 59 1000 991 447 41 510 163 605 238 391 532 655 280 700 124 581 48 809 964 202 758 333 654 722 315 882 163 476 773 321 235 465 438 228 810 440 50 310 631 141 213 970 1000 816 252 912 733 512 548 272 726 878 446 926 933 842 283 775 321 159 614 45 117 319 754 503 863 712 191 503 33 43 684 572 255 326 509 254 97 18 859 91 491 28 53 174 468 167 991 819 995 216 92 106 349 647 874 435 986 321 125 789 940 760 375 300 301 332 670 178 794 959 808 714 315 629 45 393 152 630 5 57 50 688 31 978 507 927 732 363 94 711 919 38 444 856 467 101 578 202 528 344 648 842 771 467 47 241 23 793 422 861 975 855 995 316 511 633 154 122 714 671 431 70 51 573 151 342 23 399 963 502 471 802 489 660 840 495 828 844 461 88 475 211 921 769 970 507 690 26 259 933 834 683 85 797 80 135 252 649 667 552 384 641 556 880 208 438 980 44 823 522 953 625 201 830 303 632 810 312 23 796 114 7 596 604 387 861 520 209 359 146 108 997 665 545 998 672 889 853 893 415 487 697 505 883 997 956 395 638 342 532 862 697 668 871 235 412 679 430 281 447 168 5 704 988 2 711 842 171 343 756 477 19 681 296 783 535 387 144 49 875 255 87 851 896 239 178 758 176 865 882 666 492 41 402 784 898 175 28 646 296 694 690 214 930 657 485 438 32 783 354 598 
467 594 879 487 231 677 221 964 849 796 750 932 523 375 613 867 800 803 880 942 829 26 935 758 42 682 189 905 549 122 384 480 206 143 239 277 162 883 81 700 272 540 116 982 341 405 711 802 545 799 244 797 205 457 806 174 816 585 1000 331 644 81 929 640 686 192 800 479 649 735 182 620 309 212 135 234 218 589 47 412 927 68 985 705 249 599 250 463 159 139 620 896 792 182 110 782 425 784 754 462 11 93 526 307 243 645 492 838 686 178 648 764 256 546 867 43 333 392 639 358 915 587 823 201 955 989 968 200 933 973 846 295 753 394 484 594 34 671 781 394 70 503 120 586 449 768 522 762 624 454 201 75 75 390 340 951 445 482 118 710 984 730 350 1000 490 281 679 815 701 763 952 102 831 145 255 46 103 926 777 826 558 589 512 257 398 125 273 66 251 763 446 48 774 857 817 726 773 305 720 756 896 403 26 662 344 943 486 121 514 3 690 736 345 173 942 825 417 411 975 212 706 276 11 475 414 177 726 762 105 52 754 481 313 655 446 892 101 272 895 994 201 458 788 93 995 720 300 592 371 445 460 11 527 690 779 138 308 502 185 740 493 777 253 881 138 952 31 602 264 736 416 320 380 914 73 411 466 290 495 389 652 813 552 141 605 510 142 648 423 768 498 256 558 434 753 579 193 887 78 219 435 944 900 258 989 796 633 365 979 479 47 602 875 510 242 856 153 975 460 435 216 117 622 111 68 68 945 686 713 157 687 599 239 874 118 942 993 457 859 728 215 916 260 940 593 205 116 553 577 779 725 752 689 456 103 62 314 106 376 720 722 185 416 649 32 748 132 339 661 584 680 300 621 808 251 801 834 908 942 944 772 458 210 526 824 861 499 717 27 719 384 691 431 692 973 362 128 165 444 30 985 656 690 201 789 374 890 521 338 168 720 832 15 705 576 468 493 537 547 244 399 912 376 293 193 953 344 220 719 254 316 511 60 48 126 311 127 281 636 713 540 318 658 990 595 237 922 191 482 692 983 182 813 794 750 602 999 901 13 232 158 706 166 14 42 119 195 609 792 846 251 211 447 19 908 79 667 513 536 218 489 101 152 508 802 404 814 463 761 150 798 10 49 839 629 910 404 419 310 333 
763 195 779 765 611 686 524 778 804 83 488 362 474 666 734 817 773 941 568 380 554 4 923 381 307 159 781 661 551 332 975 432 476 169 357 921 489 493 160 134 120 710 128 750 689 972 791 119 967 333 102 830 639 225 894 353 807 424 577 673 325 315 117 55 688 81 629 107 383 177 821 811 937 766 824 542 990 907 288 130 649 980 977 906 944 828 87 181 615 230 201 511 322 229 259 421 758 884 350 390 189 511 645 32 839 213 918 596 52 410 361 621 974 855 149 880 998 217 419 773 950 818 960 201 518 858 167 346 981 757 442 185 982 23 880 842 382 881 388 43 134 952 493 257 696 414 679 382 28 841 611 545 212 406 742 952 78 595 507 957 261 501 551 721 497 45 139 990 266 695 702 320 515 57 316 696 39 264 660 324 252 773 648 663 141 711 770 806 969 316 663 462 90 726 905 17 34 983 850 690 919 25 154 803 75 327 778 989 538 897 993 559 137 734 85 46 657 648 923 541 82 382 403 342 605 998 690 237 376 223 901 922 778 45 21 321 819 93 177 636 110 451 778 663 840 481 733 493 853 479 348 291 128 356 608 947 82 671 894 155 0 908 133 97 579 327 898 604 132 76 870 299 316 603 127 59 193 476 272 989 723 831 926 484 186 31 391 288 408 549 528 677 833 366 870 139 297 162 975 655 40 181 412 515 602 420 564 588 650 561 850 475 937 362 388 430 970 709 857 546 46 521 207 759 91 551 401 196 966 161 721 479 279 532 950 617 345 416 619 406 848 554 967 583 33 12 936 531 99 609 609 391 489 48 487 990 549 644 315 959 319 13 395 92 72 740 865 718 565 999 647 672 225 129 66 493 505 162 395 574 174 996 16 902 996 575 710 236 939 481 705 368 44 210 646 306 329 376 622 382 220 835 377 221 193 839 581 650 964 989 112 153 25 867 0 666 482 808 803 187 1000 22 574 139 665 87 461 703 754 229 290 582 495 853 46 692 442 674 95 611 268 909 981 764 77 214 125 8 206 419 238 244 126 364 883 646 595 922 981 402 560 316 720 924 245 374 65 417 100 108 746 492 648 186 310 596 347 624 529 224 898 988 631 153 715 488 925 23 728 40 174 916 130 436 348 553 813 861 754 528 
665 389 982 562 823 605 977 137 28 996 20 147 542 447 348 208 888 514 448 405 58 22 400 741 619 327 435 728 379 517 468 474 483 88 550 308 66 495 916 400 201 524 942 159 880 887 817 556 438 530 385 710 155 645 32 971 98 899 433 378 73 108 929 300 675 169 527 178 988 867 766 129 35 543 301 143 241 79 933 210 781 204 949 405 567 810 844 668 521 50 389 711 47 304 884 943 506 514 100 383 396 311 208 531 677 273 911 965 150 333 225 615 459 889 184 818 854 712 247 396 496 743 22 782 997 939 249 847 123 779 444 532 408 270 675 795 267 954 79 532 6 795 871 447 153 317 804 569 926 768 934 532 438 349 593 164 633 555 321 201 262 903 177 163 26 516 844 38 19 782 780 897 638 550 478 640 439 163 659 76 506 546 945 913 903 586 527 475 427 583 833 990 565 382 188 78 822 949 381 754 192 48 765 113 670 707 232 723 531 946 474 307 612 464 543 700 597 715 546 985 177 606 179 154 639 671 570 7 759 840 384 253 238 952 22 689 569 77 594 76 745 429 15 769 860 442 588 708 437 880 834 502 264 660 934 776 262 754 958 770 936 68 873 679 362 739 478 957 21 976 654 783 27 218 899 506 735 846 358 230 754 451 969 7 346 557 723 5 574 357 243 983 298 951 373 236 596 775 88 797 444 208 623 270 759 666 827 496 233 493 379 649 781 499 29 270 620 29 433 902 1 883 712 837 68 939 306 342 118 883 455 967 149 283 472 156 451 504 455 128 569 50 578 668 415 828 450 231 227 124 477 937 29 2 409 20 714 374 215 495 770 675 996 379 224 69 351 725 268 375 311 78 586 444 908 718 983 768 116 763 783 184 509 746 973 22 934 804 754 180 311 320 431 551 673 883 845 539 945 179 739 290 713 535 53 730 363 35 743 232 718 955 661 618 674 729 430 324 229 616 775 633 380 320 649 548 144 389 666 933 104 692 194 299 831 637 774 991 115 493 986 699 18 563 143 799 339 73 193 712 841 74 799 677 213 96 134 952 604 203 86 645 588 241 767 248 384 470 560 148 375 413 863 735 128 223 249 818 173 861 180 784 698 782 531 253 81 849 665 662 845 182 413 557 570 822 566 337 550 154 
742 645 86 392 911 882 842 452 9 121 278 865 793 200 899 236 573 795 404 559 330 484 38 138 352 289 470 888 359 322 332 83 475 523 867 968 347 447 807 83 86 515 327 957 172 782 900 170 295 366 975 384 779 242 913 290 224 441 914 839 103 921 206 372 115 509 49 317 749 516 858 777 893 832 150 626 691 599 287 945 191 787 353 204 135 386 242 187 598 614 174 976 708 610 688 556 91 942 472 78 287 208 330 555 475 897 348 942 680 6 589 780 79 637 298 280 150 796 99 620 668 867 613 353 936 896 639 865 699 398 263 782 440 60 319 708 798 787 648 80 8 793 27 199 622 178 765 623 857 593 249 4 567 72 961 3 537 24 453 545 63 108 73 463 186 252 44 417 39 172 288 906 32 442 624 575 205 515 741 542 754 105 627 143 943 51 782 193 267 158 730 647 746 422 255 289 270 973 820 856 524 686 773 96 277 729 701 59 206 166 752 714 715 67 634 377 695 112 109 191 916 155 771 725 463 480 805 798 702 427 834 412 400 216 794 79 61 285 877 144 405 19 590 48 664 919 751 445 273 671 986 807 877 630 454 45 351 109 453 204 606 954 395 373 9 529 219 229 318 688 320 829 265 999 378 10 768 88 967 43 400 146 843 756 15 240 524 327 986 46 845 754 565 6 845 181 321 490 11 220 770 690 204 737 408 20 781 578 504 483 788 214 580 823 109 783 299 35 158 774 942 56 449 841 509 815 936 63 996 572 743 522 635 105 726 58 322 35 226 563 451 402 97 998 997 532 476 761 864 172 554 157 564 787 410 889 391 56 999 67 331 102 697 992 710 479 474 632 323 141 326 594 630 850 992 297 701 597 640 806 281 978 443 297 467 278 586 90 334 219 830 418 977 639 957 355 483 498 301 794 654 576 683 987 378 708 65 483 555 251 78 564 589 219 776 687 647 204 128 921 128 710 553 529 943 924 361 996 25 391 385 305 71 520 128 828 382 690 387 780 575 642 312 494 592 98 87 785 427 503 299 900 830 448 67 823 72 707 122 941 49 923 141 626 61 829 469 507 709 131 475 989 663 146 744 832 775 793 678 277 570 735 244 279 801 438 747 485 377 156 904 398 732 605 451 656 394 239 637 825 
912 123 24 365 384 958 542 441 174 817 140 36 85 50 175 177 305 179 818 916 150 80 470 347 183 762 530 292 828 822 808 313 586 49 593 395 183 501 886 664 426 203 17 31 460 937 729 451 882 810 949 182 772 788 646 12 373 366 134 235 505 529 906 542 324 150 484 163 226 521 644 928 33 721 809 494 434 576 233 909 648 950 94 195 541 389 564 636 480 44 329 175 678 995 297 675 921 947 436 664 923 215 804 121 464 448 565 660 587 276 283 99 454 507 285 720 240 513 849 456 767 650 38 70 695 320 264 472 273 696 867 403 858 64 527 8 174 480 438 472 455 975 387 47 854 465 702 837 995 605 859 461 214 28 938 737 473 713 315 893 223 259 678 327 785 530 991 254 433 765 269 193 386 984 505 128 568 214 928 119 661 759 60 903 914 768 396 468 323 987 912 325 55 125 483 179 903 690 473 425 690 773 284 804 970 988 289 990 837 66 222 898 278 640 648 490 740 241 36 122 818 413 708 29 118 108 141 948 143 782 765 727 842 343 96 728 240 62 308 317 999 87 973 947 324 278 133 573 299 223 58 797 155 616 809 182 287 564 41 15 235 710 243 507 964 378 856 533 851 948 865 218 869 57 755 927 586 427 737 521 29 592 235 647 82 59 116 948 886 341 146 569 750 33 506 819 714 954 660 943 69 781 169 574 59 80 123 749 691 691 254 78 336 429 387 586 319 930 736 317 8 330 877 706 494 298 878 369 766 478 344 322 272 257 957 304 356 406 976 662 564 453 827 973 761 497 8 777 500 703 910 25 678 184 188 960 85 645 190 302 59 110 315 75 975 125 862 56 45 547 569 883 525 406 450 268 300 197 517 995 469 420 763 687 911 797 633 970 137 210 126 902 895 41 367 286 37 734 758 454 962 897 231 324 597 152 50 9 411 564 556 12 847 587 92 811 611 905 606 992 224 29 415 891 833 912 739 374 410 774 339 251 248 682 785 781 842 53 438 385 781 695 831 97 263 17 912 899 547 251 319 465 81 73 803 17 114 236 889 555 203 254 711 360 225 498 470 1000 870 513 289 939 969 184 999 750 673 721 818 886 849 580 915 629 261 677 506 384 566 481 696 651 445 839 194 538 661 267 3 926 
529 550 160 813 389 988 794 963 115 626 615 7 57 351 481 269 926 735 782 309 578 125 294 490 133 11 151 4 759 672 125 813 208 59 129 850 914 970 542 959 879 230 740 101 252 875 57 447 451 634 503 674 921 510 769 366 967 538 68 993 389 977 955 679 703 742 433 457 898 445 568 232 526 721 992 911 256 295 124 194 337 842 179 51 339 577 163 875 119 297 598 703 89 141 339 158 676 829 591 34 330 307 832 508 110 312 678 372 270 585 326 129 379 50 841 329 147 888 113 238 328 1 91 14 624 600 675 348 48 634 588 310 952 223 908 738 283 528 692 567 732 512 694 692 829 331 359 980 183 452 206 997 699 531 14 412 37 291 221 907 894 234 1000 384 777 781 241 404 260 588 117 470 294 443 856 174 951 726 747 34 456 263 983 321 955 685 613 322 285 673 553 614 44 676 91 408 498 770 958 973 825 340 577 204 937 634 911 137 747 458 378 919 697 61 252 159 562 731 994 744 610 910 466 811 268 18 931 439 815 308 196 877 95 195 480 801 499 230 506 93 726 208 857 61 95 469 807 846 122 233 197 192 196 854 472 614 260 872 519 396 812 504 83 710 607 81 166 505 397 524 837 782 653 43 245 921 238 736 340 169 973 584 196 837 441 596 829 574 320 960 956 505 344 15 999 246 667 922 999 715 250 449 689 662 761 395 804 837 689 947 617 312 990 399 441 874 110 404 396 545 476 871 325 42 461 974 620 702 244 976 92 425 320 888 371 656 406 740 799 193 255 514 264 80 538 705 823 190 25 973 78 195 601 254 112 808 794 554 173 284 505 680 103 514 215 870 298 938 74 421 552 564 31 890 978 429 600 367 739 331 643 24 68 664 97 695 567 672 669 999 197 320 102 442 824 334 665 259 982 922 175 884 920 93 556 924 282 736 472 902 393 734 819 106 908 141 177 156 1 795 489 300 618 94 60 152 864 525 694 293 52 78 436 825 613 215 638 489 621 274 275 830 554 606 792 38 839 310 725 604 401 101 682 177 251 908 268 669 558 332 766 584 967 778 805 670 737 336 723 33 425 878 744 910 536 348 599 432 327 957 922 483 466 760 635 304 994 829 62 364 612 545 745 918 498 471 82 580 828 264 
302 535 571 600 612 278 155 894 917 433 166 721 432 627 356 852 411 627 453 750 892 237 243 35 904 171 292 827 60 193 997 750 264 840 400 898 612 888 684 266 358 459 470 846 817 311 551 703 343 66 532 190 138 935 895 6 337 474 434 15 519 432 558 150 162 131 857 936 817 775 485 275 443 858 124 549 269 537 201 501 174 269 594 852 136 63 442 404 754 284 740 111 424 351 950 423 973 829 244 896 873 859 899 465 626 667 577 570 525 562 506 196 827 972 304 357 323 459 587 515 453 273 644 665 859 152 289 667 855 94 886 238 208 236 240 765 431 749 72 982 202 345 263 256 991 73 524 27 561 798 182 556 989 372 80 900 466 896 621 230 651 442 932 380 141 317 255 156 453 811 46 673 40 741 62 909 256 282 217 404 337 888 989 38 635 879 104 363 906 742 212 990 610 565 327 206 321 555 599 656 499 633 951 745 328 808 751 24 49 488 851 648 540 625 47 466 879 566 952 724 96 508 948 372 177 705 873 55 971 498 962 594 542 928 855 304 782 945 394 561 74 255 341 898 752 935 402 252 207 892 857 153 41 393 253 82 314 427 919 474 732 801 854 900 329 408 659 349 699 345 259 530 123 698 144 24 371 881 912 967 856 841 137 746 509 220 333 363 200 648 567 466 703 507 141 222 332 822 213 21 542 291 646 250 994 275 676 64 254 441 727 814 811 470 898 816 672 925 570 586 445 636 956 633 367 76 511 506 86 371 551 822 4 409 263 5 27 850 703 23 822 950 741 551 955 649 536 378 523 745 447 340 21 487 37 236 739 836 582 418 887 670 260 573 63 326 582 370 534 759 804 644 636 445 764 438 886 964 53 47 256 620 364 574 17 939 971 331 640 420 231 264 406 402 200 841 679 123 943 82 355 743 249 524 626 749 781 854 17 98 109 859 540 815 409 353 958 509 488 176 935 156 243 254 154 174 700 636 465 694 735 231 836 55 509 775 750 347 25 619 228 776 608 889 386 731 936 7 974 200 539 504 814 537 668 900 752 462 593 590 99 390 965 251 608 521 357 484 683 273 862 770 89 594 633 122 310 240 529 141 42 162 307 140 996 168 628 15 328 199 966 268 417 616 507 941 633 831 393 485 
246 495 43 799 7 465 409 833 624 221 670 248 124 438 517 456 8 418 785 155 36 918 928 491 561 19 386 220 252 682 77 636 961 738 654 378 33 581 354 911 840 495 280 217 253 835 465 238 300 275 940 500 263 140 311 634 656 673 834 875 157 256 795 937 947 462 111 102 838 708 557 331 349 947 544 812 280 895 989 70 343 89 141 193 337 5 651 373 476 725 97 872 857 24 435 583 604 601 994 864 159 63 579 254 109 984 65 381 600 974 381 659 209 406 151 891 456 497 56 322 451 748 767 707 419 97 292 791 330 934 796 829 602 428 549 817 630 48 944 610 624 893 764 933 574 371 647 702 860 866 267 558 358 411 490 535 826 441 610 389 399 195 896 402 579 758 127 358 130 68 355 913 886 132 300 138 791 449 633 700 55 342 866 492 915 248 433 719 428 568 365 423 783 527 9 424 363 226 179 69 998 332 281 973 752 487 245 113 97 921 143 586 69 752 79 329 698 344 540 105 194 226 908 460 791 14 924 56 639 679 834 260 12 186 129 695 926 562 11 350 665 648 665 428 225 266 683 978 593 376 433 231 727 600 526 450 155 859 769 345 563 596 921 756 359 708 898 180 164 794 135 722 229 10 36 959 181 995 834 544 335 248 687 310 61 12 600 3 385 149 672 596 175 409 834 532 761 761 150 623 656 172 364 392 810 330 521 48 407 79 529 10 963 213 379 191 178 536 829 618 580 116 706 897 54 994 413 31 99 231 901 333 263 760 760 101 972 197 937 294 22 999 690 789 957 284 577 262 721 66 643 164 602 376 50 983 255 248 192 193 289 734 391 761 777 252 541 631 731 345 542 815 518 215 249 27 84 771 761 757 845 868 773 509 564 420 222 862 743 345 815 915 432 579 347 365 779 382 323 156 531 299 69 456 847 640 246 511 763 359 631 822 723 666 361 60 546 374 898 906 227 956 82 178 127 863 108 771 671 92 734 631 903 331 79 59 126 252 589 34 574 590 25 801 420 967 504 425 469 930 768 26 145 93 432 600 572 127 91 397 339 403 94 866 582 840 364 327 471 98 349 349 870 97 650 623 930 422 422 29 269 177 277 327 549 344 839 518 351 117 297 201 962 873 114 733 154 625 395 445 
233 623 455 676 409 449 626 734 737 275 292 525 869 123 871 820 18 476 480 326 420 970 728 51 597 65 220 348 771 203 499 136 321 5 283 694 307 134 741 914 412 200 500 659 434 551 80 88 926 795 232 763 34 676 473 306 285 704 884 103 610 10 500 33 440 159 31 121 840 616 285 325 115 275 947 319 267 477 924 281 105 522 727 89 945 170 669 94 989 829 335 541 311 270 709 444 298 742 825 431 903 561 722 117 42 92 169 65 437 298 954 72 978 13 908 987 335 378 326 896 169 203 24 190 415 356 254 808 629 657 370 408 879 390 962 376 688 991 9 302 181 725 831 328 116 633 444 159 598 223 915 641 247 499 653 585 504 609 903 240 585 718 95 517 424 771 104 543 914 830 754 701 513 615 544 763 547 288 198 801 142 775 305 222 940 903 456 990 892 531 641 876 315 925 501 796 548 185 60 913 389 121 856 107 983 785 227 171 373 266 232 482 120 782 634 63 902 137 260 665 422 426 712 561 165 600 464 623 322 574 916 999 339 657 26 306 41 102 502 852 560 942 310 693 428 12 915 550 900 597 792 874 773 22 626 7 3 236 264 896 120 517 848 312 123 643 600 68 395 203 175 897 291 628 874 150 999 51 261 42 26 918 728 66 393 948 475 250 771 343 68 417 45 674 681 893 489 123 526 504 19 152 649 16 485 636 904 346 255 140 926 203 977 480 502 610 773 441 948 936 763 139 202 204 277 632 920 595 35 271 411 917 113 654 756 777 725 920 556 842 673 16 522 388 293 953 91 719 814 527 191 761 264 407 670 929 183 598 988 611 119 321 680 99 403 994 462 813 803 851 160 400 677 808 803 136 209 296 391 454 488 183 669 620 787 208 523 969 588 233 140 289 893 375 712 277 708 713 725 158 196 973 629 976 500 801 491 292 702 30 480 608 889 95 11 274 326 510 22 910 461 474 880 465 228 421 558 786 379 57 518 527 930 56 874 361 954 759 122 466 212 298 24 166 590 84 420 92 840 738 551 519 356 701 652 528 669 713 261 286 19 979 637 786 219 497 471 42 841 997 566 443 926 68 559 966 379 787 826 694 808 537 920 485 492 454 373 526 651 953 958 93 98 86 155 528 59 778 291 656 
719 853 88 534 355 525 661 298 842 18 300 530 230 513 411 671 850 767 319 152 153 571 167 240 845 588 226 349 867 676 308 240 739 628 692 491 690 869 401 774 946 868 295 239 196 799 885 184 793 178 466 631 989 984 119 191 570 268 24 942 274 464 506 947 495 647 277 553 356 482 495 977 208 922 241 814 122 116 211 18 877 194 26 477 729 214 225 293 659 462 843 807 563 733 198 896 168 762 161 919 449 676 429 350 822 913 934 756 552 102 889 378 398 850 701 394 467 83 397 253 455 680 941 960 323 796 678 29 116 823 476 454 37 226 970 678 20 780 769 8 766 913 171 651 579 495 820 172 132 596 128 413 728 223 788 982 914 495 10 823 730 280 810 124 410 691 873 583 116 342 807 854 194 432 657 949 170 697 199 984 357 767 404 490 348 347 637 602 227 285 424 776 695 779 489 875 215 86 767 149 435 753 391 436 682 806 441 918 605 37 230 362 302 818 642 340 809 761 564 436 57 108 835 232 690 555 571 374 923 278 511 529 394 945 819 482 763 161 439 138 292 603 931 406 865 710 647 955 970 655 763 870 492 759 327 408 441 347 510 606 776 405 392 728 626 340 564 580 573 663 840 106 366 650 26 265 938 720 906 966 727 640 509 157 894 136 581 662 227 646 970 205 688 683 385 621 669 210 498 812 202 7 725 509 274 104 422 561 817 647 941 652 657 40 864 218 926 722 542 849 370 726 650 575 372 464 830 767 628 700 440 382 569 412 193 855 454 434 460 302 930 473 920 935 893 428 302 75 26 248 930 138 998 40 529 482 253 154 964 76 118 801 507 126 835 268 131 973 329 777 259 489 863 350 211 934 587 431 806 455 398 842 24 847 641 205 694 296 834 970 233 462 26 794 433 522 654 780 865 588 153 41 635 621 225 309 945 236 746 101 435 907 76 685 613 138 694 389 578 14 967 837 198 618 144 629 970 355 888 241 648 453 413 504 789 480 857 807 196 289 139 872 767 223 785 734 425 295 79 28 488 832 708 170 626 686 276 761 233 559 254 397 118 800 576 613 297 489 542 418 812 500 160 614 944 257 504 290 441 238 934 249 923 794 96 680 851 917 245 281 663 173 249 487 702 118 741 831 375 191 
223 907 111 348 350 314 697 417 12 100 405 820 343 226 216 225 4 585 824 225 530 170 836 607 159 424 245 721 842 813 162 269 768 787 207 812 408 330 617 923 969 349 729 478 933 814 745 757 276 885 651 967 492 912 534 287 68 519 387 221 940 27 837 641 320 46 684 397 402 911 819 794 548 161 365 35 473 406 489 627 994 121 958 398 195 640 451 398 424 606 214 356 678 904 296 137 868 475 822 572 682 380 112 745 775 295 546 921 522 864 99 868 12 456 143 359 975 454 49 474 316 592 972 56 370 546 649 317 576 320 929 513 790 506 177 427 548 505 566 911 921 760 591 472 150 865 624 31 489 347 413 398 561 688 400 653 327 312 902 269 445 404 390 106 53 946 563 9 775 277 168 173 279 693 809 698 830 422 461 237 712 791 559 652 302 731 751 909 776 691 843 71 472 100 238 353 734 927 60 137 411 706 379 162 877 547 394 546 580 873 215 988 540 475 341 987 756 956 564 978 131 628 886 34 808 115 191 132 641 47 479 601 100 597 566 818 285 45 658 515 689 700 816 910 889 195 919 814 364 11 440 905 157 509 464 710 820 734 16 886 661 198 893 773 357 525 927 756 680 884 812 874 107 537 856 991 696 683 617 433 287 689 419 992 375 637 570 125 311 514 528 272 333 646 323 547 340 204 265 804 829 484 862 937 235 161 569 798 851 653 309 867 293 202 828 904 819 341 761 515 118 175 162 323 472 438 863 616 48 116 13 242 863 923 457 845 874 232 839 63 403 694 83 337 321 817 936 631 923 392 792 24 137 199 182 43 637 367 32 976 390 819 208 88 12 361 784 6 155 41 767 291 251 162 272 622 279 336 377 815 527 20 428 503 533 427 99 757 988 520 433 92 260 34 318 664 694 613 187 705 185 973 703 678 913 411 639 448 879 63 679 122 685 62 743 328 622 609 940 532 27 411 617 41 611 218 443 132 182 193 483 741 268 856 616 965 632 837 253 659 618 100 773 204 713 630 885 214 356 935 721 814 268 927 146 863 110 596 77 205 263 557 840 164 607 48 203 148 253 121 905 445 523 464 671 517 764 954 884 328 256 550 960 333 461 788 659 957 557 789 798 886 174 564 293 842 228 26 809 925 
137 812 925 606 630 665 599 231 867 491 891 23 957 228 199 152 467 591 799 846 996 776 391 705 94 794 522 605 530 457 440 464 436 950 875 626 608 432 931 724 2 114 275 126 647 492 491 518 972 752 739 493 843 596 895 132 395 888 651 963 969 948 628 983 162 311 537 107 23 11 722 202 105 213 167 259 417 442 291 843 685 676 168 587 798 705 809 235 711 254 956 374 638 35 85 441 35 748 271 898 598 925 172 400 983 150 945 111 104 419 169 664 531 35 83 90 115 473 937 173 961 784 93 321 739 821 403 128 46 163 541 555 385 523 970 908 456 263 136 836 25 844 207 574 491 643 778 72 760 944 84 294 49 401 647 605 258 295 934 847 912 745 59 661 912 585 816 669 67 204 81 936 666 666 123 188 424 262 824 163 248 435 176 835 208 522 129 193 912 460 985 596 685 780 799 785 646 334 30 782 515 389 691 764 272 695 1000 756 241 647 137 782 448 455 698 13 301 514 892 975 580 164 667 664 290 286 397 467 324 866 83 300 896 519 551 165 792 137 206 343 262 645 207 611 354 878 928 139 366 260 187 687 479 701 830 901 955 443 975 555 767 518 577 824 689 543 367 18 449 527 840 804 640 948 953 763 191 994 51 536 261 297 850 926 762 395 182 373 486 708 978 821 993 563 542 734 290 481 440 757 178 648 157 525 661 531 606 921 471 815 639 395 981 868 226 722 982 665 603 361 364 120 695 210 667 227 271 969 385 840 373 35 778 628 1 582 931 216 704 673 980 302 206 779 391 682 666 751 663 752 537 328 901 607 345 280 730 743 311 350 840 334 318 299 409 700 914 118 982 578 511 731 643 453 969 913 626 848 324 321 558 257 63 922 971 975 337 402 834 141 97 86 323 211 781 849 784 36 720 609 39 680 908 554 734 908 448 414 521 724 395 692 815 747 410 288 783 464 104 911 487 498 990 114 611 438 486 90 886 413 776 731 894 794 133 500 305 128 196 586 87 934 547 741 212 717 681 899 358 195 829 711 954 931 972 240 434 375 420 22 841 302 426 554 815 258 383 123 998 587 718 207 449 91 581 813 521 726 150 408 342 416 97 470 991 204 638 796 841 936 331 302 100 634 654 656 816 451 470 644 
964 311 43 850 649 558 270 319 276 282 882 497 62 558 706 264 726 860 966 682 77 775 197 322 912 648 740 339 922 594 427 16 554 715 709 838 42 899 476 748 91 52 927 908 879 463 768 498 197 650 303 731 291 197 683 656 682 654 311 231 711 897 613 490 746 631 777 756 142 888 105 204 154 338 76 360 388 92 856 234 453 59 31 166 364 416 630 758 791 149 771 855 460 67 768 729 765 457 636 825 934 492 178 407 57 7 402 364 921 197 767 750 696 860 277 11 721 562 555 786 767 76 85 148 10 484 554 479 355 448 346 32 334 912 503 371 456 673 886 841 318 25 4 486 978 668 965 793 677 164 334 923 267 259 219 426 793 24 848 629 379 588 26 681 214 283 678 670 93 935 733 691 956 884 132 521 742 893 831 294 126 832 426 239 575 606 472 208 217 891 929 142 995 96 973 502 526 696 442 130 317 210 979 698 31 830 144 173 276 419 947 328 452 600 464 358 260 493 621 849 615 202 648 809 187 651 216 518 981 456 634 408 136 204 756 514 565 927 519 440 698 349 519 236 445 179 857 250 294 389 357 832 299 288 89 975 398 559 659 932 24 792 305 994 237 742 522 753 991 456 799 728 281 735 345 571 54 793 371 475 786 430 931 786 639 775 3 880 596 590 353 48 518 815 327 656 626 847 520 354 319 627 375 54 452 695 622 683 773 983 243 425 869 908 893 937 676 9 503 530 82 471 176 233 812 805 225 664 999 453 182 936 279 156 323 249 539 340 174 151 906 804 149 611 486 848 433 771 663 804 889 353 62 273 865 816 637 72 478 128 473 548 64 542 469 71 456 561 543 714 868 1 785 197 547 927 315 562 454 611 406 600 459 304 675 232 335 70 109 365 568 789 457 933 365 894 804 495 777 137 837 430 729 698 797 314 366 276 710 817 143 209 105 946 318 532 0 542 514 688 601 450 612 281 896 126 184 582 262 541 451 225 987 263 427 96 14 466 925 339 860 347 420 815 326 399 389 582 316 266 132 872 59 986 935 268 460 696 397 370 640 392 296 408 275 994 271 203 281 657 871 169 930 386 238 520 182 945 252 730 30 529 962 841 281 415 659 99 65 722 210 34 582 725 254 605 113 1 940 553 
570 88 299 304 504 642 243 885 247 388 821 353 191 11 409 885 635 678 763 896 521 57 330 150 138 402 287 440 132 702 889 654 214 639 143 884 358 994 217 168 827 158 791 626 826 641 161 645 941 379 204 524 592 322 46 410 229 987 325 389 219 467 443 447 735 854 421 74 640 540 441 466 31 820 760 159 828 824 297 772 844 102 521 663 822 937 929 324 762 805 588 557 427 834 197 742 79 877 668 284 223 585 780 194 69 961 498 103 676 184 579 286 76 876 413 340 340 58 86 693 250 325 98 812 52 65 223 508 287 857 215 611 898 210 800 711 249 21 844 852 923 577 161 145 818 915 840 666 125 572 927 102 10 110 360 780 376 54 413 73 500 912 943 250 348 839 429 948 496 333 298 55 491 842 223 563 507 888 531 617 945 550 38 135 987 292 93 933 591 837 371 256 460 502 548 696 385 141 378 518 890 339 135 89 411 970 473 14 549 122 442 606 418 109 58 771 29 298 221 296 208 63 867 487 181 791 585 554 856 762 92 135 695 83 539 396 719 196 402 723 515 63 124 839 115 535 974 423 509 318 529 525 433 774 53 7 644 360 355 643 849 440 619 97 851 669 20 9 832 999 298 942 82 224 273 80 894 49 46 530 927 452 315 861 830 109 48 547 615 135 75 811 212 870 981 415 351 898 227 572 539 150 147 379 693 237 529 132 856 185 359 121 403 808 408 219 871 974 644 271 254 843 605 875 454 173 13 243 838 180 798 627 248 446 660 919 675 85 162 810 105 137 244 327 164 176 744 307 829 505 366 843 492 933 808 500 206 352 291 311 697 0 563 170 963 667 196 682 151 872 867 435 992 806 657 661 293 973 784 216 723 389 975 959 344 679 607 218 549 116 215 246 159 706 805 853 356 964 375 526 279 833 396 769 437 622 901 66 245 770 398 819 279 126 208 529 570 594 349 678 736 867 111 807 735 171 345 932 85 389 582 255 743 698 611 548 264 287 666 443 982 241 809 949 205 615 190 28 219 12 331 356 882 38 635 973 684 112 456 644 826 446 178 434 365 288 351 94 776 558 236 632 420 885 253 530 349 253 539 999 388 658 785 969 934 158 994 58 606 463 694 688 719 667 586 457 333 424 73 609 
523 706 977 850 869 645 493 284 811 636 796 218 405 307 128 332 888 116 817 226 51 295 373 152 168 32 690 944 269 595 984 949 703 984 960 580 639 993 538 947 60 805 334 819 148 907 395 665 364 549 430 394 865 727 339 776 807 354 43 710 926 126 574 553 849 626 867 901 204 71 754 812 171 480 808 296 344 500 915 495 68 955 449 297 563 6 799 660 31 105 520 737 620 847 510 705 970 470 656 204 40 804 973 94 718 591 667 28 537 419 624 481 816 490 38 357 278 50 285 524 932 725 361 214 992 519 796 475 362 77 817 33 751 686 440 723 995 619 296 798 858 607 69 867 356 517 670 720 758 142 20 23 133 481 349 596 23 724 717 453 10 331 31 583 313 127 50 43 125 384 783 977 178 917 2 834 835 970 264 941 751 971 128 90 632 508 289 635 257 310 277 332 295 481 475 28 355 869 664 662 224 498 194 771 166 812 983 588 80 121 134 188 407 905 887 106 567 468 88 933 49 974 914 982 652 182 974 189 551 41 56 649 228 535 367 635 97 247 230 722 126 911 62 491 448 48 895 633 251 835 225 256 1000 169 82 554 655 655 774 370 39 376 394 805 895 632 674 70 376 48 242 587 689 539 371 968 70 958 65 139 334 606 967 214 307 664 296 860 685 140 932 427 969 388 445 869 409 337 110 601 275 828 507 621 14 274 80 174 899 302 951 523 111 820 681 418 17 352 63 893 100 639 577 757 713 837 271 929 551 344 745 888 805 118 67 978 126 953 727 37 114 584 930 469 754 762 436 371 97 735 580 421 262 986 272 694 234 79 997 692 251 365 863 34 104 176 351 649 401 822 829 751 665 814 740 760 636 295 507 480 187 506 932 336 46 976 932 957 212 381 283 563 365 960 556 562 460 152 416 330 165 470 789 825 94 530 565 387 683 4 684 899 915 641 611 232 55 924 612 533 204 245 239 195 89 453 808 268 388 640 821 265 440 521 774 619 983 242 189 99 243 458 800 69 991 881 128 967 661 810 201 896 370 30 424 481 124 80 742 105 416 385 186 590 762 386 268 438 973 788 433 857 153 727 671 661 637 785 119 976 337 203 488 320 906 552 645 325 348 317 102 692 582 666 282 88 283 740 126 20 
987 308 193 907 7 126 982 450 774 665 632 60 296 49 27 6 387 191 301 936 28 533 700 9 954 991 861 525 695 384 624 713 208 995 361 154 812 603 51 379 865 759 158 869 802 315 155 76 343 487 596 735 205 333 817 116 423 999 29 837 486 682 579 606 707 358 287 590 847 991 821 403 343 210 724 520 598 664 191 766 754 717 167 155 815 786 241 741 911 283 856 302 224 189 215 243 754 833 976 633 949 12 192 343 656 15 786 214 186 817 930 749 322 312 668 520 430 401 753 843 498 651 578 684 651 620 885 112 663 411 835 508 158 290 834 26 875 823 394 602 600 645 736 389 346 829 119 518 914 7 486 500 125 259 53 755 220 944 437 288 34 352 543 668 357 135 380 19 406 150 364 568 481 124 749 12 573 249 951 230 513 975 893 769 126 998 778 494 598 118 2 889 677 286 160 608 554 557 383 602 895 881 960 124 48 812 970 60 256 324 183 239 112 983 274 128 685 643 229 634 320 39 409 877 281 163 692 287 443 10 692 513 709 640 51 488 878 959 877 415 838 437 373 926 957 841 693 285 538 273 250 686 312 345 519 397 191 503 88 357 87 538 355 251 690 252 262 916 355 270 389 964 253 178 567 878 349 38 246 984 54 250 27 847 962 995 774 10 330 135 511 111 502 230 296 817 46 744 586 688 642 7 228 717 564 647 529 613 959 530 581 987 176 92 430 78 124 109 281 187 748 501 366 425 123 614 358 664 748 700 663 637 273 148 901 331 570 75 232 801 393 402 288 958 89 564 858 86 624 345 672 596 488 919 885 36 620 227 170 680 862 553 851 571 640 900 822 776 285 155 383 125 712 640 646 750 855 692 649 392 611 338 914 173 491 657 291 338 850 344 739 647 464 609 156 988 949 54 587 231 215 503 304 159 346 165 587 82 339 916 287 963 343 23 436 834 895 46 486 970 79 657 542 103 964 865 679 119 884 714 7 181 907 431 629 961 320 1000 438 842 52 401 304 768 413 297 450 84 999 224 333 880 693 370 996 701 849 932 731 630 512 358 79 585 129 627 102 179 478 428 963 55 127 454 269 143 57 695 982 463 165 574 365 794 304 831 361 191 803 256 501 426 798 639 893 21 655 957 866 77 
638 334 701 217 676 37 949 113 569 482 279 156 540 11 473 393 709 212 791 123 840 197 643 317 809 71 3 800 354 231 284 558 99 672 780 295 983 565 810 752 74 24 842 932 252 625 833 833 135 632 230 317 893 150 833 257 977 105 751 396 472 249 517 329 520 533 362 742 419 568 808 407 219 747 198 274 996 151 471 392 311 827 39 518 843 863 567 410 671 231 182 683 316 995 247 665 645 267 291 646 607 508 99 884 17 561 702 956 598 168 504 734 607 897 856 752 314 713 743 512 790 5 707 484 327 174 800 262 632 365 991 505 618 353 680 368 598 624 446 842 144 563 148 936 227 702 296 252 81 283 240 223 507 188 49 48 308 833 497 809 688 459 178 906 894 525 739 274 11 871 877 360 430 944 60 942 531 370 61 537 674 132 968 580 44 679 492 291 62 183 478 209 829 170 1000 185 135 424 594 713 3 945 251 150 386 22 226 950 316 977 477 505 288 543 21 49 98 857 461 182 62 454 739 446 280 896 216 367 284 704 921 504 863 107 63 724 839 863 377 658 512 911 197 552 64 919 194 737 119 950 358 400 923 324 349 126 314 301 288 349 914 893 463 851 353 800 212 7 498 417 352 444 54 148 503 919 60 22 925 675 467 748 5 501 941 954 992 254 823 713 895 861 879 627 818 319 753 251 453 624 533 701 479 154 20 112 954 765 55 21 867 621 195 48 726 688 701 637 53 663 485 995 1 347 486 467 902 902 2 889 247 337 916 513 207 725 645 588 98 78 226 407 305 559 108 384 958 870 522 957 190 795 763 93 147 590 374 14 566 787 945 320 921 276 220 141 986 449 118 789 970 536 782 27 311 200 735 324 373 488 848 423 11 438 587 461 637 912 585 385 755 587 734 811 878 216 737 629 869 457 658 902 450 801 963 184 701 434 779 558 401 8 473 925 330 78 317 481 947 504 753 960 731 103 924 605 282 541 730 525 85 311 947 612 174 277 680 684 386 883 199 13 985 761 984 482 969 136 88 589 854 477 30 664 128 174 804 210 734 903 623 540 317 400 641 544 500 824 331 589 977 774 195 574 388 915 244 754 167 603 954 513 260 597 690 631 969 111 766 905 907 54 50 748 424 922 132 869 130 904 
752 228 531 912 832 994 859 991 73 173 870 789 36 782 958 879 402 86 117 602 880 924 762 316 802 666 460 423 690 633 183 564 117 881 331 482 986 124 110 863 788 467 574 216 24 973 560 78 691 835 97 57 937 0 307 630 203 793 162 128 545 50 756 150 317 66 141 591 953 170 440 386 556 454 898 369 124 986 642 641 589 490 636 204 824 594 766 396 997 468 420 498 793 375 601 220 332 125 641 296 115 162 494 841 197 684 777 594 739 448 744 296 728 283 956 703 415 349 194 643 129 300 702 505 988 515 482 912 790 501 318 654 57 967 775 499 582 914 345 381 437 726 688 84 600 667 177 183 740 922 885 727 105 876 859 84 953 747 735 176 180 416 743 146 677 120 785 469 626 688 777 143 611 561 76 959 19 333 945 112 296 447 154 378 197 729 73 277 793 917 336 696 975 578 119 228 413 628 702 656 351 139 91 971 706 916 463 321 291 360 236 989 930 354 10 406 721 464 159 704 16 492 67 677 843 79 44 265 424 694 360 480 814 694 91 330 998 713 861 629 13 525 771 292 336 159 874 418 926 359 569 272 558 204 742 359 138 451 498 868 238 773 309 940 540 396 661 730 463 534 483 511 832 303 963 526 299 260 953 956 371 619 943 431 815 868 347 969 944 898 804 290 644 965 33 412 493 611 467 567 510 895 982 936 815 973 934 409 646 976 186 354 1000 445 88 191 666 818 136 491 38 63 903 379 24 868 739 244 292 919 100 33 849 129 487 931 389 694 312 270 124 602 621 914 147 632 206 169 24 681 376 784 372 869 265 596 973 194 904 973 60 440 829 806 571 188 158 867 882 814 778 229 432 532 627 63 796 665 707 921 701 851 207 287 636 861 806 362 463 169 769 512 681 811 239 533 763 773 741 283 309 529 251 92 420 796 174 791 741 123 736 756 706 498 221 460 257 85 196 874 173 273 733 371 982 127 623 919 916 478 301 51 506 364 241 131 623 215 692 57 525 966 729 417 575 251 89 96 831 337 812 15 261 378 413 885 913 156 107 609 23 863 833 826 27 147 622 989 220 361 950 871 121 385 37 795 284 442 92 661 369 667 675 782 162 408 567 921 453 922 309 165 259 565 50 479 553 855 804 552 
191 565 656 243 368 645 675 517 603 497 40 987 389 355 910 502 37 374 803 491 381 594 884 28 892 834 933 118 202 62 727 931 667 602 91 725 429 36 383 496 450 624 272 337 225 947 181 230 783 443 81 982 359 61 65 148 659 37 717 146 954 743 710 86 66 103 741 500 774 787 465 938 753 194 122 844 847 642 794 93 574 480 56 678 713 333 105 813 107 837 133 177 420 779 791 892 404 924 631 395 260 166 314 963 71 954 576 153 451 825 641 442 284 629 17 214 651 477 435 257 907 698 103 500 411 96 318 733 952 236 876 10 810 273 382 547 687 116 135 167 17 148 594 2 706 969 902 88 41 338 198 699 672 470 634 826 312 881 632 116 674 140 189 329 496 564 856 813 114 617 737 318 40 155 39 283 193 574 596 969 348 656 364 507 658 247 469 933 107 991 813 582 570 817 122 246 287 190 979 942 976 688 77 495 158 639 373 275 646 213 878 543 592 722 763 46 438 470 884 22 948 669 818 697 16 370 201 600 610 158 696 666 895 180 586 356 476 422 342 231 593 473 258 272 191 931 100 924 571 861 903 684 539 73 943 42 191 894 687 906 703 89 704 580 712 130 94 609 472 94 883 958 198 347 277 595 291 819 630 140 691 874 985 670 197 726 783 136 347 698 30 968 16 68 52 213 332 113 729 5 539 203 190 379 575 796 667 552 564 991 499 610 433 521 19 265 429 503 35 773 170 798 784 554 652 63 398 166 886 400 576 358 355 413 586 865 263 651 141 14 830 599 305 272 509 807 281 627 580 0 670 47 572 543 204 183 328 550 214 518 695 169 11 368 1 619 489 898 651 358 524 521 350 884 829 120 451 399 886 452 685 385 482 276 499 692 460 634 756 889 215 176 658 564 799 590 920 162 202 233 324 469 222 484 770 686 172 952 216 361 266 651 790 647 146 23 743 666 6 710 809 943 482 461 230 428 473 380 111 1 231 234 497 870 816 89 72 546 282 206 562 494 545 84 411 882 359 434 99 355 302 258 338 6 73 367 922 553 255 348 968 227 312 639 104 467 931 371 374 789 186 617 514 950 547 543 105 63 814 753 294 117 373 607 936 943 828 422 508 417 502 783 857 217 921 735 737 973 835 848 
796 550 679 610 560 433 498 251 298 261 803 462 307 193 96 551 662 851 613 416 787 440 993 356 182 249 178 885 822 453 886 710 800 953 285 968 816 351 143 97 403 782 278 242 335 235 214 220 272 372 224 648 867 564 165 116 661 95 257 719 2 747 268 995 706 473 783 975 16 500 689 572 728 91 875 750 233 367 306 794 920 266 113 57 333 630 54 165 9 486 425 373 815 907 630 685 310 6 425 805 313 881 653 661 997 748 730 733 372 331 308 454 271 630 962 183 265 793 272 925 933 139 772 841 417 476 697 890 359 649 457 332 341 535 9 842 778 283 567 303 677 239 723 573 176 370 136 254 748 270 352 407 589 132 650 716 778 437 606 87 255 706 458 206 263 339 777 125 605 997 881 10 861 505 234 397 780 673 8 625 720 575 965 798 766 306 991 463 81 279 877 750 712 740 940 634 522 909 123 311 390 196 945 119 62 571 559 861 788 258 974 81 973 116 192 361 50 830 738 233 948 281 962 990 681 186 776 298 711 806 715 428 328 243 906 409 319 106 998 775 446 555 228 524 958 215 331 472 296 573 339 614 956 108 231 339 36 793 456 734 301 867 287 157 19 185 270 9 417 160 688 204 170 794 808 526 696 88 748 563 698 6 240 52 531 950 786 529 57 431 739 284 714 811 821 347 306 958 833 603 644 467 889 45 452 307 982 229 842 629 533 135 129 368 894 156 582 194 896 574 491 101 723 198 893 25 42 356 393 495 363 801 354 344 9 68 380 762 393 115 522 784 240 471 146 182 462 250 383 133 24 62 923 430 775 307 249 622 142 905 572 437 292 429 745 374 208 751 407 82 580 226 218 33 790 546 94 487 164 100 442 61 990 691 15 43 725 294 188 128 791 945 672 295 902 381 98 747 327 197 187 795 421 425 466 128 855 725 104 327 103 715 100 869 397 307 215 648 336 941 375 307 350 11 189 252 751 549 974 802 238 953 108 282 959 561 999 489 696 755 558 141 600 78 483 612 940 934 119 149 39 933 171 736 371 112 800 599 299 897 619 78 385 949 753 307 939 332 812 52 285 997 641 204 321 709 521 463 455 711 884 291 492 336 726 421 766 36 653 181 791 179 705 338 919 837 646 587 278 157 
350 657 466 745 912 137 884 564 649 476 57 500 380 84 524 394 885 386 656 494 382 506 167 789 892 233 388 433 828 444 60 938 221 740 987 941 8 13 816 209 633 654 108 228 156 346 229 620 66 747 884 873 471 914 541 100 479 157 183 912 136 741 747 566 918 853 463 915 599 891 812 954 617 173 883 228 728 185 579 152 255 217 147 816 391 91 742 848 848 571 835 596 416 712 545 547 906 799 923 879 722 424 820 963 871 944 316 353 73 544 429 186 137 204 46 493 769 553 627 804 747 266 590 476 278 985 664 782 948 892 428 576 855 91 783 494 890 370 189 866 921 872 370 496 969 31 338 161 488 284 288 236 168 545 179 560 470 110 344 860 728 448 202 316 518 50 871 202 425 807 407 135 442 381 416 13 286 809 587 241 31 154 986 21 119 793 943 36 745 434 533 577 67 875 822 580 841 758 834 77 444 719 290 411 191 593 509 318 883 577 890 834 795 367 532 38 172 703 756 888 7 396 619 810 172 135 474 362 359 187 481 996 944 117 121 903 325 974 449 536 840 70 767 915 653 717 587 427 152 250 88 855 390 819 910 247 225 520 120 729 381 508 652 87 585 420 160 707 350 536 422 428 623 789 982 871 248 842 226 198 766 431 720 189 440 342 610 564 656 578 270 479 922 242 770 427 345 852 137 804 973 865 836 293 976 698 649 899 790 250 383 390 297 9 221 502 997 21 498 829 209 98 492 111 625 306 603 403 347 994 243 594 866 532 894 523 435 953 786 188 604 170 105 291 456 686 143 802 462 572 372 771 856 301 644 174 870 290 431 364 307 624 656 78 31 601 244 154 682 483 184 778 201 694 603 160 688 443 230 548 893 226 575 307 429 730 684 898 154 568 605 647 264 706 219 777 778 12 539 390 731 622 4 334 473 204 276 74 550 459 744 626 795 887 315 878 753 680 498 580 881 778 682 239 407 366 639 25 746 98 890 905 702 93 184 814 377 870 259 624 613 964 732 877 311 780 300 794 259 343 653 994 782 233 695 203 763 257 687 588 132 941 515 414 909 102 999 830 974 549 477 728 379 69 645 711 398 8 320 127 876 889 819 699 482 832 95 159 235 78 932 623 10 321 150 660 742 685 419 243 
143 346 885 847 610 780 958 862 453 575 244 389 832 966 472 74 682 483 283 464 653 542 725 630 140 564 507 160 625 307 708 381 76 38 634 185 357 101 233 989 914 392 207 358 795 254 339 415 531 98 941 266 159 203 31 615 780 226 723 889 658 962 816 176 499 224 429 300 158 684 478 403 226 560 955 556 8 146 326 35 57 448 229 689 837 635 497 325 346 401 992 930 820 25 784 492 977 621 961 200 494 983 743 142 573 271 1000 332 940 991 831 750 556 990 92 107 429 595 500 981 920 819 364 701 28 660 11 547 329 714 927 717 342 833 544 526 502 980 53 821 14 614 326 428 806 842 144 35 320 264 898 31 850 518 940 15 298 276 541 564 886 603 707 398 539 264 588 870 552 246 17 695 629 817 713 809 507 456 869 371 707 441 928 953 337 931 121 369 87 414 103 282 838 875 585 358 798 123 683 530 594 459 688 503 694 557 734 574 506 982 592 132 495 735 434 155 967 503 52 168 56 640 526 357 497 131 476 267 233 531 991 627 496 685 960 155 857 614 425 449 542 655 70 458 634 579 423 407 391 301 758 812 844 347 359 194 981 99 856 910 710 766 445 407 968 703 589 620 221 892 327 278 485 650 857 895 819 29 757 581 48 862 607 837 951 428 228 758 596 487 554 991 612 967 367 610 985 7 665 450 544 306 110 789 643 691 28 104 3 595 268 629 121 954 137 763 306 447 734 736 651 442 857 296 971 67 672 507 229 495 317 252 796 309 363 179 51 23 817 801 742 266 40 843 662 64 359 978 194 46 991 492 856 886 185 191 327 878 894 6 821 947 107 146 39 46 179 644 719 926 64 673 867 362 112 631 988 522 456 557 513 831 749 700 790 866 49 529 464 88 45 565 46 887 510 800 136 290 991 903 80 553 73 291 433 483 934 198 50 591 709 374 157 79 326 892 3 525 103 662 545 639 43 879 511 439 554 107 761 801 704 397 286 731 835 661 770 776 348 167 949 70 20 572 895 67 371 752 326 614 459 435 673 239 377 388 751 763 859 754 795 257 747 49 95 424 552 989 397 936 420 134 896 528 834 230 574 841 529 529 18 406 915 47 993 306 569 398 581 888 46 568 177 984 656 650 420 385 749 606 
147 968 357 264 448 818 264 882 28 231 991 265 311 861 304 773 589 491 660 80 185 793 874 68 216 394 222 706 362 423 814 619 980 756 400 210 233 953 706 900 839 882 770 31 477 638 53 444 107 101 336 802 156 865 66 705 889 971 922 730 850 964 900 274 199 527 535 251 896 681 147 558 24 688 651 572 62 767 677 38 440 694 217 608 516 631 541 517 483 466 105 781 453 933 776 800 88 88 341 17 898 422 989 918 76 938 340 672 726 568 973 394 291 505 675 918 261 641 964 304 834 328 883 879 188 792 295 653 359 104 82 723 264 253 97 963 232 513 56 982 631 985 896 155 396 696 201 623 454 935 60 363 338 116 245 567 533 937 978 202 75 277 773 818 319 331 624 102 681 902 604 219 327 419 468 385 636 626 539 752 532 486 210 896 953 552 853 248 272 194 722 595 828 590 975 211 318 217 612 922 886 519 474 734 155 220 341 747 818 713 785 213 356 355 38 8 346 742 275 639 186 368 779 164 213 805 123 63 603 843 665 928 89 553 373 84 833 105 453 150 537 735 529 286 211 821 84 74 862 293 919 875 772 263 413 514 150 684 417 668 695 466 527 0 328 283 963 598 436 187 553 143 137 731 991 424 218 868 543 844 750 388 755 238 229 54 995 980 878 892 556 779 783 952 769 332 658 271 474 299 36 808 949 133 767 653 242 495 457 628 616 929 959 600 626 629 988 619 356 621 975 496 789 197 955 51 299 854 42 264 657 845 74 641 203 819 429 508 384 701 67 479 372 419 598 901 471 462 817 431 341 360 313 846 899 993 431 537 760 147 254 685 225 473 405 76 644 706 596 679 692 805 319 434 399 943 598 513 629 651 984 346 667 709 121 524 311 257 923 701 664 838 280 931 562 357 543 2 682 492 747 789 361 149 363 635 688 224 140 395 425 492 655 871 918 214 717 891 794 168 524 904 565 795 903 242 497 770 273 381 825 115 601 489 57 540 450 193 510 48 441 459 486 280 134 766 263 676 975 696 239 664 358 971 820 257 461 955 284 760 368 904 272 676 601 168 52 588 338 391 984 957 179 463 183 401 398 987 337 427 258 0 136 446 109 527 898 20 252 905 379 338 731 247 951 411 202 870 100 839 
273 151 813 421 584 762 420 115 188 43 758 377 318 69 988 913 610 561 140 917 525 879 177 337 611 984 507 724 33 413 710 980 969 203 355 548 922 26 605 979 729 525 576 389 243 484 329 89 668 230 446 831 258 459 776 87 272 696 885 448 517 876 583 733 855 670 410 709 62 44 20 541 994 439 316 773 997 771 584 582 984 209 984 93 300 926 398 450 20 727 601 216 109 642 968 910 610 960 409 131 298 510 734 991 663 755 910 219 172 601 287 866 102 713 222 659 451 139 75 102 639 671 360 836 926 85 246 258 642 121 912 452 716 641 286 864 818 562 730 744 791 319 18 967 329 159 79 0 370 533 73 796 130 678 640 698 341 903 969 11 21 861 472 615 790 243 823 746 522 416 563 424 505 450 770 420 821 344 120 139 11 709 554 577 793 947 791 698 145 962 90 551 227 163 670 189 231 218 462 309 541 682 316 335 397 569 899 208 221 689 540 894 643 346 58 460 673 100 401 468 508 699 942 818 346 190 727 681 841 213 6 506 649 9 173 692 690 753 884 413 243 336 740 102 874 677 27 222 719 879 462 472 739 424 347 894 510 719 526 481 343 597 908 197 924 595 836 972 93 692 723 114 909 403 497 184 559 166 735 865 835 85 370 855 683 155 667 738 354 356 816 851 601 48 87 994 523 818 20 585 729 998 64 345 374 611 767 699 374 727 471 135 211 891 398 548 160 497 442 274 105 555 70 713 249 28 114 365 457 783 497 685 372 976 470 272 106 893 199 382 129 26 616 875 902 137 777 300 266 166 818 612 88 94 193 347 632 449 386 682 45 353 567 222 67 975 879 660 840 116 486 533 568 824 377 955 923 1000 47 162 947 668 834 631 323 962 939 194 818 780 214 120 217 173 890 319 804 57 204 549 790 891 632 694 366 809 568 716 756 480 30 467 549 265 124 846 90 599 513 956 617 148 363 230 600 272 581 370 186 181 645 0 161 852 947 490 700 609 84 672 924 218 85 827 796 421 541 520 237 407 5 181 759 639 276 716 939 930 567 620 985 81 874 608 766 226 358 795 354 310 441 572 738 940 510 234 857 716 347 7 505 420 959 613 716 634 675 314 123 834 734 483 227 186 851 30 796 918 320 739 
715 791 687 658 150 597 383 374 168 328 572 708 463 161 967 8 519 396 785 505 232 650 123 708 107 877 240 758 673 251 196 388 540 852 15 732 33 603 540 400 277 177 674 227 881 400 769 521 248 577 518 857 603 159 383 934 637 819 448 793 143 562 61 652 331 774 232 456 509 211 506 174 27 343 801 132 329 808 461 317 420 64 10 338 723 813 996 5 526 644 979 597 683 272 523 378 171 150 453 314 544 421 341 753 303 234 822 358 122 445 831 296 382 401 33 826 406 206 820 411 16 81 908 109 313 108 218 28 716 350 4 697 577 86 652 225 623 404 108 83 60 577 376 846 818 356 969 12 861 564 41 363 224 771 382 758 546 981 439 760 723 227 668 22 453 993 37 611 395 228 304 405 425 788 222 423 425 252 832 58 601 778 208 628 884 108 869 681 291 813 977 975 267 523 938 448 775 558 789 213 400 406 792 752 845 265 149 612 281 317 239 140 521 371 405 224 253 524 440 448 17 856 317 493 456 947 33 397 495 814 391 90 362 88 366 394 200 273 606 433 208 424 680 961 507 997 483 677 854 532 254 824 486 201 328 442 281 396 309 209 876 341 356 40 233 602 762 287 310 265 284 432 915 623 733 912 532 28 937 420 674 958 262 44 490 919 582 910 569 911 65 354 661 863 555 168 86 507 923 121 416 169 152 737 138 41 532 889 259 907 584 951 114 162 683 68 251 748 707 663 585 250 1 553 394 643 227 357 507 800 541 686 220 986 997 488 512 778 746 207 201 937 548 547 408 571 111 737 842 396 601 349 854 150 60 553 396 8 388 964 293 756 65 775 976 555 304 473 404 255 26 734 124 89 501 241 196 785 643 502 107 9 697 542 570 106 630 930 187 309 433 139 328 993 799 741 949 394 912 224 710 621 490 415 370 891 840 812 840 497 108 754 216 253 505 612 46 260 419 357 296 525 344 994 347 793 316 329 587 245 991 631 714 492 742 631 900 767 412 507 200 822 40 788 949 527 502 106 829 654 674 138 821 571 933 865 399 428 371 992 961 636 908 641 87 719 339 186 883 236 559 980 931 417 1 14 415 963 178 854 109 444 1 915 465 481 718 291 931 918 286 488 928 407 300 909 267 520 706 297 
95 549 409 537 285 267 773 206 962 743 387 42 16 453 327 225 914 814 137 392 536 812 256 345 762 303 871 400 879 256 991 139 30 158 287 97 950 642 121 761 743 110 378 351 573 712 919 374 697 902 837 262 507 439 657 677 641 704 725 918 569 200 792 158 751 424 848 182 370 726 38 208 436 856 355 872 742 863 329 599 938 111 464 616 139 191 496 643 996 593 967 847 756 740 679 159 127 586 281 117 798 92 236 544 938 131 245 240 195 707 526 489 332 465 231 102 592 543 183 655 737 406 882 490 137 49 500 168 779 393 221 805 20 999 107 549 616 301 318 812 511 928 12 547 531 844 624 385 30 179 663 718 402 897 916 102 407 580 862 339 563 993 829 511 101 662 620 545 5 136 465 912 308 724 43 724 223 635 757 228 288 643 186 465 657 188 770 776 932 336 789 812 263 730 723 311 367 974 729 367 177 59 623 601 114 789 963 588 842 544 550 677 812 342 320 125 72 198 281 425 875 953 145 606 146 177 459 698 894 650 201 750 714 601 273 62 742 390 545 556 692 726 268 45 252 703 43 734 602 900 800 41 579 925 939 362 592 991 457 971 763 12 619 400 504 577 611 678 692 318 315 654 955 490 916 428 426 719 691 444 79 754 159 566 873 704 219 0 533 802 424 327 340 315 800 724 237 406 774 121 283 50 278 923 240 914 852 141 525 286 645 700 350 765 850 411 555 656 130 234 722 686 947 771 212 812 107 913 324 650 743 976 178 219 101 61 959 12 309 297 442 306 300 207 729 319 412 707 218 536 499 46 386 896 718 514 916 729 541 243 108 689 581 93 596 347 799 377 852 827 721 691 834 207 781 839 419 600 320 812 923 527 38 763 214 427 695 793 397 748 855 129 214 233 287 987 685 689 656 157 574 69 708 638 0 793 231 73 383 165 456 497 875 286 229 859 149 873 334 425 232 282 605 478 284 434 164 531 354 380 914 762 28 449 477 891 38 440 307 674 763 113 263 499 155 60 750 743 228 470 764 190 653 407 555 809 674 292 421 860 781 41 682 933 510 418 917 395 261 979 565 318 345 228 812 460 914 87 132 648 240 190 79 977 262 963 27 674 361 31 727 488 691 227 901 617 150 545 267 470 
272 368 551 14 213 48 959 580 174 209 578 57 3 675 316 52 318 853 132 86 271 204 378 0 783 693 529 612 259 983 66 300 86 67 326 803 146 893 701 257 209 702 502 982 645 640 809 876 458 303 950 68 279 533 266 176 918 358 645 781 773 259 657 636 983 752 498 668 916 606 831 109 17 775 178 422 590 467 183 743 86 893 864 893 184 367 957 352 367 746 792 214 994 215 261 279 982 128 841 818 235 332 334 109 114 253 330 941 295 541 9 659 491 400 747 173 778 505 885 114 741 867 166 910 226 487 304 649 383 540 119 702 733 9 560 442 622 691 511 778 965 73 983 954 572 809 611 969 2 583 659 497 822 24 935 307 39 334 535 387 962 724 66 355 442 548 237 157 121 626 946 138 720 255 3 789 587 82 329 32 951 591 495 292 15 289 524 693 472 400 276 765 857 298 184 331 393 296 647 316 331 412 928 473 63 420 733 911 915 942 287 222 958 457 472 568 781 144 942 526 854 693 637 101 381 774 720 647 137 960 236 620 948 686 627 305 938 974 387 519 189 235 454 740 239 672 748 945 18 892 649 947 890 929 980 591 185 983 128 713 297 608 260 899 512 407 801 151 324 122 90 527 653 522 637 973 390 387 950 964 296 379 135 595 602 583 276 534 985 964 693 495 179 823 309 961 462 770 483 432 839 416 554 502 773 950 304 93 899 430 358 94 299 309 900 642 886 788 571 386 573 842 25 547 662 385 223 149 626 556 206 291 217 212 849 815 641 434 286 491 923 491 687 114 530 130 689 669 4 588 731 923 471 959 61 134 937 696 12 332 314 673 50 997 201 175 277 944 73 558 777 341 948 830 429 329 343 832 558 972 906 282 90 831 623 425 262 548 673 9 933 413 685 685 347 74 894 454 835 29 22 58 929 74 772 678 605 610 611 967 290 792 406 176 567 643 475 535 262 749 246 862 41 770 433 215 975 230 155 989 249 830 99 600 486 537 437 986 443 833 626 392 164 643 206 159 346 190 853 525 612 327 938 73 482 820 373 713 585 513 430 544 888 335 253 250 341 806 517 623 734 48 333 701 580 289 772 497 178 936 975 660 64 645 893 638 578 869 889 695 61 85 624 502 843 952 253 530 286 378 
346 361 978 909 269 208 777 118 128 873 913 481 200 347 503 19 937 92 346 641 122 381 136 670 16 15 371 484 531 701 521 273 839 826 842 852 686 422 193 522 455 899 207 584 633 698 794 391 46 654 685 809 439 773 821 815 372 110 5 114 759 889 660 561 180 490 808 398 958 839 593 124 395 858 645 233 67 226 659 430 444 409 88 200 590 582 423 746 571 751 378 10 219 582 248 982 625 125 750 497 410 278 276 345 557 360 384 640 906 193 617 781 126 120 891 842 816 728 336 61 229 459 346 551 851 182 863 496 394 200 482 798 527 709 191 765 897 669 891 53 688 843 607 842 120 95 632 235 775 331 409 878 732 784 526 740 259 853 414 459 710 681 886 984 737 593 965 495 939 992 966 141 573 645 745 778 415 931 634 621 739 770 874 404 187 933 950 608 656 521 925 460 904 851 809 226 359 923 998 418 29 649 0 398 94 665 788 564 44 707 985 842 932 243 358 599 625 210 64 470 135 181 912 986 793 373 413 585 98 181 350 820 780 43 289 789 1000 915 339 74 356 976 205 665 104 234 241 70 89 511 840 628 402 163 793 342 243 998 232 150 553 379 521 556 90 442 288 574 701 645 885 377 279 113 268 112 798 177 337 220 848 432 277 930 504 431 86 165 660 797 176 652 503 214 410 290 234 630 15 733 781 130 234 784 715 727 589 694 71 925 545 511 476 254 464 987 401 366 283 964 321 286 186 397 105 980 696 191 735 229 650 819 170 229 740 596 754 392 532 455 432 949 828 200 360 762 807 287 86 322 223 305 250 478 41 530 529 637 356 724 272 737 340 943 587 486 414 761 177 453 584 796 316 771 887 859 291 349 445 171 742 322 379 235 507 304 541 714 239 875 297 218 461 389 649 194 169 226 545 47 936 430 136 265 406 377 808 696 918 453 112 985 967 423 33 372 50 958 153 692 634 626 142 368 780 2 959 683 848 420 66 660 449 965 599 371 284 8 66 606 988 771 80 770 6 17 217 406 800 445 178 212 312 897 136 192 587 960 159 642 563 409 801 379 671 923 941 784 124 572 558 683 835 368 192 28 575 493 525 493 280 108 39 828 218 441 909 205 681 308 944 221 460 776 849 589 346 728 658 988 
898 892 521 200 349 100 892 243 942 640 706 181 107 899 214 36 343 749 733 709 663 670 399 283 798 888 612 951 107 926 555 607 959 519 758 239 554 881 149 12 547 661 578 907 916 34 831 240 796 230 109 520 55 63 526 309 856 150 941 906 70 860 883 194 198 276 716 388 888 852 953 394 197 107 417 790 188 647 698 942 925 697 579 954 565 639 898 28 214 948 199 657 238 318 340 317 514 198 311 581 899 655 649 462 924 250 526 586 962 468 683 365 176 712 149 27 266 241 258 531 921 735 565 434 382 672 729 340 172 930 558 832 662 611 574 719 417 341 266 300 941 460 806 314 933 37 32 425 72 79 947 293 922 414 259 139 998 620 174 852 801 781 657 277 80 155 89 651 689 504 913 892 570 820 331 941 642 325 831 333 445 229 349 443 725 746 932 255 221 810 558 309 498 260 452 650 167 541 278 694 1000 552 640 909 560 387 515 102 197 766 628 911 527 13 718 582 724 4 115 613 79 726 286 176 59 617 419 169 720 388 92 53 913 308 425 978 814 823 994 1 943 465 556 453 143 40 921 290 72 562 28 762 738 187 923 702 393 640 887 881 202 849 108 599 28 295 132 243 842 334 862 178 371 792 815 732 777 319 353 908 808 474 183 771 830 18 733 438 268 204 408 643 281 686 596 294 117 633 295 686 965 440 310 855 669 238 493 49 505 640 972 666 407 317 180 311 677 436 35 117 864 420 127 161 276 637 729 802 857 8 668 260 33 80 577 80 255 910 1000 850 391 251 811 685 545 216 854 1 966 869 986 62 490 840 93 603 32 104 291 789 783 553 401 282 269 487 706 83 289 524 474 770 919 812 855 39 59 781 68 78 83 199 226 978 24 449 881 512 929 329 386 804 488 815 303 133 122 923 892 145 413 843 455 45 468 619 480 616 664 946 432 709 855 178 141 123 233 808 992 178 34 826 824 349 742 573 559 578 659 785 662 751 144 770 576 387 26 583 413 608 345 960 85 689 496 390 377 615 792 333 361 591 968 29 111 179 386 747 915 116 867 191 967 107 689 712 925 914 191 922 502 135 330 612 757 677 89 491 921 929 992 246 979 443 302 673 132 952 104 361 651 196 343 467 901 808 228 829 182 17 
501 259 308 989 579 207 89 653 658 620 207 469 742 584 239 993 805 957 117 34 465 22 366 217 722 200 648 645 242 523 354 19 371 149 833 233 878 927 312 842 410 477 245 29 303 394 758 401 632 95 127 832 998 378 417 791 24 832 560 284 415 578 91 950 825 757 103 659 846 999 732 204 73 902 336 612 695 689 776 277 714 249 45 725 663 81 550 117 256 615 327 660 697 303 220 85 427 695 523 557 150 290 686 453 397 336 174 955 57 715 422 600 704 105 157 609 738 584 358 459 705 836 599 920 286 552 631 385 321 85 405 632 608 0 114 459 166 383 464 353 381 869 140 407 447 817 552 866 370 798 39 943 292 80 391 861 956 139 515 684 318 563 577 801 390 53 51 802 534 62 292 846 742 577 845 441 403 246 95 163 176 901 278 634 255 62 98 445 11 178 929 131 807 185 756 363 377 940 108 255 248 148 984 219 476 280 216 579 402 953 199 603 765 815 738 545 423 177 167 103 600 552 756 440 479 659 655 173 120 305 989 850 117 275 542 793 973 223 483 766 334 230 513 420 557 512 459 275 34 804 543 258 60 134 385 148 352 92 817 980 730 583 623 902 136 209 481 602 651 834 59 293 688 159 386 852 584 675 268 110 488 865 909 658 956 923 804 554 913 779 759 375 730 240 372 290 378 610 74 773 349 373 213 503 784 902 684 197 6 563 507 783 889 246 346 890 807 783 362 188 981 114 93 928 219 873 362 87 733 711 869 884 746 559 751 161 5 876 429 722 498 271 592 824 171 182 834 371 481 396 134 303 333 806 50 8 145 756 841 857 545 307 897 634 668 697 246 947 122 679 734 288 35 496 542 937 918 807 159 883 911 20 852 825 11 708 681 923 441 13 914 499 115 709 689 807 299 90 275 586 988 236 607 834 45 370 29 475 195 575 361 277 494 133 588 43 309 357 526 804 793 231 468 492 798 224 378 589 755 544 583 752 104 250 704 344 917 596 668 171 542 889 588 647 747 826 517 670 224 893 676 851 212 932 420 995 717 888 945 791 89 782 659 885 572 394 304 634 55 669 23 794 977 404 386 647 30 105 34 286 565 619 57 265 530 23 374 601 992 753 242 329 146 375 538 167 751 811 234 220 
561 754 495 742 991 200 839 374 831 979 413 517 208 97 81 941 358 955 982 272 362 315 258 89 551 697 137 904 933 725 387 208 107 144 264 99 181 132 765 519 206 65 19 974 785 907 358 208 755 299 642 531 313 318 261 758 842 509 434 287 560 328 370 126 871 511 948 848 544 899 264 782 694 769 823 57 149 222 314 859 798 922 658 76 849 14 15 391 193 863 588 953 493 332 921 696 471 875 944 749 516 860 689 751 856 477 965 887 998 623 232 595 839 401 625 776 628 508 562 549 666 173 703 952 13 759 292 21 183 198 870 704 754 483 920 163 48 982 1 930 818 69 253 883 283 437 62 151 136 946 73 690 820 652 163 714 215 293 24 460 149 38 918 594 613 798 836 934 323 889 457 645 191 436 107 815 969 563 327 830 9 203 72 182 797 485 215 347 490 668 101 829 301 811 826 4 309 240 659 179 923 841 577 982 229 724 842 389 446 63 390 63 460 120 964 926 397 731 76 408 61 426 490 409 892 327 683 598 371 121 564 226 705 512 223 444 121 936 126 230 156 705 555 552 638 565 681 238 660 332 404 793 495 621 207 190 974 344 176 773 89 113 662 977 354 956 942 844 621 375 727 960 487 173 414 211 622 357 885 676 424 963 176 598 569 468 795 698 925 449 997 777 271 784 167 257 466 345 545 137 532 320 88 472 230 925 727 777 120 532 494 675 444 311 403 390 906 851 840 881 688 3 924 936 178 775 399 69 424 142 332 406 694 781 472 909 474 868 141 267 270 31 853 430 361 177 115 596 303 697 746 361 867 63 645 354 932 760 185 254 93 293 79 39 463 371 106 745 387 307 549 343 2 29 205 547 666 777 228 697 217 534 203 585 425 622 207 914 457 998 386 296 662 757 655 312 229 417 16 306 35 356 216 973 849 897 937 348 789 529 194 348 214 485 363 790 407 835 194 627 449 660 557 964 287 619 785 112 797 762 504 550 865 409 681 441 264 9 988 711 712 488 227 972 980 175 670 286 873 934 358 277 269 797 14 534 426 866 747 81 939 114 136 766 457 913 913 331 137 623 995 28 615 484 459 431 199 418 292 1 413 114 48 474 715 883 252 288 11 88 418 169 922 176 167 616 715 752 919 723 
943 694 606 396 589 97 416 109 888 980 531 429 341 526 864 616 5 579 178 520 278 263 730 69 76 788 683 115 561 697 209 447 888 376 109 539 618 182 0 811 590 375 735 117 446 562 65 708 443 769 568 320 876 445 68 192 700 775 732 485 668 529 586 706 595 621 332 933 54 784 649 421 107 136 434 995 84 175 377 146 730 626 359 993 327 862 465 685 111 393 941 301 815 782 238 340 584 932 45 20 502 352 129 843 406 258 469 608 203 420 392 98 730 540 360 88 485 297 775 881 18 560 281 432 379 587 548 588 562 197 898 709 68 614 513 464 900 506 406 33 182 397 969 515 377 674 538 335 409 58 99 416 433 708 308 854 334 371 554 664 802 98 266 338 516 202 425 887 16 324 258 418 385 273 522 589 828 972 308 413 550 105 12 978 929 718 451 925 204 800 73 459 8 958 734 872 322 208 52 98 804 386 663 212 59 741 305 802 960 98 258 97 824 267 255 70 322 1 634 621 215 776 17 706 519 239 585 430 902 842 163 34 421 149 244 482 908 634 319 551 956 368 748 335 155 189 198 413 528 250 624 765 456 128 200 349 114 383 108 100 328 494 230 44 939 414 983 214 625 888 665 898 691 900 586 854 692 400 906 539 565 193 224 807 820 12 353 994 274 333 387 27 507 995 368 731 790 154 774 221 587 761 695 144 923 976 914 151 907 870 352 37 505 329 388 259 916 546 279 213 947 25 529 420 725 239 65 225 98 402 146 160 558 650 562 816 214 815 359 707 297 134 57 412 252 912 731 72 64 112 765 54 215 38 731 580 356 535 909 687 419 251 67 55 94 237 936 67 359 741 333 533 409 863 334 522 418 397 147 784 117 489 693 111 654 560 677 942 727 815 65 844 266 968 315 57 337 802 431 937 479 704 683 178 823 857 610 89 18 782 905 905 764 653 588 606 205 977 200 984 777 811 986 98 526 731 9 686 877 272 50 722 493 368 506 140 76 273 691 543 776 648 890 804 458 658 699 585 513 890 451 517 322 557 429 620 959 121 846 306 83 792 323 203 699 614 982 180 632 530 918 751 941 712 755 365 872 233 115 774 94 531 891 608 982 899 648 801 369 86 719 571 74 685 794 929 960 220 183 534 
920 85 883 962 333 471 236 592 29 118 822 426 210 811 941 79 47 635 422 952 36 676 419 171 989 644 163 618 133 824 138 540 57 826 362 652 978 629 586 809 107 959 392 746 808 729 686 109 314 491 73 293 391 998 96 52 523 975 624 574 422 231 21 511 121 826 291 983 343 116 159 831 390 592 751 711 285 513 519 965 585 502 411 321 488 139 57 372 640 90 544 479 722 658 481 158 60 489 804 290 730 38 736 976 519 171 693 83 508 270 460 682 113 22 388 755 983 299 340 494 747 803 53 63 27 138 179 65 478 989 410 463 439 824 610 1 736 956 830 725 845 606 932 850 23 99 934 966 608 76 950 422 74 874 360 221 107 139 860 575 110 409 507 783 824 636 698 286 360 723 191 777 24 928 182 925 863 574 500 133 2 438 332 856 330 346 751 668 935 713 634 150 576 692 933 616 678 102 5 639 631 280 58 673 621 377 108 38 831 356 292 10 50 474 743 689 997 703 893 662 901 205 286 537 677 12 508 608 904 357 553 214 212 28 702 201 146 897 340 981 89 422 891 727 524 329 818 801 580 777 447 122 750 556 831 869 209 157 940 176 682 831 84 36 190 140 624 149 956 209 267 151 558 632 102 176 905 69 832 962 509 489 765 607 82 26 709 15 308 588 51 764 819 570 12 470 568 281 905 333 20 957 534 477 922 382 362 234 964 482 469 28 306 819 368 31 868 285 531 748 24 58 824 893 560 971 491 259 105 569 601 712 804 967 89 870 456 438 275 74 656 683 201 18 453 90 682 676 347 92 805 74 976 420 501 212 871 842 188 979 496 814 464 346 516 509 247 919 882 314 854 685 971 54 325 142 748 133 60 161 973 798 442 881 18 899 303 399 659 480 231 166 664 528 942 432 827 363 423 87 607 613 139 551 639 944 455 947 640 191 835 967 428 925 804 632 885 53 82 684 508 655 19 565 310 295 418 45 554 542 614 606 813 419 285 551 259 786 22 357 641 739 902 751 728 544 608 694 66 934 131 820 543 468 114 741 592 995 214 377 945 130 248 185 124 891 202 317 657 494 565 271 280 137 338 455 74 839 729 962 295 197 302 546 660 450 960 2 649 946 382 335 25 385 323 966 579 47 486 833 
444 953 189 904 95 803 552 944 138 651 601 298 576 920 916 740 355 669 966 266 15 64 312 45 14 652 527 852 860 357 917 492 52 58 529 389 823 676 532 834 553 669 227 415 523 86 122 580 354 672 542 624 335 644 458 350 493 330 700 762 673 16 282 452 242 952 44 198 51 54 182 490 720 904 12 758 677 173 733 537 581 545 122 172 52 701 942 546 328 770 823 793 416 835 3 450 848 235 208 51 883 547 419 216 48 917 28 124 920 166 432 873 50 445 823 477 394 985 259 406 779 766 286 716 512 90 997 779 873 194 334 257 443 383 966 363 772 61 375 393 799 315 147 348 506 805 658 11 591 323 693 528 980 684 823 209 72 981 407 863 619 213 444 370 388 211 199 300 570 437 649 627 568 609 840 661 524 276 605 278 978 639 108 814 450 872 990 405 865 836 396 137 826 274 289 488 998 515 632 791 963 529 326 821 426 186 143 161 185 992 636 937 930 773 25 952 537 322 447 718 483 290 359 678 904 403 914 517 596 112 467 745 671 613 793 649 516 97 386 289 31 958 642 816 189 930 420 354 166 911 618 337 998 92 650 806 905 624 384 711 510 983 875 480 299 177 182 586 268 813 255 227 530 996 727 287 466 156 239 1 321 355 722 441 526 766 746 105 581 582 826 841 589 871 837 618 794 174 956 240 744 698 123 967 593 428 241 815 958 247 728 48 88 608 195 51 291 245 1 903 396 715 859 163 949 700 930 41 527 499 846 348 551 375 673 255 874 690 622 753 942 708 969 975 806 198 157 265 230 613 992 145 883 847 241 678 482 674 730 739 199 338 186 307 297 475 74 511 79 94 532 934 592 239 908 436 457 177 447 744 126 412 649 276 968 731 164 635 600 416 984 846 84 387 415 132 248 776 69 250 752 599 9 683 975 521 610 551 410 512 802 586 935 90 135 759 257 72 288 518 151 581 521 564 898 805 448 763 904 872 493 243 964 116 382 198 545 610 902 491 777 395 667 682 119 430 832 861 813 34 364 753 876 879 856 632 423 479 897 441 726 527 811 166 117 107 78 562 832 150 382 353 407 431 939 313 314 100 596 641 901 862 833 969 558 552 19 496 852 832 597 713 945 244 41 623 856 604 600 703 
545 360 327 569 489 57 286 525 861 423 869 155 230 742 440 157 860 656 670 236 476 462 382 467 208 3 194 859 48 12 899 811 144 726 20 355 793 627 880 794 905 179 808 530 170 159 158 995 721 387 233 526 953 427 366 879 638 439 224 168 102 189 932 545 735 130 396 22 722 249 583 64 291 81 274 35 824 27 62 388 610 82 675 643 82 621 346 425 808 130 668 361 667 745 899 345 607 727 82 888 103 970 143 106 374 176 331 226 6 760 897 752 725 833 791 356 98 815 576 458 442 891 362 179 269 266 22 911 718 325 430 23 770 548 532 409 603 346 853 470 983 236 701 964 981 227 80 123 350 171 524 335 964 958 928 794 373 9 241 805 31 293 566 452 460 379 985 674 817 507 247 387 881 340 664 428 594 812 27 947 114 973 943 51 893 792 971 829 725 698 805 469 994 903 250 587 534 16 546 862 360 266 556 627 131 248 552 828 331 660 78 663 856 252 900 234 56 550 689 372 876 827 423 144 86 112 353 152 705 808 173 643 888 981 480 482 37 454 304 879 847 397 325 114 410 713 982 287 302 769 342 95 695 695 927 504 925 765 803 852 652 54 105 251 891 844 362 127 295 853 252 309 665 388 169 818 297 949 647 458 568 692 390 555 784 709 929 692 656 373 819 675 153 150 283 342 941 433 699 7 963 185 807 483 485 796 225 990 185 487 632 665 860 216 894 193 624 553 704 207 904 845 330 292 199 245 802 615 700 642 929 572 29 528 40 496 669 682 625 452 924 870 882 852 180 270 911 415 263 567 441 276 134 583 187 33 564 68 992 891 110 71 28 359 252 915 847 843 801 413 330 677 431 121 866 992 354 609 837 420 339 956 668 670 729 782 139 866 181 732 300 108 639 692 938 543 429 964 568 59 566 530 918 2 859 911 184 800 503 505 103 570 417 713 42 171 607 144 128 327 270 915 211 392 382 878 834 39 934 659 188 624 384 466 131 21 974 770 455 685 941 610 312 31 501 55 552 975 562 945 773 411 280 460 627 287 127 968 591 558 982 774 230 61 407 555 737 200 363 829 192 356 553 894 277 372 251 126 166 629 323 662 834 113 132 322 153 651 350 751 615 913 453 290 164 752 144 182 127 651 
571 101 416 376 561 985 409 306 768 617 957 45 683 714 141 639 239 94 231 877 486 990 378 688 282 440 913 429 405 530 454 257 605 289 44 577 150 886 562 886 337 449 605 461 586 958 840 366 485 151 535 94 588 858 14 170 951 151 99 670 545 265 857 884 446 841 584 388 565 885 815 619 727 536 708 55 106 715 923 198 971 648 270 305 561 471 200 5 484 436 552 936 925 188 743 355 5 273 494 581 348 644 316 737 651 981 607 515 56 301 586 732 561 935 426 961 904 464 261 805 295 45 789 968 427 459 107 901 514 841 668 75 170 233 34 825 194 841 932 984 742 34 51 959 192 790 170 698 993 778 512 803 383 544 963 894 412 998 591 115 726 437 651 25 266 642 903 258 982 904 101 609 353 410 801 328 853 345 788 179 943 17 76 961 293 466 527 38 365 83 351 264 56 263 468 960 564 994 634 664 690 602 705 518 835 219 770 445 859 481 812 136 389 647 215 69 841 705 908 682 445 193 119 491 697 752 207 32 362 62 491 150 380 365 560 189 95 574 333 756 422 669 630 397 999 460 332 40 670 414 140 107 875 408 210 45 596 673 987 26 496 711 34 919 667 490 292 578 212 271 56 132 483 978 827 219 601 460 609 50 363 483 273 138 60 231 592 330 438 15 498 520 566 631 512 899 986 899 834 207 123 131 1 725 453 494 213 828 177 310 201 962 462 104 816 914 663 360 956 431 922 487 910 19 326 829 706 322 139 817 85 676 456 412 317 465 993 206 478 982 885 247 248 28 562 820 743 154 276 748 493 75 74 79 334 141 736 811 172 659 11 420 278 244 34 626 967 215 867 452 189 332 334 411 236 794 188 733 470 889 335 649 149 356 937 771 164 793 431 327 501 480 628 982 185 374 643 966 688 489 755 300 344 571 868 246 774 401 778 667 272 533 890 997 507 771 975 634 18 646 130 967 408 168 786 733 74 132 172 721 645 759 30 74 128 388 581 239 277 536 849 979 565 415 873 960 670 574 513 936 848 255 801 16 353 568 292 706 83 323 627 777 943 831 42 296 360 397 767 245 193 154 46 290 755 81 324 540 513 382 139 732 743 892 817 430 984 565 90 636 667 989 74 508 833 731 155 686 230 918 
440 767 534 687 805 985 399 325 763 190 777 95 772 115 870 726 269 455 446 189 635 137 855 802 670 1000 423 557 177 786 45 119 754 287 275 91 195 667 242 903 911 529 755 732 885 14 912 166 463 35 400 977 203 651 499 64 123 349 86 265 312 386 810 676 898 586 356 975 318 175 587 902 764 420 593 766 341 676 520 33 92 429 595 521 589 28 966 32 419 835 612 241 100 364 34 232 868 425 750 427 453 200 598 526 333 74 205 990 376 587 207 611 957 478 468 475 30 946 451 230 756 244 231 781 919 383 797 736 11 642 432 901 535 864 381 785 842 817 877 132 467 512 42 80 370 621 327 858 518 970 566 45 806 779 150 125 823 345 222 43 887 324 19 257 990 716 627 311 11 132 487 98 735 528 601 390 732 885 269 107 707 319 661 611 783 641 890 167 343 171 871 93 1000 518 166 0 197 101 528 68 482 758 196 754 850 808 205 861 311 898 98 814 990 6 87 785 620 152 775 114 922 540 84 964 893 754 766 732 71 855 193 283 572 347 485 684 496 245 849 385 820 744 740 817 998 658 610 781 959 657 247 586 890 927 317 270 131 127 334 782 771 499 439 28 449 184 838 657 254 80 673 247 427 923 685 359 666 645 437 959 711 152 457 544 708 884 492 440 880 848 371 128 33 982 405 278 261 981 681 285 684 389 660 38 161 562 370 396 997 508 477 509 18 190 329 347 807 795 246 543 353 348 724 412 947 935 851 868 239 350 74 247 582 293 463 787 707 556 183 881 248 103 897 10 960 751 600 709 263 367 123 202 761 207 893 149 823 167 696 954 554 956 503 466 542 467 492 348 390 460 50 501 299 393 180 35 172 3 552 584 881 346 566 247 932 670 801 556 863 251 830 693 366 649 529 968 150 56 613 344 804 965 420 802 740 570 191 182 113 633 961 393 387 67 363 946 726 544 456 115 673 704 646 225 355 301 276 216 711 124 551 265 646 852 675 537 327 56 364 42 945 132 566 573 992 661 304 252 922 774 905 818 693 625 583 931 211 143 455 922 154 591 599 15 976 152 628 49 605 247 575 955 570 699 532 308 57 270 893 520 858 792 2 638 164 534 97 18 591 524 949 87 457 48 169 412 313 4 592 491 
234 945 414 510 517 131 595 664 430 45 413 305 841 970 25 677 401 910 551 867 206 171 873 398 444 615 406 828 282 584 440 126 285 154 736 610 888 804 135 597 762 520 241 839 554 452 377 114 285 254 73 269 34 667 355 250 756 581 282 289 990 532 739 553 835 436 331 398 430 157 558 488 966 345 924 65 795 100 98 112 519 630 255 913 927 30 186 873 880 47 858 469 710 293 260 931 653 773 199 463 559 208 699 437 212 393 677 523 534 338 772 163 911 241 75 610 389 981 942 406 838 826 931 645 153 115 488 36 586 496 334 791 111 543 510 57 527 151 837 733 15 699 545 595 226 430 94 741 701 588 519 899 598 211 230 298 349 107 466 775 759 620 897 441 408 127 688 653 169 46 893 300 383 787 352 674 106 977 238 212 195 884 291 215 67 362 506 562 735 960 745 921 923 289 672 55 72 652 936 903 73 832 602 800 406 34 600 715 666 153 90 577 747 566 44 274 893 344 266 645 752 40 621 154 933 73 11 655 799 353 81 657 138 299 210 951 701 671 824 429 161 568 930 852 361 395 10 666 244 712 166 67 818 840 23 75 873 644 439 829 243 754 593 218 946 945 667 31 13 572 752 123 382 644 527 146 17 871 171 273 654 0 93 896 662 859 921 280 504 877 677 267 871 7 324 73 223 500 457 995 583 364 286 266 267 939 226 133 487 627 208 574 525 54 584 955 448 980 818 400 36 403 789 70 704 156 411 722 200 46 748 869 951 273 819 816 316 341 596 455 476 358 303 126 992 130 446 191 957 141 264 345 716 880 205 7 161 781 783 878 94 863 79 61 523 477 649 416 500 844 499 125 622 35 427 270 554 628 404 65 588 338 969 766 397 646 298 158 961 569 830 687 366 29 70 655 118 961 581 522 701 591 467 873 165 304 215 545 301 920 15 892 963 813 947 966 792 457 204 866 346 780 378 909 711 335 955 319 267 149 640 104 111 940 358 172 218 392 801 658 816 18 988 151 47 723 525 310 567 825 592 420 621 720 372 423 942 148 372 147 956 965 318 131 611 476 490 720 28 995 525 313 151 874 890 493 108 532 151 623 185 128 291 885 74 233 369 270 749 646 186 181 838 268 525 233 588 123 559 923 
381 839 642 147 770 435 871 893 902 137 264 224 831 939 322 204 795 272 544 623 931 803 335 55 503 858 328 484 348 933 342 445 331 225 180 899 152 425 37 774 607 343 597 483 558 248 389 451 399 554 721 947 667 505 547 183 94 398 264 127 734 36 32 187 777 244 973 883 911 881 717 795 358 302 979 781 347 667 785 921 108 933 78 876 28 179 53 702 997 63 646 176 769 960 351 440 923 624 554 700 830 229 971 603 72 234 938 580 564 670 778 285 685 876 710 161 130 15 464 580 675 322 166 285 161 29 864 666 812 338 876 574 412 780 651 314 351 407 662 496 546 73 728 267 364 158 733 373 718 159 901 870 875 837 499 460 217 608 679 915 68 677 177 736 373 764 120 932 564 637 624 381 857 710 558 357 145 337 988 989 198 830 71 559 941 80 146 664 150 232 599 111 59 738 169 307 191 593 443 61 517 44 98 335 779 522 108 769 63 313 34 185 824 287 227 13 338 810 982 915 149 761 997 477 762 931 708 270 622 217 28 475 734 20 10 19 538 943 569 485 630 498 301 378 868 515 159 180 825 149 210 293 119 208 219 199 695 300 777 560 776 259 9 32 688 139 902 176 870 239 139 641 531 102 169 198 676 247 532 163 283 894 871 761 347 80 861 760 777 562 491 66 357 585 961 124 46 871 623 973 842 785 132 254 468 550 82 628 255 129 772 188 700 244 199 543 866 235 201 754 894 193 589 584 617 696 201 27 659 839 633 599 815 409 216 121 883 494 170 880 981 623 382 707 71 106 832 985 634 262 263 668 16 154 160 284 442 488 475 450 815 311 122 284 836 935 468 898 703 357 214 863 508 391 668 672 17 532 345 467 410 663 282 252 589 401 342 66 733 706 959 16 53 852 690 348 350 212 696 363 357 389 582 932 719 214 13 882 529 567 226 340 747 856 710 610 573 79 156 331 941 980 547 908 278 363 131 521 635 304 637 790 265 848 634 920 31 329 378 523 512 506 180 70 659 312 944 302 400 25 708 975 420 741 890 772 19 995 296 464 668 641 210 104 994 739 778 169 908 704 215 937 894 65 96 342 378 150 379 539 953 910 773 721 62 967 762 452 293 424 629 375 355 346 691 430 281 858 170 434 
589 173 518 766 706 890 115 336 260 329 550 647 770 60 6 617 660 461 151 307 858 773 231 70 86 706 401 497 623 687 906 58 706 96 720 809 700 399 323 189 215 413 534 400 746 90 575 693 870 138 546 101 526 25 887 153 272 645 196 546 624 20 17 834 521 823 976 998 848 93 437 398 114 196 943 408 909 183 607 239 377 503 916 623 869 830 233 85 962 769 237 412 519 396 25 435 976 165 994 407 189 756 867 834 303 240 160 729 110 60 279 581 58 995 645 685 785 57 654 853 127 153 574 912 27 435 113 877 645 645 231 248 883 127 688 427 134 942 32 464 435 916 72 503 250 340 93 665 96 18 617 702 562 29 823 849 372 551 250 904 719 348 432 757 315 27 289 450 447 884 391 637 262 958 387 257 889 18 122 864 110 842 359 163 457 374 715 307 8 718 248 929 508 855 7 942 471 651 772 55 438 128 793 807 276 799 839 590 86 257 346 358 524 544 942 532 365 450 817 994 262 799 786 259 310 230 552 53 586 751 780 259 944 13 422 451 825 960 271 449 116 540 104 916 875 175 423 806 51 55 700 526 906 554 293 564 498 843 822 582 14 636 803 194 222 672 170 121 483 972 521 415 851 21 596 457 915 973 844 458 259 298 897 436 482 180 377 808 688 153 496 565 50 944 941 924 849 415 185 40 499 454 493 852 943 14 251 601 991 469 793 683 748 48 41 37 99 280 12 882 806 436 983 838 418 353 995 631 965 575 775 439 513 493 122 435 520 257 952 405 444 899 217 319 396 712 81 348 550 580 906 959 74 974 833 150 548 780 754 224 173 432 155 535 51 301 352 822 155 507 149 551 715 999 867 443 59 862 373 327 134 105 911 414 187 384 810 186 977 139 957 764 633 645 549 386 121 534 73 694 334 330 889 185 230 426 460 809 729 462 159 86 538 595 723 575 426 723 113 365 331 909 229 530 493 400 748 189 144 522 760 205 698 288 703 175 259 931 701 409 462 138 564 751 244 957 578 544 919 948 938 617 764 292 104 941 258 696 180 250 87 35 780 603 146 769 505 383 580 117 568 184 731 561 1 125 948 504 15 400 491 779 230 897 516 124 167 164 668 471 408 673 757 847 789 211 385 274 152 385 
964 882 553 448 27 608 327 589 548 767 772 172 733 316 652 724 667 940 814 718 457 253 411 750 142 687 273 580 318 481 985 968 396 369 183 585 687 496 141 458 460 894 609 992 703 202 659 908 874 620 934 852 81 834 655 9 96 589 851 121 864 52 908 516 325 796 490 113 299 159 299 213 773 284 395 753 288 557 453 726 546 990 478 790 996 499 752 14 7 430 43 177 243 240 702 885 292 248 549 830 772 412 225 6 367 97 827 529 501 804 152 867 62 334 215 979 262 36 998 405 672 373 316 725 121 477 549 890 852 908 888 564 524 540 693 188 500 178 85 416 684 350 743 64 236 919 992 225 96 477 120 516 986 28 821 806 194 836 370 451 666 522 441 286 125 917 439 687 406 633 563 481 312 378 792 705 560 45 924 3 70 135 778 773 893 360 231 552 806 336 567 534 693 110 692 204 795 818 348 47 769 568 799 730 802 611 893 237 695 289 617 514 975 727 668 1 518 20 88 669 729 220 225 13 463 183 210 446 188 761 994 588 210 678 810 101 18 451 394 893 38 257 834 685 878 933 598 90 626 562 659 813 425 994 580 324 361 893 135 281 118 832 386 875 529 390 478 511 377 453 544 563 94 92 512 301 906 728 584 79 78 702 110 990 217 878 385 261 187 98 159 266 910 813 406 664 620 158 613 673 189 834 74 620 269 695 63 92 605 778 965 699 18 152 131 75 554 423 145 51 180 699 369 936 63 76 179 8 790 695 920 494 71 998 5 730 315 250 622 675 528 887 900 264 513 827 357 432 432 543 493 929 505 427 225 151 623 628 707 848 139 174 304 359 645 810 681 385 609 565 78 291 703 186 258 86 744 474 924 112 372 377 763 211 392 143 961 78 372 658 390 14 799 317 746 806 911 743 613 766 911 859 350 121 137 975 738 550 668 279 694 169 759 803 294 400 336 29 177 24 52 551 540 401 111 533 382 734 594 636 224 386 382 762 119 473 353 818 963 707 566 717 532 515 719 903 459 225 912 898 774 258 366 399 775 768 393 294 887 224 577 381 464 803 885 36 294 695 499 695 935 183 968 646 911 950 450 190 865 969 765 430 205 52 987 237 529 356 255 567 371 697 53 525 605 859 516 942 2 746 
191 648 709 914 96 648 694 67 85 311 413 76 979 527 681 370 664 312 277 602 465 718 426 203 143 14 808 623 602 861 87 7 238 686 52 525 803 46 749 927 332 50 210 987 241 382 368 40 595 473 601 430 140 938 422 663 79 670 599 173 318 107 377 331 65 793 137 491 437 239 90 605 167 179 526 291 585 594 978 774 478 686 727 309 975 823 504 680 927 636 519 702 157 240 586 526 311 568 67 123 885 409 459 927 349 960 891 229 840 0 872 53 121 607 345 508 269 390 795 758 857 477 706 878 590 188 798 550 229 551 534 373 933 930 468 31 585 994 315 198 27 319 867 363 583 712 359 666 513 533 601 432 625 153 930 385 151 186 198 784 293 658 5 161 112 731 649 9 518 589 203 709 312 79 96 449 956 208 844 381 404 582 52 525 758 94 597 332 28 47 81 280 314 127 655 5 862 669 809 459 654 684 496 161 678 656 680 42 502 12 334 471 890 305 789 448 68 589 539 118 138 188 324 96 136 530 304 638 925 471 574 595 153 623 689 543 363 156 881 371 149 350 363 491 398 890 301 515 69 56 293 484 516 345 902 594 655 993 508 85 96 815 798 174 276 954 488 981 659 156 428 941 224 779 1 182 160 716 891 49 526 787 599 755 480 736 13 475 886 743 138 647 428 288 790 452 310 225 427 601 646 875 438 897 45 545 565 737 865 866 404 889 553 875 255 343 361 713 305 843 200 244 125 256 510 214 602 953 554 966 242 946 792 771 77 748 209 439 224 795 566 664 151 720 864 283 83 604 958 678 534 152 90 922 36 72 976 444 123 229 436 735 321 408 347 773 955 259 992 261 432 258 815 472 424 469 409 858 262 528 46 186 493 261 283 607 547 500 469 29 25 238 709 123 898 306 565 804 478 738 528 557 606 249 940 374 838 711 16 18 515 697 100 815 970 277 829 258 72 779 911 740 986 651 885 479 46 76 374 235 142 466 735 36 595 775 788 831 370 660 822 266 771 753 965 233 790 642 409 937 804 724 764 797 710 325 313 285 350 117 982 212 641 334 251 732 349 635 479 722 170 738 863 796 310 986 464 215 458 417 899 484 862 901 167 714 633 779 153 798 887 335 753 183 231 70 610 911 17 851 
907 269 406 879 75 584 983 422 687 574 957 701 477 93 218 499 585 897 546 145 166 54 834 867 839 540 712 348 231 695 834 518 241 456 596 225 488 732 267 65 921 543 145 946 206 698 214 799 156 22 367 858 253 381 192 183 397 175 729 223 209 61 279 428 879 610 534 36 769 236 851 437 664 498 291 210 209 185 112 277 83 426 56 204 919 69 482 175 574 863 501 880 476 889 965 650 529 105 646 995 599 995 391 242 683 555 420 525 514 440 7 998 914 374 513 440 378 811 996 298 272 11 943 598 435 789 407 643 332 926 411 215 722 54 83 881 146 465 906 466 913 867 306 297 62 323 945 853 6 758 365 365 591 157 402 881 469 551 871 669 948 894 733 259 296 890 74 350 752 280 594 113 277 669 745 179 864 727 57 373 289 128 205 800 584 704 17 609 771 433 110 726 818 131 113 247 442 259 717 213 29 863 623 916 586 971 792 40 896 293 986 446 764 30 132 345 908 253 18 255 247 224 522 838 460 578 566 200 162 739 457 799 599 399 28 344 304 388 77 65 625 873 635 116 549 960 161 371 488 307 325 903 287 253 462 247 400 90 818 657 352 276 802 946 304 751 370 300 878 108 530 319 565 787 930 731 508 327 61 615 567 403 172 770 749 577 169 851 138 329 67 690 289 396 498 270 8 996 740 745 453 496 667 372 603 880 732 381 664 948 484 401 231 215 633 2 291 644 332 927 683 348 143 199 82 608 643 352 311 922 1 834 31 515 639 286 657 804 372 593 6 294 275 628 107 848 475 470 968 866 889 445 425 354 153 629 144 870 131 133 540 831 112 835 7 228 678 484 593 434 843 200 651 790 848 126 302 923 175 92 843 567 346 771 867 436 760 64 785 735 41 387 751 289 554 708 141 329 302 768 530 408 593 532 249 429 517 875 187 582 48 655 331 885 149 742 191 381 300 302 697 308 427 532 788 929 172 495 479 998 311 549 42 699 773 758 996 743 157 724 897 72 777 920 939 343 449 456 594 698 367 973 956 608 444 395 678 637 851 330 937 434 584 659 443 111 93 608 414 28 505 271 462 113 852 566 55 661 807 564 993 65 372 48 691 226 507 209 985 102 84 474 360 311 693 993 109 676 757 925 
688 164 330 295 719 205 916 35 451 530 656 118 608 3 482 142 907 25 590 526 873 419 325 845 610 315 891 820 753 301 702 464 578 816 424 790 849 939 32 87 807 949 401 279 433 669 613 979 537 307 922 797 438 285 737 127 586 226 119 309 552 523 197 222 325 999 215 133 370 943 782 961 165 450 659 178 932 781 101 694 400 962 659 164 597 300 693 952 202 796 717 367 31 199 473 369 713 865 742 913 77 445 873 29 682 786 213 944 799 124 985 681 21 503 51 599 885 240 326 369 171 636 524 602 871 16 766 505 394 18 903 858 286 184 722 53 213 955 441 260 524 418 122 901 755 223 353 151 510 18 617 495 431 803 612 805 515 586 481 628 558 445 76 953 40 162 27 338 897 181 962 161 476 377 161 775 677 990 284 220 173 556 206 740 76 382 550 686 67 790 79 70 174 565 8 894 845 394 982 213 986 806 263 843 65 630 866 822 913 483 47 961 610 672 662 846 126 494 553 326 855 936 113 90 858 673 403 54 448 284 744 583 821 293 864 325 982 923 151 355 10 671 332 24 858 550 859 824 846 998 303 166 336 737 484 737 936 829 542 83 444 414 330 313 401 292 633 128 639 519 176 72 912 864 69 943 539 879 291 136 859 982 573 944 376 977 763 9 13 556 82 113 379 757 192 188 194 645 756 603 232 96 821 226 944 218 2 93 756 88 129 96 201 910 514 624 419 972 381 111 455 67 745 576 0 495 385 732 902 499 199 186 670 951 318 913 665 258 801 291 67 128 93 631 198 4 860 655 672 896 977 902 591 438 225 743 99 152 983 698 985 317 873 159 286 62 474 298 784 575 584 932 987 24 328 666 552 127 853 763 567 463 942 162 729 465 686 868 854 691 127 312 705 901 594 788 998 877 79 775 362 264 139 798 477 806 394 309 154 816 171 515 618 349 19 644 641 97 952 571 479 903 442 461 362 946 394 868 148 72 105 223 835 644 204 934 304 986 736 513 192 943 666 360 519 209 213 817 283 586 120 594 124 391 588 547 879 935 797 196 436 342 575 746 569 309 631 549 383 985 374 354 554 833 658 542 855 869 666 712 784 611 901 671 133 424 942 954 991 874 915 982 416 723 981 788 577 43 253 704 
123 337 265 345 124 576 790 481 491 151 851 575 207 831 223 574 787 257 560 787 879 719 180 597 424 527 524 542 104 253 840 419 716 355 410 316 337 116 128 728 445 201 61 73 200 438 736 573 247 792 872 478 709 849 272 36 296 148 385 34 363 983 964 306 960 186 864 329 249 6 953 333 589 305 963 14 323 629 336 792 494 391 731 669 823 161 904 457 538 29 138 578 543 457 135 603 596 479 231 649 64 799 223 224 229 147 824 353 281 175 302 749 913 704 738 970 311 393 737 551 623 362 178 810 216 273 888 746 774 405 637 90 462 102 557 428 532 846 371 608 874 998 203 567 954 120 562 885 504 820 676 414 473 890 162 987 794 48 212 202 833 836 415 893 331 959 185 165 664 988 585 851 265 512 374 107 890 279 161 415 852 342 670 473 606 396 750 689 633 243 304 297 101 741 359 907 46 231 763 519 438 195 282 393 0 838 843 415 280 398 964 41 323 468 147 394 120 256 412 466 988 257 451 423 174 71 275 710 965 902 739 986 297 826 827 463 892 635 316 561 107 590 664 286 980 171 940 820 600 614 719 292 525 579 210 492 992 596 96 892 38 250 880 411 554 843 227 847 447 791 271 998 17 581 428 785 424 154 453 318 629 5 537 259 91 450 548 381 950 344 210 377 963 540 912 206 14 288 431 383 607 246 841 233 762 950 878 651 664 338 835 255 841 430 27 708 15 901 209 944 18 414 769 161 266 784 672 644 329 604 88 683 472 278 952 453 818 349 427 318 228 324 179 693 934 602 663 118 485 371 429 920 778 241 697 90 964 641 36 735 948 312 763 636 289 207 726 504 892 867 891 392 135 607 461 852 673 564 342 977 327 219 705 712 111 988 294 686 439 977 145 450 802 207 126 597 802 588 362 257 696 624 362 847 234 613 225 14 185 904 102 524 892 819 867 134 94 199 449 466 106 375 588 359 229 797 222 862 824 626 333 23 96 554 842 531 697 666 498 203 210 428 861 101 262 248 692 654 858 787 83 830 654 192 873 615 241 940 81 136 533 445 475 299 367 473 698 81 816 835 845 503 655 547 957 206 228 105 435 901 343 774 942 334 558 728 493 871 799 277 74 437 293 522 449 284 457 759 929 524 
933 949 504 715 512 62 291 806 924 646 158 519 155 477 835 995 707 238 36 972 955 114 390 213 59 797 417 428 680 896 34 731 130 900 339 570 593 615 511 320 692 976 241 586 36 339 190 894 867 726 293 723 194 28 292 351 906 747 450 762 564 695 515 397 476 782 280 631 248 620 424 443 456 4 118 742 489 958 641 241 173 393 450 150 442 596 153 249 264 889 948 21 559 770 343 982 620 820 870 950 350 110 3 277 840 750 389 129 610 334 626 314 888 163 975 111 159 701 690 3 284 841 606 34 504 961 392 272 103 760 671 747 85 887 412 717 728 978 377 475 799 239 195 228 575 64 328 696 779 341 470 531 22 302 752 909 545 735 753 644 636 762 547 93 739 563 261 659 466 845 424 414 29 595 831 881 387 260 345 235 276 573 133 749 690 329 816 481 401 487 370 531 239 86 777 422 177 641 601 86 666 201 414 404 145 467 489 889 381 229 144 644 986 579 823 406 82 284 146 958 15 195 740 68 463 267 129 494 466 351 972 237 238 489 253 972 262 19 555 946 864 56 424 505 518 166 354 703 631 719 958 423 323 749 338 911 688 335 527 406 812 805 90 422 496 258 58 815 292 963 420 495 607 740 785 452 989 760 770 435 251 657 573 76 834 802 547 997 560 572 656 546 82 573 220 415 565 149 134 244 580 222 679 197 980 990 262 599 514 879 662 240 648 402 258 151 787 358 831 486 701 578 255 404 102 669 129 58 201 912 816 845 208 814 324 928 727 372 91 832 684 46 844 917 488 210 29 494 565 766 409 419 813 801 794 205 567 303 131 803 20 470 344 61 301 367 174 955 367 386 106 788 865 351 549 11 45 531 482 960 640 162 779 384 921 127 417 169 613 960 822 761 295 562 307 15 231 81 480 43 668 610 604 253 826 818 601 369 141 600 323 932 92 93 905 511 239 52 256 64 566 831 375 593 414 597 657 115 405 998 807 757 71 852 452 4 86 858 222 479 643 156 420 570 881 41 397 765 332 587 360 395 822 775 739 97 193 762 563 985 358 346 71 291 1 709 765 716 187 321 86 959 273 974 51 776 443 202 766 941 559 95 302 223 234 277 852 65 1000 702 953 128 866 748 95 827 111 444 125 67 
894 526 538 890 218 155 278 614 324 929 130 986 677 966 950 381 572 70 566 958 936 73 714 185 66 38 383 957 391 565 226 597 345 792 756 392 70 749 201 627 90 496 488 706 919 11 911 51 141 710 134 367 966 791 232 326 59 816 391 38 402 982 994 87 225 488 192 527 162 148 346 269 474 920 780 171 158 990 956 469 568 723 311 824 694 952 496 262 917 528 306 209 362 932 270 343 788 350 9 853 727 566 682 972 686 524 763 927 409 512 320 633 135 87 82 33 820 719 987 155 159 621 108 121 842 916 629 968 423 694 793 409 485 118 277 348 752 28 896 423 151 29 24 680 403 639 265 13 231 614 31 894 994 983 160 915 152 155 819 675 860 387 40 955 848 866 346 102 838 221 143 239 384 372 435 37 505 208 531 462 664 818 622 521 745 769 757 128 820 40 824 768 411 458 248 846 358 127 345 231 855 725 286 217 75 649 768 79 960 427 539 951 947 456 496 200 775 751 227 181 545 451 776 799 724 904 165 265 529 344 961 723 365 568 992 527 25 66 806 872 59 544 30 673 731 345 278 951 207 601 997 697 183 489 863 398 251 326 506 300 693 865 354 774 476 172 980 482 527 921 145 982 289 193 398 533 221 232 380 30 675 183 328 648 73 649 518 351 646 72 209 283 323 76 233 174 564 33 56 673 412 600 804 658 682 312 945 326 820 584 545 46 10 766 420 199 689 795 732 520 747 553 669 673 607 55 716 134 367 933 316 477 311 955 627 403 137 820 940 335 696 639 452 472 986 21 27 898 713 640 905 811 833 951 218 101 443 395 67 475 852 879 650 931 348 296 507 369 531 492 189 581 7 153 513 876 551 152 781 322 2 327 452 812 60 615 528 151 336 102 222 514 181 991 345 215 511 704 414 561 517 972 341 56 78 778 67 861 690 562 391 379 411 575 303 312 213 173 593 18 340 385 0 221 554 621 238 895 947 743 981 200 816 948 748 300 29 392 805 920 886 995 835 789 25 219 574 136 275 456 574 209 52 307 450 493 640 241 138 129 903 333 610 720 685 814 138 53 843 450 168 992 593 626 754 620 792 30 137 59 50 232 53 712 774 296 228 92 706 296 642 281 39 71 231 350 455 844 957 621 
74 431 246 845 387 862 113 720 968 836 740 161 472 110 350 84 154 993 84 97 246 913 613 939 721 344 223 967 676 255 868 953 131 89 792 754 731 829 492 51 431 727 729 197 744 237 38 543 746 775 359 830 591 167 485 50 749 977 293 958 535 315 224 962 666 387 791 218 445 545 488 103 592 127 251 676 810 688 399 8 948 131 310 103 298 127 372 586 552 78 119 122 610 1 167 785 591 51 941 197 478 577 960 41 146 997 885 753 868 164 662 496 486 623 732 500 763 351 524 39 404 386 999 996 815 921 469 914 437 16 381 681 581 777 247 679 814 293 112 218 6 160 244 575 570 9 874 643 769 449 161 267 101 932 412 442 216 436 620 709 175 268 702 42 24 221 16 262 149 983 68 805 388 14 392 736 659 642 637 825 790 819 584 524 488 71 232 60 786 455 235 365 936 928 420 249 716 841 878 796 669 60 272 224 857 727 385 73 563 987 823 681 373 47 210 779 677 474 739 593 881 751 700 71 357 229 742 584 588 599 741 415 146 284 219 534 144 621 97 185 204 561 14 344 418 349 317 376 62 811 363 949 133 911 67 186 933 687 668 845 359 251 951 235 241 751 550 575 363 591 470 45 23 114 577 85 528 397 60 784 696 137 67 23 29 299 773 572 367 957 620 829 164 621 636 858 681 268 672 75 620 32 547 214 653 249 858 373 82 637 603 108 913 432 895 207 375 248 125 448 977 638 287 605 286 624 492 520 97 921 438 7 864 379 900 960 550 340 984 796 692 504 160 666 845 14 559 171 586 816 657 98 137 955 176 557 841 296 486 573 238 640 576 408 182 713 811 505 898 119 617 586 436 981 735 182 690 297 781 895 926 739 568 6 733 246 37 52 348 747 594 662 566 277 679 81 3 139 72 993 668 453 440 241 559 856 402 955 132 678 810 620 490 65 338 943 831 912 279 42 10 99 525 916 627 345 846 931 792 467 129 662 355 440 524 893 880 722 209 771 477 532 668 350 163 18 678 479 943 21 427 898 625 601 954 227 367 290 908 393 976 465 568 105 842 940 386 138 644 920 803 934 395 306 464 104 617 179 139 387 724 17 91 797 771 112 980 497 833 416 871 320 145 863 325 839 468 467 640 409 
464 444 793 649 345 818 522 77 504 478 618 568 831 290 495 708 182 396 101 603 607 540 218 123 74 411 471 574 14 826 220 687 403 614 690 711 975 956 625 201 373 952 609 948 634 569 61 820 921 464 920 244 607 498 360 792 176 298 984 495 273 8 529 774 223 103 326 927 359 836 310 972 166 683 282 157 790 268 267 888 723 51 703 716 847 338 345 899 578 455 569 474 505 417 364 80 553 786 318 975 122 537 265 753 853 233 851 675 205 684 383 418 893 947 839 346 427 838 215 337 559 809 809 871 373 829 692 589 1 304 505 991 522 442 483 475 97 926 544 85 915 182 729 559 644 52 713 424 201 536 926 120 907 794 161 698 615 97 896 821 184 589 95 668 387 316 926 327 827 15 543 74 178 508 186 542 707 388 820 657 241 917 987 123 72 315 170 242 865 806 599 38 626 716 556 544 473 720 618 682 691 375 697 802 161 116 177 92 626 724 29 539 951 983 569 670 785 307 982 114 8 722 415 416 660 788 830 734 426 123 184 617 833 631 793 967 618 681 161 578 377 686 259 379 48 70 264 890 312 648 767 535 166 710 351 399 366 637 177 619 487 224 544 162 667 675 128 807 979 70 382 17 14 693 163 522 409 889 685 707 974 783 206 592 401 214 357 303 744 750 660 531 140 222 38 530 424 626 392 441 569 476 475 337 714 524 479 991 271 315 953 203 155 338 83 730 285 282 961 289 303 803 294 134 486 388 125 96 606 476 260 5 410 381 320 715 725 10 558 754 1000 855 742 627 112 221 365 218 302 753 328 427 515 360 947 862 968 400 327 668 402 594 861 254 997 408 469 918 276 177 584 399 8 887 677 757 898 238 57 42 25 987 631 337 250 357 203 541 480 238 475 904 608 278 456 652 737 142 895 631 899 929 496 922 903 91 491 388 939 740 89 837 675 83 85 239 524 748 301 150 795 878 35 920 955 469 152 618 618 15 366 7 351 203 663 814 549 205 513 175 374 911 964 756 658 526 999 750 68 77 302 827 357 588 618 541 315 867 978 579 259 591 951 102 387 322 345 394 514 573 505 263 892 430 691 343 708 695 968 570 876 404 423 753 838 199 506 65 109 795 304 533 57 37 339 128 859 886 739 869 
813 709 839 714 731 810 75 154 394 449 627 983 961 775 666 83 846 598 914 548 746 902 238 948 574 979 307 664 293 129 158 833 761 489 874 422 225 537 743 142 508 567 868 435 696 751 736 634 107 824 970 186 171 294 184 330 736 185 831 371 724 752 73 185 524 306 573 180 983 901 280 472 277 378 108 24 342 931 442 566 127 574 693 548 68 652 101 860 249 317 627 531 503 762 121 647 531 905 779 65 543 267 521 672 841 878 535 664 361 679 480 33 198 158 520 209 113 155 334 587 263 582 429 682 494 159 330 563 906 754 471 442 763 613 685 644 796 7 613 492 471 611 798 550 743 952 196 343 475 785 628 912 869 647 989 859 396 108 735 327 353 810 695 129 502 397 604 629 247 76 865 664 582 642 843 571 214 487 976 59 731 230 120 447 973 918 803 226 770 863 327 778 348 39 170 727 584 71 253 621 314 881 404 703 816 177 987 921 82 573 951 182 497 861 55 825 205 216 912 238 94 96 135 659 806 859 62 665 836 473 381 276 963 800 660 431 779 485 472 369 340 314 908 613 937 897 753 871 356 113 300 993 427 609 928 712 331 369 27 452 442 365 809 352 720 608 893 286 714 962 907 275 900 7 1000 475 52 840 207 39 177 736 708 220 383 658 274 620 729 527 549 665 366 19 850 383 292 555 383 477 578 127 813 785 209 220 629 270 156 802 467 300 881 265 496 981 355 403 180 470 268 692 166 9 953 405 51 173 586 466 127 148 454 680 386 731 585 265 465 461 817 170 139 541 817 453 427 354 723 88 566 688 808 775 445 878 866 404 334 294 670 332 124 387 654 33 357 515 462 744 661 976 121 53 209 211 433 250 827 655 626 813 735 750 189 295 318 499 899 144 525 779 793 317 492 965 5 350 385 927 453 799 950 625 477 957 550 345 940 930 336 521 243 709 5 810 240 950 870 150 77 378 186 790 34 477 940 797 838 64 790 96 209 805 21 603 11 484 997 159 287 499 559 672 155 757 184 666 821 606 6 689 173 103 432 487 774 132 426 76 462 303 373 821 684 971 549 631 85 417 292 518 456 533 294 502 738 816 338 956 219 60 112 796 901 25 464 994 862 921 857 387 10 901 441 576 189 218 387 36 
262 962 992 854 493 253 272 609 703 983 575 960 614 771 222 866 232 770 868 598 360 411 730 508 976 315 731 181 220 747 199 827 853 149 764 96 315 628 698 10 438 69 528 357 675 659 360 406 696 759 541 420 183 39 990 715 385 778 96 400 579 599 115 562 641 462 79 401 760 671 174 34 1 462 517 856 760 471 571 748 76 988 768 935 833 320 844 963 275 435 605 248 494 193 871 100 459 673 762 797 236 42 654 729 330 424 622 308 298 824 938 628 165 317 603 918 989 282 355 734 109 261 892 939 111 902 34 942 359 119 193 965 367 826 833 724 767 394 292 674 3 246 111 570 757 414 481 664 524 357 185 675 37 140 100 371 559 806 721 712 19 876 106 351 58 728 478 425 47 262 958 834 952 463 330 41 993 246 687 766 384 505 27 93 442 766 250 105 837 714 416 790 656 722 50 621 756 770 191 336 212 498 374 792 446 163 751 106 210 871 240 837 742 724 278 802 724 80 5 212 545 359 465 859 374 287 859 155 53 699 937 287 108 132 55 624 559 32 614 255 455 733 755 696 711 313 58 786 490 208 976 872 496 248 873 841 329 224 589 689 409 332 463 61 334 498 68 37 361 985 778 639 130 796 816 511 209 812 271 105 891 341 59 654 687 766 654 405 872 403 744 628 431 461 136 479 570 834 5 672 850 387 524 852 575 760 459 523 471 530 146 700 522 361 245 623 396 123 0 728 607 662 684 791 94 833 322 208 417 956 515 173 673 520 951 203 54 921 690 527 328 799 629 82 532 757 276 440 343 974 888 462 769 736 379 54 341 82 381 774 884 115 425 511 237 251 418 299 322 417 54 209 926 598 700 150 710 699 244 187 455 894 447 163 910 945 693 859 367 244 642 702 925 345 64 842 559 792 612 375 991 976 141 823 549 897 600 653 239 80 822 502 118 781 754 449 548 857 611 453 671 786 454 335 151 534 499 860 531 679 996 383 253 901 528 770 507 71 891 74 244 470 286 18 313 79 665 102 785 235 248 480 922 775 13 670 393 793 789 475 447 599 97 757 616 602 637 233 404 15 615 497 577 450 470 853 591 479 960 134 101 430 515 420 950 325 879 823 626 767 26 230 583 178 491 81 859 139 69 986 
816 1 665 100 730 240 109 745 361 292 971 217 149 565 727 157 37 877 836 175 672 61 933 765 525 627 943 240 772 719 327 473 933 223 461 739 36 741 182 926 429 742 949 10 716 836 2 659 380 615 480 122 67 246 912 948 658 817 772 656 455 148 533 216 70 222 185 543 850 207 433 132 60 108 122 572 473 407 71 659 645 71 106 749 511 34 343 754 11 146 450 416 188 194 285 127 782 696 865 211 130 937 140 399 202 240 535 38 632 486 623 416 154 771 298 551 87 302 305 180 987 118 705 517 354 639 516 318 908 751 20 368 607 560 212 371 830 211 555 12 785 383 277 506 712 293 174 460 312 714 77 106 377 134 725 617 252 151 966 894 811 943 445 38 339 332 762 664 551 693 854 878 418 153 583 168 803 454 770 253 765 904 316 244 371 842 919 94 558 83 484 189 30 383 716 138 559 740 979 489 806 987 169 213 527 868 101 522 757 295 268 881 516 386 468 565 342 252 36 387 638 947 137 943 459 512 218 956 536 625 741 645 942 390 955 6 360 674 170 796 109 10 948 16 867 725 260 799 170 203 884 349 91 888 378 87 350 177 182 122 505 376 734 907 581 68 922 859 172 362 599 514 108 967 624 641 383 6 378 468 569 263 438 411 797 594 347 408 559 901 431 401 825 816 349 762 143 85 255 457 696 734 80 35 878 276 90 935 8 442 992 368 67 855 981 598 784 114 195 275 771 622 370 249 385 701 931 677 291 672 524 255 232 971 25 981 434 840 353 957 243 690 299 356 203 431 144 335 731 569 460 940 727 536 992 475 583 371 648 976 841 908 109 92 577 220 206 295 99 821 847 638 612 525 31 310 580 327 380 654 371 612 869 974 693 863 6 124 660 605 58 651 696 517 686 118 346 756 789 703 415 402 872 438 462 701 828 543 516 555 12 605 833 916 599 226 854 659 90 64 597 611 692 698 810 978 476 482 442 303 875 765 7 558 771 325 376 968 247 772 675 698 133 220 127 186 50 1 428 30 449 348 477 618 328 846 212 800 552 995 369 597 376 535 860 675 598 445 975 230 186 123 419 743 584 79 548 982 804 495 642 517 563 570 789 964 348 690 816 512 740 614 175 543 694 12 62 66 615 293 
785 939 910 40 862 801 268 973 858 48 290 266 391 853 98 298 350 788 685 907 799 373 425 339 637 138 811 209 137 142 637 741 527 119 824 150 432 31 604 810 432 692 883 493 833 208 641 127 388 316 685 215 851 74 604 757 886 354 824 183 755 577 898 599 734 586 462 464 64 818 265 895 466 662 453 730 979 589 733 448 680 403 620 158 957 245 572 204 845 945 270 522 986 490 302 111 165 949 980 323 710 829 753 585 386 890 11 926 364 185 165 416 944 782 39 505 372 518 881 689 538 63 901 530 603 488 879 801 475 25 979 232 32 817 250 459 563 695 437 438 22 739 80 739 240 139 756 261 775 137 988 418 528 690 231 531 416 970 388 875 467 95 10 508 911 920 285 619 791 281 415 842 368 104 174 171 768 789 570 792 680 7 838 324 720 406 847 339 55 703 229 932 681 147 830 44 929 438 8 726 828 260 803 597 474 730 572 340 873 322 748 923 439 285 992 701 295 64 86 107 272 218 705 582 586 809 743 915 141 965 212 811 158 476 769 278 71 67 908 967 360 471 102 501 525 439 697 302 224 424 781 137 488 266 108 660 535 355 220 560 652 150 75 467 207 341 689 428 212 462 907 457 838 710 620 723 773 373 679 412 175 496 503 851 722 568 146 559 332 404 780 2 725 169 710 206 376 491 56 135 154 68 8 672 896 53 133 355 332 750 469 959 530 643 692 250 840 8 262 349 886 3 20 651 241 905 546 137 631 156 279 72 25 807 731 302 387 59 35 371 965 447 309 545 892 867 318 65 339 704 144 868 403 854 731 953 419 674 344 373 565 690 870 901 182 815 833 566 704 671 844 983 866 379 66 522 989 612 833 223 671 82 92 438 292 70 334 31 357 941 410 715 132 273 836 672 551 877 110 187 846 184 863 184 735 904 715 489 203 951 954 217 986 37 778 91 341 123 767 111 265 131 969 107 987 296 404 303 856 394 465 55 347 628 366 370 340 896 351 743 37 557 33 355 82 337 467 453 565 885 189 201 53 590 1000 998 402 26 409 478 746 859 454 699 329 951 135 43 240 129 119 145 645 159 463 153 806 235 821 1 215 184 515 321 607 793 392 752 544 618 406 603 365 665 286 968 562 775 890 357 
700 415 168 14 844 150 850 23 135 679 348 410 205 543 913 768 128 809 743 444 613 462 557 817 138 269 175 395 495 902 436 519 839 826 696 140 136 427 540 614 658 29 825 30 97 502 292 707 469 885 800 602 940 718 186 370 195 209 358 892 829 232 649 582 936 550 756 651 445 494 176 961 626 134 780 842 15 513 568 604 902 58 115 678 192 842 170 778 50 476 650 828 215 222 323 952 346 489 845 572 909 490 36 75 981 938 901 202 449 804 493 191 264 111 549 492 145 552 355 88 814 662 874 808 187 239 139 164 999 344 901 705 609 391 976 701 478 372 264 81 288 172 633 503 55 766 67 495 97 574 826 863 120 839 726 979 486 466 942 634 845 921 274 226 814 685 152 387 705 99 865 734 881 462 895 196 798 631 955 281 15 882 954 16 303 871 299 476 166 118 623 974 902 851 392 317 253 716 549 811 925 167 724 299 766 138 852 95 958 681 716 964 677 665 487 866 435 456 806 23 455 213 735 247 622 648 69 490 457 166 49 492 964 600 513 538 127 361 927 732 908 278 367 192 966 472 681 718 967 634 632 798 627 456 802 817 319 633 655 765 702 990 614 325 932 609 629 928 200 478 286 3 531 982 682 310 867 117 167 532 715 15 682 982 280 568 467 859 338 726 755 445 432 219 808 531 443 937 38 653 321 419 770 345 406 777 825 242 280 939 373 577 527 85 746 869 861 475 719 469 551 384 707 94 640 210 424 999 222 570 770 881 249 482 295 605 53 385 117 682 707 735 798 204 754 59 339 609 674 717 56 261 680 790 178 591 313 890 808 376 403 962 160 728 877 59 740 754 929 772 889 969 627 991 940 671 518 338 572 189 767 450 763 943 330 895 266 410 716 506 651 539 215 908 961 633 209 209 398 232 674 697 257 975 388 559 677 133 254 711 52 730 772 508 378 686 388 971 840 12 148 61 932 831 76 92 630 1 539 98 830 311 730 261 573 779 894 730 195 321 933 545 313 910 639 215 797 158 523 684 121 490 910 161 423 507 564 605 1000 310 234 794 905 820 411 169 676 640 977 271 932 793 689 950 911 125 64 3 184 402 834 715 224 811 974 935 321 915 165 275 104 341 14 706 359 689 742 90 867 645 
8 21 192 733 885 889 187 233 214 517 624 198 246 298 283 748 391 318 622 386 54 866 48 423 391 50 300 974 354 475 552 730 385 993 443 38 325 298 342 778 608 289 203 601 156 686 295 898 995 54 76 994 135 873 50 283 122 773 382 55 204 307 663 821 839 994 631 185 681 668 888 600 825 247 170 135 433 309 519 498 211 928 523 392 974 314 805 341 978 961 694 938 482 461 62 299 145 440 705 248 189 650 972 791 710 857 819 371 864 542 276 63 89 103 268 204 195 686 468 261 64 708 314 607 368 158 89 832 417 20 528 263 12 128 364 208 515 174 105 655 603 511 404 42 992 944 778 193 20 246 161 137 88 887 88 416 316 204 0 862 426 146 445 959 792 151 448 514 439 109 796 782 950 737 274 940 483 915 950 71 185 43 437 900 839 458 516 292 62 719 112 64 370 419 171 633 517 996 931 184 835 902 365 342 157 566 279 708 22 698 346 806 191 479 860 38 785 116 712 836 888 428 66 182 439 269 933 626 799 887 955 869 637 529 919 316 580 747 402 117 481 607 865 674 546 57 194 993 635 301 349 493 590 742 694 253 641 85 169 900 874 568 159 603 713 187 244 593 541 651 592 497 531 529 834 239 622 820 859 636 236 985 870 639 719 360 434 988 98 5 722 553 371 722 238 918 326 6 28 822 484 514 426 349 902 222 959 237 835 252 73 552 788 225 119 220 736 269 825 301 26 265 825 778 492 114 234 715 811 971 10 729 251 484 587 134 940 529 577 317 4 378 809 21 742 756 431 812 247 565 668 15 44 844 826 26 317 785 6 873 375 857 59 218 523 619 419 599 698 428 91 372 672 386 526 370 693 147 744 955 888 33 683 317 360 995 178 571 408 573 210 449 585 549 991 750 382 53 804 339 281 397 242 596 60 828 897 50 59 583 120 765 408 852 836 167 707 791 677 481 131 799 976 258 768 88 494 666 669 248 978 328 703 987 365 362 381 154 415 189 281 977 943 457 751 246 102 984 638 11 299 557 224 563 67 360 554 836 854 502 277 77 209 969 492 653 847 912 123 174 625 505 403 444 629 448 71 87 349 120 184 247 193 785 189 1 964 664 1 808 888 847 680 243 663 518 311 271 211 901 
871 136 249 801 387 804 253 338 807 164 891 638 548 196 115 701 220 241 68 307 929 517 430 977 887 561 470 422 339 94 383 182 771 996 172 626 203 895 208 528 240 925 841 56 435 807 802 526 209 962 666 979 119 986 598 383 780 364 327 447 172 844 412 71 251 981 367 929 165 996 844 295 802 267 614 106 217 245 212 772 795 354 589 115 687 757 947 56 113 550 624 943 312 363 319 26 936 420 629 627 718 748 10 74 295 441 874 848 909 859 190 207 613 263 7 812 779 393 98 426 845 559 799 506 676 650 937 391 964 942 98 486 539 954 332 779 539 582 298 636 907 217 0 351 757 22 905 520 209 63 816 311 415 349 267 775 812 829 896 779 999 359 932 175 15 962 204 535 844 271 873 800 519 158 633 78 996 43 768 960 762 974 107 240 30 582 990 300 139 408 812 111 679 1 701 399 647 774 289 386 980 747 531 203 491 996 817 625 619 484 317 523 756 10 408 503 209 578 88 400 456 775 96 145 632 285 517 897 252 109 754 609 189 742 409 621 535 965 150 357 160 289 363 681 23 521 638 646 404 724 626 977 979 691 617 97 398 236 176 743 287 658 401 632 373 389 700 532 293 947 630 72 779 288 4 970 417 479 173 57 946 955 754 369 973 544 255 900 328 138 219 580 143 194 299 121 164 244 321 928 58 779 303 127 930 327 202 614 345 130 51 130 334 455 884 287 770 367 408 642 521 89 2 185 883 539 264 903 729 592 296 886 375 402 361 917 364 812 748 98 990 305 150 951 776 63 334 168 310 512 89 598 830 904 506 803 607 206 906 621 292 411 255 990 933 337 275 151 674 524 859 959 530 187 683 131 972 825 446 657 991 156 708 948 754 753 814 64 148 23 13 94 65 418 27 53 223 505 640 790 738 781 838 289 705 838 253 214 184 395 594 619 586 26 270 54 696 811 708 991 624 892 237 320 390 345 610 798 173 201 361 626 128 135 539 85 957 473 517 811 668 356 522 647 236 552 499 428 180 889 62 889 628 993 325 328 572 993 672 441 960 237 994 59 636 50 675 707 392 718 850 394 260 972 369 621 389 221 534 725 395 602 515 924 494 199 178 470 139 514 381 848 23 98 494 145 883 666 813 866 
578 56 643 397 959 799 589 353 343 311 472 312 891 72 970 426 577 957 428 603 887 612 194 456 597 868 545 997 865 516 259 796 896 597 483 295 54 530 682 947 857 306 84 957 513 372 481 424 77 429 299 530 614 186 911 840 11 350 256 692 43 14 348 277 943 861 260 55 519 744 280 859 668 272 171 936 251 990 683 660 91 919 972 67 619 713 59 827 547 108 650 828 535 678 727 986 958 811 747 355 573 608 80 367 531 465 171 924 1000 595 304 116 396 306 651 693 93 59 94 293 711 554 822 861 169 752 340 767 179 869 728 248 821 184 765 57 105 664 694 625 512 49 23 755 311 509 74 56 183 971 118 958 962 860 4 325 923 547 91 981 707 298 667 879 81 931 716 153 902 991 767 274 765 577 86 482 274 671 321 459 166 268 330 349 472 688 936 755 310 659 151 223 658 225 682 657 982 533 305 864 649 946 131 245 41 970 132 2 530 378 479 631 697 281 604 590 90 252 604 737 278 458 106 889 359 426 783 626 961 851 160 250 193 833 108 50 807 463 473 555 217 339 678 783 161 193 753 307 986 412 246 446 28 533 915 887 981 334 912 141 394 596 480 730 712 115 20 591 944 979 888 447 686 924 49 925 642 49 797 438 720 184 533 299 41 303 503 701 431 443 48 123 674 672 302 603 847 591 46 449 844 619 675 512 348 742 71 721 124 446 462 646 126 97 134 499 94 469 458 226 106 601 374 793 401 248 922 601 133 338 876 529 966 882 342 892 400 468 190 63 712 599 154 854 146 679 956 747 214 504 484 961 270 396 811 477 433 195 66 290 256 810 220 738 546 306 603 707 449 958 914 248 877 403 658 712 735 953 604 474 422 870 158 132 289 947 662 553 408 695 684 269 978 33 804 488 464 66 127 504 190 241 812 803 866 252 967 498 181 735 461 784 947 772 975 552 240 153 512 434 675 356 584 820 535 6 954 143 250 907 896 357 647 106 239 153 412 332 560 723 793 268 425 544 359 196 936 446 788 11 166 3 765 285 580 558 729 753 856 861 209 976 95 119 234 78 812 375 298 628 869 274 35 449 417 321 801 234 80 958 410 37 395 475 277 342 558 922 4 923 726 754 925 898 553 144 613 701 335 450 
274 569 719 665 307 431 533 997 724 902 536 640 719 522 553 342 592 322 589 949 943 542 866 709 90 160 511 502 950 629 965 860 833 431 968 742 963 648 526 86 19 207 589 904 719 400 762 418 683 402 101 949 397 732 720 923 929 587 197 864 77 124 400 388 199 729 824 267 860 825 199 519 724 324 536 292 373 684 223 820 916 370 782 725 461 797 713 469 184 835 834 116 457 579 190 761 725 965 582 497 188 0 966 327 948 988 502 828 922 764 683 152 832 553 885 402 456 857 317 14 649 943 345 659 299 207 214 29 981 690 687 358 319 127 193 444 202 416 72 945 61 396 525 959 435 453 627 587 817 379 602 183 402 993 68 665 341 516 412 459 796 995 748 912 850 372 160 760 291 382 326 285 510 277 427 445 958 744 555 92 70 927 723 189 944 749 911 749 450 292 767 260 476 950 667 71 819 300 721 923 408 639 253 81 297 198 941 292 405 928 323 237 9 395 570 851 279 867 816 24 681 769 444 844 866 11 363 356 853 852 617 720 350 496 175 310 570 290 658 920 168 36 471 988 762 269 916 240 261 688 324 869 954 111 35 928 359 84 286 672 890 409 979 34 569 581 423 348 179 500 208 752 466 59 384 143 556 125 628 355 4 137 179 842 364 792 202 623 36 877 433 320 802 405 930 921 573 296 128 308 593 76 412 375 518 720 726 851 912 892 974 239 827 374 46 196 750 478 460 926 41 181 805 669 405 110 125 299 944 729 268 272 549 636 733 57 307 20 235 211 624 853 857 350 913 932 837 863 575 636 486 514 43 572 628 175 747 863 30 457 391 731 777 835 172 369 51 837 461 732 883 28 37 747 134 518 891 291 67 327 468 338 972 568 940 351 977 772 714 412 571 23 584 467 361 98 129 368 970 40 925 474 334 82 597 344 42 421 414 307 130 902 432 570 249 646 182 706 524 477 358 45 913 77 185 614 128 326 761 945 374 587 997 474 42 28 633 635 468 148 524 585 531 547 671 40 276 384 731 512 646 244 840 85 43 876 754 484 553 804 802 165 647 596 991 946 469 1000 571 829 32 919 140 2 83 165 61 561 193 792 355 302 816 905 104 50 643 138 589 46 703 123 49 760 893 154 490 804 69 574 
857 902 583 203 644 589 303 682 233 625 361 335 714 575 720 430 546 307 178 550 3 390 394 639 18 396 907 149 25 411 246 157 103 678 98 830 700 862 973 246 237 498 965 156 716 912 892 384 762 940 433 110 298 655 571 78 678 893 414 149 463 443 564 586 73 871 811 877 617 303 235 739 479 563 979 341 865 552 365 170 330 454 378 704 400 259 647 257 480 216 60 841 443 180 945 977 340 860 531 708 451 330 952 169 136 563 607 878 374 781 339 152 869 873 358 296 999 138 384 425 997 300 699 589 163 822 248 880 147 558 300 656 278 706 755 132 573 367 282 408 686 139 481 932 950 561 968 332 87 24 245 102 83 312 970 547 354 984 752 126 931 76 464 762 23 420 810 656 664 69 505 400 356 519 909 66 638 564 828 682 67 189 749 912 305 999 951 70 112 376 242 94 980 673 202 534 608 646 517 559 166 611 278 311 41 738 167 752 560 201 214 410 653 666 918 294 391 760 767 57 972 887 620 40 428 791 631 687 704 565 808 168 129 707 911 212 512 992 302 818 530 58 302 34 425 896 953 170 746 466 489 813 173 710 82 237 682 483 293 971 134 192 669 158 39 329 435 440 761 944 435 947 931 94 450 950 849 441 694 772 750 694 389 697 534 53 148 828 136 571 339 354 611 253 310 408 458 0 482 855 348 99 886 68 987 809 510 816 449 121 516 458 381 615 497 523 217 481 167 23 120 285 235 954 321 149 727 99 453 144 912 216 534 710 12 929 3 719 735 370 887 665 686 337 751 221 348 582 505 598 694 862 219 794 438 969 597 601 543 266 716 478 306 194 410 477 565 128 57 80 484 84 752 290 46 268 674 129 224 656 376 689 487 517 430 495 785 681 311 644 524 976 63 961 185 263 439 241 943 284 305 691 13 684 599 634 40 935 876 675 594 712 292 580 845 806 723 27 573 763 794 936 880 663 567 743 416 662 330 246 379 102 724 544 377 987 709 826 856 278 363 49 317 924 638 923 367 402 150 300 983 858 229 807 340 544 797 25 480 703 622 580 528 811 426 767 648 460 631 937 985 580 350 849 151 460 506 740 372 693 222 60 285 154 451 990 658 954 956 77 562 14 138 596 446 245 547 249 710 268 
541 464 710 344 365 558 684 408 606 605 766 1 484 329 652 170 66 886 940 42 875 585 519 292 679 575 1 440 543 570 367 995 936 610 482 492 792 909 748 346 794 187 694 690 447 159 886 903 542 513 709 89 458 699 152 353 451 139 152 762 580 87 898 562 494 927 824 701 413 778 914 773 692 135 916 277 737 388 493 11 804 690 523 796 134 204 528 533 608 549 18 184 449 185 550 282 200 727 234 125 419 524 264 347 362 815 510 654 98 996 703 235 57 343 81 927 510 84 290 906 569 337 131 772 554 663 665 610 424 242 65 405 289 187 495 777 554 682 514 230 339 750 716 729 124 284 609 12 49 380 907 215 481 583 484 975 473 805 461 235 120 818 919 519 146 392 224 554 939 662 559 745 654 225 625 608 613 152 613 370 616 324 844 477 984 12 826 895 697 15 851 754 851 346 23 653 858 971 447 2 826 483 995 459 977 11 951 34 616 236 44 20 663 228 364 643 526 816 196 906 260 913 203 14 758 624 440 49 810 231 925 346 282 921 25 751 675 239 892 404 738 632 566 992 534 135 835 246 231 12 932 603 476 243 584 187 633 502 517 831 298 400 505 198 468 806 654 53 521 329 504 923 139 976 687 97 510 634 229 522 923 94 348 25 595 689 831 319 238 17 717 779 999 748 789 638 345 458 182 813 363 858 834 551 457 151 473 50 328 688 511 863 477 3 745 734 648 336 709 432 854 114 145 251 324 601 412 924 72 226 390 938 54 330 304 459 850 917 331 630 45 835 802 764 560 179 274 821 963 858 291 817 877 931 21 137 989 780 632 960 950 718 809 420 347 778 256 711 629 375 503 83 968 838 979 352 843 964 135 938 1 437 538 29 692 992 454 518 426 0 255 3 945 405 619 735 212 714 335 871 133 752 578 49 96 550 165 517 373 525 166 546 887 528 333 612 64 384 363 236 367 973 141 950 660 517 686 210 691 963 690 10 731 650 195 431 591 383 7 976 537 544 803 663 902 946 206 114 748 250 963 271 351 205 765 726 968 451 669 717 224 87 810 462 356 731 318 378 765 937 730 325 605 956 313 601 794 939 330 449 257 44 494 719 865 656 178 679 340 122 992 426 834 259 717 171 383 149 158 781 
949 136 407 235 657 790 269 154 314 805 361 586 309 56 517 461 379 958 417 783 480 717 910 890 462 116 755 435 886 517 107 756 988 737 267 836 735 622 989 871 520 546 847 517 941 433 410 633 753 833 320 744 76 348 394 12 455 313 165 439 432 479 247 54 81 954 0 943 682 199 903 43 605 906 495 328 524 761 966 691 70 723 410 211 272 745 355 757 897 732 241 976 766 133 61 575 105 153 81 193 303 635 327 262 401 495 317 232 49 982 341 770 705 621 90 494 363 535 81 968 143 695 334 242 439 312 483 313 561 500 546 666 186 4 310 45 137 165 175 401 132 469 209 607 54 451 233 565 5 602 259 936 289 394 684 672 196 567 288 60 288 340 671 973 935 30 894 264 878 24 213 691 582 731 326 947 485 643 384 643 267 485 682 372 753 39 420 804 146 568 777 668 991 712 690 686 41 18 620 643 928 395 756 4 942 172 676 79 101 298 305 697 297 394 501 453 961 786 6 947 1 884 796 421 985 157 716 119 548 392 627 733 372 955 638 561 508 830 903 879 578 530 487 218 585 967 203 80 327 970 709 830 499 707 417 753 1000 860 511 134 284 622 322 673 671 825 113 153 144 570 224 356 944 865 438 230 557 732 166 72 86 165 195 176 829 264 829 330 541 899 530 172 870 236 305 232 215 418 158 360 120 683 508 515 682 541 733 711 226 787 724 574 82 455 616 362 876 118 614 359 821 8 882 587 583 386 96 556 271 729 761 447 413 105 124 924 437 714 204 223 945 754 955 349 134 344 90 182 959 215 16 981 325 275 433 143 57 963 222 47 722 600 603 22 989 28 642 281 123 420 675 809 2 79 95 96 475 410 185 339 506 118 615 456 330 752 903 356 673 38 224 845 889 124 762 169 359 225 94 755 508 20 278 443 79 862 361 87 300 483 925 310 579 615 663 93 332 133 643 625 563 574 424 235 870 996 740 664 739 694 690 630 485 188 46 251 719 521 726 449 915 543 483 882 109 962 170 29 327 617 911 583 106 643 273 223 849 341 905 879 916 490 899 217 196 647 889 783 588 172 635 713 301 461 78 404 172 360 238 829 625 584 439 550 788 687 754 271 512 596 742 185 819 954 946 103 861 705 718 519 
302 302 923 88 611 246 793 492 545 631 47 584 15 571 813 998 147 461 632 185 316 150 228 402 580 278 937 967 585 17 911 5 162 577 584 978 926 294 796 136 678 212 925 151 470 441 378 387 451 910 281 176 807 305 768 874 215 569 426 231 0 494 645 432 159 63 960 383 621 748 284 839 45 520 554 780 345 981 311 925 987 560 591 472 628 49 195 757 463 725 770 86 483 638 339 967 419 930 653 449 521 774 247 643 456 456 817 493 81 617 677 653 896 795 147 264 160 120 806 11 36 86 392 833 55 681 430 778 353 691 647 768 941 928 110 906 144 222 992 193 681 60 445 276 182 772 271 118 477 284 511 102 440 593 342 991 913 749 838 583 357 640 404 999 585 473 716 117 935 361 30 236 680 619 363 11 465 669 108 186 219 130 536 272 169 332 916 402 414 424 900 32 295 757 692 161 856 626 541 236 368 751 116 384 600 999 271 775 443 624 414 696 436 191 436 519 489 314 992 743 19 970 299 951 898 921 71 581 551 135 245 525 505 33 847 175 237 207 947 713 23 219 619 430 231 242 95 195 621 435 267 614 131 790 530 947 1 407 811 98 832 825 180 0 880 901 298 2 372 416 852 739 841 561 989 101 97 110 447 152 855 31 291 599 422 852 619 941 379 460 484 859 791 586 813 704 322 303 203 370 172 91 205 379 758 972 800 586 914 653 695 485 744 464 952 626 537 578 693 83 999 713 715 373 616 363 588 823 67 863 730 320 454 423 530 249 765 826 712 394 883 584 800 335 110 993 893 886 916 398 419 871 355 715 735 622 659 369 721 772 74 72 937 996 793 295 746 516 25 513 237 758 492 784 857 476 222 954 977 791 55 96 761 717 593 457 556 481 382 942 530 925 668 111 204 131 560 268 835 856 141 84 6 602 434 113 471 639 357 272 892 987 12 328 493 229 373 765 501 204 514 469 746 910 715 905 448 329 340 674 686 680 670 470 625 571 777 808 650 950 274 717 237 112 851 815 134 841 587 823 153 465 175 379 84 248 725 316 762 982 127 345 977 576 969 842 563 642 951 684 313 704 298 382 456 726 802 340 883 373 421 46 298 807 373 27 81 553 661 322 231 924 12 430 947 764 90 369 495 681 
921 245 330 683 731 385 853 807 780 542 131 621 849 168 528 592 820 172 419 408 510 823 358 580 432 59 583 838 877 124 947 150 281 196 649 820 390 538 708 87 723 834 851 776 564 803 115 130 972 652 340 151 923 363 235 424 38 903 849 155 65 248 859 712 653 530 684 571 255 250 514 674 73 594 892 882 229 194 37 193 720 96 257 343 155 148 499 954 956 674 512 493 520 32 221 926 847 230 402 805 41 727 422 536 763 120 911 710 798 17 178 411 64 170 887 702 690 207 382 143 375 574 307 653 310 933 519 423 149 179 648 984 838 74 493 914 242 231 989 477 417 896 661 355 893 4 941 809 672 594 726 776 504 308 330 745 194 607 248 209 310 381 175 185 264 11 346 37 584 106 363 655 840 136 177 32 792 821 538 490 206 886 334 259 57 466 693 512 187 787 558 134 864 350 883 292 332 668 405 148 720 829 554 164 25 786 56 914 627 737 183 949 820 235 230 80 882 96 29 339 456 294 55 690 635 400 246 587 931 16 454 824 953 52 33 929 493 721 234 545 8 517 803 560 578 618 360 625 355 897 361 290 805 327 383 147 876 948 574 72 685 504 944 958 779 883 824 744 114 61 369 718 492 662 798 126 803 798 532 262 551 983 691 446 537 421 861 32 926 192 94 405 393 410 556 892 142 83 620 24 782 137 537 657 880 621 308 80 112 309 575 870 157 663 845 652 277 157 647 895 682 579 308 926 214 789 184 195 59 472 609 839 386 640 487 400 43 902 74 418 881 540 389 114 718 17 288 545 755 0 356 487 748 843 975 241 830 979 429 541 573 194 79 443 96 730 377 153 75 794 540 968 874 936 380 601 989 72 288 437 776 655 410 635 391 215 598 200 174 148 776 629 675 499 293 948 425 763 263 125 486 112 810 537 742 347 834 822 63 750 944 676 951 646 743 36 20 536 735 172 131 971 289 756 413 531 138 362 69 516 322 65 569 360 104 833 680 619 907 582 317 314 768 982 658 974 654 935 415 34 133 258 374 796 629 229 64 147 273 823 848 382 469 422 345 664 376 756 252 315 222 329 715 326 905 17 18 101 757 319 327 339 403 118 949 275 829 980 501 665 719 99 953 530 275 609 545 275 448 998 
130 758 108 478 187 324 605 172 739 509 508 750 561 965 31 250 758 899 976 76 196 638 91 452 888 18 67 776 49 773 204 817 80 54 605 259 414 531 57 748 804 138 455 469 360 623 475 357 361 576 747 180 160 12 168 255 945 570 372 740 587 496 590 91 642 329 960 740 780 65 507 481 610 777 90 457 317 691 482 162 587 8 890 469 376 502 12 354 343 856 795 990 77 189 831 175 980 163 383 133 800 722 558 197 873 831 99 455 27 113 919 968 337 492 542 724 507 663 488 248 756 539 339 512 358 22 848 898 231 449 797 894 45 563 464 198 138 640 937 28 787 468 441 561 849 379 796 810 322 750 83 679 513 499 707 765 644 598 971 992 431 952 8 311 850 731 245 419 349 707 756 11 791 235 54 362 103 274 327 716 331 823 121 897 29 595 366 917 208 296 563 373 358 241 484 929 583 929 663 923 80 289 927 173 356 529 691 617 460 792 417 816 786 851 252 997 971 993 9 743 339 734 346 808 843 15 659 373 485 59 529 992 333 663 860 761 872 560 672 437 681 234 695 964 948 865 579 325 621 462 761 411 988 388 511 983 955 257 78 888 574 437 761 499 459 12 506 974 726 11 90 87 732 865 536 197 962 957 925 321 912 781 755 851 391 874 272 858 753 939 446 968 24 645 801 165 740 373 174 673 979 549 852 161 85 181 230 833 569 710 583 662 736 941 414 417 659 61 551 452 469 599 997 878 97 473 754 419 155 201 679 644 4 115 754 978 757 54 319 528 183 964 970 600 361 191 349 17 90 541 986 651 996 400 683 757 948 658 821 706 233 951 500 357 759 747 757 334 715 806 592 585 874 483 505 788 137 171 313 608 340 566 937 194 182 259 26 951 486 739 814 591 6 400 141 138 482 840 341 159 299 211 931 595 326 840 100 229 814 364 46 756 384 986 319 79 368 112 489 636 613 720 690 158 373 708 537 302 692 704 21 91 728 728 995 983 789 318 835 426 37 437 198 937 895 814 305 77 754 222 719 616 835 423 996 173 830 719 241 850 695 345 835 635 459 870 164 327 223 484 287 151 985 711 545 770 213 948 723 8 144 243 478 448 716 268 308 780 821 221 582 850 993 413 77 326 89 843 442 861 
301 574 821 195 711 842 685 256 690 797 524 786 516 304 14 47 54 802 298 481 810 726 793 341 367 634 204 627 315 580 594 952 868 862 452 49 831 716 95 725 15 801 391 159 827 833 811 787 404 104 403 569 921 980 624 741 450 960 806 328 178 893 540 572 469 468 856 540 93 864 799 252 487 2 821 747 824 233 81 226 541 913 747 774 885 878 93 448 932 984 777 543 878 650 937 161 942 67 564 724 117 612 963 350 988 4 683 89 709 631 121 589 704 847 693 34 359 982 147 336 254 155 196 992 363 181 562 122 864 543 741 399 544 199 88 900 481 71 427 544 170 907 619 747 177 564 832 268 434 639 623 355 897 973 80 808 790 135 903 934 986 415 126 421 404 770 988 341 29 688 291 92 47 859 962 174 808 579 991 336 815 903 86 611 380 399 511 764 404 926 609 197 113 980 420 479 572 967 99 904 887 801 604 135 430 464 520 650 684 66 992 513 82 960 749 399 480 588 844 637 932 185 664 781 644 381 300 312 426 645 177 469 616 235 912 945 680 719 920 628 647 739 908 232 20 410 156 778 842 746 365 583 883 260 894 991 25 427 131 684 63 639 163 323 54 852 219 753 360 642 382 433 994 233 165 667 786 419 197 90 275 331 436 386 172 121 728 796 81 286 130 5 661 267 444 457 580 333 519 808 996 124 930 308 273 690 217 564 916 822 783 803 114 225 707 771 802 656 992 776 945 779 435 508 733 9 350 888 998 337 843 462 21 782 555 721 399 731 974 533 310 482 340 749 345 214 465 925 880 943 168 521 966 752 706 974 649 606 74 261 685 487 535 435 780 975 84 355 108 541 704 515 964 657 12 91 236 7 329 320 410 842 940 935 192 550 789 966 328 254 62 255 351 407 480 759 247 441 647 813 741 504 931 108 889 232 521 395 438 905 436 400 792 230 866 126 170 870 956 781 196 890 299 179 429 811 256 813 319 999 356 940 746 778 641 262 729 989 641 401 184 355 854 704 110 595 225 250 662 873 878 414 595 196 140 431 330 556 205 197 270 15 835 749 408 497 521 312 44 729 307 204 176 612 15 810 631 449 265 339 252 208 845 706 570 826 837 850 685 561 376 26 126 965 748 695 524 879 945 546 
118 715 868 871 88 792 674 211 669 384 309 110 721 812 805 517 725 201 540 753 382 719 409 578 827 860 47 459 598 165 455 729 988 329 916 352 441 605 38 682 2 600 981 839 344 497 575 294 347 273 669 25 719 663 662 623 596 881 20 606 366 252 886 929 568 399 858 381 23 931 280 670 559 181 989 362 161 241 84 495 806 708 402 785 703 998 458 865 797 4 526 78 740 725 985 23 348 180 913 379 920 796 516 918 822 795 537 182 780 6 451 204 738 211 707 194 461 686 200 880 678 468 408 28 224 979 816 306 935 65 550 251 561 573 624 18 707 389 982 210 531 183 937 443 514 228 248 360 543 677 57 27 517 636 484 427 807 552 927 126 794 798 409 876 991 891 849 979 568 257 854 292 996 63 588 785 716 22 760 807 343 468 86 903 937 224 340 481 247 621 517 404 718 862 484 193 969 956 200 186 320 14 408 738 985 751 325 550 559 723 862 651 167 300 623 616 818 889 133 4 60 588 812 44 678 354 437 20 412 137 221 85 208 767 193 935 66 448 913 604 461 254 374 67 78 580 561 114 883 800 974 513 332 498 374 292 529 515 407 824 341 778 404 98 621 778 413 485 685 777 361 988 399 850 681 546 282 900 225 316 606 852 839 676 698 112 690 344 127 902 404 811 619 899 892 307 711 781 62 491 186 419 911 339 484 850 741 35 872 628 693 64 474 911 970 524 25 692 278 569 244 474 162 688 488 113 209 938 238 658 523 733 574 24 331 641 345 514 513 67 109 646 389 127 982 640 154 375 873 193 100 67 745 782 208 286 881 719 252 850 254 891 657 249 108 470 971 673 999 491 829 508 280 302 447 845 798 295 668 741 494 404 686 612 343 696 560 701 531 682 397 326 436 955 344 161 641 554 863 724 404 974 542 194 226 88 622 879 963 663 712 640 767 952 469 673 247 225 585 432 449 980 65 908 676 554 986 869 206 750 712 424 552 618 490 727 204 770 46 927 88 365 785 354 282 733 956 249 952 884 860 585 705 489 978 333 635 356 523 775 616 856 380 23 527 266 441 337 990 351 828 929 153 123 287 489 446 342 357 575 14 387 491 679 96 955 521 476 426 714 307 765 346 876 775 347 57 498 341 890 
510 916 688 307 828 545 843 796 121 67 104 672 53 612 643 513 361 479 917 715 376 437 686 503 999 756 243 393 609 507 929 194 65 707 339 869 546 696 751 330 545 630 928 995 150 474 822 806 628 768 133 275 177 406 944 52 583 726 741 600 750 754 855 798 301 615 983 603 142 109 867 102 694 764 608 437 415 237 196 747 384 93 382 480 598 353 378 84 787 46 885 116 184 62 926 229 488 11 453 145 8 508 264 306 261 948 658 475 526 247 296 602 83 457 184 299 512 720 50 145 544 912 402 876 578 107 574 106 581 967 415 502 497 52 826 857 518 971 50 807 635 332 567 76 469 128 864 234 776 510 966 27 329 335 206 2 432 201 269 188 952 649 719 268 790 771 989 929 501 461 710 2 935 246 792 596 441 371 420 903 59 926 481 798 31 832 947 528 140 85 524 916 682 783 810 959 635 195 782 197 339 646 217 457 807 293 676 812 893 315 801 900 782 824 756 179 895 63 661 173 494 428 405 946 510 286 869 391 282 375 183 861 757 0 114 131 281 909 296 544 424 464 293 304 448 96 339 632 541 894 61 545 269 925 71 183 295 209 79 20 127 397 868 660 89 540 852 662 343 648 34 885 381 854 383 54 680 176 362 129 660 634 374 714 653 837 845 62 967 524 54 100 292 369 223 876 401 569 281 750 647 555 811 689 930 438 248 489 784 804 248 117 320 359 228 886 274 309 222 435 86 452 880 539 857 571 453 274 461 645 916 569 146 183 953 255 2 888 110 643 566 614 171 911 55 522 973 706 475 999 4 941 969 465 179 870 375 873 272 512 465 424 128 1 319 769 234 725 962 470 200 585 762 699 671 755 121 420 361 458 800 629 309 655 471 212 54 842 204 36 932 48 101 778 93 981 378 604 149 262 94 110 612 330 17 902 379 286 921 602 841 23 13 733 377 856 715 838 679 207 20 814 779 745 621 667 631 577 697 361 44 99 73 895 21 1 660 307 145 686 123 594 112 826 499 235 318 508 333 821 280 282 432 986 316 150 749 237 176 461 488 755 618 902 222 451 63 135 656 416 224 371 223 910 872 555 438 624 444 113 71 192 92 201 284 136 449 350 167 834 690 661 578 223 385 487 597 941 377 121 
320 736 650 908 663 229 85 406 769 40 434 121 57 490 764 329 295 795 543 742 208 640 273 385 585 30 985 734 53 736 632 314 510 846 18 841 865 319 287 391 659 765 8 68 602 153 974 90 188 314 591 788 447 286 609 982 928 178 110 687 471 413 1 332 883 791 734 182 489 550 611 873 795 578 644 246 512 27 555 414 682 384 31 566 316 751 61 981 284 397 19 681 232 438 401 46 472 677 811 910 456 709 103 368 123 804 82 34 596 384 407 450 507 738 654 190 717 4 883 578 811 126 48 872 606 873 107 752 829 833 842 772 277 690 767 788 251 19 374 62 525 998 494 35 132 701 416 549 667 371 776 789 456 564 64 567 541 808 327 244 158 651 555 599 901 261 180 480 531 873 626 558 718 866 365 656 751 862 277 843 980 674 218 309 224 487 354 854 594 258 754 667 812 513 874 80 872 247 18 980 658 755 986 177 404 246 214 314 425 997 469 823 167 855 741 925 568 533 101 151 762 929 907 578 11 879 372 880 710 882 27 610 109 334 786 493 710 816 93 379 142 562 183 645 2 565 913 377 333 919 192 579 978 934 902 404 841 637 398 712 131 833 572 93 762 848 840 228 985 447 879 97 236 892 179 553 913 850 985 972 982 606 396 846 894 193 412 114 709 264 12 702 811 285 101 67 969 221 526 378 7 283 848 359 334 548 195 14 298 405 759 818 572 316 834 974 965 292 922 659 196 585 390 816 187 154 330 196 841 690 745 76 100 292 259 146 449 564 319 282 316 102 262 457 57 943 922 241 112 954 166 631 503 935 779 245 865 117 114 920 393 47 43 174 75 215 662 191 878 93 580 123 842 136 509 705 546 278 962 168 154 489 198 656 912 181 837 361 125 989 826 343 560 810 792 950 802 791 571 924 828 427 916 484 580 465 675 755 354 589 401 485 880 883 247 33 601 96 800 50 525 437 574 548 229 162 157 391 786 0 736 116 605 579 61 361 64 819 760 869 380 928 284 805 313 497 786 742 12 870 197 166 872 75 273 313 422 881 672 61 135 539 643 939 969 657 147 918 133 551 665 2 813 867 339 25 858 558 832 304 621 129 266 527 345 208 625 139 831 928 165 697 994 849 263 835 116 1 882 331 
795 317 690 692 279 199 914 628 667 443 84 883 350 297 296 270 104 276 630 278 22 626 286 210 603 888 583 881 926 270 779 438 158 784 511 62 668 707 202 770 476 436 390 265 254 381 665 410 835 963 346 381 43 67 473 283 579 281 344 225 434 621 185 51 646 741 523 801 208 719 19 140 713 754 202 48 57 783 697 878 122 278 630 963 27 56 17 256 835 605 936 990 701 855 180 256 394 335 544 274 701 164 12 224 102 817 244 967 4 201 819 69 703 479 938 419 137 912 100 162 851 886 530 511 88 839 919 873 133 227 903 970 383 460 432 126 647 843 369 41 709 64 358 807 41 276 237 494 394 723 722 770 3 578 163 53 87 192 170 429 267 436 789 679 645 440 564 516 225 479 242 869 800 239 255 725 269 700 476 659 840 818 182 461 35 770 363 346 846 127 155 153 235 202 870 650 628 81 23 833 529 614 929 409 348 283 757 713 432 819 499 239 874 950 326 226 380 559 908 268 168 871 886 1000 756 411 123 668 860 900 143 107 495 15 79 518 91 634 441 568 297 888 67 686 122 448 419 849 198 365 593 925 504 957 701 663 671 799 431 140 857 573 225 820 494 521 940 977 878 571 33 593 685 782 398 456 212 674 941 813 635 961 45 860 672 178 558 99 552 143 340 514 379 988 799 864 266 439 52 878 383 227 335 661 339 178 484 30 595 904 202 257 133 646 338 491 748 129 796 536 100 95 492 537 438 975 944 224 826 797 231 574 570 784 452 98 994 703 544 169 30 902 475 672 935 980 613 224 185 122 377 18 407 602 815 566 62 278 168 690 816 480 362 552 384 255 628 967 753 827 764 400 788 970 100 814 768 532 7 120 113 866 293 309 893 8 139 672 708 595 36 990 385 291 163 740 837 587 674 733 300 204 508 861 314 266 204 762 689 576 929 581 439 642 92 531 473 886 904 389 174 123 541 922 14 717 94 528 449 38 688 29 549 644 581 894 680 428 269 47 882 4 913 259 452 476 124 31 693 879 41 142 654 900 270 389 563 371 139 838 359 795 618 464 270 546 735 250 304 781 957 384 125 360 264 161 984 627 219 509 419 795 844 208 624 587 127 748 383 750 610 212 361 879 691 279 357 162 822 272 
362 483 38 331 625 918 446 326 985 666 311 628 749 478 774 343 850 752 573 883 928 880 415 163 986 539 843 632 313 691 366 761 602 176 284 953 471 134 612 114 481 970 362 232 441 492 118 152 44 321 269 335 509 261 31 722 70 542 603 111 337 811 377 48 5 103 140 921 995 315 68 408 508 938 55 82 200 922 48 344 391 783 23 292 854 214 768 53 935 61 513 964 15 621 783 315 704 953 383 440 235 740 315 526 628 382 716 746 814 20 76 876 42 899 539 429 486 67 246 312 269 213 942 595 675 679 993 929 419 609 914 43 633 921 399 392 340 288 368 849 145 126 834 986 428 582 320 28 439 394 311 645 653 993 371 834 343 100 142 481 366 969 401 350 575 434 666 834 39 330 329 879 925 209 298 361 823 888 61 69 773 928 145 962 189 986 526 184 254 56 704 699 911 460 586 514 20 658 54 95 149 520 838 883 325 795 717 1000 276 394 175 483 924 164 696 132 733 209 789 327 197 792 870 158 220 597 747 724 642 467 606 517 382 831 659 654 501 344 629 889 151 634 598 540 919 543 712 819 42 665 693 381 332 254 216 596 40 786 751 395 646 660 212 437 538 65 450 799 287 893 165 4 940 122 655 706 513 256 756 8 916 653 750 563 840 655 711 395 234 394 415 39 295 269 682 271 375 584 761 462 869 175 29 663 916 280 734 669 404 929 246 552 503 530 409 156 101 778 879 643 934 811 76 893 311 595 668 408 678 224 865 135 923 394 67 563 362 144 198 861 604 700 195 323 472 688 623 79 478 324 607 354 444 69 611 350 831 569 413 268 795 949 500 23 829 361 756 723 171 477 115 271 409 15 605 15 708 888 934 170 187 200 6 30 254 449 22 999 458 366 877 816 505 154 34 23 278 810 465 950 323 83 120 156 141 818 419 890 744 981 700 417 223 563 357 247 79 544 696 601 178 764 986 857 986 216 359 183 947 644 580 404 994 551 122 791 159 880 511 693 999 841 209 363 44 627 829 461 797 238 424 236 610 164 813 858 397 362 686 657 297 127 644 310 401 870 959 453 280 245 246 729 619 145 985 687 749 983 255 290 445 736 182 747 818 681 41 104 11 868 857 825 729 671 879 29 716 865 924 919 
790 678 415 407 934 239 373 138 675 966 52 524 201 54 806 841 23 33 967 101 804 340 365 892 634 856 147 429 320 204 169 751 341 637 128 84 881 797 690 725 576 6 515 315 300 524 866 304 242 725 694 222 793 233 883 912 698 275 217 942 704 482 301 840 302 467 9 949 168 891 163 81 538 700 50 765 529 108 731 479 240 195 495 866 738 146 375 852 957 560 976 2 331 306 107 84 524 633 893 437 900 488 469 789 524 62 623 403 830 148 416 430 425 903 294 56 946 502 511 6 288 280 477 316 592 193 63 92 45 733 622 193 738 339 752 47 181 57 437 938 510 27 931 893 72 129 18 114 402 650 961 521 712 531 828 925 79 378 467 680 720 146 772 760 998 194 112 331 70 862 665 663 382 829 593 727 716 780 836 316 623 539 988 424 863 307 359 885 712 173 611 673 681 906 57 986 869 164 266 968 875 651 976 959 225 94 704 595 459 521 521 604 100 351 675 643 396 524 884 159 703 301 463 914 648 819 849 222 534 974 502 454 545 495 785 976 893 342 822 600 309 25 859 217 930 817 990 998 606 284 364 98 856 408 840 167 169 331 996 969 580 357 80 281 548 609 877 661 814 793 874 640 257 500 123 669 131 851 579 346 190 685 64 901 933 720 669 942 588 144 121 552 687 991 737 367 349 860 720 38 270 681 353 325 884 347 79 831 281 863 245 83 397 949 27 118 317 636 526 185 177 397 886 604 499 85 581 372 86 348 211 877 211 322 397 578 226 371 712 364 117 581 380 963 733 596 198 615 662 676 69 246 331 606 505 230 705 16 168 414 784 77 462 600 349 546 865 466 5 320 118 177 819 909 91 227 671 836 746 396 917 913 758 577 769 775 105 781 75 225 108 860 147 302 167 88 214 135 291 949 410 125 411 847 505 406 12 118 162 662 97 546 995 145 511 888 449 457 853 358 417 918 106 644 873 408 735 382 988 794 356 927 431 86 416 358 222 847 327 193 148 417 942 911 803 341 142 939 53 625 740 300 352 805 786 986 852 744 663 667 514 286 241 253 199 656 194 644 390 292 920 776 898 412 167 819 666 387 170 424 246 765 843 21 767 88 186 397 350 107 455 30 776 372 651 189 649 983 258 156 
848 220 450 671 218 846 825 968 859 217 75 658 773 436 295 617 822 946 808 187 691 456 626 726 128 690 928 505 892 441 76 21 470 547 298 12 646 11 897 428 70 108 454 860 984 806 486 343 56 588 240 775 14 244 366 65 587 878 498 354 372 612 868 14 906 178 64 254 467 120 209 244 243 74 504 724 942 965 385 236 624 617 176 943 553 146 694 846 899 701 873 508 931 233 895 85 712 980 830 343 26 201 738 346 554 172 527 592 138 77 494 25 672 212 129 959 177 150 495 786 564 989 26 319 391 45 494 61 251 803 103 471 196 0 807 270 807 737 909 395 738 325 967 940 766 831 277 128 537 224 733 620 723 901 460 274 826 278 120 74 907 875 292 901 284 916 639 689 814 921 926 939 6 490 254 618 756 590 461 131 902 0 352 255 206 867 51 490 226 244 741 279 470 330 30 291 495 704 141 831 843 530 842 337 313 635 370 564 128 825 415 52 803 311 837 637 940 202 867 25 734 691 937 18 972 991 697 599 872 924 55 310 886 665 13 734 700 801 272 55 241 507 790 205 716 132 866 687 703 747 616 688 39 584 609 328 189 983 347 15 42 973 23 520 196 254 146 45 41 12 907 136 654 767 78 68 85 804 95 404 331 800 199 567 377 797 669 620 861 882 648 483 710 162 149 423 788 670 17 956 507 168 966 541 6 30 84 170 376 93 639 750 403 807 598 840 717 39 827 803 76 819 8 794 320 7 409 417 729 270 18 378 275 388 149 28 395 616 278 620 395 67 449 44 379 407 950 296 618 822 198 167 916 503 446 519 118 394 536 477 295 472 138 159 928 451 934 791 164 974 629 144 319 232 306 295 242 658 548 660 261 48 688 148 606 224 297 327 777 80 374 236 192 366 480 160 142 434 36 910 196 597 985 580 775 424 149 416 626 843 889 608 532 113 40 402 963 338 371 611 152 846 280 122 342 394 832 526 507 597 241 456 26 395 482 706 848 851 2 961 40 474 220 146 591 761 483 790 5 936 757 463 717 949 708 285 566 919 559 501 611 783 222 945 317 496 771 375 291 216 598 811 123 52 473 828 602 131 836 679 730 57 971 268 250 180 847 756 776 586 478 592 511 512 978 671 560 56 13 903 
530 972 369 359 257 254 868 614 570 837 77 341 218 479 877 346 171 677 827 783 775 866 14 525 656 687 551 35 995 261 271 1 665 180 983 100 859 520 158 530 431 873 656 798 221 312 22 520 366 1000 287 937 520 790 563 415 339 557 154 509 252 671 742 627 897 180 602 683 566 378 305 10 948 692 749 985 470 712 214 509 982 456 401 87 825 499 689 388 430 372 430 803 482 607 202 893 116 334 195 713 495 907 327 685 149 934 95 563 744 352 82 524 93 188 484 921 887 207 294 424 80 503 315 885 123 537 342 894 320 745 150 988 513 604 163 517 376 215 351 946 33 495 370 25 533 492 409 907 885 341 316 815 130 503 461 523 436 187 508 295 880 451 613 226 557 81 582 571 59 554 520 193 58 454 592 543 617 158 571 606 538 655 832 431 104 958 967 904 475 228 521 582 848 787 657 423 921 408 48 574 750 869 579 876 60 164 220 725 695 293 8 430 869 191 959 547 308 757 534 848 898 64 229 581 959 897 741 671 239 705 791 403 659 188 881 81 896 570 442 872 398 86 221 747 565 243 475 902 587 433 397 379 723 766 274 238 975 559 352 259 99 511 103 880 641 606 453 820 681 363 600 540 11 980 739 430 127 812 493 378 694 890 626 652 119 789 466 833 390 980 896 665 133 789 701 222 925 692 100 430 742 282 455 77 444 820 915 758 753 178 184 281 214 205 477 98 976 413 393 717 142 659 458 380 953 872 430 577 39 915 491 178 696 420 509 464 557 725 877 786 523 823 166 684 100 193 704 77 46 41 266 321 912 224 964 607 941 262 247 162 805 461 716 954 629 439 856 167 151 472 332 369 286 971 972 784 378 304 558 948 371 93 431 691 612 950 900 486 704 563 357 820 437 419 590 881 174 53 994 888 362 269 280 636 657 85 929 837 108 189 833 88 471 377 984 44 479 18 184 597 53 837 684 588 540 821 87 967 545 799 348 349 690 29 244 315 524 152 173 208 165 585 262 896 888 608 112 359 601 30 946 107 130 454 293 675 466 600 169 880 325 766 106 744 839 949 28 995 271 283 575 170 463 885 277 244 891 91 514 378 24 177 342 962 894 981 755 244 495 553 516 286 765 717 484 728 168 950 209 543 
734 993 421 568 4 867 701 743 188 365 784 449 720 888 148 459 628 783 216 954 169 440 650 876 332 939 437 294 502 351 312 972 625 415 580 736 681 660 471 509 885 510 960 830 285 41 886 564 100 499 152 817 686 846 663 209 826 571 298 830 643 131 781 399 812 40 449 904 713 357 382 706 483 111 637 90 87 204 775 441 476 278 877 508 126 722 172 272 92 337 869 415 699 522 679 472 414 919 935 204 859 786 598 982 624 820 301 519 381 670 858 705 114 240 922 523 363 114 189 540 756 910 99 12 600 958 716 795 929 597 825 472 178 919 354 652 204 804 892 278 143 169 549 939 334 945 680 286 656 337 500 479 926 175 596 669 87 495 720 302 872 589 702 557 827 156 385 749 768 759 614 404 87 655 786 17 720 902 226 171 980 1 591 391 631 164 637 805 80 315 4 876 485 330 327 766 84 629 86 610 297 725 563 266 363 623 957 480 134 476 56 729 130 277 963 685 45 903 559 371 914 891 740 910 870 40 353 19 238 366 753 248 379 962 583 381 285 647 82 342 504 393 3 673 141 813 804 15 940 971 762 227 182 622 793 783 358 262 254 716 879 187 952 314 342 616 848 270 345 744 486 1 743 365 524 924 281 295 906 775 656 105 766 905 574 330 753 925 273 930 977 592 204 751 707 251 957 977 987 960 33 445 53 300 705 454 421 536 841 252 398 373 474 802 380 790 267 212 662 989 719 147 726 389 195 864 976 455 890 489 106 336 228 7 126 463 800 858 919 823 254 710 979 377 457 337 243 810 839 358 684 823 689 167 268 351 850 416 547 16 2 657 152 909 502 914 833 843 545 191 699 78 956 852 884 806 723 22 507 742 691 475 995 531 142 629 780 594 473 187 698 773 81 162 776 329 861 999 631 830 472 908 478 662 524 860 476 134 769 783 719 963 389 433 364 647 304 55 218 104 343 156 257 909 628 170 359 55 577 51 466 473 67 585 172 795 705 262 468 677 10 484 43 305 538 783 205 704 645 511 866 721 911 267 128 290 307 767 248 47 731 137 976 468 235 64 834 715 559 336 832 473 333 459 490 572 105 888 114 511 134 808 51 301 617 22 858 535 320 495 390 717 361 786 534 913 171 426 682 423 
26 367 695 543 94 418 380 908 679 749 742 111 38 517 18 663 382 644 533 814 756 744 701 690 810 602 269 559 543 579 943 647 848 204 584 181 342 248 397 63 752 521 800 50 327 452 396 755 907 748 352 111 415 163 641 523 842 335 56 351 593 398 126 80 230 381 872 929 866 917 975 501 78 978 309 111 188 881 147 682 901 958 921 845 862 704 579 828 163 466 453 705 370 278 503 934 597 225 449 798 677 802 54 997 175 407 570 868 478 617 145 353 225 776 993 116 87 528 497 135 769 419 966 945 421 389 9 599 730 191 552 699 307 747 561 38 923 392 101 344 779 250 248 731 370 20 175 448 226 976 130 127 322 564 346 987 325 756 753 397 345 776 578 554 372 506 700 304 565 357 658 393 730 129 387 853 110 628 863 672 214 484 683 78 194 550 825 897 379 385 472 468 896 235 755 312 932 421 349 672 958 606 773 282 933 365 403 370 64 862 211 531 516 717 164 106 879 986 552 494 948 624 540 986 446 93 630 595 265 699 129 341 938 528 218 283 764 136 687 991 918 42 177 554 452 545 202 29 178 581 931 62 799 837 21 937 613 936 510 463 527 457 499 217 81 918 797 268 19 570 872 749 740 320 38 263 636 957 271 244 576 898 901 668 823 927 541 403 380 612 159 459 460 139 393 95 247 109 500 933 690 838 290 337 6 709 928 934 422 950 528 196 369 251 191 641 525 20 536 39 945 16 377 491 519 179 655 181 470 382 756 429 109 64 685 177 886 998 416 803 922 580 4 829 168 152 977 992 389 632 930 351 307 452 387 253 341 634 542 480 265 258 63 355 826 959 630 553 147 153 29 486 968 216 409 244 247 74 199 175 898 148 740 536 656 324 782 794 207 78 468 570 766 449 368 454 975 847 434 684 262 64 766 529 685 526 508 492 961 959 892 676 576 397 697 893 25 481 502 773 896 278 723 928 171 246 552 190 683 896 224 183 709 938 382 623 463 306 403 314 888 265 992 928 129 762 196 164 606 398 445 613 330 36 997 707 471 985 521 730 961 234 571 787 157 684 79 88 272 21 712 844 83 932 550 397 391 219 778 997 800 726 525 664 459 728 176 421 830 131 588 522 591 982 695 439 232 673 575 31 
936 605 527 853 852 780 908 68 898 895 65 340 29 422 790 887 587 0 8 295 551 370 445 549 758 255 252 105 71 355 795 739 429 348 913 741 29 514 534 414 41 961 497 648 99 95 346 86 957 362 665 834 54 418 537 230 55 667 269 224 875 260 409 239 227 763 459 36 826 787 121 525 809 403 40 383 520 811 305 161 237 501 617 747 175 561 562 320 850 386 353 991 993 666 647 133 357 783 395 918 474 319 592 767 10 198 814 65 266 364 297 199 152 803 249 515 381 972 712 714 101 381 388 800 260 454 949 648 300 646 929 143 878 270 646 589 782 960 575 661 297 630 690 655 410 225 367 672 885 890 807 253 241 657 154 792 768 665 911 626 65 684 443 682 387 354 95 455 914 375 644 719 286 324 114 755 606 407 732 876 223 882 387 604 871 31 988 325 371 338 666 443 952 190 984 838 751 446 199 908 908 214 130 936 810 804 287 292 302 581 206 129 313 690 540 22 917 200 302 548 36 368 137 743 908 671 88 819 263 202 60 740 178 966 329 890 465 868 752 897 269 713 209 132 42 847 123 816 417 990 862 501 444 91 989 827 11 545 290 497 225 285 111 559 28 853 957 802 445 440 546 759 536 548 471 852 625 52 702 8 345 803 556 818 191 248 246 625 172 775 477 27 624 211 288 488 242 849 271 231 896 918 879 514 778 299 719 613 339 334 740 403 576 595 845 947 316 504 988 134 757 279 547 931 762 478 582 820 623 663 224 560 768 359 333 778 76 467 677 147 347 660 577 409 333 62 577 156 947 150 756 769 514 190 566 504 820 77 940 160 876 451 908 596 161 900 355 927 54 970 666 727 761 708 542 76 267 41 932 731 582 243 933 754 531 825 16 790 833 899 634 800 277 547 804 677 210 256 416 189 610 669 129 409 443 457 215 111 811 307 278 37 976 195 127 928 26 688 187 395 785 812 280 305 885 963 261 42 400 700 474 902 408 836 95 889 868 393 495 664 480 856 70 484 566 605 53 311 770 427 499 874 570 497 537 733 756 397 427 10 484 955 174 855 63 73 151 913 393 81 675 428 663 406 124 781 616 280 994 514 867 657 609 482 566 120 156 412 247 187 975 284 875 846 854 921 927 545 105 412 
653 745 246 647 289 987 170 152 480 960 150 385 83 77 6 324 316 468 454 760 698 244 488 256 837 281 287 157 739 756 195 883 162 96 390 393 602 928 595 830 572 123 897 919 392 84 624 866 329 994 740 817 868 180 414 606 278 950 670 754 216 556 92 349 276 771 709 164 418 143 896 524 990 733 19 623 306 293 987 222 490 508 799 148 228 930 361 284 806 413 460 340 659 587 168 61 985 90 277 991 222 756 914 803 415 963 482 895 302 60 514 924 155 501 478 865 773 131 459 615 197 487 353 123 552 134 923 860 187 580 865 667 50 119 952 596 622 32 210 497 527 416 777 111 37 572 795 521 295 290 377 547 589 560 523 639 742 391 750 609 286 531 734 788 502 167 539 549 590 383 202 560 48 608 396 579 810 530 339 301 110 724 487 675 660 892 471 669 765 540 325 666 293 729 578 986 915 474 410 797 887 928 980 639 620 885 307 242 500 985 261 676 881 535 418 775 289 629 405 547 859 291 376 560 416 365 343 997 848 579 422 959 79 12 875 116 456 718 937 235 789 511 375 284 219 424 27 356 869 660 718 736 196 32 311 501 201 130 464 184 849 211 830 921 44 285 893 912 710 337 141 615 44 136 652 132 181 520 528 109 420 836 928 776 214 176 144 23 531 515 420 378 389 723 262 720 336 283 596 444 508 377 770 184 763 735 629 569 476 692 218 723 459 159 172 14 182 672 591 775 469 205 475 835 728 404 810 27 783 435 763 441 786 669 252 587 678 952 177 67 756 877 380 567 719 498 710 444 414 475 96 16 746 141 933 119 138 577 446 177 180 448 860 852 246 813 158 271 292 22 244 767 36 313 215 658 218 95 732 383 173 528 282 186 674 626 476 429 112 467 520 443 369 340 839 76 977 823 91 747 909 319 211 706 924 56 820 692 268 428 497 348 463 722 761 716 90 833 93 103 961 979 586 555 634 313 613 681 945 936 176 982 312 180 261 500 135 365 606 679 147 708 100 828 775 550 644 770 952 476 312 870 827 507 253 805 871 740 448 495 659 118 366 545 718 930 519 195 699 658 686 280 603 679 119 124 692 378 557 812 283 617 992 667 32 189 214 789 560 457 887 437 946 76 21 663 452 105 833 113 
984 806 743 480 556 879 334 194 526 373 579 708 165 821 9 860 984 298 215 214 380 535 103 630 895 227 929 47 511 51 336 654 971 113 227 407 559 653 83 259 842 660 134 84 876 980 724 604 403 842 314 884 456 621 600 576 293 874 393 503 563 944 810 244 465 535 130 1 147 192 180 356 385 413 791 798 234 62 653 456 1000 68 603 698 584 823 561 470 444 977 7 422 976 315 276 954 351 684 356 574 304 968 335 246 982 441 408 531 72 515 190 329 561 105 65 993 695 642 438 186 218 703 947 920 779 347 593 465 54 520 175 612 561 278 66 874 30 501 405 863 512 455 74 885 200 25 229 890 438 829 589 340 915 759 859 827 65 462 57 257 669 837 179 198 668 652 310 989 554 589 829 713 333 339 306 753 619 574 558 719 386 162 541 7 233 621 874 960 304 988 501 518 398 209 612 424 341 822 11 119 733 198 779 39 109 295 231 68 39 374 768 944 592 757 399 783 881 895 39 563 912 324 81 286 952 567 422 63 767 936 249 917 828 671 271 845 922 730 813 733 750 164 709 569 904 988 894 566 475 127 517 769 690 428 344 24 392 7 113 666 469 650 648 793 943 472 453 621 811 464 143 291 182 420 867 421 543 311 238 788 68 745 879 165 129 343 518 171 208 879 907 254 328 67 411 373 108 693 667 884 385 482 986 853 316 899 478 656 862 175 113 439 790 963 988 706 774 676 303 807 89 159 729 177 466 881 594 889 477 756 383 46 86 282 993 906 20 363 315 534 616 11 404 50 553 119 619 559 913 258 523 705 605 525 142 686 659 27 79 522 759 625 922 936 777 368 293 381 347 372 312 278 829 54 892 512 466 280 72 447 975 305 50 430 878 432 116 718 287 792 871 155 192 424 122 635 783 697 65 297 824 17 345 929 138 738 843 99 843 100 85 851 988 746 327 988 461 154 473 212 891 877 573 977 864 820 498 222 324 51 476 273 482 407 239 903 702 67 693 656 843 28 93 605 798 223 541 830 846 43 458 547 126 907 972 885 859 518 814 284 792 625 70 556 852 973 425 791 520 430 420 214 506 578 442 722 49 263 3 582 414 537 663 592 988 4 893 721 837 532 535 689 185 139 334 169 381 497 244 878 
685 968 648 729 143 364 813 1000 705 629 705 753 813 695 507 115 505 919 486 669 489 178 788 63 492 312 747 853 132 93 921 610 186 502 442 604 377 886 527 450 798 950 697 818 877 754 316 296 279 17 980 845 31 138 220 124 334 692 372 621 147 205 946 748 676 835 929 187 300 34 31 622 797 268 789 118 882 68 859 996 852 960 178 505 299 515 8 855 518 954 869 138 395 544 761 82 210 497 764 275 743 453 433 393 24 842 328 213 936 956 478 78 527 74 208 448 859 104 923 938 550 27 678 621 430 571 386 200 889 404 389 0 55 619 170 272 488 526 730 632 475 845 476 239 326 744 762 3 871 491 549 1 144 197 61 971 671 253 55 429 693 496 288 107 685 26 655 347 809 287 168 205 942 575 446 542 285 159 91 54 913 736 93 990 591 622 629 198 826 870 191 282 309 556 169 676 598 12 173 32 162 301 778 660 664 789 444 322 875 538 923 434 81 205 904 941 468 991 703 297 317 151 186 461 987 616 970 759 614 513 272 505 785 177 601 843 524 637 2 872 422 335 430 853 58 393 724 772 609 515 546 608 896 582 641 939 379 691 809 812 956 465 222 923 467 68 762 668 156 863 735 646 513 476 492 678 802 772 441 668 652 225 157 336 764 18 277 949 290 687 989 151 105 327 806 777 112 725 699 443 10 63 729 104 378 885 132 224 182 174 355 590 400 338 898 78 854 872 368 689 806 380 206 233 558 483 134 964 843 576 164 218 238 297 182 680 189 790 387 111 148 511 391 374 830 247 824 919 208 251 255 817 275 423 356 370 130 714 787 544 592 683 649 973 917 157 989 409 442 236 358 853 195 736 130 661 352 928 990 459 734 200 71 902 813 225 265 927 111 30 708 621 893 693 792 983 253 453 186 664 446 582 117 883 343 292 392 378 355 352 596 309 359 72 59 430 693 598 758 265 563 774 942 300 763 501 838 426 580 813 915 936 261 932 225 733 956 270 746 633 226 105 468 323 443 252 228 282 291 926 816 824 275 755 643 167 873 772 920 848 555 576 630 89 444 1000 321 648 43 825 302 216 341 927 537 82 620 215 384 601 635 641 340 956 656 798 433 85 725 729 292 528 971 25 754 578 941 92 318 345 
210 243 745 518 932 558 397 970 647 314 986 793 38 739 832 804 906 153 713 572 761 68 770 746 420 10 169 42 878 967 463 191 620 148 149 597 183 626 845 869 124 524 508 193 697 808 524 783 643 864 961 415 999 749 606 600 231 903 235 130 91 4 154 176 198 14 226 825 122 329 320 552 894 36 488 111 191 474 92 877 558 694 350 668 175 598 922 283 1000 157 702 214 4 349 597 216 265 930 478 593 449 299 442 311 396 658 519 89 39 755 717 168 383 780 902 109 728 974 698 250 353 709 521 573 498 558 849 185 236 832 845 890 902 65 839 691 792 70 86 597 988 345 827 611 686 810 729 840 0 646 639 125 33 446 657 725 525 315 697 54 39 774 566 854 416 553 111 374 420 976 798 993 156 911 555 810 949 628 481 363 891 91 439 126 905 523 285 269 157 407 185 814 130 533 336 384 473 917 520 867 73 833 271 46 73 277 620 587 647 730 46 429 863 927 694 121 430 972 849 448 685 903 50 8 807 577 91 145 127 919 536 720 812 89 734 192 716 278 455 790 813 990 470 800 298 107 497 536 907 729 282 587 34 760 898 472 567 102 571 474 466 163 944 929 41 485 934 503 725 518 988 552 43 591 479 555 316 40 17 958 50 921 35 931 838 163 648 442 103 272 720 680 873 338 70 499 999 195 614 755 522 801 518 141 16 850 49 751 609 619 317 151 675 529 33 55 272 219 370 945 280 663 33 923 281 492 377 226 630 304 680 332 518 187 852 80 391 194 932 905 10 52 749 822 452 184 195 105 75 250 301 665 301 789 419 96 528 970 259 93 196 229 939 406 315 385 272 459 835 431 609 379 10 410 185 576 323 52 700 271 448 295 606 806 127 98 276 265 776 130 708 706 965 288 941 237 575 367 86 709 75 612 196 647 775 941 334 654 750 750 803 429 568 180 702 863 861 741 153 268 31 375 873 762 556 237 401 692 910 191 255 18 398 246 771 642 374 78 664 152 32 23 108 53 102 482 433 790 915 241 501 592 23 297 90 297 426 568 690 365 892 784 724 724 477 481 578 906 893 690 516 933 297 161 850 899 730 668 221 455 717 429 610 466 580 113 444 321 463 748 384 55 367 65 13 444 609 131 158 957 
667 799 147 938 404 971 648 359 342 568 22 524 545 962 891 315 830 932 934 440 673 108 653 827 117 542 115 563 238 595 416 590 584 709 921 744 145 91 687 848 206 185 103 376 626 922 373 413 125 345 200 496 868 119 630 659 637 936 70 154 247 30 298 991 638 504 151 514 238 514 151 639 263 206 48 838 373 805 382 24 238 822 676 191 51 913 275 507 100 456 660 585 25 676 722 996 392 889 575 555 494 146 680 888 715 818 867 307 95 58 779 190 685 199 661 815 159 685 808 467 188 187 701 747 586 480 442 412 669 324 140 27 761 133 831 24 440 72 695 68 973 849 24 337 7 817 254 319 963 996 60 502 667 116 492 790 430 877 392 491 85 129 170 205 506 988 280 725 53 376 308 691 909 488 336 645 664 241 936 32 344 174 653 322 154 448 217 602 324 668 313 649 388 145 323 117 755 291 198 726 377 953 733 720 907 440 909 831 406 483 621 285 67 18 933 392 569 566 54 950 279 743 665 61 468 660 490 604 157 594 695 484 6 613 154 529 149 102 150 742 265 605 943 587 829 243 685 678 176 580 100 209 581 728 963 120 628 250 258 316 737 971 326 568 219 781 672 466 875 498 961 212 99 7 579 944 562 372 683 972 704 972 68 515 865 546 561 428 851 749 669 349 686 27 917 228 294 408 250 163 666 543 224 742 390 514 772 213 967 719 262 605 535 512 732 368 899 22 835 909 639 399 772 388 559 409 265 508 439 281 347 290 304 313 814 489 478 221 765 650 795 134 920 4 584 990 485 902 907 412 64 851 189 962 528 266 347 414 784 538 627 460 649 706 867 78 789 355 190 932 815 289 769 999 573 80 411 602 11 518 802 9 267 213 148 105 636 238 606 580 448 944 716 167 445 968 935 582 592 267 251 336 792 218 819 7 655 469 274 488 555 198 102 320 354 603 475 624 683 77 385 904 653 142 120 547 112 353 127 337 824 987 88 842 619 753 223 869 912 628 446 985 619 681 672 961 225 307 996 981 696 664 420 212 437 66 18 972 220 96 485 606 204 307 399 456 100 245 911 876 358 560 39 148 437 20 34 730 818 547 830 328 953 574 162 739 41 184 551 530 60 406 367 756 617 501 287 131 48 691 
