629 508 429 403 153 131 705 26 493 853 217 345 576 144 21 280 132 90 557 954 434 452 887 773 887 334 410 107 154 432 772 923 257 418 304 798 728 888 815 692 615 536 176 879 901 521 289 432 649 41 205 536 904 572 551 297 525 427 303 656 113 449 588 802 410 696 827 437 151 687 301 146 658 890 586 120 993 867 510 685 943 438 609 1 968 888 906 14 897 471 255 106 23 429 771 6 334 753 406 225 255 772 778 790 275 730 348 277 461 466 976 276 730 797 771 472 762 208 142 911 392 238 388 649 751 825 957 108 362 67 979 511 662 454 132 798 797 140 415 589 699 811 291 39 820 365 248 371 494 424 831 850 409 705 347 439 990 996 484 533 805 684 840 572 911 116 549 731 66 471 81 223 116 83 618 74 330 530 913 845 230 528 147 174 956 929 368 371 834 686 200 370 724 287 420 342 62 814 53 754 836 170 823 454 448 724 901 830 78 763 400 199 675 612 388 413 487 84 59 196 261 784 554 124 22 179 551 797 381 734 531 884 751 60 346 916 312 805 656 710 746 697 886 676 123 875 444 429 459 371 67 373 141 661 983 12 436 632 919 928 523 49 683 294 615 356 439 926 118 931 669 655 613 850 776 599 589 540 884 32 5 687 294 469 658 428 908 625 131 296 217 362 859 689 533 299 799 51 995 629 890 302 13 771 586 703 202 97 920 304 197 794 928 829 443 491 878 878 447 628 317 834 541 324 134 674 96 18 421 389 512 925 804 554 544 779 781 511 798 489 138 659 853 667 638 32 322 580 439 265 700 164 193 101 662 373 37 229 497 649 922 984 474 304 88 167 80 986 502 257 830 705 254 385 496 198 237 553 846 595 642 602 441 929 981 95 20 219 116 703 641 209 711 42 577 989 63 501 983 131 370 479 716 323 615 935 299 782 463 790 282 946 318 546 5 387 882 817 916 709 434 83 814 194 433 922 395 93 55 118 730 782 782 293 780 552 896 944 514 401 309 118 978 405 890 923 207 228 477 463 575 606 148 936 39 780 452 340 420 613 542 423 95 132 755 203 736 818 67 988 467 628 651 975 3 936 316 745 834 66 108 194 736 963 252 349 339 258 56 591 131 865 704 779 414 415 715 283 444 5 
346 975 992 915 974 444 864 991 875 594 919 198 494 991 653 107 885 458 464 424 137 977 969 434 890 409 64 760 574 72 523 199 430 41 505 407 240 274 118 37 230 405 254 166 567 231 755 865 176 189 785 354 617 541 392 678 641 822 141 47 91 496 277 701 903 311 554 969 43 913 149 306 190 695 313 728 374 940 112 371 840 135 786 328 699 228 27 831 316 598 319 799 664 633 631 305 445 29 846 309 463 800 615 56 463 863 535 134 460 582 212 803 286 379 982 21 445 435 495 877 507 665 301 687 422 100 965 292 546 408 162 651 972 219 15 751 733 306 420 872 996 696 820 291 637 969 170 469 832 29 846 278 248 665 78 964 797 653 825 923 566 320 934 271 948 1 211 738 310 672 512 630 413 747 602 649 535 403 265 943 300 244 495 890 68 27 924 994 45 110 629 85 784 406 425 507 242 940 592 951 74 450 347 382 886 901 343 128 940 83 608 166 120 678 98 324 822 393 252 703 806 537 419 279 196 464 573 295 849 38 758 191 814 289 8 221 708 884 758 120 252 475 497 826 791 368 468 906 536 86 757 803 216 436 941 675 136 194 227 383 258 258 538 927 761 720 656 449 101 108 763 296 516 571 874 376 924 883 235 549 849 559 739 800 166 679 814 898 104 966 376 433 329 706 506 861 555 584 936 603 447 483 915 259 261 516 675 883 272 617 447 167 232 802 851 24 993 470 339 474 668 82 967 272 378 518 130 721 539 658 885 756 745 77 803 752 478 943 120 462 711 476 133 808 966 7 652 938 282 925 971 419 859 448 855 370 688 172 769 624 66 204 10 829 740 842 28 313 383 46 511 376 823 794 133 156 611 422 189 745 667 189 874 32 599 564 220 371 956 615 154 762 865 406 561 275 130 587 773 307 251 227 570 0 872 448 470 978 74 178 83 995 510 97 921 392 280 632 333 455 939 846 886 806 790 70 81 433 252 923 106 472 544 361 924 624 642 451 830 749 391 519 528 313 805 40 264 71 953 493 553 809 702 165 655 324 334 845 504 186 85 329 51 265 490 482 110 182 150 760 254 454 837 736 652 820 35 1000 486 177 919 63 380 886 933 927 319 831 828 67 178 887 533 781 788 13 231 940 739 273 
615 644 353 305 108 216 938 998 730 515 468 885 437 562 718 455 753 983 504 16 407 53 454 654 806 418 135 259 865 356 787 732 599 470 94 542 671 864 452 70 601 24 479 613 260 359 566 177 845 614 537 65 763 282 338 151 3 974 817 742 43 526 782 608 149 728 750 693 57 667 481 614 447 530 891 294 417 638 191 711 408 44 803 360 174 717 151 526 599 233 922 768 303 31 235 199 11 254 356 960 307 719 853 478 383 330 44 333 494 339 737 752 646 562 988 111 416 432 724 530 11 586 958 770 13 537 714 987 628 142 346 878 652 955 480 875 368 28 863 804 491 703 665 570 893 125 47 482 604 736 248 167 321 86 468 31 336 806 344 417 109 891 72 71 704 394 69 437 521 303 201 252 950 475 443 671 929 671 504 60 703 291 827 390 662 685 915 680 118 138 771 220 280 603 519 145 525 387 355 969 873 563 99 680 897 653 658 900 610 763 504 445 725 171 134 45 892 219 861 453 119 651 292 626 585 791 344 883 959 593 147 702 642 743 450 854 49 951 333 359 684 481 554 853 397 727 269 419 144 17 411 604 927 453 22 682 947 822 276 88 941 705 268 670 357 982 564 158 890 996 415 972 142 18 481 319 973 456 635 703 873 405 923 614 966 325 299 318 854 694 199 748 84 206 659 428 457 575 833 692 967 331 302 367 614 248 551 550 529 89 169 974 591 522 132 76 710 305 284 963 334 864 698 929 524 558 107 613 607 814 7 248 512 477 139 256 223 754 552 893 832 500 36 438 879 210 252 653 932 317 609 865 744 967 144 517 18 921 601 335 608 738 66 657 830 320 11 721 970 756 313 28 92 285 672 867 716 997 695 850 448 278 651 433 218 834 710 640 41 950 230 448 803 185 634 41 643 48 463 867 363 726 214 946 805 219 770 126 387 580 968 976 619 386 439 28 809 36 381 331 127 114 692 12 613 237 558 176 183 315 86 296 145 456 45 547 967 439 144 562 948 558 736 282 834 102 131 262 683 697 435 403 12 593 89 811 592 732 976 495 387 979 120 104 599 486 271 464 818 666 225 248 988 645 70 332 41 280 110 121 429 877 81 178 576 870 935 362 197 178 224 101 338 164 266 652 841 922 766 979 
817 67 983 79 425 945 78 67 175 236 334 886 725 340 632 738 353 863 709 789 774 980 491 488 46 705 840 173 516 496 718 898 499 862 944 767 549 615 55 271 404 250 33 746 724 137 643 977 778 902 433 833 921 727 155 972 237 334 463 393 627 982 334 439 991 644 677 238 220 728 351 96 390 874 646 26 762 126 546 246 518 184 915 446 565 240 593 867 340 21 550 196 875 827 990 630 700 965 752 771 945 541 678 310 724 984 599 209 405 711 604 509 625 538 966 929 429 412 305 420 695 617 432 3 626 88 668 170 733 684 786 639 545 667 421 963 986 254 554 628 609 994 152 170 438 704 34 723 727 360 513 24 561 874 740 387 677 969 729 281 758 861 408 213 260 995 138 189 503 25 703 146 679 94 908 809 803 760 209 66 553 35 454 723 473 889 304 903 951 816 990 124 91 784 896 48 208 338 860 818 475 865 780 180 190 702 819 14 797 632 906 461 706 374 16 658 961 431 226 696 958 850 127 855 906 463 397 777 359 698 937 3 571 940 312 951 939 889 106 614 227 504 554 750 454 584 317 386 947 487 445 81 82 781 791 12 744 159 732 296 606 831 401 876 373 617 271 232 567 387 696 224 389 561 955 67 23 188 525 261 280 670 595 497 751 84 308 520 254 695 819 37 618 961 794 838 553 628 869 49 555 703 763 506 930 202 997 800 876 17 131 216 332 786 105 981 61 843 99 791 153 432 195 37 581 16 775 296 884 699 869 363 995 356 693 67 429 141 671 247 284 766 42 178 276 272 827 890 74 150 573 3 311 947 445 592 228 769 113 221 440 597 423 687 860 843 626 167 355 341 306 591 77 387 660 32 42 521 114 755 260 781 883 463 344 198 26 867 506 514 956 1 447 148 567 289 132 281 828 415 233 44 939 449 968 681 614 269 225 877 805 643 462 43 460 833 415 806 459 965 292 139 35 869 76 400 410 476 998 713 271 56 543 289 755 712 727 514 614 829 974 70 387 231 147 667 194 975 351 543 634 552 648 990 157 871 488 674 432 638 692 162 180 611 410 366 367 529 85 301 190 262 941 257 53 910 545 649 395 68 402 938 86 89 186 853 944 813 427 33 251 900 574 372 222 881 700 298 760 278 
501 166 30 587 904 976 980 808 723 788 158 336 764 279 788 728 37 336 194 382 449 675 625 774 675 984 750 181 172 377 619 183 858 383 159 562 99 515 310 699 113 96 983 38 917 85 275 984 689 419 212 63 461 324 523 820 273 533 960 203 747 171 707 441 553 80 100 450 913 969 52 216 92 812 732 658 881 6 644 716 335 35 759 668 844 232 939 317 339 646 540 289 108 849 39 498 182 340 69 555 834 271 568 884 442 358 55 564 665 332 438 691 268 980 191 666 591 354 415 105 383 99 619 122 751 346 39 461 867 657 506 920 364 219 637 707 132 981 729 892 351 985 427 995 685 346 714 964 683 329 419 631 431 121 69 423 110 55 240 289 328 655 774 949 208 647 675 305 501 628 71 918 713 406 161 452 276 770 612 703 693 802 81 370 868 859 293 3 96 626 603 122 298 433 644 785 437 85 29 692 404 279 839 238 520 6 556 728 544 538 342 325 151 30 711 513 331 572 766 235 809 202 166 856 693 19 511 234 185 595 390 625 12 770 734 286 658 715 814 947 275 306 685 210 49 473 183 759 858 490 21 884 137 933 935 982 847 524 549 728 46 998 776 681 175 480 670 357 811 362 950 827 726 958 58 981 280 595 537 915 426 710 592 370 895 277 901 94 255 119 113 693 577 4 500 212 920 299 190 952 874 347 561 701 663 663 681 784 502 64 980 175 822 388 542 638 422 467 754 2 649 63 798 175 830 517 266 453 199 224 21 625 184 20 318 401 797 365 291 903 612 990 613 759 736 816 452 888 251 473 186 560 658 106 273 52 268 174 834 345 218 376 775 544 720 219 60 442 517 521 960 90 149 730 609 453 894 304 988 715 602 926 15 125 266 206 804 968 958 934 941 743 589 588 210 243 963 154 288 8 253 382 464 726 722 504 504 417 871 507 120 637 881 262 867 914 986 293 286 813 519 254 69 244 203 40 456 132 477 678 755 858 218 310 145 836 734 347 172 902 96 329 416 348 834 337 195 819 690 563 163 824 288 711 398 269 491 231 453 368 977 313 330 374 708 799 506 384 748 924 761 334 424 31 657 28 326 281 214 457 856 759 47 287 515 206 74 92 88 155 709 452 82 449 904 131 682 192 822 983 
264 13 983 718 247 945 576 332 715 948 914 821 606 646 92 895 359 755 487 170 149 583 927 405 248 836 619 660 677 687 823 573 377 313 88 333 344 344 835 670 311 560 937 814 474 618 47 142 191 300 75 956 960 2 586 665 564 941 394 818 820 599 322 79 760 91 505 240 972 740 500 153 106 212 434 246 520 528 396 846 632 441 283 643 530 902 912 851 496 128 547 463 38 358 655 910 717 581 965 907 23 194 60 691 246 303 457 848 752 731 458 271 558 747 149 823 165 323 463 912 565 120 340 731 961 765 689 494 182 317 790 945 678 543 497 935 556 240 15 601 641 952 83 547 350 297 141 891 975 571 657 373 34 172 8 843 560 811 873 726 378 870 565 227 190 568 862 56 299 462 712 794 931 373 23 677 150 758 438 26 335 267 919 433 532 160 921 559 566 9 208 883 745 214 50 957 592 424 38 5 523 168 548 552 278 500 877 344 938 912 546 155 387 80 657 965 91 111 942 809 670 763 581 775 636 548 139 853 813 294 160 346 829 888 203 683 8 538 660 348 4 333 1 839 867 167 407 171 484 722 63 382 666 917 877 11 944 871 709 302 662 268 896 435 907 115 636 484 238 780 21 478 805 330 31 209 425 790 637 926 593 999 171 826 561 131 937 575 573 23 409 697 393 977 625 417 317 310 572 621 135 938 637 385 671 199 436 613 866 961 981 985 567 522 54 878 814 136 433 599 526 83 335 512 760 229 443 838 262 141 464 701 844 734 601 847 82 248 556 468 539 279 342 191 910 440 471 868 435 455 579 277 107 363 49 465 117 797 399 105 174 670 566 830 279 159 579 112 354 977 640 308 444 767 388 751 44 396 603 785 110 977 513 692 397 193 733 505 964 167 733 687 847 483 534 635 693 541 623 877 962 735 194 878 117 316 373 258 726 814 912 136 894 76 840 560 707 679 224 29 31 513 865 569 932 850 554 749 120 275 461 566 379 355 919 868 491 607 322 89 114 292 11 523 593 580 714 762 700 328 598 589 385 336 263 959 888 445 399 994 85 863 239 416 616 837 430 698 592 16 524 789 101 480 902 836 48 647 484 254 443 52 676 480 369 771 441 898 197 632 82 381 742 81 828 967 633 591 964 234 
527 456 436 670 525 326 104 689 520 831 542 294 802 934 278 311 204 673 460 675 110 160 313 615 106 790 122 491 218 247 372 369 857 433 917 334 827 717 525 40 587 48 418 93 705 570 499 434 443 655 917 392 127 863 505 621 839 890 925 99 639 422 191 768 821 199 758 543 113 597 601 711 84 705 872 253 4 121 449 877 644 926 4 49 335 214 923 340 97 105 167 289 800 775 502 983 651 703 850 474 904 279 743 373 945 745 709 843 33 27 393 940 723 176 77 690 798 388 73 264 783 152 154 238 943 817 22 342 980 157 381 793 959 742 941 854 57 191 318 819 725 83 370 595 577 96 629 950 419 419 527 321 559 370 365 238 305 527 705 245 308 683 216 764 519 203 856 138 519 676 809 648 816 938 652 85 630 375 77 479 875 557 599 865 410 925 385 918 137 140 476 375 770 49 601 936 882 859 806 333 981 292 337 103 170 93 959 631 638 322 175 867 47 760 705 910 514 558 926 526 541 431 414 84 975 866 851 127 850 330 766 448 367 650 676 659 299 329 182 855 517 269 358 979 305 497 169 143 137 532 398 651 395 788 926 635 290 672 826 708 333 759 989 586 784 371 572 570 710 510 157 182 556 401 683 761 873 616 540 703 732 952 304 115 705 114 117 195 702 548 790 647 225 69 106 489 182 965 826 152 46 451 948 501 608 735 270 442 240 90 746 355 545 546 504 346 595 750 150 641 797 933 582 602 197 585 194 434 661 14 335 901 664 210 360 617 520 427 281 174 74 254 617 980 793 38 165 769 86 935 19 620 359 677 524 800 823 877 731 343 118 998 932 153 462 101 350 525 967 915 828 849 332 660 53 439 502 680 737 247 192 141 933 741 397 285 665 605 753 832 823 252 274 153 791 862 401 170 581 481 455 67 227 820 196 345 673 681 391 721 158 931 400 734 566 957 925 715 146 47 726 900 362 283 481 164 285 896 761 798 641 733 217 773 218 660 884 88 243 966 226 854 329 244 250 912 672 720 698 417 506 347 834 124 566 65 446 345 18 307 21 283 30 361 169 48 325 983 642 733 966 868 977 919 281 795 883 671 84 961 879 822 58 127 200 216 123 897 750 219 29 813 29 845 399 395 659 563 90 66 
33 798 983 951 205 869 703 652 821 888 652 626 995 903 311 834 554 298 812 962 909 310 508 619 214 66 758 306 563 160 727 784 489 352 544 159 157 132 203 98 991 366 686 266 394 9 175 45 241 722 654 281 919 7 665 67 351 278 155 394 950 728 510 101 557 724 798 429 354 805 577 952 821 897 228 217 566 230 468 417 125 269 188 535 80 408 534 627 433 261 882 505 413 421 696 702 631 756 856 554 395 416 752 323 143 207 502 153 809 478 451 723 20 477 116 135 780 564 72 866 901 520 379 155 842 94 779 969 882 746 192 496 420 644 187 288 596 103 287 745 590 288 348 418 401 451 751 902 703 622 261 344 965 995 951 188 682 423 366 27 731 758 500 311 365 896 415 355 117 805 0 493 67 778 536 975 793 850 606 833 413 163 70 868 291 169 357 93 162 654 737 43 386 510 926 525 266 464 276 899 735 439 230 153 943 241 895 415 344 144 156 860 212 194 775 164 93 876 557 865 769 154 80 383 184 903 194 891 594 85 21 29 825 529 391 810 678 817 730 819 213 729 664 890 804 278 676 931 367 580 655 526 946 151 188 660 750 359 189 153 602 276 473 508 558 685 563 954 372 1000 335 151 657 341 409 546 301 620 175 238 163 788 798 660 367 380 829 839 551 737 550 45 130 477 989 417 686 942 158 894 782 579 553 50 51 458 8 419 857 816 319 257 147 626 628 316 588 794 626 701 77 279 680 67 73 609 224 432 854 983 143 713 480 319 167 381 430 107 993 945 892 826 127 125 199 733 357 572 203 519 13 143 535 105 746 921 294 450 191 897 871 939 669 961 711 630 888 152 388 903 240 121 832 627 462 744 188 283 865 393 833 613 678 940 140 165 51 267 198 499 389 115 458 766 578 950 89 654 315 887 516 447 827 223 775 256 339 452 190 966 196 185 460 248 802 709 587 174 622 684 89 106 38 28 686 159 369 777 756 600 659 553 953 841 699 273 549 764 923 900 843 330 433 113 19 991 205 347 610 451 802 838 845 996 882 138 663 945 331 557 55 41 568 597 458 228 353 246 976 37 947 675 800 480 33 5 209 156 881 376 719 185 624 956 759 102 342 10 393 901 520 448 474 62 158 618 24 290 618 18 
767 477 422 303 118 102 280 375 288 303 454 788 368 151 232 755 707 224 450 491 691 479 218 378 644 81 209 755 596 339 267 55 227 738 963 118 25 619 747 421 424 118 541 983 977 869 193 487 144 14 317 591 761 230 774 354 263 906 979 128 768 396 979 331 825 826 890 167 406 848 374 218 883 827 84 627 465 71 53 925 230 307 908 242 142 972 967 184 962 758 278 154 756 626 366 747 583 76 859 610 156 944 518 387 350 789 115 609 161 98 489 219 239 926 635 323 55 596 682 287 951 819 108 213 348 232 301 34 103 747 551 727 488 948 892 904 871 537 317 767 479 47 600 241 213 223 860 164 170 644 995 279 150 2 138 145 790 333 622 497 582 828 394 163 26 965 463 802 112 277 931 268 917 474 730 219 220 643 7 353 528 559 843 412 682 982 511 715 282 635 919 83 335 342 179 595 609 550 397 66 848 872 147 92 397 364 383 414 354 942 615 584 698 367 82 399 31 220 58 923 294 931 404 62 151 430 997 4 125 928 445 369 673 620 685 331 745 83 17 109 237 621 195 782 225 732 236 738 486 951 123 134 643 606 405 617 483 399 71 543 498 808 349 256 248 691 493 376 821 478 589 794 147 905 890 7 821 460 515 680 271 297 100 932 664 185 69 133 698 34 556 552 644 169 181 74 252 612 998 47 818 956 100 125 25 432 986 144 767 764 516 728 905 594 724 48 684 217 655 939 364 472 609 381 65 345 467 905 401 413 801 966 71 975 158 853 252 591 492 449 95 348 702 706 477 886 786 482 287 918 707 778 586 261 345 105 739 771 931 875 389 642 134 733 591 21 636 708 365 995 287 8 320 567 758 161 374 32 532 209 382 701 516 912 142 297 217 346 887 4 93 124 923 215 923 612 952 35 694 319 682 537 276 755 390 614 302 569 252 645 718 648 502 899 807 731 731 67 876 363 206 8 685 911 988 528 13 775 441 287 644 99 35 68 83 598 59 1000 607 176 155 646 635 856 253 585 879 10 582 55 238 339 738 425 165 891 678 881 503 235 517 367 552 420 877 835 633 608 327 951 71 949 49 843 608 78 141 628 695 609 224 101 891 90 391 522 694 239 447 123 698 346 446 43 780 391 515 562 368 132 
659 945 919 412 821 870 23 847 490 196 509 959 190 53 21 601 929 839 806 773 988 887 99 378 879 715 843 92 482 758 629 5 700 324 968 716 99 919 714 956 509 104 191 662 209 895 736 344 444 737 84 281 240 219 556 311 863 7 176 636 949 700 386 793 845 132 804 614 352 855 331 698 970 232 100 14 630 570 990 964 631 932 544 902 816 476 69 158 7 493 416 780 499 951 590 711 223 342 677 572 208 887 557 347 532 505 543 681 617 867 469 973 337 523 218 282 371 55 817 591 546 908 373 244 993 371 848 809 353 583 68 474 687 580 424 956 893 114 941 720 87 789 493 89 258 134 212 858 967 975 846 647 459 519 985 358 484 451 569 278 186 147 560 311 179 376 144 978 95 996 595 866 602 257 283 761 667 106 12 323 452 271 784 505 484 819 681 7 566 14 869 717 704 690 837 245 961 610 674 346 952 431 990 494 928 376 388 710 725 741 113 57 645 969 911 145 497 502 905 318 177 261 825 827 219 384 11 935 471 629 989 144 623 167 26 288 651 630 203 567 681 657 560 370 889 463 70 656 638 701 531 909 391 529 616 943 762 44 319 710 442 35 621 423 644 409 846 202 780 953 565 859 108 815 183 146 183 703 493 965 743 762 69 447 565 305 558 356 969 197 495 517 108 222 779 541 514 819 33 869 806 46 357 212 291 17 947 64 674 936 979 672 256 952 50 612 66 602 237 936 393 993 953 148 698 967 984 977 362 702 772 632 648 660 306 769 677 60 661 513 993 19 803 185 199 643 890 808 778 200 259 639 955 89 894 461 663 370 88 455 920 849 335 848 179 352 757 686 724 909 376 741 476 545 197 189 464 463 118 953 556 117 900 984 789 127 735 816 157 126 935 307 330 586 629 265 482 937 903 528 543 636 394 45 746 857 678 644 938 724 0 231 164 678 2 641 452 996 303 999 699 570 383 566 781 123 407 74 499 574 693 137 585 423 3 894 435 608 51 179 229 970 491 154 924 435 234 685 773 463 987 732 748 856 861 57 889 930 234 83 27 918 794 630 491 100 807 425 195 765 783 738 401 587 966 869 19 99 398 342 536 342 28 899 72 459 565 471 657 729 648 208 506 197 32 729 94 19 346 798 
510 607 608 964 96 791 618 584 401 21 35 653 808 80 450 58 665 671 599 973 220 274 280 201 387 47 543 492 956 870 304 279 934 886 906 336 787 157 449 523 1000 232 481 174 125 27 885 271 383 377 578 809 172 217 600 568 405 378 418 723 391 583 575 295 848 524 536 536 947 692 377 974 286 722 428 432 274 647 11 436 192 567 57 315 522 726 152 792 624 648 837 176 371 360 935 247 812 375 402 387 579 836 163 905 905 780 790 932 385 764 68 239 763 914 73 893 398 660 133 980 220 705 888 107 659 14 454 742 961 654 524 18 822 887 628 865 343 19 563 961 472 630 249 569 191 884 483 987 682 339 922 353 922 373 292 856 768 659 787 696 726 449 385 468 874 748 871 934 740 191 164 791 650 246 961 82 555 223 517 494 587 474 980 450 594 659 916 903 74 571 747 879 843 861 897 902 334 286 43 699 602 380 384 593 846 875 397 428 8 427 504 157 700 278 991 411 25 196 80 337 582 69 696 844 713 821 475 427 650 640 108 146 45 452 324 478 342 522 291 330 206 153 77 427 639 403 473 472 490 138 940 332 87 353 372 545 438 3 609 389 992 193 802 404 245 98 356 92 222 696 31 224 515 744 378 190 193 568 362 366 827 703 229 118 749 128 10 964 109 442 564 335 348 726 575 638 368 190 619 415 749 960 288 274 648 29 186 349 632 725 68 223 91 401 579 791 241 360 686 123 486 689 591 534 141 804 78 368 246 230 851 471 984 532 67 625 521 213 761 679 20 653 542 171 728 242 261 974 425 519 523 334 622 93 918 673 211 266 201 100 222 624 911 971 908 100 935 828 407 149 43 35 346 4 172 924 927 263 186 237 265 314 567 423 291 265 481 531 26 224 271 30 644 644 200 499 687 889 882 528 525 548 388 124 643 1 178 480 397 91 954 627 809 642 654 519 82 281 351 142 279 32 117 254 534 489 188 233 438 700 84 324 737 149 380 233 712 434 133 869 501 810 375 713 35 370 556 718 882 382 308 398 915 623 942 1000 898 584 34 421 926 900 10 803 73 667 627 390 903 364 672 447 72 433 636 120 582 586 925 340 958 138 37 760 493 505 442 764 64 390 421 642 600 15 981 650 753 486 960 197 
738 693 696 48 510 899 613 245 906 515 201 6 19 472 666 693 812 163 550 859 208 686 134 412 195 920 476 829 105 94 140 320 195 372 125 217 933 131 523 541 416 797 858 217 172 528 822 287 743 905 307 281 494 805 205 193 134 771 173 938 852 794 782 51 46 136 362 742 328 846 656 32 6 147 923 486 590 910 750 216 116 55 997 474 86 614 618 683 992 653 648 423 395 157 485 616 864 262 160 110 555 37 436 849 42 62 188 550 639 899 991 94 472 692 62 382 301 646 983 229 139 71 602 116 615 555 537 392 854 851 5 305 9 796 663 469 326 346 677 319 252 669 648 238 215 443 535 146 145 682 327 747 732 715 390 125 888 51 219 61 596 733 943 943 426 906 79 494 990 661 649 100 756 943 598 105 991 672 224 493 7 736 55 603 602 206 449 569 51 933 166 859 412 722 554 819 38 661 406 122 74 859 246 518 853 924 293 629 946 593 691 323 802 235 645 337 909 976 533 51 421 945 645 140 291 443 15 208 190 468 960 619 486 355 901 946 608 632 76 435 716 1000 181 295 832 459 463 92 525 666 640 549 489 237 700 490 874 9 446 160 688 572 835 878 192 481 229 353 457 76 368 365 435 25 242 851 358 833 313 688 237 23 571 499 993 240 348 112 479 488 26 923 849 207 699 738 78 876 644 678 823 262 206 220 521 137 573 276 783 980 697 705 202 875 408 131 15 729 182 833 54 933 308 236 292 694 443 517 497 373 433 43 677 159 448 969 111 549 581 750 447 68 766 196 238 278 492 367 49 41 71 704 637 320 899 364 423 517 859 542 358 988 145 103 616 223 623 864 598 504 274 474 53 292 487 120 796 877 430 920 452 606 779 400 733 75 120 105 27 332 650 668 449 827 975 858 465 184 15 687 169 301 682 304 642 246 546 74 828 452 446 529 594 938 233 19 811 101 1 615 458 56 418 368 103 618 991 728 435 92 425 418 51 684 500 875 777 463 547 462 381 668 193 193 702 723 108 679 160 312 464 307 447 21 79 992 995 314 189 478 426 776 240 649 916 406 560 117 628 445 823 806 454 285 588 407 787 345 895 224 512 678 974 855 396 522 435 158 200 120 549 805 714 985 83 161 812 157 563 123 
904 565 20 154 293 819 912 625 370 446 544 949 876 982 599 538 21 637 846 453 145 176 115 72 18 485 578 706 551 931 355 634 327 400 422 442 861 816 897 525 839 675 0 89 625 710 759 26 608 955 358 286 33 243 535 607 807 710 822 956 909 679 880 165 73 296 594 376 270 469 340 800 343 942 691 808 646 555 539 386 337 689 668 462 646 157 760 526 188 909 365 38 387 946 166 128 466 614 492 433 6 353 630 651 191 234 78 627 459 440 486 793 608 90 648 71 92 311 12 560 759 267 51 628 532 311 370 682 978 408 170 855 30 258 776 350 793 618 511 226 919 938 994 94 679 306 204 650 768 93 675 98 503 340 215 661 539 89 607 87 143 105 479 395 622 311 817 415 425 385 633 994 681 762 866 94 508 865 355 467 44 433 894 780 576 331 187 653 449 280 901 616 26 690 904 496 311 999 936 672 872 496 449 504 575 665 534 734 292 253 596 679 130 591 521 387 350 485 308 506 645 7 78 26 761 810 727 432 293 519 129 657 580 740 667 582 327 62 65 355 135 266 588 979 69 715 965 16 39 360 551 938 985 224 836 901 637 57 821 139 266 729 702 115 606 517 520 322 349 285 786 832 990 81 946 445 310 554 702 378 382 637 65 579 488 331 386 650 353 196 872 187 670 444 954 196 788 441 946 614 553 532 67 59 339 705 70 913 356 641 952 400 591 662 772 886 22 93 26 198 524 772 798 669 947 297 861 108 893 280 880 942 185 244 899 698 227 823 1 517 102 405 476 121 559 930 124 100 702 914 821 78 297 361 222 666 830 598 244 289 223 981 709 447 735 396 323 938 228 673 630 258 142 498 779 644 717 832 543 914 410 589 858 475 5 31 195 913 894 91 67 3 697 923 36 558 821 955 235 97 425 367 954 815 293 178 149 863 29 460 791 338 42 45 302 82 918 820 651 817 985 278 205 88 885 212 141 938 748 700 35 889 195 224 727 898 191 333 913 41 496 617 521 659 169 336 363 146 462 859 173 981 467 627 487 875 789 464 389 518 181 105 806 822 289 983 0 397 330 381 940 97 757 506 478 9 527 2 891 258 564 288 257 526 922 262 759 188 804 964 272 649 440 438 649 885 79 188 367 46 
263 611 599 584 388 48 652 62 825 194 478 910 581 359 469 336 572 564 132 372 268 665 178 242 342 923 262 937 332 640 524 444 251 334 670 275 970 30 408 431 954 630 497 261 813 114 421 719 462 750 351 5 359 853 141 409 586 809 253 351 801 136 927 887 671 393 882 25 795 811 357 11 437 861 74 350 331 296 636 150 577 617 133 740 268 958 691 132 43 115 467 890 517 966 484 80 646 585 355 501 504 862 582 799 213 466 980 809 761 993 732 579 302 766 618 707 276 613 548 985 532 797 442 902 289 860 239 0 439 757 931 164 69 718 148 135 1 764 883 412 826 456 472 327 143 467 599 268 325 620 161 165 250 717 760 520 134 730 63 355 204 518 118 237 452 399 288 33 91 98 569 0 869 828 896 237 280 595 862 23 272 719 409 983 289 87 875 947 680 735 471 698 970 596 6 292 308 182 794 84 725 241 372 555 757 625 241 466 357 187 883 818 656 542 598 606 176 987 947 684 158 242 554 133 664 181 133 196 469 324 983 239 154 890 555 194 609 785 952 629 17 766 571 729 264 62 119 338 839 422 895 776 500 793 799 103 527 578 90 37 789 646 271 664 661 387 777 237 937 983 63 388 559 413 498 52 84 971 889 310 95 132 690 372 883 662 498 839 769 415 946 458 59 894 250 682 749 794 395 679 101 663 289 626 180 110 786 885 344 212 443 438 734 719 202 642 83 456 439 315 234 432 148 630 457 35 902 87 499 448 931 620 312 831 335 898 666 497 607 769 538 688 184 871 174 576 225 365 485 958 836 657 703 860 584 567 726 226 878 489 374 862 435 499 990 973 123 966 513 196 228 385 792 667 78 484 176 650 731 75 530 289 422 165 895 955 233 435 100 634 984 577 463 661 167 763 784 546 530 192 622 632 923 814 818 865 194 579 200 867 758 965 808 125 31 42 419 579 282 979 8 115 98 891 943 829 306 777 878 763 479 909 499 331 82 907 991 960 965 67 691 609 97 755 491 189 878 761 586 307 502 296 35 156 666 170 375 719 712 582 492 576 694 791 570 369 983 332 932 317 202 791 836 544 741 752 530 767 881 955 315 622 922 658 614 351 863 4 781 940 232 912 265 762 842 23 675 258 669 789 
631 199 109 123 107 469 478 551 603 393 584 750 237 95 791 52 836 472 69 3 227 364 936 723 795 334 289 146 16 867 96 112 942 382 671 611 171 859 689 658 1000 140 628 400 611 587 518 907 207 207 735 429 794 750 392 442 19 887 607 189 922 624 974 252 882 523 493 960 269 551 961 854 946 546 727 69 385 385 502 888 849 786 948 336 838 482 557 543 552 639 426 4 447 948 850 746 689 408 880 376 353 486 399 989 166 747 874 492 105 133 317 273 280 397 985 535 530 67 547 207 128 600 392 33 192 496 852 20 964 878 792 89 636 632 496 646 464 198 468 315 665 481 643 968 713 234 883 156 497 336 446 277 879 80 235 308 924 14 664 119 566 797 372 978 289 260 466 870 993 763 354 873 108 758 544 534 379 782 565 115 596 510 757 638 914 860 798 528 32 77 283 979 132 261 339 881 543 751 834 284 838 533 494 993 787 671 983 623 375 608 504 355 720 85 737 94 764 426 476 346 379 720 865 848 205 539 23 535 753 109 937 245 20 538 304 16 913 613 105 811 750 88 931 950 336 16 424 128 33 642 793 703 439 220 52 277 453 764 301 863 176 578 573 123 908 932 764 617 799 26 904 630 522 514 975 805 27 456 933 495 723 275 233 317 549 253 747 36 18 854 315 550 4 948 621 591 425 28 605 173 316 747 908 806 281 740 290 354 455 842 301 48 917 87 139 322 220 836 355 789 159 848 827 158 496 166 460 997 44 365 81 874 140 851 117 21 405 868 331 584 252 251 470 622 983 209 109 688 530 84 484 534 53 394 462 996 778 936 343 571 924 427 891 484 488 705 230 307 808 667 262 89 925 326 246 656 57 229 680 467 339 903 246 121 363 883 705 129 745 860 999 485 741 371 16 285 122 89 355 673 542 80 943 251 457 251 206 143 923 147 848 615 624 846 785 800 710 687 537 668 107 823 990 953 600 971 106 577 730 137 77 350 971 628 734 591 686 643 356 689 257 871 468 923 216 141 333 124 912 458 514 402 227 743 725 221 44 496 624 463 795 541 535 853 57 777 229 310 554 818 386 696 145 968 776 558 975 68 516 734 12 691 751 289 677 196 402 93 38 229 57 4 365 520 609 409 640 977 890 425 
48 847 463 211 543 841 25 128 483 186 775 719 319 602 899 142 637 204 153 965 470 822 343 110 512 857 92 515 39 929 229 291 565 443 810 497 928 105 697 846 488 849 437 487 275 63 828 706 733 849 668 6 624 438 809 260 896 915 986 786 501 953 755 166 343 248 164 367 315 936 594 651 454 529 793 380 162 178 201 646 206 999 661 470 361 505 421 166 554 157 627 655 140 869 461 998 200 56 796 906 501 428 516 430 509 247 980 998 672 387 713 569 401 809 199 381 298 522 429 43 990 637 317 667 67 871 627 699 249 94 958 350 783 252 160 122 305 889 691 419 663 588 715 638 292 728 304 368 120 35 506 982 877 547 698 837 62 729 367 54 74 202 122 758 412 478 282 891 605 494 605 587 359 618 326 271 923 308 619 97 598 275 391 795 188 748 913 461 672 611 296 732 266 938 269 656 628 244 17 675 467 201 98 564 802 731 48 45 111 888 423 965 355 730 562 634 340 959 522 681 357 657 155 714 184 539 928 496 608 596 199 430 748 470 155 142 547 418 68 273 792 445 611 73 435 316 562 109 563 485 102 598 189 126 555 487 662 663 886 651 1 56 844 935 907 372 811 550 54 478 107 823 915 386 140 520 780 683 614 285 891 101 914 339 631 859 723 42 833 261 635 374 253 631 769 810 556 200 866 313 313 981 212 301 73 282 531 650 516 943 684 151 162 452 854 393 901 628 367 534 419 962 948 0 960 200 48 734 163 300 616 797 585 964 189 250 177 89 742 459 737 995 285 128 242 140 386 133 354 433 528 163 161 65 556 916 723 471 658 956 595 56 313 354 497 268 412 324 497 92 862 921 547 241 974 189 790 775 345 364 373 621 688 441 20 188 613 241 469 340 830 802 844 944 448 356 631 458 921 562 701 194 602 788 119 757 789 413 265 445 376 625 920 623 892 359 322 436 583 959 674 374 209 622 336 177 430 995 908 62 554 762 705 225 257 444 528 709 135 28 251 771 879 162 567 775 674 982 797 143 170 510 545 783 783 985 136 616 302 371 410 254 758 345 607 550 219 6 879 270 995 15 806 269 439 809 971 94 391 286 905 362 263 708 525 220 88 84 443 1000 224 259 646 703 303 973 724 510 896 845 
716 417 771 452 860 692 248 210 456 325 521 368 419 539 766 690 912 512 853 540 563 344 527 155 26 232 407 50 451 272 325 29 934 679 323 229 965 638 177 582 869 600 354 149 719 879 266 674 631 50 183 885 912 811 216 780 662 640 674 708 1000 746 490 949 692 626 15 921 858 775 98 615 125 178 866 74 490 819 10 302 479 7 54 736 885 931 355 887 698 310 522 523 470 606 895 258 506 146 512 452 689 83 710 872 776 188 508 962 292 693 151 991 8 741 130 472 64 963 849 101 464 627 635 663 83 337 427 76 275 39 573 888 552 373 186 942 23 87 169 227 229 471 747 630 105 8 96 212 44 248 394 554 499 920 899 953 285 313 539 737 955 984 534 852 737 901 520 453 834 836 306 104 443 222 772 258 126 237 508 709 675 833 727 635 372 164 690 632 367 853 524 487 351 34 601 393 69 701 449 700 554 798 338 556 914 942 207 696 904 27 758 597 839 716 407 847 737 37 1000 653 893 415 533 307 973 32 105 398 797 333 526 758 467 898 649 457 606 604 487 392 917 125 260 139 505 626 368 799 677 653 222 417 11 599 669 701 404 907 202 693 865 630 596 916 806 206 156 565 754 162 841 64 418 621 928 310 565 813 844 44 705 261 722 465 329 631 305 231 897 803 917 983 786 960 10 452 924 228 618 437 771 321 654 383 260 87 414 574 593 585 859 257 75 26 631 472 214 895 738 904 880 777 648 421 116 464 326 138 619 642 890 548 180 796 226 98 439 998 541 432 792 276 178 514 47 14 80 41 509 629 672 492 153 57 438 66 5 998 32 564 542 149 144 192 993 657 758 29 990 847 744 62 275 510 284 204 420 236 975 805 244 646 738 108 847 483 132 119 666 771 413 580 671 162 247 933 520 874 581 236 376 466 429 307 250 158 924 300 983 933 842 781 455 414 356 391 791 902 784 517 371 295 562 494 188 450 832 300 859 154 259 864 843 246 392 786 676 432 148 204 963 266 588 860 11 725 144 928 525 128 452 465 682 562 736 878 580 904 928 237 537 551 716 107 480 157 534 459 269 313 95 706 294 53 72 875 689 364 366 805 437 511 731 498 707 61 274 935 744 582 24 345 673 266 575 904 933 871 594 978 
90 75 755 779 776 617 151 146 676 817 174 417 476 173 947 444 76 701 636 842 549 205 861 715 901 694 333 550 545 169 535 372 966 774 745 432 816 784 807 660 969 976 240 556 568 176 613 230 863 635 708 97 2 975 362 820 693 79 884 785 698 338 253 753 65 70 533 58 40 868 548 63 688 535 188 506 466 912 881 51 204 726 247 973 344 53 161 350 243 792 859 998 688 464 473 69 122 177 542 950 274 495 749 276 299 101 844 866 767 948 877 533 195 784 973 818 807 264 790 607 59 542 391 434 784 444 975 226 575 916 806 708 83 77 586 442 58 88 461 144 44 706 763 118 841 699 232 729 83 491 116 149 865 549 245 948 441 770 573 108 790 880 585 321 484 575 979 210 247 950 117 22 187 771 413 882 739 347 628 917 935 455 720 688 987 818 406 348 285 653 197 175 931 689 15 991 339 31 912 771 815 60 243 643 112 650 356 598 723 766 441 813 264 747 437 869 961 612 238 786 559 585 63 3 916 351 323 416 930 466 914 635 87 557 573 877 760 545 232 711 474 670 109 765 21 268 335 500 496 670 168 725 16 654 947 385 593 610 282 431 418 17 125 161 482 720 288 813 919 135 842 546 905 764 110 750 132 66 802 584 168 700 124 33 182 557 609 683 823 61 676 0 590 422 470 444 900 140 666 121 276 543 871 683 662 54 653 23 647 443 694 69 735 563 197 490 585 183 264 30 864 799 993 236 920 839 888 520 944 684 645 915 898 522 549 969 229 151 599 792 823 645 899 653 562 815 952 908 109 626 665 378 954 796 361 671 361 393 260 115 70 829 593 64 609 461 855 618 242 404 364 115 26 815 769 892 269 844 488 179 890 912 627 877 972 709 794 686 116 270 570 935 330 412 826 57 124 866 425 98 377 584 579 427 926 984 904 320 949 354 315 799 933 755 147 927 764 441 193 924 438 416 585 348 725 106 436 676 953 716 955 409 222 418 807 657 371 883 484 491 842 481 390 19 352 372 821 361 110 522 295 479 16 334 707 457 419 626 663 489 194 23 496 378 396 840 424 209 201 617 564 324 364 926 568 791 295 813 324 293 771 273 277 623 1000 214 837 871 847 748 148 773 211 61 602 705 163 891 373 251 
767 40 392 907 893 875 921 972 995 26 382 159 792 447 559 80 126 699 501 351 980 646 281 485 890 879 283 318 152 129 970 554 167 655 186 73 112 916 88 879 415 487 98 615 156 260 689 88 204 299 200 504 435 78 832 86 77 115 341 871 818 638 142 481 268 268 882 374 116 84 575 321 303 913 514 714 248 77 732 858 171 452 439 125 746 977 193 336 205 279 708 150 202 70 333 231 231 723 258 825 914 157 6 924 624 377 96 628 285 400 151 740 952 878 259 638 937 167 74 496 865 334 480 165 487 888 762 746 898 906 764 101 845 676 973 342 700 931 330 246 977 785 713 841 235 957 524 877 829 93 282 796 141 773 426 197 452 478 710 805 559 270 286 694 988 357 676 729 188 132 70 705 380 262 962 605 471 451 881 770 482 782 625 45 937 342 735 6 804 724 203 636 345 447 118 662 983 739 625 770 469 106 996 405 147 832 943 390 779 788 440 181 404 165 123 852 888 579 910 181 767 216 386 961 796 879 99 682 675 101 492 670 698 695 510 552 522 180 92 625 580 395 94 947 947 899 624 376 378 455 905 249 991 362 366 760 486 39 690 438 77 426 789 102 727 413 839 222 495 49 70 885 606 168 28 155 641 718 225 436 495 842 823 711 596 747 316 330 462 248 261 463 699 317 814 237 901 114 323 253 446 686 902 257 975 491 644 85 908 895 466 169 48 416 113 332 646 219 236 885 638 568 277 698 899 288 569 749 575 741 356 50 368 699 920 201 772 152 347 928 57 753 550 542 102 550 72 953 678 318 720 772 37 784 459 333 751 37 813 424 643 555 407 176 772 687 135 275 299 809 326 400 100 101 489 784 757 904 614 691 225 691 604 253 342 437 733 965 725 531 592 56 581 802 139 555 186 72 42 93 901 569 575 983 915 677 658 643 530 753 310 937 776 711 651 220 833 470 172 345 858 758 188 654 64 389 19 634 62 519 687 751 963 723 892 774 404 847 373 369 467 558 556 929 802 146 386 900 567 497 430 722 186 747 763 58 257 292 813 503 159 493 189 294 716 115 851 969 215 342 583 976 472 383 258 406 953 427 845 193 725 266 447 222 461 456 584 568 64 995 926 993 626 518 816 978 634 727 852 348 
462 586 635 417 868 518 571 298 970 189 924 465 586 348 921 833 566 599 647 920 14 356 122 826 198 411 639 792 3 697 361 203 488 1000 606 611 183 941 983 179 86 151 356 874 264 558 191 226 681 516 27 691 271 136 173 358 305 534 459 546 740 168 422 65 276 416 694 450 44 335 224 354 670 324 545 41 445 39 180 121 685 669 387 418 433 32 754 374 114 949 567 224 669 907 850 120 88 95 178 52 534 281 701 901 616 949 55 933 261 349 749 158 662 390 955 800 952 278 609 774 75 120 164 423 121 858 536 896 378 881 146 72 990 625 915 600 696 976 208 374 151 946 64 789 598 535 350 579 226 807 467 124 341 448 524 482 202 598 215 53 631 15 577 972 471 997 655 350 771 644 388 782 739 167 440 929 708 559 796 737 464 377 162 212 997 811 265 285 609 542 970 8 743 228 929 549 853 752 21 610 187 362 221 184 185 98 723 503 396 968 404 957 321 647 448 141 24 685 233 958 890 369 648 950 847 856 833 189 911 330 857 908 259 236 737 214 70 794 231 944 835 643 579 628 921 809 997 281 314 762 673 992 274 282 222 956 764 150 624 646 695 808 441 106 358 169 65 485 983 55 931 608 560 798 142 917 740 751 558 254 217 288 800 796 399 795 200 136 231 535 972 899 950 295 725 346 941 701 20 53 991 320 255 659 715 120 78 855 395 789 759 973 442 457 626 617 219 135 79 394 627 792 887 680 739 404 915 797 361 469 482 451 979 457 691 614 209 830 35 947 313 674 569 852 545 264 298 329 382 771 718 118 537 485 309 887 203 32 157 195 369 463 384 752 225 685 393 942 508 246 51 734 244 147 495 5 893 750 59 851 602 949 407 956 369 718 358 916 516 454 396 591 397 370 185 269 553 792 727 536 458 4 297 317 455 495 883 461 288 176 314 308 5 255 926 429 125 135 741 999 809 474 421 135 527 127 738 515 366 742 222 752 394 604 869 480 400 23 323 173 456 527 848 401 885 813 937 771 435 598 618 385 876 977 685 452 203 580 234 785 738 216 458 424 911 802 525 484 264 604 873 428 543 937 344 598 799 888 685 294 419 431 134 345 738 587 11 216 490 472 681 914 206 159 952 83 43 511 311 977 
560 979 56 996 741 982 48 639 399 623 915 187 394 526 960 868 902 227 423 911 231 740 769 975 258 123 778 796 838 411 131 446 115 582 163 376 885 374 424 877 916 512 219 584 899 703 667 8 951 159 339 794 695 450 898 118 851 276 228 755 212 193 791 386 749 249 26 797 32 583 528 272 857 260 82 322 155 404 860 90 442 966 194 688 117 46 216 428 164 358 98 190 476 413 62 352 254 322 587 285 368 937 300 20 662 191 653 486 234 394 438 746 994 867 325 394 451 543 909 483 53 436 575 2 416 221 380 769 400 770 422 104 947 142 501 806 481 801 304 798 59 244 951 548 19 355 315 738 290 486 339 585 583 1 430 178 267 642 631 915 368 342 553 878 914 6 405 107 458 866 834 415 213 924 877 297 578 404 804 784 332 350 269 622 483 677 160 45 453 214 631 344 15 635 268 209 666 404 484 810 91 893 683 732 174 654 852 756 788 300 114 702 817 580 976 261 888 725 620 746 196 340 177 785 950 43 972 916 592 852 887 355 921 262 994 208 444 316 559 716 455 612 443 903 802 813 498 46 51 411 762 760 757 746 460 18 476 555 890 621 944 226 738 678 294 949 876 821 230 828 365 321 360 560 101 685 137 430 765 788 330 707 2 307 262 260 510 168 377 834 976 782 564 529 250 748 157 695 844 721 317 296 434 407 806 942 328 966 348 990 899 722 844 591 893 110 542 966 843 681 578 575 908 832 520 205 426 982 616 813 99 804 541 330 4 993 815 761 119 653 460 503 845 326 143 512 502 173 999 386 585 423 576 355 665 77 909 503 898 929 247 678 418 463 373 904 422 792 469 843 229 232 412 53 633 574 800 217 581 273 35 446 106 859 703 752 437 878 1 805 881 598 953 61 212 667 20 125 417 491 636 481 771 200 236 927 609 54 963 766 447 718 965 240 482 382 926 753 85 249 424 721 377 350 546 453 74 493 791 605 401 653 335 102 276 796 623 393 114 614 764 925 177 980 893 618 841 698 893 47 461 14 847 924 772 887 892 568 240 566 163 508 794 670 183 124 648 95 764 921 479 155 206 536 650 337 144 840 334 547 705 968 207 776 172 251 522 76 601 325 840 389 489 399 491 863 695 302 263 547 
444 206 266 397 762 188 558 806 233 287 902 144 285 191 317 341 535 376 883 507 665 428 97 104 863 778 724 53 947 222 193 346 721 884 416 890 223 396 812 115 273 543 250 7 430 52 92 27 463 418 189 959 684 389 777 986 1000 428 717 9 972 819 803 538 299 588 172 846 608 910 529 848 160 130 890 407 313 458 676 441 45 484 125 99 329 29 23 480 388 277 715 683 346 551 334 133 209 15 156 117 593 274 982 416 487 285 981 894 731 350 544 437 485 587 572 691 858 691 226 555 148 276 392 691 666 981 458 976 231 104 118 908 260 953 193 522 606 70 184 391 48 226 331 521 52 187 734 202 7 748 988 833 15 252 112 323 616 254 357 827 212 825 490 443 862 416 952 762 196 726 128 17 539 930 602 443 935 46 709 473 664 519 521 217 431 648 961 322 507 979 289 29 138 911 391 869 612 402 885 129 643 793 70 799 326 673 630 851 123 133 5 905 422 510 180 401 913 617 406 360 235 499 526 107 793 344 447 819 412 206 950 975 382 330 211 394 613 852 275 630 677 717 480 74 8 823 505 532 601 571 197 753 231 232 529 335 766 863 868 83 829 910 516 144 412 939 338 707 448 752 229 429 914 771 43 984 778 765 860 906 974 790 122 369 336 334 616 754 598 172 809 525 781 712 957 982 182 307 581 674 792 310 398 910 307 937 762 477 747 707 33 449 686 254 257 966 903 595 381 730 25 994 375 640 314 920 252 511 102 977 584 939 252 950 639 761 498 140 590 808 103 466 51 603 32 532 704 279 646 34 328 780 757 752 660 55 972 837 709 812 55 584 287 787 36 838 593 216 505 67 396 482 927 998 914 359 779 961 750 382 716 617 962 361 791 628 230 399 79 588 592 104 251 562 257 529 563 681 951 643 210 970 331 260 898 640 789 828 345 948 596 605 989 566 944 576 69 554 532 624 764 447 930 720 177 665 226 923 662 728 589 750 378 357 52 89 7 923 536 356 487 222 999 579 588 821 644 429 908 562 245 526 311 230 757 443 442 120 573 251 418 734 851 27 841 150 731 352 889 233 472 669 44 599 639 34 259 513 621 148 205 938 538 946 666 791 79 134 826 449 363 384 345 314 17 383 785 332 472 477 
596 391 883 58 751 551 285 341 560 272 284 85 171 315 801 147 162 606 21 416 34 285 671 994 678 255 24 167 294 660 899 490 956 891 549 109 629 744 648 125 672 820 464 24 367 848 330 387 373 829 25 325 795 334 516 675 25 13 901 511 436 337 284 791 400 71 298 867 763 552 399 165 967 224 380 431 602 65 67 977 851 317 786 535 474 805 449 409 587 884 856 372 787 64 723 365 458 417 842 980 828 110 663 828 516 471 890 156 455 664 306 17 990 706 382 199 23 472 732 315 918 259 55 924 804 792 489 44 178 903 328 953 356 543 537 552 594 145 104 997 423 491 699 622 878 811 139 786 870 888 541 383 818 895 761 289 53 803 795 757 107 924 852 817 273 136 604 351 480 177 75 762 717 317 482 975 40 386 812 640 221 283 515 720 783 239 959 800 591 593 587 964 120 40 117 755 76 655 776 171 537 932 633 965 234 880 906 488 451 633 193 766 71 392 889 97 697 718 157 120 630 620 98 656 9 365 584 588 679 66 511 877 130 303 582 141 189 607 191 874 785 824 561 607 777 831 710 444 805 52 50 38 932 637 681 80 880 873 176 405 860 453 456 626 390 568 300 841 589 926 760 271 467 68 351 867 682 873 470 604 102 836 884 576 393 59 967 212 907 774 447 520 321 847 623 516 31 544 360 179 891 76 801 194 54 469 150 207 773 384 440 803 371 579 973 997 244 760 553 213 216 995 656 624 751 224 628 27 982 418 32 341 933 341 61 111 623 927 150 169 306 802 856 343 415 352 574 596 401 122 187 426 329 853 543 638 168 756 994 183 635 590 398 611 139 929 216 689 175 693 320 550 432 517 527 384 645 144 675 290 29 425 683 170 411 423 813 168 259 220 224 151 832 81 719 225 77 743 191 567 728 261 210 675 112 5 28 885 497 135 828 205 828 589 747 142 555 211 962 235 222 878 809 51 511 620 77 742 434 736 470 182 368 913 540 188 144 371 440 565 430 791 86 836 974 214 330 253 482 654 946 271 395 70 160 99 210 751 606 777 36 440 413 227 68 575 29 4 301 187 787 539 79 545 968 512 775 170 230 29 914 51 92 83 204 447 451 386 523 491 959 246 96 633 847 443 472 777 77 330 
991 805 27 488 715 842 48 416 692 542 871 509 888 266 131 615 3 92 743 567 64 734 559 295 448 758 257 433 10 435 234 698 804 367 370 121 369 13 269 623 555 734 612 345 921 922 926 681 679 852 748 258 978 937 561 217 414 408 39 642 662 212 856 190 835 686 848 471 668 706 894 254 40 659 31 769 347 54 127 362 204 766 654 68 131 443 842 629 18 830 536 741 32 946 504 10 54 583 945 442 725 240 192 68 253 29 793 588 33 143 940 276 182 448 478 240 764 446 813 159 154 799 700 821 453 453 894 958 792 87 991 794 174 418 931 838 438 858 253 871 112 306 854 428 620 670 970 473 115 713 803 94 296 841 397 105 793 245 604 504 70 163 899 721 8 523 658 23 68 601 921 676 566 419 729 120 341 313 149 244 297 608 822 822 368 787 971 884 568 600 803 658 747 787 165 337 935 927 281 221 777 220 590 633 329 865 690 778 659 946 291 500 842 44 431 486 12 129 965 697 243 459 128 45 682 230 613 648 467 732 364 987 584 721 310 760 185 286 363 310 576 903 369 559 689 396 872 127 582 98 777 524 435 19 703 620 965 330 580 185 5 519 94 505 920 112 610 189 450 880 497 206 467 794 66 11 262 890 730 253 654 727 829 939 92 50 530 790 495 567 676 275 973 165 491 123 930 202 395 295 917 749 665 433 777 48 443 737 19 863 876 544 5 508 208 784 784 804 330 568 227 722 232 826 690 392 548 829 584 840 118 469 495 438 558 893 601 813 457 271 979 223 108 744 617 760 927 218 470 950 576 873 96 804 123 138 116 953 937 279 92 668 318 463 778 805 429 552 395 163 952 321 767 737 58 326 668 698 364 79 219 186 707 715 570 288 112 132 201 99 779 175 632 61 145 680 371 44 119 768 508 532 651 18 735 648 803 603 302 900 510 529 540 909 329 636 485 388 488 543 329 12 201 567 894 301 441 52 253 58 925 757 869 805 467 691 139 95 445 270 300 337 119 128 332 340 617 0 200 87 979 912 295 258 642 344 318 977 297 580 507 181 439 6 917 437 655 677 467 783 935 205 981 441 532 867 775 588 256 448 507 783 10 31 675 384 645 431 692 462 670 895 942 499 672 333 724 152 71 858 
459 781 555 116 49 592 405 361 122 968 479 325 214 547 442 181 664 624 794 35 737 36 816 814 83 489 244 103 788 170 725 853 293 67 408 425 258 975 939 945 275 555 966 840 810 185 737 749 576 440 288 210 554 276 100 0 769 179 13 584 748 678 494 366 331 617 14 488 186 420 699 577 101 368 354 232 910 442 713 915 251 584 412 32 162 355 901 268 511 516 886 977 391 640 261 330 735 400 597 554 629 497 735 891 232 424 945 569 10 933 685 888 158 124 534 661 196 742 399 421 40 206 372 713 678 492 26 105 481 30 196 810 916 518 697 140 572 89 908 600 663 952 450 127 556 427 615 933 741 43 772 508 335 419 282 668 960 996 996 518 758 689 25 611 86 188 516 791 596 159 872 390 136 636 755 978 527 214 469 296 926 916 194 659 593 385 915 925 153 990 281 641 879 677 482 126 780 76 611 128 712 679 123 450 809 529 93 589 765 999 154 285 431 877 839 737 589 145 702 899 790 591 524 581 432 527 364 527 720 395 369 688 765 950 600 662 191 347 931 383 738 757 161 922 231 487 891 411 34 21 12 394 26 478 365 309 381 387 293 292 362 554 853 55 801 240 940 878 601 416 968 744 158 742 950 454 142 815 342 46 323 996 5 959 77 254 217 751 685 636 85 396 961 456 341 536 560 559 309 327 359 960 210 919 720 543 591 894 966 540 869 999 834 73 871 943 796 598 6 676 90 349 23 975 397 494 982 493 298 575 13 371 671 107 937 279 409 254 284 194 198 489 174 332 855 918 607 222 897 859 577 888 134 799 452 76 894 195 200 158 620 330 205 749 275 112 490 733 557 563 23 236 205 863 741 799 93 113 102 693 84 284 383 291 121 618 85 787 899 876 431 537 352 632 128 113 169 440 458 776 305 928 507 100 667 301 263 606 875 602 459 316 853 756 117 773 491 178 468 464 602 884 892 113 70 837 194 862 404 611 824 151 186 231 737 120 60 660 473 752 803 35 967 475 120 489 321 291 746 513 19 77 65 790 689 354 936 163 790 763 879 611 582 521 745 950 981 300 195 493 624 282 481 879 913 600 615 777 169 260 661 246 285 637 182 468 617 535 854 239 26 753 977 133 695 40 553 899 946 828 
631 410 807 390 571 979 721 742 560 10 255 713 754 448 372 189 357 511 420 410 285 276 43 949 710 45 265 985 576 164 285 429 934 164 318 178 639 780 65 381 288 397 584 608 476 695 211 14 128 620 414 287 297 855 10 142 352 935 777 408 955 624 164 569 380 603 90 667 453 352 102 904 861 421 247 497 399 608 230 483 284 871 561 731 924 127 161 829 417 790 5 273 471 975 330 70 491 849 921 920 237 451 758 801 414 671 366 707 580 586 550 162 254 26 885 110 809 743 342 626 336 209 945 484 489 850 887 23 526 879 500 472 512 808 553 8 887 88 90 794 163 551 56 711 612 79 413 206 997 540 917 970 419 772 580 262 38 665 184 451 360 84 419 490 681 677 730 993 271 714 893 495 64 725 154 8 566 477 237 682 336 982 199 998 135 203 772 395 67 769 573 782 870 605 427 742 231 980 515 561 8 100 967 54 25 774 628 204 703 342 327 75 751 622 859 112 178 550 37 837 246 22 21 385 841 55 789 180 958 715 230 466 446 369 43 552 738 577 955 905 162 553 525 243 419 142 30 587 773 754 390 363 64 433 630 161 128 352 453 686 610 954 153 222 671 850 701 219 501 931 129 526 592 832 910 121 984 881 454 25 273 72 276 199 952 1000 974 561 608 854 70 485 958 41 725 584 19 437 939 417 11 584 792 758 346 99 373 613 674 547 25 393 719 183 898 517 10 254 911 90 550 801 731 856 802 267 873 227 298 168 67 597 202 216 300 442 473 407 653 914 762 287 854 649 417 222 481 970 62 139 82 4 688 497 690 48 874 910 994 300 584 363 477 497 668 675 402 986 524 421 570 120 819 327 65 259 444 408 239 3 762 451 400 400 996 674 333 799 243 675 220 929 368 221 225 184 172 512 672 753 914 343 442 667 125 949 754 393 433 663 265 294 280 636 723 575 491 842 121 586 921 799 665 607 983 920 608 41 199 746 149 374 450 310 301 337 506 716 389 775 227 255 197 771 262 57 387 412 668 669 373 917 334 144 79 340 975 654 198 223 780 551 887 878 378 335 373 289 535 661 263 834 51 758 84 554 927 228 161 200 912 577 978 164 710 199 636 23 787 2 326 54 377 473 447 613 18 291 655 388 
288 259 103 838 997 910 172 83 207 693 181 428 870 73 643 987 73 864 230 70 236 750 805 347 515 685 461 664 254 264 455 373 195 112 685 950 227 162 58 214 689 183 111 21 338 250 458 169 775 540 372 453 80 221 224 640 473 364 556 568 130 862 510 824 531 499 599 939 743 536 451 789 576 637 232 35 853 464 686 841 367 498 999 389 613 394 77 44 487 840 629 298 510 272 594 195 516 441 130 956 569 705 870 549 344 582 242 754 773 758 774 325 692 896 931 315 548 813 257 168 401 736 305 235 755 377 271 868 600 210 443 121 239 129 247 616 425 830 176 882 54 63 939 351 117 64 667 328 169 684 684 141 201 822 885 917 296 94 802 987 130 160 97 642 239 699 853 200 794 18 415 34 227 902 161 250 963 591 152 617 889 495 469 315 97 572 220 653 805 136 467 115 343 23 502 495 410 960 65 684 613 662 541 691 119 626 22 109 834 421 844 68 329 952 116 59 717 582 748 228 169 441 727 541 104 466 428 679 42 230 313 585 680 323 436 110 717 394 81 446 16 359 125 220 504 342 285 748 639 406 826 401 984 479 449 979 622 863 445 886 429 382 323 370 592 384 357 554 839 674 783 140 247 478 788 138 175 989 219 924 196 587 400 474 513 876 480 761 207 949 463 341 577 913 804 63 145 62 142 303 46 443 348 456 606 336 95 157 759 357 782 318 527 908 443 307 791 774 228 433 77 548 421 104 567 560 372 973 38 900 404 250 302 651 314 688 568 614 755 159 625 767 717 274 901 231 80 144 859 847 561 570 659 533 425 166 962 676 835 238 588 249 204 690 66 718 386 351 323 172 636 50 364 836 432 132 709 179 926 474 369 516 69 203 757 404 801 299 692 984 516 835 197 649 699 263 650 857 324 792 529 974 850 493 392 950 800 571 836 26 558 159 609 574 571 440 565 880 689 740 59 662 512 915 504 257 377 551 718 843 123 536 88 461 428 876 288 13 227 530 859 109 882 648 235 967 846 80 450 4 9 428 813 976 100 133 625 109 830 915 539 781 869 655 711 987 857 736 31 600 901 150 483 369 679 321 178 99 860 419 890 627 454 804 113 912 236 249 864 947 859 765 817 345 726 584 101 372 443 224 
757 643 422 970 20 738 571 878 984 961 318 923 968 642 254 893 654 197 16 8 47 119 237 924 716 51 809 103 319 996 76 848 758 105 428 25 738 426 296 511 273 86 704 311 793 425 602 213 511 974 228 794 669 325 140 830 963 666 631 392 293 694 321 781 197 939 379 45 737 912 446 763 842 582 716 101 446 67 383 6 335 771 669 954 801 690 169 251 390 927 238 351 748 119 206 318 188 116 589 92 624 798 347 22 259 563 437 912 926 351 525 361 480 433 102 947 916 979 835 541 839 307 211 104 69 506 893 262 389 198 894 24 285 178 587 850 373 296 775 385 244 399 764 384 981 215 656 290 252 793 67 948 215 831 90 734 879 310 905 621 698 50 309 237 478 387 270 138 430 798 233 872 564 479 266 201 643 868 375 207 961 47 366 450 29 74 406 266 662 495 99 401 237 582 131 659 615 388 432 877 75 540 482 999 771 836 887 358 576 187 595 96 783 690 140 758 254 502 732 227 467 58 792 204 207 430 908 30 632 124 113 480 849 108 379 853 801 513 587 453 611 277 370 541 238 448 974 358 867 287 734 711 859 195 900 646 379 97 391 454 450 994 870 418 440 87 759 243 26 630 439 999 419 431 721 962 182 751 711 119 71 627 808 404 283 143 383 743 756 16 294 625 701 656 725 653 21 10 845 505 543 386 250 885 96 98 529 106 706 90 429 757 829 500 868 932 486 512 707 518 195 815 665 576 719 736 315 39 980 429 585 816 250 136 206 122 152 268 469 775 503 986 989 790 976 869 278 93 36 863 940 57 114 480 677 401 167 291 724 123 977 781 699 603 404 260 46 290 410 995 728 0 227 811 608 376 940 468 49 361 899 717 494 986 872 334 151 481 595 887 627 572 352 387 736 647 419 113 793 927 532 651 397 137 379 852 611 530 174 657 369 875 193 818 248 122 466 978 157 278 118 670 408 202 673 740 112 520 215 256 517 700 106 412 610 36 567 863 339 215 287 585 342 782 813 544 491 534 163 701 349 989 802 3 871 372 523 398 631 497 863 625 615 582 654 106 489 708 900 848 136 919 878 911 814 217 612 747 711 149 466 358 354 899 908 398 896 87 279 705 39 921 116 968 661 801 985 15 60 298 
330 175 630 391 799 789 842 716 8 820 291 116 428 678 703 41 994 237 664 558 1 412 103 223 415 192 708 407 331 702 55 69 790 417 576 260 269 270 834 179 603 116 444 681 249 187 352 42 509 223 725 0 83 705 975 193 893 336 807 392 750 138 6 296 16 475 40 690 385 812 23 575 789 638 984 4 479 465 634 812 889 409 843 398 309 647 208 948 559 323 870 991 407 32 65 415 437 468 734 731 534 39 730 856 255 417 433 901 589 604 95 475 414 436 751 392 805 192 483 979 756 521 535 851 171 782 121 318 551 199 173 286 617 154 661 750 412 837 302 893 571 107 567 427 334 853 474 960 946 9 135 366 76 590 269 297 248 400 387 581 635 706 328 593 301 564 51 483 130 752 582 638 227 950 24 200 884 454 976 461 112 240 312 448 29 176 393 765 62 53 458 130 596 335 399 669 551 699 948 702 223 419 310 606 40 638 8 254 285 696 742 31 260 502 227 333 92 940 798 352 415 297 705 251 716 439 932 749 826 701 957 84 270 942 912 946 586 15 585 127 76 38 430 948 631 253 184 216 165 988 836 128 84 956 864 651 608 856 478 81 817 21 971 799 568 704 184 530 351 506 774 472 799 36 356 292 555 753 255 812 980 650 121 612 880 799 177 108 552 984 98 245 548 18 56 323 740 412 409 496 513 565 274 851 704 46 452 22 542 102 350 611 173 170 848 151 76 320 289 768 609 143 52 887 720 422 698 997 73 891 11 545 391 724 764 235 917 582 464 678 670 691 755 595 965 834 305 9 583 99 896 209 703 979 496 85 509 155 979 162 604 215 193 857 103 498 576 157 628 211 482 776 852 424 863 562 924 31 750 92 941 599 670 896 149 795 165 92 962 664 413 392 1 365 716 195 168 668 43 35 234 380 494 916 707 483 931 269 210 228 874 271 673 581 653 101 452 782 940 340 167 132 283 666 793 296 457 319 916 107 300 194 380 806 706 2 772 798 987 105 464 268 316 292 19 288 571 268 788 197 488 549 369 258 491 575 61 98 609 816 40 540 535 962 957 588 557 175 312 359 918 826 815 940 90 981 626 981 742 681 348 68 876 615 242 272 813 926 915 460 229 335 752 629 736 962 913 390 581 507 
660 332 305 106 606 721 757 992 815 967 960 771 963 82 959 518 87 550 180 343 200 122 502 901 824 885 417 487 114 101 33 555 653 617 296 718 312 36 353 691 119 378 980 679 953 285 126 769 915 860 199 30 210 991 732 112 248 230 397 973 811 111 453 185 180 98 528 10 432 267 869 240 180 282 554 547 223 500 197 451 95 417 162 296 227 439 125 2 474 99 335 859 268 936 459 882 675 711 736 600 25 146 688 530 42 593 827 163 220 604 313 310 110 641 470 708 725 774 484 449 837 543 967 752 908 714 527 441 494 830 866 339 277 686 830 694 676 423 5 952 142 62 506 976 799 27 890 21 636 407 105 918 9 837 1 889 621 493 324 40 739 663 14 114 838 90 647 6 694 522 596 758 698 774 761 319 846 948 877 127 438 339 676 26 871 700 56 221 347 150 673 764 293 115 62 951 906 593 214 932 169 963 711 622 976 178 891 345 828 620 311 954 157 173 811 647 912 319 482 993 419 784 452 693 630 735 256 686 923 799 211 133 329 599 877 163 974 294 354 66 471 596 701 45 341 108 696 640 347 354 421 219 925 433 195 335 689 639 288 547 639 247 436 389 516 787 205 179 220 467 956 633 793 160 498 581 759 101 916 7 1 238 32 4 195 477 824 152 332 606 980 689 866 691 141 18 955 13 868 239 227 220 912 881 250 171 402 773 190 71 171 631 343 402 954 312 350 771 636 201 950 747 255 561 516 6 114 163 449 549 178 88 637 180 198 666 740 175 954 394 167 281 915 809 58 805 358 735 855 705 875 922 65 659 225 49 839 143 471 977 312 592 499 369 129 624 575 398 112 474 795 626 948 483 414 857 456 357 614 880 198 139 233 388 500 481 351 509 923 286 221 687 57 427 596 665 21 971 33 309 596 622 47 590 728 276 596 871 520 730 245 813 166 909 786 215 482 451 111 62 629 176 652 94 384 577 86 579 935 975 186 261 684 0 893 676 484 610 940 575 590 789 65 637 787 203 627 590 69 871 516 596 351 285 103 534 505 204 943 963 802 869 163 295 396 370 191 76 842 438 419 623 864 61 191 170 92 367 198 202 813 651 810 1000 268 73 316 98 376 608 362 528 43 564 428 575 72 473 689 362 
546 382 717 487 397 810 93 686 71 511 114 92 599 290 425 685 434 150 486 365 294 255 454 970 96 675 751 483 411 55 891 410 525 249 415 23 739 940 999 111 380 738 459 518 15 577 936 735 51 502 440 621 276 828 460 67 460 878 289 897 85 424 251 920 326 78 572 750 38 732 12 993 22 107 69 380 93 430 617 838 565 364 662 907 854 303 391 788 433 316 931 290 94 375 526 323 690 840 20 616 40 433 114 306 172 153 190 769 294 158 637 116 877 591 606 88 227 56 719 233 271 938 313 119 874 89 922 733 439 449 65 579 117 891 678 394 135 236 160 290 542 643 943 731 814 865 119 702 290 778 743 318 199 723 800 228 833 307 69 604 578 494 559 561 40 944 149 953 699 462 15 327 854 83 888 282 263 93 350 288 81 32 273 701 665 127 180 194 293 496 122 564 58 271 620 612 210 427 847 62 835 59 660 965 828 547 245 51 829 785 637 430 718 763 778 770 911 203 307 953 941 814 279 348 98 450 639 372 683 239 168 400 819 587 314 801 256 57 59 94 5 515 832 550 848 912 598 183 952 92 931 393 217 848 699 268 538 45 108 873 423 304 123 695 744 363 165 671 344 663 474 460 731 76 61 217 587 119 324 490 941 367 622 123 547 89 998 67 872 494 391 230 283 997 62 422 877 935 389 321 544 53 999 728 326 83 197 262 121 549 623 702 567 144 649 247 453 232 363 458 668 722 976 584 987 613 757 569 285 927 373 737 885 656 617 424 61 800 735 517 772 886 976 417 436 572 650 767 919 197 783 825 437 303 960 501 180 780 40 364 356 149 24 521 867 898 382 748 220 210 831 522 618 673 310 902 325 963 258 84 729 829 328 652 860 894 557 25 728 235 351 520 587 403 498 835 122 649 472 918 289 4 625 448 363 163 871 778 797 641 778 205 328 544 994 656 669 375 965 556 448 979 472 496 154 196 913 659 494 28 103 905 554 106 944 627 852 202 699 810 513 726 851 583 456 920 973 886 380 72 790 236 851 712 560 104 603 8 73 862 283 472 454 62 824 759 118 277 139 157 236 149 582 967 483 106 143 698 447 793 911 657 531 782 140 556 501 340 983 312 292 606 784 863 536 928 879 259 17 998 
556 336 933 194 800 406 928 483 595 516 498 600 677 341 263 991 371 336 832 39 908 664 597 899 151 651 102 904 730 641 419 264 266 151 765 623 825 336 658 119 430 747 152 40 686 660 649 98 924 783 13 347 645 218 223 226 858 229 82 755 589 586 279 42 235 659 242 173 712 612 654 996 666 656 409 904 366 45 596 198 261 781 932 41 7 534 586 676 688 116 859 265 91 701 503 653 534 74 804 340 153 8 721 594 477 77 455 235 818 30 914 146 527 353 721 453 677 924 266 378 257 340 804 964 517 331 570 689 426 194 415 619 144 476 396 761 843 947 594 917 298 598 599 448 105 288 142 621 125 298 704 78 328 638 483 960 746 110 12 914 918 206 114 342 378 210 127 511 274 331 879 409 955 340 447 444 199 598 449 858 450 556 633 353 249 879 293 429 672 205 143 760 423 23 31 145 530 141 467 684 363 992 803 511 176 388 666 644 186 641 874 512 926 623 694 861 199 923 581 948 582 660 83 425 212 108 352 861 398 137 441 130 109 509 360 979 569 300 93 539 457 168 979 307 291 259 568 606 81 647 118 898 821 272 32 342 943 383 907 271 880 542 624 779 795 663 186 199 963 145 832 200 608 737 874 291 877 823 936 95 700 552 696 4 748 879 716 324 623 790 612 12 322 256 419 248 256 397 853 244 953 100 705 420 498 951 935 331 823 98 64 51 843 11 53 131 169 773 174 857 697 339 40 184 657 722 941 223 950 457 790 241 224 227 66 999 660 888 969 437 715 562 994 689 165 59 541 947 608 964 174 632 897 294 976 663 262 493 419 236 11 429 735 641 833 60 46 714 714 53 936 563 326 174 898 128 898 442 202 856 439 852 617 585 702 904 929 179 17 541 175 137 627 901 712 124 852 318 440 126 167 217 438 832 679 94 203 576 6 756 632 105 373 223 195 209 456 977 313 170 2 72 784 822 10 547 525 247 319 9 723 515 361 369 475 369 126 639 361 293 430 206 884 635 224 646 760 5 722 316 489 807 514 527 721 0 554 322 519 310 241 881 997 669 65 747 214 963 757 341 450 494 352 232 878 72 174 880 98 729 543 309 642 783 29 378 342 872 669 672 519 657 451 358 804 525 215 765 436 985 
875 9 808 517 439 789 626 682 774 289 258 428 128 33 38 647 138 442 979 423 930 720 746 460 541 39 444 409 676 184 947 256 83 380 560 22 787 750 737 772 535 162 60 995 229 718 573 777 137 36 680 126 797 389 317 452 826 570 989 246 220 821 904 527 148 787 703 546 552 130 31 515 0 129 820 519 640 260 904 114 134 402 973 222 580 912 3 780 168 378 90 186 341 549 745 644 416 838 708 147 498 712 793 700 820 730 230 429 395 96 941 397 90 320 720 285 140 601 747 918 638 365 781 608 161 869 280 769 347 96 616 728 542 214 197 86 612 385 337 957 998 952 335 461 309 813 135 111 3 884 875 715 802 308 623 414 795 946 836 767 346 829 996 285 609 5 962 328 578 783 69 423 232 690 615 331 388 208 790 565 302 653 761 272 524 94 486 762 432 341 318 392 89 247 432 934 783 489 246 863 687 852 274 51 755 108 810 872 715 849 9 421 499 345 147 528 914 525 333 903 412 146 440 740 573 162 584 53 639 980 317 139 395 575 300 574 351 584 589 464 620 574 51 121 159 292 421 758 161 332 388 194 234 896 266 936 226 836 161 870 214 117 454 962 110 359 614 641 962 814 628 197 91 828 690 316 968 495 294 135 312 181 338 361 399 246 301 73 1 285 746 59 360 824 311 624 691 14 234 108 106 863 313 974 315 855 370 45 291 227 547 264 940 946 752 573 528 494 506 940 245 228 277 348 149 665 990 563 201 670 202 682 278 163 642 248 362 461 607 944 37 405 961 66 15 731 811 242 4 36 919 810 525 804 191 796 476 331 733 140 857 864 463 343 803 522 272 171 155 996 651 358 179 664 41 253 33 179 482 746 188 844 767 80 795 445 390 607 373 556 877 828 362 859 428 834 157 189 176 118 956 879 308 713 239 495 682 538 238 416 895 769 324 376 549 187 712 129 545 967 674 795 747 11 521 397 69 361 811 850 808 44 618 379 628 494 738 188 192 508 465 355 501 169 559 161 329 810 344 166 720 105 309 53 247 509 383 378 490 155 472 590 532 416 115 248 969 186 425 463 604 600 62 94 374 654 710 698 876 949 887 661 774 451 20 650 552 474 931 971 377 530 813 365 762 268 239 988 205 547 
238 95 168 947 825 289 752 105 255 893 81 84 753 303 182 807 409 704 225 599 456 258 278 162 882 844 995 311 905 74 819 212 515 113 403 927 415 730 228 979 97 838 466 459 453 554 416 942 245 110 678 410 320 125 108 796 648 895 764 394 937 206 48 898 475 707 362 707 788 858 985 152 402 57 773 642 348 800 192 376 485 358 141 157 194 295 100 876 105 677 360 707 293 980 162 377 330 298 467 673 905 760 381 361 689 202 961 535 365 89 358 914 754 580 643 505 385 797 247 282 179 205 570 335 477 496 478 392 343 248 259 527 44 183 507 616 508 401 487 934 944 878 104 328 472 706 699 758 945 594 121 434 65 986 961 560 994 521 211 870 659 972 602 730 18 27 889 840 867 630 874 193 333 376 332 186 6 367 993 657 511 410 317 338 525 54 335 746 712 46 379 781 20 731 697 944 931 627 572 847 839 397 192 287 769 527 175 925 337 395 664 275 579 175 186 182 983 681 28 628 717 827 206 290 421 208 91 508 247 559 513 293 561 150 59 746 706 960 488 453 189 859 190 770 614 960 347 216 279 929 893 118 280 402 417 319 425 749 945 271 460 688 739 882 760 27 828 258 212 155 329 557 782 221 363 149 441 678 577 845 577 835 327 688 414 874 300 848 822 1000 466 622 806 379 407 759 39 874 614 140 751 376 126 653 716 337 384 325 695 877 899 968 660 459 19 389 650 195 604 352 774 298 59 961 746 563 294 356 326 899 446 388 910 711 310 28 91 229 348 953 371 118 817 474 60 564 751 84 664 589 120 916 774 846 193 404 216 507 428 620 181 952 88 560 385 362 676 326 64 259 295 265 60 722 494 188 192 250 486 553 641 845 847 567 998 818 580 749 24 402 555 795 746 56 655 110 178 652 641 727 860 455 641 891 903 140 506 902 633 766 148 387 707 784 910 13 545 954 63 517 40 82 874 403 863 24 768 271 268 240 79 670 639 196 297 233 46 153 762 64 293 353 396 450 523 606 245 800 84 109 975 543 840 528 87 262 1 682 243 280 913 129 244 466 24 415 99 761 813 36 631 776 441 527 359 307 975 177 490 322 291 221 542 946 322 918 812 181 883 758 781 852 178 473 211 864 665 616 814 865 
557 995 560 812 106 513 760 307 453 154 605 743 23 103 886 567 397 467 408 559 671 715 752 871 178 262 473 206 32 683 591 949 836 729 650 182 792 27 977 588 259 401 257 292 53 295 285 383 43 329 482 639 583 782 81 609 308 545 750 917 857 411 280 647 218 301 959 634 332 346 44 386 382 442 572 712 477 663 704 647 299 401 980 710 247 933 305 298 395 969 224 983 227 705 198 724 870 675 433 499 237 452 569 473 504 840 864 107 525 49 402 298 1 357 958 249 978 888 886 808 825 557 915 487 879 912 639 837 997 581 224 963 144 169 186 250 849 64 792 949 477 398 104 801 998 720 712 778 788 517 141 42 544 121 98 877 641 972 287 691 433 703 954 837 726 557 19 701 464 405 790 264 731 528 195 400 947 326 249 359 636 726 574 206 968 981 775 690 971 391 425 975 711 420 973 540 428 873 637 617 439 377 629 754 342 150 312 439 540 285 568 649 515 859 866 21 803 211 280 199 853 846 894 940 137 567 589 794 528 119 985 982 601 518 306 873 145 370 592 870 111 587 469 597 736 57 378 606 165 55 524 904 62 676 580 894 106 489 881 227 847 82 429 172 103 819 144 753 645 691 662 227 133 774 106 141 602 490 685 761 395 965 174 966 697 243 116 333 579 932 93 264 403 476 688 475 601 624 689 48 386 880 455 249 62 814 141 273 599 498 35 112 872 138 385 836 603 141 424 421 841 681 292 33 343 897 522 118 252 595 795 283 717 401 80 587 282 43 620 662 698 280 494 674 879 647 81 268 845 81 249 496 603 754 363 9 443 361 507 890 219 689 426 315 579 304 64 350 256 327 749 484 875 380 89 645 450 861 60 387 121 729 607 701 42 840 412 652 394 936 180 423 335 996 504 281 49 81 899 957 930 673 65 51 216 234 536 69 693 157 88 835 31 183 275 934 518 942 256 276 81 444 134 602 290 659 565 11 888 77 524 19 497 441 436 998 859 374 547 222 166 972 330 186 184 4 21 470 332 839 883 988 848 10 925 634 297 346 533 75 152 446 136 588 56 883 457 440 646 223 69 905 579 782 645 43 559 981 808 75 646 686 17 147 641 783 380 446 447 92 554 968 250 791 791 708 892 7 956 902 
446 462 943 562 558 744 326 44 730 43 522 560 274 621 149 98 255 542 141 623 51 316 522 783 838 78 784 482 240 34 823 971 594 269 403 617 616 172 463 968 903 893 308 336 196 259 722 949 170 460 825 817 355 465 613 83 741 784 73 417 154 461 779 574 91 149 129 78 385 957 234 264 259 276 331 751 654 101 611 319 672 72 760 311 412 845 909 329 530 953 165 532 193 975 594 626 863 359 6 472 106 382 438 647 167 621 453 53 995 659 970 253 753 829 543 903 18 448 478 568 756 3 715 993 425 756 200 551 440 329 249 787 649 762 597 869 457 725 443 748 528 188 610 223 806 734 434 723 243 116 921 408 322 737 179 192 147 91 123 24 631 504 877 556 209 651 74 445 696 568 906 65 643 10 390 578 997 533 975 505 349 208 289 473 188 232 19 487 863 7 197 7 893 201 582 627 279 736 384 146 457 727 442 671 723 809 535 812 863 881 424 971 850 967 307 58 558 528 521 328 71 710 262 171 505 145 260 381 690 917 73 740 918 838 387 218 159 110 27 345 305 573 877 992 859 21 176 232 5 301 311 454 994 105 791 462 484 940 278 194 902 971 943 141 337 636 204 528 834 441 296 1 625 325 668 632 532 250 956 699 380 739 777 437 793 94 8 864 209 669 222 474 950 308 845 117 377 49 399 947 915 188 420 676 222 917 409 296 275 834 280 275 880 116 58 182 245 257 733 402 242 449 919 999 40 616 593 70 614 510 841 607 699 157 556 503 328 179 95 196 332 662 331 215 835 238 757 21 660 284 618 986 290 817 739 899 917 808 534 379 52 661 303 497 572 237 678 466 151 633 731 456 628 736 17 645 96 361 493 424 430 599 911 572 551 687 647 348 512 79 672 81 648 570 244 442 451 911 735 604 397 587 295 940 655 452 66 334 156 434 580 162 815 362 581 639 494 836 959 68 969 309 16 518 236 840 628 924 921 832 504 460 90 701 817 735 369 797 627 971 204 298 228 819 929 571 239 737 237 843 240 329 985 384 159 539 288 739 60 650 204 482 574 611 81 218 200 891 861 494 20 117 353 200 637 143 101 123 96 516 11 801 283 313 24 880 897 110 976 130 596 261 661 874 728 282 405 603 449 285 
578 115 859 533 197 895 351 800 71 214 734 285 544 300 798 184 107 555 365 898 585 405 520 509 425 300 56 430 835 701 691 133 729 307 656 860 831 220 512 997 333 452 48 381 301 753 666 605 252 106 430 394 389 448 62 483 678 617 282 457 958 893 907 412 553 623 355 44 552 926 296 316 821 211 387 481 955 104 471 467 106 852 736 268 568 579 743 706 383 359 530 407 173 824 926 431 525 414 856 343 576 244 673 911 69 574 97 764 750 275 94 998 77 379 361 324 91 926 890 892 978 98 661 304 424 312 425 417 217 380 960 921 466 606 614 197 119 258 679 978 44 376 197 556 715 124 990 763 715 479 327 401 18 682 74 738 864 408 988 174 994 460 317 760 389 270 287 912 771 959 393 225 195 968 244 750 239 564 585 478 26 339 117 83 40 398 443 974 707 550 967 458 98 445 469 337 700 214 17 379 827 997 128 163 851 388 673 344 194 562 120 772 948 406 326 710 762 180 809 925 24 221 181 740 652 681 704 635 758 657 123 880 855 641 911 645 153 590 306 555 309 62 890 559 136 246 482 42 826 174 133 526 628 30 297 814 470 310 851 948 90 650 375 557 175 577 235 976 562 582 144 837 998 866 722 466 525 706 741 143 968 240 409 587 118 191 818 604 150 68 477 181 777 133 791 906 849 963 505 470 443 396 924 568 585 124 753 594 93 632 961 765 550 161 691 39 869 580 537 830 291 158 420 580 65 616 850 859 301 533 883 224 513 579 526 993 661 413 108 849 410 81 615 645 663 666 838 89 924 344 267 538 795 884 227 334 320 887 945 192 540 231 470 753 773 245 866 138 59 296 182 179 736 361 527 262 714 421 703 692 345 853 971 93 458 363 39 386 324 120 40 345 764 597 966 775 889 427 523 900 36 189 691 932 362 801 707 432 199 439 834 171 316 717 83 347 744 276 804 3 958 207 672 398 667 212 719 401 272 410 994 708 237 139 686 104 956 257 163 629 702 194 279 159 61 963 584 814 765 258 733 566 755 986 542 385 602 697 760 830 411 773 675 188 398 232 612 55 41 245 735 236 253 93 569 131 721 464 196 165 905 532 599 208 134 464 205 918 59 937 545 167 380 678 341 226 819 367 836 411 
582 15 59 284 552 427 207 759 122 373 901 828 693 902 758 139 614 637 354 795 531 579 720 841 18 705 61 972 983 100 971 731 930 859 169 762 684 582 562 522 395 116 182 55 893 768 44 286 138 449 633 704 833 864 279 714 606 1000 53 1 495 801 175 835 527 197 436 371 597 281 80 952 498 573 258 809 394 133 302 59 163 692 683 949 315 328 384 276 850 26 548 149 533 328 308 671 970 921 541 441 881 195 218 374 237 146 409 505 865 250 159 716 695 176 73 518 183 11 9 308 841 879 994 515 479 390 562 180 266 927 960 950 29 613 957 244 398 225 107 44 391 785 755 183 36 374 970 662 26 902 324 153 250 961 473 278 214 690 102 855 742 723 71 283 246 89 91 808 604 41 898 548 974 716 38 342 617 453 777 263 148 188 216 759 436 173 991 187 983 454 3 968 980 477 687 473 213 501 603 262 798 704 577 913 976 654 908 414 168 532 99 869 331 704 967 195 573 673 24 644 769 617 537 623 857 33 410 686 120 259 15 211 474 463 477 249 921 91 532 403 979 542 601 168 748 241 657 29 649 592 975 939 498 290 830 585 939 188 254 386 813 230 105 939 214 478 95 844 870 414 426 204 348 532 552 352 920 122 382 351 498 982 545 962 331 995 473 599 179 255 254 119 934 786 756 372 590 382 565 735 285 376 589 370 382 18 629 885 530 798 828 952 830 691 938 590 474 93 238 353 934 249 696 301 338 558 444 553 95 38 215 259 534 436 869 114 878 145 636 292 329 185 818 335 551 259 258 201 216 318 195 299 946 781 345 346 150 65 654 978 405 568 377 701 103 828 983 156 949 706 40 708 499 570 546 641 145 153 93 643 400 860 916 953 743 30 683 995 977 189 362 349 227 779 75 685 782 553 809 769 781 916 999 318 627 951 477 881 808 781 227 648 289 571 728 820 34 968 560 146 821 377 570 233 162 320 496 388 81 820 865 906 34 524 969 362 763 801 33 763 481 55 463 555 679 123 155 351 811 520 901 0 89 427 153 669 842 34 326 778 448 595 644 301 407 720 693 27 434 670 850 750 119 788 532 556 713 527 160 366 587 156 585 480 577 188 341 91 776 921 586 51 107 875 994 393 24 906 432 938 
131 697 992 121 283 623 572 405 937 793 168 555 194 766 180 108 347 915 313 32 391 452 61 974 369 169 637 372 358 682 736 344 115 133 623 492 830 173 28 223 2 738 982 930 762 396 912 186 202 121 635 925 337 213 648 173 437 565 539 638 436 47 260 18 208 441 570 444 280 769 299 410 817 913 394 271 774 326 147 92 855 870 506 960 145 322 835 910 867 916 446 415 275 797 612 371 157 985 431 535 565 819 749 384 575 185 394 883 306 810 764 440 303 870 948 14 384 390 731 957 482 591 707 67 852 570 600 108 466 318 295 551 480 508 392 137 54 496 852 965 587 151 502 830 436 909 1 514 563 601 371 693 244 541 394 589 502 604 982 775 553 379 300 209 964 687 218 237 82 325 295 842 960 424 343 302 792 943 722 680 834 401 880 709 482 879 65 914 444 200 578 107 981 220 321 977 126 643 68 946 885 729 551 288 596 462 942 271 385 759 664 222 695 158 545 634 641 862 504 733 541 783 174 375 116 946 290 189 102 970 970 599 456 80 122 232 44 338 873 990 363 501 453 431 327 707 734 776 594 973 307 585 48 698 709 718 518 104 305 864 519 605 84 240 128 138 434 677 785 337 473 117 346 767 927 844 823 516 510 561 408 676 822 806 730 834 34 284 80 746 728 226 855 656 317 69 688 663 985 616 889 40 529 392 757 647 767 150 999 623 78 981 599 569 42 273 836 849 198 797 722 582 595 2 757 947 585 672 993 827 618 702 15 802 240 181 166 847 694 90 175 407 177 565 663 728 730 218 621 859 16 412 569 476 499 606 782 765 368 547 373 717 630 235 90 963 436 44 967 200 284 849 722 685 218 432 765 980 602 943 462 229 386 859 835 232 150 519 772 686 328 66 922 564 217 649 217 392 482 596 601 651 968 141 433 848 565 143 905 366 818 246 543 629 127 737 387 749 623 222 84 286 890 423 66 232 374 378 723 766 410 960 224 968 385 868 535 571 499 603 177 163 97 856 73 575 552 502 547 18 80 116 556 597 668 869 709 635 138 914 706 123 492 929 764 30 87 20 790 569 299 849 323 820 184 448 804 177 775 709 771 91 658 60 523 605 369 585 678 872 639 743 464 837 116 663 354 181 598 94 
216 734 403 189 353 350 414 346 863 722 779 981 995 157 427 215 704 550 585 81 952 878 502 389 809 470 254 468 697 686 925 392 520 185 200 604 617 480 927 867 10 403 101 378 24 790 324 544 650 512 778 951 756 936 847 397 223 808 586 534 91 507 324 288 760 161 644 100 422 616 352 189 19 563 761 973 111 105 292 257 178 460 211 361 373 210 942 5 402 946 318 244 204 146 799 118 138 573 616 118 629 881 475 418 784 420 826 653 815 531 585 730 251 882 269 947 631 363 32 265 661 221 413 233 849 676 556 218 98 42 416 453 10 406 534 665 121 165 60 843 80 298 369 189 556 82 86 284 979 589 964 271 972 598 340 300 245 232 991 263 905 265 533 562 113 725 846 57 513 342 990 420 999 984 416 412 374 808 742 703 375 13 589 172 307 90 712 264 520 355 936 973 329 910 662 612 985 978 380 471 637 584 695 757 8 378 786 717 13 52 806 114 244 566 141 987 518 576 324 930 688 701 197 216 733 327 409 8 166 815 212 75 943 126 12 591 957 740 389 910 761 233 796 406 272 802 816 214 170 33 466 506 296 122 765 380 634 625 437 468 290 689 932 645 211 175 605 1 540 418 67 886 550 638 840 169 233 637 721 523 986 584 662 899 480 609 62 34 819 827 315 678 626 8 918 735 199 825 75 811 882 842 159 209 422 245 221 731 829 374 1000 869 996 641 909 146 228 29 832 20 208 587 864 860 365 521 552 86 662 921 480 135 952 859 256 840 808 588 271 338 841 184 37 919 63 655 568 539 72 410 276 879 221 432 764 94 783 884 718 780 223 309 225 214 582 159 677 625 321 320 878 904 919 811 76 80 908 202 884 632 470 291 548 508 223 62 565 84 835 445 1000 419 493 437 671 680 599 758 115 430 612 124 448 854 853 801 350 624 274 407 854 370 625 601 87 0 215 282 511 429 782 904 177 510 87 615 784 916 957 74 160 84 468 873 559 842 198 206 172 24 464 719 326 862 816 614 371 399 82 653 932 55 64 838 192 753 160 78 396 339 634 359 600 668 155 212 462 866 735 504 498 636 555 499 417 613 971 39 825 138 592 449 50 117 70 433 739 834 195 45 461 751 972 922 263 661 951 206 728 335 
680 812 62 548 32 630 483 266 150 458 753 22 925 406 27 529 468 141 106 268 935 38 185 903 151 568 413 459 106 538 696 940 668 825 519 205 757 705 825 442 581 365 612 985 989 169 342 44 170 340 804 525 786 784 978 756 809 144 996 47 72 378 906 737 791 318 619 626 164 192 78 187 644 427 456 695 308 257 556 117 84 106 418 522 158 273 277 77 713 371 377 579 497 147 644 435 680 907 309 574 231 157 295 256 434 38 310 286 606 573 47 231 763 757 804 572 434 570 391 890 938 522 903 884 86 547 629 786 320 579 678 340 68 310 884 664 65 100 707 367 47 155 513 959 707 208 516 117 689 757 569 810 296 63 194 370 455 444 197 674 289 120 687 833 929 387 773 921 913 591 383 751 275 32 659 185 382 178 949 593 813 988 665 757 133 427 355 844 867 273 980 165 955 735 543 277 46 450 466 730 650 276 258 117 130 467 553 845 603 618 166 743 816 423 346 491 350 959 660 727 94 509 480 35 818 912 775 572 752 71 476 108 504 273 105 978 315 849 675 18 201 319 829 675 649 453 560 208 65 982 692 362 543 928 341 273 652 107 115 859 590 442 176 821 333 851 851 924 184 267 397 489 546 414 809 587 447 657 904 589 605 650 281 193 715 55 627 277 497 311 581 408 3 308 496 639 801 867 68 512 628 130 21 135 602 931 348 404 798 419 321 749 530 917 922 391 778 283 182 145 991 669 623 733 125 945 378 814 430 674 814 387 823 269 534 347 561 199 3 840 591 30 194 772 669 603 124 701 772 648 149 580 484 72 356 740 841 946 63 409 55 294 548 75 450 977 571 654 872 410 294 584 413 937 503 476 498 551 355 245 727 467 928 340 125 869 620 874 901 383 456 159 916 186 665 100 306 915 421 723 464 559 975 386 123 12 75 646 228 400 318 175 26 258 974 24 928 146 77 7 360 465 12 899 741 650 606 273 384 732 896 964 340 474 737 763 960 739 246 513 694 59 891 785 297 627 978 205 362 396 819 454 216 592 608 359 633 614 29 747 675 50 854 365 258 586 925 743 278 712 439 514 409 988 691 600 695 432 492 512 727 535 731 677 64 48 795 694 828 73 891 134 64 410 364 701 292 706 681 523 
564 715 238 796 375 945 484 418 201 163 108 704 566 243 665 992 680 382 935 502 545 81 577 386 143 216 983 48 158 819 218 938 171 886 957 260 822 908 752 254 1000 158 329 395 852 893 83 496 40 55 421 797 754 722 503 774 663 762 443 329 182 354 447 136 34 524 535 944 428 633 926 178 414 400 634 855 545 978 137 439 858 16 550 438 59 410 81 801 124 431 572 110 490 391 252 948 872 600 977 623 79 994 266 665 741 170 966 934 609 752 874 122 69 224 491 266 68 883 736 649 289 27 51 251 665 76 485 495 611 954 191 646 408 766 263 553 790 252 525 648 831 557 169 256 864 213 731 976 302 305 957 719 170 12 787 628 848 832 997 811 355 297 167 963 829 75 257 983 521 662 409 20 80 22 685 512 997 736 317 550 683 615 795 660 879 295 770 706 264 540 917 414 444 54 480 423 854 533 961 35 457 757 718 0 256 800 710 985 604 969 36 428 269 853 152 818 799 703 630 304 988 876 856 307 679 589 815 563 12 321 234 199 382 116 487 333 310 196 939 241 395 986 859 872 828 684 801 543 222 304 137 194 428 92 268 391 266 56 378 926 97 450 908 427 701 206 303 948 717 165 990 348 984 743 8 908 114 446 436 404 687 942 161 723 79 899 840 320 53 100 634 537 147 490 41 135 776 105 305 166 393 298 751 744 129 353 911 58 112 825 12 820 957 437 768 417 482 663 386 397 475 766 253 506 720 330 768 78 128 64 844 431 223 545 209 151 399 680 0 108 920 510 702 455 653 243 16 484 534 171 946 831 295 182 680 691 125 459 720 877 241 299 263 880 15 190 993 845 715 442 636 372 133 433 584 299 220 426 57 190 670 856 564 829 467 438 772 302 599 40 782 159 219 746 33 985 612 725 131 48 481 118 62 317 207 478 959 548 931 58 184 970 913 135 839 690 90 215 353 705 972 714 745 472 473 236 24 391 804 696 702 684 366 104 147 708 278 412 744 833 355 680 213 943 687 498 705 434 687 715 508 696 130 77 854 556 767 524 965 430 432 68 779 118 741 940 407 694 876 550 256 661 933 502 821 934 299 913 413 608 532 471 907 383 259 273 981 101 868 265 207 633 298 387 599 888 619 109 671 224 
374 656 601 624 729 673 943 589 603 859 359 187 530 32 84 234 599 656 828 117 579 997 939 719 498 580 632 860 398 302 470 367 802 504 151 126 654 101 784 663 491 514 547 456 528 899 276 359 765 949 904 186 111 771 344 322 243 346 615 442 395 254 811 463 398 549 231 36 179 40 68 116 170 608 877 38 231 914 114 866 466 391 425 144 593 731 772 358 839 558 66 835 880 611 376 702 981 50 111 628 200 172 143 645 693 674 989 372 892 718 800 425 494 625 619 876 454 745 631 581 683 986 324 53 287 814 406 913 811 580 273 232 182 811 349 319 209 753 51 825 101 813 498 964 224 570 752 544 948 24 712 825 672 566 753 740 351 702 434 105 940 603 150 972 454 974 242 875 86 335 178 933 651 378 730 116 847 699 842 986 418 952 317 109 731 295 664 688 642 781 465 184 487 520 611 959 44 224 629 113 160 616 576 383 951 724 268 607 891 623 39 266 583 750 896 950 106 679 720 929 852 277 569 704 798 678 607 890 403 792 667 33 195 233 350 709 869 327 376 274 909 844 740 207 121 245 41 368 860 191 71 907 79 549 377 184 529 93 717 293 950 853 454 640 701 6 599 211 673 454 192 264 364 250 842 991 403 968 126 108 50 562 845 371 857 799 211 215 297 380 766 116 281 542 710 63 156 893 118 593 90 656 319 862 529 381 775 322 393 174 101 114 102 976 78 358 744 984 200 333 793 544 231 470 510 486 927 18 298 744 427 693 680 477 923 112 700 98 814 0 453 309 738 775 284 625 918 130 763 875 805 217 88 781 451 637 99 581 633 794 325 609 186 735 445 983 281 759 538 848 380 560 80 997 19 475 95 73 900 584 613 644 456 291 877 558 182 737 303 421 571 783 813 486 1 162 137 548 654 437 457 901 683 987 214 578 473 770 998 527 610 652 724 33 107 822 610 596 487 590 152 312 789 289 873 960 812 656 302 840 174 364 669 285 253 202 796 521 701 551 264 363 103 380 301 16 775 424 889 111 626 153 153 494 993 589 211 846 293 852 399 375 297 486 890 111 823 929 937 697 552 24 719 687 849 207 92 936 978 538 878 873 13 459 982 782 955 73 834 971 697 952 236 985 214 84 183 178 85 197 
145 740 648 72 973 172 913 742 300 392 939 503 435 48 758 297 653 824 59 931 626 703 117 344 658 108 955 396 966 543 410 305 701 153 93 821 126 241 54 861 823 63 488 66 446 338 727 796 130 470 799 742 838 741 442 640 197 665 354 209 713 541 726 969 133 434 391 97 819 473 995 122 555 725 290 199 189 658 399 892 174 403 983 794 510 553 650 888 236 599 34 58 482 458 139 847 947 111 0 192 891 746 19 844 88 796 942 872 899 0 982 266 142 202 770 494 359 521 130 707 624 73 254 693 61 495 163 314 611 362 68 146 634 642 622 111 651 133 392 557 698 350 108 338 149 92 733 305 65 182 178 245 665 575 702 613 323 243 906 397 174 709 420 15 982 727 340 996 391 11 745 942 603 186 665 904 585 498 709 817 385 285 573 168 921 235 820 274 849 234 436 754 313 708 799 141 939 691 333 395 833 313 604 379 227 959 555 421 252 647 574 978 323 59 993 740 895 854 237 918 639 936 810 24 715 657 702 902 155 108 184 447 707 132 443 630 579 408 90 531 477 822 205 698 795 389 930 442 520 623 883 768 344 797 956 801 580 292 258 252 843 60 752 713 345 281 141 760 617 19 228 452 622 135 141 91 980 62 534 169 586 11 222 892 126 938 738 431 750 381 902 203 733 738 795 19 642 861 831 667 46 602 919 233 671 613 715 11 929 541 628 44 214 280 4 786 210 969 794 38 527 493 279 630 808 971 891 531 16 420 265 496 565 736 546 156 767 953 764 50 344 4 345 145 229 445 955 43 830 450 350 906 641 2 926 881 301 973 325 410 210 264 143 160 513 30 350 422 759 212 460 538 516 876 698 826 736 891 521 926 564 791 732 160 99 418 549 922 76 700 690 469 716 725 137 162 220 25 842 690 203 980 813 345 617 974 6 503 184 507 808 896 534 243 872 523 746 491 984 991 704 337 541 706 639 178 516 952 569 219 427 783 614 332 388 156 146 26 60 861 198 277 304 221 581 353 634 307 928 660 481 85 84 899 109 666 652 364 643 169 976 611 101 404 302 565 42 358 868 670 999 836 367 135 585 935 362 81 305 893 928 768 665 417 40 944 122 112 878 283 488 92 6 323 438 176 853 427 854 603 
850 219 437 270 113 266 165 887 600 377 628 208 756 713 509 519 771 826 405 179 907 952 687 130 306 515 80 145 419 966 768 486 650 324 255 483 206 92 358 430 756 699 431 896 365 751 957 911 492 908 39 524 646 51 171 504 531 733 182 177 450 370 75 587 780 799 967 681 991 508 326 75 419 825 931 286 627 679 264 569 477 600 248 380 47 980 931 64 559 752 290 989 96 325 567 541 922 110 635 603 310 970 869 216 436 450 42 300 19 376 232 584 986 808 70 99 61 124 695 214 899 753 289 691 615 450 203 799 843 326 307 799 383 49 593 485 142 226 308 888 295 324 62 747 646 314 47 442 629 104 642 800 866 470 632 898 318 527 417 791 688 117 835 173 680 472 747 332 589 7 981 821 866 720 956 379 79 286 757 392 330 329 503 448 49 836 669 313 514 128 248 570 179 658 807 961 746 22 320 331 956 114 685 518 383 86 664 325 115 573 661 547 765 453 786 300 673 390 314 741 153 730 848 33 396 691 817 953 498 875 246 207 129 102 160 679 611 175 680 844 678 46 338 405 106 707 954 444 354 127 119 477 404 731 942 109 218 594 898 520 195 184 29 44 458 481 57 470 186 136 531 851 791 71 119 516 511 511 144 928 59 867 78 540 16 32 790 49 654 293 930 261 265 390 516 765 283 908 800 794 981 719 224 456 155 316 356 237 910 612 460 189 843 308 646 283 343 95 444 912 97 375 210 935 160 771 172 712 927 657 51 68 281 651 273 355 321 500 692 405 876 302 741 36 711 851 915 750 867 399 289 932 948 751 338 585 36 153 609 487 720 269 13 961 35 130 747 207 781 486 60 67 904 621 52 636 928 98 759 236 830 712 630 517 278 145 214 81 436 939 543 275 868 179 160 399 723 132 427 525 301 419 952 998 71 634 13 994 858 861 134 655 226 212 269 858 184 41 547 695 389 163 108 528 892 585 258 803 973 809 972 678 804 971 917 174 359 791 359 401 571 543 88 541 187 568 514 891 921 673 209 472 397 45 597 495 590 480 36 462 706 56 417 378 59 852 196 670 379 84 174 61 942 379 72 209 618 521 670 245 318 403 574 749 227 577 474 840 445 285 556 552 552 883 554 204 953 166 150 533 
603 658 379 853 113 627 286 752 332 564 532 867 852 251 587 812 408 710 518 703 893 477 80 776 531 592 112 548 137 816 3 61 663 582 224 585 796 369 483 412 691 267 768 504 235 696 68 568 554 831 519 145 607 33 159 87 975 149 688 891 92 558 169 732 205 965 474 541 40 431 725 39 378 770 649 336 608 519 911 584 870 97 922 328 615 534 605 391 170 561 728 400 12 330 980 550 520 217 692 358 980 653 197 985 266 276 509 396 715 107 28 813 489 0 592 108 917 681 194 219 421 544 987 254 728 510 697 45 552 488 198 539 879 230 608 140 650 309 173 779 827 266 26 431 210 305 658 288 848 91 674 238 524 706 651 239 761 747 351 974 859 815 469 894 909 309 559 847 372 512 874 958 791 468 896 982 215 617 205 111 317 913 844 902 972 749 760 366 800 77 109 706 879 640 503 609 957 399 635 939 719 626 481 141 932 355 916 836 473 335 854 990 423 685 191 140 520 845 838 118 922 423 227 993 139 360 405 184 67 425 980 740 860 52 206 112 50 846 409 227 496 381 405 993 827 642 670 445 483 365 996 371 956 497 844 535 358 754 59 656 493 683 960 340 212 420 487 907 752 400 692 98 580 845 846 216 117 386 234 853 84 406 329 289 564 958 366 338 709 301 866 460 963 931 83 400 919 930 212 917 997 524 940 720 472 435 148 862 875 345 111 633 282 678 617 908 119 190 253 522 850 813 870 621 395 358 908 489 610 314 368 361 779 693 104 988 409 320 820 435 297 924 969 11 765 847 510 7 360 929 78 867 91 675 161 609 408 46 952 292 747 825 943 703 95 154 758 948 808 106 217 316 137 91 935 661 658 913 207 658 600 118 932 980 249 614 524 609 922 702 688 625 389 30 566 238 37 887 279 115 518 360 642 8 482 696 642 305 390 19 857 626 990 63 466 189 389 694 192 698 330 439 692 707 857 387 964 827 859 132 66 956 555 917 72 327 768 608 574 728 623 737 152 822 51 817 118 238 481 87 816 84 348 764 736 749 705 656 363 213 828 959 496 694 931 494 706 713 714 975 325 824 276 761 522 659 247 705 870 893 583 198 728 435 576 569 553 116 684 245 334 670 940 429 907 463 888 79 238 121 
515 311 113 346 862 112 308 334 508 382 254 110 845 103 719 444 170 740 261 755 342 48 579 755 139 360 935 136 995 916 527 753 299 711 56 615 210 383 472 170 284 778 9 2 258 192 714 551 343 205 645 962 191 824 335 712 920 702 432 618 65 23 573 50 232 339 381 714 719 504 14 462 1 726 447 967 398 209 319 782 206 429 152 975 137 925 605 315 407 629 319 444 852 518 477 951 238 94 807 725 980 766 375 997 29 478 69 141 80 886 992 731 974 223 287 365 388 846 895 812 641 503 293 747 41 255 926 790 154 159 403 947 589 506 211 581 331 103 531 487 106 395 447 189 293 446 1000 979 652 821 85 782 18 63 935 172 893 996 772 911 812 825 147 938 363 638 190 26 143 512 617 700 666 352 722 260 522 275 908 14 391 326 844 235 565 771 59 374 166 488 216 741 393 926 177 392 920 980 97 561 57 119 152 953 639 997 912 579 320 3 116 343 454 219 387 963 68 290 50 945 233 274 332 485 496 305 859 955 794 856 196 19 10 242 72 291 165 197 677 791 593 343 807 279 756 553 144 501 344 150 207 65 942 420 688 8 955 553 944 102 773 740 65 664 367 417 577 752 572 646 315 368 100 37 444 510 938 239 105 258 873 605 998 863 91 611 168 835 314 810 730 648 590 918 429 736 257 495 569 627 168 67 243 353 466 936 603 646 934 263 994 954 98 976 937 315 675 316 194 443 2 880 720 884 449 16 443 88 872 895 960 115 240 424 743 867 395 710 358 545 204 148 691 750 484 32 34 217 524 523 840 899 468 24 248 623 876 409 2 747 630 288 675 305 825 796 488 891 87 635 3 170 916 130 943 318 780 184 438 387 791 487 467 44 902 744 809 878 733 31 514 984 252 758 64 60 733 901 347 269 650 292 17 998 583 842 852 610 408 809 169 473 616 888 293 86 12 4 257 658 112 929 246 953 830 982 225 64 943 803 608 149 840 967 676 885 1 756 6 520 856 893 535 802 716 510 997 17 192 257 821 202 588 460 284 774 300 879 463 790 883 210 655 472 362 565 39 289 761 183 972 106 560 489 946 342 680 519 954 744 969 471 799 369 875 712 439 60 155 49 596 275 433 729 764 923 511 361 764 738 
959 371 699 388 899 16 320 550 585 359 449 424 30 971 674 441 874 922 553 499 916 12 385 351 107 651 390 335 675 214 370 829 147 802 7 3 163 5 666 45 7 762 701 507 939 123 529 308 830 267 908 519 668 836 638 594 312 181 124 439 882 867 132 995 177 990 782 29 150 263 754 36 262 777 905 708 410 730 830 395 504 688 826 855 502 254 475 43 638 618 909 248 354 710 115 191 698 700 842 805 982 484 27 99 759 780 909 799 807 477 277 324 971 13 423 582 761 593 853 996 131 783 505 47 553 385 206 380 601 853 919 645 876 598 913 844 166 400 428 10 451 491 57 912 732 54 35 722 223 24 437 29 603 340 199 877 367 352 37 129 728 539 874 388 849 611 935 879 312 417 740 809 403 862 72 379 327 705 702 132 919 333 987 658 519 612 960 104 135 43 599 196 955 997 127 17 791 524 550 32 138 336 525 259 777 256 184 390 562 812 507 613 712 488 768 669 458 996 528 598 459 308 675 152 16 618 697 664 358 416 205 69 125 412 600 52 217 315 554 745 215 273 541 697 621 91 398 899 376 361 225 829 700 828 356 649 514 748 33 46 885 488 580 430 956 576 473 433 501 980 687 969 797 452 667 714 888 797 998 251 921 579 644 592 258 848 606 638 368 843 752 906 820 722 132 994 210 341 519 244 544 650 442 993 338 2 181 915 92 643 1 477 963 279 253 503 205 819 232 535 241 385 705 962 835 152 256 294 649 333 973 428 89 745 613 81 488 764 200 252 251 434 734 65 152 536 598 599 61 189 581 921 117 529 147 391 786 448 676 320 637 768 861 473 99 484 6 879 998 840 99 314 884 244 61 230 725 580 799 83 877 781 216 950 510 787 681 650 86 415 927 387 530 651 567 992 265 946 190 704 102 599 322 245 748 847 381 16 939 316 880 22 627 828 402 945 912 584 642 838 920 558 944 597 724 663 195 657 170 750 501 444 276 444 472 947 170 609 337 815 42 128 648 464 225 994 628 374 102 124 640 712 756 683 71 534 238 439 451 174 101 400 526 625 168 919 793 502 255 923 3 474 60 20 816 259 420 814 24 966 771 789 516 579 242 406 63 103 23 209 237 843 518 909 699 794 280 188 137 977 
283 232 185 540 322 526 857 797 788 507 984 459 890 335 129 705 941 208 774 954 924 723 942 20 598 974 477 508 748 324 989 51 502 478 785 963 645 872 170 749 424 568 947 633 280 431 680 691 446 699 11 376 166 845 507 685 33 932 942 265 63 779 100 354 764 775 54 760 95 60 267 260 525 999 563 619 845 330 524 111 502 944 658 448 416 544 767 990 366 840 582 551 924 963 779 850 971 487 377 419 972 239 293 491 347 673 781 215 254 746 298 553 425 481 884 53 118 561 457 530 983 21 698 620 82 377 125 868 202 439 901 872 915 648 218 683 229 740 748 507 363 652 517 305 960 692 149 789 391 641 464 60 993 788 66 739 286 875 829 381 941 992 778 132 646 322 688 248 529 787 158 382 391 945 133 387 57 360 801 920 723 868 665 868 934 5 466 780 828 900 614 657 62 731 49 697 41 768 885 452 547 473 60 359 22 284 51 510 82 699 450 664 840 68 477 607 443 72 214 676 225 560 227 599 953 290 141 124 42 417 790 983 855 418 46 592 482 655 873 16 113 85 321 770 560 420 706 352 658 770 826 62 194 923 700 975 729 400 109 789 224 304 271 45 576 994 651 212 70 543 293 253 602 712 15 636 925 163 753 975 229 203 900 222 617 798 296 519 393 916 764 953 66 368 307 322 566 653 925 504 731 125 696 283 688 253 766 698 123 632 999 821 111 353 184 179 251 161 298 605 423 87 147 143 414 212 482 556 699 206 984 809 602 229 175 266 48 346 83 283 348 160 530 503 524 328 21 183 956 585 886 838 169 603 251 515 826 477 107 65 749 727 240 371 60 379 667 57 162 646 511 681 135 223 229 170 832 281 190 714 344 725 185 55 222 742 791 227 1000 716 148 156 883 78 520 337 637 361 587 823 96 908 555 36 636 523 161 105 165 525 1 806 846 406 952 233 148 106 788 155 226 16 237 700 649 130 44 755 18 595 930 503 273 408 942 155 395 463 7 195 106 857 205 819 560 501 26 395 411 376 213 526 5 406 41 808 613 974 17 150 81 927 734 624 405 249 69 906 932 561 508 923 225 742 524 665 596 209 79 8 25 20 901 950 462 579 475 228 794 333 941 79 975 195 732 302 732 692 875 391 
519 497 353 314 687 370 155 810 237 366 794 205 215 294 161 458 957 633 741 93 727 369 419 435 477 961 384 379 846 326 771 716 753 278 731 807 144 936 512 228 582 935 71 346 501 146 206 491 301 160 14 300 420 231 342 445 344 539 518 762 998 238 830 823 805 514 243 87 634 449 738 156 944 768 224 265 842 653 164 589 389 105 752 653 686 746 814 277 65 983 83 114 165 34 714 990 143 305 225 401 655 452 498 59 815 374 656 916 875 251 392 849 565 498 712 441 403 94 784 842 952 379 808 764 456 269 924 647 481 432 858 253 653 571 487 580 803 174 811 993 293 461 540 903 703 615 316 978 446 983 200 367 605 943 728 629 161 800 474 820 813 721 361 925 505 858 713 348 41 494 371 60 531 266 385 65 168 822 606 262 77 607 374 620 19 937 674 57 561 558 808 636 591 333 110 154 751 143 661 258 403 863 867 248 410 828 787 695 729 735 604 79 471 989 280 747 619 679 638 795 336 789 414 255 762 652 978 608 447 417 167 652 836 970 182 740 20 757 872 276 163 344 244 217 344 639 701 761 183 488 996 943 226 715 331 79 823 946 529 125 996 368 219 706 181 519 30 273 259 741 755 182 713 265 84 163 142 78 774 359 293 892 493 240 103 624 222 889 50 108 963 331 446 770 969 385 386 591 777 195 175 71 67 532 783 88 145 881 912 674 790 667 929 437 105 873 640 712 415 17 348 386 848 238 807 291 177 466 758 634 995 406 194 79 340 136 767 188 947 405 389 832 381 506 423 615 95 796 960 556 602 80 212 599 616 775 67 64 479 354 109 979 938 776 622 955 854 812 399 8 337 90 105 950 336 612 707 555 931 223 382 886 957 359 605 109 619 74 976 371 765 279 928 71 824 490 434 460 763 859 345 686 507 434 739 703 708 460 230 348 631 355 358 535 581 938 86 65 63 585 863 597 279 743 964 130 369 564 359 672 181 177 133 418 148 971 299 611 144 364 81 419 919 973 880 245 962 358 844 676 385 202 3 178 242 568 286 35 709 814 48 193 352 882 671 117 757 653 460 47 675 38 80 228 128 819 560 831 735 804 346 241 436 299 285 286 792 704 910 420 88 221 207 430 351 542 423 637 990 638 
754 22 711 532 918 507 557 390 265 991 633 506 687 957 936 798 687 439 0 24 221 914 799 540 18 805 853 754 598 323 332 673 989 667 380 48 38 2 222 679 662 663 710 729 370 89 264 776 69 165 904 72 28 418 942 788 273 274 676 94 954 543 630 87 388 592 309 754 303 997 847 914 201 23 651 411 800 959 580 448 406 508 874 671 407 162 953 796 834 852 593 967 269 382 564 48 434 403 613 583 592 691 184 235 242 390 445 281 899 302 585 773 296 309 919 378 675 735 294 94 74 11 982 771 967 145 410 645 694 348 689 264 480 17 574 974 240 697 952 45 274 517 852 439 654 53 635 80 754 255 667 83 34 621 165 300 486 918 515 868 256 128 144 394 754 23 748 131 630 213 441 547 841 448 402 847 469 37 163 32 810 74 372 565 516 230 448 577 43 9 335 84 764 325 153 987 122 260 640 804 501 142 219 716 905 710 685 483 179 609 170 145 147 446 190 505 683 30 796 89 893 796 268 568 923 828 514 82 236 924 887 949 808 430 75 831 96 18 256 555 271 81 856 103 773 875 200 912 314 288 738 714 818 522 508 741 962 603 954 951 631 556 766 0 264 293 468 956 400 711 497 612 814 409 510 721 279 510 199 630 821 202 238 611 768 123 332 596 694 59 405 16 68 119 197 311 356 807 0 376 328 342 940 724 507 872 998 138 852 17 932 345 439 713 939 773 850 797 743 554 904 242 659 751 108 698 495 643 190 780 294 497 404 473 65 306 32 464 524 464 269 502 821 668 572 98 363 899 477 616 847 278 436 566 189 691 192 381 529 167 876 768 81 715 741 887 590 556 255 125 677 22 114 971 409 518 658 371 395 109 804 495 541 456 265 780 958 728 21 737 774 678 885 87 650 206 77 976 137 399 823 507 671 380 450 520 452 152 63 898 865 852 422 673 958 188 808 201 67 732 458 830 74 491 667 730 867 141 611 579 291 564 795 99 413 862 837 975 606 41 990 849 774 544 718 737 866 489 77 570 529 350 932 938 782 599 907 963 229 142 340 211 448 45 438 484 666 841 138 164 582 446 76 493 91 806 623 310 318 120 303 85 606 604 485 200 577 974 492 121 553 733 495 356 771 526 502 291 870 77 
464 106 523 981 964 848 453 759 44 725 224 161 902 26 7 264 953 256 157 579 534 562 755 597 667 815 187 936 353 783 994 500 621 659 514 286 237 588 490 813 281 236 578 595 372 793 667 366 481 780 50 29 339 926 272 127 711 220 900 92 217 422 69 395 594 788 329 377 452 910 80 781 142 576 4 968 885 269 861 672 807 665 804 662 421 974 281 52 689 917 61 156 727 545 866 233 705 364 584 709 119 818 917 442 823 674 697 791 702 824 488 906 106 846 982 518 804 300 254 517 854 967 396 481 315 792 130 978 663 81 506 533 955 347 448 573 171 496 737 760 156 468 109 161 858 688 80 530 815 86 204 605 800 985 731 748 996 840 305 994 746 786 791 464 193 467 214 889 504 859 723 92 402 416 177 520 77 78 367 191 523 514 514 49 242 438 810 163 626 681 535 856 945 891 822 711 735 903 211 816 721 589 183 191 154 519 717 404 461 845 886 96 178 387 282 301 154 22 83 563 910 397 430 63 678 132 148 24 759 783 703 23 99 174 174 943 268 995 18 414 989 894 614 600 344 332 174 676 777 896 503 668 490 901 626 658 396 631 17 41 159 272 432 290 530 153 164 500 82 256 166 117 205 341 243 699 586 487 903 506 81 596 641 647 309 391 734 828 235 866 132 156 778 752 504 23 880 423 346 713 317 132 25 153 186 688 662 694 73 633 793 373 644 890 127 935 549 198 266 404 990 837 367 569 19 200 596 281 615 607 687 701 367 309 646 853 815 323 35 286 947 846 533 283 638 898 264 120 133 448 938 861 860 957 855 900 517 864 859 298 781 166 378 793 69 162 590 670 299 123 931 396 101 41 469 4 216 87 319 715 43 371 931 273 937 961 278 552 867 421 787 542 453 506 740 445 862 507 461 69 170 337 758 911 886 165 855 630 578 710 371 182 150 634 94 672 499 166 939 703 477 602 376 285 208 826 311 206 140 52 68 528 229 221 546 870 717 433 192 390 273 4 703 34 196 495 378 828 875 568 90 643 979 58 769 201 254 782 759 385 179 142 335 715 359 367 609 290 924 771 351 76 471 851 496 830 757 341 858 232 108 990 108 416 133 315 616 410 863 605 699 674 29 710 374 389 282 597 949 228 
47 761 77 333 80 769 990 880 30 685 714 173 656 520 394 315 112 926 72 586 855 862 206 395 587 634 695 523 2 434 708 634 364 174 433 753 622 545 31 649 162 610 606 507 748 48 381 560 169 148 280 27 585 19 779 954 118 130 247 855 387 639 250 595 57 762 120 841 412 52 735 310 265 952 716 48 262 270 962 440 799 409 247 378 47 492 801 765 845 799 21 909 842 219 0 721 726 305 946 425 823 882 636 452 374 924 526 446 347 139 850 230 138 814 552 200 464 123 28 918 254 349 358 118 613 716 257 106 321 213 866 407 97 731 419 896 887 442 45 226 246 364 649 521 259 40 194 15 334 600 409 528 729 845 959 351 981 994 418 875 273 365 591 361 554 933 637 329 5 370 266 814 336 34 294 970 281 157 397 519 7 644 696 409 924 517 94 663 803 603 517 378 333 445 844 375 794 986 702 209 245 607 894 773 713 79 940 192 744 768 302 78 559 6 49 681 396 513 737 741 796 24 180 558 720 238 441 698 337 728 40 72 566 144 700 973 992 288 649 777 31 773 108 569 428 29 97 247 391 887 411 963 199 458 369 738 204 332 881 246 555 375 624 638 12 874 832 63 345 771 718 243 31 235 706 821 891 628 910 270 669 868 875 765 702 735 776 464 105 97 181 328 157 993 831 329 436 998 362 841 29 648 550 925 224 25 263 105 648 928 405 770 171 172 487 460 171 530 756 237 955 131 199 951 285 477 810 61 512 232 84 322 824 96 470 950 875 220 720 418 273 396 232 213 357 512 86 133 685 538 246 93 667 166 649 197 509 282 39 248 390 476 926 470 231 735 56 343 895 711 409 208 279 365 935 815 108 82 704 359 698 85 426 970 872 923 665 402 10 400 851 756 598 887 628 304 559 449 766 86 201 34 623 662 739 475 801 776 625 839 593 574 395 373 324 712 223 523 182 398 736 99 490 79 454 576 723 235 936 822 53 707 673 837 812 37 892 723 211 302 234 292 862 237 83 635 812 916 947 117 160 102 157 784 565 377 504 284 171 492 930 64 936 408 765 874 405 215 599 353 950 844 843 131 282 121 187 261 212 87 205 250 861 698 12 480 371 284 258 222 867 811 81 471 490 722 344 978 641 489 
39 975 974 187 211 843 998 31 898 395 719 519 959 90 126 459 796 484 841 389 63 982 88 963 886 254 162 373 249 375 6 58 285 437 546 861 788 867 362 530 70 114 139 285 513 421 768 702 649 181 22 165 413 697 330 888 666 708 919 611 748 326 649 923 276 187 395 873 547 735 48 149 623 645 436 666 873 10 992 245 25 696 267 310 205 926 45 458 379 48 191 624 544 660 210 985 887 973 995 274 563 134 710 838 525 634 65 181 508 150 194 433 374 295 472 376 785 642 212 332 806 934 802 620 699 444 52 427 218 740 517 449 706 879 817 413 993 258 966 197 305 356 195 281 632 907 343 567 980 771 412 849 648 51 972 329 470 39 475 1000 927 17 987 715 307 506 45 127 685 19 148 358 315 588 266 677 792 325 424 275 127 259 352 869 680 991 201 465 101 395 280 476 391 533 652 907 534 659 609 22 857 960 798 17 334 252 371 464 475 477 412 520 290 648 740 790 541 686 939 914 393 408 644 354 894 475 753 439 698 942 496 310 135 354 279 822 615 470 216 886 373 799 37 91 650 708 386 371 288 73 315 359 152 217 588 157 121 45 907 507 348 250 815 433 959 500 844 900 564 168 733 904 528 200 900 319 123 343 225 210 908 6 203 203 175 935 593 632 847 63 120 85 616 712 113 976 591 38 89 823 661 947 370 268 149 104 348 282 369 972 345 922 911 101 907 215 242 713 850 496 557 894 98 462 932 229 427 339 665 905 361 183 727 780 612 343 783 36 437 980 53 835 81 166 411 687 507 927 10 649 37 747 55 164 557 856 246 791 384 650 643 193 757 22 863 911 792 653 94 667 188 532 214 757 217 508 139 522 492 62 911 103 871 197 238 849 672 901 453 497 581 230 43 386 910 272 427 844 460 930 858 870 15 538 338 475 560 462 118 927 774 753 357 47 235 958 589 250 25 168 871 655 919 223 530 958 827 448 506 570 637 382 811 456 725 887 4 50 363 811 883 539 92 299 309 158 564 885 750 950 265 573 514 65 771 504 117 131 181 20 352 191 653 975 557 886 631 259 64 28 808 638 580 772 203 216 224 842 502 505 35 677 882 710 418 656 769 992 213 788 509 484 931 343 547 960 34 3 237 616 
836 610 807 42 296 767 153 380 647 754 388 757 605 813 853 526 45 9 682 111 482 18 882 979 758 64 458 506 942 113 94 682 677 253 444 985 190 344 193 855 977 556 490 756 371 13 637 925 203 427 369 721 346 928 477 493 861 25 26 234 645 833 637 464 39 287 961 577 686 871 183 322 814 154 766 523 331 793 789 453 733 959 199 825 588 707 334 339 79 230 952 199 623 36 979 257 432 587 954 785 540 573 583 215 15 680 513 864 837 143 459 689 42 713 659 318 139 308 549 340 633 730 102 634 905 405 796 564 850 876 19 86 427 63 289 813 270 557 217 607 235 963 413 160 336 994 949 941 366 52 15 299 199 609 591 870 874 431 601 850 631 24 595 194 291 869 750 360 71 986 124 738 942 446 861 336 340 131 365 953 469 447 417 310 880 813 133 720 682 653 279 595 783 456 326 111 299 856 999 359 134 844 6 862 846 866 394 765 641 405 169 668 460 392 246 602 98 586 248 559 301 4 477 571 380 81 296 660 67 886 545 651 815 420 77 839 849 847 83 592 968 193 376 993 705 559 279 262 322 34 886 781 865 493 909 909 872 50 953 706 785 647 705 756 230 757 972 239 984 592 476 990 601 616 407 649 12 411 853 708 840 918 783 698 509 477 394 679 108 767 496 655 235 641 697 889 6 391 734 939 145 976 756 902 430 93 44 102 245 711 999 572 581 721 640 72 365 589 362 567 105 636 365 227 627 79 248 363 816 27 373 569 945 607 811 372 658 381 854 197 974 907 969 816 371 179 407 77 511 172 887 98 949 807 780 205 956 360 230 958 640 858 917 782 246 709 67 753 304 750 927 475 430 542 511 595 496 409 51 437 276 612 810 272 653 788 966 608 52 545 314 359 764 455 533 742 880 911 417 93 342 698 35 244 284 735 97 831 472 943 436 818 416 130 117 492 319 491 162 575 1 665 493 668 373 397 23 227 551 192 267 679 499 531 543 601 557 736 222 169 808 461 378 29 697 820 764 488 394 462 334 921 190 581 181 484 227 631 754 694 773 591 43 749 398 927 432 765 663 430 989 771 459 14 202 353 15 413 223 238 779 752 900 552 445 13 251 237 973 20 629 913 681 873 612 104 682 589 827 682 
102 472 491 67 476 942 271 863 548 700 112 985 659 809 333 798 727 400 675 358 141 716 885 179 383 403 127 529 113 40 453 351 471 82 323 692 292 573 786 954 511 488 983 267 606 293 728 853 599 57 612 67 894 489 995 563 813 325 106 176 3 184 39 828 861 461 668 82 353 405 108 160 216 376 980 705 764 504 528 79 145 241 281 740 239 862 829 502 460 416 200 167 184 602 268 953 367 262 661 747 588 475 288 60 68 32 464 530 796 562 935 117 345 171 599 668 970 926 312 169 319 788 150 132 589 957 4 707 183 945 139 362 970 815 824 438 308 548 768 662 991 992 515 61 165 466 114 686 995 594 934 431 427 969 917 243 984 297 950 266 776 957 503 790 448 776 576 67 354 659 151 99 21 577 2 798 236 426 804 930 251 446 755 515 783 884 224 589 509 580 382 112 183 960 322 661 794 722 621 885 451 215 752 647 931 493 45 419 616 675 742 385 785 232 535 968 116 835 820 681 711 779 57 738 710 46 598 637 97 701 794 813 973 569 957 420 819 789 541 86 922 331 498 508 471 981 506 779 572 116 48 796 571 843 88 202 214 181 777 989 645 626 583 333 469 690 87 783 801 674 34 692 529 531 668 150 295 588 667 577 246 692 228 476 959 787 99 69 467 740 824 347 752 258 240 189 131 175 944 233 941 291 387 509 19 914 1 138 324 535 347 1 941 66 528 308 465 687 480 159 289 724 738 508 934 422 0 498 610 728 274 631 266 361 410 449 197 999 297 1 938 79 534 167 974 156 63 580 1000 446 22 407 756 536 458 933 548 837 444 931 137 674 644 119 577 178 98 281 618 743 820 985 367 262 48 676 396 300 177 821 797 33 159 325 644 655 552 28 860 922 709 199 843 860 816 76 186 821 906 966 67 101 919 92 571 957 275 893 343 469 518 933 977 65 846 421 351 615 318 870 626 742 786 916 838 547 637 599 943 442 907 352 135 564 810 109 264 841 517 593 178 951 355 389 645 229 761 833 326 377 541 885 439 948 602 109 338 14 979 737 456 786 131 831 10 409 882 497 370 87 300 293 106 104 998 856 544 816 385 336 55 277 474 739 624 651 852 385 917 427 317 267 1 822 308 126 360 17 588 821 
115 288 678 467 103 998 735 58 184 595 244 62 349 725 661 373 471 206 355 332 823 62 654 888 140 194 758 744 467 266 912 234 550 236 750 918 362 999 438 568 23 457 127 799 13 149 243 501 931 780 865 912 964 530 558 349 160 501 707 107 455 550 372 733 831 60 716 390 930 463 663 471 30 657 102 698 221 477 26 243 268 365 990 147 860 427 196 614 556 674 743 165 498 759 906 974 252 412 276 441 859 897 595 197 560 894 316 971 539 100 946 968 554 617 827 778 130 886 963 108 319 106 417 834 345 778 103 956 880 598 692 921 894 866 35 707 249 641 29 324 490 454 674 910 873 866 210 754 243 614 846 526 168 247 287 616 533 662 377 965 229 452 294 106 789 249 800 807 513 330 491 564 906 878 652 640 461 854 224 672 912 461 775 884 571 594 114 492 228 486 29 129 547 623 368 871 712 66 854 572 251 450 559 763 294 220 277 28 204 59 371 182 825 7 952 815 962 611 268 212 856 244 392 403 939 879 442 553 900 475 866 924 231 212 815 103 83 44 533 68 103 162 529 758 974 322 799 83 648 967 561 766 585 202 7 941 767 304 167 476 556 780 713 411 299 162 803 969 108 273 818 716 275 435 689 686 71 580 747 971 755 664 720 996 719 524 983 692 320 390 586 933 277 929 441 568 52 95 291 370 815 8 52 565 782 400 544 142 944 206 271 446 17 111 716 158 824 192 886 917 721 723 801 673 276 833 340 7 553 966 500 216 719 344 882 414 850 811 503 72 549 233 731 160 12 366 238 453 695 116 985 52 758 111 828 947 95 946 906 669 891 178 192 393 462 335 933 626 197 662 874 500 871 395 696 395 261 239 895 15 429 282 793 12 627 900 97 376 766 455 405 515 693 887 500 511 271 916 842 154 984 214 105 587 504 93 899 836 354 594 194 233 5 596 497 720 590 510 101 329 562 906 942 263 446 738 552 397 3 302 188 854 579 269 601 768 318 731 554 413 207 153 357 497 985 488 831 517 310 676 173 418 595 607 132 884 339 725 467 238 739 186 545 491 551 295 795 639 118 168 636 901 931 297 356 493 335 765 914 627 763 908 290 504 412 243 965 708 580 257 674 577 240 548 200 359 726 21 782 420 
441 225 143 649 337 581 170 336 157 338 586 557 696 262 854 774 17 218 291 542 33 924 96 140 10 391 182 825 769 901 550 168 646 442 237 166 941 973 237 651 312 227 451 170 862 461 969 420 981 54 615 707 434 329 177 428 922 613 740 884 702 803 138 753 910 457 750 807 492 482 480 333 564 534 256 225 80 508 59 790 268 812 459 803 77 935 302 860 849 590 765 580 702 349 387 12 866 763 235 514 98 398 923 517 18 941 527 201 406 850 213 593 310 359 985 912 728 793 137 793 561 33 432 398 120 721 806 38 936 564 967 661 402 298 304 145 290 518 840 248 196 197 264 688 863 734 150 33 81 75 564 306 183 959 120 215 470 597 436 931 275 555 847 773 741 46 666 147 903 503 655 278 898 790 694 80 682 780 668 621 99 796 15 362 388 866 796 518 731 713 922 959 308 271 284 238 677 668 170 617 16 494 505 259 981 195 699 499 686 391 298 370 553 785 955 636 464 415 677 382 540 88 118 156 962 505 64 448 572 543 805 172 597 928 968 352 639 321 124 500 667 665 894 663 576 693 858 558 122 880 32 364 835 505 446 638 234 448 926 17 543 28 60 746 943 830 134 78 361 923 503 56 371 841 230 774 140 584 531 403 701 556 860 265 149 556 518 280 278 794 708 328 716 808 506 877 747 51 548 410 951 983 356 101 615 228 954 911 912 900 317 457 289 989 118 272 786 500 861 649 448 401 957 366 121 292 195 170 593 999 26 8 485 111 35 696 607 811 247 693 786 893 883 758 625 292 299 749 666 469 783 640 55 594 673 867 883 744 306 866 410 872 675 906 890 23 867 235 487 385 791 276 720 274 751 87 238 608 517 792 787 950 165 344 611 377 785 706 442 349 85 400 695 435 794 945 654 659 618 256 95 471 539 645 675 698 126 391 958 336 299 374 679 296 589 762 895 764 319 673 914 272 598 513 102 346 579 824 530 455 795 873 520 246 598 918 349 727 152 932 826 121 578 780 895 838 382 820 226 322 332 38 963 853 943 183 268 960 927 540 223 967 818 536 870 300 128 974 254 623 865 222 193 906 845 671 434 718 939 646 902 495 484 915 101 513 925 992 584 724 917 362 761 912 249 265 410 876 475 888 
942 295 153 168 675 213 925 51 224 955 194 684 612 152 674 122 464 937 216 467 221 154 460 97 450 681 365 441 28 333 605 473 75 292 686 82 941 512 191 869 66 623 740 403 924 388 493 626 211 428 305 462 841 322 427 863 320 58 892 859 727 748 260 106 608 563 232 356 439 909 922 836 222 953 548 858 600 121 881 807 866 975 326 618 773 976 632 985 613 343 769 973 113 142 975 369 673 905 573 123 158 498 683 818 970 154 95 16 706 2 740 767 966 633 746 762 43 941 396 653 487 86 72 94 709 985 782 243 743 232 742 598 615 524 589 704 939 603 669 826 555 746 704 580 506 887 328 284 205 149 435 719 308 630 373 95 810 301 33 125 607 572 516 580 35 510 357 997 98 945 928 921 600 127 538 845 803 806 983 107 280 726 689 869 41 253 195 138 317 125 54 912 909 400 522 457 43 3 429 368 411 887 606 506 190 841 975 13 30 646 304 77 589 142 189 4 542 89 538 550 141 772 330 40 452 67 72 357 561 875 807 92 606 907 667 436 761 58 411 292 59 507 779 244 713 806 590 333 493 356 260 183 848 101 809 906 783 716 343 554 821 301 117 713 777 1 863 99 82 867 96 806 71 465 484 337 77 42 216 261 522 586 945 705 850 461 69 131 290 747 545 319 473 273 149 389 561 917 439 499 522 766 149 425 283 168 854 278 334 678 662 961 412 692 368 888 445 703 32 743 712 414 90 457 791 903 247 857 365 213 859 327 289 138 6 14 965 619 1 32 912 214 746 971 264 692 263 770 666 766 951 676 72 578 271 248 788 137 639 26 269 169 349 32 740 284 368 682 426 594 287 598 854 122 918 966 628 701 51 898 955 208 349 184 170 638 726 64 869 402 576 961 449 406 371 854 747 910 702 214 887 344 241 40 81 663 296 615 360 604 78 175 360 684 178 221 970 935 941 204 972 342 233 41 945 840 34 364 257 985 43 693 81 32 765 875 304 968 993 964 764 460 741 789 982 59 561 669 107 548 1 281 966 960 701 689 304 45 664 535 558 628 455 687 783 670 729 986 623 182 576 957 789 649 450 461 644 800 532 619 79 427 431 182 341 345 841 365 224 309 799 787 719 615 3 52 796 310 84 213 
693 175 739 670 6 580 97 69 272 603 593 651 953 316 494 8 494 943 773 256 224 313 637 820 970 354 394 89 896 532 953 310 991 155 912 600 621 279 109 337 65 585 858 325 451 683 775 643 879 135 184 580 140 192 791 262 196 942 18 658 459 922 471 840 26 146 997 96 725 388 422 202 814 496 929 762 562 579 129 549 257 965 88 806 784 843 186 666 876 687 778 963 426 89 625 944 799 555 829 517 355 466 90 784 447 622 541 133 105 211 222 159 852 46 447 290 17 100 251 470 300 135 488 330 878 952 943 976 732 814 731 523 606 995 642 271 111 940 383 240 997 305 427 120 324 729 603 260 968 158 323 127 451 31 642 686 117 676 708 197 459 683 916 554 995 58 308 64 690 844 493 464 782 151 158 435 728 839 635 167 774 620 151 426 821 340 320 58 203 97 635 560 645 384 998 300 972 203 771 901 771 552 783 544 300 670 309 584 621 161 580 141 55 478 884 699 405 502 373 17 244 242 325 451 654 329 706 301 411 682 295 662 549 163 794 781 401 496 334 224 262 889 303 775 475 760 763 439 201 75 335 984 245 377 345 445 54 783 186 958 161 759 707 899 321 939 710 605 481 399 214 60 696 791 693 270 77 894 543 130 670 83 435 664 358 919 3 344 988 991 133 577 975 316 214 551 302 293 90 304 843 177 592 410 273 700 299 536 904 947 787 351 304 563 661 923 798 743 552 669 965 558 923 515 602 980 264 619 183 532 854 828 312 463 295 306 344 325 30 685 941 237 96 0 560 993 795 540 33 578 404 781 403 611 139 654 758 721 674 641 136 572 163 236 786 391 873 952 758 261 117 574 28 452 398 639 245 588 713 70 295 751 65 519 675 964 482 122 767 945 627 791 541 916 34 108 952 165 498 839 782 664 335 309 252 560 265 697 33 339 896 166 235 128 889 809 718 871 460 627 732 550 278 857 371 681 750 957 43 533 360 409 634 956 80 891 789 226 917 887 982 766 515 118 17 628 823 818 197 445 98 226 460 133 690 486 834 857 389 552 424 181 787 695 326 290 853 165 671 327 82 351 735 376 574 702 521 809 907 178 694 616 345 302 799 118 819 686 58 560 38 73 70 979 331 472 229 522 260 655 
471 714 730 592 96 291 310 31 24 472 263 758 486 364 127 663 138 40 504 815 802 930 944 637 783 71 696 851 820 284 815 745 842 671 673 879 217 921 942 347 809 48 239 211 247 40 179 491 923 90 164 440 918 18 876 922 751 311 880 871 587 331 160 639 706 311 687 963 153 887 849 314 787 795 797 775 112 956 754 176 968 425 552 931 586 998 253 710 491 716 769 98 716 99 467 856 681 746 64 574 129 961 105 634 870 816 483 369 520 858 12 661 519 688 50 607 950 681 339 945 93 648 342 55 939 3 33 964 550 351 45 217 428 322 757 15 423 78 962 771 522 585 134 619 509 588 801 603 249 328 394 823 814 868 295 148 293 90 644 319 897 540 957 989 611 349 675 678 770 475 403 91 946 676 318 250 258 847 596 447 917 276 138 745 846 260 554 684 567 199 188 641 296 675 192 27 584 120 839 799 240 627 322 429 658 328 247 721 916 750 843 873 95 986 457 375 137 460 383 700 846 486 524 297 97 570 972 972 871 243 980 66 491 987 695 303 744 175 439 312 994 588 314 794 216 842 109 964 67 119 585 898 897 103 565 91 184 249 39 484 485 533 8 896 421 554 552 356 197 19 330 42 675 73 158 599 4 307 162 469 850 895 408 657 78 124 23 512 73 18 454 82 252 901 675 942 546 20 669 831 504 785 236 31 529 621 957 640 124 165 363 870 286 713 260 382 238 365 46 562 288 337 585 600 953 365 129 556 414 717 440 996 524 983 531 110 842 841 676 190 610 716 442 852 344 640 485 556 486 689 861 400 259 494 810 233 554 453 755 433 417 760 809 938 950 579 914 482 720 423 342 747 333 398 198 841 321 238 208 726 260 909 589 856 497 298 97 929 318 266 906 873 67 95 711 122 903 72 895 851 534 806 904 116 988 909 693 856 572 411 206 408 879 925 328 474 722 690 947 438 349 714 902 720 429 487 920 365 532 120 391 673 830 490 886 134 723 617 389 996 994 786 481 194 639 43 554 21 967 821 958 216 585 841 558 373 988 959 951 683 95 898 789 945 530 443 997 280 584 365 762 944 98 597 46 973 728 874 996 540 507 676 642 210 994 450 837 820 730 603 792 905 123 21 759 816 560 128 401 9 
111 452 381 140 766 877 27 250 830 508 337 385 924 740 538 708 41 21 285 757 904 812 839 219 994 143 480 213 317 971 819 393 988 374 416 707 909 655 300 473 412 617 265 113 892 59 379 788 59 925 271 196 68 359 983 632 31 480 391 296 268 61 524 176 733 685 10 789 652 577 12 352 615 740 869 611 21 138 767 646 272 454 887 661 812 595 180 192 339 442 207 367 289 993 873 543 534 138 723 765 338 877 772 827 783 851 556 907 654 133 755 51 195 336 938 804 887 139 240 198 686 415 519 651 48 990 895 821 59 466 697 471 992 254 571 119 521 643 336 144 942 322 22 606 344 498 23 714 634 979 612 78 128 644 697 431 225 587 497 43 890 461 671 351 529 575 821 72 35 43 692 578 9 86 44 24 220 231 762 56 352 395 137 868 582 49 21 584 758 522 658 475 65 458 640 711 972 931 712 410 380 259 469 5 837 217 190 767 602 6 900 9 219 491 381 841 985 382 216 260 697 720 58 370 97 140 568 12 477 721 743 702 825 148 916 957 820 228 637 104 716 353 12 720 41 613 648 284 412 366 888 96 300 705 794 749 343 402 868 441 887 129 908 601 997 834 126 729 110 377 599 57 131 799 530 939 343 619 161 618 946 314 829 962 11 165 330 625 335 338 921 861 590 988 971 209 320 467 968 790 30 249 10 145 633 484 441 218 334 903 176 50 784 403 700 973 715 886 925 110 190 902 95 295 683 795 955 651 975 839 450 252 787 992 107 500 665 653 129 785 543 492 564 922 801 890 584 134 377 144 119 768 82 341 880 225 55 688 743 705 144 57 426 127 222 781 254 300 365 602 0 98 411 357 383 727 586 144 833 88 842 210 793 340 311 555 950 992 189 421 500 626 738 368 254 890 494 839 542 521 128 150 506 400 111 856 28 735 153 16 777 208 788 689 938 154 812 590 54 942 87 981 154 51 941 101 885 81 456 175 176 500 5 101 814 696 867 796 188 304 261 883 390 591 486 664 357 787 441 40 777 625 427 0 631 942 449 835 874 414 5 132 797 376 474 258 121 245 567 730 755 672 156 336 214 949 120 629 430 164 330 937 276 457 507 13 925 171 133 435 626 452 453 906 644 518 823 736 291 458 
339 363 311 266 76 454 570 230 535 763 181 481 941 604 760 458 999 307 632 587 453 9 447 516 286 242 686 132 91 198 835 686 96 793 195 802 721 41 438 273 287 484 384 99 817 542 772 117 607 615 373 890 772 262 347 630 212 573 50 759 229 337 579 658 848 1000 142 11 253 944 739 636 287 188 902 19 470 377 101 703 830 355 98 538 434 394 179 630 384 803 360 702 153 907 473 859 327 786 698 582 20 571 413 524 791 473 540 109 547 103 288 371 206 453 472 468 128 530 588 273 970 724 164 715 185 704 526 244 670 489 722 671 592 292 658 3 874 900 959 325 729 126 654 211 57 680 226 655 236 657 574 488 520 81 100 351 856 20 711 35 604 806 437 318 539 438 365 724 711 968 415 597 530 955 467 10 379 919 695 768 281 657 843 563 965 806 95 519 951 988 473 674 268 145 798 750 747 840 522 215 761 150 795 465 564 480 318 955 212 0 762 820 52 588 825 918 427 83 483 941 972 283 51 987 569 801 46 849 828 752 951 764 586 101 158 150 958 318 979 791 688 620 186 972 818 420 88 437 449 677 87 291 253 190 177 726 298 384 385 805 266 723 288 711 907 599 924 529 860 454 400 45 729 247 427 858 90 491 891 166 252 853 278 631 98 363 468 581 975 871 633 479 431 4 535 349 223 772 580 128 326 851 274 760 83 882 856 998 393 411 838 515 944 740 344 820 945 18 260 966 538 791 687 435 337 610 253 171 963 800 805 651 922 475 65 513 241 375 923 793 344 268 713 903 732 698 565 384 807 540 938 71 257 867 589 982 609 385 377 866 173 979 254 928 844 196 99 631 899 367 144 838 22 174 807 701 180 114 748 511 203 206 992 97 729 893 470 331 142 811 515 690 198 240 343 48 746 866 883 770 259 430 74 96 175 181 398 651 230 327 482 215 131 717 975 912 503 948 183 272 204 108 788 351 856 493 47 175 305 343 735 510 516 500 707 618 499 996 149 872 84 322 194 729 824 998 545 446 707 665 620 411 115 363 836 428 712 675 459 459 108 85 568 960 101 859 861 52 388 560 984 382 660 936 333 104 699 601 795 743 566 447 656 471 298 318 725 984 479 263 907 216 581 365 45 975 875 375 880 33 
915 593 604 754 817 827 377 93 248 725 77 812 797 515 272 321 899 113 131 765 331 896 340 337 843 466 777 735 796 809 945 165 945 128 293 635 652 51 246 790 502 778 359 719 861 58 175 120 540 659 410 922 568 452 51 447 859 693 204 550 845 328 714 439 633 582 872 944 183 421 814 991 860 925 443 865 454 264 811 476 495 476 38 290 399 907 583 93 194 572 685 231 89 899 375 414 37 977 111 513 284 920 139 835 610 797 453 906 556 19 891 640 816 362 413 217 342 191 193 804 965 380 613 104 184 74 82 219 634 342 756 197 843 59 507 937 392 632 538 236 198 965 253 544 474 97 951 890 704 313 555 876 717 975 39 150 878 533 784 566 921 712 468 567 892 496 765 766 929 701 856 440 52 967 712 977 781 970 942 485 782 588 647 857 973 506 931 945 545 575 363 431 432 107 236 433 450 12 270 151 661 21 968 623 373 33 382 147 291 269 458 599 358 191 137 494 642 811 581 766 101 268 450 40 69 42 25 611 52 497 9 445 186 373 302 307 852 817 777 185 985 955 28 246 388 30 833 793 127 434 749 982 471 30 515 765 238 27 533 132 623 268 172 844 242 17 838 563 800 914 367 959 487 505 284 417 652 460 772 946 315 383 774 581 411 360 887 733 722 576 439 487 431 791 149 74 370 727 328 354 615 858 439 32 639 284 202 531 647 879 254 419 997 740 73 588 161 247 458 442 657 76 340 224 969 321 641 50 134 321 128 21 665 827 11 408 366 524 816 745 442 694 740 959 483 632 383 979 741 711 525 236 582 734 383 494 546 148 854 781 88 127 448 893 16 253 710 960 592 238 408 337 856 692 144 591 504 375 425 949 878 493 459 414 353 516 539 230 940 274 505 735 552 472 665 701 915 710 643 807 513 406 607 853 408 39 207 817 581 573 39 313 559 546 413 45 135 51 190 555 704 717 661 89 430 908 420 431 848 904 707 483 545 544 716 659 921 99 327 943 655 540 555 538 480 547 542 383 968 23 573 455 429 345 27 608 998 304 74 884 825 990 566 975 120 852 571 773 502 150 708 882 828 248 19 668 260 331 627 680 409 485 662 716 804 632 954 163 85 714 519 465 598 219 417 187 374 732 82 102 
282 245 709 826 445 399 968 884 743 612 978 482 210 916 913 528 835 521 398 60 388 991 487 49 203 968 905 448 315 780 520 418 291 3 358 905 883 707 372 150 775 654 887 736 192 796 596 355 74 670 661 934 655 33 815 594 973 526 779 745 425 235 85 997 713 620 370 467 306 957 553 62 295 344 165 561 19 832 165 994 416 768 581 645 284 170 818 524 704 899 668 168 685 934 472 844 732 792 2 505 245 164 444 170 602 416 9 480 962 221 366 911 825 429 47 784 506 192 289 719 836 42 512 633 649 170 892 747 371 560 11 116 746 681 599 857 792 646 892 997 281 818 224 125 830 495 329 390 746 747 555 111 449 354 321 796 551 421 220 992 716 31 879 930 44 479 416 427 504 135 589 219 267 945 499 95 965 433 412 327 719 915 439 857 922 288 534 668 843 364 190 50 182 387 775 738 816 285 141 424 683 980 455 4 553 753 598 886 744 236 42 108 932 730 83 404 757 199 161 340 312 988 953 167 377 340 492 892 612 507 938 994 47 140 190 402 662 817 700 18 536 113 843 700 934 421 550 443 225 488 610 503 734 943 553 714 409 187 629 43 27 715 533 404 72 671 230 591 308 210 261 38 871 400 769 959 849 955 243 582 199 423 748 225 740 276 737 287 874 370 749 847 360 838 542 44 591 167 462 173 826 436 327 975 900 947 338 295 62 819 360 0 391 587 668 899 35 724 162 937 526 200 757 700 571 136 784 279 441 646 478 938 798 93 806 343 905 663 53 986 432 392 616 251 98 391 712 949 185 272 926 439 60 83 765 870 546 474 678 862 647 444 986 128 50 96 643 175 823 67 291 903 535 960 606 863 170 515 826 348 123 704 262 799 888 243 681 144 388 775 526 583 792 334 263 760 610 48 260 693 734 576 789 182 844 696 880 282 519 345 225 270 632 713 486 571 823 447 19 323 428 780 827 738 938 454 277 643 787 591 4 747 639 926 968 885 446 432 512 562 334 344 225 745 525 290 333 835 618 661 913 21 116 741 341 452 531 463 40 618 418 355 170 589 169 76 857 942 204 121 622 873 784 397 515 119 800 652 18 248 873 650 357 494 916 312 686 200 698 946 856 715 136 870 400 591 681 574 440 680 
586 351 745 233 961 527 892 244 808 157 928 958 854 265 929 623 515 665 111 589 842 680 938 809 278 779 981 141 819 699 168 905 1 695 425 602 956 259 571 586 802 144 944 340 90 881 422 735 801 70 772 615 514 586 562 599 793 583 382 339 829 196 126 471 431 415 898 830 809 338 946 44 804 493 68 383 571 98 219 514 892 957 160 69 956 774 615 766 52 782 272 971 115 598 435 341 21 881 222 674 999 220 57 629 975 929 461 882 584 319 348 88 939 895 794 396 421 188 709 656 239 490 794 894 710 354 598 69 208 466 170 917 701 147 653 165 88 655 680 985 184 418 226 936 551 736 543 77 956 484 273 534 777 150 308 632 337 458 771 315 661 138 659 80 424 311 882 157 324 644 571 53 739 473 496 51 420 457 787 964 577 230 692 790 711 605 859 393 720 805 131 63 199 28 659 111 256 346 874 370 936 432 259 903 377 978 952 128 82 556 565 595 872 65 949 548 919 572 300 959 396 317 814 205 51 617 767 354 695 103 29 62 527 128 875 647 410 298 211 970 546 348 528 138 483 222 159 346 623 638 8 885 882 506 586 351 1 304 662 430 862 666 62 837 422 760 667 341 599 905 548 749 568 490 219 222 666 329 659 182 350 153 249 586 696 476 238 715 928 730 838 1000 793 851 835 485 733 14 56 19 503 602 592 683 644 745 318 518 522 559 243 55 818 854 254 15 611 689 766 383 264 950 239 988 313 375 691 616 740 961 719 883 102 730 660 987 590 968 640 311 806 669 362 460 726 805 32 252 83 144 194 833 665 994 899 157 132 859 933 223 917 626 308 522 959 471 778 374 887 953 997 253 704 216 969 288 726 166 63 860 953 360 947 963 839 891 871 385 797 987 93 356 523 302 982 421 974 45 15 519 196 494 327 983 724 915 235 366 423 513 416 224 99 223 94 900 598 131 31 726 78 876 872 249 380 123 888 716 911 111 450 485 688 804 667 452 594 771 345 686 982 723 607 934 674 492 817 194 1 677 403 886 375 593 984 41 904 3 527 850 877 724 747 985 104 424 274 918 287 371 124 545 979 861 309 20 398 839 151 849 486 667 578 252 664 339 259 138 633 789 216 81 385 424 973 372 283 786 655 872 
855 420 937 389 187 622 850 429 593 446 462 328 831 406 461 469 145 805 59 232 423 972 623 529 23 626 523 769 170 249 457 940 838 123 328 36 85 894 600 668 645 312 247 414 489 374 228 41 274 404 757 245 736 675 690 343 848 630 237 935 776 370 149 39 796 440 684 528 624 569 617 87 285 425 108 461 822 909 168 618 661 776 384 606 509 811 559 499 56 135 988 342 111 199 40 49 519 106 851 646 627 353 832 103 579 139 451 355 304 803 522 10 788 580 42 87 554 458 384 401 303 577 511 618 360 1 99 776 391 591 842 647 238 247 521 22 436 455 711 985 374 229 81 306 99 528 442 329 763 915 752 337 231 366 411 368 476 180 924 824 515 497 771 462 570 358 370 129 369 436 478 45 49 996 576 686 414 151 276 177 308 413 364 239 682 10 202 350 807 213 217 399 756 0 868 809 382 968 491 732 648 662 365 183 290 936 138 847 300 674 221 23 205 656 634 554 467 603 477 847 968 682 904 194 769 259 357 141 527 500 430 308 864 295 906 886 122 68 560 103 61 815 652 717 902 926 655 205 155 565 656 247 921 137 730 307 136 653 889 132 363 773 521 368 766 845 566 613 578 880 869 24 16 586 158 887 290 652 279 969 163 420 705 675 434 557 271 998 992 236 715 298 649 693 547 493 793 371 845 47 107 788 413 913 738 971 888 733 420 72 205 950 264 230 430 550 329 48 388 891 102 626 544 488 665 475 893 813 302 929 932 606 125 171 922 18 850 594 268 5 273 610 801 410 750 855 668 580 785 569 815 452 246 151 99 223 438 954 198 633 730 99 142 380 140 461 470 485 844 713 941 214 331 210 520 519 30 599 989 938 217 792 251 220 910 435 562 800 890 337 237 836 501 24 127 820 357 674 339 619 699 298 770 474 373 114 165 388 910 411 766 480 593 393 554 78 121 546 868 837 998 144 527 98 488 221 627 145 832 148 7 792 744 219 483 837 28 557 328 41 546 155 801 457 804 954 813 996 141 40 531 91 944 896 584 466 364 728 356 124 559 135 719 777 928 793 594 881 959 913 554 190 941 131 639 123 647 729 379 524 159 770 795 39 535 780 201 556 579 680 782 701 137 618 939 313 138 778 72 78 
557 2 974 208 371 835 871 640 371 439 42 921 820 389 469 475 226 542 1000 391 677 698 627 474 472 605 941 121 345 591 971 271 437 934 757 582 774 691 237 291 178 708 175 34 670 911 621 533 408 293 413 600 948 259 408 940 953 951 575 102 942 454 76 563 538 686 495 364 224 619 713 404 304 381 36 563 895 551 971 155 258 63 576 413 142 9 141 47 425 320 738 617 505 289 718 914 500 388 446 77 984 679 90 821 767 518 672 723 815 516 732 807 439 54 348 317 957 440 321 538 868 280 336 572 350 773 91 763 279 886 558 314 597 681 855 466 296 441 600 323 443 666 738 144 970 365 303 253 739 665 577 564 817 510 378 377 138 861 320 688 698 10 876 28 368 716 411 296 46 482 201 378 572 973 704 955 949 75 152 184 407 190 969 37 112 900 324 565 516 142 878 169 192 210 81 542 437 702 212 851 250 846 7 134 880 565 506 634 605 168 248 677 274 445 537 322 241 127 826 897 736 712 357 975 691 941 284 207 784 501 250 935 231 206 521 399 148 76 26 731 799 700 452 592 770 391 285 612 172 505 68 865 127 401 626 500 898 459 606 529 515 455 680 839 242 766 570 375 324 826 331 467 995 665 721 189 773 339 500 355 847 500 200 230 697 686 154 872 332 766 485 458 658 654 126 988 718 641 997 157 972 773 544 824 959 551 198 630 476 963 921 634 176 74 288 192 632 339 371 220 347 661 727 342 448 936 375 690 281 628 181 778 608 597 438 583 740 384 531 11 169 275 137 86 719 192 815 172 602 844 254 274 404 524 379 366 922 297 445 499 991 211 249 213 918 842 446 18 873 208 961 583 173 747 30 389 900 3 983 541 439 724 489 688 150 214 527 702 326 527 818 961 770 187 938 948 817 499 95 533 214 907 799 533 972 532 186 142 311 370 465 604 310 602 890 643 523 935 217 354 406 395 251 800 45 15 544 627 244 141 982 906 180 297 373 244 910 511 740 983 998 980 532 391 906 154 997 688 850 901 476 171 36 981 13 660 24 228 382 133 710 20 958 906 801 854 689 837 230 79 421 109 292 595 818 927 201 818 36 540 32 312 559 701 255 514 72 119 927 358 142 139 319 464 787 35 809 41 799 875 
762 813 601 290 312 54 281 322 117 614 292 574 87 355 469 525 6 167 379 617 204 186 558 584 554 178 866 55 59 117 851 189 508 210 10 338 899 867 179 628 36 329 301 662 258 178 38 793 170 658 410 159 751 200 835 592 662 958 571 336 517 653 808 741 367 446 674 670 780 2 528 221 991 392 336 624 807 535 747 604 469 119 635 798 706 453 541 822 690 81 701 316 25 472 770 576 287 691 160 904 867 943 135 625 748 43 487 355 822 637 16 152 151 351 670 623 729 265 367 499 800 419 460 638 55 313 789 148 837 832 487 664 545 525 518 173 616 825 2 607 87 514 844 824 801 23 526 27 800 113 730 384 542 949 789 771 184 966 292 145 752 385 275 645 339 621 279 637 802 563 345 50 124 926 400 154 224 64 320 255 772 231 747 193 900 713 436 869 210 499 452 785 265 28 156 632 417 698 959 73 730 600 409 866 767 387 761 126 540 380 789 814 437 603 759 377 609 695 188 183 312 47 332 21 943 564 270 377 207 441 150 260 350 824 638 756 955 777 588 746 24 815 577 849 130 979 871 406 920 815 83 826 801 41 579 448 352 55 770 941 390 708 408 648 748 274 886 977 719 394 347 68 524 410 592 634 354 253 289 516 310 688 257 324 460 428 409 70 122 557 196 973 683 842 353 941 950 540 976 998 734 712 662 926 242 871 688 220 443 960 401 345 82 286 454 681 142 721 821 908 921 317 171 45 284 42 731 871 895 117 187 221 385 159 958 293 44 443 689 121 605 695 991 734 909 811 5 625 392 584 323 0 451 734 971 230 980 95 918 619 745 837 131 851 311 177 117 800 263 829 772 625 863 844 473 917 79 701 596 780 287 758 535 894 261 964 918 504 485 815 277 833 566 776 57 137 621 684 231 408 890 8 559 307 392 912 444 696 437 507 837 730 919 673 558 278 944 504 176 208 739 997 529 878 338 498 871 868 1000 57 561 87 470 635 376 686 785 868 14 285 192 497 399 984 681 260 132 97 470 578 111 342 12 226 831 783 109 160 730 553 796 801 394 946 68 715 417 949 113 886 852 226 148 725 339 836 473 200 630 863 653 106 405 304 85 916 613 777 548 353 314 226 929 46 111 693 412 419 717 484 
80 845 647 687 246 158 925 62 29 210 588 212 358 552 574 404 125 380 803 430 781 668 380 687 258 669 239 594 237 442 785 375 7 939 88 406 55 209 867 628 260 459 446 122 168 517 658 986 811 44 773 536 110 755 42 495 324 687 732 856 689 792 684 932 553 568 592 760 856 390 118 498 55 113 535 875 610 11 919 16 545 269 363 682 768 61 507 881 690 163 583 107 624 66 721 732 406 971 965 590 899 525 81 434 558 536 437 823 950 468 165 391 372 936 97 280 973 919 242 554 672 665 738 837 768 241 210 226 488 872 185 680 510 226 810 501 617 318 180 743 817 374 930 974 505 99 196 510 568 681 250 203 482 721 609 865 863 874 528 29 277 511 184 941 554 494 813 560 30 158 664 860 296 583 763 764 109 292 165 486 904 526 194 237 211 397 375 414 959 437 824 676 474 561 851 683 64 858 257 205 694 70 810 832 125 316 815 364 683 583 660 754 608 651 929 628 259 980 576 624 454 199 30 828 246 189 607 242 786 58 999 359 824 585 151 990 985 904 977 659 569 165 17 30 806 58 641 552 289 748 955 960 442 585 185 210 53 241 397 202 577 996 518 890 854 767 821 879 258 195 507 1 478 691 81 735 339 796 25 823 486 467 132 669 496 509 10 165 610 843 802 125 931 232 200 989 800 610 764 263 931 872 566 858 602 313 639 579 432 349 185 906 710 504 39 584 742 150 183 788 418 703 485 654 788 989 478 713 364 116 766 391 995 32 143 546 997 191 414 194 782 163 260 856 388 552 871 863 232 501 278 815 536 99 391 602 443 734 828 602 323 131 779 686 132 456 949 751 304 484 35 207 368 547 199 541 68 837 418 152 907 944 720 408 107 846 450 180 510 286 865 863 616 460 731 235 714 777 911 883 16 671 238 354 963 131 900 235 12 950 257 539 276 582 834 956 992 98 53 997 533 693 622 835 229 585 644 424 837 975 640 975 216 425 990 837 205 576 755 193 284 743 899 675 770 909 555 958 236 863 500 762 158 659 527 70 334 68 68 585 844 322 463 194 638 351 114 147 862 337 332 810 268 776 440 587 26 1 209 34 486 962 337 323 322 647 630 881 950 407 447 632 36 377 5 48 909 147 467 197 
828 268 852 401 313 541 484 458 544 542 244 377 663 578 801 81 299 523 718 855 492 970 724 430 538 453 740 346 148 10 144 652 566 209 828 72 365 781 675 594 104 311 885 50 507 757 975 74 467 439 239 512 295 37 742 366 942 291 988 17 603 752 192 791 473 440 7 490 923 63 944 595 105 214 596 104 645 434 626 26 582 436 98 286 563 690 993 235 43 715 964 607 933 389 146 501 691 822 906 808 171 715 137 343 586 66 533 834 475 717 242 831 874 637 688 918 997 751 982 133 798 363 956 480 331 11 813 193 223 69 149 667 785 2 967 260 873 293 914 340 53 562 319 229 515 770 938 421 748 752 638 481 817 373 111 973 369 174 797 596 367 742 224 466 142 394 175 596 201 480 394 284 316 639 578 422 116 877 97 150 242 226 503 655 421 658 158 409 965 34 804 151 967 477 232 181 399 873 650 81 624 824 176 756 826 313 356 574 744 902 518 904 152 156 57 714 274 72 397 150 182 864 279 437 277 410 851 244 338 80 196 188 546 951 769 791 245 583 690 920 380 174 589 373 595 185 162 479 362 642 522 566 379 743 705 911 789 728 199 810 134 874 438 26 621 79 618 926 495 674 650 681 680 247 106 17 918 504 579 723 875 418 125 825 423 80 761 649 358 948 681 315 603 315 933 739 179 651 732 831 323 358 426 183 836 917 168 552 246 680 63 286 911 693 785 14 172 174 741 906 16 354 102 641 933 456 439 177 734 324 962 598 282 424 754 107 391 137 366 988 151 616 934 984 83 521 482 10 632 642 856 727 155 776 343 451 735 744 168 171 466 377 98 104 823 760 412 545 208 790 56 963 952 210 259 163 542 996 643 140 156 487 785 184 359 127 32 328 366 333 338 360 587 846 16 839 345 942 598 193 888 496 251 433 202 618 865 495 571 354 11 317 259 982 0 205 910 848 905 931 841 465 393 197 492 798 686 550 137 421 533 308 690 553 51 36 939 600 282 887 642 365 170 901 747 525 618 93 29 416 210 323 345 59 495 606 629 158 748 741 549 679 572 706 140 310 388 128 534 76 823 888 265 69 54 150 255 582 774 779 269 619 978 793 406 947 739 264 172 816 230 303 391 291 521 938 942 702 316 613 
254 101 87 140 78 368 837 631 370 481 706 565 891 832 791 965 66 173 938 254 100 419 187 319 167 559 773 229 86 65 435 722 962 97 945 571 28 856 652 901 163 346 677 751 501 804 269 816 75 489 822 816 512 142 824 874 570 188 148 947 724 828 881 957 838 83 937 650 442 737 979 433 242 261 468 914 508 786 762 358 342 517 292 326 787 47 345 90 265 561 478 465 525 868 54 642 788 728 983 193 24 203 179 984 906 910 942 875 637 418 876 216 314 847 863 863 119 984 348 147 671 645 888 777 924 903 388 163 100 340 667 930 254 843 323 834 704 386 603 711 554 991 450 391 532 702 65 944 673 460 15 406 688 658 880 434 348 703 117 387 231 433 218 682 935 128 321 550 576 187 383 320 434 819 607 11 577 995 634 826 233 279 928 881 786 331 243 840 7 958 962 66 761 593 826 959 873 76 958 31 424 768 848 167 458 4 372 654 520 581 540 466 885 152 491 312 153 475 144 534 742 489 694 602 211 457 623 644 187 469 955 734 403 531 631 867 862 103 909 166 782 800 989 243 484 817 724 444 77 899 183 328 525 714 867 153 736 497 394 516 765 6 841 42 377 538 197 436 386 237 9 134 841 170 21 789 236 940 922 137 155 417 639 749 571 264 825 794 262 653 374 153 984 228 282 663 758 918 600 284 49 936 697 657 102 795 228 719 737 609 261 326 340 432 684 923 589 575 305 697 421 843 60 810 16 328 121 679 787 396 766 208 871 236 363 902 413 288 456 553 176 493 540 160 997 730 890 873 243 287 266 494 721 884 666 684 178 930 470 826 962 441 871 334 862 438 479 124 611 778 367 603 7 904 617 20 692 321 943 438 703 969 772 578 892 767 189 241 541 55 90 530 521 711 924 996 948 29 482 730 107 216 464 188 889 807 172 104 833 423 502 372 201 42 558 752 698 479 574 818 445 891 232 597 849 649 35 328 348 657 846 622 266 687 14 953 79 181 571 911 446 201 25 896 944 535 549 76 298 2 938 832 913 46 496 666 335 795 737 705 781 920 491 433 140 653 889 811 668 344 744 96 313 824 169 193 242 654 181 550 226 878 716 531 565 543 641 966 259 59 895 474 621 957 844 502 32 155 445 425 
267 990 645 59 258 783 112 827 741 374 332 484 304 722 539 108 616 73 268 36 849 232 54 435 528 567 363 267 176 572 153 533 833 144 226 704 916 818 537 925 93 138 683 382 517 689 190 853 251 718 412 871 572 697 582 174 425 303 428 821 831 755 799 544 293 222 795 694 847 770 954 493 866 262 423 699 995 123 177 996 565 640 749 954 429 24 131 668 243 218 915 302 816 100 127 661 534 389 228 524 562 389 899 337 9 242 197 303 66 110 159 947 631 415 307 847 248 486 144 187 192 461 253 677 706 859 691 455 280 905 758 750 599 395 987 502 790 846 870 21 833 688 959 695 41 226 504 504 558 999 414 190 353 828 608 758 34 663 536 715 497 367 728 746 949 636 379 210 243 987 528 585 883 767 428 554 752 466 312 512 591 632 578 684 263 957 45 120 270 925 925 18 653 188 936 679 405 17 626 526 544 603 522 564 196 295 482 676 988 202 54 586 988 405 704 652 986 81 798 924 668 129 788 923 785 788 48 47 54 714 545 559 141 505 270 358 881 706 259 378 951 152 511 152 115 47 688 297 160 191 738 92 789 680 226 195 310 973 767 702 921 249 613 688 223 375 469 593 236 148 573 904 109 408 333 87 34 390 13 190 205 710 693 313 975 267 282 750 260 590 484 620 226 533 75 989 317 154 859 897 648 225 793 57 626 739 197 868 268 421 469 355 265 886 698 491 995 344 498 786 379 154 877 22 394 660 76 763 397 102 753 568 849 929 533 521 389 673 328 922 574 201 898 645 577 535 785 559 962 934 839 482 118 195 228 984 47 953 954 633 557 116 613 312 96 229 18 709 892 351 436 772 438 918 324 465 131 200 337 292 602 413 467 34 362 983 637 453 129 59 952 392 751 981 403 481 572 533 814 488 639 18 826 676 128 318 741 657 54 279 475 990 772 116 376 69 667 166 690 667 370 153 802 554 71 157 458 795 39 519 134 175 776 264 72 619 784 7 694 258 459 368 839 988 727 923 610 136 130 4 43 632 91 460 36 368 118 798 75 917 649 936 293 461 183 537 360 766 923 562 807 391 522 220 912 667 499 392 483 21 726 955 458 270 453 208 956 819 365 863 86 899 960 459 969 873 596 713 526 296 
196 719 33 38 240 757 123 180 84 357 209 715 276 109 231 974 824 685 199 831 851 437 80 213 846 509 928 686 248 343 136 603 114 473 20 667 6 132 938 311 503 237 595 604 593 876 783 421 808 299 894 177 459 165 927 146 4 44 632 793 319 271 168 463 781 333 963 11 427 649 426 63 621 635 733 816 538 161 317 250 898 344 752 926 502 349 220 174 607 976 959 882 609 899 500 60 456 404 127 395 106 677 862 773 913 860 267 548 98 916 976 950 797 129 181 640 17 340 34 488 461 325 871 64 313 777 769 528 793 437 672 37 473 415 655 202 581 62 943 682 135 105 524 616 759 637 375 462 34 455 947 878 740 908 586 10 353 150 147 589 883 258 989 465 452 693 788 643 497 72 451 89 711 855 826 509 59 357 766 333 959 666 850 388 862 683 10 919 970 523 831 654 170 423 773 474 572 959 6 569 692 28 89 182 69 521 677 488 558 675 994 612 209 811 2 940 209 197 486 428 168 399 433 894 400 633 966 231 340 712 811 187 705 189 985 439 568 896 398 558 700 635 474 401 210 130 258 945 428 119 82 218 808 559 481 871 800 673 158 60 394 697 524 108 729 851 331 174 978 159 275 351 811 959 642 738 578 632 912 814 298 832 249 1 207 614 293 566 74 386 399 714 901 10 977 289 340 749 732 286 453 918 333 809 139 597 822 626 339 514 793 158 194 589 780 289 642 124 153 866 910 452 795 957 200 446 552 420 53 647 428 253 94 587 270 667 815 255 636 977 173 613 679 774 339 444 299 670 249 914 857 707 711 414 851 917 779 121 552 973 19 429 568 510 331 359 515 567 10 752 221 959 321 172 416 999 34 450 352 993 974 521 821 616 494 440 618 268 728 717 692 313 443 443 25 148 125 940 549 558 844 64 153 791 200 278 663 514 712 80 396 614 243 509 135 970 950 295 451 565 704 971 399 800 47 916 771 169 1 402 342 268 89 679 640 534 385 788 623 130 517 273 356 911 582 607 194 229 738 1 486 756 886 345 510 165 545 724 307 166 235 568 396 254 685 516 863 839 546 656 156 162 159 191 932 573 762 389 674 223 26 756 582 453 99 396 865 854 312 251 270 76 826 332 159 341 442 96 15 466 
597 569 107 182 178 675 616 870 89 534 462 939 771 231 214 876 310 257 922 707 902 24 642 897 449 595 486 262 871 798 784 429 321 761 971 852 363 237 225 481 150 379 804 602 903 455 515 9 84 24 965 158 488 930 952 216 693 493 840 91 424 733 413 469 288 561 211 64 925 899 699 982 747 919 994 892 240 235 785 357 289 548 495 751 272 699 514 520 210 879 816 929 274 796 447 441 402 354 171 835 825 621 60 697 960 627 80 855 308 795 222 328 449 569 209 566 544 538 461 469 683 596 987 978 99 651 555 973 730 675 932 182 342 911 506 491 850 829 273 322 466 148 32 74 960 729 365 437 777 700 456 94 856 69 177 182 772 522 303 585 208 456 815 704 614 884 986 0 212 621 323 235 465 493 466 17 793 118 734 993 536 994 345 611 859 435 106 51 345 335 912 858 569 486 761 596 277 667 892 20 392 36 973 272 229 949 406 885 974 321 437 616 472 94 901 895 999 430 941 481 107 831 33 126 997 281 427 743 753 798 173 323 392 191 866 946 82 255 526 827 499 131 305 862 742 706 436 252 142 944 29 636 846 491 678 518 461 891 379 633 146 286 648 206 952 401 802 946 429 464 917 65 270 392 500 202 138 967 238 843 98 156 594 767 383 876 629 553 958 107 263 379 542 196 166 566 24 191 769 131 814 942 605 169 698 826 145 347 457 248 752 820 412 864 740 373 457 118 814 723 844 652 808 712 612 658 506 524 613 943 219 685 141 3 436 126 313 987 355 759 576 376 750 24 424 37 864 995 936 335 626 751 647 442 287 372 580 384 481 396 903 607 639 350 106 851 113 582 1000 39 537 153 329 387 918 557 961 825 940 334 583 663 257 181 226 531 56 789 480 919 961 433 713 499 370 506 191 694 76 794 494 233 202 519 790 847 682 239 69 216 830 474 524 858 897 510 91 546 878 898 247 296 609 964 719 39 591 283 282 202 610 489 15 137 213 948 18 48 806 178 822 420 308 884 170 987 565 520 553 125 141 975 29 230 597 809 833 846 205 437 45 295 518 256 495 719 445 686 499 796 835 477 841 192 713 720 528 22 339 721 478 929 465 965 869 824 459 885 642 592 586 589 126 466 613 32 167 157 586 453 
446 902 53 543 616 724 926 852 303 556 500 825 602 939 538 801 8 76 454 710 372 507 593 31 291 952 625 827 890 348 506 76 600 335 652 261 433 167 327 46 667 937 881 873 9 110 286 769 899 428 488 872 735 642 197 506 247 265 713 50 139 474 872 438 213 125 149 323 821 794 632 476 681 508 231 458 789 734 32 625 299 663 947 623 826 796 131 882 375 383 379 150 210 925 646 136 947 0 896 832 51 246 126 139 643 248 200 248 648 321 956 967 841 467 307 461 152 47 484 853 182 86 271 773 299 587 826 822 416 419 462 414 450 370 387 437 119 992 393 829 217 403 80 436 901 890 407 198 782 742 827 850 793 840 409 397 922 478 895 303 794 465 302 12 983 278 714 149 747 326 106 273 396 2 187 471 108 754 971 609 510 687 194 316 78 558 230 220 933 873 773 584 294 463 868 67 949 744 621 894 557 444 319 467 188 564 481 122 256 66 72 189 268 673 0 70 343 350 192 248 462 925 217 632 365 657 677 914 751 700 420 865 806 391 485 736 348 340 556 483 89 733 379 882 180 600 444 84 888 999 199 865 227 504 582 409 627 521 566 151 331 742 222 695 548 522 441 694 820 525 935 938 499 40 81 544 558 644 654 398 856 321 297 442 855 830 26 41 909 544 709 285 496 434 866 723 485 534 834 48 969 66 371 612 259 377 58 192 147 465 748 854 419 180 372 342 444 445 892 795 231 106 775 379 306 569 237 682 867 967 643 716 940 846 517 190 438 253 333 180 395 251 694 546 814 560 395 728 480 12 462 211 777 365 555 84 760 844 921 596 123 917 805 158 648 264 770 234 209 362 422 696 502 539 543 953 87 196 591 309 462 899 808 328 159 901 787 459 886 534 733 774 285 453 410 439 795 329 803 144 228 828 987 59 175 283 615 591 282 237 649 851 150 279 129 548 457 876 734 427 772 424 66 7 439 985 891 745 728 856 549 76 377 932 955 457 977 436 411 243 96 696 841 353 853 716 574 807 266 568 593 716 201 277 189 565 245 876 825 222 716 211 106 736 889 341 314 780 271 589 597 303 905 415 397 280 340 591 342 928 30 986 381 547 328 102 181 776 257 108 461 569 91 216 443 848 498 439 640 218 
160 144 94 661 180 576 799 707 839 848 236 315 517 383 957 950 148 240 555 863 882 739 269 181 787 416 833 695 121 550 258 555 141 947 147 936 27 407 61 399 287 571 655 479 922 777 792 994 853 518 337 556 879 364 358 61 356 521 708 520 468 905 323 449 297 161 462 676 358 596 5 440 526 870 359 781 132 788 669 87 943 832 702 676 813 754 577 30 674 949 326 25 651 183 69 844 310 930 810 443 690 912 780 137 22 227 532 683 712 101 869 962 659 727 952 584 429 681 339 935 902 220 949 843 434 485 410 461 50 231 0 699 247 754 576 43 697 740 302 332 11 615 336 203 154 586 218 760 995 53 656 918 367 773 24 15 380 655 231 702 338 798 446 678 357 150 643 18 520 232 913 975 710 487 555 339 198 170 55 337 405 373 407 185 293 993 622 631 797 270 23 617 441 409 865 577 296 337 849 783 215 860 84 307 538 85 305 19 643 153 736 651 157 878 1 486 9 296 309 238 12 508 554 13 208 563 799 724 125 477 585 883 115 826 900 867 222 426 548 320 430 755 222 639 539 148 967 597 981 376 817 781 809 825 722 914 953 758 955 2 814 420 294 188 919 605 450 917 183 406 205 624 354 111 537 11 853 952 545 867 853 228 700 921 865 886 587 143 674 24 861 812 496 416 903 634 825 350 477 673 539 137 844 853 640 326 628 134 74 426 70 116 729 673 871 766 954 590 357 339 152 664 188 408 483 380 946 651 785 866 442 853 510 932 913 831 875 299 15 321 730 622 154 560 122 308 173 408 526 472 996 414 650 851 152 573 118 659 888 319 83 627 871 48 287 314 450 152 72 392 911 343 569 241 888 244 837 626 726 384 481 277 306 354 374 434 516 789 729 62 257 954 300 618 762 28 448 748 522 32 672 397 876 621 366 558 163 328 311 494 195 741 814 283 95 112 972 608 788 889 642 292 995 762 342 703 748 628 465 504 38 776 404 747 419 200 99 383 514 324 431 793 865 554 361 760 31 782 302 148 909 250 4 816 721 482 164 368 444 597 5 451 338 938 10 906 255 699 266 499 560 564 31 308 724 39 684 807 388 511 982 615 39 578 616 651 758 872 164 30 291 105 637 716 438 660 265 615 505 74 
520 942 280 697 718 251 491 199 679 101 724 937 220 619 829 911 914 169 836 471 178 326 247 808 447 614 158 512 724 601 450 169 110 561 876 305 539 352 828 781 290 303 100 626 880 508 264 554 693 888 855 31 931 736 746 494 788 953 382 327 777 955 838 101 217 865 358 813 238 6 223 889 368 754 869 125 172 56 482 83 367 864 739 253 621 182 916 514 918 215 619 297 681 206 58 948 231 543 38 652 994 427 829 549 159 329 711 233 997 11 759 836 926 711 444 48 460 963 681 575 597 680 154 832 260 596 464 763 837 574 801 9 585 791 810 745 370 45 167 521 36 217 172 183 899 791 963 161 530 405 384 974 425 680 372 885 203 737 128 626 349 400 298 936 525 515 972 165 630 439 287 808 198 822 867 489 303 968 894 989 391 644 70 831 641 640 408 275 546 905 611 201 753 196 695 929 643 36 684 135 625 913 161 113 388 249 959 866 927 834 501 783 246 326 590 293 723 292 176 46 317 578 260 627 151 141 366 32 155 762 159 504 972 966 620 104 340 320 22 107 301 305 911 571 89 775 620 116 203 184 993 190 61 349 523 834 836 714 193 975 443 294 403 43 481 91 966 292 54 544 268 254 719 385 134 904 576 294 192 403 771 960 363 441 911 601 246 801 213 365 386 339 548 854 127 371 868 24 674 74 223 664 14 358 483 582 236 875 780 844 956 864 654 469 531 627 239 308 793 832 261 590 82 483 763 950 52 868 32 111 458 674 124 59 987 262 845 365 899 239 727 535 303 122 547 638 389 619 902 479 332 400 471 12 21 153 71 492 745 306 288 474 577 570 11 904 749 874 471 978 495 557 265 288 276 356 249 542 962 187 578 916 799 598 802 217 562 625 388 898 427 505 350 495 552 906 302 247 514 439 638 899 863 367 446 76 611 152 544 328 265 726 389 472 56 610 0 399 281 96 156 835 638 366 612 251 843 110 205 46 995 965 162 249 416 770 230 393 150 315 830 159 973 48 356 65 638 932 41 606 51 865 369 734 621 274 789 278 43 269 740 960 729 830 867 386 58 615 449 885 470 138 347 501 587 434 611 357 281 439 123 95 449 294 567 551 561 460 614 104 385 640 283 434 677 530 167 384 767 587 
332 262 839 186 449 221 212 861 160 903 472 706 674 27 928 78 20 774 917 274 853 314 414 126 756 173 125 991 984 278 436 791 715 504 176 944 716 131 299 581 168 224 554 737 128 281 509 423 574 866 143 375 443 58 218 263 876 283 98 732 752 542 389 927 796 500 31 479 64 143 687 902 349 952 218 25 440 714 627 585 726 299 301 157 158 172 526 610 82 772 173 967 651 668 369 247 15 329 633 985 924 577 259 379 426 814 598 685 927 204 780 696 651 394 549 884 295 119 671 718 706 27 856 281 76 378 370 193 864 963 84 462 358 247 158 888 93 499 579 762 178 452 156 763 760 226 868 214 784 90 653 740 543 412 510 421 465 541 253 805 465 222 882 575 309 828 99 290 621 605 288 837 91 123 674 81 9 274 839 639 14 445 539 756 582 604 750 313 968 153 689 904 414 585 870 383 16 149 588 260 392 548 572 990 589 595 612 423 789 789 636 745 877 111 95 973 409 781 65 182 685 771 215 657 275 487 409 477 322 328 477 71 259 792 10 167 760 950 32 620 558 700 794 715 490 452 904 460 175 840 509 402 305 636 73 348 836 889 80 344 471 257 627 789 701 599 458 959 178 28 900 245 269 839 313 540 808 617 611 530 272 382 718 217 237 276 592 484 627 638 729 42 159 599 446 649 472 729 706 36 681 764 178 320 357 457 13 892 168 162 14 38 262 252 717 491 405 251 668 145 101 243 296 984 286 49 322 205 269 471 922 517 680 328 113 135 708 364 278 711 696 639 619 291 971 398 123 207 555 171 852 676 397 267 808 543 298 290 393 765 942 867 563 912 972 661 280 131 632 948 820 756 702 452 495 409 101 342 580 955 502 797 295 423 969 488 564 715 968 186 517 701 363 876 798 311 660 203 375 388 334 809 360 68 630 52 167 231 569 519 365 717 459 870 664 684 874 879 632 346 329 267 535 247 148 281 153 762 476 245 771 958 840 639 257 106 193 415 722 75 26 172 289 972 592 143 62 442 680 492 931 513 346 949 576 757 842 500 423 218 168 90 402 589 738 989 572 38 169 133 384 517 113 590 215 717 742 213 653 93 629 452 233 329 27 283 84 615 763 441 629 294 834 601 995 517 60 129 963 916 
572 188 246 3 233 446 908 173 661 245 184 484 893 231 836 856 937 509 589 497 774 57 679 6 54 871 34 849 308 642 640 955 32 623 845 13 812 625 676 730 749 798 992 190 332 239 804 977 684 896 67 921 640 629 450 784 359 487 447 645 971 523 934 756 977 833 859 812 69 951 459 47 576 511 597 268 607 94 93 956 529 856 404 200 61 367 891 244 639 591 208 992 885 608 770 21 39 645 435 608 966 28 480 875 33 194 112 205 221 284 126 450 686 928 814 198 947 744 907 348 178 59 272 776 341 374 447 1000 324 803 593 208 41 993 372 583 282 328 734 292 438 489 84 323 275 257 156 489 464 519 331 385 825 917 355 22 191 722 123 345 182 631 57 832 795 148 627 152 601 308 773 152 6 264 604 303 1 356 391 594 270 403 596 895 646 293 175 196 392 234 132 825 487 38 931 165 444 765 771 870 537 109 269 703 439 314 940 831 241 265 807 912 208 554 594 425 580 115 505 487 917 866 202 469 491 971 303 104 144 753 488 323 526 191 793 30 718 369 762 818 104 47 712 44 200 498 676 868 981 389 155 425 371 194 392 762 30 201 376 178 891 585 150 992 826 482 743 121 751 643 522 657 359 729 0 579 740 455 865 611 608 337 282 679 743 909 978 948 170 87 450 887 936 712 792 268 513 456 916 217 792 428 73 463 516 87 495 28 266 770 81 294 895 222 302 640 306 637 310 234 611 243 16 74 738 372 426 695 927 8 763 120 538 970 511 599 830 25 64 138 453 934 972 435 288 398 418 707 290 559 976 280 364 584 801 478 995 80 998 392 566 472 472 930 872 188 482 220 981 298 593 575 579 567 84 419 461 271 78 211 675 922 90 351 491 39 595 158 687 555 19 469 210 342 789 338 347 522 46 976 692 583 148 726 603 679 212 782 990 772 314 204 457 974 306 315 320 975 160 202 736 469 508 604 390 880 535 907 950 14 509 571 915 349 746 768 33 852 769 963 987 717 959 560 930 252 575 584 53 629 457 898 743 406 128 677 454 976 356 767 651 764 745 948 517 327 926 92 704 21 516 913 653 739 971 960 515 74 906 145 171 738 43 216 409 118 415 142 576 573 990 531 520 284 383 806 832 927 281 81 
371 855 97 435 770 866 45 128 972 243 483 918 795 572 889 460 781 608 226 609 910 394 853 27 888 27 128 880 291 581 9 3 546 670 523 101 250 107 255 545 302 512 642 700 378 321 782 561 916 444 572 781 817 332 893 941 803 114 836 820 416 243 551 676 737 697 209 894 72 176 62 689 732 991 402 326 974 97 701 558 834 115 686 33 437 374 351 405 407 192 810 553 513 567 901 336 955 534 427 205 240 597 79 185 140 360 464 77 154 211 861 61 877 750 829 289 590 400 572 524 189 710 621 819 462 775 719 932 922 118 545 705 144 438 619 197 646 977 890 401 848 66 381 481 569 394 697 749 315 78 754 893 665 59 20 459 734 975 785 124 990 611 442 811 883 91 558 434 495 89 637 533 139 488 601 69 803 107 950 397 597 761 996 982 253 55 121 984 347 770 741 199 583 203 993 281 609 717 753 712 269 876 577 455 621 191 188 111 172 582 718 705 205 692 354 592 648 299 299 695 22 527 651 393 919 118 749 389 629 285 823 974 462 880 546 111 611 490 236 331 284 50 730 363 523 975 353 81 656 613 907 778 253 927 511 263 745 676 244 300 127 55 243 37 238 274 622 214 602 835 206 476 215 853 586 58 399 195 847 390 550 112 726 203 594 749 712 32 286 599 994 956 839 380 894 993 86 492 710 632 691 974 706 686 255 509 153 309 207 544 115 848 540 115 696 891 532 654 274 403 805 978 232 624 528 690 477 55 772 899 520 773 721 736 807 332 337 828 975 513 668 864 353 679 391 567 430 37 48 116 896 919 892 908 410 867 625 713 980 802 602 833 879 167 680 140 227 12 582 776 741 957 55 917 769 962 639 189 699 355 159 251 732 731 547 627 684 604 534 650 252 554 851 601 843 619 884 569 963 644 11 934 859 579 513 102 492 677 328 548 598 927 655 784 113 475 477 465 870 673 224 249 438 976 680 447 160 859 751 747 95 661 525 569 677 875 796 388 395 548 273 364 617 47 169 739 907 75 569 908 529 303 885 718 32 898 395 949 131 129 904 354 436 302 389 969 118 87 191 149 593 878 510 177 558 469 937 707 169 155 739 285 723 154 933 8 551 34 376 476 94 512 201 569 514 210 769 30 463 71 
494 838 359 660 487 235 425 390 35 970 666 649 371 294 909 830 988 123 982 905 850 568 556 46 211 960 77 793 230 278 761 257 727 711 856 473 109 779 110 655 751 674 292 129 85 309 942 306 802 842 113 234 776 352 117 136 522 816 138 416 565 49 432 800 731 907 652 821 939 474 244 362 737 916 543 85 926 138 438 739 12 866 339 325 519 904 51 551 395 240 428 934 147 659 890 877 118 719 61 769 733 266 183 368 902 702 282 1000 200 459 981 22 931 197 348 521 765 468 300 51 85 311 288 783 999 915 266 609 168 519 109 802 198 557 919 687 924 199 702 877 183 403 495 816 454 832 692 151 502 243 315 143 438 480 571 23 282 189 495 594 803 396 588 220 384 181 125 386 924 445 896 51 191 278 244 168 482 598 202 723 807 138 158 621 635 923 636 931 669 859 502 601 515 320 703 372 913 134 773 72 735 631 579 514 946 96 207 921 710 595 766 22 695 804 751 476 44 367 206 841 967 635 147 309 276 766 280 252 308 373 49 458 256 606 985 556 507 317 936 120 551 672 59 508 27 248 155 922 806 642 993 173 929 11 838 980 292 184 300 340 727 521 477 943 372 750 899 97 632 269 447 531 940 488 117 869 659 542 603 160 8 254 150 320 646 425 990 17 327 947 645 480 507 584 268 802 806 784 324 498 626 226 300 138 6 491 132 870 484 437 958 772 766 442 682 675 271 792 238 516 337 672 82 244 38 648 894 913 438 82 183 185 247 706 575 477 603 731 107 500 615 200 755 97 349 160 509 478 410 437 710 775 907 946 561 688 639 64 261 450 456 153 796 421 451 949 567 933 100 291 439 962 439 945 401 180 997 125 963 369 755 794 281 310 260 32 72 222 862 343 282 456 77 432 90 323 76 310 781 993 562 135 593 708 548 79 591 237 5 384 875 849 495 748 424 230 623 136 12 559 637 635 735 973 303 601 359 719 322 194 436 846 507 987 866 206 474 295 151 875 527 782 196 435 143 439 988 93 310 912 790 770 420 802 560 826 109 770 679 832 61 602 695 440 906 486 508 451 462 59 695 718 641 760 283 230 211 206 450 949 125 789 441 764 336 672 258 978 355 739 761 563 572 597 497 682 148 494 910 156 
40 598 948 345 318 874 367 568 828 957 626 237 87 444 997 835 809 596 865 860 890 624 444 165 293 486 876 3 61 980 376 280 601 265 27 584 341 916 227 183 547 662 272 166 420 791 125 440 350 609 803 154 461 581 149 551 669 455 207 564 974 182 570 717 382 662 379 421 660 472 42 780 2 571 627 929 671 212 168 669 570 604 525 545 396 116 699 225 753 515 610 71 383 810 42 783 886 795 212 126 542 904 108 126 901 865 66 570 834 306 829 158 614 926 443 792 158 147 377 749 87 500 619 828 417 79 37 133 440 355 801 375 550 716 279 391 300 984 86 297 689 116 560 897 808 707 612 623 796 469 367 174 954 920 580 204 748 479 717 870 160 634 363 305 766 903 17 843 87 739 234 615 211 826 525 698 236 836 500 581 428 189 419 354 625 570 978 130 869 178 433 680 370 773 95 2 74 651 606 55 241 965 40 336 438 218 414 11 706 31 942 191 542 710 500 35 275 144 777 122 874 827 857 18 458 170 400 243 297 386 654 942 824 898 989 183 44 640 357 430 158 909 668 98 155 978 440 703 275 11 691 422 332 15 379 843 716 316 81 324 719 780 71 502 541 834 559 905 253 496 676 925 266 647 632 608 613 164 492 433 206 964 301 374 463 682 593 498 934 211 520 882 867 919 760 461 122 242 899 628 23 895 12 703 578 920 728 922 913 790 704 737 128 456 383 492 62 918 104 297 411 844 96 463 733 10 536 152 169 730 334 766 115 968 619 620 235 534 41 165 865 766 386 8 880 189 239 258 126 735 157 652 655 411 228 151 858 892 63 11 218 312 163 445 699 691 973 552 227 567 965 562 868 554 335 432 234 65 472 682 444 24 183 437 530 359 205 564 964 732 174 242 787 325 784 90 744 248 597 892 689 253 823 409 802 623 95 931 918 85 250 726 698 297 937 787 749 875 523 276 116 832 320 191 866 322 278 915 570 407 720 704 812 719 378 232 827 604 222 797 774 815 879 850 231 945 665 823 703 794 488 156 407 622 21 348 422 161 806 481 373 961 106 576 139 201 145 974 40 289 593 482 179 855 437 89 593 672 235 346 4 868 270 159 256 882 133 703 228 417 746 214 506 454 830 254 720 239 29 922 
13 220 128 431 233 611 617 510 18 180 983 174 833 721 381 409 958 707 483 383 964 562 429 702 200 862 384 457 415 221 334 865 306 863 259 592 833 25 464 444 493 890 992 480 200 684 442 980 948 220 760 451 8 358 445 729 237 102 816 448 232 952 401 590 969 686 31 785 74 629 684 365 892 839 852 74 362 637 20 552 934 999 299 102 252 558 409 253 284 526 443 253 88 364 988 370 56 48 240 969 324 803 864 897 90 492 118 219 564 605 359 109 87 496 382 524 256 140 320 997 928 354 586 207 41 662 661 688 536 762 541 381 781 437 591 71 880 174 927 80 391 597 179 363 914 197 384 865 786 682 59 96 452 558 250 183 13 192 163 804 533 507 861 178 644 620 634 476 422 548 932 628 721 527 35 393 293 976 906 337 328 970 42 599 2 341 312 453 527 897 719 648 987 51 793 342 718 381 116 9 831 469 200 941 924 147 245 712 308 985 513 502 150 943 770 181 241 141 933 813 979 9 872 263 287 677 185 166 575 665 739 391 20 184 155 861 383 325 185 361 428 975 941 918 909 347 549 731 880 568 155 338 486 214 81 983 653 901 566 741 949 56 558 874 467 459 99 983 489 297 219 298 728 349 306 356 543 799 677 297 930 638 11 961 845 529 539 909 725 874 394 15 358 161 894 384 641 320 945 856 152 915 735 735 623 495 556 371 101 698 976 764 25 189 893 266 828 929 723 638 397 507 421 246 108 569 79 732 562 204 696 51 944 609 54 250 789 104 592 206 975 59 957 246 61 548 67 301 929 549 760 652 856 712 427 630 177 190 216 920 803 722 939 163 291 912 528 335 135 169 908 705 635 358 276 732 117 202 302 200 707 49 263 546 56 627 174 945 766 265 25 987 174 668 66 886 618 337 461 590 992 931 667 27 52 372 153 268 295 242 678 947 513 636 709 893 909 866 952 175 76 130 969 934 602 257 422 165 574 726 773 120 136 789 212 592 426 211 155 170 363 440 287 330 560 409 270 36 456 577 642 871 580 981 437 761 674 535 888 51 937 486 861 102 648 382 427 902 763 237 169 538 514 228 468 804 89 236 515 121 427 570 331 840 176 161 680 661 14 201 775 722 439 24 61 491 880 871 670 583 
546 245 938 751 775 423 808 208 399 933 123 949 406 75 556 840 902 581 206 662 84 391 245 800 512 850 814 256 609 733 284 972 444 332 399 521 55 641 348 810 344 294 28 599 458 804 13 768 55 730 616 755 865 62 558 429 783 839 778 540 642 529 342 505 399 931 790 821 791 754 935 295 984 388 172 86 769 880 164 399 71 338 632 397 239 641 616 68 917 596 443 667 821 945 574 710 962 19 353 953 107 983 573 891 381 936 230 533 877 906 654 564 738 255 39 220 681 263 232 687 241 206 283 27 787 107 74 199 21 289 282 293 555 611 307 309 443 325 870 976 644 503 752 24 192 693 310 716 402 825 488 132 978 898 643 841 892 851 544 637 850 125 846 841 785 254 455 283 763 690 980 534 882 650 618 641 405 130 851 549 187 315 577 771 604 375 782 471 496 835 397 1000 659 472 456 708 774 438 38 973 571 73 153 90 256 329 139 675 100 706 500 558 595 317 994 798 426 53 166 752 914 892 849 469 424 851 395 690 596 896 210 186 603 624 198 411 147 275 988 460 621 21 655 680 158 162 787 687 137 143 672 837 729 323 988 421 956 410 647 614 77 207 71 769 657 318 726 249 530 841 38 803 16 960 303 434 506 467 379 276 736 564 919 770 22 419 595 524 941 26 966 725 683 305 142 117 405 238 204 473 326 315 438 943 87 330 283 83 135 599 176 907 225 988 322 88 643 923 445 322 912 798 543 756 849 715 631 896 1 233 567 753 942 253 176 309 97 155 468 688 43 59 245 248 671 240 368 428 643 436 780 283 234 845 558 259 301 975 261 586 641 13 873 123 577 557 517 76 703 829 952 522 377 647 271 115 635 498 870 577 257 454 472 439 242 374 767 498 303 90 449 710 297 783 91 516 24 932 999 275 156 656 444 30 234 606 213 731 443 514 697 223 135 980 146 302 521 562 990 472 421 675 314 808 568 411 313 86 913 12 601 167 127 78 523 944 831 531 832 194 900 854 434 712 929 769 717 697 891 780 813 842 367 49 669 703 870 504 737 437 927 121 70 457 90 107 625 127 326 409 902 739 934 357 701 830 788 539 964 499 924 703 829 66 892 535 713 425 16 568 675 623 273 375 835 738 227 369 766 353 
766 917 106 247 479 702 855 93 960 478 259 667 868 556 206 211 168 208 408 645 465 481 497 51 322 533 647 50 336 310 215 468 977 335 311 18 221 22 97 445 438 864 417 462 62 869 578 68 477 742 226 180 570 445 768 584 968 317 17 926 438 709 780 673 583 518 945 161 62 547 395 123 850 964 863 574 349 889 369 568 843 269 598 339 285 580 975 571 731 571 59 277 30 706 186 715 572 154 998 444 171 657 51 942 349 345 510 483 348 775 932 491 273 138 841 194 548 562 239 287 826 19 866 981 470 124 614 44 393 711 926 847 949 423 424 978 609 838 537 668 145 897 709 862 679 641 453 692 631 522 704 300 160 331 647 227 511 701 297 281 792 50 443 426 460 117 897 852 476 78 334 225 66 51 42 725 995 395 308 67 137 210 333 169 949 376 524 214 457 473 447 170 159 109 43 703 608 980 191 87 758 684 756 172 649 389 187 645 51 911 845 783 855 639 564 648 764 941 68 485 377 452 632 98 500 577 372 668 72 322 269 454 103 802 195 127 903 556 681 301 963 404 527 870 28 266 872 580 131 560 886 282 961 871 166 255 162 77 413 671 619 582 911 98 75 317 677 362 871 910 193 302 262 201 341 876 615 778 942 281 720 898 484 914 972 65 427 960 632 786 407 489 268 939 949 249 968 410 542 756 401 23 592 181 163 402 859 205 664 417 741 739 775 942 383 370 94 224 110 464 809 376 878 135 560 492 359 333 117 176 777 644 67 356 249 553 545 802 81 608 867 739 114 858 69 240 23 261 589 326 514 117 547 127 636 10 215 440 467 894 88 795 535 556 534 422 263 535 147 550 746 229 821 513 213 929 507 550 728 140 428 383 502 868 244 324 239 41 800 994 160 699 82 781 501 567 225 348 349 120 947 913 892 900 878 428 967 917 890 915 142 475 917 413 943 316 177 251 615 499 976 215 909 159 102 242 809 708 552 379 276 224 151 737 573 444 43 390 895 296 48 42 146 967 65 215 500 908 964 679 305 289 666 631 14 651 888 475 714 271 56 730 330 292 76 226 76 892 409 35 379 710 391 66 522 999 734 807 591 620 162 538 153 624 350 975 320 137 336 643 635 59 590 570 107 583 690 459 741 556 
142 770 698 539 77 389 267 135 626 505 25 209 691 477 493 586 727 212 341 47 980 856 0 109 19 989 643 859 496 237 783 493 268 648 874 684 13 227 974 715 176 489 128 446 3 488 967 737 745 269 21 573 2 577 7 285 521 758 7 968 664 579 50 794 544 277 672 513 672 869 140 324 21 56 327 236 377 501 794 951 935 513 114 217 238 147 479 346 784 895 960 265 836 767 609 585 555 638 410 114 138 295 163 917 496 602 376 126 37 231 922 674 44 233 528 153 772 136 603 41 916 140 661 100 289 664 100 547 576 752 198 877 766 65 656 605 3 609 62 191 731 219 360 599 95 902 412 958 979 782 275 495 241 750 246 402 763 253 968 282 169 850 565 29 650 467 438 964 469 16 912 392 80 212 132 888 16 889 686 732 129 551 405 189 444 426 313 925 62 923 180 275 109 62 568 856 144 513 870 981 770 801 846 621 502 530 843 727 368 27 184 538 240 150 546 407 369 729 144 351 539 601 484 78 581 916 438 753 76 62 494 451 73 145 729 718 976 58 412 328 960 912 357 328 365 210 617 555 94 634 940 350 892 197 995 124 78 852 21 588 221 863 61 630 279 736 46 703 844 926 523 996 925 788 208 222 358 80 788 401 107 768 160 53 272 220 695 943 313 437 283 362 455 564 262 63 535 134 912 868 754 268 813 951 278 974 977 31 416 280 902 702 85 413 739 366 388 998 256 574 38 634 361 959 801 573 96 266 466 640 347 714 727 830 742 740 158 460 861 703 1000 575 299 464 274 508 152 887 998 711 952 796 504 727 658 319 558 697 92 951 382 104 662 8 458 207 896 649 15 140 591 109 361 995 276 308 145 41 43 285 905 875 641 928 545 357 614 272 832 437 820 128 107 727 626 866 797 962 103 648 645 348 330 916 946 214 359 397 376 374 122 24 753 852 765 66 790 54 175 261 739 471 579 515 809 299 890 854 138 81 431 930 97 903 138 425 956 468 516 753 596 91 286 890 975 184 433 723 708 9 252 915 944 296 289 74 410 579 390 58 3 201 696 51 681 244 290 589 782 469 643 833 880 595 989 646 742 963 288 202 200 634 176 483 692 666 800 145 71 519 987 463 378 574 27 915 63 860 495 712 
515 105 957 916 942 458 409 976 504 82 542 987 127 363 756 694 272 338 464 673 640 696 783 894 708 894 10 782 895 624 697 723 750 703 934 186 100 269 136 308 988 11 457 264 986 598 277 177 610 798 673 55 334 298 657 142 133 354 608 626 925 560 20 641 460 234 577 799 910 451 422 978 281 324 316 263 389 700 817 272 302 583 579 581 211 687 67 474 799 954 594 303 946 211 168 418 435 91 169 769 354 879 442 817 290 182 819 458 233 201 591 325 729 27 616 156 348 45 769 184 280 638 273 526 329 70 447 584 182 836 204 138 163 412 513 951 172 407 641 124 311 146 449 269 863 442 597 380 387 977 78 414 216 324 363 747 327 859 330 159 390 539 657 571 439 116 732 802 942 994 777 109 840 453 1 118 594 731 785 560 840 433 609 509 620 413 59 130 401 794 163 955 905 455 771 131 682 910 555 896 57 294 137 639 528 58 153 829 699 222 294 593 516 243 440 249 791 561 828 91 532 758 704 640 82 548 157 654 372 326 40 88 846 514 653 153 345 992 53 903 596 987 29 445 349 96 17 838 695 460 570 500 661 212 845 719 277 867 907 724 45 327 49 291 151 595 224 43 768 118 58 867 852 252 33 844 447 297 697 646 488 27 127 971 634 813 359 837 278 823 660 758 170 321 472 636 360 126 345 451 800 586 985 642 170 29 956 330 594 139 807 986 299 135 99 609 910 855 551 159 870 201 347 508 18 50 869 269 242 475 309 337 930 362 225 779 644 801 372 942 749 624 369 647 306 918 944 212 109 397 601 771 99 17 206 712 383 315 55 822 10 952 452 555 455 428 835 176 361 46 359 706 394 821 654 536 933 507 889 137 392 348 699 996 370 473 613 210 856 442 257 305 170 452 324 385 650 700 206 814 75 620 602 3 568 366 847 273 584 977 628 109 96 681 496 820 955 874 486 361 83 413 475 288 397 981 631 889 231 727 589 489 994 722 493 417 214 22 724 965 648 250 616 664 523 808 854 183 49 181 259 906 284 256 528 45 865 495 43 359 547 596 535 305 105 548 589 443 411 585 990 181 188 132 177 30 443 160 707 159 908 900 130 87 317 826 478 615 226 975 190 686 469 30 760 198 747 423 249 532 
84 173 617 846 695 573 11 509 157 478 970 635 173 80 562 319 147 660 623 747 447 831 300 847 71 610 209 851 324 867 592 565 28 424 622 809 824 506 672 258 219 902 583 335 600 33 365 935 734 158 570 291 337 987 540 466 221 274 75 575 868 913 431 984 149 670 120 842 141 662 330 567 81 403 650 271 954 103 327 314 599 758 961 312 920 267 687 374 932 713 56 962 370 212 181 399 639 244 861 692 47 62 200 168 611 690 252 74 199 643 917 26 60 377 412 742 562 306 907 78 516 891 572 41 863 93 603 662 277 649 82 195 929 24 630 139 184 902 197 913 883 601 993 200 569 283 782 49 182 685 950 644 377 715 337 874 500 110 114 391 991 996 408 437 984 186 320 311 642 559 889 216 735 741 177 382 274 67 198 696 145 503 459 59 592 53 876 116 144 906 207 574 900 801 11 561 500 864 382 16 470 819 183 671 484 613 661 826 558 139 271 65 15 396 625 376 75 611 474 646 677 416 558 443 207 913 888 878 773 640 431 872 156 163 585 81 127 535 423 220 752 475 741 879 131 955 15 628 486 9 232 701 903 19 937 896 730 902 972 61 318 512 898 255 428 328 471 155 147 902 38 66 896 433 897 917 2 703 998 303 193 122 988 180 56 88 295 245 476 116 867 579 354 576 668 163 292 696 983 621 538 545 232 638 185 89 241 233 2 260 548 428 841 254 944 910 994 852 885 269 810 731 113 396 305 700 937 793 979 628 627 131 833 10 446 724 176 578 531 203 43 45 285 565 737 319 449 577 136 349 926 645 947 648 755 573 996 78 669 136 563 358 183 95 181 453 585 664 838 38 37 824 512 337 26 778 338 701 752 687 804 41 492 468 263 596 944 164 618 481 140 52 86 460 663 632 926 369 180 231 651 848 746 637 236 249 199 288 854 557 359 522 107 538 749 542 891 850 283 660 972 974 300 892 52 112 876 450 823 178 152 98 506 508 766 272 122 938 992 405 360 265 324 464 673 716 855 760 948 838 558 690 972 487 417 468 828 343 219 752 136 681 965 563 701 815 691 479 804 72 645 4 850 716 565 392 782 257 194 30 755 275 11 643 642 180 168 505 581 706 862 382 67 140 58 848 731 915 830 152 
420 315 584 671 262 567 291 140 457 639 431 850 81 941 509 63 188 512 949 595 563 915 286 500 241 656 983 770 700 320 214 830 203 788 513 34 640 864 933 248 632 902 458 502 619 940 16 807 878 943 159 740 393 990 405 358 191 686 860 854 154 782 762 898 422 316 368 830 937 879 64 37 74 172 24 181 557 921 446 444 522 902 786 332 318 404 163 748 485 303 553 11 721 350 917 428 17 872 716 882 710 538 563 707 81 330 638 678 144 938 247 851 441 973 627 425 343 656 779 171 246 660 499 343 530 455 427 10 2 702 920 998 965 645 807 148 160 954 655 527 67 718 548 673 319 942 178 724 415 783 246 102 419 44 205 80 837 556 920 998 614 798 210 146 178 205 644 355 195 115 133 656 908 107 388 860 716 135 605 35 334 60 431 59 399 716 732 513 61 546 553 647 76 895 646 250 264 282 982 567 106 409 298 298 843 566 436 959 757 506 661 869 240 801 783 839 554 833 771 962 827 82 211 307 820 986 508 534 325 180 132 955 212 202 465 752 795 918 179 518 982 633 96 391 758 429 815 195 813 560 250 855 743 498 634 424 962 860 912 734 63 906 172 430 24 112 246 220 714 445 420 612 402 309 94 204 120 387 422 185 912 281 149 104 415 135 985 10 403 286 657 591 878 650 761 796 244 222 840 483 105 137 269 795 585 386 975 422 131 457 694 878 686 545 826 29 537 41 107 117 428 160 284 773 554 85 16 382 615 211 781 79 297 747 238 412 430 618 718 394 760 541 383 101 935 8 331 243 127 315 718 777 586 652 942 766 354 975 709 35 140 275 107 952 958 288 129 416 456 688 544 891 364 548 238 548 124 416 257 441 529 436 629 522 777 488 292 824 17 727 853 672 327 911 232 456 746 416 814 527 0 365 582 915 436 458 667 713 240 418 403 8 102 80 130 412 465 793 103 790 992 768 252 852 708 170 448 342 967 336 337 356 847 399 913 666 37 935 542 96 285 435 120 58 341 36 873 180 268 842 880 944 503 815 778 625 448 532 420 923 411 39 751 266 369 369 577 158 575 340 114 944 775 426 812 307 936 254 857 893 820 554 189 504 881 387 364 11 608 531 526 654 473 71 167 268 911 341 485 48 
139 906 861 194 312 810 449 530 315 557 810 389 33 948 343 708 822 575 612 414 788 336 703 741 195 73 497 276 953 455 122 67 867 137 592 484 425 848 578 119 287 79 139 0 881 548 661 4 905 277 135 251 512 921 28 363 112 189 913 660 449 812 456 706 323 895 208 263 370 523 625 121 667 538 706 16 254 348 833 500 904 202 591 667 746 22 943 862 54 157 118 893 135 717 94 597 108 444 577 422 512 742 269 604 90 497 54 518 837 929 375 819 627 692 494 210 772 403 914 74 430 545 688 682 107 391 481 820 822 899 577 1 113 251 448 970 897 478 934 468 884 866 294 696 151 976 686 118 16 649 281 231 711 590 683 722 361 424 368 358 595 146 139 553 785 347 82 699 58 526 404 315 707 761 835 787 755 756 418 528 200 817 745 655 646 855 840 804 723 349 830 17 791 743 796 553 309 903 125 199 64 256 460 50 699 651 666 487 160 820 873 178 170 272 642 171 761 285 779 643 704 529 103 423 139 519 226 389 571 36 972 136 888 239 879 623 766 420 638 848 137 479 254 906 71 344 790 580 74 244 74 333 63 1000 208 1 316 893 39 534 949 238 956 683 15 47 790 413 599 738 146 815 661 178 0 783 661 720 428 450 927 792 861 754 937 919 965 861 784 710 576 575 250 413 956 689 429 86 40 731 310 998 108 528 93 881 19 11 804 661 734 392 950 670 248 80 699 134 182 555 958 653 830 336 683 538 363 830 949 225 157 519 453 105 512 932 942 919 60 846 391 930 86 809 304 706 250 351 184 548 743 977 418 880 925 657 969 110 444 358 800 905 517 38 426 68 486 318 84 397 148 823 221 201 998 219 558 387 782 63 46 422 233 649 8 223 331 709 857 612 306 540 923 139 222 175 475 265 962 353 652 371 474 167 928 34 841 550 507 752 412 115 748 604 571 475 784 40 672 884 267 268 491 631 461 277 626 541 690 266 623 649 399 982 397 295 997 973 977 330 578 613 100 262 914 568 348 25 824 657 344 44 405 292 416 820 485 864 865 829 291 564 461 862 289 194 726 611 632 691 901 835 507 959 848 17 939 914 523 122 472 258 811 319 48 233 653 1 431 252 590 924 747 853 797 552 397 817 463 559 
558 509 305 642 770 747 122 634 211 118 955 474 241 478 130 570 846 663 996 706 695 235 56 404 398 8 398 522 394 217 228 680 840 666 896 854 543 968 248 464 157 529 275 760 83 494 805 790 765 926 518 935 402 710 801 315 37 19 996 305 310 905 320 904 584 673 347 107 805 51 332 904 545 250 451 456 61 190 745 621 396 468 456 189 687 293 577 635 130 311 422 761 385 123 73 876 363 419 419 690 761 147 467 863 11 478 805 655 516 991 516 288 886 553 742 963 814 419 362 812 264 907 368 58 160 465 575 363 692 589 665 261 470 978 521 836 978 442 182 794 940 571 844 166 659 973 386 583 664 172 289 785 557 664 123 927 614 521 296 631 209 710 682 308 56 144 79 127 435 492 563 743 577 426 961 137 75 855 760 792 618 641 680 307 690 118 816 617 280 145 165 78 962 781 71 426 144 492 292 110 301 545 492 654 494 943 569 524 210 950 341 750 524 631 996 993 502 980 280 212 150 65 271 986 594 183 474 481 768 86 931 633 624 55 934 73 382 206 469 24 542 55 295 951 378 753 919 477 215 702 335 404 38 721 320 467 29 256 664 849 658 547 925 639 675 992 447 667 440 577 69 943 292 227 156 776 274 126 793 795 983 466 22 855 275 432 592 452 553 219 312 93 746 966 839 260 278 199 44 426 191 129 338 911 569 930 823 856 591 915 928 233 483 446 757 27 927 43 430 829 737 295 44 699 532 619 566 856 839 386 200 764 286 180 129 110 284 156 872 319 961 9 276 368 346 632 647 626 613 394 183 814 716 514 698 901 306 922 340 504 295 832 776 478 404 185 553 234 185 731 18 757 581 982 75 660 99 320 223 13 771 58 521 92 808 183 4 792 997 478 33 764 710 532 944 382 59 509 189 494 761 859 291 241 888 283 872 504 846 177 69 832 509 734 142 155 60 958 776 690 773 356 125 49 422 680 543 858 550 229 106 0 689 747 921 109 114 853 1000 69 944 103 979 194 562 567 260 250 730 856 410 774 710 420 722 208 717 595 733 198 365 485 576 911 973 157 542 377 230 813 738 60 940 567 579 563 557 901 870 265 394 824 930 954 686 212 145 992 157 285 865 216 841 28 274 36 511 382 712 277 
810 913 401 963 946 500 835 927 745 867 471 68 624 511 341 120 675 570 29 687 993 929 444 963 791 335 679 249 908 754 225 146 384 857 947 700 56 580 534 553 399 475 214 589 577 237 908 657 843 486 324 475 403 986 863 454 41 351 747 207 721 969 706 375 887 932 299 3 954 926 124 540 872 206 942 538 996 976 683 981 922 840 473 115 26 560 145 326 987 451 667 417 631 388 254 988 467 982 572 799 614 303 80 926 136 540 709 845 495 96 54 896 668 180 579 903 803 145 273 502 897 155 726 632 80 503 260 342 752 43 176 719 176 56 516 86 624 696 231 218 820 18 641 384 639 891 294 635 219 920 431 611 725 487 902 436 470 742 260 535 223 177 221 86 745 887 578 128 665 647 677 872 369 791 534 81 285 484 812 566 184 854 953 786 904 253 293 47 187 270 636 446 540 87 242 594 158 41 583 16 297 349 933 679 193 204 486 910 312 46 199 638 149 576 465 54 983 436 990 161 739 533 875 671 526 639 431 992 414 534 742 391 893 122 991 934 945 784 779 499 330 718 29 233 543 198 395 847 556 998 463 875 369 930 907 377 930 395 678 74 370 352 932 115 753 132 362 275 963 959 785 990 786 56 666 50 574 279 348 502 496 397 373 995 427 18 835 970 743 173 17 101 802 782 595 786 612 8 823 368 893 569 627 653 15 37 197 649 969 921 158 381 748 904 430 182 452 11 353 494 330 862 140 866 253 358 140 267 260 928 46 685 506 282 965 172 570 422 365 672 597 715 519 851 498 185 26 749 514 567 797 702 654 498 930 509 414 792 252 230 998 516 540 865 932 373 130 258 28 469 41 843 570 983 677 865 784 325 448 430 418 762 552 257 635 94 422 831 454 764 134 454 598 249 921 1000 764 426 544 281 729 818 727 753 563 567 813 433 823 962 913 427 527 768 950 21 296 665 206 55 270 808 949 920 726 963 828 733 639 994 363 772 812 905 83 474 828 919 514 18 588 588 4 421 190 573 473 422 87 317 143 905 215 832 675 809 742 509 136 255 379 20 734 536 814 843 450 346 816 442 662 301 447 845 299 748 726 35 191 113 17 320 700 259 309 963 745 821 721 633 462 837 754 30 660 804 776 989 741 415 
164 469 413 512 788 123 741 100 151 182 60 988 43 674 548 47 531 197 186 163 147 586 725 295 33 377 846 813 500 259 727 14 409 262 143 630 332 10 7 171 936 485 485 50 199 490 603 997 492 0 598 230 782 834 929 237 366 543 8 510 649 717 515 172 844 617 700 198 861 418 214 705 170 633 735 946 533 621 577 776 912 101 332 337 314 442 174 502 712 688 164 675 404 291 904 578 678 382 823 232 638 585 495 186 766 222 264 304 291 206 620 437 763 522 375 695 384 223 885 874 723 135 395 993 371 518 261 267 954 10 4 561 641 658 56 452 140 162 395 423 162 316 949 162 644 241 16 281 260 347 802 205 888 481 939 912 425 69 737 915 492 161 752 761 117 930 209 531 242 224 992 985 230 288 352 227 689 713 127 653 473 356 408 956 172 690 4 8 780 602 969 894 872 514 133 529 992 875 124 538 712 6 513 199 655 660 646 166 763 148 608 201 895 313 871 645 515 770 450 529 217 306 485 243 151 810 891 316 146 702 445 328 638 744 640 109 573 858 997 992 235 387 387 410 648 976 802 54 873 747 346 442 186 345 841 722 834 605 599 855 555 847 106 207 291 541 638 208 813 218 183 984 658 38 157 459 689 972 887 911 56 889 181 157 714 149 583 52 511 745 477 389 978 200 230 821 242 827 672 249 197 254 55 874 610 398 787 573 726 483 69 449 888 894 402 647 210 652 295 995 497 966 450 441 645 104 16 111 397 391 491 643 678 902 613 874 480 329 658 703 543 796 419 132 83 466 634 52 81 869 330 116 917 225 714 300 78 672 159 343 567 80 48 359 442 837 562 664 911 199 119 880 743 827 895 9 756 367 148 31 491 300 829 321 995 525 853 922 807 726 107 189 753 301 582 176 833 219 492 760 192 481 73 579 7 126 405 530 542 653 882 396 297 83 41 529 848 390 884 628 158 896 174 743 214 745 197 714 888 212 813 175 315 961 896 187 273 349 134 304 341 118 233 260 179 737 288 723 662 270 817 267 212 914 551 846 107 245 660 875 944 977 839 534 533 904 985 746 199 38 848 417 130 600 731 221 570 285 501 301 608 846 436 448 852 5 704 51 954 42 465 270 976 979 940 254 732 568 815 873 
587 903 225 504 430 490 166 230 320 468 606 396 881 334 496 782 63 684 566 292 842 860 641 880 720 47 350 570 256 737 947 781 988 94 274 431 831 21 953 914 920 386 967 1 84 471 413 62 508 87 107 426 745 675 739 765 628 804 541 719 514 58 370 486 61 888 927 968 763 374 817 959 572 660 370 947 94 864 919 103 460 826 152 233 41 439 474 243 790 254 155 375 56 578 859 920 675 192 370 791 140 532 442 569 833 489 876 759 804 467 937 529 311 626 809 323 221 838 494 918 950 324 570 203 959 419 27 390 264 876 99 456 133 595 666 288 513 525 44 730 964 263 171 241 457 15 926 403 555 314 864 854 637 811 666 669 643 47 648 827 728 132 128 577 238 170 897 413 164 800 368 975 703 814 717 964 319 935 369 925 473 92 470 567 171 854 409 66 636 990 671 358 566 648 520 976 966 416 130 361 16 570 910 675 315 354 624 720 771 78 985 434 861 609 423 703 730 749 167 968 550 824 102 68 200 416 626 76 104 539 804 363 93 12 32 884 101 502 257 698 85 660 999 41 935 973 455 179 744 677 177 526 858 598 869 26 749 609 875 45 641 602 854 971 536 889 798 537 765 598 310 880 76 203 331 142 82 110 814 658 964 394 37 145 853 849 454 112 9 88 752 480 984 658 893 375 116 917 886 786 719 552 530 427 593 438 740 413 454 62 820 581 234 911 75 869 185 75 806 535 937 574 360 537 450 574 839 406 794 972 600 141 406 39 540 92 723 814 418 25 937 229 733 821 150 796 363 384 79 383 270 355 829 625 539 567 285 416 379 482 561 519 160 424 464 754 449 967 102 823 25 282 246 941 396 955 456 419 670 917 619 896 102 59 451 931 949 410 28 680 164 942 707 11 341 533 24 139 392 374 722 472 374 313 110 632 492 50 141 830 120 167 866 189 294 319 400 659 727 32 271 939 457 969 135 4 266 194 116 5 244 475 370 931 406 969 783 996 978 408 184 588 329 901 544 187 545 559 885 402 568 468 416 540 188 263 421 746 148 831 963 676 150 43 298 693 479 327 539 735 682 864 48 526 486 46 189 303 518 345 582 28 715 205 817 850 179 591 206 659 802 907 0 141 23 742 309 619 604 821 
778 369 615 555 140 752 56 12 489 791 249 171 388 559 856 314 61 763 251 592 436 726 932 163 383 6 316 783 894 771 587 714 757 186 804 464 876 573 487 209 800 890 578 958 877 426 340 191 370 215 917 556 720 993 457 530 767 643 150 108 17 737 918 996 421 510 641 160 695 28 567 352 321 916 715 737 151 655 365 616 413 48 820 0 679 792 463 169 553 545 183 417 317 901 345 553 824 978 118 239 573 181 751 991 402 124 782 925 4 542 576 28 792 6 84 876 639 585 216 89 776 491 411 687 720 389 692 654 734 912 506 152 356 701 704 931 602 325 781 383 848 609 495 243 740 884 532 534 118 628 682 228 951 787 238 941 620 917 777 117 799 1000 401 464 558 311 792 835 79 711 183 236 130 439 802 321 435 684 354 749 97 437 84 842 898 150 264 357 462 220 591 352 240 806 534 950 811 350 175 352 564 488 124 738 525 177 200 97 634 250 80 748 126 261 708 7 902 849 452 378 334 906 921 371 748 177 697 912 557 140 661 698 686 743 270 619 405 671 952 378 213 97 871 334 934 438 317 901 938 368 691 872 748 4 475 381 740 547 126 688 378 552 67 148 89 303 834 999 659 442 713 247 812 120 947 599 623 657 214 320 743 838 356 912 740 91 394 276 428 527 471 574 483 786 554 338 710 843 229 761 853 752 598 350 729 96 826 258 764 185 786 528 918 995 349 388 776 468 566 184 99 725 647 992 126 32 914 101 701 282 329 69 455 705 92 39 919 844 215 819 365 226 295 830 769 53 64 604 860 803 810 608 978 903 104 586 185 459 746 40 566 433 950 635 45 495 763 381 547 809 135 489 117 581 319 438 697 147 663 751 42 132 633 978 411 322 385 469 299 225 543 307 578 562 916 940 826 630 979 730 491 720 597 771 597 372 531 96 220 430 139 625 317 27 881 192 238 609 62 282 956 404 826 738 919 813 423 397 793 109 47 819 771 740 391 336 378 515 831 897 235 728 288 667 916 593 490 164 236 517 291 720 726 719 969 883 902 375 863 184 810 642 461 336 419 763 300 979 378 660 185 519 29 964 485 422 246 789 335 985 328 495 135 546 538 218 109 327 992 630 188 69 854 731 887 169 451 99 1 867 
969 324 355 179 325 610 347 246 555 432 34 930 969 663 76 514 181 450 252 912 618 42 325 335 949 981 476 354 905 94 546 625 885 343 339 223 820 989 25 921 869 151 497 363 602 101 952 156 808 353 299 372 167 677 291 272 576 793 635 72 403 551 440 972 470 737 826 414 506 917 856 827 701 423 46 728 528 420 177 554 226 653 532 450 249 924 453 666 132 150 317 579 303 900 307 523 446 304 93 277 964 435 25 800 980 888 665 158 418 201 588 743 721 150 740 218 768 724 105 288 531 39 997 746 719 739 653 316 649 252 926 890 962 765 253 445 267 508 751 822 290 883 721 632 893 847 391 711 693 689 548 219 612 773 595 607 561 517 769 497 450 122 456 78 114 53 252 26 402 463 416 236 189 545 170 626 550 116 952 148 813 617 360 652 277 587 392 566 306 296 833 949 176 591 787 130 412 77 302 145 866 80 363 711 850 489 283 669 983 531 446 585 283 1 353 233 280 826 615 711 466 75 647 427 571 181 825 103 335 582 599 543 92 125 422 168 336 282 351 440 332 870 851 94 270 817 837 987 200 488 6 643 489 169 203 90 386 790 130 246 376 271 447 563 260 385 148 878 502 706 85 733 776 79 205 280 611 430 861 204 632 345 332 110 22 756 504 395 543 834 562 990 222 76 361 75 111 889 731 640 657 631 471 816 899 524 983 791 833 394 587 580 112 647 603 456 113 90 961 682 767 777 654 110 179 221 401 901 644 336 638 209 347 66 834 893 517 834 116 827 915 776 101 743 220 535 269 882 515 634 724 627 900 528 668 471 184 896 182 178 64 899 98 749 309 775 482 350 553 731 882 879 146 487 387 341 703 727 135 399 171 908 127 650 218 450 983 293 199 850 132 116 724 862 887 494 164 716 114 889 566 676 753 375 861 483 858 144 255 685 785 521 488 417 710 659 281 464 652 440 807 454 864 96 441 81 230 920 533 698 907 599 117 359 363 716 765 192 904 657 712 714 595 575 375 111 815 397 452 628 349 844 496 153 217 588 279 938 452 894 862 730 24 517 974 553 898 999 629 139 812 317 285 786 599 716 406 248 114 640 375 315 601 924 854 226 607 773 537 87 413 287 19 941 624 14 396 225 977 862 
676 361 994 668 567 831 419 475 779 53 505 26 502 750 650 344 39 772 548 472 7 738 952 345 996 169 542 585 815 472 217 175 408 198 345 891 643 164 866 655 241 127 561 825 577 741 81 554 974 676 466 580 590 414 443 176 827 388 75 396 614 225 561 721 575 452 539 235 432 459 695 906 417 592 357 676 208 796 129 513 917 387 460 961 91 402 302 676 533 997 600 547 234 688 246 574 940 581 665 343 900 500 144 185 737 3 179 795 844 881 923 772 398 493 4 773 275 446 155 757 242 288 477 219 278 295 946 607 419 566 989 523 789 756 225 966 923 82 578 841 754 502 64 99 438 92 610 263 610 594 939 417 572 55 729 560 829 239 74 237 885 867 444 795 15 845 387 436 588 191 30 172 468 29 200 568 746 224 558 166 241 78 346 696 86 479 417 315 588 476 45 512 263 686 183 811 701 593 119 120 243 84 413 117 600 936 599 479 736 49 351 144 346 364 420 707 564 65 933 798 487 408 941 524 969 614 648 506 233 564 616 923 557 967 372 0 224 187 269 918 588 942 686 282 89 406 343 890 964 470 740 84 312 727 287 511 999 927 561 64 150 428 516 311 640 736 375 713 944 895 90 125 796 917 561 302 383 259 536 305 984 997 552 984 246 563 840 934 714 789 53 868 804 126 998 699 345 668 183 681 120 449 593 27 240 845 83 886 719 172 56 862 394 21 934 800 855 355 250 891 421 836 161 825 874 401 731 727 889 151 302 401 798 190 959 458 511 992 28 59 317 751 179 500 222 843 184 849 835 107 854 450 342 687 425 903 564 120 488 213 149 728 791 578 41 200 519 761 355 146 376 757 553 73 794 832 577 179 944 970 178 778 20 904 163 75 603 313 212 170 645 490 104 616 356 48 490 248 623 937 242 295 224 933 693 116 804 34 431 744 662 569 558 9 437 956 320 405 584 177 863 891 307 423 244 298 868 275 598 43 273 410 674 105 635 789 51 269 906 234 945 936 366 518 588 979 895 887 413 872 59 793 531 282 202 348 823 905 106 137 921 289 184 896 894 627 671 769 426 65 639 414 388 195 592 103 516 108 934 247 871 724 534 610 795 489 211 800 230 315 301 270 976 124 139 934 752 643 55 26 
800 965 569 102 579 166 858 657 458 366 856 207 885 563 455 715 854 96 114 161 103 597 375 919 83 10 676 246 594 340 736 413 642 424 531 490 30 384 741 102 351 386 729 909 998 317 930 563 701 971 858 103 69 457 578 593 565 836 447 28 120 408 117 520 219 738 567 557 730 264 746 846 17 539 160 693 292 292 819 200 479 172 1 156 674 695 107 431 886 10 516 232 121 72 528 648 97 938 707 934 1 346 337 294 632 964 466 627 214 964 634 669 114 743 819 862 651 347 833 267 108 591 565 367 537 439 828 185 321 265 911 558 455 409 251 786 401 573 644 571 410 522 981 289 895 837 834 622 279 209 73 210 747 16 983 257 343 250 14 776 213 816 463 249 624 112 873 832 928 316 405 129 402 349 367 323 889 792 371 470 104 158 164 928 450 359 665 776 822 259 660 325 140 513 451 755 613 840 286 590 270 611 523 163 5 887 497 180 547 584 296 658 870 108 47 635 132 135 620 332 958 948 399 530 836 377 711 350 221 300 774 90 18 866 88 940 213 495 561 392 16 228 360 962 344 33 353 199 66 624 473 771 983 343 933 638 888 922 366 977 953 671 641 75 314 814 854 433 158 570 843 87 899 993 97 277 873 719 997 284 545 784 297 989 686 824 845 795 994 44 61 396 526 52 683 912 341 502 93 718 510 259 672 14 470 155 312 965 961 283 974 590 726 863 298 44 435 125 139 767 910 703 364 811 251 569 609 286 320 16 430 308 937 532 666 349 510 125 288 557 493 628 942 376 867 980 416 961 494 902 985 152 593 725 895 256 584 632 859 984 677 236 157 680 544 995 142 483 117 172 668 714 573 520 171 207 270 830 295 428 790 370 934 609 965 451 0 558 990 945 890 163 925 35 262 575 600 320 562 911 36 934 31 899 987 709 704 678 503 704 961 250 465 127 712 408 46 244 211 213 42 481 218 764 810 466 465 634 662 751 527 487 961 983 878 856 678 500 201 136 284 285 785 200 280 480 297 641 892 403 125 793 304 533 808 617 194 328 864 899 903 957 327 843 838 712 10 526 241 940 18 385 718 24 617 406 95 969 249 760 610 257 313 703 868 800 197 499 749 600 352 920 325 893 652 208 905 655 828 270 
113 832 868 46 260 848 115 93 285 437 232 490 672 752 821 957 846 974 500 79 401 700 258 458 562 639 43 604 964 181 265 704 253 846 464 775 116 737 45 197 863 95 476 529 959 236 483 749 225 628 371 192 601 64 674 221 21 415 404 511 260 724 230 69 89 421 548 179 862 442 613 433 70 124 806 48 113 184 334 898 797 655 591 40 255 608 660 57 765 857 358 294 187 562 709 226 527 311 819 742 196 373 909 460 578 390 925 238 520 429 895 589 766 560 435 601 943 223 477 574 615 409 802 643 19 815 939 91 687 993 509 200 822 216 592 655 591 245 755 624 918 383 910 151 516 987 320 259 954 410 807 835 446 27 394 748 957 401 816 251 230 707 457 22 572 915 35 527 865 715 583 248 969 650 76 82 422 494 895 710 700 705 562 841 13 395 160 651 290 637 393 912 736 365 875 698 602 233 248 198 251 233 94 746 417 841 914 109 487 552 595 606 140 428 22 681 349 556 623 753 277 86 379 706 660 442 876 128 826 507 982 973 283 92 443 691 245 16 543 197 253 999 182 155 978 913 294 347 324 57 600 805 599 426 837 127 652 253 977 911 538 508 305 330 582 903 87 91 579 190 761 415 664 289 159 405 226 492 538 60 127 761 783 963 669 211 489 22 459 663 773 12 721 401 878 20 192 94 822 451 487 397 287 33 745 369 323 764 925 698 883 24 19 612 915 702 295 665 14 960 721 150 550 218 716 88 921 663 348 713 914 705 753 991 61 822 212 931 546 125 823 990 781 485 154 711 874 698 675 884 485 753 861 600 313 414 37 545 8 625 166 906 862 617 4 633 716 346 555 95 914 487 232 694 762 140 768 982 6 477 585 492 59 587 817 847 673 157 362 195 615 858 1 755 600 113 410 643 256 193 449 871 455 699 404 840 846 953 766 451 297 441 12 906 729 801 840 530 105 899 433 211 418 141 435 112 443 185 688 472 987 786 352 12 520 341 700 700 176 328 426 698 371 973 309 868 384 244 174 142 176 95 875 546 46 22 526 458 81 56 759 707 889 991 162 147 190 282 992 729 244 136 724 432 749 152 639 3 960 350 586 216 355 879 33 836 398 536 279 172 727 607 332 436 703 155 756 185 284 702 
361 91 354 172 925 616 660 548 531 661 239 85 756 67 867 456 636 540 445 179 645 518 581 765 183 324 394 562 241 721 111 480 172 311 115 576 831 561 514 135 19 566 502 596 962 281 28 231 475 902 490 542 410 352 584 263 345 859 460 734 377 196 139 212 346 770 917 229 374 212 137 203 558 133 634 897 175 221 536 835 745 499 180 134 854 604 504 966 121 852 596 35 382 993 592 615 813 91 927 529 633 562 513 463 861 316 382 14 130 733 424 916 510 390 853 867 837 158 904 519 442 222 261 21 697 663 232 533 542 575 387 13 469 440 397 618 339 996 127 273 30 671 872 247 838 590 856 789 635 789 658 787 914 793 693 937 345 571 107 905 461 708 381 622 377 19 760 824 96 744 737 246 411 943 362 125 915 699 690 483 424 146 295 105 43 69 91 438 452 147 603 968 436 689 839 399 804 830 718 283 882 178 524 928 54 677 104 504 279 916 303 77 508 991 949 963 240 152 279 579 598 532 786 319 731 712 154 435 339 477 393 461 300 309 114 226 162 457 304 680 10 87 234 296 559 426 249 384 900 645 727 436 590 549 800 877 219 545 323 432 381 759 848 80 734 285 409 212 206 683 73 146 381 183 63 411 864 20 348 691 261 297 25 294 300 68 440 71 252 749 332 432 426 854 452 549 610 182 492 920 637 755 111 248 205 897 286 842 676 421 712 109 402 379 466 760 794 572 132 421 892 880 165 247 954 915 840 637 236 758 187 113 635 692 840 250 734 49 633 135 719 188 231 760 400 424 922 522 262 972 933 786 430 487 301 402 673 578 700 345 140 979 406 72 406 468 164 744 300 50 905 711 807 569 832 887 896 311 973 741 892 874 854 543 649 759 342 134 549 887 332 968 308 207 238 362 275 273 459 850 617 472 467 479 236 404 669 184 90 748 604 208 667 165 920 884 38 647 12 251 215 728 963 665 565 656 308 524 248 158 236 241 620 847 985 672 673 489 425 507 511 743 57 659 766 37 505 965 913 421 296 333 777 166 1000 516 547 193 252 632 635 460 69 281 205 70 561 739 419 814 145 770 730 739 761 11 144 365 745 323 750 394 593 794 831 489 278 279 798 130 370 907 865 406 929 414 321 347 160 150 
260 148 969 851 939 131 394 62 160 263 497 281 746 882 481 969 795 710 82 789 953 734 435 646 362 328 796 413 328 912 277 608 490 395 525 883 356 114 17 66 850 635 22 47 116 977 892 496 992 94 904 111 482 47 580 353 660 553 101 556 514 485 594 715 773 404 405 401 19 271 778 848 452 10 945 24 614 896 883 308 472 290 483 315 579 563 737 9 826 231 449 670 107 404 651 413 279 533 622 694 332 843 341 800 253 712 960 93 936 63 338 147 433 524 487 638 325 13 936 966 484 448 748 609 213 0 87 888 581 407 939 652 690 535 93 291 991 878 673 901 610 734 21 744 913 231 415 6 967 675 946 530 809 203 13 237 853 211 547 221 728 468 1000 566 566 526 129 573 887 635 444 480 877 102 712 873 491 39 903 984 716 38 648 434 778 915 133 805 246 662 616 849 122 433 41 193 906 14 67 814 605 686 46 545 842 227 93 311 965 521 846 475 338 145 774 83 10 715 587 590 239 305 297 572 821 518 540 95 874 155 685 795 37 751 905 622 343 378 979 580 762 684 375 197 841 578 710 416 452 950 178 43 695 528 417 145 570 157 654 108 74 388 911 483 233 366 793 611 244 109 473 739 449 969 125 659 701 288 247 45 951 806 25 14 895 489 51 576 948 669 846 504 648 546 427 885 425 461 817 620 960 808 254 64 872 116 711 640 439 517 250 168 945 890 671 387 147 27 807 702 408 471 384 351 1000 924 358 99 917 986 888 341 454 660 301 938 727 745 74 613 225 12 912 195 790 358 974 88 896 372 981 841 854 947 177 127 238 159 988 720 366 92 201 180 26 354 367 617 872 15 967 642 313 958 852 982 919 83 562 514 251 943 172 157 92 269 203 98 485 487 682 826 43 384 829 913 633 146 827 838 303 121 778 362 573 354 728 153 751 104 34 652 808 222 945 698 712 884 381 612 447 624 68 268 102 187 591 940 320 88 276 854 669 103 979 703 502 222 194 591 613 871 167 621 987 869 799 670 35 890 581 598 890 1 234 9 688 306 879 338 923 516 36 927 859 810 984 499 954 91 171 257 875 641 490 937 54 608 510 708 222 912 118 878 482 951 990 578 5 636 334 927 578 636 126 431 554 62 183 122 
125 644 322 398 638 72 183 175 619 102 5 957 268 12 173 117 610 470 174 276 787 654 125 475 855 591 169 675 121 521 379 32 875 536 270 839 980 233 253 355 269 118 75 576 916 56 851 577 522 131 961 46 184 978 431 634 548 261 801 282 383 79 711 727 316 468 945 987 284 446 756 234 504 760 760 195 732 666 808 159 52 281 774 397 945 841 297 865 777 939 720 308 242 739 979 869 666 506 247 297 197 829 229 849 944 146 986 363 705 879 85 299 97 471 922 183 317 925 458 273 482 860 501 379 652 902 932 601 653 857 792 434 870 264 438 948 920 781 461 117 917 233 332 869 80 774 445 572 807 922 871 457 856 704 646 730 267 308 524 42 778 812 664 518 235 841 112 656 643 406 759 877 886 530 576 182 585 241 940 995 238 843 888 129 854 238 192 545 859 793 911 290 150 538 889 305 93 738 644 368 373 667 973 898 609 66 866 485 716 128 302 970 681 36 637 441 847 641 443 921 460 905 461 876 48 676 499 247 523 295 976 88 125 487 282 258 853 884 941 810 363 152 810 55 157 903 702 303 995 765 252 154 327 729 784 851 155 394 65 718 843 549 845 280 16 988 968 48 900 625 231 684 850 475 494 110 292 938 190 247 58 970 795 370 16 322 86 262 613 254 215 526 722 111 181 922 627 416 207 386 2 891 347 51 960 174 9 703 108 443 341 574 929 166 722 493 597 592 986 705 982 248 254 901 101 419 461 342 753 689 770 312 997 486 326 417 56 376 31 47 536 175 969 332 287 13 709 933 666 272 392 407 794 496 161 893 620 709 207 741 24 119 974 764 487 983 895 731 125 972 838 93 914 77 710 76 140 711 124 134 794 592 86 583 541 598 470 560 658 377 97 689 651 643 105 659 414 591 355 421 757 194 591 807 555 237 739 877 945 8 476 561 312 559 993 748 277 288 754 210 363 76 853 371 897 280 190 773 916 647 238 692 558 885 82 552 755 861 31 723 996 536 813 364 391 979 693 43 668 515 516 122 785 974 846 839 963 360 96 462 297 816 915 45 818 860 874 942 411 426 593 469 616 437 871 340 303 254 967 861 589 279 145 576 817 212 710 823 723 447 462 557 126 221 900 191 648 655 810 708 
309 658 257 391 651 800 392 553 857 629 797 782 736 34 621 918 48 991 881 497 226 60 566 758 819 67 563 409 588 302 21 819 290 504 327 626 214 789 500 9 697 467 937 552 387 426 708 382 401 296 170 643 179 100 18 933 323 897 728 879 878 756 518 426 963 114 826 32 308 864 462 383 541 526 393 301 954 979 792 688 233 515 50 234 573 99 913 966 28 340 568 57 958 498 462 835 216 372 526 503 429 441 199 348 192 910 888 171 573 313 647 935 46 96 8 4 593 601 415 233 222 42 464 787 715 505 123 311 60 614 338 617 617 546 268 926 81 208 827 373 57 104 294 58 700 137 918 361 273 490 15 601 901 838 218 200 776 842 970 993 531 660 0 78 986 447 129 865 783 791 956 38 783 762 676 819 628 914 658 296 775 624 806 644 197 35 591 982 662 289 237 924 646 902 755 514 267 218 17 858 2 480 256 727 973 246 43 134 619 739 302 585 301 265 404 72 725 720 532 202 566 240 150 550 737 686 308 583 172 901 306 552 986 373 682 734 405 29 711 152 414 465 209 292 594 68 87 601 220 212 852 363 12 244 703 482 854 371 72 792 860 542 314 562 61 633 429 642 931 581 783 453 801 604 423 764 554 583 808 207 782 613 859 33 450 847 362 70 256 266 894 409 658 557 290 9 500 157 29 594 881 641 78 953 13 207 159 243 445 500 112 386 846 760 739 304 504 11 848 594 462 346 755 957 994 817 863 691 290 230 544 881 422 371 816 240 140 211 698 479 389 886 118 445 19 448 57 323 132 439 230 678 927 433 47 556 142 849 254 175 167 81 157 432 722 893 519 95 413 491 836 847 710 830 757 708 581 736 639 827 693 274 566 715 446 805 653 302 903 895 820 304 381 357 733 653 301 176 109 572 416 130 47 177 103 932 409 404 484 218 445 452 807 650 776 664 339 348 856 656 552 933 168 471 0 685 380 368 257 23 391 395 812 835 259 23 597 992 844 402 743 831 510 203 583 845 192 661 68 752 918 848 479 399 743 365 195 103 692 189 528 33 6 836 711 923 983 761 2 908 330 7 17 250 90 705 104 922 642 157 191 518 149 50 489 378 379 598 695 972 349 786 674 737 916 884 136 758 577 802 
474 905 27 315 231 361 504 924 393 236 75 466 397 611 478 578 892 647 366 324 194 487 577 247 538 455 945 199 367 46 597 603 898 265 23 399 761 866 423 909 478 756 540 260 470 94 534 815 815 82 789 495 122 904 86 218 876 938 481 721 662 905 466 443 780 808 981 816 882 965 315 5 840 203 405 814 824 319 826 701 617 844 743 522 151 386 875 284 689 165 757 87 900 157 171 335 550 834 500 870 26 84 819 491 495 652 629 189 283 400 255 360 997 772 165 132 842 601 777 303 765 277 209 711 252 333 41 86 196 195 528 44 63 832 487 247 722 485 162 295 793 297 441 146 375 373 940 239 898 40 254 284 730 528 666 101 921 370 268 137 977 427 375 372 275 808 197 408 594 858 832 836 880 604 477 937 292 338 770 883 172 722 838 975 886 516 220 624 29 274 14 845 308 135 526 618 927 742 46 753 478 584 788 327 770 165 367 71 321 408 863 632 530 653 195 943 766 423 581 670 764 290 541 653 97 930 415 678 431 56 924 922 921 217 398 269 712 529 657 976 391 783 929 316 80 685 50 854 888 909 759 847 58 949 372 810 411 6 525 227 534 276 348 327 584 497 604 671 426 884 822 126 432 543 54 87 370 117 751 501 970 914 399 788 94 958 360 16 675 326 611 664 181 453 383 575 412 446 515 487 383 693 908 468 320 225 333 129 99 453 97 916 814 313 238 653 507 393 3 514 113 138 78 29 331 924 89 961 719 39 268 442 224 254 771 175 492 991 884 424 863 634 79 140 243 503 451 211 778 646 894 63 201 195 572 527 437 325 733 961 567 304 738 165 965 698 272 358 738 494 850 797 953 429 163 245 900 857 846 33 1000 956 692 7 252 257 648 672 901 892 725 700 652 231 433 874 301 960 47 682 273 198 290 773 242 661 822 161 835 513 907 164 61 931 299 95 162 796 754 645 553 258 40 963 563 502 915 182 114 896 196 908 724 943 775 594 350 485 115 813 845 156 878 395 996 838 855 75 654 671 137 60 429 725 828 213 321 204 734 882 623 501 702 948 364 773 460 0 772 427 714 778 113 5 704 568 771 122 79 722 80 552 28 528 711 985 539 392 987 977 757 174 848 732 219 240 0 239 449 699 
188 596 773 339 193 863 278 997 715 923 909 350 78 917 140 915 360 492 453 399 656 951 638 271 291 520 262 700 568 459 528 1 491 64 924 778 528 380 231 2 795 464 618 446 222 769 453 842 948 25 546 590 952 921 805 418 466 962 223 891 611 26 367 892 664 267 234 741 547 639 8 890 783 104 833 360 190 956 341 693 458 24 808 878 493 619 820 247 102 411 660 814 646 53 15 29 741 182 603 776 636 75 618 665 689 336 418 888 690 213 328 574 798 124 178 196 713 12 344 282 430 573 814 874 776 597 43 848 812 905 726 956 883 206 990 876 64 495 818 756 943 612 928 887 524 26 547 780 182 361 100 767 188 983 527 520 394 577 257 948 133 828 224 624 451 955 902 77 507 205 253 95 43 283 817 847 935 112 560 128 222 472 611 499 191 134 577 637 905 112 419 766 660 53 637 918 448 33 263 552 407 1000 840 707 848 545 348 903 911 754 764 951 783 578 380 68 816 922 92 526 29 368 232 398 613 427 889 825 393 568 730 608 553 149 130 380 267 855 639 442 903 53 62 909 288 5 480 660 519 367 449 178 595 292 905 171 359 587 87 722 667 96 399 366 823 751 54 245 315 290 518 785 850 566 539 638 925 630 354 523 26 19 316 715 305 348 558 517 416 894 558 400 516 485 227 375 739 569 313 9 193 899 263 326 267 505 701 824 849 266 269 641 326 846 394 867 108 485 970 427 986 217 960 731 309 989 967 721 856 245 935 304 67 864 85 822 773 962 76 395 599 757 761 578 41 809 632 83 318 536 470 616 450 560 480 703 887 256 153 420 83 415 641 374 170 121 563 524 919 421 296 743 687 268 777 56 212 149 418 978 79 826 350 33 294 336 826 925 242 544 90 357 697 845 754 436 763 497 342 279 474 999 532 659 76 597 382 135 203 33 960 406 580 970 817 170 692 82 872 526 75 25 914 736 617 974 124 355 357 902 281 163 853 985 371 127 502 847 485 441 794 658 908 635 229 422 359 48 818 167 47 793 988 677 898 190 456 915 582 808 231 850 736 762 225 587 345 774 438 145 227 904 368 71 201 368 217 187 662 207 306 301 830 495 874 173 36 123 279 551 951 879 174 675 870 187 916 488 224 927 
519 201 322 847 148 560 989 321 462 509 626 847 137 249 704 55 100 120 92 853 464 427 120 391 661 948 174 747 923 780 723 559 548 85 895 208 707 306 466 966 521 531 341 779 188 947 499 309 836 463 461 394 429 381 382 198 65 289 670 579 832 111 636 137 751 608 74 450 225 16 655 936 18 423 987 97 577 508 629 315 638 232 51 589 251 344 288 645 878 483 741 970 200 140 301 430 976 360 30 228 328 372 501 377 24 523 432 758 464 967 537 71 878 380 615 290 52 651 95 492 159 310 739 232 951 326 397 758 168 378 763 638 0 761 547 787 583 488 936 603 848 859 497 563 934 562 908 212 180 399 285 214 77 485 486 332 582 878 864 290 994 56 357 264 780 718 128 416 350 46 985 326 987 715 420 109 333 89 88 638 232 529 450 604 218 842 748 610 263 978 111 6 293 831 245 272 629 648 109 614 896 811 157 203 997 707 235 944 898 346 79 33 253 405 910 143 863 220 59 340 975 823 881 505 687 354 707 971 674 629 508 660 40 583 347 612 108 967 171 645 468 645 614 841 945 721 336 971 732 363 772 949 976 3 956 866 9 583 971 348 536 589 521 495 144 797 204 280 292 202 987 51 549 910 579 943 465 330 835 154 461 588 90 626 84 407 551 10 319 43 227 423 839 216 80 516 492 142 227 825 251 177 818 47 540 253 537 278 982 275 166 595 569 336 62 125 540 44 490 235 554 10 24 970 75 3 895 860 847 941 102 868 194 516 800 231 505 66 405 641 351 529 539 803 428 709 76 674 368 444 588 815 835 773 558 495 26 651 834 29 270 473 242 286 993 988 603 326 495 42 207 453 159 290 996 433 587 625 258 502 884 330 174 762 752 910 915 837 227 982 223 507 915 554 900 747 842 5 109 322 367 247 530 45 435 79 12 110 655 513 571 741 444 438 495 355 395 442 305 708 471 204 249 689 366 823 483 318 284 711 29 184 952 145 366 716 207 633 462 622 109 905 600 499 671 839 38 231 235 265 498 369 602 989 530 12 442 421 407 436 916 237 200 175 695 114 177 993 619 658 536 592 610 23 198 721 294 392 677 128 980 968 713 667 648 293 772 375 696 946 244 66 182 234 417 590 253 166 247 586 
932 25 824 547 492 400 854 678 929 872 993 250 287 825 37 820 678 143 230 591 330 659 380 895 525 680 565 461 543 479 136 943 456 945 661 712 985 315 307 465 369 204 663 314 134 783 472 723 278 299 283 438 52 482 905 856 115 166 540 737 816 66 200 352 751 967 874 858 112 596 664 263 445 171 241 925 840 409 648 373 39 558 423 742 550 220 763 967 978 895 964 426 185 499 696 84 0 211 401 774 565 105 960 461 272 439 619 15 135 655 341 987 952 283 377 694 742 923 634 261 514 896 423 0 582 26 422 47 641 464 790 549 212 723 685 606 297 679 56 681 702 892 280 538 438 927 251 399 921 583 538 236 93 70 718 136 548 311 478 395 76 336 825 217 464 524 671 478 722 222 225 462 608 665 269 804 381 165 706 606 650 145 903 298 423 917 464 766 899 775 166 173 935 681 780 574 1000 979 956 741 150 751 748 632 433 326 603 771 410 90 536 529 510 45 619 663 119 136 392 589 62 507 106 862 208 101 141 569 415 556 739 737 748 782 496 190 764 80 172 256 603 751 491 82 923 699 287 61 982 997 574 901 903 217 52 999 898 747 558 723 172 960 931 197 655 661 712 214 274 432 972 456 821 733 213 617 457 378 97 198 525 966 513 197 395 514 228 472 856 555 267 329 152 78 362 648 821 807 18 679 526 875 552 6 525 93 842 12 398 436 307 813 329 207 122 692 50 577 735 807 493 186 245 419 413 511 91 145 975 337 994 460 747 534 849 553 573 439 834 1000 978 916 245 206 400 758 379 868 773 85 684 54 358 499 154 912 371 118 274 446 138 310 547 533 507 866 794 99 175 465 923 827 258 109 210 880 869 241 499 525 771 535 715 286 33 909 77 466 181 967 558 990 88 4 242 773 25 72 169 238 966 576 190 804 164 245 499 617 366 430 840 234 408 954 160 677 766 138 977 816 557 762 445 310 907 949 939 580 102 177 614 3 592 479 434 876 824 431 188 248 262 519 398 757 268 839 807 907 446 680 123 294 236 893 985 695 624 766 966 211 563 852 793 698 102 376 865 208 460 333 167 821 732 635 907 318 325 816 635 239 131 802 586 306 436 364 715 953 493 488 8 583 825 477 317 249 486 364 618 947 
133 928 242 205 961 282 350 261 437 134 984 893 155 916 23 42 408 979 768 849 680 197 251 767 488 956 916 955 758 753 219 421 234 916 945 790 335 852 305 693 608 753 384 989 652 450 883 370 415 598 121 138 61 277 342 806 441 323 91 563 236 780 108 754 556 719 125 864 453 619 202 457 138 701 307 143 317 999 476 528 811 738 729 689 997 524 517 813 411 711 150 705 372 97 303 347 57 36 46 767 199 980 896 889 918 69 478 580 367 192 856 746 607 13 83 607 954 299 935 695 23 427 825 749 340 270 608 834 256 738 649 414 701 135 909 957 514 549 857 763 262 199 549 673 333 882 454 604 333 678 757 207 116 126 701 266 256 182 214 845 211 111 842 497 531 416 887 836 785 419 231 884 951 193 86 741 687 949 859 460 485 871 572 617 407 243 572 820 549 996 235 631 750 254 383 441 536 896 396 261 665 426 105 683 162 394 195 126 755 428 783 869 608 329 723 960 158 820 589 859 621 671 228 821 795 931 869 680 981 760 586 799 384 811 462 964 626 65 502 365 598 273 608 199 632 3 352 42 329 79 112 425 858 498 121 951 109 734 427 610 348 967 133 391 76 759 207 274 125 258 583 604 159 739 588 762 512 982 205 100 834 883 862 289 897 525 600 714 522 503 225 545 188 698 570 32 422 20 862 0 698 983 903 967 11 868 256 606 174 353 245 541 969 710 712 552 69 781 152 206 512 314 235 951 296 721 252 356 112 362 146 728 821 344 305 66 86 540 539 509 848 309 299 458 544 545 993 785 113 633 846 567 159 304 692 591 544 663 677 409 346 618 861 244 786 799 840 158 669 610 360 0 739 289 349 72 484 233 373 275 294 853 161 967 985 450 495 417 944 182 257 649 145 992 656 103 930 865 116 837 876 50 161 709 412 585 876 586 829 789 390 239 650 440 265 410 725 822 588 620 441 409 296 994 288 164 927 401 479 414 796 540 92 618 224 183 458 573 990 811 461 244 445 398 678 585 121 689 279 344 880 953 59 534 891 427 731 594 494 695 99 771 376 681 321 782 180 469 308 595 185 481 178 670 9 815 893 349 69 102 81 519 735 894 532 237 783 743 289 303 6 220 785 214 25 60 521 186 512 259 
938 512 877 396 3 822 688 107 641 189 670 249 61 387 55 993 420 565 182 515 585 296 501 761 908 858 418 583 311 286 179 239 17 70 296 855 808 803 270 610 906 617 454 235 33 157 373 793 984 321 61 374 509 911 873 595 126 908 694 560 451 679 501 836 858 792 74 826 814 342 941 488 276 165 278 701 404 205 368 235 278 905 998 480 861 0 635 948 281 367 896 869 145 506 878 833 844 305 72 395 980 398 720 251 438 281 109 538 646 968 773 448 447 898 681 697 925 242 981 740 445 155 415 472 417 631 231 651 719 618 121 771 334 430 241 396 421 110 746 254 620 961 479 36 663 556 234 706 405 262 569 527 607 867 454 140 616 18 366 213 888 240 985 309 833 927 535 854 944 240 313 599 715 345 939 864 412 845 968 228 905 250 483 222 739 1 601 853 41 844 953 949 599 456 791 910 951 907 374 92 1 945 903 566 26 669 434 907 829 926 938 338 587 986 755 274 408 174 815 308 190 907 641 606 132 425 461 364 917 719 636 815 57 299 447 459 397 200 155 578 505 683 947 850 117 121 710 756 61 171 678 815 698 887 145 724 531 909 690 689 431 293 760 604 426 890 720 365 385 683 213 100 425 751 381 976 892 652 628 384 633 966 711 205 472 245 779 721 340 1 292 621 280 772 843 824 518 649 262 858 581 265 324 212 977 877 697 50 170 785 204 65 359 35 67 176 9 386 26 35 606 297 310 813 834 709 50 851 78 938 461 243 630 97 836 404 37 360 673 559 851 21 856 382 830 519 251 941 823 163 252 730 384 276 167 732 171 202 156 449 174 168 925 41 10 291 347 892 841 31 306 283 555 987 978 845 962 202 376 193 277 728 816 856 871 100 639 578 794 743 822 58 323 913 809 50 125 950 600 650 195 345 608 242 76 644 629 312 372 356 721 773 124 192 184 701 373 655 773 117 753 684 259 736 640 2 741 882 83 699 365 73 503 52 19 217 34 987 432 430 438 275 774 932 480 521 53 744 982 334 181 424 490 441 150 213 603 954 597 168 339 154 289 651 271 0 316 695 842 632 863 436 404 646 494 11 205 177 203 823 702 648 366 728 912 479 151 413 27 191 145 228 1000 617 300 372 954 531 374 32 
418 857 691 905 737 883 71 970 958 461 407 558 108 954 746 578 267 511 747 661 593 172 976 61 241 894 955 407 456 624 890 4 774 334 888 622 911 923 673 460 220 150 682 439 694 89 216 916 208 164 520 691 902 178 371 564 266 510 515 273 604 811 156 811 188 781 291 558 74 555 405 790 888 999 384 986 689 593 713 549 213 972 779 712 81 79 49 391 420 224 310 941 18 758 551 120 186 700 902 129 860 990 329 318 68 559 699 156 721 713 153 66 370 728 274 959 798 859 330 148 59 230 946 998 491 521 588 57 847 29 615 369 841 906 87 126 293 440 812 691 317 149 751 602 105 590 23 88 941 145 400 302 63 835 619 609 131 636 293 658 937 285 455 449 946 646 837 951 92 55 186 727 226 599 654 919 517 574 83 843 665 145 345 145 424 40 640 979 252 990 240 426 684 69 339 177 595 943 511 446 373 612 576 709 498 206 863 878 622 706 407 618 523 996 536 238 633 307 275 650 558 478 542 160 529 477 509 569 915 160 491 268 128 164 688 350 530 474 232 808 756 816 985 271 329 339 927 710 134 404 566 933 485 623 28 226 285 536 265 452 381 136 218 109 372 0 357 976 34 117 711 437 826 729 309 42 926 571 152 139 835 507 513 994 633 804 648 443 434 445 352 818 182 193 698 711 893 645 899 455 872 364 424 686 487 847 530 195 675 988 256 697 293 633 939 624 643 574 159 625 982 612 121 992 207 683 210 926 103 238 622 671 685 934 374 247 253 52 299 574 212 763 838 596 296 298 387 97 655 927 105 318 365 381 27 222 222 574 64 769 231 971 972 548 839 124 314 72 427 393 502 895 734 890 797 815 738 907 736 669 706 951 681 755 105 208 93 768 372 422 363 908 863 279 237 89 641 725 382 655 818 334 455 376 611 185 965 637 333 563 835 268 387 270 364 243 320 248 719 547 220 288 463 595 961 795 334 723 853 5 714 160 642 322 450 166 25 117 944 960 383 796 852 454 67 493 114 449 677 610 900 582 49 731 641 849 63 31 699 635 757 332 762 201 430 426 170 153 682 780 738 661 939 888 528 38 742 296 239 98 110 977 295 394 447 12 809 638 648 916 366 926 172 785 160 198 38 773 157 556 
555 184 999 786 563 951 911 936 536 574 686 272 830 268 834 507 54 25 511 779 983 548 356 290 384 813 596 613 699 410 335 281 980 426 892 978 356 901 750 701 335 952 227 535 857 169 165 272 169 314 39 209 548 798 557 855 803 270 169 958 815 635 144 262 512 114 826 7 151 528 252 654 650 802 850 344 899 439 394 279 286 172 668 55 30 44 296 884 111 492 116 803 184 54 778 220 783 934 505 779 443 54 372 602 867 170 31 287 1 560 862 249 900 330 120 577 708 453 290 527 340 259 69 210 766 163 184 652 473 81 170 519 885 167 519 939 42 697 74 750 199 539 90 814 44 544 668 381 468 21 271 930 102 688 56 618 683 46 976 766 991 278 66 786 588 679 783 1000 504 174 162 672 392 244 930 693 182 891 454 427 439 322 788 119 428 758 697 832 555 613 267 873 885 989 3 360 742 107 930 480 555 585 414 127 849 107 324 89 334 570 33 343 153 29 931 24 151 783 544 44 708 210 209 412 545 32 454 276 155 580 28 159 412 798 311 554 457 93 451 532 650 122 307 22 518 567 19 745 819 391 211 527 382 764 644 574 539 914 124 558 741 851 424 162 163 462 862 680 350 7 583 447 664 593 636 605 397 397 849 940 488 259 372 615 326 282 70 651 146 274 763 119 585 48 95 932 732 607 615 891 201 419 587 477 371 425 286 724 521 671 603 410 987 418 672 496 117 462 371 945 125 396 903 25 683 921 162 332 52 529 354 641 412 63 501 850 994 795 840 331 590 232 950 417 477 568 53 56 829 359 409 501 311 114 620 270 509 281 811 524 170 6 34 682 507 166 118 470 25 184 460 54 951 182 83 508 15 670 377 962 740 863 342 370 23 761 461 581 99 660 709 132 605 805 79 511 787 753 982 996 614 724 266 18 822 478 28 973 767 574 285 813 543 165 138 688 150 503 475 909 330 364 696 0 564 836 128 896 312 744 969 597 371 376 438 821 243 777 716 351 345 390 901 397 763 893 34 870 998 852 247 265 584 21 612 236 283 967 398 745 274 660 65 716 314 955 637 349 159 630 821 584 401 372 450 343 878 645 95 321 909 252 245 251 975 923 740 433 420 83 238 470 55 498 140 535 457 16 881 743 
211 988 303 134 764 892 78 489 613 100 780 478 807 634 316 496 828 859 137 377 14 440 582 319 641 115 303 832 429 521 291 320 927 723 684 688 195 756 326 862 957 807 333 309 847 538 972 985 453 192 154 405 990 912 938 107 291 874 732 352 14 535 968 59 511 783 606 907 416 487 116 587 269 833 463 773 454 656 415 7 574 280 747 225 181 18 313 744 263 882 174 295 286 866 524 919 229 825 405 37 471 5 102 509 122 834 986 439 861 443 764 408 515 228 376 84 823 945 999 668 664 776 744 995 356 311 572 571 537 719 338 440 566 535 386 468 346 194 699 213 954 757 325 823 792 471 852 56 693 763 843 237 624 544 54 492 278 854 727 770 712 945 75 986 589 346 113 779 778 271 17 514 320 601 85 466 411 390 880 56 728 245 492 362 337 114 719 704 674 272 904 205 626 853 950 973 122 173 1000 751 945 16 502 470 108 20 158 797 646 83 360 331 171 950 51 969 702 397 107 795 879 558 140 41 608 254 518 927 697 961 435 608 913 791 248 735 730 186 509 148 557 322 539 469 891 618 392 384 331 678 611 733 958 888 606 212 536 554 486 486 248 425 293 363 947 784 860 840 279 488 304 597 998 647 696 294 904 989 747 606 77 919 997 23 630 43 966 28 30 406 563 418 545 86 967 257 848 449 748 658 365 561 384 880 502 18 928 635 355 678 251 639 453 870 755 906 643 116 55 521 562 823 585 443 315 865 62 765 370 227 506 403 115 638 864 985 667 382 865 900 397 54 487 497 933 119 897 234 606 782 541 802 693 425 61 166 791 58 683 673 765 422 154 433 446 670 994 202 514 690 576 894 78 312 517 410 363 556 22 733 278 752 444 201 929 641 169 847 528 187 652 707 637 398 738 196 130 110 535 749 585 202 260 319 639 231 29 926 926 773 717 762 327 491 846 926 672 207 823 682 106 571 306 217 86 76 898 102 46 434 639 216 663 781 907 794 485 561 542 144 577 960 327 710 560 407 544 747 386 48 824 263 646 111 411 193 1 717 142 456 795 342 741 221 512 461 937 971 885 942 819 882 859 58 280 661 941 405 337 713 912 61 339 745 55 581 258 411 895 661 318 22 770 647 301 29 993 571 578 745 
413 12 113 576 707 719 364 507 304 854 763 430 932 684 284 378 228 747 993 471 762 477 195 522 615 807 688 744 644 220 464 176 877 946 627 19 704 756 808 740 214 519 251 261 732 504 512 384 504 848 542 240 449 441 860 231 25 871 599 511 201 457 721 38 765 63 332 340 854 162 159 724 747 372 354 796 643 443 70 249 315 673 426 790 17 981 715 28 696 124 442 952 221 902 975 885 247 259 289 321 302 339 402 91 446 246 53 213 242 381 330 937 140 531 226 855 532 307 930 867 270 301 507 50 896 789 732 617 4 779 623 632 83 638 226 927 242 808 232 249 687 214 92 870 554 165 308 706 459 122 945 540 47 232 251 760 245 356 907 413 6 889 901 820 550 448 257 183 428 758 705 0 749 288 200 220 459 604 480 859 330 698 573 628 200 178 845 997 248 835 221 255 656 713 40 94 726 284 744 518 33 102 660 909 2 171 144 500 299 964 630 996 347 693 461 109 490 962 532 85 157 72 135 826 46 294 719 424 743 667 245 195 402 273 411 891 840 736 59 533 810 566 907 767 400 506 582 97 789 482 174 924 515 560 733 765 871 147 922 213 780 43 882 431 189 223 927 264 654 318 704 364 718 363 320 554 70 19 831 195 940 251 283 59 331 235 738 468 708 126 221 643 304 584 563 538 812 446 993 617 694 118 502 506 647 608 338 683 277 569 620 295 516 680 116 578 301 855 218 440 901 707 36 768 486 78 572 330 912 182 139 894 597 802 58 182 802 705 2 5 595 77 957 270 924 269 594 381 302 680 341 283 270 718 34 595 2 690 303 569 879 707 651 702 668 441 229 160 235 728 977 531 659 119 107 867 359 888 379 501 680 13 461 792 545 92 209 295 343 351 284 740 326 949 391 579 353 660 660 701 592 72 661 751 763 555 389 693 346 157 302 398 447 787 696 237 946 166 167 244 567 557 769 973 754 581 407 116 18 655 697 665 233 964 257 488 244 640 649 628 695 846 867 552 145 890 983 54 457 399 493 307 294 454 268 847 616 932 335 611 503 801 737 177 778 154 871 864 777 897 485 699 266 70 589 715 759 938 104 335 241 553 28 49 989 707 528 528 825 410 441 326 115 193 849 177 374 311 735 707 
682 608 661 824 861 77 16 698 807 844 845 209 864 136 98 990 58 150 39 194 98 572 656 596 927 840 723 908 636 580 805 657 35 642 43 145 157 204 49 388 245 690 708 557 7 937 694 322 871 304 232 599 176 999 985 849 667 489 624 175 854 42 107 75 974 754 694 582 518 219 456 116 505 516 746 740 97 296 859 559 346 829 56 910 507 728 273 280 231 987 12 824 42 457 512 580 193 399 123 663 714 525 853 606 592 970 214 865 140 761 844 595 810 37 238 558 349 841 688 797 708 952 609 26 588 738 369 164 107 250 295 213 499 673 271 172 591 2 880 28 249 27 124 263 412 280 668 778 196 610 377 642 881 225 445 806 46 767 902 833 207 86 631 231 813 344 820 0 99 89 766 933 174 509 17 762 938 898 832 844 849 406 755 292 316 516 776 119 437 933 494 266 195 170 342 408 652 623 150 846 921 507 433 102 720 756 79 293 483 165 659 898 681 107 109 667 105 348 623 161 323 202 915 807 255 190 190 827 974 310 128 11 604 644 371 706 409 899 332 487 387 34 117 231 611 153 455 341 889 716 105 531 5 961 179 794 610 462 260 387 633 473 272 26 723 510 867 413 725 884 659 123 138 876 64 155 381 24 80 408 905 521 411 888 67 762 854 78 672 11 90 905 248 623 201 730 208 393 759 121 943 732 574 49 590 139 236 608 468 467 462 153 218 512 139 422 859 411 988 351 19 290 618 264 948 492 608 679 462 23 654 789 257 405 354 74 752 272 571 992 708 122 939 268 517 958 237 579 253 830 971 209 371 147 64 853 326 557 252 339 637 689 50 689 434 517 434 308 244 876 101 369 896 922 234 562 900 367 721 296 6 738 354 546 977 220 304 262 283 418 804 995 361 698 339 854 176 670 308 346 404 108 421 268 65 751 637 482 308 130 421 28 360 920 565 266 321 1 873 638 678 853 931 205 59 218 869 781 337 953 226 511 617 739 374 366 202 78 308 859 16 729 915 926 488 421 570 753 698 581 480 524 880 107 205 984 337 842 470 199 655 360 307 535 195 577 752 624 16 96 811 579 507 829 423 779 794 63 609 443 411 625 609 945 153 970 33 211 945 483 40 371 214 225 851 701 146 462 538 131 
160 724 231 12 703 227 832 382 976 650 171 247 777 551 550 475 972 97 49 232 29 537 847 316 70 1 375 759 13 413 442 491 656 879 719 7 40 517 325 415 656 658 105 214 887 269 318 567 292 663 704 206 367 626 651 481 331 662 679 275 668 831 760 126 867 128 470 211 48 791 685 470 804 922 469 346 36 833 492 862 945 891 469 890 130 470 472 331 688 912 997 13 449 700 953 185 294 883 893 802 913 938 421 884 746 852 27 946 31 52 676 886 416 810 192 392 997 228 980 848 856 221 644 574 326 551 380 647 100 631 316 359 779 531 417 720 978 99 305 53 137 81 433 314 894 320 310 161 691 43 165 958 355 487 3 941 523 582 374 784 278 781 109 344 723 778 92 738 172 642 600 896 401 79 781 336 786 337 909 568 814 299 472 463 327 901 425 58 854 763 329 477 155 246 38 365 892 489 901 609 488 523 104 768 256 814 941 71 436 325 936 608 918 277 60 79 35 922 152 552 181 449 938 665 754 169 367 104 627 480 934 651 294 741 897 618 103 71 7 464 231 34 239 375 158 863 350 547 293 412 957 972 945 262 947 324 678 119 297 196 433 909 610 364 231 274 703 701 31 241 855 1000 249 651 363 995 800 732 567 234 504 226 653 822 367 439 825 42 677 733 413 244 593 642 291 940 878 675 488 153 48 111 689 718 703 612 183 429 497 746 614 549 402 43 563 917 824 462 740 657 434 332 241 252 514 120 416 436 929 824 88 800 403 449 327 133 905 993 881 37 295 794 313 601 498 26 425 769 352 330 135 590 679 716 792 440 251 755 514 829 601 443 814 540 255 969 603 102 800 360 757 851 43 478 690 502 121 696 525 375 944 542 171 848 47 509 363 9 843 506 573 319 252 805 583 667 648 743 286 454 956 267 702 631 454 291 158 522 313 775 704 379 866 920 206 363 778 948 868 461 699 630 794 442 8 229 631 640 186 731 886 496 933 680 300 177 117 67 180 508 274 205 777 85 84 297 957 808 809 366 448 49 255 913 48 984 685 605 243 990 153 697 400 135 340 775 710 407 927 259 575 987 835 668 28 211 198 426 246 387 719 926 295 956 533 427 388 132 119 655 815 300 843 9 349 263 168 788 182 115 
857 891 28 602 933 625 396 499 455 821 488 457 527 454 771 677 215 740 722 746 273 825 559 213 348 61 766 351 403 481 810 316 570 789 217 818 979 1 807 993 823 167 60 93 269 123 406 313 765 992 106 255 107 571 453 115 887 262 290 509 861 605 152 816 402 740 597 129 578 528 296 880 927 279 526 743 875 350 629 188 960 160 348 337 242 422 728 189 480 892 98 427 422 261 138 433 53 696 712 682 51 995 792 633 704 148 847 35 120 311 139 659 168 203 532 463 969 996 171 615 864 495 46 458 134 637 146 467 532 934 751 193 447 997 768 122 59 574 559 541 791 784 122 459 281 174 131 354 103 134 138 956 581 471 651 324 328 421 885 55 167 952 481 21 382 521 14 536 636 344 576 942 398 352 611 532 252 713 460 977 571 609 554 468 550 62 662 227 270 834 389 356 719 113 136 819 198 503 365 866 626 943 624 708 379 900 746 609 209 136 813 818 901 194 734 834 70 542 428 603 428 230 999 619 956 160 356 341 543 479 400 623 383 142 576 353 942 835 79 931 268 636 994 460 481 257 128 641 465 85 591 716 675 287 467 936 237 33 216 277 202 871 667 356 319 291 352 17 464 298 606 223 769 753 958 412 100 755 798 523 516 838 985 664 614 67 18 591 484 243 662 256 646 280 683 323 322 619 279 527 178 512 929 274 151 715 649 956 567 726 16 72 60 271 413 137 86 118 31 784 913 956 240 928 361 677 867 307 430 331 376 193 748 875 537 374 763 706 365 232 695 686 188 833 967 281 194 755 582 255 884 23 282 351 956 955 796 330 689 608 487 243 729 16 23 96 342 236 404 640 671 151 596 105 580 113 422 414 684 297 17 166 591 646 385 981 744 11 24 558 908 616 168 464 381 720 747 7 289 931 946 813 27 634 947 136 248 472 694 125 374 796 988 848 875 450 956 101 313 815 86 858 440 447 220 405 844 346 109 291 833 24 416 689 661 388 84 353 561 142 713 561 857 340 260 450 567 613 72 535 162 746 498 152 697 972 423 41 434 765 991 589 54 926 912 410 458 665 540 139 745 331 619 317 463 514 1000 750 481 460 813 330 174 915 749 878 115 868 40 264 450 884 248 961 638 269 710 39 82 786 
82 856 728 488 47 624 43 716 191 446 962 444 699 459 6 921 922 337 874 94 16 544 956 670 666 353 547 374 806 102 494 237 585 615 341 220 294 340 327 653 76 32 884 763 796 559 979 339 382 574 444 380 667 466 876 336 420 58 986 473 924 982 595 913 664 892 54 379 118 283 949 343 386 603 441 241 912 278 875 755 239 171 937 167 628 686 174 948 554 384 272 261 474 914 427 865 275 534 184 311 858 854 804 30 536 661 177 631 892 20 234 971 177 412 571 513 297 423 968 944 136 118 53 936 332 69 677 330 360 560 87 103 883 874 496 705 132 22 475 357 324 38 805 233 81 781 219 497 137 830 702 851 832 273 6 591 441 948 950 679 824 384 342 527 712 268 494 172 209 945 634 162 436 138 305 460 595 359 8 473 76 706 555 608 966 67 90 934 259 769 529 378 909 924 835 989 989 940 656 741 157 782 581 844 744 413 180 824 179 683 617 445 446 997 285 336 108 493 104 86 111 811 257 550 647 117 665 640 967 266 27 923 867 890 452 796 952 344 642 584 375 697 489 218 163 734 348 144 258 883 867 692 990 358 575 646 963 480 547 697 187 971 576 342 395 423 888 537 529 990 590 764 616 289 48 94 95 456 296 817 610 178 319 924 203 73 302 510 450 691 327 736 561 557 127 979 238 705 976 917 950 538 107 517 478 811 552 596 919 758 694 513 950 314 479 957 969 187 196 542 428 426 675 924 507 659 455 556 921 474 305 88 354 483 766 908 238 343 968 773 435 80 257 64 350 658 23 476 8 853 307 925 712 695 621 733 791 345 836 647 220 578 318 106 375 346 550 630 363 228 817 756 603 976 684 809 1 145 913 732 345 587 793 80 389 781 632 722 375 887 953 719 559 126 204 40 548 11 782 546 171 753 647 653 198 512 625 454 512 93 720 871 177 948 655 398 763 976 356 685 874 353 88 106 534 808 709 801 567 804 364 42 584 17 334 979 612 746 914 960 927 505 423 233 394 312 102 455 496 544 613 821 925 34 945 785 165 766 515 428 600 340 961 919 315 748 409 402 9 757 580 164 192 632 641 710 330 176 487 508 92 700 947 454 452 680 823 445 301 930 231 350 183 613 418 489 96 92 181 770 
137 95 951 24 332 376 388 389 768 237 365 384 510 947 276 617 382 687 303 712 137 474 292 794 524 266 418 112 133 130 675 115 964 959 908 745 407 322 718 367 464 161 107 827 896 746 865 435 493 213 292 379 301 566 539 833 701 882 434 28 563 656 508 894 170 379 597 287 153 383 368 384 214 84 215 98 822 967 422 16 365 509 107 654 154 402 871 624 83 477 396 256 247 990 312 426 240 971 551 145 918 520 979 420 68 910 679 235 910 790 725 919 571 185 675 945 445 362 138 707 441 886 100 623 551 862 134 571 37 309 499 170 209 143 895 632 221 344 126 400 149 775 445 132 78 311 839 310 86 858 25 112 816 334 850 518 616 920 297 817 209 633 838 29 844 666 311 305 182 850 119 910 195 280 366 731 802 277 631 274 585 408 610 768 511 797 514 799 905 454 40 833 33 36 655 823 177 652 712 607 749 722 111 437 926 535 13 271 970 375 834 484 154 333 401 215 182 972 776 581 746 563 740 373 639 410 846 443 948 736 648 731 180 153 291 865 390 5 71 397 254 241 603 718 88 671 776 357 968 631 899 33 60 708 747 538 496 780 620 43 752 51 245 446 840 90 927 607 78 332 464 1 477 839 112 953 207 830 582 198 491 364 123 187 628 290 260 784 258 357 447 577 155 454 280 617 536 248 853 141 61 212 177 573 880 453 639 794 715 322 106 584 410 626 460 933 316 126 995 478 253 565 555 402 209 212 128 35 996 687 881 159 793 857 126 254 828 722 580 242 778 425 736 364 477 659 443 764 648 942 364 525 735 811 24 717 793 865 672 402 828 474 11 135 849 739 844 991 936 382 990 441 362 528 951 653 187 359 749 573 277 624 162 332 899 313 433 869 417 36 759 110 367 807 357 575 980 443 467 191 598 9 271 10 974 173 212 618 186 587 797 968 261 601 468 76 125 23 997 27 207 16 916 899 935 15 367 915 29 953 17 784 699 985 748 431 768 176 368 376 291 788 125 789 850 446 495 99 342 589 107 473 12 541 429 619 386 928 70 235 377 272 83 88 509 160 216 833 465 49 327 303 630 391 571 12 91 769 572 384 809 598 534 399 221 704 240 485 575 897 246 485 549 642 992 624 513 453 982 177 
894 907 244 633 264 889 928 649 69 336 966 432 570 603 276 759 933 701 772 269 597 928 377 146 55 377 869 639 766 776 849 83 580 703 868 242 928 1 268 954 723 356 276 701 685 390 733 455 642 205 861 84 296 390 905 801 157 999 300 563 241 109 143 611 831 822 954 211 248 809 175 660 321 660 621 601 171 30 679 237 219 281 945 333 44 542 545 462 228 603 496 721 845 324 740 759 851 339 103 706 279 284 217 852 308 693 968 518 861 216 696 338 736 611 906 674 600 125 545 142 451 977 613 903 692 53 561 49 950 586 269 94 662 239 243 280 958 183 177 451 985 597 471 689 885 142 760 915 258 334 922 104 866 499 581 920 410 98 777 693 566 756 572 378 463 610 800 760 612 314 818 369 903 158 637 433 721 151 292 572 497 22 168 843 922 103 525 625 134 3 576 714 216 721 622 604 79 493 8 260 123 996 211 508 727 267 72 823 358 750 111 65 410 227 188 211 619 770 119 341 70 298 514 543 363 432 879 227 323 560 467 439 639 708 319 742 208 816 348 132 82 841 375 404 129 411 486 962 418 372 734 782 16 925 77 386 554 681 212 129 722 744 200 863 288 89 621 746 469 23 309 737 192 106 848 849 284 589 320 734 315 741 548 663 843 42 192 325 853 568 960 53 803 865 683 688 391 636 54 653 116 478 205 162 866 637 758 621 112 544 487 322 688 186 658 729 760 334 762 288 623 576 791 950 883 474 40 379 530 492 75 658 188 821 340 944 208 0 601 355 781 113 866 599 335 61 323 161 271 798 187 578 404 686 535 631 919 707 978 402 552 873 496 137 833 943 405 48 621 505 750 882 742 81 278 7 197 526 42 1000 518 594 487 904 567 907 816 635 305 770 480 347 201 446 139 110 907 880 111 541 495 653 11 306 713 468 601 260 165 599 63 118 894 976 86 125 995 723 319 704 460 729 85 55 739 818 168 774 953 988 235 897 400 1 580 294 286 616 357 262 197 462 839 446 698 259 763 605 631 86 784 161 137 312 372 434 591 661 965 579 836 424 636 320 494 364 174 686 408 111 745 77 172 503 291 618 69 178 83 907 998 774 227 429 805 386 955 831 905 901 101 464 282 468 795 57 496 54 61 258 
611 975 638 287 549 842 948 204 326 765 419 857 647 813 86 293 326 737 575 623 272 395 871 664 689 744 996 305 779 932 746 429 983 855 141 163 548 721 938 665 973 721 719 948 756 195 607 474 303 630 889 35 765 391 820 591 763 971 190 399 833 757 8 251 843 159 234 491 622 726 409 451 276 317 303 11 133 666 329 518 919 463 164 755 389 934 421 583 483 653 766 726 189 471 280 233 699 290 821 577 863 616 673 114 687 924 300 780 29 712 797 420 659 740 171 779 226 475 274 664 230 425 972 495 91 837 414 571 868 54 326 794 281 477 505 784 964 139 844 510 948 875 516 377 454 483 54 83 768 603 190 829 633 813 734 472 937 673 38 475 476 16 855 397 801 265 497 543 717 893 777 861 924 530 356 944 198 525 900 864 974 120 465 690 305 310 609 609 393 800 780 738 640 198 599 841 805 663 39 704 85 343 661 441 381 99 778 674 715 544 703 703 367 483 679 434 884 997 87 187 723 909 645 744 100 43 446 421 499 664 657 278 202 528 175 458 741 458 634 150 772 380 747 182 322 541 705 144 396 977 898 311 608 723 566 436 467 983 741 288 735 321 657 572 420 664 421 280 230 600 422 712 919 600 627 369 761 737 826 569 550 464 69 144 610 504 429 401 76 866 781 859 147 668 187 285 262 851 819 775 768 661 936 760 506 400 791 760 903 218 540 572 779 373 122 677 969 916 34 949 759 973 757 200 239 197 122 467 728 679 769 155 105 416 109 163 686 482 383 88 934 477 760 185 297 323 10 147 532 584 859 70 581 479 364 442 884 378 383 209 566 696 659 664 808 145 647 34 142 454 747 678 567 12 641 668 666 370 209 755 625 342 700 866 685 145 254 144 562 940 947 404 846 394 576 939 963 558 876 461 547 660 366 111 900 774 463 693 647 579 429 619 784 234 825 399 829 827 627 258 997 159 506 58 449 58 360 910 178 842 141 530 371 247 215 485 182 690 364 479 974 992 326 735 105 50 691 308 850 424 999 325 391 866 562 832 237 668 629 863 147 649 619 335 198 185 946 202 493 89 568 10 262 444 242 886 1000 499 137 632 69 625 620 933 2 420 60 399 125 785 850 36 987 368 666 154 432 586 480 916 
595 491 854 861 1 965 898 291 676 542 702 793 123 371 541 80 330 719 821 420 597 509 826 989 555 373 332 177 146 151 401 175 814 271 312 769 904 766 661 769 961 516 375 587 612 592 658 800 994 138 110 246 715 272 33 187 961 729 359 272 282 842 811 13 480 781 476 80 838 204 442 981 974 164 164 266 336 814 426 417 337 707 954 819 435 397 554 900 537 733 444 818 277 984 282 207 732 364 97 510 233 499 611 450 431 939 516 892 573 661 162 717 756 156 892 144 745 721 622 267 367 694 673 803 645 904 587 222 269 654 840 806 490 67 117 559 978 581 74 496 995 464 486 573 413 182 814 319 440 440 971 13 655 862 201 456 952 386 850 709 502 92 794 493 488 15 198 290 263 223 99 603 506 598 113 271 211 367 629 80 733 172 778 134 749 867 379 201 329 453 61 503 483 544 188 528 493 445 999 73 1000 327 757 679 378 35 230 269 44 371 724 636 650 842 456 996 42 823 354 828 892 844 537 898 566 931 6 877 441 575 740 198 644 711 296 154 115 785 260 931 784 200 501 731 84 33 292 480 944 964 837 101 870 448 445 170 788 940 209 551 952 123 110 701 879 164 808 368 645 45 415 764 584 343 922 425 806 795 55 194 706 508 189 452 250 267 447 894 720 206 910 45 612 402 170 984 526 282 341 967 361 668 351 961 224 125 603 151 708 350 404 994 406 908 954 692 193 987 485 547 280 646 671 566 311 901 17 714 450 265 124 878 400 723 329 810 401 832 373 639 476 210 199 113 396 71 37 859 688 491 278 100 80 154 258 620 215 212 563 437 778 719 852 837 314 554 560 820 304 226 420 99 748 225 705 726 272 339 885 675 547 594 266 996 392 416 138 702 522 33 793 438 115 901 476 570 679 386 124 334 601 435 85 795 85 98 273 793 454 489 276 866 408 675 617 925 627 476 45 527 827 461 505 538 478 666 644 161 303 642 927 794 474 401 687 234 283 829 803 286 636 418 307 25 69 499 92 144 972 780 703 707 459 323 546 827 575 51 959 472 762 840 167 300 358 592 793 67 673 630 317 654 39 262 418 53 579 93 547 798 263 283 674 890 467 995 996 734 392 345 321 126 208 989 696 605 10 40 561 755 
937 945 913 923 455 748 709 209 343 88 46 578 84 549 535 290 173 993 721 465 410 558 469 18 140 501 911 621 807 741 103 405 862 795 483 267 282 334 643 782 681 910 673 569 707 96 735 61 493 122 414 325 538 21 881 868 325 378 425 430 279 630 591 617 237 821 850 307 333 57 596 229 752 21 132 633 45 377 61 526 300 618 224 548 475 20 376 797 818 899 810 289 675 103 948 265 718 614 759 385 919 915 336 160 34 724 766 512 184 221 724 440 584 109 401 177 223 817 599 132 468 30 691 828 525 455 969 812 907 527 962 78 509 930 678 968 861 362 511 530 121 951 834 259 365 133 117 950 392 295 450 7 9 65 506 376 78 101 297 460 837 492 270 198 944 18 812 303 713 418 468 834 552 904 688 484 950 229 123 612 822 803 88 831 533 447 785 779 366 304 414 610 730 118 976 455 798 451 671 166 22 885 530 658 825 795 323 122 611 906 764 941 620 420 682 512 909 646 620 668 430 339 110 516 153 785 583 970 970 539 813 432 7 340 139 823 294 582 449 244 522 527 687 511 24 245 311 819 919 312 74 561 336 821 545 815 779 629 868 251 335 850 614 399 174 127 425 2 478 217 977 319 788 61 946 763 997 281 866 119 215 544 770 384 115 879 325 897 501 629 225 217 463 614 865 512 469 583 260 675 296 588 222 167 567 377 194 381 840 973 694 534 79 26 972 338 549 808 53 865 866 334 694 111 602 248 822 816 41 11 429 407 997 631 131 11 914 585 134 605 514 165 40 395 972 509 578 622 765 924 895 521 42 340 327 857 793 647 36 8 860 455 132 491 277 725 867 617 956 32 941 768 686 862 693 100 43 690 554 221 789 95 999 898 731 536 293 923 605 191 389 426 376 397 714 584 292 288 189 102 839 974 350 183 680 888 58 341 203 469 67 561 873 420 780 420 180 44 335 570 660 910 561 236 238 773 578 524 347 806 957 108 531 373 966 145 615 176 352 395 721 263 594 297 302 41 212 431 6 530 12 489 676 271 653 806 164 409 448 770 899 748 415 848 877 991 915 155 680 44 730 801 518 995 224 71 737 980 473 35 968 242 605 483 645 197 348 536 47 58 372 608 26 912 823 350 481 911 21 32 
957 658 863 575 21 64 739 546 437 532 118 450 452 155 432 923 750 662 518 979 56 955 910 496 592 503 441 211 305 855 204 996 105 441 464 76 895 991 147 985 578 744 190 323 403 477 988 23 748 277 169 641 79 408 935 988 400 979 707 161 321 263 281 568 723 270 423 876 143 336 321 574 397 60 913 345 733 978 741 238 841 880 682 989 971 262 950 707 451 128 713 329 933 252 657 253 286 932 744 94 889 488 236 579 559 134 768 113 233 875 240 629 491 724 572 885 450 493 648 447 388 493 90 789 160 15 241 230 446 473 380 68 549 65 801 328 585 283 121 874 447 488 701 873 354 846 757 719 14 350 646 944 841 541 750 173 406 238 589 201 418 468 480 146 30 787 896 720 270 491 379 511 916 619 126 669 734 188 517 762 835 35 298 46 660 311 480 356 998 986 288 764 422 532 94 338 854 678 967 898 652 245 947 755 136 896 965 589 881 120 454 555 147 770 833 457 39 512 323 521 559 603 11 405 362 402 774 143 725 943 510 29 707 524 909 663 205 309 125 122 799 912 209 636 654 120 806 820 779 258 403 267 504 138 535 752 517 252 581 336 946 361 44 298 733 242 117 191 869 317 657 628 429 144 393 390 998 253 206 386 567 722 400 927 712 410 4 181 648 33 842 442 946 924 370 646 457 608 166 10 626 952 923 132 562 354 935 911 481 879 615 355 231 661 668 935 455 502 310 515 608 603 839 858 890 211 507 998 519 107 275 178 927 552 516 347 329 547 97 709 415 935 476 91 232 296 917 982 722 401 362 633 736 678 929 159 111 965 383 803 996 573 773 802 455 787 946 180 546 622 575 870 90 290 351 866 35 210 975 138 102 887 742 827 670 559 154 383 594 348 774 698 687 421 654 797 476 233 689 792 264 760 717 824 456 210 244 864 31 380 416 473 620 774 358 581 602 628 201 600 886 150 496 152 380 622 642 509 481 783 307 490 250 629 177 828 16 985 974 61 476 503 233 157 812 575 115 131 573 228 66 164 556 696 772 869 64 113 474 981 392 448 789 831 947 819 839 485 220 358 644 140 900 415 84 314 708 666 357 701 72 750 780 811 149 388 417 174 648 2 268 378 689 320 819 446 421 881 421 96 
904 670 264 750 47 277 460 78 694 586 237 299 746 239 572 15 215 883 657 243 479 238 139 510 775 49 614 816 330 730 162 608 10 296 919 237 701 137 812 697 289 435 699 810 573 637 273 845 682 140 75 874 842 350 698 602 405 781 22 888 83 533 699 987 275 986 488 323 409 28 539 41 94 555 773 563 221 980 785 463 937 653 7 697 883 889 175 265 161 109 529 159 999 284 830 114 995 492 854 1000 292 402 371 832 561 261 972 96 440 655 559 928 434 912 924 123 115 393 591 621 86 73 493 289 7 649 729 160 808 693 449 817 136 252 610 349 283 195 459 81 869 429 879 735 869 145 526 634 390 975 941 505 778 222 839 101 825 767 968 425 35 575 928 918 941 159 705 260 955 59 231 267 578 219 73 591 7 785 422 58 291 766 23 869 755 452 421 6 422 654 257 493 754 678 188 747 110 74 440 439 642 528 995 271 582 996 146 428 719 955 40 852 414 646 93 717 872 975 997 870 363 279 624 367 583 716 591 523 260 978 366 30 228 112 571 489 708 531 248 713 200 213 688 427 984 647 767 384 934 765 916 36 555 842 323 668 353 429 8 215 282 848 540 418 917 291 50 311 620 542 923 590 973 675 884 6 1000 61 443 962 776 329 24 612 911 899 958 686 321 830 833 503 524 727 213 563 532 352 166 311 860 940 301 431 915 764 70 966 729 869 180 266 90 413 532 295 456 246 244 80 892 164 355 33 475 497 428 238 370 267 555 352 440 961 541 589 480 167 803 171 119 691 51 808 570 930 911 301 632 812 562 874 471 165 190 946 86 578 25 625 405 258 155 504 958 464 168 465 5 756 749 589 773 274 347 14 355 772 657 527 477 834 668 961 329 604 477 581 973 543 182 300 938 183 371 806 524 608 488 40 914 683 758 430 901 440 393 510 88 711 205 656 875 210 739 980 505 483 913 692 336 909 241 313 939 792 468 795 926 649 589 327 75 739 169 269 636 362 355 859 491 571 692 320 908 763 649 923 805 136 287 516 444 126 694 659 651 426 5 477 725 824 337 760 15 440 806 764 664 999 135 330 210 234 362 514 885 870 423 203 249 262 188 990 214 945 623 133 481 621 163 765 12 481 176 343 755 65 891 371 
308 46 723 785 70 148 988 63 283 660 699 192 115 642 641 539 4 678 125 933 317 236 280 614 437 42 17 40 177 921 781 591 441 726 812 134 479 476 279 162 420 153 362 825 185 378 638 286 593 721 558 616 115 904 164 986 141 467 730 198 355 195 618 336 644 872 846 613 480 244 671 493 970 209 69 706 962 784 615 704 299 169 382 745 996 926 579 388 821 724 839 391 680 555 546 767 420 986 973 135 738 728 65 75 358 146 957 581 25 186 841 1000 756 261 123 933 969 181 87 829 34 930 663 317 460 631 835 431 532 779 159 815 32 540 836 131 509 320 693 778 686 810 281 554 15 152 295 699 664 115 253 515 359 571 774 410 106 652 769 647 933 967 848 217 796 953 973 222 600 464 836 920 266 257 479 141 349 309 158 274 189 464 782 814 476 357 768 289 834 856 79 407 904 439 399 340 433 310 870 158 467 494 719 706 558 903 605 50 309 378 928 410 38 404 457 532 645 942 167 337 301 840 363 881 865 75 876 736 980 717 236 453 768 543 416 214 668 110 245 612 478 555 197 434 426 304 161 654 776 26 724 366 77 994 183 369 535 647 113 673 421 591 30 172 148 702 656 255 416 36 41 46 460 598 764 998 658 695 376 230 755 282 608 509 455 845 865 329 793 964 428 28 647 605 773 155 506 260 952 855 10 665 202 589 347 255 951 332 758 267 36 5 135 650 71 150 831 848 952 319 999 645 462 327 223 119 629 407 842 625 716 882 555 924 306 851 462 760 620 708 284 190 607 847 35 567 17 80 975 892 772 827 207 741 613 860 434 431 104 632 775 698 832 596 508 59 6 24 753 293 573 101 523 508 758 455 614 134 797 699 95 356 779 207 647 331 312 13 904 604 196 581 450 7 3 272 280 634 488 482 572 954 427 626 710 745 294 626 782 467 509 394 26 388 293 161 306 86 729 872 663 385 285 590 75 65 405 256 876 471 705 432 570 442 249 345 816 196 426 713 601 162 995 888 201 621 456 180 742 822 635 214 785 100 764 326 340 273 345 90 243 816 695 476 665 962 492 865 561 564 547 283 868 573 996 947 461 773 733 37 606 451 633 773 982 698 807 924 675 310 683 361 0 909 295 927 297 483 90 680 
13 591 287 799 196 511 119 745 765 121 355 9 956 315 440 94 725 225 545 189 604 636 601 11 318 568 715 240 148 985 440 5 397 549 751 59 860 383 110 509 654 591 269 371 690 855 704 399 508 120 88 775 110 296 340 413 328 473 477 277 762 24 97 926 714 152 586 220 596 524 627 833 301 610 411 29 417 263 870 147 107 888 586 603 966 123 248 668 40 525 518 255 811 523 149 807 775 370 923 599 549 475 693 925 615 960 755 523 936 380 235 150 308 428 408 471 946 62 840 598 385 56 885 785 631 57 756 998 900 615 90 16 936 413 805 184 919 180 665 528 433 628 844 747 411 574 412 977 318 27 168 899 106 414 67 195 499 577 168 875 913 138 110 721 757 757 437 659 398 631 796 626 861 584 429 781 223 315 690 304 109 45 73 839 518 45 875 345 600 639 23 14 870 967 883 393 50 585 159 840 79 267 390 950 666 159 150 439 474 830 189 395 11 143 411 825 218 729 202 535 594 2 603 53 196 323 504 509 211 309 50 47 433 777 882 224 810 593 109 259 623 870 219 807 588 829 501 891 457 168 875 204 976 878 119 886 325 587 248 882 49 661 23 770 583 167 194 363 708 693 64 447 56 500 232 315 893 540 570 877 401 858 750 17 22 448 510 696 207 478 697 698 498 945 917 702 388 44 197 786 222 75 267 949 534 686 148 961 467 940 641 852 775 743 154 508 435 480 802 680 886 966 392 524 954 270 407 508 437 207 152 1 917 490 800 773 183 360 511 478 129 656 585 836 826 954 375 970 374 139 402 249 652 914 983 324 861 337 585 272 989 593 588 444 982 734 102 508 446 964 445 8 828 67 958 296 371 94 174 242 92 445 247 33 991 758 31 433 163 234 426 213 674 992 999 765 848 993 70 112 732 603 275 917 664 770 154 663 38 820 911 946 936 299 457 0 836 263 43 935 350 944 393 432 422 221 659 635 159 178 135 306 866 319 97 720 204 64 231 682 145 156 361 530 833 19 756 664 653 746 464 935 823 394 61 323 894 347 514 396 11 906 115 238 601 100 717 492 540 558 339 642 291 71 4 181 137 983 449 869 672 182 123 490 80 597 992 946 490 239 973 19 653 101 895 150 232 697 204 976 
810 737 187 699 853 535 408 3 43 848 654 511 781 676 834 387 262 220 199 658 590 814 83 253 278 511 896 138 552 150 667 916 762 538 852 992 832 195 331 129 563 908 895 845 301 131 878 175 925 380 268 489 885 423 859 933 41 845 728 821 694 433 449 13 463 115 977 364 783 493 603 351 502 486 431 830 476 376 277 446 851 903 473 48 671 604 698 285 764 594 131 866 123 330 688 190 517 668 206 199 186 0 283 222 155 627 37 563 947 673 164 946 704 886 395 773 131 364 543 524 982 679 595 614 467 295 225 642 331 842 125 154 295 400 990 163 754 101 751 830 653 493 732 59 423 923 627 393 414 156 613 912 167 852 875 257 847 211 444 851 459 18 36 48 283 934 531 73 357 435 219 801 949 235 286 967 860 839 764 205 129 74 342 748 871 669 431 458 850 651 787 706 166 134 780 966 929 602 73 175 665 763 239 307 518 752 200 783 955 304 205 465 871 939 670 36 443 403 414 577 445 467 873 693 45 555 325 407 783 66 649 34 226 563 99 955 846 785 308 357 574 798 380 222 227 121 169 158 740 526 935 906 687 893 715 152 781 915 441 183 522 783 677 813 514 923 160 56 884 960 360 164 508 558 698 583 789 702 838 276 828 571 2 941 169 231 723 666 703 579 20 912 706 541 404 217 195 432 352 258 21 646 619 784 981 933 423 675 533 3 827 878 274 570 848 252 394 177 784 655 262 184 692 154 442 790 422 217 900 974 47 173 807 872 536 643 556 100 584 42 533 990 328 55 362 163 353 996 893 613 715 768 79 492 192 416 858 807 440 917 141 27 550 582 979 305 125 713 557 555 180 48 389 283 499 499 596 681 688 264 511 500 56 311 671 408 624 343 75 452 416 498 449 916 613 464 425 253 850 967 244 865 553 243 837 46 116 175 864 751 993 4 354 234 357 851 626 944 492 903 943 608 684 767 659 831 178 835 340 550 963 79 964 662 820 730 227 653 281 594 826 220 963 176 42 569 750 58 318 314 582 155 738 810 61 833 806 68 871 215 218 580 690 976 31 312 614 136 443 521 559 326 175 197 86 61 235 111 60 475 567 171 232 373 583 364 840 279 545 562 681 576 422 671 280 201 6 348 80 477 
256 74 859 932 562 53 170 864 80 753 317 839 731 798 514 141 722 66 270 143 216 344 648 989 900 265 522 942 778 437 541 188 531 890 767 979 76 942 464 769 466 36 879 359 891 448 768 868 783 277 832 708 164 768 581 543 628 30 247 243 823 409 754 529 946 40 534 504 724 311 480 589 307 159 415 288 485 855 361 465 552 428 365 430 757 756 624 136 100 854 157 625 813 135 567 578 899 875 448 886 209 322 715 870 790 574 286 541 88 400 789 349 161 654 592 270 713 312 165 188 237 834 96 448 224 767 392 208 37 619 23 337 311 668 980 272 846 309 316 748 887 256 153 991 6 852 434 951 316 665 221 960 676 698 824 145 558 635 15 520 9 377 36 522 885 497 740 504 61 753 623 981 261 122 338 600 154 764 812 239 122 865 478 844 521 817 963 749 649 910 540 900 161 491 278 591 212 882 297 638 748 878 455 242 340 690 360 549 165 55 885 999 26 218 433 344 812 476 292 403 451 134 869 917 798 65 827 737 921 247 545 466 22 851 987 519 0 580 909 805 907 537 848 462 274 520 516 700 853 564 749 452 880 451 740 852 779 1 405 805 425 185 884 643 371 655 762 359 543 931 432 482 201 80 152 694 726 453 67 576 656 252 610 888 478 14 150 435 691 215 815 772 297 330 247 865 922 755 550 405 981 773 861 184 802 165 409 339 62 315 566 196 437 373 403 13 232 677 88 344 701 688 599 696 764 45 957 935 401 257 942 322 2 403 665 107 239 964 703 122 155 880 859 836 574 358 250 283 4 493 236 266 86 607 681 253 202 532 845 521 133 859 411 439 160 825 889 778 560 126 14 673 234 520 865 736 384 377 420 410 986 461 698 830 836 640 788 859 454 663 206 105 819 535 422 93 401 15 523 64 276 92 977 345 520 889 804 170 71 421 540 24 298 873 244 252 156 13 367 231 264 193 107 755 320 816 102 810 446 267 557 718 361 665 20 535 765 838 541 531 574 712 274 793 33 130 945 397 536 168 495 826 998 44 823 294 33 504 761 426 615 106 311 926 336 724 168 616 245 233 762 254 322 100 934 18 22 142 834 94 552 969 84 20 800 191 322 240 273 948 826 320 958 217 529 88 626 289 59 365 
278 349 941 281 830 671 58 601 466 902 957 421 746 488 169 831 898 219 799 544 898 423 891 255 185 905 294 171 59 974 914 568 95 526 877 201 356 519 269 747 972 444 264 941 130 278 555 959 355 324 401 342 432 719 59 272 834 329 668 664 73 464 868 356 282 37 743 384 970 8 615 130 655 788 966 379 676 950 812 572 945 723 598 69 555 996 149 444 997 496 417 161 345 301 89 983 451 168 719 10 156 417 749 568 803 673 720 211 30 899 227 813 20 32 19 907 379 126 214 256 451 231 918 832 994 55 718 31 916 976 909 329 255 98 479 133 882 444 657 393 96 144 924 194 128 650 885 64 10 710 223 339 175 48 999 577 144 744 60 464 444 31 339 340 896 728 931 132 905 519 902 577 103 922 57 933 199 279 620 386 133 275 629 216 674 340 654 233 433 490 810 572 388 132 339 539 128 899 579 338 968 757 529 442 44 9 722 667 0 251 879 938 579 66 356 735 808 128 155 389 147 873 989 374 703 452 128 711 428 358 214 287 253 885 908 550 81 882 353 669 913 800 320 925 572 323 292 73 863 738 473 497 948 123 738 681 183 325 747 722 252 240 562 812 802 364 794 377 654 577 997 718 920 378 916 65 339 948 473 614 259 966 884 710 339 506 814 41 579 55 825 797 666 83 691 506 827 487 242 494 849 915 673 240 814 175 815 803 280 250 231 420 138 772 953 871 251 941 287 846 359 487 646 370 916 732 979 792 859 497 616 45 510 843 717 954 579 26 66 491 67 655 437 505 13 769 827 345 874 848 956 887 580 772 45 489 155 102 445 700 332 50 521 93 118 143 297 191 83 654 869 643 269 650 321 744 302 62 944 971 632 276 976 166 621 106 246 206 206 83 982 682 521 17 263 686 145 451 873 791 604 617 901 778 425 545 594 245 500 274 511 677 433 39 964 200 55 880 932 732 455 715 824 193 200 160 80 112 22 389 193 700 431 865 819 460 509 425 317 923 315 251 233 63 902 23 738 948 245 798 489 484 888 528 615 45 317 803 536 987 119 925 894 611 556 864 753 204 621 772 928 350 963 733 644 657 265 275 115 7 284 403 21 238 417 222 209 825 859 653 491 937 562 8 514 333 186 45 991 532 
456 700 423 794 616 144 334 771 549 184 225 879 392 673 492 582 608 525 204 96 544 460 981 24 280 441 346 718 372 442 533 223 122 55 141 364 759 133 266 158 795 864 301 920 348 834 239 81 100 16 407 986 471 776 317 195 378 218 318 54 794 269 655 21 553 936 665 445 522 76 621 667 10 698 903 281 582 478 37 652 19 537 531 738 299 619 200 31 880 391 558 396 881 800 612 886 523 208 395 264 543 262 690 688 85 321 388 343 184 48 494 347 481 959 661 901 443 895 680 95 656 24 45 436 163 338 729 235 728 783 921 991 947 423 497 600 899 656 194 821 267 63 27 998 548 97 270 752 536 812 537 39 384 633 493 221 445 804 401 841 647 577 416 301 512 627 586 50 885 854 936 793 440 832 779 33 569 148 492 298 498 649 940 31 782 945 241 998 829 488 826 35 574 502 298 427 417 576 22 269 889 974 448 297 401 874 446 332 843 182 501 623 157 10 161 82 217 78 415 230 323 839 498 764 60 213 258 487 472 967 636 815 275 515 216 767 890 582 637 287 596 220 146 623 656 952 947 676 396 239 930 309 558 996 837 216 149 284 117 822 315 657 786 463 359 532 503 621 8 848 829 843 785 215 541 426 643 160 540 197 268 30 974 372 368 602 271 649 79 522 270 323 328 989 505 331 926 327 541 36 872 137 648 63 129 705 748 409 444 890 864 654 522 526 46 392 237 87 177 569 252 65 569 856 190 656 903 169 169 971 781 512 80 495 340 242 842 634 314 714 578 238 598 810 108 99 717 296 400 516 2 146 920 6 484 559 856 829 873 665 326 397 200 859 3 849 573 281 987 365 325 44 511 667 135 586 658 225 469 462 528 93 594 611 980 11 199 691 443 467 784 634 722 670 582 707 208 98 42 547 942 944 999 592 337 709 118 174 45 4 323 959 293 197 60 670 615 86 218 449 792 770 62 601 885 168 402 790 273 362 211 377 513 515 629 938 921 200 256 136 940 302 86 188 542 62 738 766 505 970 724 469 583 115 714 518 935 338 110 804 391 32 638 6 1000 621 590 407 857 296 195 287 68 27 553 671 190 787 127 774 798 462 465 985 783 193 399 578 273 728 923 922 736 140 943 294 366 779 96 247 
529 584 34 201 263 967 84 798 995 816 270 948 184 931 65 549 398 511 910 934 131 937 452 432 687 224 776 27 909 509 748 790 827 474 163 918 259 383 742 941 347 634 836 496 718 30 472 805 557 936 877 847 482 157 386 95 859 412 873 678 664 282 836 953 398 220 865 674 60 29 186 167 156 306 678 630 467 649 605 167 123 346 639 577 838 538 200 48 877 46 44 794 533 111 817 696 868 872 131 20 813 701 525 566 461 875 233 971 121 159 91 48 885 398 123 412 127 936 359 759 601 454 887 498 72 371 533 333 404 513 840 308 898 564 311 966 102 892 77 272 227 189 579 164 920 611 806 412 878 544 900 39 559 619 134 751 335 177 709 639 482 490 369 269 43 744 238 836 61 579 491 173 983 675 922 556 1 661 871 666 966 376 259 483 259 709 982 672 526 550 467 737 110 28 840 711 972 406 999 275 207 476 700 261 103 456 20 562 730 980 732 419 107 228 739 443 239 367 905 616 405 528 227 645 964 65 728 934 875 52 684 346 96 515 521 357 839 452 527 955 516 109 70 54 672 383 552 717 870 508 177 410 674 871 386 102 340 923 755 316 702 749 818 205 106 259 33 561 208 732 928 390 325 279 555 668 254 434 496 612 546 683 817 352 196 964 452 751 87 935 172 96 236 811 733 722 271 139 378 677 530 270 21 579 47 209 32 724 261 176 750 674 244 55 806 28 729 401 465 848 789 951 317 11 954 587 603 443 168 295 77 35 529 97 45 384 252 966 525 663 131 737 777 43 374 287 98 565 461 413 14 448 794 704 809 641 908 304 24 394 658 847 788 843 969 316 939 792 936 921 324 461 866 40 363 657 841 533 156 586 554 636 617 329 83 663 188 737 631 138 288 297 485 11 635 901 118 788 527 267 960 264 875 696 908 189 392 454 621 740 520 654 593 246 568 501 34 967 933 113 80 154 675 471 449 546 180 885 956 919 346 677 981 950 497 93 784 398 600 908 797 982 794 707 102 460 608 763 617 149 452 307 911 12 891 509 598 120 193 59 147 146 820 392 13 974 995 57 53 443 743 306 215 709 488 994 631 196 544 402 146 548 487 37 635 260 382 581 599 209 497 844 186 977 637 486 663 781 542 963 
472 890 325 419 23 634 788 115 161 369 120 297 524 851 807 711 268 577 968 52 841 348 893 974 831 759 933 645 342 120 461 223 813 220 791 961 990 643 583 818 892 807 30 264 277 640 357 224 303 185 769 641 244 700 695 573 22 952 64 538 593 501 558 135 759 91 431 369 146 152 425 147 580 472 156 961 454 272 670 386 403 195 258 214 482 655 792 771 733 971 166 556 344 362 411 580 852 963 183 41 83 541 74 988 663 995 11 902 425 32 70 451 813 530 466 64 728 132 144 786 839 573 343 80 497 363 536 771 888 561 600 914 758 748 785 282 563 190 35 119 176 223 546 283 532 347 487 139 969 118 205 564 338 951 30 662 178 443 781 264 412 820 562 789 986 772 95 559 966 217 358 417 18 508 218 493 556 383 690 41 245 887 371 188 966 431 730 26 407 747 761 918 241 252 926 694 381 916 994 890 935 355 242 700 691 382 521 92 679 808 9 96 349 986 680 533 640 787 152 596 673 571 698 328 708 596 210 858 741 114 206 668 69 440 971 215 975 6 269 719 327 222 806 86 150 707 863 481 403 182 464 328 450 620 117 406 814 569 779 133 100 130 138 215 813 860 859 670 0 137 611 926 108 388 213 158 22 197 408 335 266 776 717 7 675 977 743 40 127 84 211 624 387 447 900 376 600 249 6 106 832 52 127 880 299 877 300 377 805 146 99 312 306 749 775 345 530 6 78 173 721 970 319 491 843 734 740 731 763 940 11 955 122 205 507 851 840 453 532 395 176 896 641 245 793 120 285 512 398 610 7 154 710 1000 224 165 678 26 761 161 775 894 520 72 274 679 186 510 894 223 681 864 308 568 894 365 66 522 576 335 378 822 324 420 470 419 470 816 67 12 779 924 724 793 428 316 744 635 864 121 734 960 961 753 114 675 21 685 923 557 859 996 969 74 276 420 668 490 858 440 646 619 569 173 828 534 221 787 449 424 248 145 933 711 672 772 290 67 157 608 212 687 77 934 236 695 505 574 91 744 102 724 797 156 16 517 708 569 173 606 774 111 384 545 689 272 159 906 239 410 923 499 145 95 727 900 203 731 858 896 255 550 972 55 592 680 87 352 889 124 937 497 323 863 246 662 12 888 505 95 
923 802 843 150 196 65 739 639 350 971 849 844 124 481 717 357 541 159 668 655 954 919 374 117 328 373 261 762 894 77 366 798 764 85 746 181 917 244 199 416 869 516 833 229 950 20 105 942 61 544 468 741 157 164 348 313 423 484 454 712 588 33 726 860 123 312 917 592 628 457 391 681 179 789 805 335 107 66 669 253 181 487 877 74 845 280 276 483 330 295 816 801 120 825 571 209 215 229 912 869 297 461 869 210 218 552 766 534 863 333 543 245 108 35 427 558 953 977 135 338 986 602 810 218 604 617 488 861 898 470 968 353 689 169 585 255 960 206 481 871 125 373 919 819 487 707 187 507 237 382 634 693 790 807 348 73 672 655 51 872 749 695 732 557 629 275 563 961 16 555 308 541 404 543 128 770 14 357 577 725 688 92 199 150 675 909 662 958 934 215 389 154 526 286 156 56 945 694 630 62 831 143 400 110 928 40 280 517 919 386 447 934 198 349 707 834 291 866 780 488 312 948 689 604 548 290 914 936 726 166 340 872 810 106 354 538 154 187 48 25 71 867 760 817 227 542 714 670 43 402 346 893 564 186 58 361 117 574 937 852 368 226 869 854 450 587 684 857 587 202 560 668 846 727 105 898 291 120 774 38 385 383 441 180 2 106 101 165 189 645 384 959 27 281 959 324 7 918 641 129 804 538 968 294 358 203 897 893 228 97 129 889 733 339 722 48 504 538 429 247 124 755 555 646 179 106 68 452 145 329 707 926 788 884 894 624 474 355 295 680 149 943 515 615 945 746 214 890 172 903 46 928 164 917 724 320 666 478 428 40 905 976 251 398 286 407 981 916 634 344 938 276 683 968 384 446 505 61 340 2 589 537 655 559 12 499 556 139 91 666 266 894 755 274 760 767 972 304 191 867 180 124 866 766 495 471 291 744 64 806 1000 940 105 799 80 133 913 369 972 505 934 191 492 77 891 338 115 601 342 158 724 304 245 154 790 488 147 755 340 343 980 961 175 36 975 140 592 176 472 266 578 743 145 144 804 79 255 877 889 963 551 528 987 56 68 760 274 299 31 767 478 519 426 657 612 623 423 862 964 726 894 300 37 532 100 87 418 594 184 520 728 245 843 361 735 270 737 640 633 359 
708 160 369 287 358 652 93 204 616 690 593 674 933 597 910 543 931 616 330 458 197 622 245 556 650 878 406 997 600 52 225 399 680 972 660 554 905 30 166 784 70 605 296 429 94 237 328 78 672 784 914 182 893 333 688 139 918 612 734 700 715 563 517 968 689 524 300 537 591 699 911 58 326 605 86 500 55 144 23 233 110 271 827 669 479 939 294 328 441 122 270 768 391 76 641 186 180 922 905 105 313 495 255 98 915 385 470 236 226 921 696 372 881 760 194 803 540 955 921 111 320 75 138 313 812 581 830 356 75 803 158 387 338 221 458 621 754 127 315 571 530 643 406 253 920 959 119 44 346 940 527 303 596 402 876 150 213 694 179 185 326 24 531 612 463 321 778 470 31 290 816 718 950 171 799 725 288 149 49 521 570 966 383 757 283 125 722 243 601 751 96 827 305 161 827 838 118 413 75 706 481 414 125 36 316 601 758 254 304 166 707 665 558 888 753 152 492 316 802 273 196 638 263 725 72 776 88 301 4 276 602 896 407 616 184 927 164 845 266 556 598 849 831 357 437 812 642 367 423 445 115 31 553 857 621 491 415 577 426 608 721 279 63 339 346 601 720 168 685 316 63 560 123 712 320 645 295 369 100 896 744 851 936 586 395 8 450 377 428 793 244 164 713 466 778 593 827 643 701 598 115 977 58 864 37 661 104 378 5 788 537 75 480 451 392 356 335 598 118 846 36 823 127 677 954 725 368 380 304 247 13 920 756 574 875 916 21 652 905 941 435 852 774 293 996 427 113 481 158 140 211 191 230 751 336 410 725 121 560 51 767 451 856 700 424 716 421 680 934 150 237 306 732 629 710 575 322 74 648 706 434 881 450 163 12 787 706 152 461 969 9 563 102 930 940 824 493 682 374 241 422 521 513 804 436 860 794 955 822 339 663 236 331 637 819 376 221 257 480 482 749 813 861 530 747 296 21 508 313 739 297 666 350 164 660 491 91 375 400 135 157 629 959 805 670 927 666 868 882 841 690 830 240 639 852 759 972 915 345 585 119 469 886 887 972 468 980 728 62 769 573 942 851 131 734 524 89 366 931 620 428 440 842 567 713 603 511 512 580 396 832 320 300 191 917 470 350 185 821 924 
196 222 325 0 409 437 411 854 165 82 826 607 119 142 122 678 646 745 914 758 677 104 439 879 980 695 411 343 565 902 13 164 956 612 199 362 901 30 52 443 536 254 391 323 564 376 551 868 857 678 657 477 803 171 635 912 940 477 853 277 790 654 710 51 777 713 371 64 674 247 939 131 58 516 154 825 971 959 451 330 903 863 273 477 601 724 456 34 819 174 89 149 358 349 864 107 70 177 738 740 950 614 869 391 916 254 956 725 323 357 236 531 11 477 112 433 812 145 949 172 723 396 662 551 685 747 431 129 435 272 256 698 41 161 697 352 485 325 891 101 489 848 839 169 935 566 967 854 235 812 706 525 973 294 429 112 60 519 352 614 6 934 369 191 839 460 914 240 375 702 332 398 701 188 917 543 590 979 209 451 416 10 376 947 526 343 764 674 816 869 450 189 466 229 632 480 895 288 996 799 39 928 974 580 932 620 423 888 664 229 618 475 449 318 909 163 882 415 404 14 988 4 926 656 770 229 559 702 146 187 789 438 839 575 253 91 813 22 118 40 522 702 827 516 831 573 998 190 557 770 979 767 710 534 825 168 710 707 577 770 436 548 939 134 892 617 839 887 515 216 334 805 898 309 578 306 157 177 740 430 873 182 527 855 358 322 277 1 807 631 266 790 389 517 374 936 343 891 346 755 268 356 786 697 413 876 359 335 297 82 214 652 850 22 621 10 492 493 212 303 430 506 100 747 442 115 724 207 591 117 611 201 660 267 924 216 869 762 680 587 543 1000 717 122 953 743 201 779 366 645 831 418 286 434 600 654 545 429 615 340 696 698 405 705 55 377 31 140 316 375 405 595 498 940 201 631 440 390 926 741 671 705 370 553 965 915 668 754 323 326 751 948 35 613 573 648 131 574 854 799 852 471 861 564 41 257 791 381 718 719 404 30 694 399 112 775 353 652 389 843 822 188 846 567 381 968 722 836 707 861 543 157 650 50 982 902 871 584 306 819 575 147 889 375 144 717 72 919 434 129 849 68 581 839 629 444 693 878 282 42 920 659 142 931 417 738 637 350 484 854 407 415 116 905 793 540 732 534 442 723 889 736 461 575 924 638 163 408 799 733 527 418 40 288 592 595 543 463 606 225 
312 483 316 449 942 224 663 712 814 699 997 627 612 896 517 997 183 170 770 983 916 95 238 900 824 837 148 649 671 434 753 959 62 778 492 186 931 237 400 314 443 109 366 22 483 408 14 984 368 495 321 665 171 953 184 456 537 325 960 123 44 312 974 389 570 681 259 635 17 745 668 139 484 868 224 333 467 627 715 840 626 646 974 336 309 397 138 455 109 582 806 135 777 765 322 899 102 816 787 206 518 883 833 928 795 338 253 266 173 232 498 504 94 594 111 166 914 747 479 955 295 579 940 258 467 327 352 139 647 895 889 766 743 285 752 347 933 280 849 964 945 955 591 264 805 849 546 169 508 238 939 992 989 686 354 551 739 250 475 436 814 542 598 799 944 648 795 610 233 121 704 419 361 618 528 376 551 780 674 654 767 631 191 777 692 89 735 551 220 220 753 423 720 270 955 734 186 72 484 729 833 220 893 703 954 379 960 283 432 735 140 736 970 398 623 552 872 239 306 590 836 798 725 519 689 279 877 645 677 649 848 971 689 328 355 890 545 57 885 981 940 5 1000 108 543 151 895 823 315 511 621 518 343 534 561 431 257 510 547 445 29 545 773 23 440 899 802 316 858 179 479 243 960 957 425 292 750 491 709 937 2 773 8 756 827 28 952 571 467 751 959 404 949 299 765 134 973 690 377 339 221 505 69 120 879 559 541 352 594 130 258 635 749 731 587 171 931 584 298 612 132 842 779 328 193 551 227 629 949 93 994 210 568 288 643 72 93 457 607 602 943 591 6 468 367 413 280 114 109 203 327 328 355 832 684 54 355 615 645 245 944 272 394 150 277 665 350 997 438 629 169 446 284 28 992 199 717 65 324 650 645 695 710 167 875 296 96 58 561 60 94 193 965 786 869 322 54 761 877 11 878 79 787 993 346 714 176 188 868 706 451 470 167 38 723 754 762 364 814 803 707 58 15 363 906 685 273 562 616 966 867 998 758 879 159 616 765 642 958 510 893 70 864 665 708 165 125 105 154 57 285 848 108 987 367 519 898 887 812 661 192 505 376 391 413 428 533 952 253 873 522 745 445 257 52 126 598 572 270 452 372 681 160 844 655 971 134 354 261 992 642 693 158 804 357 236 346 583 161 273 
378 677 523 461 559 707 420 992 188 273 626 988 333 555 683 243 697 338 807 478 877 831 47 110 962 150 207 871 466 424 930 172 824 891 837 527 185 865 164 677 831 281 743 731 301 994 269 836 334 762 295 990 634 499 583 797 130 674 142 576 129 193 769 536 145 784 941 860 193 163 892 127 799 823 394 992 157 670 702 428 28 223 647 31 942 276 821 608 630 691 293 551 910 350 420 476 565 949 917 136 48 693 923 889 849 438 708 722 901 969 963 195 491 609 573 808 275 84 563 111 361 946 739 13 658 908 739 128 508 705 316 972 332 38 803 443 990 659 808 859 163 351 192 319 401 241 960 613 878 250 483 852 367 812 155 523 548 396 645 144 607 669 230 222 253 439 774 123 39 831 810 656 956 117 585 999 8 188 841 700 583 673 643 107 526 309 538 542 729 6 447 739 205 923 833 539 330 953 305 275 821 0 534 442 106 273 270 826 530 71 243 274 740 488 491 757 390 416 898 791 294 782 558 692 304 53 66 424 804 200 457 5 675 424 932 580 562 904 521 127 763 122 744 562 397 736 606 845 115 373 90 868 924 116 115 406 555 777 722 988 62 376 90 209 940 401 206 111 601 941 4 254 107 796 298 363 856 571 864 280 192 897 561 882 137 20 78 829 888 531 333 215 377 831 339 277 55 934 924 729 920 125 514 100 253 604 306 293 349 684 531 830 313 452 575 305 915 538 149 274 775 872 843 799 341 831 318 369 13 99 468 365 958 108 220 82 345 506 544 948 584 933 825 11 447 686 142 273 150 757 956 427 986 237 52 95 854 666 425 506 354 383 483 459 345 600 102 844 52 248 195 253 381 545 301 807 610 79 924 844 647 298 520 636 941 149 417 224 286 924 933 555 31 417 902 692 671 821 1 347 186 904 856 57 109 272 715 848 839 844 23 232 964 47 257 6 257 333 130 963 658 284 324 840 59 73 134 715 625 991 429 627 701 330 23 492 517 860 323 945 937 49 488 763 667 715 800 675 548 895 999 934 302 675 479 368 837 278 551 475 811 885 303 311 458 904 783 518 582 742 807 324 172 416 331 533 477 450 691 439 707 692 234 563 934 884 142 119 531 735 722 604 724 79 348 566 620 516 292 702 
495 644 359 891 461 1000 756 429 335 102 556 695 368 219 347 149 894 931 765 226 421 643 937 334 856 658 773 69 743 99 854 148 364 134 454 742 190 443 499 865 494 289 84 498 53 234 463 145 815 473 502 137 810 399 685 304 116 2 929 479 751 745 472 550 200 941 650 354 966 423 360 960 485 743 558 114 706 643 168 915 725 8 865 96 440 744 36 346 367 146 875 493 230 730 618 300 87 27 160 709 472 928 862 886 650 424 225 669 244 196 710 555 531 468 301 932 594 216 488 750 698 916 281 686 861 522 68 117 66 532 764 243 37 681 145 204 631 394 506 150 208 28 157 415 477 472 345 735 408 831 207 839 147 16 928 850 44 957 33 129 669 588 80 747 626 11 779 261 326 252 67 980 847 427 181 502 117 637 438 125 870 696 523 588 986 819 441 496 976 563 690 480 954 167 513 837 583 567 178 258 40 164 51 270 317 76 483 86 587 254 662 260 94 322 713 237 866 126 104 732 320 744 50 357 501 241 996 100 23 690 963 786 315 864 909 447 968 418 800 321 723 970 844 861 489 802 714 713 402 415 211 839 740 641 569 896 126 747 128 811 517 12 777 123 361 81 421 336 967 452 475 818 667 639 439 463 131 238 636 368 153 739 461 100 22 340 248 423 335 784 121 260 343 110 601 192 185 926 731 833 706 752 281 112 493 764 519 600 141 610 490 512 930 370 144 587 228 680 838 403 814 560 923 310 86 146 616 475 254 995 319 202 34 960 586 759 638 654 778 178 693 104 891 542 905 185 909 897 117 950 578 751 300 853 522 448 948 278 826 987 185 267 925 37 417 397 276 459 640 911 316 132 216 401 138 955 868 717 454 116 807 0 622 918 585 699 451 262 695 243 836 642 636 78 175 235 920 384 548 483 898 130 336 747 626 131 4 126 641 805 703 450 280 860 559 346 488 571 398 692 220 292 655 320 296 170 658 382 549 363 26 363 715 950 330 409 565 531 622 255 832 89 53 760 58 251 495 232 183 720 1000 126 212 880 764 782 22 305 155 303 642 348 943 283 54 859 840 280 412 377 145 609 116 488 11 198 909 675 779 646 283 374 162 18 562 947 348 938 843 271 163 298 731 451 894 37 433 646 232 703 
298 326 780 887 179 829 978 391 254 570 737 688 222 729 239 610 605 944 520 662 504 733 737 946 307 547 903 654 600 450 590 278 277 541 125 448 13 106 429 874 692 409 373 261 175 421 884 930 602 660 423 201 672 752 935 863 525 997 545 815 341 842 630 520 959 95 335 26 890 202 457 955 757 913 788 684 144 522 858 668 79 938 594 646 180 113 979 588 942 806 430 33 836 941 274 872 54 675 84 768 629 690 599 951 150 633 561 494 878 779 665 959 798 718 677 512 374 468 758 222 30 732 599 485 679 858 754 535 832 772 225 340 45 781 589 294 200 82 604 389 115 322 283 790 485 180 527 629 316 382 193 921 269 447 45 334 427 574 712 103 137 995 118 861 563 919 729 591 5 542 236 824 653 582 48 779 167 177 313 611 847 387 933 432 316 429 134 639 780 860 221 831 568 252 106 124 857 967 448 272 685 167 500 58 293 807 423 277 343 554 203 213 722 852 425 381 431 457 530 556 331 517 352 591 485 893 888 281 642 113 410 141 208 923 569 56 964 964 631 914 464 763 559 934 227 291 10 241 713 568 995 444 393 460 70 875 501 145 216 847 984 395 688 321 791 986 927 628 564 690 826 253 589 441 638 694 349 275 757 911 450 932 316 830 816 401 412 108 532 18 373 306 689 289 976 179 889 257 43 687 622 971 933 569 449 773 263 845 614 81 946 342 479 518 381 663 42 472 611 499 907 4 315 911 875 824 564 496 150 859 425 47 174 138 992 483 833 980 245 38 978 482 23 732 937 923 947 773 927 884 620 318 657 447 438 353 399 432 336 519 226 202 180 757 43 172 111 647 595 996 776 799 633 678 306 857 826 914 692 956 946 905 948 730 6 689 696 955 329 384 739 572 595 538 714 0 291 151 613 541 750 828 354 435 790 655 797 568 863 623 268 534 952 160 315 219 503 911 372 1000 37 470 944 476 922 25 508 436 484 307 261 278 814 958 193 212 381 991 773 406 736 253 539 947 73 437 60 538 983 577 730 139 985 609 211 57 291 299 226 672 951 43 80 336 365 782 44 630 478 991 693 59 791 785 833 220 243 277 729 745 0 583 431 100 690 420 681 646 247 387 929 791 221 610 623 258 605 4 555 287 
524 976 52 506 824 899 929 468 955 971 690 357 389 852 240 644 575 642 268 877 136 945 865 496 300 246 830 757 808 439 723 82 892 114 693 976 309 540 82 484 726 909 608 693 795 95 421 67 133 667 750 816 307 979 78 857 856 418 798 723 618 536 742 81 169 111 236 439 17 81 764 419 369 126 616 778 370 241 966 355 103 310 734 282 586 213 319 866 109 648 319 886 324 9 798 885 937 25 165 652 895 906 567 596 114 269 453 671 765 274 251 68 125 462 405 754 770 770 559 766 912 375 906 743 375 996 564 213 683 427 904 503 300 113 826 162 914 538 482 996 7 773 43 597 486 764 390 482 986 886 585 357 158 889 182 416 735 822 524 160 477 204 128 798 576 973 86 589 242 596 669 675 900 700 145 364 128 828 135 891 605 189 345 364 844 596 897 391 705 100 251 396 916 764 849 772 311 442 716 767 862 384 45 737 996 751 342 410 357 798 762 724 401 395 748 64 509 185 119 236 389 955 952 184 192 572 282 917 662 604 254 347 594 722 306 52 805 120 1 51 547 901 41 961 544 779 422 348 562 382 571 972 69 877 730 231 665 901 229 272 827 720 759 761 65 957 454 361 608 809 545 1 734 944 971 897 225 748 755 406 289 696 108 684 122 991 488 898 411 893 932 751 671 833 236 706 762 355 313 985 846 705 291 405 320 528 835 551 158 863 479 777 544 175 241 577 548 738 713 463 234 909 164 668 195 183 65 78 421 723 946 221 518 752 571 606 648 882 65 142 234 951 453 552 251 968 484 573 201 282 628 954 347 536 648 956 309 232 511 233 281 539 487 63 613 989 783 408 235 567 131 25 786 360 524 565 496 204 294 426 287 916 263 209 788 447 855 421 485 638 765 96 877 210 129 194 671 288 845 291 673 408 767 279 301 719 902 781 822 784 89 745 483 482 885 796 111 188 488 954 856 436 623 202 517 59 594 828 485 227 469 286 649 619 771 921 261 573 900 121 996 197 680 797 229 577 512 938 175 444 740 734 518 239 749 717 177 583 85 436 92 242 259 764 415 811 733 399 909 277 247 459 420 769 252 272 816 723 616 992 56 2 576 275 808 800 557 115 847 93 970 784 44 849 112 700 602 582 210 711 
99 860 396 487 945 158 62 264 949 734 45 0 188 330 103 982 174 963 814 268 931 819 360 4 56 216 443 121 210 756 277 345 878 914 353 185 755 483 73 631 998 604 531 60 352 198 103 8 265 724 612 140 354 427 530 498 769 21 4 364 688 260 717 108 954 18 764 157 598 626 632 967 541 174 954 959 143 59 487 42 358 375 113 277 811 297 720 598 760 415 918 309 287 465 959 286 498 609 15 929 681 852 643 286 349 335 379 129 595 394 131 793 803 779 430 592 423 350 171 513 777 629 91 391 522 572 482 408 506 120 751 703 397 755 257 475 885 766 426 360 427 535 142 97 660 430 556 5 571 943 719 434 207 732 217 43 203 792 900 71 820 972 243 416 245 430 709 611 502 935 502 98 228 880 793 764 188 398 795 268 585 361 8 95 462 580 348 365 421 232 621 378 17 659 399 971 835 99 121 766 572 610 620 652 951 945 638 691 691 894 300 349 566 675 90 200 722 446 279 85 67 922 516 476 78 157 93 186 683 639 151 214 491 472 202 288 822 895 929 439 373 170 27 495 660 218 53 209 118 446 880 873 776 307 645 658 407 564 495 239 837 260 507 654 726 764 430 541 164 349 73 52 566 411 196 251 956 789 266 207 828 735 628 359 310 559 268 672 470 314 950 846 760 667 867 602 197 549 902 677 532 194 194 406 379 459 488 320 788 211 442 956 275 33 297 545 978 830 445 861 841 436 298 137 410 728 459 811 982 119 929 333 249 809 454 141 563 328 797 52 81 339 802 198 560 747 939 183 383 698 590 769 608 67 513 358 245 815 770 3 669 894 496 582 207 179 183 35 969 809 25 211 732 854 942 926 452 688 971 560 874 22 847 507 996 61 733 733 467 329 698 383 640 655 799 957 250 937 169 305 975 754 242 611 579 368 44 589 328 228 840 141 264 422 709 93 559 633 435 662 928 381 255 655 136 833 173 387 681 152 632 926 897 973 502 527 308 349 610 723 26 588 294 576 579 291 994 431 122 928 18 305 96 473 837 850 552 647 909 23 146 692 0 425 747 315 208 700 863 448 500 345 454 782 904 232 77 508 31 533 499 801 771 565 600 308 730 241 362 399 705 805 837 234 243 185 437 692 196 564 
484 12 796 410 548 517 328 322 346 560 965 848 981 901 737 114 685 209 860 347 74 607 420 273 358 25 646 701 68 42 116 87 131 144 575 785 664 966 166 588 189 70 444 899 759 965 813 948 880 155 537 37 846 819 52 832 854 426 699 65 838 556 179 562 10 77 585 562 795 900 147 40 412 117 981 717 974 170 626 508 0 687 176 196 402 762 463 988 483 119 806 115 851 818 152 924 587 941 604 864 421 902 174 757 901 548 762 750 432 677 735 692 188 657 138 678 679 661 351 388 624 642 990 718 351 33 680 814 784 852 94 449 13 870 522 449 76 79 704 314 629 522 324 391 252 984 673 117 97 646 84 332 984 844 269 429 91 897 769 288 6 277 47 965 619 461 223 182 393 858 624 814 279 133 496 354 734 314 618 841 855 601 899 176 630 396 519 393 108 835 204 390 769 127 14 974 99 357 688 695 162 219 836 316 946 202 832 744 343 331 76 441 324 685 311 411 957 50 870 347 489 283 663 307 469 376 533 714 866 283 943 152 290 480 152 818 79 400 607 463 710 284 153 864 239 359 879 577 895 338 830 618 9 444 614 370 465 780 486 258 758 459 563 21 280 254 604 27 524 580 199 727 231 627 255 166 851 663 556 740 308 647 924 482 299 640 41 34 654 480 155 94 248 780 607 937 446 792 486 530 240 535 771 351 424 314 595 161 163 682 607 370 330 172 640 892 432 335 834 133 104 253 672 60 975 551 521 965 724 946 436 320 365 36 275 213 949 148 835 378 144 183 996 399 477 432 529 490 627 692 377 783 477 165 923 519 165 928 619 289 624 301 931 831 842 650 18 693 53 735 519 506 579 388 345 855 521 390 563 882 718 513 793 897 127 356 350 345 706 128 216 444 665 716 671 210 34 103 326 713 882 875 333 915 150 853 318 303 864 856 795 685 331 275 636 439 220 59 804 314 377 858 490 869 440 898 604 280 791 340 168 235 849 258 367 114 724 362 423 625 175 311 107 151 525 826 375 420 302 822 627 86 834 630 37 272 651 277 420 391 119 69 598 880 88 12 584 551 615 149 210 799 846 891 92 284 471 40 613 95 397 523 617 25 599 802 190 867 874 117 621 513 409 377 578 641 351 241 265 938 
101 104 520 97 909 380 69 83 810 784 926 732 196 212 945 114 518 14 842 655 16 90 314 372 281 939 922 475 684 529 187 62 205 616 698 947 461 397 765 68 848 963 390 507 274 916 932 421 779 984 977 241 73 304 703 947 0 637 754 181 871 881 65 825 96 129 347 172 490 731 893 433 8 771 486 634 415 342 207 459 966 727 15 966 383 142 644 405 983 472 679 613 389 179 394 558 284 205 668 316 417 248 586 45 811 270 805 860 313 59 216 388 758 733 927 561 981 827 222 673 42 36 81 173 697 460 7 405 880 959 735 475 28 334 308 672 452 29 349 630 79 924 516 713 735 918 289 453 949 155 100 901 840 166 69 456 452 328 390 14 167 446 686 66 678 14 225 344 653 697 609 331 554 786 41 1 909 964 254 75 329 457 358 774 17 195 357 672 176 570 351 379 927 185 474 366 794 337 446 267 285 225 337 385 599 48 552 948 287 336 406 730 794 905 500 721 274 81 391 269 419 931 101 466 324 397 689 992 203 529 611 397 810 822 377 822 329 172 243 918 796 417 104 751 822 994 284 694 223 544 147 446 928 772 747 428 676 259 194 799 669 244 80 509 704 144 151 354 986 389 536 705 791 367 470 1 606 738 135 364 647 891 848 725 656 231 900 776 272 106 219 498 830 281 939 293 42 327 851 468 873 451 139 687 309 683 710 796 534 996 527 420 292 827 883 119 850 492 496 158 544 778 406 902 89 421 581 878 721 786 348 887 41 718 312 88 234 239 602 318 128 713 340 759 389 482 426 972 229 474 835 581 698 24 835 231 119 306 676 900 189 375 271 628 785 981 239 427 152 307 67 252 825 195 348 101 371 791 727 905 734 450 481 835 229 374 520 789 494 911 639 677 841 314 921 581 751 69 725 817 408 159 245 182 16 55 564 289 304 909 483 100 557 330 784 523 478 472 132 112 647 251 264 968 877 80 444 292 752 418 323 942 617 693 115 135 825 196 643 539 164 927 621 836 306 136 136 890 898 229 595 259 100 474 412 144 3 151 379 222 200 109 918 739 439 71 945 311 91 809 672 936 63 504 165 914 244 855 975 121 640 66 668 273 891 640 288 608 869 230 937 545 933 748 624 948 860 66 302 967 
107 597 610 928 917 242 153 83 876 957 192 16 751 884 556 291 301 554 930 341 348 951 573 38 282 284 592 259 466 412 246 584 238 378 685 930 684 91 825 522 333 467 817 178 535 210 533 108 66 366 593 944 449 566 529 436 576 768 188 324 423 0 451 136 366 586 673 843 732 64 304 839 657 928 899 739 15 323 907 187 877 369 315 345 120 116 217 482 700 309 705 920 693 419 739 831 794 189 525 477 855 421 239 927 186 678 104 872 163 866 635 520 543 649 957 159 755 924 764 290 460 718 135 699 735 285 751 546 541 58 910 967 711 317 348 2 363 994 984 98 405 542 484 632 538 399 992 598 149 887 262 665 589 387 450 16 340 558 165 32 238 409 119 87 432 576 528 554 697 605 739 935 364 540 385 54 169 709 185 58 156 349 704 981 441 427 875 194 23 465 239 356 680 864 506 533 471 768 572 73 727 809 9 847 24 484 714 777 753 839 195 308 707 276 895 332 987 220 94 305 511 479 728 953 25 953 529 902 225 750 509 756 406 555 581 882 506 26 25 366 202 927 829 411 36 743 881 304 578 607 793 653 35 728 447 816 313 233 14 65 470 577 37 247 495 397 820 910 222 445 293 730 744 678 759 2 245 994 462 6 540 485 502 895 901 225 306 416 556 546 34 40 812 566 778 599 432 61 961 321 297 453 128 297 351 242 569 884 871 203 607 670 411 663 821 905 738 626 72 51 541 316 111 755 445 807 181 671 612 329 368 816 447 66 495 129 460 129 755 426 870 682 826 281 827 922 902 653 370 520 268 575 894 860 348 150 805 516 530 79 474 690 515 17 954 402 168 710 928 96 627 725 899 648 39 870 72 741 485 346 545 331 656 122 478 499 243 665 884 935 231 544 956 990 669 99 999 673 601 564 607 783 909 923 739 768 905 621 9 33 771 472 178 738 237 72 262 965 446 68 197 240 841 278 514 274 446 175 883 264 442 951 274 398 241 18 225 767 844 440 441 321 435 341 428 351 861 407 560 718 758 832 694 371 819 509 974 53 349 244 191 701 559 229 293 767 720 937 408 687 564 763 748 108 113 655 712 298 33 629 92 916 722 781 632 910 373 335 849 780 975 935 122 834 783 340 775 425 712 354 
82 27 192 409 648 189 154 504 961 436 460 48 88 614 23 819 190 363 431 969 991 328 52 622 730 629 779 28 59 522 156 573 413 486 176 744 203 652 613 657 345 763 653 700 262 815 953 835 651 992 829 925 130 980 300 559 494 565 362 749 575 59 987 21 173 337 127 178 991 246 217 26 363 615 275 897 7 821 505 732 854 386 919 426 489 972 270 249 309 926 550 267 569 731 609 448 60 915 682 292 627 327 394 333 206 882 832 863 419 529 121 999 366 712 198 377 837 892 605 56 80 844 337 378 821 174 367 975 345 158 567 43 967 936 636 726 742 916 35 140 247 632 723 222 142 34 401 306 863 648 446 129 292 359 599 833 325 636 263 566 802 514 469 334 68 947 593 289 743 622 728 315 991 334 270 660 161 762 618 513 688 649 148 731 16 183 575 852 625 226 570 581 608 763 579 53 300 651 412 47 448 321 863 268 824 407 801 81 464 628 40 214 400 634 959 314 398 711 510 982 386 178 101 270 507 969 812 924 502 676 241 134 742 40 66 394 616 136 279 927 764 737 181 514 327 318 505 302 229 488 753 996 499 414 170 376 339 908 887 114 28 732 43 930 501 154 365 291 7 274 873 61 184 37 113 634 536 223 959 704 31 855 875 682 23 383 967 937 606 50 404 786 301 227 98 618 94 45 124 457 874 101 488 638 483 433 566 483 253 322 215 243 3 826 170 989 622 905 102 494 912 233 27 103 449 193 421 382 165 364 335 348 942 197 388 891 20 470 579 156 208 787 733 932 17 314 810 249 85 803 815 252 195 857 973 625 44 150 968 105 54 652 349 496 59 225 204 929 892 889 3 35 245 215 28 684 784 19 511 319 525 203 125 731 208 229 385 809 406 849 38 760 534 917 416 571 863 49 542 120 998 329 903 141 171 705 147 969 35 416 913 609 748 588 191 449 891 212 164 277 511 612 476 855 157 983 949 878 855 807 434 930 467 127 589 356 858 299 734 619 511 459 869 728 584 609 212 826 146 622 152 960 484 800 457 689 364 335 782 417 771 72 153 941 626 790 29 300 874 806 174 585 280 325 175 20 599 71 13 946 494 688 657 128 612 333 664 401 862 867 681 93 393 817 591 962 182 947 925 161 
988 281 614 125 503 354 403 541 198 634 14 100 520 465 391 683 379 206 623 625 900 196 984 232 259 184 431 830 242 535 908 756 571 133 191 381 756 548 983 390 676 640 813 950 577 506 928 796 878 138 308 430 819 918 112 981 186 752 867 863 790 955 12 247 141 480 90 298 927 182 30 591 736 517 4 963 534 919 310 407 263 724 255 989 765 277 579 211 521 323 610 720 91 174 357 228 479 587 665 808 934 464 114 694 773 296 848 534 564 714 160 1 172 591 478 489 301 537 755 19 736 790 938 178 613 289 39 790 396 646 14 611 337 30 873 865 493 544 74 27 453 942 41 331 892 77 47 575 680 839 160 813 293 929 23 847 690 801 600 998 145 250 512 283 452 665 439 606 586 996 488 770 348 258 270 834 298 795 646 340 408 893 308 988 192 538 29 76 767 856 450 264 902 357 347 64 948 598 384 868 433 660 944 352 700 840 468 490 466 173 311 437 573 404 538 876 238 785 307 86 554 797 704 925 57 226 656 804 200 468 649 210 205 211 397 54 447 308 397 600 105 649 499 355 26 599 491 252 179 644 45 73 430 245 238 724 890 471 125 131 527 20 423 685 81 366 628 252 904 694 534 577 297 435 721 159 259 800 49 773 393 759 881 115 404 556 495 256 550 331 964 746 608 759 766 244 226 827 11 236 155 104 581 691 466 596 523 564 103 136 206 465 746 477 747 890 326 610 765 150 642 689 595 53 174 201 967 815 622 214 396 521 641 698 937 468 827 585 482 648 860 572 97 526 298 761 440 211 433 451 601 850 13 722 726 307 16 626 22 658 955 781 43 546 708 894 758 712 330 250 8 313 251 562 319 197 178 807 609 621 127 320 146 621 616 444 261 517 927 518 336 31 837 160 273 42 424 899 966 437 83 463 577 180 995 724 791 298 357 397 589 64 161 435 693 699 149 138 885 780 735 442 552 233 850 18 646 473 421 399 75 885 355 376 724 413 887 91 196 38 115 623 69 342 427 81 669 543 547 639 573 164 49 443 410 353 628 880 812 182 703 123 165 563 561 241 858 438 283 137 691 349 327 469 577 137 136 12 840 784 922 949 51 682 669 397 704 491 311 50 726 714 93 542 795 780 633 141 960 797 
952 485 163 76 236 314 661 372 197 376 500 326 140 883 284 821 334 122 477 910 763 357 156 82 962 662 591 808 683 310 203 447 739 750 454 799 934 185 165 882 424 590 446 997 734 708 425 970 652 353 556 595 198 747 710 871 938 850 726 297 860 12 172 718 254 477 890 799 235 662 298 203 944 594 106 637 533 356 69 674 225 979 900 130 779 621 273 541 851 517 603 798 870 207 680 503 177 27 398 597 890 454 314 271 686 279 668 130 448 785 413 829 929 886 191 699 750 250 356 385 634 539 389 639 524 701 732 745 452 442 22 959 9 394 632 212 137 652 896 535 741 539 993 559 452 400 940 768 640 992 17 592 658 232 604 107 266 98 586 911 927 298 144 616 457 418 70 159 891 496 880 160 391 866 79 950 968 991 614 490 445 691 398 480 543 209 473 612 410 221 482 82 23 375 583 897 747 783 731 295 722 276 555 390 254 766 181 951 366 882 519 616 435 739 170 133 642 708 196 834 801 990 98 227 0 209 771 551 172 630 665 564 873 717 647 691 324 353 475 57 691 61 384 855 188 340 442 197 439 26 534 100 416 975 471 564 773 633 846 727 501 519 74 627 689 190 300 814 716 570 585 335 700 574 854 990 875 382 350 211 299 515 982 732 791 963 819 533 356 46 392 717 760 894 905 654 337 583 345 741 952 421 558 653 314 422 103 488 165 4 789 851 228 193 930 72 337 694 293 913 916 523 120 725 623 438 318 152 27 412 354 882 13 359 3 69 909 951 647 324 64 149 468 393 644 279 717 406 784 768 341 886 32 684 11 820 666 356 173 431 370 556 261 859 240 654 110 985 914 594 441 434 319 100 332 798 275 339 341 213 118 746 138 725 384 53 680 519 558 721 296 385 906 860 788 444 473 357 981 898 346 892 653 602 359 365 661 825 532 584 739 819 910 6 728 895 770 542 110 52 121 52 965 542 771 179 739 318 39 703 176 701 532 490 330 394 811 51 513 847 491 752 976 300 529 57 509 235 710 738 510 969 672 552 871 502 258 326 564 289 357 387 118 139 170 582 425 372 339 525 344 15 327 193 834 334 43 228 557 661 608 88 85 520 542 946 179 393 510 682 506 161 468 209 464 828 411 913 37 644 
476 845 946 474 513 745 586 155 301 866 813 557 726 716 72 398 243 661 890 434 584 786 822 710 403 976 618 632 428 205 164 601 983 431 77 786 923 17 268 612 994 778 752 978 86 526 366 352 406 697 423 771 369 913 991 957 740 634 439 65 27 508 538 87 934 195 86 634 477 477 25 351 403 354 115 85 469 974 949 677 589 238 416 909 425 263 598 348 51 179 857 317 340 715 928 267 505 555 19 814 493 124 748 4 781 815 3 95 323 890 306 170 496 96 550 256 830 995 411 725 391 543 793 990 567 243 698 557 584 438 260 187 152 667 101 960 100 55 62 991 389 694 69 351 93 16 921 991 746 238 371 137 728 763 83 419 474 676 718 266 869 432 246 543 730 261 192 349 934 254 385 862 598 481 522 62 924 254 437 915 631 558 876 114 676 169 618 110 869 570 866 895 743 358 675 721 387 298 611 168 48 197 743 529 962 636 146 171 530 969 926 391 140 432 245 777 331 98 389 437 193 884 285 271 543 392 384 360 357 414 891 598 829 726 418 429 745 501 640 943 383 150 100 407 411 80 649 907 303 736 623 870 278 91 692 97 142 486 689 87 269 89 162 882 896 59 465 925 136 459 358 813 540 438 593 631 801 978 282 291 736 872 560 259 348 77 773 678 178 745 47 145 964 239 202 800 156 243 280 901 493 739 747 885 478 202 156 924 964 730 818 175 76 650 617 474 860 354 4 209 153 692 74 775 811 675 925 944 944 369 728 314 738 643 731 452 50 827 211 231 635 567 796 309 349 765 421 259 592 685 195 570 508 256 761 910 366 896 685 772 306 673 939 662 218 513 735 838 928 200 405 967 116 23 279 257 435 704 987 874 638 99 179 999 900 747 238 583 226 259 302 139 767 123 227 423 649 674 523 508 480 828 193 455 621 915 757 426 243 648 76 871 788 818 115 821 824 274 810 487 635 209 460 334 575 369 600 316 120 573 931 210 939 977 525 192 467 116 821 603 396 92 150 618 351 107 503 681 224 964 672 284 819 561 161 297 926 75 984 379 890 693 226 20 287 249 867 220 572 903 370 830 174 736 44 196 399 752 900 124 479 343 315 285 401 570 957 628 715 938 923 153 756 189 252 289 977 885 620 483 
136 364 143 670 775 332 971 478 287 722 714 715 184 698 792 119 925 339 454 384 858 738 227 603 368 530 877 630 586 815 141 596 778 413 234 929 711 674 168 263 369 874 565 990 800 652 571 201 403 220 521 727 428 409 311 0 91 952 174 665 277 520 508 674 705 516 160 750 733 554 440 679 593 35 836 352 116 239 498 543 415 199 120 39 122 106 158 816 44 631 101 712 846 735 604 692 463 401 97 684 681 855 851 139 743 446 573 772 614 679 932 607 784 972 564 138 961 559 841 244 3 38 996 205 197 350 339 372 402 772 246 133 187 49 722 243 410 193 385 342 871 223 867 832 71 51 426 631 366 266 31 300 369 744 647 587 481 279 754 270 145 788 728 208 126 773 635 928 479 415 515 960 140 97 584 209 577 540 79 10 760 155 541 478 326 362 600 720 677 678 727 558 239 365 21 434 889 841 495 813 949 485 940 582 111 659 328 489 99 233 518 386 608 890 829 658 682 411 492 320 332 684 684 71 4 340 761 700 883 41 429 341 840 240 262 176 429 958 682 386 896 951 763 877 75 790 265 357 190 118 690 289 108 618 360 570 441 159 287 56 152 397 795 439 157 816 386 546 615 262 437 90 192 409 759 686 660 245 858 491 409 579 504 0 444 919 593 173 707 997 569 539 666 48 462 834 486 791 61 156 358 760 601 374 462 409 412 779 914 895 177 477 618 192 911 327 224 767 537 212 784 34 128 762 443 680 668 836 527 397 920 370 627 721 337 907 806 463 492 943 155 767 537 261 184 511 602 261 617 742 967 74 542 540 944 487 716 641 408 512 720 348 941 907 118 3 565 661 628 554 2 887 559 573 983 135 709 231 563 473 844 683 331 953 312 84 902 699 207 541 804 747 936 339 469 196 568 447 769 621 409 124 479 891 17 68 635 448 325 217 87 908 746 110 770 712 796 485 126 917 109 900 361 964 501 285 847 408 592 874 926 506 471 943 145 925 204 156 697 510 900 630 147 872 471 278 492 343 452 90 14 821 615 53 600 458 37 217 601 64 666 436 19 284 906 318 353 513 957 12 370 375 252 375 904 826 318 874 14 86 349 86 858 849 571 955 7 674 286 526 187 894 347 111 83 677 352 348 714 278 
510 120 469 823 535 217 122 31 819 901 786 63 436 634 899 820 67 537 76 217 287 794 692 242 221 954 5 145 787 857 586 50 436 657 99 31 478 738 380 64 243 209 797 743 856 845 343 854 156 711 178 782 512 923 689 684 505 835 737 206 509 768 706 329 952 562 13 455 117 132 658 814 900 285 459 6 13 113 199 371 799 723 742 802 439 948 102 401 569 388 164 999 588 506 42 432 578 342 578 47 272 486 962 813 724 819 129 176 241 924 792 640 615 600 735 366 210 438 204 325 960 782 18 964 450 729 384 679 451 524 123 277 317 543 363 567 117 958 143 259 657 911 887 629 241 779 501 961 73 762 510 419 320 978 364 925 579 947 552 555 545 188 826 803 760 222 245 463 208 250 447 385 118 257 690 292 199 375 205 171 280 475 73 857 274 689 113 251 167 4 754 444 683 798 822 186 410 945 424 390 986 452 68 818 360 243 2 673 860 186 828 885 816 668 719 378 952 75 978 919 567 866 910 178 299 318 932 697 893 351 920 756 569 544 717 842 267 619 701 514 501 198 658 486 251 761 811 48 961 689 209 841 559 926 387 254 318 427 373 190 483 757 363 111 721 915 992 287 169 678 624 843 935 394 716 663 460 661 954 668 429 33 519 325 620 618 158 772 271 366 62 781 886 731 55 768 732 423 434 374 483 651 85 707 795 887 257 890 493 98 988 19 718 118 712 600 615 518 383 764 335 634 963 315 505 217 815 531 256 157 269 228 751 337 590 816 451 667 173 249 884 717 181 738 345 234 829 423 263 621 986 695 207 675 211 383 758 902 245 810 717 110 521 306 795 806 590 961 67 583 850 204 538 366 436 720 112 15 173 177 62 183 724 262 491 186 976 72 794 276 461 923 451 172 157 181 894 329 21 343 221 43 328 616 488 117 783 645 356 674 849 112 870 679 702 506 614 20 474 562 114 59 369 890 252 627 823 239 865 0 67 652 522 455 894 645 290 998 603 536 70 468 833 432 319 883 807 131 307 864 290 396 3 511 369 40 649 190 636 518 392 823 742 614 399 274 220 976 613 354 849 901 696 143 578 139 395 176 589 432 493 571 879 175 624 996 8 169 967 261 922 935 965 289 811 963 971 533 503 237 
435 561 330 963 782 254 323 122 329 969 655 296 10 642 455 569 111 430 15 954 863 847 443 752 640 62 171 503 603 633 482 520 446 106 871 169 786 627 395 594 787 970 733 655 630 893 297 190 343 169 316 219 752 964 395 242 892 857 738 139 434 328 835 197 387 399 998 965 172 799 489 192 483 986 797 522 730 89 513 724 920 954 391 191 230 255 632 823 826 125 417 15 814 547 52 262 592 580 637 831 976 659 540 408 374 169 343 861 42 793 195 249 219 472 404 48 645 574 836 275 567 679 48 986 493 738 191 652 551 586 675 324 646 361 497 524 225 659 63 1 568 956 826 507 931 609 447 733 582 491 921 616 296 801 289 443 794 178 557 261 956 985 762 28 826 335 567 571 224 329 593 102 326 799 276 895 813 447 53 12 544 877 10 338 424 718 433 613 742 820 960 902 215 614 759 217 929 488 232 455 345 476 749 414 806 560 255 105 150 866 407 981 288 661 995 944 634 794 125 725 776 436 978 612 391 264 393 560 187 846 515 879 335 471 364 14 667 354 607 112 957 116 421 947 875 571 82 859 142 129 679 758 910 711 462 269 414 448 677 182 521 701 317 742 506 870 594 361 869 578 949 336 935 704 852 401 590 216 633 288 974 981 635 468 69 160 344 951 957 64 210 920 992 383 675 302 699 88 282 119 891 734 856 83 514 367 901 763 720 869 161 879 942 586 995 390 611 306 865 617 394 166 889 504 980 908 592 946 529 315 117 354 148 615 554 156 89 246 372 834 48 996 166 636 381 827 159 31 990 100 218 855 433 333 679 352 732 209 265 628 906 382 94 265 872 94 829 515 972 321 732 291 363 228 457 887 78 767 39 712 333 573 420 577 795 998 795 845 443 275 274 984 962 568 349 373 64 673 129 754 891 170 830 599 597 732 169 144 788 616 745 150 961 759 60 82 838 1000 284 955 847 941 272 331 979 825 634 619 517 277 788 290 527 449 428 834 704 93 375 39 107 250 767 45 446 669 610 109 990 734 21 888 899 531 209 440 516 746 740 710 649 53 603 955 462 604 692 380 457 84 746 565 81 579 682 694 588 707 574 219 1 51 439 325 71 183 777 566 296 294 294 993 539 626 905 8 466 500 354 771 
714 751 646 789 875 528 847 811 395 410 33 683 854 811 112 502 206 762 675 217 121 644 949 856 64 892 422 544 504 861 595 57 619 659 809 770 1 159 438 551 982 61 553 752 229 738 747 861 876 915 282 175 1 254 213 626 954 284 82 190 121 181 81 896 934 49 160 500 110 938 131 999 38 321 75 306 223 440 33 368 419 283 888 726 360 583 885 362 606 26 609 75 728 305 68 484 467 731 415 348 337 509 275 281 370 995 665 916 382 768 688 626 387 317 161 44 531 879 529 635 819 741 455 3 499 659 156 698 222 232 239 273 435 278 210 438 322 399 380 500 964 135 1 104 72 212 474 487 801 752 512 990 147 334 410 10 516 23 930 447 103 506 270 680 73 335 731 470 918 686 266 490 449 300 166 647 204 20 360 247 84 341 867 240 614 610 39 615 254 268 826 560 303 697 926 315 704 628 2 325 2 854 169 76 105 368 222 790 290 503 858 664 905 760 178 939 381 959 971 738 685 78 259 236 291 767 445 384 547 238 382 159 331 151 505 974 385 296 44 376 253 365 781 640 527 654 603 753 31 771 770 587 458 932 936 787 53 118 400 466 912 415 523 84 585 577 242 457 397 291 215 616 147 65 230 174 384 216 228 579 326 358 795 149 708 908 623 927 925 439 419 771 682 117 934 396 467 426 157 590 82 453 991 957 9 735 65 681 997 818 354 842 224 296 438 679 446 259 249 671 894 29 66 710 196 588 50 529 371 117 535 201 563 134 699 527 193 901 529 415 609 689 970 937 156 509 441 503 958 272 471 929 340 667 20 336 740 290 338 217 690 823 46 957 654 944 883 195 677 822 489 184 876 942 286 529 146 470 216 639 745 762 845 667 967 111 687 312 111 392 335 102 294 50 804 947 304 988 35 296 946 863 992 214 23 314 175 559 663 386 754 520 877 142 39 685 491 607 758 373 509 337 421 463 239 521 716 199 471 40 496 525 753 993 484 973 647 879 152 370 899 380 650 590 795 788 42 994 111 970 400 291 241 417 860 25 814 551 934 883 45 194 324 738 568 683 33 573 711 359 284 444 976 361 640 306 41 169 495 560 106 18 73 573 164 731 722 565 902 592 350 166 585 465 558 477 219 89 512 106 
410 924 969 207 964 243 991 356 561 533 124 229 200 155 728 272 549 737 138 762 405 55 597 767 521 369 692 738 403 555 977 366 821 498 710 913 169 326 945 334 921 758 266 391 117 204 899 700 484 224 208 248 824 112 165 985 109 917 11 129 137 534 615 570 212 475 870 224 116 860 663 273 655 602 216 313 171 590 236 192 517 351 13 693 667 503 469 991 887 497 332 558 98 143 593 841 129 537 260 637 651 246 453 578 516 311 83 5 102 168 366 647 542 905 639 732 235 133 1 448 967 290 144 470 990 248 462 474 662 794 572 125 267 12 446 571 381 441 6 556 346 274 867 413 861 652 856 453 924 375 908 733 320 583 39 536 884 371 583 239 909 192 812 184 437 152 672 337 842 335 918 407 513 371 47 657 496 803 961 146 509 772 972 410 75 198 754 467 828 166 652 635 281 506 732 320 334 652 159 156 749 615 25 186 779 496 958 405 40 198 879 508 221 44 935 462 741 715 102 930 829 800 545 260 528 225 659 673 633 921 683 948 123 439 359 380 780 450 543 132 88 726 895 841 1000 753 833 444 83 159 715 366 200 449 823 983 539 723 392 95 620 627 117 154 530 438 722 973 606 8 112 384 691 317 960 34 316 795 686 173 779 894 165 222 961 395 721 512 231 655 957 29 660 693 925 920 495 524 645 159 117 681 372 672 494 426 595 716 315 902 310 48 23 62 751 50 474 654 573 718 463 454 359 4 395 117 689 444 850 497 514 852 85 718 236 511 754 985 39 822 834 161 958 611 476 547 837 1 771 988 114 474 444 511 232 474 332 249 946 31 584 689 665 460 907 864 617 106 528 718 112 534 169 758 815 941 785 308 352 536 70 628 145 988 560 783 280 98 646 722 867 811 586 836 481 237 488 72 173 216 246 630 719 339 848 629 440 162 807 681 343 558 42 910 318 89 862 269 790 944 417 435 417 168 963 145 85 256 767 623 219 131 291 550 29 971 67 547 93 556 187 115 58 906 896 368 332 112 116 391 909 909 765 527 142 178 201 98 457 515 482 418 302 796 809 977 499 512 238 555 906 797 816 152 934 718 926 851 554 837 614 198 402 730 242 157 33 34 820 820 426 835 817 51 133 515 164 545 642 652 
737 65 307 844 614 173 205 310 692 932 856 375 728 792 661 176 208 230 900 286 30 218 453 16 597 249 686 366 454 489 636 871 422 211 203 474 252 905 118 407 660 121 987 12 344 258 277 129 271 215 629 824 497 66 866 166 406 166 13 20 83 392 139 350 28 854 863 504 411 665 29 981 524 526 692 687 401 0 674 911 636 924 890 522 773 881 146 366 723 504 33 374 497 927 909 921 69 175 289 808 518 397 989 783 346 700 598 133 455 453 783 136 625 772 576 677 861 750 714 437 445 164 271 732 14 936 251 196 806 22 401 719 129 853 733 290 828 832 540 741 302 233 974 736 234 975 418 848 596 612 101 541 297 478 4 407 570 484 968 845 127 43 932 44 548 19 222 780 439 324 363 163 157 812 518 574 240 186 568 528 555 404 593 358 793 63 741 50 999 691 248 203 197 507 189 870 825 579 916 436 375 779 965 180 904 850 637 683 779 702 850 938 714 915 236 337 614 168 267 768 541 102 390 520 971 957 697 97 914 773 894 437 550 784 533 99 253 733 187 141 149 426 656 46 632 99 924 938 900 560 864 685 710 525 449 116 306 370 248 951 709 917 59 603 338 836 952 697 78 585 340 512 794 198 7 650 143 907 670 1000 883 420 824 888 620 381 269 218 769 436 136 867 895 589 144 23 341 46 597 134 580 297 595 287 62 488 264 42 656 648 403 901 237 384 560 49 982 139 51 413 818 841 814 211 570 139 400 234 920 550 582 552 345 900 413 890 783 942 701 889 705 269 558 989 267 996 99 345 781 532 762 694 754 398 335 144 612 170 888 649 28 230 511 513 502 299 374 688 195 166 15 111 150 362 857 467 512 43 405 393 740 146 491 732 69 319 704 531 118 21 368 568 393 656 848 136 310 261 511 802 291 639 508 832 429 604 790 155 642 859 247 639 879 64 105 593 380 490 244 338 167 621 882 633 751 809 262 100 609 553 742 500 278 872 458 845 833 444 13 942 998 963 668 576 304 930 852 430 491 607 83 7 213 411 319 966 265 140 156 81 351 155 951 370 600 872 902 779 361 410 321 831 569 404 416 279 296 667 689 617 446 479 296 237 838 326 588 141 976 68 660 243 419 983 516 499 542 991 270 640 
653 361 861 742 845 432 684 792 334 398 903 673 969 763 467 422 330 795 285 995 482 974 495 912 816 583 872 654 567 832 750 692 66 596 13 576 91 368 785 421 152 68 467 599 389 625 204 93 882 676 283 337 701 402 336 415 610 126 460 135 363 447 691 840 857 327 590 912 334 195 761 903 388 878 194 673 427 637 744 885 333 928 63 215 402 928 256 629 60 21 841 917 397 285 848 531 464 11 751 561 990 335 762 202 757 500 356 303 402 183 423 415 599 724 372 822 335 149 369 728 85 5 219 749 875 645 862 508 787 588 963 696 963 853 829 954 642 441 464 177 127 10 105 182 765 870 693 107 898 528 205 396 702 559 526 740 213 213 401 467 390 207 615 485 705 266 78 524 531 175 722 158 314 491 372 951 761 294 254 477 407 244 808 670 441 116 105 938 312 207 251 208 534 963 269 717 414 187 662 683 227 715 773 143 855 77 344 648 506 737 185 162 650 305 489 250 80 527 102 663 293 381 809 505 290 865 696 832 82 353 196 633 439 466 75 72 533 752 947 384 634 433 103 495 95 231 774 640 797 886 289 21 412 234 144 491 854 418 135 832 884 979 740 30 504 832 2 181 435 170 144 523 383 293 299 691 701 764 628 559 809 339 434 708 920 420 280 282 977 885 169 925 694 779 16 796 835 600 848 466 844 583 338 772 197 598 49 345 92 394 718 4 647 961 531 754 974 952 658 977 559 591 627 39 612 335 332 911 408 733 532 72 978 51 343 343 40 795 355 705 341 593 925 713 644 926 52 280 415 296 946 567 960 772 357 704 757 496 705 69 465 439 860 733 736 920 404 286 346 781 109 2 330 224 805 686 591 490 703 717 907 867 310 998 808 330 206 816 258 226 752 331 482 754 368 849 424 250 311 869 108 729 190 471 302 542 679 928 373 9 8 726 122 76 840 701 949 710 216 525 280 932 163 397 252 75 844 516 288 245 816 936 872 183 626 300 637 158 429 32 488 238 309 199 878 543 470 889 134 459 1 63 880 827 858 280 104 39 172 448 615 339 193 664 822 122 564 694 660 983 56 466 69 864 449 774 882 526 287 180 501 203 680 980 660 698 536 733 947 342 312 459 785 733 475 161 945 420 20 590 
89 848 686 114 65 703 743 516 927 109 935 550 20 915 729 155 980 33 358 749 986 991 56 978 721 123 625 894 14 78 368 657 295 327 460 356 934 217 979 63 936 255 87 151 949 2 765 117 292 650 294 366 595 320 386 717 235 469 563 419 38 981 265 152 709 341 398 630 348 945 419 740 716 79 423 212 126 515 727 655 863 621 453 98 198 410 606 414 214 877 540 589 255 41 900 864 28 135 577 796 188 430 211 253 826 617 673 9 2 924 444 126 841 583 236 167 501 363 341 961 768 908 915 664 756 160 899 305 758 449 771 92 233 571 328 684 79 176 362 949 769 112 53 650 229 547 664 313 322 163 436 571 840 166 522 516 60 858 365 611 649 631 248 268 499 270 834 112 852 734 538 207 318 552 453 594 486 992 481 787 773 820 549 111 522 56 97 148 921 146 990 287 749 262 650 935 317 729 39 610 733 535 978 255 809 751 488 888 183 648 657 936 675 582 372 52 330 406 75 40 51 161 659 923 905 564 429 196 234 371 777 715 326 111 782 565 153 283 199 905 117 157 521 859 947 599 971 305 327 675 41 455 509 954 622 316 984 748 432 819 508 987 827 771 782 825 672 505 834 809 726 717 970 949 324 665 813 111 738 208 45 443 591 458 382 252 828 440 270 920 137 350 318 210 190 461 539 264 237 353 350 849 771 889 49 897 788 259 985 314 687 529 844 362 369 151 49 174 648 664 575 67 208 163 431 27 854 857 754 848 39 908 940 572 639 983 563 971 924 138 227 19 161 76 953 11 101 994 719 686 945 101 775 891 796 426 193 603 65 971 837 494 869 201 959 657 270 389 453 718 56 796 989 733 899 935 194 803 958 392 3 636 986 646 221 151 688 482 847 761 969 467 795 312 804 348 940 295 68 76 111 150 433 353 30 239 405 123 65 642 180 409 731 980 145 180 685 124 161 324 651 911 259 771 684 242 753 481 663 956 201 425 578 203 792 447 815 587 492 539 989 912 140 472 610 475 593 402 658 591 445 292 313 327 565 292 967 182 717 3 764 880 885 55 457 905 911 35 440 284 557 777 380 318 787 333 535 913 697 343 411 600 202 28 269 759 46 296 725 918 810 384 296 935 360 896 788 193 183 513 
656 954 105 925 192 70 685 736 911 294 627 258 190 941 259 473 12 797 877 56 829 837 408 763 491 293 139 978 989 690 856 158 737 329 49 527 401 241 716 189 230 75 393 468 53 86 950 764 905 689 684 624 600 948 949 500 685 617 819 278 609 398 828 948 748 937 697 239 910 958 384 233 235 553 85 639 928 162 546 348 418 876 703 341 326 860 916 411 189 22 763 799 794 717 214 13 201 772 216 252 147 498 824 613 661 715 933 508 408 300 711 605 387 832 110 883 161 619 99 26 928 627 931 599 691 170 266 335 691 385 120 747 133 223 712 512 4 499 359 906 969 34 957 609 658 417 33 565 684 221 883 610 800 77 704 357 969 877 396 846 983 904 112 808 786 434 784 332 876 174 171 169 745 199 162 677 188 418 431 382 347 881 392 987 397 291 714 29 381 808 783 811 875 817 517 73 693 648 647 772 230 750 632 294 19 728 701 700 657 854 199 665 32 70 362 871 804 267 434 32 330 485 318 42 769 246 782 43 646 261 265 276 424 450 945 838 438 685 802 107 700 783 823 998 896 682 888 654 204 569 474 617 322 215 944 234 124 88 488 113 19 463 817 518 877 2 537 436 437 712 355 220 146 184 261 427 1000 653 296 63 16 322 948 566 568 458 985 810 62 885 433 723 891 511 561 422 314 120 687 581 855 70 144 728 425 363 211 69 692 937 863 883 661 551 95 822 523 567 608 176 380 132 140 746 49 16 861 899 58 945 463 133 664 433 212 450 758 566 621 408 859 509 41 585 551 522 868 549 213 434 212 902 388 657 683 901 737 834 115 414 225 51 484 498 899 684 798 147 842 266 529 966 357 877 782 191 58 259 450 471 498 149 631 456 1 81 220 636 516 712 574 841 460 785 753 348 342 447 859 669 401 783 279 879 483 45 25 302 795 888 136 285 495 867 253 160 516 754 413 582 853 616 184 614 661 470 991 140 222 336 787 460 206 936 361 23 968 442 215 768 990 159 535 80 435 380 496 250 332 241 603 198 572 652 691 279 982 135 104 425 818 857 866 737 904 210 958 584 542 39 304 525 725 120 787 19 357 103 207 188 231 103 957 932 218 993 926 392 883 482 294 729 114 155 937 295 45 169 595 974 
359 259 224 348 222 915 772 67 309 255 641 291 441 282 355 528 316 423 99 128 101 14 25 153 103 354 420 83 875 563 371 689 4 124 937 847 56 90 467 71 110 673 131 17 576 463 901 312 881 880 132 287 105 58 66 899 137 709 200 517 91 796 2 912 78 643 833 731 14 719 97 202 830 514 131 43 835 738 780 182 633 30 565 162 227 219 807 144 918 229 665 3 461 243 30 242 40 540 672 349 916 926 897 838 777 523 820 230 468 771 173 345 895 635 194 363 199 972 709 935 448 724 11 646 701 100 693 371 68 183 38 818 681 829 163 355 759 828 337 324 617 189 989 644 977 687 194 274 149 725 332 756 979 893 925 897 146 530 419 330 125 333 737 870 584 596 836 643 322 34 135 206 718 733 677 369 40 748 305 265 281 568 569 279 377 501 807 399 345 550 799 835 788 510 403 586 569 349 238 862 965 176 684 876 910 121 679 400 348 372 565 450 464 340 148 799 229 820 593 980 324 907 783 520 15 267 351 523 675 64 241 533 678 862 28 611 418 400 633 360 871 975 860 973 51 210 470 498 530 461 12 774 692 193 144 133 89 889 163 707 782 52 526 302 949 267 213 979 833 114 321 382 754 449 966 678 228 734 266 327 344 549 321 9 948 44 505 926 139 556 966 983 93 402 764 96 308 590 768 407 932 38 702 794 995 10 200 171 851 600 115 0 248 354 372 127 840 997 506 502 58 558 656 324 853 189 156 377 810 629 677 81 670 115 54 995 637 987 103 122 846 630 5 152 390 41 23 261 969 800 500 10 104 476 497 143 99 586 975 160 46 883 398 485 33 786 577 361 679 223 145 991 9 72 859 831 740 213 678 972 732 488 372 758 399 354 943 681 821 627 989 964 39 220 993 677 434 706 471 422 982 63 568 977 310 602 520 677 279 994 154 249 275 739 471 733 967 109 849 144 352 99 801 207 193 37 647 664 553 403 671 51 558 480 867 1000 296 142 314 897 39 360 433 813 480 971 844 335 828 600 16 804 749 464 602 289 474 167 974 306 518 108 249 256 851 890 407 862 279 553 909 833 884 958 96 592 660 796 65 371 981 939 605 580 521 578 360 344 495 570 643 977 48 527 398 789 674 676 398 579 
608 96 806 359 568 297 467 899 441 622 500 158 619 348 986 403 207 357 98 145 240 867 930 18 417 90 694 117 495 470 776 25 690 183 39 525 768 295 902 334 767 855 244 849 114 724 262 291 414 957 37 409 79 318 984 143 876 725 78 509 544 176 923 114 819 104 700 256 993 785 506 859 494 265 772 956 406 539 390 711 674 757 77 203 372 653 75 422 850 793 630 618 724 562 841 876 553 794 436 997 440 121 632 903 570 291 180 127 51 711 906 491 760 708 787 529 513 955 633 861 253 96 371 751 519 342 109 745 770 35 118 482 70 280 186 183 855 349 119 381 644 386 890 412 974 618 500 711 713 242 977 686 658 491 837 87 872 824 688 665 534 348 653 193 831 404 671 913 17 466 408 747 616 520 635 61 738 198 116 893 413 699 721 719 811 310 74 552 264 818 387 323 432 852 136 885 504 583 522 391 939 852 291 792 280 425 239 550 609 816 596 528 752 822 172 687 892 53 314 755 569 122 982 166 617 45 227 435 748 991 557 680 889 940 246 627 278 623 892 829 110 852 0 538 978 628 666 412 416 930 304 364 904 397 581 916 887 747 140 295 426 155 966 378 242 430 291 635 282 72 3 964 350 88 61 326 536 122 518 633 632 249 875 517 678 622 667 151 422 787 395 480 891 920 598 330 194 539 592 184 933 868 29 227 77 606 157 965 511 223 948 268 229 530 354 336 118 922 72 934 36 526 966 947 709 461 178 447 409 815 796 385 477 133 81 119 894 510 390 63 881 545 718 418 543 648 71 235 994 85 620 219 580 922 595 143 244 866 499 951 278 480 582 181 19 215 698 523 714 235 268 506 924 44 381 258 104 93 520 492 603 406 595 84 943 518 641 479 395 575 483 247 288 18 64 229 624 657 88 817 96 895 193 855 91 250 746 51 767 519 144 562 56 417 997 966 241 265 34 945 133 409 966 678 87 621 816 997 823 856 54 525 160 24 915 270 269 364 40 608 657 482 734 479 714 888 746 682 258 708 87 349 166 352 484 901 288 488 698 421 740 446 64 368 107 597 459 54 395 82 911 900 188 456 840 393 920 750 642 872 938 461 705 637 282 551 132 989 5 564 626 994 218 826 736 371 995 0 890 889 
707 978 335 814 66 617 238 32 608 642 885 637 345 193 982 277 702 108 492 459 450 911 32 567 487 544 443 462 951 699 4 732 38 390 289 300 857 628 443 555 108 210 678 493 913 458 486 186 511 477 630 55 680 652 657 614 645 180 718 234 141 264 785 307 647 832 895 843 917 806 362 983 725 299 513 831 667 68 990 288 695 673 396 201 541 266 599 24 795 841 663 865 908 569 496 223 969 916 711 760 254 909 96 835 596 758 984 552 228 194 843 995 404 983 668 511 27 937 27 435 834 34 839 837 707 968 589 165 495 788 576 47 738 924 512 65 864 815 107 3 905 918 138 775 449 140 184 359 193 227 175 79 1 773 209 399 510 145 127 271 821 879 646 671 235 622 458 461 379 308 263 268 326 934 176 967 534 706 800 81 360 88 521 707 543 717 83 946 312 640 982 491 214 124 214 556 93 330 377 323 291 683 678 280 467 623 784 709 343 616 171 719 286 221 294 665 827 453 61 112 489 381 388 941 894 69 463 998 419 683 886 902 410 522 907 970 19 125 828 268 810 270 416 302 334 797 845 128 524 320 562 66 428 410 297 991 173 504 15 376 488 26 228 307 337 413 805 454 402 227 261 446 315 257 267 100 260 917 761 480 754 656 6 371 831 369 6 67 375 82 599 224 565 620 993 515 455 82 98 741 327 210 953 438 322 592 912 24 693 591 687 444 725 614 665 145 669 304 921 165 479 798 40 132 358 311 189 134 43 596 513 252 928 513 532 4 371 326 6 761 369 59 906 612 986 497 139 896 23 68 862 614 254 884 998 595 0 871 945 986 43 334 954 358 726 737 317 24 32 283 354 590 429 648 374 356 196 294 146 264 692 395 521 199 26 458 154 448 681 674 267 127 646 98 856 62 459 29 683 713 676 810 925 749 915 998 162 747 117 812 446 395 425 551 142 408 177 515 918 712 355 550 754 161 864 621 916 778 619 630 910 928 785 169 525 186 702 52 569 962 419 256 92 552 729 653 521 342 477 249 815 532 225 902 701 102 336 271 415 945 901 584 699 787 780 431 943 499 863 960 678 607 776 247 984 393 832 124 977 630 382 466 733 803 806 5 774 140 925 47 353 587 624 471 772 582 261 636 957 893 
613 462 20 286 106 711 617 664 343 329 352 604 205 153 887 848 940 32 135 934 816 812 873 613 183 793 847 452 163 28 79 578 648 251 502 960 789 114 361 412 856 180 130 902 648 638 769 924 995 178 605 463 865 74 335 220 526 427 592 337 488 574 178 146 606 51 799 383 700 3 664 177 449 622 356 221 916 960 936 473 168 623 780 728 915 891 409 597 878 708 989 367 467 867 708 251 103 898 894 908 738 639 97 353 897 49 970 123 897 91 155 28 985 658 475 587 430 419 23 917 587 240 306 602 912 501 284 292 362 763 938 925 571 106 922 161 266 30 496 80 600 745 45 968 957 84 842 637 478 927 30 309 140 483 548 241 188 503 130 170 955 154 429 457 612 28 440 209 619 184 125 146 612 252 639 736 347 542 277 166 801 314 371 292 166 512 637 875 559 827 392 703 412 875 696 549 715 859 567 988 59 669 447 985 232 58 943 203 242 689 349 786 461 791 615 866 443 293 457 310 78 38 39 331 464 815 410 638 214 472 125 683 797 856 112 499 339 927 642 332 522 22 285 45 979 913 538 294 18 625 269 216 919 924 859 740 120 984 585 700 573 787 811 609 739 496 68 706 757 778 126 613 980 881 556 128 425 496 717 253 57 4 10 795 144 636 634 797 359 814 287 462 208 938 445 649 498 344 119 193 19 959 685 223 576 668 496 858 531 201 991 924 611 103 284 487 216 15 288 594 96 497 242 969 821 338 813 436 814 701 436 686 376 535 162 542 922 780 926 616 69 54 439 453 695 693 623 811 369 819 649 128 356 419 427 461 890 444 768 633 445 144 353 517 370 47 239 98 792 680 818 993 770 893 246 803 525 584 909 527 48 551 555 938 744 660 898 291 478 685 923 938 920 369 173 215 510 74 678 883 983 212 170 229 231 219 659 655 104 727 392 670 576 112 100 64 318 109 965 813 513 82 52 662 243 180 61 451 206 824 764 489 27 558 241 919 477 851 83 723 870 357 193 558 925 883 682 362 157 321 824 579 236 762 232 69 647 54 649 442 226 723 965 808 616 446 286 979 251 207 351 91 23 109 340 763 141 260 517 913 831 687 17 937 109 916 577 577 550 639 704 365 535 132 845 565 999 146 558 607 
332 811 344 946 436 383 812 738 815 174 276 15 79 649 332 886 951 628 51 612 683 30 738 988 848 322 850 637 555 818 249 675 614 341 967 737 439 394 721 333 86 606 830 407 835 532 239 689 650 188 868 634 29 346 366 7 122 143 179 589 363 53 506 249 129 636 610 190 466 746 754 309 62 870 470 68 670 612 529 37 415 333 744 267 861 898 773 393 692 94 403 636 504 181 733 781 759 864 403 978 810 600 116 580 363 374 104 784 259 882 996 479 451 833 593 271 495 982 52 452 96 679 944 452 486 994 658 578 177 396 369 206 553 50 614 185 701 643 247 585 480 16 138 80 145 521 918 885 573 246 631 312 833 343 473 621 910 654 835 824 516 74 142 69 156 853 867 540 147 323 84 133 821 991 121 875 434 679 579 40 163 382 446 356 831 264 638 483 414 559 387 606 106 625 423 942 702 941 564 841 12 597 278 655 659 533 326 865 514 203 542 713 487 620 166 355 52 434 11 341 307 764 824 738 411 0 860 290 306 995 18 809 697 427 293 146 358 737 407 921 588 611 651 29 579 505 346 498 967 304 240 551 868 966 24 49 764 159 786 448 479 568 403 921 332 621 964 502 715 842 174 102 416 871 346 488 257 870 298 648 784 458 500 860 318 342 583 284 167 925 933 50 495 145 420 708 90 529 102 797 891 739 943 964 0 714 746 460 860 191 119 33 456 437 820 65 955 984 902 423 701 434 752 133 481 357 727 588 940 633 369 905 219 325 619 36 102 99 996 522 673 34 574 351 206 809 526 548 953 842 789 191 812 145 218 877 954 607 221 80 543 10 412 64 668 441 932 416 131 818 695 281 719 247 590 408 845 125 931 702 888 882 528 489 853 496 72 24 733 900 217 180 509 688 472 180 865 506 719 882 966 762 274 883 217 860 505 407 669 367 190 705 835 557 540 44 973 883 320 380 973 440 46 348 642 89 498 873 229 446 100 253 129 471 487 489 679 112 481 93 130 343 941 978 603 127 290 540 164 335 431 104 315 588 740 750 349 451 224 575 308 524 897 348 626 55 282 207 121 846 226 57 225 519 700 551 745 888 639 579 955 27 193 368 226 62 692 818 253 565 273 321 235 335 556 948 786 711 99 586 
736 128 900 146 99 459 475 170 251 255 84 381 321 938 233 600 574 736 640 322 378 296 710 250 566 196 731 585 931 845 637 482 33 457 882 115 930 311 547 157 62 129 543 38 921 526 350 375 830 983 204 935 512 905 288 47 170 260 77 680 644 727 395 141 658 427 122 210 507 31 158 491 753 92 733 785 448 822 742 139 964 516 231 221 297 670 675 623 750 128 563 22 624 687 561 778 745 366 766 520 333 900 169 482 169 585 994 249 868 444 187 527 601 612 746 875 906 897 775 272 270 430 224 434 993 870 240 504 107 26 188 313 209 139 601 503 432 361 696 583 624 907 822 233 716 610 693 387 26 686 594 406 569 362 168 600 768 712 31 251 457 466 637 415 492 732 76 265 515 520 251 714 253 537 206 351 953 522 782 269 256 516 832 54 113 147 311 786 135 563 503 46 52 721 905 315 320 92 122 67 960 196 297 914 322 458 4 80 59 61 98 136 833 857 306 666 795 150 936 483 895 280 478 360 935 243 431 248 357 150 141 903 788 347 489 710 1000 136 968 527 127 615 893 969 1 564 365 286 119 680 813 676 283 101 204 847 86 524 736 858 292 95 234 633 181 551 593 600 121 150 655 534 70 497 810 799 946 522 294 446 729 688 8 37 11 438 118 327 242 828 18 974 533 605 922 650 442 298 18 528 386 826 843 97 892 1 765 732 352 79 833 876 314 12 507 905 392 596 951 419 42 565 453 296 495 828 395 954 33 727 879 140 183 450 67 322 49 287 852 241 25 282 617 670 620 508 749 775 686 267 634 328 710 645 546 307 451 94 388 881 950 290 767 496 566 952 315 187 855 813 208 13 508 349 378 816 630 346 61 828 595 855 703 560 65 29 377 840 751 682 229 563 442 86 843 974 969 47 645 963 926 261 410 130 680 958 691 116 913 131 204 189 353 916 247 53 671 590 407 923 70 601 874 888 768 783 219 442 420 900 433 387 364 623 948 515 842 819 539 440 820 365 215 773 280 527 27 587 644 625 76 47 249 209 533 115 965 47 702 677 279 965 571 392 689 872 948 564 34 520 718 847 562 650 281 423 693 801 262 429 17 678 964 56 890 281 700 51 304 869 928 220 379 110 869 897 271 104 497 801 
859 337 937 799 953 335 153 177 363 988 320 50 54 371 878 497 989 135 940 784 562 966 913 372 761 508 89 957 803 96 625 254 895 563 695 803 16 600 526 670 168 813 79 66 880 280 821 563 691 529 638 340 360 450 277 388 482 139 344 432 78 852 146 466 704 494 802 703 33 262 779 794 364 73 62 860 650 426 967 248 937 439 48 403 18 657 155 40 242 55 351 631 646 205 608 504 478 397 365 997 588 752 941 542 606 778 604 831 660 990 879 326 19 345 419 36 4 912 24 197 839 250 23 436 17 65 496 414 455 94 662 672 137 969 488 428 920 705 736 993 256 425 707 853 252 42 871 592 130 665 397 18 106 869 55 302 266 410 833 396 178 438 139 31 585 994 665 758 439 964 468 597 745 816 970 685 973 146 409 637 40 455 219 430 812 624 365 869 440 485 696 884 881 535 28 952 709 997 73 500 653 656 600 666 134 144 816 25 637 868 206 264 642 293 19 924 959 608 540 465 839 697 504 233 327 413 600 404 422 48 647 291 565 533 153 689 769 166 208 223 668 738 42 868 329 387 520 269 692 643 414 620 335 655 449 88 330 746 479 531 620 677 283 865 658 614 366 962 920 124 11 444 283 127 552 292 423 822 242 822 757 942 500 944 791 552 186 443 312 628 949 612 592 725 463 439 823 395 65 579 176 331 70 498 734 793 39 787 595 627 215 13 836 776 261 879 897 615 514 570 706 89 507 239 162 460 31 175 893 592 46 52 931 52 689 956 241 568 22 389 305 719 805 7 933 692 705 284 31 555 204 94 443 892 374 398 872 46 35 722 706 159 535 699 919 947 136 18 729 855 653 938 951 11 187 36 610 377 721 36 156 162 324 801 775 612 539 406 615 299 509 580 937 664 926 324 901 453 47 233 703 513 393 42 383 556 440 329 894 630 879 877 621 13 188 564 893 359 675 170 223 890 712 966 857 321 774 753 325 597 311 928 855 394 466 17 382 578 176 850 592 623 594 723 93 25 200 29 731 570 744 882 970 617 64 94 326 989 466 406 710 894 968 149 670 420 738 350 174 722 171 287 224 79 199 614 841 7 685 550 572 70 448 266 998 206 843 573 782 922 17 96 270 85 232 938 280 545 653 830 
800 348 886 853 177 897 900 794 751 539 277 728 518 239 199 987 988 952 768 470 311 935 8 66 163 988 321 166 737 515 970 769 341 324 832 563 32 15 757 73 831 195 103 845 91 206 549 182 530 413 593 13 850 284 269 587 992 498 790 973 703 790 508 662 3 536 174 675 246 23 134 88 181 34 824 469 701 468 394 213 286 545 582 685 337 441 925 30 257 511 420 720 537 81 177 971 512 390 57 450 662 520 646 226 886 19 772 49 118 854 179 958 656 964 714 272 336 635 851 482 692 2 218 497 124 585 275 731 882 950 923 337 276 28 170 543 571 509 786 682 564 904 367 684 554 436 775 744 213 92 277 856 190 412 620 786 334 595 636 848 453 19 610 962 868 847 803 112 896 911 262 749 503 706 86 774 791 443 568 728 716 804 357 316 663 640 327 436 654 28 841 319 697 553 586 593 586 533 956 168 692 814 588 747 460 659 466 384 676 515 895 954 663 891 448 825 676 728 650 776 804 446 112 713 921 310 138 92 676 11 514 871 39 416 450 458 577 121 643 889 274 94 598 25 519 552 321 529 531 966 854 704 274 169 663 408 25 263 960 255 389 460 58 731 971 259 75 901 502 262 702 666 981 771 124 546 105 775 284 607 520 395 263 420 887 335 978 930 94 924 860 973 605 422 417 627 9 802 1 369 750 865 572 158 450 518 674 791 312 342 216 706 219 46 162 394 989 926 962 346 702 698 618 467 596 113 4 263 176 67 382 404 538 876 861 989 381 702 245 368 776 275 136 336 687 706 994 263 674 765 769 105 494 56 31 395 403 673 70 534 323 929 535 720 570 298 294 820 947 855 227 540 211 605 742 857 121 258 528 700 656 599 924 952 250 938 593 501 577 808 864 351 973 923 387 424 419 863 972 857 126 625 469 34 711 52 405 955 69 245 77 545 362 866 340 735 825 872 142 498 681 691 683 302 505 775 250 187 93 772 579 952 636 816 154 199 653 891 800 139 561 581 355 248 822 540 476 770 533 604 731 373 839 898 853 393 705 504 976 830 735 253 957 856 935 782 411 662 376 570 504 447 172 969 328 24 234 266 913 283 984 407 171 840 911 565 291 929 637 640 573 655 336 530 989 16 777 888 371 68 
40 991 723 413 175 979 182 599 147 931 545 843 518 540 877 451 153 964 288 286 118 365 742 736 345 244 882 122 165 243 923 65 600 977 274 301 145 147 271 214 535 92 852 822 165 956 837 75 13 887 534 916 971 942 212 184 22 298 11 736 156 272 999 91 127 657 904 569 433 562 244 677 856 214 971 619 622 250 668 266 183 900 344 459 743 106 382 610 231 320 150 268 225 405 948 781 882 99 548 344 880 781 967 36 135 765 508 19 56 329 460 161 384 862 757 771 555 505 817 674 877 46 269 753 841 877 504 145 797 803 852 571 867 665 545 753 807 90 552 316 910 932 913 963 819 667 801 455 171 175 998 119 330 990 817 230 636 238 396 295 128 181 383 524 762 88 862 177 553 87 303 830 277 166 348 183 534 908 802 29 925 947 666 276 512 309 233 556 198 966 764 957 83 839 431 215 45 482 549 168 405 551 767 212 383 196 529 682 938 123 998 660 483 719 57 608 576 861 192 918 173 303 715 994 678 154 337 289 17 365 185 963 313 162 720 496 325 423 92 923 859 995 595 628 415 926 249 496 332 995 535 151 682 796 231 393 406 605 98 797 390 524 780 966 924 522 740 974 671 797 800 952 822 61 163 916 801 563 651 542 991 277 802 448 885 734 808 355 352 774 464 593 433 157 701 676 534 373 103 615 464 234 485 638 400 801 81 661 521 143 571 544 235 465 471 402 672 54 774 460 303 606 213 804 283 881 150 781 185 942 923 258 720 552 712 165 785 397 789 463 449 595 60 701 404 425 756 419 223 84 968 261 560 575 895 493 975 153 523 893 744 505 65 740 989 273 839 427 768 649 711 631 725 491 51 365 350 552 754 293 486 291 513 590 364 4 713 185 188 224 115 496 632 923 352 447 446 331 937 706 254 429 79 397 151 723 841 358 499 831 73 909 929 120 58 863 762 763 468 949 329 269 267 826 534 762 998 180 677 532 588 95 263 904 625 5 678 546 649 214 85 578 897 928 841 32 101 693 305 530 870 694 82 999 295 568 964 765 258 647 217 655 919 28 446 363 729 369 761 185 587 199 943 720 392 78 931 774 767 194 224 592 55 44 277 909 530 435 129 809 642 616 845 831 465 708 597 870 135 417 
479 540 166 111 419 436 755 755 909 120 344 42 312 269 186 416 979 740 674 216 898 688 901 49 708 675 845 117 704 462 205 271 115 303 477 682 532 388 351 283 179 324 975 710 146 753 54 497 685 838 749 505 165 373 555 651 356 153 931 136 59 951 767 207 5 313 696 904 662 91 408 272 635 725 851 202 846 15 789 82 789 430 628 829 314 377 98 662 996 129 925 185 490 597 287 432 225 994 390 537 773 785 634 355 721 961 163 255 75 95 4 111 813 683 730 396 275 551 713 638 973 504 75 839 37 510 56 855 977 434 268 60 139 125 102 410 28 835 499 543 68 131 629 413 302 70 626 224 270 525 114 463 414 704 702 620 812 982 211 210 759 792 687 753 155 652 15 150 675 246 909 605 734 184 476 590 88 490 191 733 183 908 921 166 254 228 254 34 904 815 918 2 860 897 253 456 517 385 418 772 679 805 262 336 822 660 221 21 268 872 674 62 577 957 888 118 968 417 567 866 619 556 330 912 488 738 596 438 495 221 217 278 354 842 588 972 535 129 134 661 202 329 613 82 579 780 558 227 645 752 143 134 206 922 888 824 147 167 530 606 974 447 784 177 901 352 621 598 484 968 83 82 886 587 288 79 786 676 88 449 718 611 938 483 691 402 59 888 766 879 234 735 641 911 722 553 41 549 834 673 496 662 684 117 947 407 115 70 960 820 997 666 223 669 853 424 613 530 321 755 432 778 818 71 227 974 207 814 40 110 991 119 241 707 178 46 180 607 230 338 998 318 934 600 809 270 921 254 682 396 2 925 599 472 2 674 476 841 521 333 212 621 455 990 840 517 630 39 91 508 129 126 401 188 336 818 256 955 966 820 618 997 771 941 848 542 729 956 402 31 747 363 900 432 398 254 604 875 0 494 255 428 219 126 967 569 211 926 828 509 951 760 402 262 520 958 980 101 178 26 954 270 797 111 636 581 582 16 651 185 447 215 437 602 18 149 614 62 628 456 8 11 146 544 137 696 80 245 788 986 125 725 542 839 787 992 476 0 116 782 425 641 622 478 228 770 20 162 320 881 847 680 348 990 741 671 669 139 88 321 695 418 477 87 526 937 513 740 355 291 520 660 218 197 765 823 201 213 950 760 
261 171 890 517 901 863 646 46 584 199 414 613 548 289 150 659 719 548 951 128 844 212 281 416 688 960 568 808 35 296 49 790 17 271 563 532 469 376 279 913 461 753 268 648 53 582 396 279 854 619 919 582 451 502 148 313 681 424 365 37 989 176 685 107 394 582 809 169 66 513 799 91 555 61 818 245 743 97 104 123 183 214 913 232 82 943 903 208 266 666 649 876 398 199 731 134 886 994 31 915 285 933 737 893 487 167 388 867 298 758 733 600 677 520 23 409 629 645 753 134 177 926 59 566 947 189 841 75 957 103 980 600 722 552 265 994 519 499 282 305 605 779 355 229 557 551 315 413 306 524 517 918 815 150 389 382 878 777 858 64 770 33 969 50 996 455 473 199 525 457 554 621 985 911 579 29 779 183 954 755 521 511 304 312 550 507 130 836 384 199 378 741 270 771 988 123 249 701 396 414 545 685 542 194 465 719 568 947 713 282 616 244 305 705 480 952 519 985 655 739 684 958 82 989 899 840 49 22 817 935 246 786 249 852 961 66 297 829 274 281 829 792 984 329 541 719 368 72 691 595 588 456 999 110 325 857 886 689 107 686 907 867 702 33 52 137 376 178 424 217 781 606 822 236 642 695 717 578 576 760 682 235 576 774 835 602 745 225 841 293 310 134 103 214 885 8 71 896 779 688 564 29 577 550 663 792 236 900 833 112 61 941 734 416 819 53 714 694 26 434 373 593 301 498 263 181 474 642 961 2 55 802 324 827 953 151 7 839 507 44 673 403 535 633 306 459 24 828 949 626 943 551 678 944 429 499 780 593 151 220 425 628 513 933 753 17 199 346 608 922 125 364 532 144 315 601 797 756 141 369 36 525 730 6 954 707 38 636 186 335 512 650 554 658 339 815 968 663 900 526 894 408 994 835 645 293 446 683 576 786 857 661 763 347 349 961 894 167 192 143 844 856 79 731 363 937 531 569 322 208 940 257 207 761 819 923 197 202 127 863 709 366 75 673 645 823 610 559 912 271 217 611 618 376 482 61 53 725 56 162 392 112 478 431 433 774 566 161 758 459 377 769 200 530 713 377 513 932 501 768 341 186 139 143 931 509 931 352 538 339 7 374 752 150 372 68 990 153 489 25 
133 320 235 756 857 468 760 845 690 602 343 19 705 173 774 628 262 242 319 35 247 33 790 932 429 492 487 770 230 156 934 72 956 308 120 497 643 11 638 290 1000 759 565 669 282 141 22 520 976 699 712 403 235 115 241 490 855 942 296 633 760 262 772 776 264 799 876 705 721 217 960 118 361 587 477 147 741 603 961 186 275 733 688 597 41 363 566 687 605 118 159 34 660 826 801 540 865 639 878 340 760 663 848 32 460 715 824 194 70 650 6 424 495 175 813 734 496 854 582 565 503 995 775 28 247 793 158 29 55 135 724 726 933 370 518 789 412 856 698 520 172 873 857 724 389 199 535 834 781 455 310 613 854 337 255 936 393 399 627 565 441 821 135 971 738 553 565 624 936 87 382 530 764 170 708 328 503 123 529 597 951 911 577 977 792 832 730 700 238 818 884 84 533 554 567 608 824 439 126 918 723 489 179 906 552 692 851 396 940 755 147 263 768 228 51 725 186 595 124 640 299 907 938 457 738 181 682 628 434 638 705 661 238 226 265 863 607 705 499 162 239 629 387 89 444 423 243 982 220 382 442 154 114 972 684 750 542 604 75 393 100 11 174 729 99 720 137 59 11 643 871 76 53 739 851 976 997 646 297 776 934 860 244 45 901 560 646 841 653 396 882 900 817 971 841 831 196 558 650 582 557 716 363 972 90 884 39 22 482 90 542 718 45 504 548 83 942 31 223 172 640 512 926 501 48 361 726 887 669 4 840 113 863 633 228 72 317 922 613 726 837 189 237 336 846 878 381 669 64 821 910 482 576 70 759 121 702 162 657 509 381 471 101 252 476 450 549 784 201 532 972 937 22 214 375 366 51 845 164 291 354 165 388 536 252 86 139 603 195 712 817 144 860 214 557 848 262 412 965 401 740 563 275 279 506 301 242 576 421 419 967 479 101 364 686 952 799 831 81 698 886 453 62 440 673 365 640 879 655 913 855 429 643 675 766 179 73 533 179 328 83 665 823 993 518 571 329 11 557 696 608 282 882 353 438 431 51 200 158 736 797 649 982 887 804 714 410 295 932 710 909 760 351 321 449 275 547 642 398 936 414 255 74 741 609 410 562 476 443 397 121 310 102 476 988 488 722 396 24 956 
888 727 804 465 975 759 544 810 181 509 587 77 907 378 56 44 891 459 843 306 680 114 137 781 733 52 35 269 572 326 295 96 498 287 299 698 918 534 563 683 344 528 268 152 956 641 523 472 223 175 3 558 938 299 515 70 329 658 36 90 816 870 85 280 802 198 188 719 241 684 461 136 402 319 234 349 652 241 499 28 128 461 372 586 106 319 513 147 146 775 713 340 3 36 161 948 836 464 908 524 499 296 916 497 571 202 336 344 297 413 335 113 803 75 706 691 489 186 127 567 136 556 8 758 942 624 417 995 428 399 243 133 492 171 101 827 74 274 330 635 184 272 104 881 109 843 376 355 563 244 660 184 801 526 661 626 280 987 511 881 848 620 60 334 287 125 942 173 765 25 860 255 36 179 111 551 318 298 156 391 860 854 433 193 932 904 923 872 239 690 791 231 676 845 43 153 497 503 82 984 224 192 400 438 6 691 120 6 110 806 455 812 332 187 216 110 262 875 299 280 898 381 856 689 784 390 548 845 734 478 104 43 524 356 619 803 526 222 486 845 402 297 806 121 704 510 916 848 279 615 869 543 793 994 87 425 679 372 514 341 838 524 347 372 564 262 369 318 170 587 97 17 931 124 609 231 521 166 308 408 622 975 696 211 655 145 827 642 14 498 104 155 264 856 983 246 715 879 335 282 969 63 617 267 877 529 103 464 520 663 747 861 118 482 635 818 121 94 246 152 740 590 436 405 628 98 999 374 453 48 555 417 690 919 913 943 775 811 493 657 250 82 485 315 67 496 133 291 774 22 348 868 185 453 975 394 802 715 521 515 477 175 921 50 616 119 754 388 50 76 487 96 813 512 560 449 102 354 861 616 585 261 426 479 407 154 372 761 688 307 713 891 882 113 53 408 188 378 655 499 488 143 611 827 860 384 804 364 446 366 613 899 788 996 813 365 251 115 709 996 461 268 958 625 117 751 502 260 776 528 782 504 436 813 802 314 748 51 129 470 283 100 684 743 856 599 764 405 41 936 748 810 324 50 841 158 25 276 597 145 194 11 32 448 191 649 416 288 827 703 743 371 840 86 522 317 980 607 731 544 572 493 976 125 268 33 196 537 558 652 562 489 122 584 264 94 171 956 62 914 
35 187 553 974 678 513 703 688 188 932 227 7 890 413 123 244 787 892 14 545 153 501 885 357 609 692 264 843 888 937 219 120 329 180 900 173 9 263 916 568 533 753 137 962 673 543 386 501 262 297 223 744 37 266 88 296 413 769 880 116 722 145 878 84 612 247 128 592 41 543 293 521 806 200 978 404 677 171 457 433 184 326 454 746 605 197 986 622 874 389 246 479 763 207 988 185 486 415 568 240 712 247 151 671 650 927 120 233 643 574 161 91 64 546 720 241 193 298 689 498 450 520 933 823 281 50 262 243 111 438 245 697 253 508 954 694 602 8 323 918 263 466 868 223 392 377 305 665 658 570 740 517 71 501 886 575 55 285 480 1 478 377 330 857 675 5 425 485 260 161 286 823 45 172 121 935 283 865 176 765 245 917 574 163 342 37 78 118 580 145 47 711 529 942 681 867 44 208 396 31 167 457 807 72 178 117 829 219 640 689 143 931 433 797 498 659 765 71 552 948 365 209 202 330 818 117 630 487 62 764 672 786 828 456 554 108 851 285 540 58 665 156 745 843 910 194 460 648 370 341 278 946 449 864 175 619 320 71 579 736 524 306 325 770 484 668 681 338 943 248 70 15 487 839 204 775 715 458 295 236 876 972 343 875 753 223 675 175 212 808 207 557 221 808 891 608 694 679 500 90 535 921 73 928 287 719 235 553 779 50 382 848 60 747 512 392 869 114 788 616 988 910 95 425 571 746 571 713 813 138 569 116 307 256 597 834 821 811 718 732 945 794 5 687 82 980 791 73 774 144 897 579 514 271 474 478 267 359 835 819 97 744 628 73 587 343 146 150 548 384 190 246 716 513 172 264 365 550 723 500 755 9 781 15 177 864 700 788 110 657 971 57 79 777 699 976 441 90 580 998 298 420 173 890 555 747 50 89 595 421 334 622 373 321 710 872 574 431 572 682 681 145 296 438 880 283 674 197 769 37 577 946 894 11 571 8 435 281 900 889 478 376 32 778 248 874 872 496 703 729 122 432 711 249 61 321 444 389 416 795 258 259 721 408 289 460 415 31 903 93 906 153 909 409 952 404 215 148 70 28 361 948 497 300 588 39 753 243 200 820 729 383 684 551 467 834 425 8 251 272 
285 54 286 362 377 727 379 657 326 908 943 85 209 364 746 414 333 230 973 263 314 422 932 452 390 242 674 283 623 226 810 788 545 16 187 774 619 961 47 1 511 727 867 354 668 611 279 711 786 813 781 120 461 332 36 329 564 467 756 759 350 990 153 583 582 596 270 196 361 391 96 258 890 581 90 109 391 830 121 483 372 469 227 144 214 447 916 416 899 43 361 222 31 620 757 976 532 974 121 462 576 824 765 622 534 235 314 494 415 569 422 190 798 132 667 453 779 829 63 584 568 654 223 330 967 13 110 722 941 259 800 993 25 807 344 854 771 324 286 851 709 934 586 619 692 59 323 635 713 873 545 344 121 612 207 410 403 4 653 983 743 779 138 540 409 282 521 841 754 445 120 849 957 173 95 495 705 780 951 845 74 748 938 483 519 4 205 760 775 853 715 928 745 89 460 255 118 388 605 12 56 678 314 92 435 463 3 465 952 56 64 167 610 968 22 188 347 985 761 260 798 55 11 1000 838 643 829 140 29 986 561 998 224 455 24 298 59 289 729 530 63 872 493 840 281 981 634 949 213 978 778 888 732 134 153 857 787 95 78 515 632 664 356 622 932 79 696 390 948 515 165 691 532 405 86 471 910 770 562 206 484 699 1 857 703 864 135 895 743 699 29 993 294 271 549 12 827 327 828 223 666 724 741 324 718 417 903 340 281 15 127 148 140 196 531 850 313 321 305 524 817 544 750 760 693 659 864 52 337 801 557 632 690 917 179 371 319 943 101 985 668 354 706 304 224 779 29 476 30 576 904 477 334 23 357 32 346 6 781 265 810 722 517 473 162 426 416 687 189 693 586 414 863 766 670 836 775 934 205 541 957 592 821 683 946 638 543 175 285 176 673 240 324 400 177 45 913 77 320 943 621 384 372 465 533 431 47 880 720 892 485 798 840 792 127 28 159 434 61 231 247 719 544 254 470 142 888 181 464 176 547 303 29 537 699 277 650 109 815 650 313 618 199 970 884 339 315 203 103 217 736 189 792 658 319 461 417 247 287 88 79 110 125 468 544 726 259 440 296 851 335 666 970 367 982 672 665 395 199 752 350 49 550 51 310 943 171 530 427 461 190 667 28 318 832 48 315 176 15 478 
563 300 960 805 894 881 232 535 535 895 247 116 381 754 445 365 985 717 610 295 703 82 323 527 922 887 804 189 747 934 975 687 284 671 53 368 192 739 393 865 10 673 11 303 970 526 118 945 432 657 964 778 851 763 396 358 947 872 126 262 288 900 359 499 900 224 164 345 559 353 868 31 294 462 526 406 364 845 862 683 273 372 202 309 119 634 67 360 486 673 204 668 810 173 90 238 662 775 710 792 150 28 554 38 464 104 6 582 349 297 304 394 435 69 322 763 10 324 179 553 703 935 866 564 476 505 40 958 278 460 229 430 867 780 78 746 691 199 813 582 979 139 334 365 537 30 132 419 263 97 214 34 224 214 788 951 281 449 508 88 439 162 461 266 12 739 731 466 523 507 903 134 969 487 875 565 237 427 890 899 920 678 710 324 939 73 815 806 754 227 849 668 867 693 87 509 305 717 610 532 164 47 529 837 444 148 504 741 716 867 365 910 993 21 176 978 648 229 466 756 758 127 5 86 652 47 784 559 920 996 456 372 877 23 781 595 438 168 860 600 585 648 359 441 955 366 223 51 779 865 490 53 330 64 629 898 111 284 551 568 22 201 312 506 822 41 191 24 582 603 35 982 417 918 451 399 456 177 727 105 47 299 523 646 117 729 979 66 455 828 522 311 436 953 126 867 311 273 180 943 476 917 565 492 337 98 278 282 776 543 691 535 873 320 188 486 78 151 327 210 25 233 545 27 792 914 285 174 224 368 274 115 486 63 210 196 439 631 42 817 474 942 550 253 526 752 545 100 286 436 39 526 289 659 688 186 623 222 676 153 41 80 35 709 423 23 659 123 201 877 986 227 498 926 381 162 513 418 942 574 528 417 222 788 444 568 532 442 681 503 420 218 749 811 527 896 87 470 194 625 750 991 372 464 698 988 69 589 877 654 973 841 210 428 669 762 990 180 558 169 407 296 556 65 147 527 536 261 86 29 12 158 697 276 146 491 508 470 86 272 820 501 478 496 189 884 845 866 5 363 996 764 387 680 647 177 576 108 450 715 350 986 339 747 93 78 626 386 792 419 1000 371 723 134 238 818 523 259 249 533 934 331 322 187 701 564 106 906 915 348 803 232 47 305 685 136 976 674 626 141 
913 388 943 178 696 797 204 362 965 699 995 541 575 563 270 722 97 259 509 746 929 252 698 854 722 374 522 419 359 329 140 371 17 286 266 491 740 119 885 523 730 365 53 215 328 386 622 514 714 708 681 288 532 679 187 691 590 794 51 726 950 823 140 199 861 82 11 703 190 797 736 309 919 971 895 393 967 819 1000 952 322 673 551 397 836 675 197 471 49 648 37 9 380 675 69 31 789 604 508 652 194 26 271 124 159 584 71 650 218 776 817 813 754 335 665 124 365 180 17 161 184 92 671 539 257 888 600 380 639 755 97 555 623 788 524 449 84 890 242 987 974 258 1 553 136 83 742 678 800 307 592 372 327 78 811 728 254 959 217 703 409 689 270 503 727 278 163 440 977 423 364 923 49 589 543 561 700 540 962 491 670 761 760 672 326 605 9 872 513 79 530 123 789 135 20 576 198 21 385 246 803 797 229 840 101 716 133 506 990 812 513 844 303 699 922 608 334 620 832 118 903 469 8 921 239 160 605 429 217 75 726 820 762 205 458 485 46 497 116 517 137 456 644 625 773 52 887 284 778 272 994 486 2 989 647 952 444 954 885 617 227 920 79 412 872 896 68 745 687 748 357 107 610 565 961 112 503 218 101 484 974 148 587 288 939 826 998 597 180 549 637 733 657 557 843 971 767 263 829 201 605 886 776 777 323 764 845 51 334 83 740 925 181 793 546 328 221 821 243 335 742 864 446 851 39 988 317 713 158 765 37 697 634 979 554 582 787 495 991 920 631 723 375 3 60 502 112 771 319 352 725 687 167 975 917 587 669 33 168 213 582 514 842 281 756 767 725 688 573 680 176 783 963 598 171 951 880 650 901 345 279 531 630 495 900 808 931 88 836 128 705 986 681 736 857 363 663 924 270 334 557 663 706 293 914 953 0 253 373 593 74 423 571 80 4 850 286 660 627 656 36 479 433 318 222 925 989 358 286 744 563 125 911 225 57 491 905 780 457 913 256 249 643 78 32 636 398 151 383 80 192 363 549 302 42 818 896 8 931 216 128 832 986 68 117 893 7 237 981 807 13 361 654 711 664 52 791 315 458 78 522 4 763 552 551 938 570 20 710 765 798 771 240 233 855 683 881 645 602 719 
960 335 617 632 559 895 620 411 572 672 395 451 432 154 547 533 66 669 559 112 888 883 267 178 788 509 730 830 501 221 159 394 929 374 949 894 730 638 749 933 363 791 220 811 447 416 392 675 819 622 612 671 395 478 91 653 976 222 966 37 547 769 455 722 948 145 799 966 751 13 405 373 344 922 643 42 322 843 322 124 432 592 100 279 842 144 361 900 88 657 247 366 655 938 386 803 773 358 618 980 62 98 693 826 619 647 131 346 936 280 933 619 272 137 768 639 82 478 472 658 164 174 931 975 155 233 938 87 802 688 776 394 46 128 725 628 191 87 84 538 553 898 919 153 252 704 339 606 374 548 592 489 447 522 373 149 278 496 634 485 604 170 58 854 38 211 241 326 489 118 742 264 229 520 187 472 309 363 617 342 272 153 113 317 609 515 586 22 822 552 250 604 233 203 107 553 937 502 891 396 633 156 130 427 845 266 217 889 86 855 27 529 247 852 597 971 332 739 23 848 313 123 1 686 651 106 390 456 294 61 190 51 925 401 643 312 484 480 873 967 661 611 969 476 986 416 930 622 308 748 805 843 796 589 467 15 987 681 512 799 433 869 502 34 18 242 851 834 898 418 606 386 162 442 176 701 970 558 960 382 425 60 995 309 322 158 617 601 105 758 888 101 233 105 273 77 515 606 660 144 674 861 487 554 325 520 668 507 970 293 925 159 933 492 401 424 888 381 62 326 681 393 343 401 377 814 63 359 402 278 744 723 572 539 273 137 796 103 371 140 641 987 415 338 473 493 915 89 543 849 765 952 388 81 669 208 533 281 472 590 686 687 328 908 113 25 159 132 422 836 266 802 902 742 694 612 292 512 167 314 264 281 906 868 602 216 616 770 302 858 832 686 408 340 16 640 319 744 156 824 53 101 25 306 523 406 810 949 354 249 219 100 361 81 440 866 563 194 54 892 77 390 550 993 562 748 426 767 601 997 11 836 208 186 40 574 243 996 51 162 413 708 147 694 198 331 569 544 171 792 365 442 809 780 650 224 797 655 588 101 415 17 228 540 678 4 834 915 375 419 363 760 279 427 93 933 942 413 576 640 581 635 888 386 883 837 86 152 988 92 508 652 893 667 323 33 855 296 349 202 
41 87 669 504 509 21 542 559 937 622 556 781 296 911 292 963 252 997 511 552 99 123 708 314 194 168 947 999 43 361 185 785 457 28 403 292 670 440 922 482 202 527 946 228 269 932 332 79 667 332 999 322 444 677 339 258 926 526 608 57 472 329 511 387 302 841 523 124 897 656 473 77 661 244 266 326 365 846 193 59 967 679 163 461 998 426 208 293 994 797 77 402 111 696 915 54 748 21 104 741 263 176 445 897 620 489 423 961 968 35 964 122 126 148 425 155 34 229 272 197 954 886 23 272 208 971 546 208 141 29 275 614 582 417 843 831 582 415 495 735 501 675 537 427 684 0 353 867 872 802 937 966 805 365 799 51 856 381 673 838 405 155 307 212 700 704 626 318 899 373 763 402 790 592 913 315 282 789 810 289 317 544 60 533 484 17 364 698 881 834 244 149 62 857 551 785 952 44 957 193 117 648 522 877 782 566 753 857 366 246 95 238 164 647 501 976 572 394 450 178 430 364 465 480 271 376 862 315 841 504 978 62 578 365 234 22 463 299 288 242 819 288 784 674 144 745 935 63 536 50 227 713 917 684 260 917 582 47 783 665 730 544 751 705 228 494 677 905 126 26 648 976 358 905 482 793 353 336 12 678 863 891 868 215 305 185 759 693 896 471 7 643 825 413 388 295 491 322 57 481 715 118 293 207 412 428 36 545 778 237 294 875 320 799 503 506 341 914 217 678 430 291 120 411 258 232 116 881 823 270 217 538 270 819 243 773 668 240 359 933 782 698 686 732 973 202 839 386 325 606 207 479 674 952 587 858 591 783 495 342 891 789 361 612 926 486 932 944 489 467 293 459 337 236 528 503 1 895 104 812 654 361 119 29 529 961 729 883 46 485 343 825 134 517 265 112 354 151 954 168 540 895 968 984 872 356 593 233 920 186 862 115 653 902 242 884 13 592 792 50 878 194 961 96 310 330 3 110 984 646 145 888 197 910 369 60 58 937 268 903 212 319 659 239 59 321 384 946 314 599 91 19 567 76 673 66 884 201 674 580 550 851 721 112 927 819 887 836 886 75 12 319 645 642 995 829 316 431 953 319 989 193 113 425 69 322 803 617 128 675 988 471 605 668 347 106 486 462 119 124 
993 38 9 526 831 414 814 271 639 278 553 367 54 240 527 911 770 837 662 304 876 757 419 215 358 780 911 164 82 571 922 939 708 181 706 438 23 475 174 522 856 406 685 572 473 59 831 345 348 467 909 681 878 721 602 944 240 839 213 385 318 879 777 704 706 798 266 194 154 738 186 18 265 14 672 25 919 285 711 900 296 346 706 375 846 400 748 256 192 844 1000 747 550 267 865 705 913 304 365 65 982 697 242 52 184 614 788 213 810 364 392 359 22 572 821 23 686 714 994 303 87 434 720 123 174 980 108 930 477 355 81 600 655 502 958 420 521 830 729 245 354 563 325 78 633 91 749 824 728 905 825 430 511 96 715 390 938 575 294 691 575 204 386 991 292 587 26 918 693 285 521 524 364 874 697 792 743 586 544 445 460 509 241 752 566 538 562 330 11 647 568 275 997 27 319 66 409 983 7 258 137 279 88 945 118 694 259 135 230 728 425 813 698 187 769 430 230 469 929 515 315 185 307 901 438 981 928 545 679 293 653 749 825 141 238 497 400 145 583 901 89 83 669 39 295 878 241 791 827 256 344 47 969 527 547 524 447 508 35 682 209 982 159 96 91 58 957 713 518 463 904 795 249 687 659 481 868 378 330 968 667 456 86 569 701 154 120 889 359 71 500 68 30 686 205 486 807 329 106 164 766 305 604 253 228 692 22 389 813 421 935 324 569 942 127 561 92 967 76 635 918 272 355 931 730 789 416 771 558 738 876 192 845 344 777 799 369 982 705 841 43 809 260 383 667 141 606 80 330 994 755 139 220 699 230 910 593 499 131 150 662 43 968 57 359 810 174 746 854 407 729 46 214 550 260 412 438 115 626 649 338 983 85 983 156 591 755 724 252 480 740 390 841 400 290 782 323 881 440 37 714 174 25 802 520 76 156 926 845 933 58 544 120 264 340 646 138 336 131 500 736 425 55 260 768 491 465 589 666 443 713 534 192 764 535 424 312 630 224 910 350 635 479 69 768 909 350 638 738 689 809 667 772 696 885 777 384 7 785 615 661 56 184 405 614 7 3 154 357 921 600 783 789 733 103 557 989 767 838 930 300 288 841 105 822 714 168 432 662 138 368 195 404 574 31 258 218 465 290 374 
485 276 67 395 409 21 209 126 598 295 431 862 734 997 451 356 982 422 545 853 765 391 464 432 498 344 900 873 659 406 53 256 256 545 171 175 727 278 851 610 601 844 263 504 15 888 638 833 391 482 990 867 860 912 161 735 538 310 65 618 322 11 706 590 586 269 443 372 818 345 861 329 464 527 51 339 580 594 430 735 154 332 811 445 925 381 548 232 497 852 606 748 504 236 619 880 416 733 587 374 774 579 380 460 422 716 803 881 193 736 480 338 703 843 494 148 432 58 312 999 768 548 432 322 440 321 534 349 57 387 556 768 589 428 659 425 676 516 93 161 605 873 932 268 940 450 288 458 541 558 662 789 504 170 359 260 391 479 819 570 396 616 540 570 225 191 43 980 860 252 776 860 301 407 801 917 844 498 103 818 100 134 877 999 713 559 816 352 300 436 960 448 963 240 139 698 173 123 211 184 145 86 691 274 340 181 931 139 506 132 221 49 25 905 703 833 871 421 953 414 290 760 612 381 437 109 692 889 216 395 297 947 562 511 785 665 116 149 303 589 327 534 46 292 709 946 609 927 173 898 671 667 447 721 660 839 231 44 269 269 521 523 135 874 923 750 993 367 200 408 246 729 470 847 546 514 889 587 708 33 343 50 165 947 559 971 748 952 536 924 244 50 974 669 817 822 44 914 337 356 450 282 370 308 215 35 968 594 78 888 127 356 15 121 644 819 714 494 416 520 463 962 9 355 965 858 673 905 704 915 491 537 466 143 29 33 235 788 606 292 14 750 458 275 583 666 445 221 546 933 58 618 585 970 338 124 550 639 366 740 674 382 528 694 839 471 588 736 67 666 941 5 185 282 512 516 980 986 851 484 794 568 796 711 925 306 295 617 901 776 87 217 61 748 539 913 795 178 708 144 299 602 113 221 980 601 928 512 176 341 873 66 111 148 188 316 455 901 15 840 501 539 849 835 375 790 926 668 952 711 0 72 657 134 329 615 632 100 50 933 565 210 401 548 971 308 200 727 628 286 403 390 828 61 54 532 221 366 858 30 373 679 809 89 997 76 473 894 52 766 134 634 46 114 875 171 775 773 589 915 394 874 755 164 481 900 863 702 604 253 266 904 637 510 702 35 106 802 815 234 
787 64 991 791 399 708 897 264 123 903 120 192 903 483 834 378 200 359 867 973 593 965 377 983 524 689 579 502 477 370 341 532 872 31 713 99 529 434 141 151 275 319 456 400 687 362 970 723 109 779 828 450 844 718 88 842 179 700 760 135 919 399 694 207 901 503 317 878 322 642 275 183 507 936 269 614 839 601 734 83 333 172 294 620 802 526 452 454 42 279 272 791 179 729 620 889 660 282 43 465 542 302 87 119 301 52 308 453 565 742 98 380 634 721 846 150 454 584 485 192 901 132 901 148 632 92 510 117 5 188 437 351 680 966 248 609 149 683 212 746 325 94 33 179 824 233 431 392 858 570 755 57 134 370 589 280 12 936 77 387 424 39 783 340 235 613 76 719 511 264 211 494 474 59 506 77 718 614 714 913 969 942 14 581 602 876 139 393 224 843 255 410 121 771 336 45 791 528 727 672 769 795 90 832 367 518 167 912 274 259 506 455 992 163 111 40 464 914 53 36 28 630 855 934 671 480 208 571 240 640 591 61 899 570 768 488 394 902 719 794 230 99 279 950 770 456 189 181 930 714 979 303 882 5 947 657 251 334 659 243 89 969 321 541 158 145 412 506 673 166 676 127 420 121 798 294 610 595 366 693 480 743 687 88 821 907 878 103 22 375 352 528 741 703 196 737 50 546 186 806 159 311 566 320 745 710 748 89 615 935 883 764 887 209 136 380 384 866 966 415 181 417 556 334 317 568 133 127 222 836 881 956 992 685 5 319 881 824 218 619 759 647 882 371 35 882 522 380 570 667 659 811 309 1000 533 369 984 834 270 844 583 233 640 981 316 857 153 242 182 130 999 368 1 419 460 968 879 690 277 254 938 634 464 727 188 206 233 967 89 185 821 218 327 453 784 332 10 961 942 622 784 152 658 634 51 685 260 824 40 645 88 27 839 181 971 457 680 997 374 768 78 437 344 748 633 932 703 248 210 442 677 635 459 116 726 753 688 541 434 581 184 613 562 627 641 645 55 697 399 952 43 916 383 78 514 879 172 736 955 752 794 23 518 206 323 213 802 235 342 261 678 476 688 505 527 205 737 197 742 614 699 656 851 387 595 497 868 162 684 812 198 428 212 126 59 476 60 361 37 118 
499 780 593 756 143 321 990 452 971 988 432 186 706 557 693 995 870 480 457 941 169 970 48 796 147 378 82 65 608 687 653 269 413 132 924 734 142 594 591 346 726 404 238 614 291 265 405 331 435 343 638 374 161 878 722 930 119 288 119 7 323 341 483 51 655 67 127 350 482 574 31 638 235 407 106 336 780 12 867 174 620 287 386 821 711 793 512 303 955 327 550 206 538 133 719 541 947 523 733 814 657 218 517 480 847 935 179 140 377 240 60 915 17 755 740 965 707 981 881 300 601 447 710 896 459 749 520 778 156 778 401 246 544 827 22 947 548 142 823 315 27 442 997 997 979 117 879 186 695 140 991 981 377 764 100 357 312 554 711 570 585 460 609 988 712 318 706 763 215 365 875 129 31 390 174 201 442 830 955 364 623 384 8 53 670 67 444 113 109 427 197 539 138 802 345 530 675 111 951 763 48 626 651 272 599 132 696 153 340 289 582 34 294 394 375 792 861 111 567 660 693 706 188 196 413 520 617 927 69 179 96 670 363 409 280 95 0 542 84 39 194 682 733 429 228 715 517 578 669 416 788 777 805 746 238 521 698 791 620 667 300 173 637 668 113 984 54 656 908 323 544 190 244 375 780 746 199 872 658 829 842 965 331 202 702 228 376 387 874 891 975 560 290 855 563 274 662 391 661 154 995 145 846 130 627 897 483 336 824 758 872 951 259 762 359 619 943 896 385 226 143 394 501 487 574 580 302 120 474 24 334 639 344 146 134 692 586 444 130 803 702 144 963 452 433 2 349 852 121 446 718 927 560 283 594 352 532 950 949 458 376 737 219 850 767 565 666 845 95 86 623 112 648 113 796 345 563 897 540 763 505 935 998 556 990 274 796 968 406 738 113 816 865 908 126 596 118 319 695 323 374 652 710 395 564 944 128 263 772 745 204 3 37 468 602 66 568 456 739 390 668 280 426 866 345 314 162 80 412 579 478 406 480 307 338 988 287 43 301 613 430 10 545 96 429 781 216 335 385 140 373 240 783 776 50 196 596 290 714 687 942 753 257 898 999 591 461 98 907 317 88 463 90 102 716 785 279 438 848 85 149 271 507 41 24 402 320 837 369 661 808 901 278 193 398 783 390 757 351 370 
709 720 466 52 119 317 64 109 392 81 426 484 186 740 808 90 742 587 460 261 19 624 674 532 117 355 29 76 548 702 733 419 407 348 391 872 652 36 298 566 478 312 417 569 237 809 737 506 844 571 583 715 726 263 199 552 761 744 674 89 491 921 464 392 303 519 477 828 468 560 595 750 978 363 120 917 317 962 821 915 713 206 229 895 957 150 521 864 806 814 72 826 561 858 107 725 61 352 566 65 724 787 825 718 411 216 538 308 527 791 593 681 393 927 27 403 765 808 496 29 229 717 85 145 179 938 174 638 924 527 895 864 93 748 955 640 184 507 443 954 248 476 565 886 104 346 349 494 495 565 920 98 564 450 385 442 805 955 337 135 319 156 869 653 547 567 503 995 123 544 449 498 434 50 970 312 313 621 202 624 844 359 243 896 914 751 725 900 166 874 975 248 842 722 138 325 862 546 122 279 504 999 65 838 32 547 712 432 391 230 206 36 453 177 652 904 445 737 826 781 279 513 583 777 334 722 743 769 143 471 157 831 343 505 612 1 439 50 859 425 551 944 121 206 102 430 941 663 486 438 854 508 309 929 837 756 952 895 482 272 770 354 971 971 985 700 68 109 183 708 880 252 513 738 691 776 225 31 797 836 765 296 565 246 81 868 781 719 748 704 606 626 935 913 61 189 866 789 526 343 510 813 849 552 111 105 317 566 524 637 308 324 375 797 996 83 154 972 563 338 336 643 131 210 693 252 424 50 752 19 949 177 789 875 412 96 347 903 48 74 627 892 692 80 167 31 1 57 952 130 486 77 528 486 460 601 531 763 157 271 453 234 979 351 989 685 389 769 740 214 737 687 447 271 780 137 644 310 570 324 392 817 157 708 181 745 428 273 288 929 159 32 520 537 15 167 918 485 496 603 856 497 929 952 311 953 598 963 292 127 370 164 192 255 25 530 880 49 957 27 104 359 348 430 985 470 921 53 509 156 172 641 520 543 817 575 52 213 588 46 752 605 528 880 253 931 645 88 844 675 597 847 376 575 741 112 691 972 654 377 180 416 343 825 782 276 707 240 782 447 916 603 326 32 134 362 178 128 457 349 333 720 446 68 794 453 511 15 120 688 768 506 402 313 11 434 761 67 330 913 
720 636 164 532 401 694 887 54 494 223 30 663 205 318 458 129 509 388 831 397 538 473 943 315 730 307 913 230 605 389 846 526 471 857 962 98 709 511 217 211 873 497 148 487 409 303 722 483 198 515 355 239 857 572 169 522 890 528 223 354 849 998 334 910 678 56 355 985 176 499 238 104 545 504 560 433 530 762 283 663 241 621 605 528 532 484 415 177 894 611 876 501 703 917 118 904 498 344 471 252 972 403 396 783 917 17 828 296 966 653 268 724 214 652 280 15 104 925 266 54 159 956 639 718 288 874 781 18 128 770 579 340 325 59 82 767 1 163 572 482 511 880 170 917 319 870 275 495 992 919 499 419 429 677 483 17 264 277 545 112 547 568 608 514 224 511 895 36 339 280 555 618 721 252 263 539 199 497 622 20 34 115 28 480 137 23 744 789 917 825 530 656 707 559 508 295 719 156 403 808 324 318 194 997 467 747 751 992 737 314 132 862 100 732 610 296 702 616 250 933 683 839 724 575 444 132 870 644 511 298 162 262 692 908 251 82 275 95 767 979 487 290 316 798 292 204 594 666 210 763 483 13 390 282 654 635 34 344 513 958 586 829 528 212 892 523 878 495 152 942 399 704 492 515 426 534 613 445 382 568 841 129 526 759 742 285 73 270 422 54 612 943 762 671 118 30 918 198 198 661 506 628 258 813 256 182 199 137 379 381 682 754 235 957 828 96 819 63 460 905 376 101 719 391 240 171 177 407 220 825 424 34 983 453 573 827 240 12 226 348 778 431 39 996 507 463 248 718 574 564 223 623 722 216 549 674 639 272 886 559 976 323 816 996 797 411 355 427 562 979 313 181 663 606 829 365 418 884 793 992 177 871 75 107 732 688 297 733 795 359 271 50 54 825 502 537 313 934 127 116 597 607 308 371 13 553 366 842 837 657 351 389 645 669 458 674 631 36 108 831 497 333 346 666 900 331 150 370 954 901 246 809 89 675 838 781 379 535 449 419 32 567 339 207 392 100 312 635 550 992 419 629 676 858 758 424 229 987 481 730 35 200 981 591 11 378 567 562 570 712 320 667 500 932 699 740 707 593 642 448 291 624 350 984 134 889 471 564 5 358 940 867 770 266 805 943 465 267 444 472 
394 409 211 915 299 320 852 569 526 68 981 937 250 979 748 621 594 180 139 653 254 236 906 569 801 496 149 557 877 896 522 439 17 970 868 703 765 512 180 232 850 775 876 487 531 226 555 272 602 200 647 320 672 311 253 284 406 796 876 211 95 275 641 326 913 166 236 332 853 118 824 894 994 889 184 87 40 90 146 60 192 627 201 295 668 341 985 390 818 887 169 169 113 848 390 821 509 796 172 387 481 47 490 994 888 815 975 761 74 33 600 268 941 382 181 857 506 303 695 582 888 771 184 598 582 335 310 422 253 57 868 351 595 586 841 44 722 712 62 96 353 193 37 273 494 737 589 281 182 988 347 741 876 131 245 881 43 144 669 372 635 956 405 582 390 41 332 231 740 988 243 161 717 110 661 22 963 788 791 362 424 710 869 345 606 108 760 602 555 154 671 784 633 953 59 161 992 120 441 222 420 272 239 597 265 776 430 677 835 179 490 20 365 960 770 682 729 505 54 590 741 849 48 76 958 235 966 321 829 464 346 76 163 393 15 723 578 372 658 61 263 862 433 579 54 738 450 688 234 229 835 10 854 568 426 606 556 775 401 229 632 282 155 316 588 843 545 871 630 760 896 443 892 266 557 85 747 774 307 810 562 562 708 764 53 571 261 797 645 645 141 90 209 349 824 916 633 855 294 767 121 169 585 254 653 549 308 892 734 249 474 211 394 34 516 673 133 830 509 741 141 33 699 185 644 98 403 751 224 884 898 281 881 835 967 539 534 988 612 833 143 708 706 414 436 803 196 490 365 115 893 47 3 494 964 793 132 432 990 509 338 875 775 485 384 17 188 187 201 577 153 903 738 630 531 926 126 564 561 568 697 8 327 90 603 398 104 148 757 828 294 15 873 229 925 103 273 182 665 716 98 13 166 519 264 474 989 509 930 447 524 277 894 854 247 274 221 962 632 315 601 284 435 884 383 424 392 609 675 718 308 263 778 823 525 380 599 698 146 716 684 619 723 404 981 379 365 58 625 110 996 749 992 89 189 482 277 501 516 204 426 63 505 485 617 62 535 985 1000 436 176 318 412 194 884 320 469 462 348 773 549 119 816 588 310 55 26 798 302 209 702 286 259 21 834 864 894 480 276 426 
510 480 991 679 785 238 392 902 32 370 537 930 592 653 24 163 675 727 71 199 669 541 489 811 723 927 950 206 951 49 141 677 131 808 579 704 146 497 914 345 764 571 168 615 84 465 308 19 2 46 125 120 888 50 222 281 425 20 942 660 426 65 380 132 712 982 646 639 922 837 323 980 363 416 138 671 16 734 890 938 552 364 808 520 896 731 2 723 859 545 792 132 493 38 842 831 565 88 67 866 186 706 903 269 980 198 484 498 265 785 778 919 482 272 197 327 512 705 806 529 562 848 805 657 651 4 247 176 907 166 532 88 67 889 308 407 939 151 113 384 254 241 994 895 169 671 966 192 28 874 230 224 68 593 932 166 880 999 310 731 91 571 82 73 307 361 940 455 256 97 561 288 426 687 257 348 814 291 854 797 918 233 853 779 643 512 478 569 977 337 773 879 926 638 973 585 976 716 130 960 28 218 427 191 235 167 262 295 78 66 15 872 898 84 93 810 751 835 44 571 843 641 376 273 987 87 228 292 329 486 695 409 427 669 78 241 997 765 594 261 569 992 987 9 915 543 920 368 82 617 143 951 228 685 496 956 422 545 279 255 78 739 690 128 894 256 941 133 402 125 652 102 639 727 449 602 883 763 288 842 111 700 201 898 413 229 367 720 922 154 1000 729 368 625 719 88 556 4 581 136 349 173 470 811 459 592 220 590 185 62 289 393 238 150 873 246 164 54 651 799 830 638 881 85 739 502 353 376 357 842 973 737 31 888 448 413 884 729 158 362 140 562 685 888 610 944 460 631 891 812 728 59 617 593 192 999 264 796 88 283 233 961 946 912 399 453 730 968 955 611 718 249 473 990 51 169 522 222 737 860 228 704 54 776 640 712 303 593 954 283 67 470 735 794 947 510 209 420 14 592 751 283 567 866 967 558 282 862 358 992 337 92 791 537 816 680 303 44 806 67 703 1 40 583 876 887 419 461 630 866 186 387 166 825 415 391 893 841 410 82 228 301 215 187 28 178 281 761 491 561 722 865 362 600 833 400 541 373 924 193 146 679 819 143 613 625 484 901 894 679 60 343 296 767 106 972 126 610 694 24 366 582 139 697 741 857 235 733 826 370 851 18 633 553 747 331 766 964 112 866 
139 454 180 100 453 757 209 526 664 928 609 460 913 567 458 731 939 121 556 977 580 867 401 475 804 185 439 294 92 163 401 490 880 56 619 544 580 699 290 829 624 515 125 360 635 394 199 154 735 769 328 730 492 364 369 428 740 590 276 778 362 365 619 114 902 579 442 273 499 73 948 29 577 309 400 235 615 360 259 247 987 210 516 909 566 402 456 304 371 390 356 0 70 919 305 129 235 529 34 294 800 50 425 71 240 272 344 265 733 894 907 362 131 529 289 789 238 203 893 209 964 559 867 138 703 736 479 715 613 723 811 407 827 232 902 456 341 125 423 983 205 455 483 152 287 355 990 505 564 157 55 915 701 508 700 18 962 870 997 419 598 766 682 554 521 398 884 948 688 552 196 613 413 430 415 794 658 918 848 22 444 642 976 40 334 392 847 265 995 462 918 17 544 700 404 582 962 8 422 400 220 672 877 974 456 518 170 546 630 281 137 662 746 394 618 204 86 29 676 554 586 133 600 978 444 927 660 771 613 264 697 765 25 271 445 782 722 922 248 797 273 395 233 420 399 976 77 572 914 210 131 291 810 971 245 548 166 298 418 810 380 254 917 804 180 802 159 30 657 4 487 713 271 234 747 254 188 63 939 926 43 579 250 758 725 368 533 171 170 645 228 807 915 341 513 106 1 345 10 727 708 712 77 496 553 592 814 708 862 154 875 918 470 170 453 875 239 260 908 530 242 62 708 226 780 54 773 235 210 338 182 171 803 94 208 637 104 468 769 854 374 159 40 663 530 135 969 135 104 196 527 751 445 321 79 644 741 645 693 47 622 911 283 826 380 650 300 155 125 182 22 355 975 205 554 393 127 27 315 397 469 110 697 352 766 398 941 372 136 749 329 158 193 732 141 914 542 654 716 827 868 951 935 203 520 550 936 969 14 448 245 514 778 964 420 600 992 979 603 899 721 910 965 525 276 19 723 347 961 808 783 673 894 14 8 828 619 313 540 799 793 407 687 603 210 750 107 748 70 340 621 78 115 581 385 413 786 53 792 432 105 751 120 720 385 447 38 555 761 955 139 568 549 745 911 784 730 42 98 651 982 612 268 809 221 413 655 716 915 702 220 467 895 786 5 193 763 863 316 307 
62 277 217 912 646 81 156 182 102 440 471 691 472 684 973 462 518 766 944 374 554 369 139 293 291 473 912 197 131 169 500 76 380 723 293 265 19 894 185 973 874 829 594 595 765 632 719 699 293 293 468 344 330 620 700 385 192 503 41 825 993 585 574 313 761 26 370 113 240 987 351 468 524 1000 413 974 779 709 6 131 23 693 819 849 481 633 874 217 813 356 34 279 891 536 570 150 731 225 667 185 927 353 354 655 91 123 363 994 465 448 994 381 8 319 373 87 934 601 987 775 748 856 759 382 356 900 864 306 225 377 45 939 886 162 335 789 525 173 938 935 905 399 402 716 380 891 276 346 190 133 394 801 199 460 636 389 262 241 796 615 122 997 565 299 6 654 880 304 343 614 547 8 831 239 384 469 525 699 688 197 477 26 812 122 368 78 996 843 854 228 405 163 17 321 841 451 436 420 931 586 798 32 957 189 75 121 141 730 285 797 707 578 615 242 710 566 890 451 700 206 990 597 136 980 281 875 331 716 585 619 222 667 120 404 313 536 455 798 702 350 975 883 414 958 275 857 240 52 243 549 189 493 96 412 636 357 201 704 640 34 86 327 326 210 4 756 348 706 73 809 428 516 172 802 256 20 369 251 960 157 226 640 181 698 861 772 739 117 124 645 836 553 969 157 707 73 731 752 82 651 904 6 462 664 230 479 443 394 98 594 645 955 420 849 757 596 325 505 419 110 62 326 271 200 379 70 266 908 507 194 528 735 977 465 463 743 368 807 287 624 207 591 217 647 836 61 276 980 141 976 747 880 813 17 544 136 653 289 588 669 15 462 150 904 945 1000 848 252 508 652 356 424 282 550 112 505 608 525 343 806 778 52 806 275 155 355 502 688 113 199 401 2 268 251 255 770 595 321 982 412 439 914 480 995 178 61 823 545 365 988 299 349 362 224 307 352 378 675 868 581 521 780 473 86 530 349 637 707 417 49 860 114 766 697 121 339 686 924 354 579 27 63 481 247 687 131 330 417 297 649 661 196 503 634 223 937 341 724 208 474 69 868 671 849 82 786 687 157 308 944 280 108 422 427 256 659 280 429 751 443 76 383 97 298 136 154 136 649 995 542 403 606 268 271 408 797 260 774 664 909 
37 920 654 655 525 244 886 820 251 733 205 384 775 982 480 683 13 170 178 275 484 630 493 517 374 824 62 746 120 20 502 972 718 316 54 975 18 43 243 428 597 472 107 427 330 350 715 687 697 383 384 403 949 789 535 450 597 61 290 677 536 328 371 772 179 146 895 982 256 69 156 881 106 853 954 737 484 194 405 363 22 57 806 4 155 881 596 138 162 449 14 344 600 729 14 914 727 788 349 864 245 708 610 19 357 110 540 724 350 218 350 181 655 972 507 794 490 451 928 440 571 538 820 665 245 549 263 738 348 886 728 667 891 668 751 980 586 554 354 36 618 356 651 559 21 923 750 124 140 384 74 338 228 510 764 715 641 199 753 205 484 813 462 223 971 965 403 753 307 148 567 525 551 582 783 797 366 353 483 175 5 261 630 573 906 39 454 245 224 655 0 292 795 127 597 818 789 681 236 48 774 147 107 716 266 588 572 875 70 894 817 252 576 283 381 909 486 335 385 393 66 419 449 809 409 464 804 126 899 692 879 130 330 902 450 622 742 807 971 386 729 956 906 775 551 319 575 58 741 89 477 203 974 792 565 989 201 987 89 740 417 949 476 335 221 9 398 972 100 357 814 773 900 79 278 33 686 965 904 587 409 80 191 466 71 196 710 893 87 133 888 583 129 699 590 974 611 613 497 912 999 19 877 747 279 678 163 729 784 921 699 504 416 441 295 682 1 442 319 103 668 522 569 592 762 279 111 798 519 386 460 277 959 491 25 171 229 822 408 388 205 667 178 158 406 143 240 344 683 49 480 443 972 654 636 861 748 294 900 7 371 144 899 802 827 882 420 20 935 933 692 624 325 373 787 189 444 714 472 889 922 78 844 805 711 664 576 208 114 698 130 852 590 812 774 408 7 374 642 558 921 356 944 492 802 239 236 235 480 603 605 633 775 805 610 33 194 633 887 126 770 20 24 529 847 720 532 87 220 487 901 624 343 637 669 197 57 684 454 702 797 619 19 50 0 686 9 144 545 463 101 359 288 197 683 656 357 191 153 305 687 698 76 530 26 137 637 917 816 967 50 17 468 304 682 42 228 12 802 807 353 624 920 883 80 67 317 898 218 363 302 908 545 234 122 962 732 91 429 155 
436 238 866 392 329 248 717 615 53 641 178 989 938 141 223 550 31 173 511 181 239 14 260 178 522 366 282 678 176 929 799 862 227 540 706 555 238 727 247 408 737 793 279 988 20 296 350 665 819 162 928 813 412 637 207 534 438 526 978 745 494 612 540 320 121 832 419 545 624 444 914 107 625 493 858 792 928 75 995 97 301 458 470 138 370 53 724 973 386 758 63 813 785 937 951 277 577 335 274 462 409 111 549 644 971 319 323 421 15 622 187 89 273 301 574 738 443 548 961 828 348 526 115 287 741 820 429 1 894 13 941 104 177 846 235 556 48 128 685 0 873 759 287 668 300 361 395 790 416 872 356 260 780 629 53 353 822 0 161 123 271 408 628 742 846 888 256 62 697 597 908 841 103 518 467 568 762 602 940 944 621 892 387 87 739 107 337 596 40 906 329 894 764 838 506 743 503 569 125 267 970 401 65 995 437 315 176 124 890 600 374 42 266 281 62 240 336 253 224 862 406 27 539 528 613 715 518 450 832 2 978 281 40 360 680 260 498 732 808 771 447 624 842 531 171 807 196 190 92 878 808 794 340 1 225 601 434 24 504 183 734 74 682 204 947 109 592 708 268 881 437 807 474 205 84 960 314 797 960 40 725 693 367 275 751 20 961 435 593 909 308 81 808 815 610 415 143 845 498 911 941 17 567 514 879 273 548 213 916 2 810 259 147 274 678 235 535 678 852 792 14 558 525 637 13 152 825 521 675 536 321 858 273 874 395 720 112 471 73 659 973 275 696 315 449 229 472 786 605 394 250 468 487 507 236 681 852 748 951 930 353 963 438 837 43 247 594 507 972 627 410 187 79 910 695 643 219 714 434 504 82 525 208 490 219 341 427 28 989 891 637 379 206 623 176 144 652 189 539 11 584 410 370 739 670 295 936 60 764 907 405 389 215 171 379 749 501 287 705 544 949 127 613 133 578 921 624 341 343 299 973 450 848 523 195 547 385 271 138 917 257 494 474 744 476 295 731 107 509 973 640 268 151 958 317 248 40 215 867 60 107 446 197 954 143 895 687 387 815 590 2 253 543 101 319 828 157 564 727 20 584 71 258 84 27 615 943 756 817 435 86 348 24 331 992 642 663 757 850 977 
382 286 461 857 665 682 114 330 770 927 427 891 533 30 183 992 792 383 615 432 992 92 471 787 713 88 952 541 945 45 529 563 587 24 906 73 352 700 964 442 89 441 241 501 524 158 288 432 873 609 908 823 825 857 512 563 0 714 240 643 849 540 893 325 823 361 730 4 331 849 413 337 514 903 79 85 566 179 923 863 404 245 366 60 0 262 622 470 922 737 320 276 627 57 776 312 703 844 750 984 935 1000 533 431 166 810 954 228 67 96 971 851 327 40 6 20 474 212 186 7 207 192 872 938 406 240 136 964 952 413 468 444 501 657 273 930 765 1 852 803 184 210 326 245 740 654 140 795 1000 322 479 946 751 267 585 404 435 440 645 477 252 18 546 346 260 466 18 396 698 834 574 602 850 745 601 958 669 794 725 468 346 565 999 338 318 601 68 953 232 876 490 191 937 984 328 87 345 390 394 620 369 309 441 672 828 104 770 446 848 292 324 285 539 781 398 125 287 222 107 879 417 755 517 596 117 759 661 40 155 902 128 530 473 460 934 36 374 764 88 165 262 815 738 331 969 17 479 769 400 6 150 443 832 328 472 918 729 797 22 940 758 630 301 717 244 32 878 192 998 229 424 748 566 22 599 420 175 678 884 914 8 649 342 119 25 452 951 261 59 914 979 469 816 317 234 783 133 366 723 304 245 28 635 436 343 150 549 928 279 333 256 71 854 75 883 660 586 970 348 70 810 32 306 8 281 506 708 190 699 949 127 7 646 391 545 307 42 202 611 679 367 315 414 838 587 163 430 737 423 787 320 672 775 771 305 392 831 564 4 630 762 457 652 943 276 403 342 841 465 135 562 447 757 371 851 201 81 861 388 741 279 529 525 388 926 159 885 234 468 355 15 934 21 508 146 547 496 180 333 872 454 772 674 563 410 932 647 225 941 208 953 450 602 9 936 58 12 809 515 241 833 536 125 907 741 196 82 69 383 754 908 117 547 866 962 773 16 255 376 875 220 822 481 378 737 578 822 810 988 661 88 652 760 107 349 824 890 65 230 847 68 1000 672 839 405 563 208 628 708 310 121 644 305 149 90 994 313 721 600 879 66 582 871 17 850 1 604 131 334 831 188 723 422 776 921 551 82 585 625 417 
392 149 896 535 202 500 377 500 758 577 733 394 819 337 173 931 247 495 300 365 875 956 27 58 259 288 253 416 310 979 513 390 274 127 13 666 468 682 554 870 685 73 249 824 502 938 245 765 705 202 248 444 996 886 729 905 483 863 943 587 341 301 837 307 431 926 488 404 749 349 112 309 240 811 821 692 152 720 170 425 403 250 787 528 505 787 727 660 310 896 822 746 996 148 689 720 43 964 682 407 687 923 1 629 899 913 827 813 6 346 146 4 677 248 64 839 289 623 850 841 870 21 756 785 643 607 443 202 736 107 984 37 561 349 796 851 550 672 990 375 59 745 790 505 207 373 269 546 510 537 354 594 245 809 323 403 718 921 351 565 604 608 728 361 332 277 534 598 476 237 684 794 406 558 941 683 818 449 921 178 365 895 259 167 613 271 402 192 111 457 18 719 315 862 730 414 570 499 145 985 532 187 127 195 857 519 21 77 958 986 590 882 757 744 560 673 597 837 820 931 605 911 75 445 426 555 692 102 280 478 293 486 11 442 211 339 136 773 527 97 177 737 0 326 607 575 870 971 66 758 555 731 524 22 65 243 798 844 740 285 734 636 630 187 847 376 203 399 665 252 950 755 685 231 805 277 900 542 518 584 664 112 526 88 515 97 367 796 238 173 304 976 966 99 437 175 243 629 895 940 132 382 509 529 638 637 826 183 222 544 911 617 288 846 808 635 277 710 793 597 569 642 962 689 103 243 66 104 269 929 814 66 473 910 793 660 665 830 705 134 278 346 255 835 336 709 353 81 345 41 288 420 35 73 772 672 525 872 332 374 146 894 205 218 683 832 731 752 728 480 720 176 488 90 967 556 827 996 268 878 784 466 818 371 137 633 297 36 156 558 378 260 927 742 79 266 112 707 548 632 589 366 944 791 954 822 221 673 152 395 956 3 337 391 750 586 980 582 108 235 639 351 57 58 544 160 125 524 309 853 49 929 429 376 980 478 793 978 101 248 990 97 792 964 724 126 695 482 513 431 53 590 440 926 940 280 1 613 1 980 722 826 988 557 920 976 129 368 178 121 138 813 71 773 524 886 843 659 186 660 5 776 236 436 551 874 868 706 947 201 350 967 975 275 264 845 689 994 671 476 
268 833 10 615 123 646 169 680 982 698 153 716 469 554 670 424 773 598 316 70 228 334 355 929 868 41 515 599 158 774 865 811 701 901 448 296 218 675 513 956 802 195 544 335 442 864 35 939 751 382 3 167 274 907 694 63 412 689 800 199 749 719 125 433 575 552 431 810 44 237 746 928 907 715 302 274 770 251 637 270 269 119 358 840 47 171 180 708 81 770 998 959 506 32 848 428 457 737 481 614 89 333 113 837 856 676 279 385 834 830 569 166 195 622 668 965 59 796 168 217 608 762 307 272 116 818 64 788 317 479 717 533 132 45 39 706 336 735 729 809 312 659 854 43 264 516 851 714 567 128 558 390 601 237 305 840 762 128 725 809 492 368 360 774 247 463 85 92 363 691 909 5 431 142 208 567 852 31 341 226 398 490 988 881 364 790 495 379 613 862 675 797 938 799 118 128 256 393 650 279 26 733 369 104 702 956 713 346 90 2 571 797 253 79 493 852 69 167 906 9 287 620 363 913 425 160 136 388 448 943 596 126 813 776 414 803 220 103 20 828 957 625 255 271 34 728 248 8 62 704 784 247 891 233 961 872 401 451 770 405 882 77 38 724 438 109 426 118 720 379 516 256 702 504 559 386 712 453 530 937 495 91 222 956 544 244 128 564 171 785 43 29 73 13 775 148 879 773 784 135 97 834 785 919 313 928 768 460 372 618 557 186 325 34 156 517 197 386 69 155 443 167 577 659 719 913 195 523 424 330 248 771 641 732 784 47 895 589 62 799 51 728 502 369 68 806 907 241 440 62 6 746 401 17 708 467 967 248 814 670 730 379 420 128 253 192 83 199 637 719 86 936 306 669 404 425 657 259 52 424 779 98 866 761 828 892 258 971 870 845 405 503 26 919 430 298 125 604 526 156 171 625 444 423 829 804 940 135 812 305 337 208 58 199 305 763 457 507 900 850 835 980 735 808 178 839 146 48 106 833 141 741 205 545 76 178 326 127 190 960 181 590 955 488 328 595 798 342 29 63 595 626 617 196 66 543 188 939 785 619 443 136 685 775 760 129 761 840 936 616 112 591 685 4 854 417 491 840 885 835 538 229 742 294 383 871 304 376 219 283 997 202 705 764 124 174 285 115 656 265 
433 960 589 460 745 851 765 738 16 577 281 974 141 48 782 993 426 862 59 974 1 598 349 912 642 337 683 934 216 403 529 617 59 308 553 192 870 375 151 366 525 291 24 791 329 12 45 844 773 908 643 534 256 590 826 452 85 543 367 804 673 185 455 588 888 659 377 346 122 962 814 847 648 342 100 355 314 664 526 516 403 548 35 215 568 556 21 390 812 877 13 778 149 382 300 501 627 308 959 812 43 947 641 461 628 490 208 481 609 542 592 321 610 631 804 68 876 214 600 185 275 121 542 953 810 390 971 513 314 628 85 659 309 356 768 429 702 687 482 23 599 573 399 33 223 803 862 802 325 342 392 595 317 206 808 404 474 793 695 701 206 71 990 949 112 221 732 787 930 154 655 570 772 0 510 653 846 300 940 293 26 200 224 167 395 451 239 705 821 147 294 365 150 183 158 83 347 148 57 160 407 964 696 861 569 651 746 971 980 104 504 47 199 707 336 40 765 29 502 293 706 744 843 86 21 156 938 456 864 364 621 703 614 23 965 641 195 858 772 207 501 561 453 711 232 634 494 669 957 962 292 6 911 21 704 923 835 473 750 756 146 525 211 596 393 84 853 926 458 81 215 375 95 789 35 448 712 475 948 810 855 596 758 990 946 642 792 396 330 1 938 952 33 454 787 570 503 377 483 441 254 594 900 307 566 491 622 107 119 932 874 36 712 16 11 644 473 629 318 86 57 435 635 50 452 591 540 283 737 369 381 269 881 509 884 559 654 407 85 498 641 966 604 116 988 811 850 227 484 813 647 884 747 564 943 836 501 362 278 781 145 965 794 158 786 230 573 99 403 986 592 25 957 454 765 250 138 406 555 216 42 99 986 741 562 444 971 619 94 40 510 745 78 710 987 518 631 279 802 291 429 307 213 362 263 65 700 595 445 724 327 258 989 439 251 821 384 702 169 710 852 434 594 370 860 107 559 165 777 961 476 326 963 452 654 498 910 834 200 644 272 800 290 545 633 998 703 899 13 356 740 992 850 646 685 611 462 973 600 116 202 117 537 918 843 418 801 328 175 761 570 449 22 702 415 524 543 39 708 886 855 62 308 270 31 989 276 213 423 593 931 465 960 822 573 825 170 294 167 940 
282 961 249 144 123 588 82 323 790 941 961 828 443 506 159 939 353 273 814 174 467 670 33 642 815 797 791 13 478 430 214 443 513 447 764 32 778 895 389 361 57 286 826 516 865 929 538 184 762 341 28 110 593 66 986 260 394 479 590 696 151 273 168 709 26 323 318 11 121 569 197 855 974 364 404 45 18 953 801 816 909 838 244 242 806 982 694 957 39 392 308 984 707 78 994 131 762 895 464 530 282 752 529 697 552 11 22 272 702 905 665 970 462 459 299 352 509 79 856 692 1000 696 664 805 970 187 914 698 945 658 173 947 401 313 596 379 190 697 160 539 492 226 775 832 309 558 308 485 111 400 698 717 696 949 409 860 298 633 301 481 606 901 385 619 449 432 73 132 770 128 558 130 685 175 944 34 993 775 118 459 127 945 601 732 101 824 901 655 683 899 881 492 538 144 87 498 199 547 382 378 775 641 938 182 69 149 388 109 368 659 257 235 940 346 217 115 248 438 834 142 0 828 176 532 49 632 80 268 452 691 680 291 943 846 972 505 472 412 803 994 801 411 429 286 538 720 478 620 332 348 414 834 637 17 305 646 827 864 219 986 546 16 980 777 54 984 264 262 526 838 726 610 372 907 414 819 816 154 257 228 792 932 454 236 875 401 698 359 176 942 7 280 538 419 293 796 736 98 712 890 918 469 417 737 980 805 982 225 93 641 983 31 494 732 369 716 122 507 919 285 428 185 171 409 819 519 406 514 592 567 749 391 211 191 871 541 128 730 238 560 833 22 261 142 297 103 458 685 106 391 230 594 30 393 973 15 113 370 839 126 513 779 372 29 846 965 792 427 372 903 246 910 227 571 483 972 399 499 749 288 123 616 616 244 284 856 673 183 338 816 51 406 831 484 827 320 26 241 48 718 927 52 699 153 128 332 943 56 943 67 634 242 197 175 283 918 379 933 21 88 435 534 823 690 651 85 704 779 756 628 881 742 214 121 379 391 130 806 462 199 599 349 5 171 406 949 757 346 462 843 926 87 761 764 366 664 964 201 890 669 589 592 710 854 925 707 405 882 807 628 50 861 311 6 877 961 68 69 226 499 389 830 448 401 29 545 544 151 462 478 94 295 187 2 153 704 40 954 599 602 
810 528 856 11 28 547 876 982 604 227 20 915 891 780 838 43 302 274 618 68 276 661 503 250 437 601 335 70 708 624 503 747 236 989 688 312 352 445 546 920 390 297 616 93 115 17 197 296 548 829 533 419 110 242 530 237 785 509 564 408 858 60 531 465 61 121 227 343 648 623 530 86 97 56 838 44 938 329 321 820 107 127 803 508 168 752 967 25 153 563 19 760 643 162 701 244 638 266 362 63 355 534 410 59 115 314 320 822 352 510 48 396 769 806 652 530 22 45 10 215 271 486 320 126 577 704 889 283 720 505 593 669 765 866 757 608 927 769 254 641 494 227 190 488 507 577 449 712 439 960 761 114 919 683 692 722 241 371 998 688 650 596 690 780 667 993 158 156 356 467 924 374 690 926 382 31 175 29 91 388 439 842 971 367 940 455 345 397 476 505 763 307 273 584 171 534 90 272 465 88 62 53 948 689 912 809 49 632 887 446 916 878 810 384 290 377 821 807 72 9 673 304 803 264 464 554 853 820 412 191 938 772 975 58 677 85 211 407 478 100 501 439 574 993 35 560 518 362 117 263 176 973 512 283 595 141 141 421 722 973 231 909 643 869 328 619 893 197 300 144 629 167 385 464 904 178 107 724 250 530 377 32 158 260 824 942 248 168 111 332 529 796 70 491 293 987 445 771 202 265 218 44 902 747 151 779 706 277 982 454 871 939 893 391 979 712 561 550 40 577 311 960 97 477 966 14 436 632 352 284 131 422 429 482 711 610 842 125 93 455 289 590 64 456 177 970 624 855 0 473 24 575 164 409 993 715 308 922 400 416 252 410 888 982 392 570 207 245 615 603 905 392 435 884 867 78 112 725 627 371 463 736 410 936 222 589 383 391 209 819 736 727 123 365 616 11 239 551 733 724 848 601 912 978 801 801 519 666 261 784 30 515 512 398 87 39 260 189 59 314 848 275 935 749 433 608 699 826 42 930 441 632 900 317 45 648 718 413 409 889 611 331 791 283 424 193 684 622 209 447 79 700 35 327 61 492 384 995 259 425 641 629 778 910 831 555 312 568 771 579 767 677 466 582 2 249 917 374 461 441 415 233 165 71 323 739 4 225 825 453 146 385 330 8 298 849 950 730 6 754 
846 122 340 399 60 63 459 569 521 800 824 89 86 405 261 808 283 498 78 599 594 340 315 313 698 478 327 267 924 807 685 109 514 41 384 332 226 76 847 354 297 754 975 812 387 585 940 975 830 156 299 687 797 135 941 565 391 540 33 148 672 585 82 926 627 470 691 400 962 83 117 883 353 919 608 712 917 54 133 983 139 331 477 239 598 470 327 463 592 876 344 128 156 516 258 865 602 738 620 929 912 133 431 303 477 168 911 589 294 601 94 225 475 153 180 478 423 748 220 157 309 44 272 256 68 893 668 965 780 812 86 30 221 416 352 189 430 122 212 147 726 909 293 695 61 212 349 127 797 282 958 313 237 385 182 902 560 794 295 358 424 796 594 968 387 179 607 552 658 284 168 735 595 8 947 77 597 87 453 965 365 818 355 295 933 602 591 763 396 438 598 549 562 260 495 167 154 66 858 370 958 568 199 451 689 753 668 278 921 818 421 701 274 473 969 614 148 925 937 159 966 197 324 826 993 683 715 570 687 516 97 72 542 35 646 705 13 500 270 165 55 201 947 122 534 470 117 356 312 988 535 493 462 194 115 911 301 367 569 773 190 115 893 236 356 767 221 812 347 129 759 853 853 988 436 591 967 368 663 506 130 418 256 538 869 252 456 54 574 73 64 838 999 569 305 56 320 354 533 652 789 815 671 465 745 243 330 970 827 873 879 454 425 709 209 350 343 588 454 50 483 529 228 499 231 767 126 505 237 243 286 322 211 843 749 193 121 215 686 918 389 906 319 213 831 492 740 574 922 468 836 527 604 11 339 955 959 83 326 284 73 590 82 806 129 862 225 479 886 213 789 55 651 509 606 509 811 775 960 818 367 143 109 23 910 172 397 931 166 503 87 123 403 581 347 977 664 418 421 601 414 988 579 205 656 551 255 590 162 451 820 270 954 881 529 62 45 501 523 958 120 872 257 127 104 321 461 535 280 943 307 161 581 998 759 213 12 924 540 673 717 480 904 41 974 162 780 327 554 316 191 566 162 104 596 751 383 456 265 286 884 445 619 761 399 513 80 468 861 229 949 285 869 113 735 196 961 172 432 794 269 997 312 477 544 50 613 965 451 361 127 537 224 18 823 505 146 936 93 508 
212 684 268 980 369 434 95 885 885 852 816 357 406 371 742 551 205 679 944 978 33 13 646 98 479 120 105 275 344 114 463 480 225 922 12 555 1 188 786 467 608 560 3 665 183 667 253 822 932 869 630 685 214 133 340 475 617 391 226 120 283 36 167 467 547 98 877 986 994 196 528 986 124 442 992 341 168 237 203 170 894 620 543 271 306 47 369 373 660 923 543 515 921 884 163 262 174 975 109 596 725 313 817 240 418 769 574 744 960 124 484 448 454 218 623 906 594 19 817 309 967 257 223 932 50 340 494 367 649 903 2 661 182 679 431 710 267 819 41 822 962 238 583 340 515 350 817 259 654 142 580 29 300 666 999 972 767 49 510 416 713 830 286 46 114 331 807 153 19 220 956 611 156 677 149 424 49 197 464 672 518 227 503 826 776 18 370 875 709 229 16 637 805 204 738 360 383 228 234 601 183 158 420 713 403 116 985 700 974 704 19 596 985 661 983 673 461 595 442 721 104 446 528 722 788 320 822 505 667 118 82 120 960 224 741 246 586 979 823 31 908 63 155 197 362 299 4 240 40 68 630 53 722 671 838 849 744 52 190 130 141 746 187 585 683 59 4 662 832 583 437 276 265 734 782 621 449 616 429 380 984 234 144 605 197 924 728 931 762 116 831 337 195 711 735 683 188 855 176 80 108 81 949 673 682 579 975 519 303 915 546 74 866 355 224 417 962 754 627 699 575 19 520 322 346 266 689 213 596 331 983 918 756 519 478 983 445 864 310 155 678 899 664 534 498 997 809 441 48 448 556 198 985 162 261 390 881 905 984 798 688 958 650 779 942 471 510 15 695 166 975 629 28 840 297 331 753 429 883 209 324 319 502 33 608 910 340 397 552 471 209 91 925 106 103 705 611 557 313 81 862 884 842 410 272 127 478 738 983 457 493 990 434 509 962 313 632 667 698 610 576 457 752 539 529 976 571 980 465 419 278 904 385 763 596 351 113 271 47 301 99 405 713 121 286 75 459 902 351 218 488 69 866 509 496 818 868 597 622 860 453 359 701 737 417 976 596 171 664 81 769 631 878 292 187 197 64 235 690 280 760 206 699 354 478 805 164 203 369 635 892 435 347 374 687 545 385 74 831 371 
40 732 68 126 386 901 471 702 286 717 61 118 497 386 929 563 127 933 143 525 209 116 705 966 547 859 642 927 655 966 90 600 168 500 959 349 838 353 30 571 962 642 731 482 54 852 102 998 818 508 811 968 596 447 409 252 341 30 976 432 309 142 466 81 181 667 763 370 549 953 178 447 77 329 29 791 666 714 419 538 234 931 227 503 442 229 969 110 125 270 465 854 975 776 276 917 831 637 824 968 955 434 317 551 690 260 94 218 927 769 55 737 116 484 414 260 344 475 460 423 341 89 31 16 985 815 203 601 375 520 911 628 595 661 353 107 769 658 220 372 433 149 945 202 316 455 366 107 330 721 751 361 324 568 852 600 545 177 841 47 915 132 381 394 346 850 574 148 281 229 781 929 400 843 279 979 337 934 894 824 706 824 50 316 997 38 693 743 827 406 84 994 41 299 769 275 152 203 636 55 732 813 350 22 132 394 773 367 313 18 468 131 659 339 350 543 850 873 543 990 676 71 575 327 63 877 422 32 601 79 652 319 639 470 415 793 907 472 405 776 912 758 329 144 270 204 657 778 264 351 185 656 639 273 704 850 49 244 971 260 801 646 928 400 902 211 924 379 684 289 47 827 487 903 996 5 814 224 701 532 552 421 428 758 538 266 929 856 271 885 442 851 377 951 22 380 639 403 564 787 452 809 630 438 836 270 402 331 586 287 532 416 266 215 557 400 396 648 693 445 944 191 145 223 920 633 51 818 31 786 938 732 68 880 146 861 271 412 50 343 787 125 845 7 766 105 586 284 385 100 791 30 216 620 720 695 313 861 371 427 650 247 733 707 95 615 273 357 91 129 379 765 857 22 194 822 932 549 687 3 925 671 808 493 256 551 339 375 526 206 813 183 604 889 313 22 229 40 708 60 438 83 904 751 346 373 593 992 349 942 550 144 931 60 749 738 237 463 965 607 89 944 387 414 977 381 157 609 333 47 216 196 385 683 633 776 219 998 429 387 267 961 623 182 229 292 676 248 170 265 824 112 265 441 694 60 11 387 411 232 129 740 138 323 946 883 480 333 559 435 909 425 826 242 178 58 419 605 597 230 387 281 52 830 90 106 284 671 674 811 169 446 384 748 798 102 869 587 818 400 
797 475 997 605 705 932 308 308 627 210 112 616 62 866 314 225 205 702 632 19 379 380 741 363 153 151 737 532 636 481 925 232 483 616 557 2 541 623 65 268 535 228 901 573 455 471 201 319 26 677 990 92 665 270 93 796 95 686 377 516 360 41 798 954 500 500 57 554 800 719 751 729 311 487 302 452 976 606 274 244 781 800 730 590 137 926 770 812 359 422 981 83 269 32 910 952 415 620 462 254 583 601 526 194 752 176 824 931 855 666 85 219 37 843 346 189 323 474 216 861 488 409 949 971 787 570 724 63 499 310 937 512 822 495 7 890 912 279 902 733 140 130 35 954 817 154 717 348 319 780 121 287 596 354 353 390 184 858 943 668 814 486 775 45 88 159 602 572 696 364 95 950 793 354 513 510 429 585 64 911 489 28 131 74 422 865 757 545 882 399 62 359 835 38 292 217 18 886 614 900 788 212 835 99 682 670 733 789 593 783 256 652 568 895 411 881 437 971 627 454 92 110 508 596 425 899 923 901 461 42 248 7 54 58 716 871 896 640 339 712 911 507 570 894 178 915 925 707 82 707 102 540 51 355 954 441 422 711 153 78 241 887 608 536 242 884 756 634 310 715 954 16 842 52 332 808 202 18 158 405 818 410 978 720 456 451 483 225 110 45 576 804 894 630 915 837 289 216 533 714 56 59 492 972 113 74 740 199 95 130 136 228 154 639 566 358 978 351 520 312 953 409 24 348 860 246 792 482 314 359 978 667 727 57 710 663 925 789 668 625 877 416 67 866 364 205 733 105 921 980 383 567 531 40 973 314 388 830 47 128 855 257 96 243 515 9 429 978 864 404 135 530 233 315 107 96 634 219 206 933 260 827 797 324 796 582 868 293 760 310 937 446 70 553 609 611 493 5 394 983 3 608 308 416 617 496 796 500 549 20 322 998 0 964 453 547 827 401 285 240 371 508 779 197 319 67 620 739 851 57 238 297 758 694 216 546 72 992 845 325 903 158 977 16 734 658 900 435 204 786 31 467 14 14 100 189 44 851 189 726 495 679 718 474 574 163 838 931 328 310 387 543 55 945 91 843 701 679 299 454 255 901 903 253 884 736 695 360 957 866 250 689 450 11 974 666 489 707 751 82 
410 163 597 738 683 632 796 198 130 429 549 555 268 138 416 936 738 285 441 243 194 550 195 205 149 899 460 107 283 371 583 432 311 575 658 948 439 370 303 442 408 565 150 507 480 222 376 759 986 431 666 56 772 38 196 790 260 354 565 355 473 330 968 441 221 702 559 221 904 586 435 674 538 852 588 909 625 515 580 159 573 389 161 820 978 312 446 308 982 389 252 158 458 566 60 616 729 173 648 420 464 840 534 657 603 711 429 932 76 172 878 859 636 968 608 214 847 306 573 915 298 507 409 904 28 546 352 205 339 724 537 35 719 282 908 752 753 124 141 244 858 101 303 570 967 55 987 8 811 563 645 696 375 768 147 30 667 897 427 662 2 549 644 780 646 163 700 645 607 515 514 246 827 695 313 441 444 701 317 624 681 258 853 493 286 17 9 285 681 570 156 517 136 863 707 845 663 595 147 167 187 256 185 356 130 668 212 752 598 567 988 31 636 39 400 466 678 674 983 867 67 584 277 872 94 408 68 189 497 41 396 464 507 784 453 13 61 294 652 327 465 541 867 9 111 564 258 136 678 326 351 719 435 776 20 290 298 144 11 485 387 90 28 692 958 505 14 134 234 874 844 306 706 132 410 550 594 695 714 386 119 342 463 980 757 541 698 988 911 9 177 142 738 49 244 421 602 498 998 821 342 848 163 984 195 136 808 333 773 322 331 137 915 731 73 558 66 753 297 756 61 211 217 743 943 889 597 824 395 513 751 784 846 304 482 955 423 163 436 827 552 956 939 358 432 393 800 686 913 536 479 93 979 941 450 904 943 422 847 112 40 963 861 536 843 318 407 182 232 541 999 568 7 873 993 827 694 762 256 809 762 394 37 34 467 722 563 523 328 640 67 727 589 918 978 645 811 958 503 161 594 707 161 547 273 999 127 301 307 730 419 689 463 286 518 383 45 250 338 420 290 908 590 708 776 807 377 979 945 106 310 130 516 34 853 475 287 293 189 290 658 195 642 20 601 714 853 621 771 651 854 567 896 498 251 593 464 861 581 72 482 654 551 256 532 734 175 699 654 646 14 921 398 505 189 155 487 536 367 628 498 207 892 633 957 915 695 633 921 811 56 549 188 371 99 529 620 878 733 954 
572 315 348 265 872 866 501 744 407 756 419 965 135 172 451 264 826 893 272 814 783 706 937 513 405 919 459 306 766 653 777 247 662 781 293 263 644 282 679 349 468 214 487 846 626 329 877 159 928 548 999 775 233 948 684 115 407 867 113 721 416 594 615 494 132 629 539 975 905 985 653 336 198 964 375 674 498 560 836 978 376 372 676 466 118 822 231 136 448 725 287 320 454 905 730 16 710 968 960 780 311 247 600 733 501 396 636 284 600 314 519 38 542 337 509 329 294 116 714 163 705 876 671 128 648 805 266 816 350 552 959 996 531 247 851 592 145 852 668 197 72 248 577 857 561 749 585 285 72 297 992 785 504 245 541 721 609 73 67 176 590 741 205 133 359 109 636 199 175 838 315 941 141 163 219 452 53 6 727 953 604 307 898 868 404 803 930 739 906 975 259 278 17 253 96 357 655 285 984 841 186 553 554 348 822 578 635 651 664 623 947 408 195 829 745 0 982 228 399 631 116 998 967 931 494 228 917 13 807 844 998 731 64 637 617 882 596 93 408 680 446 635 812 892 838 659 955 8 976 751 534 303 485 683 1000 841 148 167 241 345 646 14 130 75 602 715 668 730 183 829 164 397 670 936 691 199 266 458 831 978 27 912 395 199 726 717 2 871 199 869 24 743 776 87 297 714 649 799 366 77 423 868 408 510 1000 161 873 600 757 23 943 557 748 911 114 583 600 632 12 384 947 955 749 139 908 111 640 460 816 290 743 256 460 522 141 481 564 479 360 652 334 166 696 37 631 16 194 558 359 333 519 748 495 422 698 234 797 709 376 435 473 148 446 422 551 85 350 138 899 825 407 866 837 258 671 89 203 215 866 957 360 230 622 167 503 190 855 272 582 437 78 243 362 739 941 246 508 87 122 875 631 826 543 890 619 582 978 87 229 984 687 161 136 695 706 845 686 517 985 413 202 425 820 922 102 313 742 825 51 624 253 603 697 236 762 427 491 95 504 942 47 942 757 115 726 315 937 571 685 337 561 276 682 700 458 866 141 570 44 178 547 147 861 158 211 758 591 238 238 578 252 791 524 995 411 496 222 155 344 919 886 698 718 153 583 762 78 909 316 346 624 195 459 360 388 467 327 500 107 731 
393 639 724 500 941 259 366 809 552 253 551 18 474 216 955 16 71 308 497 437 128 862 35 413 833 775 331 336 185 769 240 328 973 518 869 707 714 874 39 231 577 413 453 582 500 706 300 407 205 775 560 587 725 83 135 936 773 349 906 519 645 228 44 544 321 722 50 883 253 684 262 872 118 19 432 246 919 101 376 116 865 790 765 32 144 577 268 549 411 788 791 917 183 250 977 157 516 82 843 530 113 198 318 210 428 454 71 596 969 927 737 186 45 196 584 160 993 207 459 15 585 83 292 937 310 389 794 699 907 17 389 429 876 254 544 549 886 832 466 749 778 993 37 389 55 968 642 302 435 437 635 83 503 641 887 287 61 22 962 188 45 321 495 95 220 494 737 251 572 311 289 606 50 258 438 896 633 695 998 890 460 223 769 714 216 222 61 106 973 816 40 908 7 44 877 420 809 306 298 559 823 407 59 863 510 861 798 693 397 992 387 238 163 196 41 162 653 708 152 821 316 796 425 308 872 165 805 705 372 887 531 307 460 154 954 92 166 787 943 689 39 288 736 601 363 893 480 590 765 919 860 420 327 66 772 390 335 735 370 590 934 826 693 70 282 910 394 423 508 363 569 328 463 862 676 584 685 370 887 532 892 533 73 126 959 39 133 952 248 427 225 756 694 577 934 572 571 730 898 353 278 351 461 334 27 39 450 396 405 682 409 54 946 883 761 267 719 396 557 752 362 863 450 639 159 724 935 682 268 962 101 404 983 498 119 775 136 651 243 636 344 954 176 137 483 224 748 439 846 160 597 587 764 753 381 85 382 902 603 803 523 474 402 134 533 116 15 209 111 986 488 425 217 792 590 663 607 607 35 477 361 796 416 516 626 28 913 676 442 798 442 392 943 202 788 679 429 376 594 3 12 924 25 656 845 473 569 947 960 57 394 390 338 154 799 741 769 250 475 657 343 190 598 99 298 976 93 24 134 831 376 727 30 620 119 392 973 38 486 721 46 217 59 942 89 383 559 99 177 672 180 492 982 462 200 689 938 621 159 789 845 253 808 169 538 962 722 273 46 973 79 462 794 385 474 776 703 513 807 208 529 377 418 305 617 426 579 94 384 293 262 291 636 686 384 996 96 629 614 441 
210 66 252 52 52 891 231 305 755 147 567 790 521 263 79 426 233 989 656 602 106 19 602 346 157 640 287 849 60 993 637 840 604 548 524 757 504 699 600 593 449 824 324 317 799 101 393 501 620 527 508 768 296 401 433 732 808 555 883 170 269 43 665 937 301 13 890 743 821 324 260 203 374 970 310 449 542 705 460 861 276 35 394 465 290 515 180 795 303 134 389 269 719 82 533 48 151 710 337 683 849 942 969 948 168 857 34 936 317 895 750 351 429 935 448 621 187 990 408 504 848 242 663 53 633 895 106 78 50 949 145 469 32 858 455 520 12 220 534 628 217 589 516 704 361 257 21 965 459 589 222 398 803 70 228 198 477 890 471 387 859 947 12 749 872 808 323 787 382 746 529 73 589 723 982 505 460 514 857 867 840 953 143 640 299 583 787 587 492 85 221 392 211 934 738 164 996 752 705 32 968 467 298 390 655 371 935 980 873 871 189 918 43 607 49 959 55 565 669 808 277 870 935 935 617 369 516 206 745 259 498 166 660 786 162 272 454 22 992 353 727 941 711 711 927 183 410 296 116 306 424 686 984 842 836 997 392 755 247 837 517 501 929 51 762 653 4 971 883 173 226 901 760 369 966 184 877 545 621 159 902 240 306 522 284 709 585 717 723 916 599 797 492 920 471 831 306 774 977 707 255 422 972 494 405 89 524 12 852 588 894 865 628 181 372 356 339 113 898 740 47 693 621 226 245 788 687 945 687 49 113 951 235 359 249 662 711 115 795 608 105 40 657 486 620 539 689 917 913 355 622 355 665 949 249 153 115 598 325 34 462 436 597 745 889 401 270 910 364 205 526 951 775 475 237 534 972 467 590 284 558 372 761 170 884 763 894 880 162 355 946 128 441 786 380 764 209 675 832 94 626 877 976 993 757 547 580 272 776 276 575 992 660 178 292 751 48 701 120 877 850 543 557 599 838 387 875 929 53 880 194 49 711 141 820 303 550 935 916 788 522 325 9 512 315 631 568 644 262 882 509 697 653 955 250 308 312 686 557 303 608 241 76 864 310 766 742 761 609 326 217 157 584 569 332 209 678 674 891 358 428 296 218 712 834 954 708 647 317 688 207 593 299 553 281 283 371 762 351 739 
909 612 72 185 870 828 315 586 9 657 732 84 367 910 774 36 224 379 621 213 574 663 248 478 167 773 680 828 29 656 749 270 275 625 468 913 177 443 514 930 616 49 996 588 349 905 163 733 951 373 440 796 301 416 724 267 513 532 553 401 984 835 622 352 323 288 879 781 332 552 514 438 312 726 414 339 355 726 811 636 587 781 522 394 642 3 545 607 286 661 145 599 834 436 858 38 976 5 382 752 404 642 730 202 452 323 259 329 174 584 35 372 377 563 381 962 505 942 519 878 757 165 678 534 522 433 878 33 987 452 304 665 866 803 517 717 306 229 393 966 615 253 900 262 777 791 881 547 591 398 638 195 786 422 805 501 711 970 389 841 129 550 305 263 267 292 709 447 800 608 799 606 857 895 747 210 765 744 849 449 65 335 256 153 248 570 631 306 813 727 997 941 854 539 678 274 139 241 573 266 798 79 931 993 535 359 890 640 373 748 431 601 1000 14 393 919 774 541 940 302 768 84 315 442 684 774 617 110 747 192 26 845 912 131 682 887 505 874 236 166 622 408 933 674 509 371 590 723 91 253 107 541 491 576 679 130 186 56 341 842 58 322 972 1 21 397 601 785 586 786 552 818 292 808 787 518 57 787 230 121 183 574 405 316 893 499 355 261 976 546 559 133 679 197 994 240 930 711 667 86 803 340 751 466 718 726 556 196 842 289 637 830 660 224 390 319 970 585 452 19 505 842 220 371 876 445 139 697 393 51 454 508 324 963 667 603 969 838 413 87 859 538 572 766 135 53 421 704 512 17 478 890 617 158 673 400 343 946 976 615 673 86 409 585 594 189 271 632 206 518 455 181 24 638 939 264 957 874 849 887 524 506 727 704 406 560 853 867 667 991 580 772 744 239 322 749 812 793 775 451 260 815 842 878 929 513 97 579 29 538 407 761 891 835 678 32 221 751 669 359 321 167 532 251 311 609 153 439 597 272 589 924 493 911 731 280 184 13 463 111 97 928 369 982 682 769 465 103 505 324 23 587 480 974 45 262 642 210 884 555 542 319 253 529 777 871 15 441 389 480 757 952 320 370 781 317 327 419 128 291 564 280 307 80 385 262 629 157 953 138 129 845 265 718 871 8 226 502 265 336 
543 221 175 308 808 992 547 833 877 47 693 77 515 156 711 833 427 888 680 135 63 85 303 73 656 97 48 852 375 592 879 665 728 489 687 173 968 602 976 577 272 487 593 694 233 168 340 631 852 828 820 787 882 573 383 42 365 24 684 550 205 316 176 757 96 952 518 745 721 234 505 661 503 992 599 973 36 943 829 275 194 316 115 59 238 956 882 903 961 737 282 610 444 786 976 916 787 883 825 799 82 91 346 46 944 364 782 754 314 801 416 240 255 630 639 180 227 577 711 499 540 145 268 618 995 783 880 720 135 791 499 206 599 142 300 251 123 128 531 774 252 996 527 906 814 10 761 628 903 110 785 797 997 128 556 327 30 412 490 375 128 208 325 623 969 340 627 499 811 597 182 610 202 583 393 681 209 186 612 426 976 328 15 14 209 324 91 718 764 583 867 56 982 111 824 715 180 850 977 852 702 899 984 116 205 70 708 315 540 718 130 802 299 946 757 9 807 189 580 689 539 94 602 828 143 125 289 856 494 586 887 866 428 404 302 521 916 77 43 783 161 93 566 273 846 481 612 301 905 825 262 271 452 895 302 574 204 812 576 125 493 697 688 82 320 218 135 903 986 701 487 418 650 586 852 600 814 313 262 416 680 542 376 973 10 139 535 593 647 60 376 699 106 526 218 424 386 953 183 3 241 620 608 932 800 86 617 328 751 849 292 877 842 706 202 767 519 869 893 562 659 587 125 520 331 895 961 572 671 962 401 64 198 680 53 512 77 845 842 835 325 832 617 932 909 976 404 552 947 369 407 634 592 14 687 316 716 738 48 720 170 399 747 970 904 948 700 856 372 270 690 766 779 767 330 693 404 102 508 489 879 44 936 795 921 341 427 748 49 379 504 317 698 226 886 19 586 96 291 143 527 111 449 160 333 215 298 824 498 536 519 565 532 697 534 798 472 838 749 377 490 502 191 23 66 149 808 685 606 23 106 421 724 265 476 601 179 78 447 50 726 716 613 801 519 526 695 973 231 848 323 241 656 350 571 468 927 690 843 35 462 273 430 937 65 53 55 869 792 135 556 33 688 745 572 418 134 413 409 391 490 562 92 174 81 228 504 339 337 206 72 153 556 59 479 408 716 368 114 883 
971 495 396 312 255 876 170 529 468 962 379 862 341 494 225 201 317 432 826 292 369 953 753 854 77 906 390 231 640 700 244 144 354 179 539 676 597 248 910 519 622 695 379 941 101 303 426 158 992 387 68 836 547 79 724 764 404 411 91 432 822 134 146 410 398 11 248 703 490 84 355 841 308 219 93 43 472 948 899 552 653 285 917 154 741 39 461 720 569 539 657 300 107 0 754 629 135 873 168 167 263 823 950 31 592 3 148 613 187 563 438 99 719 36 435 753 198 370 741 843 613 328 180 426 700 83 119 514 834 559 494 7 978 758 547 728 820 756 964 652 821 867 248 280 636 870 716 729 400 108 152 190 14 984 227 149 710 349 797 608 702 887 964 784 961 131 162 187 760 940 599 183 554 120 831 905 666 160 463 295 149 26 79 200 635 14 409 823 181 144 706 30 552 180 213 14 442 138 261 7 29 379 900 383 425 612 654 436 344 851 366 452 249 830 916 671 730 936 660 638 631 573 123 713 5 115 808 438 25 774 327 477 39 515 769 469 522 914 113 232 943 738 647 946 95 986 855 147 407 401 937 454 12 363 938 973 931 995 568 512 870 641 297 225 902 600 242 419 384 433 826 15 558 414 327 106 214 843 347 203 861 832 517 612 919 892 237 661 710 763 945 634 547 128 285 515 346 563 49 590 535 507 547 963 488 896 332 675 782 629 483 261 534 700 585 614 223 814 989 942 251 277 564 146 949 371 832 312 715 303 380 675 88 589 125 408 747 366 435 654 71 587 71 239 245 988 688 314 593 9 650 18 55 821 360 400 844 271 392 100 579 865 560 735 740 558 222 879 61 40 182 832 228 95 604 479 984 893 546 353 800 918 589 16 311 836 446 211 275 542 591 971 733 16 7 10 149 82 495 930 977 944 394 801 944 664 118 447 418 415 103 2 575 828 557 503 21 475 254 727 695 970 571 4 776 161 639 502 597 598 147 876 812 93 996 573 797 736 771 202 507 656 225 29 62 284 366 754 477 571 449 564 142 287 305 597 974 159 788 654 655 675 451 422 545 568 558 492 906 866 993 830 230 109 337 343 463 653 975 783 38 976 233 180 860 15 667 42 400 214 492 311 217 371 501 886 545 605 990 659 
137 86 500 739 518 111 492 464 690 173 264 202 801 194 911 871 168 856 860 393 977 424 551 432 404 242 432 850 399 251 284 577 352 534 401 204 518 445 715 481 138 526 881 552 981 780 833 714 557 191 236 381 586 78 147 955 454 576 434 666 534 872 952 483 397 721 707 739 589 286 12 544 999 484 136 488 790 244 70 252 649 538 585 577 915 920 287 110 542 181 313 320 195 23 154 499 990 659 52 968 144 567 104 248 883 426 65 632 179 810 958 773 845 633 134 702 954 713 398 128 927 933 897 453 668 767 744 627 362 183 24 715 199 87 675 121 736 125 91 249 422 622 887 700 718 615 633 508 140 880 331 916 288 28 250 257 872 862 308 221 706 283 980 694 145 225 788 880 881 598 849 82 732 46 421 162 338 422 280 264 270 265 985 40 259 204 886 160 839 163 982 144 47 796 669 987 491 336 589 770 731 376 586 210 285 225 483 783 123 993 130 628 558 668 538 46 385 963 143 540 324 937 593 817 498 509 478 219 782 646 446 885 785 300 32 3 299 945 550 603 366 47 977 710 649 116 96 735 100 359 114 904 472 673 154 248 423 469 289 103 968 785 356 852 653 128 539 308 647 129 611 959 835 992 822 555 796 981 445 316 212 515 851 774 670 466 816 400 644 767 939 819 373 48 89 923 568 887 21 266 44 207 23 324 988 973 223 795 930 684 811 46 708 908 216 85 737 191 720 344 922 617 978 123 222 46 382 915 685 299 983 808 225 932 980 169 416 242 55 826 280 305 60 502 144 455 532 965 533 601 689 572 953 934 577 806 411 675 56 853 457 310 451 66 983 985 39 749 220 780 58 88 806 756 293 171 621 955 977 280 963 550 301 425 156 553 943 23 207 468 280 115 623 520 221 273 33 124 522 185 172 380 916 290 601 579 668 716 83 642 568 15 403 549 643 138 733 489 119 512 12 175 56 225 208 914 86 134 566 117 407 294 841 502 450 372 55 851 975 121 971 111 542 916 95 722 353 648 752 89 334 847 650 604 480 511 402 33 609 927 289 612 737 147 86 550 103 806 969 864 712 209 434 227 700 705 267 230 877 258 16 654 131 995 997 632 359 560 870 826 705 190 412 810 308 648 603 27 711 456 
695 569 384 687 298 448 408 843 105 711 781 884 89 720 2 297 138 769 407 86 533 322 639 107 538 559 94 331 407 376 101 435 130 715 825 88 880 539 265 926 429 780 341 567 574 486 909 280 350 693 924 139 220 807 934 713 709 924 573 73 26 38 656 436 653 783 31 780 837 170 449 382 271 970 32 979 89 628 216 140 332 487 870 747 33 499 890 454 133 270 579 237 958 927 472 289 86 614 860 814 994 728 149 480 68 836 886 100 939 561 977 553 308 761 247 806 454 216 900 691 690 364 451 490 509 60 625 527 923 16 18 224 576 294 556 550 752 700 122 848 272 521 914 859 272 402 789 481 989 521 46 416 761 374 854 134 170 913 995 2 387 775 541 272 638 637 748 763 157 211 728 900 15 973 138 613 288 787 970 833 718 414 879 798 577 304 252 49 827 666 616 623 935 642 737 438 41 261 551 875 895 287 788 722 916 325 955 630 157 114 214 624 720 65 612 407 23 72 968 853 771 910 287 704 829 820 448 879 511 208 73 322 728 779 955 194 758 684 147 709 877 1000 363 256 369 339 491 592 988 69 940 574 614 946 82 308 545 693 414 350 906 314 948 23 945 835 113 866 651 829 123 664 671 283 554 894 411 615 110 123 629 996 986 769 420 916 399 413 80 208 204 242 705 727 227 284 838 513 60 502 563 981 563 933 659 563 905 12 822 198 95 937 510 934 980 73 1 189 221 711 21 873 178 797 30 456 64 379 956 434 946 245 369 176 237 34 390 271 58 402 139 122 36 116 83 928 486 927 394 525 894 79 751 901 31 91 206 915 891 149 843 160 447 859 252 401 120 945 656 979 191 357 643 238 678 152 722 771 272 599 49 219 694 417 694 275 891 801 286 174 640 427 296 398 123 264 448 632 440 403 363 604 975 263 452 696 997 142 101 392 736 268 334 605 482 800 687 622 945 659 171 290 798 400 784 895 779 267 376 384 502 298 685 81 437 580 432 571 490 268 889 416 745 176 481 24 892 67 284 33 236 737 65 901 177 269 76 808 525 487 922 14 979 124 789 886 517 714 279 848 732 307 38 763 989 156 411 376 205 158 994 285 242 325 900 846 615 152 580 631 96 360 613 418 74 36 117 757 882 131 
345 688 554 823 573 777 595 770 705 151 528 724 997 843 756 739 762 722 11 983 572 633 715 762 842 432 405 19 148 937 284 398 896 783 906 591 659 858 248 912 138 872 281 32 411 265 362 825 782 800 37 319 773 672 420 558 1000 852 808 338 51 916 951 27 714 311 494 749 527 79 332 667 570 837 324 878 820 383 944 4 826 194 660 250 627 278 334 605 587 318 525 463 330 720 685 634 612 332 183 977 194 419 4 814 921 204 663 796 277 107 675 912 420 172 254 809 176 397 952 208 68 473 158 129 627 521 594 826 434 939 449 472 727 750 252 665 218 627 472 6 795 377 425 531 944 772 466 940 564 755 584 66 90 692 289 204 255 940 69 991 249 929 615 19 967 116 3 556 312 393 947 388 434 273 856 36 634 261 531 820 996 282 914 309 346 435 42 924 492 313 521 840 285 328 327 328 326 30 781 58 68 757 157 293 373 647 381 959 298 561 299 935 420 937 15 616 534 108 153 221 84 976 506 739 365 371 721 112 602 566 509 218 523 916 754 962 616 647 345 900 922 661 146 928 868 840 662 920 723 687 717 504 310 12 793 482 296 899 997 311 625 765 65 654 737 375 447 187 743 937 449 737 5 673 468 724 833 28 590 659 874 148 226 741 595 297 856 116 379 382 865 89 986 547 262 529 336 686 946 331 288 536 980 846 489 566 759 145 840 128 126 683 740 489 471 150 859 439 465 426 958 234 744 539 951 378 985 666 682 203 683 757 223 456 396 0 545 769 799 304 339 115 917 259 642 278 214 390 217 529 285 811 719 208 164 271 574 365 876 827 53 817 715 741 337 397 662 616 132 560 706 180 118 118 714 841 836 416 353 148 833 309 257 735 984 23 610 656 302 287 725 878 394 364 606 541 979 820 613 177 387 503 83 567 115 840 514 385 142 94 838 536 378 5 733 501 239 724 550 420 417 659 475 209 904 579 309 158 445 110 83 126 349 46 878 213 400 591 858 529 825 419 595 339 589 535 256 903 420 23 774 669 726 860 330 223 119 471 453 846 638 756 182 758 177 352 477 573 386 945 102 720 499 7 96 925 516 571 667 993 11 388 743 188 114 532 154 446 306 725 308 666 945 277 581 362 91 964 841 705 
666 224 994 93 985 73 239 637 616 167 597 936 948 104 483 171 567 602 662 116 295 832 484 286 711 453 591 321 809 599 78 818 702 721 586 828 223 529 248 735 173 782 516 465 369 671 850 641 11 366 640 920 0 819 737 287 26 934 769 166 992 982 8 51 132 410 788 514 431 670 628 688 488 95 512 457 954 962 163 505 116 692 759 507 994 878 860 975 91 921 111 60 113 903 460 558 466 635 192 939 847 55 459 407 995 657 172 161 34 487 13 932 983 587 564 558 602 964 924 208 629 619 793 921 548 604 199 795 124 381 883 776 874 476 213 764 638 780 124 682 724 596 821 842 983 520 941 294 8 781 328 148 736 782 222 523 347 899 568 994 513 928 964 852 668 703 74 942 247 124 223 815 627 88 289 584 697 346 767 792 827 963 539 395 485 728 915 204 344 163 166 54 943 331 52 443 753 169 468 288 933 650 9 683 162 466 283 620 912 77 908 155 549 367 586 708 565 820 165 949 470 210 382 954 473 217 529 166 181 360 616 64 912 893 29 4 94 738 890 41 178 100 383 743 820 491 804 259 432 748 170 497 685 585 204 356 24 870 479 357 942 380 491 730 967 939 463 427 399 334 690 818 261 361 392 105 270 969 235 634 470 748 236 636 391 841 70 687 791 863 557 600 217 285 499 594 628 46 306 771 567 550 501 312 492 104 576 707 684 56 366 976 921 49 751 289 268 951 152 899 310 454 461 765 539 443 280 436 582 34 695 876 76 822 65 117 329 901 349 767 626 331 341 239 229 91 926 560 503 838 895 316 609 92 448 252 534 123 786 313 953 687 301 305 423 484 237 93 592 404 535 484 990 557 919 498 609 325 182 596 103 423 374 611 310 208 254 972 124 16 479 329 54 140 254 272 685 742 741 566 142 661 319 42 634 996 99 949 540 486 699 210 333 232 393 958 809 327 712 429 512 262 32 488 592 211 462 445 964 476 808 355 663 505 43 393 539 832 819 42 233 56 132 268 289 656 159 487 855 601 478 441 435 134 952 751 22 966 420 868 756 345 558 795 841 227 45 959 298 857 550 58 131 762 446 467 513 61 753 733 658 397 646 943 603 324 677 918 748 883 19 770 144 378 758 892 856 765 234 178 
246 480 542 807 259 213 333 453 872 792 863 474 39 581 389 458 797 45 628 13 754 210 492 328 661 829 688 646 622 230 326 215 428 499 353 195 402 193 846 30 407 68 408 841 475 654 989 413 260 812 797 159 688 295 794 735 627 269 468 288 177 788 595 246 859 604 379 645 483 712 925 311 94 314 121 422 543 869 738 980 506 854 361 146 641 779 884 799 46 409 61 604 963 843 958 919 306 513 618 833 631 913 422 752 796 76 163 940 709 219 301 131 483 294 533 414 169 412 865 877 300 938 742 582 430 296 494 562 149 646 956 726 204 35 693 621 170 834 382 874 900 244 612 563 747 398 24 76 765 569 470 186 421 884 327 876 446 810 42 30 420 665 896 971 950 778 112 420 80 191 573 391 375 244 230 656 698 583 280 330 686 462 715 83 95 120 810 958 290 377 136 875 508 731 188 456 415 13 190 938 364 927 41 136 57 393 872 574 287 868 829 729 230 717 679 244 389 753 12 138 173 591 64 502 623 922 403 906 136 609 441 526 584 75 457 508 319 285 346 130 162 85 784 759 815 591 865 779 699 920 254 900 447 995 796 653 582 425 4 355 417 666 314 898 395 536 447 552 403 562 156 781 775 461 47 811 580 599 41 210 189 412 216 419 27 914 766 303 389 376 544 548 527 797 620 861 700 10 783 784 726 847 33 543 935 483 973 418 18 997 133 680 476 305 752 16 739 796 426 839 148 644 915 159 643 524 221 40 173 230 305 230 68 821 94 811 574 558 336 145 796 311 320 708 841 829 14 433 854 968 272 946 135 166 902 200 437 703 994 572 217 192 460 569 808 107 209 472 933 748 102 508 12 849 620 675 273 606 327 41 545 305 554 694 122 605 437 600 277 105 776 451 192 764 438 775 326 18 93 886 285 555 449 458 384 962 319 475 571 493 445 580 764 905 123 82 564 616 586 353 779 480 276 150 392 352 518 951 521 11 837 495 268 470 883 264 751 578 562 775 360 310 254 978 492 921 94 946 946 725 429 246 618 777 925 287 624 697 775 486 259 88 7 233 205 915 757 855 334 541 607 486 476 990 10 550 335 366 821 896 824 456 649 887 610 276 651 724 771 680 530 874 855 675 988 611 517 596 84 854 
493 293 630 573 730 971 877 23 384 496 16 147 321 414 25 981 664 335 349 182 4 902 997 108 385 314 159 962 727 616 290 234 965 533 303 69 791 75 131 682 483 443 780 943 561 699 556 162 381 108 704 388 595 168 604 658 299 526 309 596 936 200 978 932 35 39 896 665 800 160 813 36 275 90 434 29 840 408 164 946 371 650 944 107 738 993 992 510 374 686 381 977 554 896 332 437 741 93 184 886 638 926 603 664 383 323 167 925 354 965 945 862 982 713 434 341 490 291 256 32 602 944 776 917 62 299 298 733 975 161 229 299 339 533 682 502 835 893 504 579 795 258 599 69 243 989 618 325 966 584 200 82 975 297 199 244 848 247 392 637 819 151 349 890 908 769 305 375 506 198 502 496 588 602 611 880 715 626 717 435 178 269 20 838 429 774 231 576 709 469 681 813 614 435 482 760 544 442 941 312 608 566 189 481 980 820 92 375 404 109 391 878 250 397 926 742 395 594 522 419 70 276 710 169 933 429 451 601 920 172 208 679 972 469 797 531 498 760 346 180 285 230 205 393 403 394 431 439 53 20 771 751 915 199 997 79 90 231 98 147 296 625 896 682 363 636 493 182 989 429 117 713 552 163 796 18 668 189 116 513 491 154 755 514 192 379 509 208 922 325 923 844 938 171 905 575 748 373 720 577 481 247 55 500 979 80 941 398 598 488 423 703 643 863 583 687 586 190 42 948 301 0 247 172 191 160 799 90 636 965 961 263 301 43 55 318 39 529 939 862 458 701 995 305 895 584 760 226 498 139 16 411 945 306 82 727 999 305 946 820 619 755 963 453 748 241 899 974 898 265 876 862 658 480 442 206 431 78 883 701 853 346 748 437 986 258 790 713 828 668 402 477 988 221 592 98 274 729 72 337 274 425 365 98 479 825 367 777 836 48 683 878 203 451 408 940 822 124 351 100 670 996 168 629 997 928 706 919 257 246 820 198 986 703 523 808 597 863 566 868 975 329 384 832 439 439 391 564 781 639 106 5 272 820 187 859 202 439 935 970 0 951 776 462 987 375 652 178 980 990 485 202 565 613 424 771 82 531 764 557 652 998 727 364 762 818 776 614 390 482 630 60 982 26 699 984 312 372 522 546 
480 495 537 833 349 571 611 389 536 33 661 841 678 210 230 5 158 592 636 609 768 988 443 785 161 939 14 484 970 1000 731 749 88 988 836 860 188 537 721 421 468 798 819 309 220 291 181 763 919 394 440 479 398 81 383 572 820 148 253 568 419 14 111 347 424 720 622 950 664 894 378 85 977 545 687 813 788 763 615 59 296 168 854 825 206 473 862 975 686 23 898 725 563 98 848 279 562 136 119 537 818 120 990 841 202 943 382 552 684 944 793 146 187 346 183 461 533 745 168 122 743 715 198 208 17 45 535 290 303 467 745 731 916 754 986 692 531 442 513 415 510 9 71 172 217 284 424 717 156 863 683 946 107 723 516 270 60 273 392 260 639 182 536 355 313 691 237 99 702 710 453 72 609 995 311 936 930 353 446 792 767 556 386 293 247 454 184 536 474 369 169 718 651 570 879 469 106 234 51 202 93 436 194 764 175 592 647 88 873 907 419 905 885 522 695 338 899 282 245 795 625 740 153 29 933 912 450 904 412 872 207 317 29 443 539 389 573 453 696 28 342 430 631 360 827 531 798 726 605 122 339 964 409 38 749 195 81 911 184 199 637 158 615 917 204 27 940 337 87 199 740 478 698 76 46 72 913 673 79 850 897 228 775 261 718 357 403 800 749 351 672 771 140 12 613 555 640 629 865 17 817 707 110 27 700 268 43 892 398 587 418 556 894 651 890 134 843 985 722 198 864 940 801 680 306 716 979 460 512 883 19 391 480 591 707 517 590 15 830 872 43 162 807 334 529 238 869 761 610 260 405 355 258 96 856 787 239 67 537 669 313 567 374 104 458 731 190 334 670 224 586 824 249 853 914 190 502 971 351 714 231 905 716 631 308 726 333 504 972 626 66 364 378 190 641 918 653 91 213 653 462 333 336 39 240 796 361 791 469 308 711 985 440 247 880 541 804 894 997 968 788 151 614 258 360 664 127 566 537 592 900 338 664 4 897 684 454 875 968 161 349 190 197 416 308 169 289 856 715 424 872 177 530 675 234 388 382 281 810 835 659 347 722 365 921 780 310 384 463 407 208 239 190 781 571 340 521 884 144 255 382 933 834 489 947 27 308 145 449 395 945 972 629 716 113 552 363 810 861 661 
488 895 451 902 287 287 980 631 424 113 529 564 404 695 132 652 753 209 745 558 655 678 55 443 914 429 62 835 835 164 444 496 645 621 13 643 704 85 879 581 622 756 212 405 250 843 853 37 718 19 140 216 792 276 946 311 830 667 49 276 678 110 516 858 714 374 571 427 650 256 786 157 692 716 574 282 748 770 791 306 655 99 46 787 123 728 417 776 150 854 825 615 492 673 598 381 563 240 922 828 332 355 154 994 283 417 614 376 431 531 719 730 569 656 608 111 711 92 624 264 226 850 459 785 242 882 202 580 526 5 284 247 653 597 477 569 223 964 204 272 109 760 810 946 444 451 629 892 876 382 918 35 932 570 275 215 171 177 803 878 276 349 485 597 803 561 520 236 299 919 113 685 680 503 80 666 696 90 535 477 911 677 433 895 967 728 157 66 941 710 918 514 813 306 93 807 877 611 822 50 793 254 397 450 412 56 773 926 154 503 48 499 431 694 496 375 72 25 210 60 24 201 900 841 585 530 585 250 430 554 665 649 505 804 463 528 304 564 188 717 207 398 611 667 178 688 856 929 623 4 820 127 755 731 595 81 158 18 470 378 651 794 188 945 558 992 144 982 345 279 915 786 574 455 89 516 826 40 689 449 458 40 614 855 355 91 705 6 370 606 506 737 260 561 781 773 667 800 747 344 774 915 850 473 219 549 206 712 428 308 784 303 89 693 28 71 79 334 478 563 408 183 862 231 797 344 812 13 922 84 382 717 703 652 255 414 134 219 996 96 323 516 177 680 978 121 163 13 565 68 531 768 705 64 874 315 88 824 727 286 935 404 428 512 347 69 483 722 935 606 449 484 833 824 346 591 218 229 570 808 856 992 503 0 839 326 758 81 203 547 623 319 105 939 523 254 719 771 858 105 530 690 704 313 518 356 577 258 349 159 656 747 126 262 199 666 911 192 33 616 620 614 844 912 890 515 184 636 84 780 475 818 660 803 649 370 612 600 776 543 536 531 865 900 640 606 237 273 739 973 622 349 530 288 813 671 752 824 19 691 182 217 462 435 748 929 167 488 306 333 308 629 219 588 658 358 175 986 97 536 478 113 935 961 957 375 19 821 64 913 405 189 775 356 306 436 367 223 864 955 
6 45 817 655 532 197 407 92 530 513 270 686 361 548 243 260 691 10 808 301 278 148 2 858 343 527 832 51 209 972 773 421 142 566 797 358 187 731 972 562 389 615 85 876 568 24 946 472 182 498 432 299 757 489 542 651 733 653 250 328 490 472 620 820 144 452 681 901 535 362 549 580 245 155 322 248 528 101 700 673 110 219 225 215 450 105 581 77 879 840 161 252 314 848 435 882 254 554 478 448 236 980 283 79 6 551 667 918 478 984 453 639 756 786 235 646 558 162 588 930 662 97 128 8 625 448 436 150 374 427 179 419 231 439 849 289 859 283 4 627 582 928 706 137 705 989 68 74 441 338 785 470 788 29 993 893 13 411 117 527 603 336 799 258 526 492 442 586 506 142 870 889 16 957 294 807 715 36 986 412 76 633 599 224 990 345 481 532 437 343 319 259 64 654 549 285 649 180 502 598 552 546 505 505 842 582 131 509 161 609 441 203 397 964 149 147 964 277 863 998 936 743 344 77 23 279 571 360 579 201 801 624 676 688 353 6 850 184 588 739 664 396 238 501 176 675 502 427 379 350 520 768 641 331 366 22 260 368 652 222 91 203 646 126 750 16 572 688 539 715 804 359 178 804 674 482 187 747 777 454 795 575 217 304 895 933 56 10 483 61 405 234 799 423 234 784 825 277 259 88 965 348 590 230 927 352 931 49 212 256 45 842 783 940 175 591 456 558 70 877 817 544 433 530 866 132 661 400 44 72 564 128 28 230 832 283 527 294 976 814 784 126 929 653 631 567 946 1000 28 924 732 937 159 550 836 695 892 873 468 685 505 685 323 97 282 651 566 253 431 393 585 394 57 945 823 537 763 861 611 17 155 57 888 647 737 551 549 553 105 619 726 31 903 967 773 220 47 897 203 6 203 380 416 937 685 301 605 355 401 845 182 348 795 597 608 593 38 605 876 293 340 63 362 78 770 599 964 13 539 672 537 616 8 775 638 162 330 344 570 972 105 598 741 831 672 995 802 343 813 654 94 418 258 766 919 325 649 738 983 877 973 808 32 45 562 644 948 365 210 36 549 937 925 785 117 648 748 92 195 500 964 3 582 81 328 1000 802 899 339 557 780 836 51 274 568 235 579 550 903 999 
973 552 532 271 630 50 754 321 349 813 710 32 573 352 739 591 857 440 677 661 347 479 815 236 571 823 404 436 677 226 368 412 43 76 802 730 797 113 75 150 981 143 854 322 71 536 696 523 153 344 624 833 322 233 684 840 989 955 626 576 71 240 243 417 811 162 269 574 982 283 984 60 53 634 24 925 612 526 575 237 647 645 348 860 962 845 946 236 513 849 81 649 520 691 848 249 721 252 179 318 956 571 742 631 346 43 103 539 274 699 56 224 27 564 589 25 211 699 942 949 695 219 249 267 490 278 130 729 56 958 40 374 787 824 64 703 66 323 301 684 529 849 657 500 742 568 414 975 820 615 150 365 33 386 967 674 716 1000 908 724 151 394 138 624 283 233 486 486 12 679 597 422 590 234 770 123 515 738 735 429 920 157 671 606 275 440 855 275 156 331 879 104 832 302 15 862 110 109 404 168 655 140 632 202 940 660 125 660 944 275 470 941 381 800 418 662 17 688 470 511 213 913 214 420 471 444 928 93 461 993 888 748 675 94 184 13 885 872 450 280 234 61 282 359 477 746 545 387 22 922 620 543 651 253 556 447 354 304 582 137 657 912 976 723 956 290 792 799 317 993 474 51 54 603 682 767 996 369 173 934 208 585 473 849 522 906 203 89 87 385 505 596 3 662 189 388 51 467 578 790 595 438 140 126 688 494 372 63 210 379 77 170 306 640 933 249 425 899 480 571 360 956 736 89 242 656 503 244 369 463 757 205 452 958 328 631 104 794 192 467 20 740 70 156 955 397 132 403 320 648 646 70 991 151 278 920 684 481 749 595 755 355 153 971 243 519 662 863 775 167 176 499 770 313 655 263 852 325 540 948 168 596 529 257 106 162 937 0 978 339 440 777 561 733 105 753 744 426 107 783 366 353 701 74 26 227 7 379 774 721 64 879 624 115 77 714 861 905 337 970 553 578 744 482 887 244 402 106 778 175 784 110 79 350 494 943 949 706 836 971 500 91 968 707 226 253 156 946 102 38 768 304 489 634 496 608 408 759 398 273 688 16 36 267 818 237 812 373 300 872 608 40 139 954 37 993 138 970 38 448 472 843 82 788 223 75 84 697 17 356 342 611 469 168 602 380 919 77 339 603 
740 740 987 360 245 887 683 362 204 654 83 875 66 907 853 923 132 101 746 880 977 501 657 644 716 861 431 84 294 4 880 603 486 244 36 362 728 707 817 59 436 391 226 304 89 985 609 665 636 271 661 707 915 747 343 130 820 94 379 523 347 120 338 551 699 556 380 651 342 900 50 512 586 832 371 186 268 980 370 916 357 821 859 610 379 893 647 685 589 938 956 641 88 790 614 861 565 225 964 684 167 636 311 660 48 630 564 627 817 750 848 179 79 611 626 702 646 991 257 27 66 718 818 912 278 947 50 985 703 611 956 566 556 784 951 958 504 866 496 796 447 702 727 319 383 453 237 485 600 983 709 878 295 365 617 439 181 418 931 846 365 201 770 815 25 379 808 537 873 908 393 729 201 215 57 683 500 165 762 517 656 938 158 901 973 109 950 755 369 57 568 945 589 143 740 652 894 701 971 47 74 35 744 488 161 543 824 323 313 21 183 81 155 696 308 438 615 907 204 486 787 15 788 323 57 885 140 383 817 483 260 380 576 202 835 181 32 397 815 111 11 545 131 274 293 798 938 241 710 80 327 661 790 491 835 512 918 361 735 462 126 272 577 312 980 687 805 837 881 232 60 402 919 610 772 230 492 565 516 995 176 869 884 289 686 289 958 907 143 102 534 941 569 442 813 890 569 882 15 478 189 535 786 5 840 272 508 701 5 830 22 235 745 428 954 575 122 555 76 379 106 888 627 308 710 397 690 902 594 507 44 928 314 668 605 755 289 81 561 967 325 353 520 939 27 798 121 600 191 247 415 262 684 581 517 714 682 626 292 918 601 96 570 231 939 363 784 264 890 443 844 645 925 534 624 558 578 321 52 526 133 367 992 410 893 178 879 412 666 123 758 177 5 671 564 782 130 159 342 675 84 905 712 142 923 573 727 45 533 878 30 466 906 329 951 898 960 216 977 785 927 867 15 112 695 816 251 868 332 218 432 97 747 837 672 757 925 302 88 655 397 875 417 778 58 638 403 110 822 639 431 885 945 37 562 432 881 999 599 923 470 43 222 79 996 429 770 174 784 800 226 804 282 453 892 536 154 372 309 594 950 433 539 239 744 369 404 994 517 531 686 995 473 877 299 888 109 88 376 580 
223 907 265 719 657 560 193 609 521 811 613 910 965 1000 466 937 850 472 998 579 221 816 151 251 270 434 395 405 11 955 408 734 775 491 153 869 13 778 162 235 230 804 645 939 605 552 742 466 623 882 545 915 518 628 970 335 173 816 954 542 384 563 471 188 45 742 232 357 717 879 669 628 548 67 641 100 948 825 797 428 3 849 112 830 887 606 411 16 300 348 146 780 791 395 588 889 594 447 51 576 115 385 962 324 712 367 559 360 980 922 367 954 419 657 939 389 847 871 378 262 18 212 380 447 844 990 724 505 128 241 439 548 821 465 156 133 814 769 609 633 517 566 804 332 916 308 980 792 846 821 557 86 964 79 911 37 439 801 36 571 102 229 141 842 322 406 515 210 464 371 43 72 285 473 804 495 735 72 436 519 211 957 929 671 22 766 566 919 771 352 436 120 523 759 347 227 721 195 597 372 994 238 10 480 23 673 912 950 27 160 319 483 405 85 229 87 447 177 25 253 243 556 816 504 801 18 900 856 904 64 919 555 697 783 104 32 161 201 907 539 53 727 264 241 359 422 529 61 452 919 949 859 243 297 98 483 181 547 743 164 377 43 286 407 535 536 145 456 184 957 969 605 481 213 785 303 997 343 595 25 35 980 969 279 118 733 987 212 234 265 607 586 43 648 213 654 704 298 416 362 90 445 437 112 263 812 217 379 33 969 227 168 66 387 692 296 577 919 229 188 742 786 822 449 517 414 225 466 368 135 40 320 488 7 862 58 410 510 39 431 338 437 96 537 306 192 548 628 655 725 534 626 530 122 999 106 422 506 324 494 917 901 266 489 925 954 112 265 284 594 502 883 281 549 595 224 344 567 933 647 149 529 723 946 346 634 133 885 574 466 860 612 309 950 732 267 201 785 279 264 888 542 169 491 356 215 209 858 972 133 912 543 763 964 278 236 766 275 189 965 807 387 106 359 397 478 434 247 262 705 68 465 428 521 548 625 576 25 613 331 299 586 974 995 219 117 256 635 307 584 543 802 467 67 70 790 884 704 900 137 717 108 155 405 616 996 971 885 297 672 999 675 913 970 577 226 453 29 112 342 941 878 224 530 336 400 579 903 797 795 506 305 739 386 762 246 690 596 565 73 
647 340 827 319 92 556 552 547 794 497 516 362 226 541 720 147 259 668 18 843 752 870 862 720 505 392 842 216 683 294 110 943 907 413 116 227 360 418 496 278 303 428 2 769 513 130 377 331 791 437 627 467 288 159 400 432 97 239 684 114 172 519 855 82 918 394 218 396 949 443 173 788 764 554 68 37 966 462 976 52 599 753 1000 278 47 722 474 516 929 969 913 398 213 985 210 812 185 168 349 931 936 45 922 646 247 166 477 33 183 297 715 155 237 144 227 49 860 604 295 941 7 568 421 2 475 477 20 921 479 634 670 870 389 363 45 481 177 493 305 807 129 859 924 246 98 122 304 847 417 681 894 269 780 807 578 727 744 810 430 804 328 647 785 480 821 586 147 997 303 592 835 911 983 127 566 579 397 564 522 348 284 271 423 659 546 471 584 292 731 689 591 89 484 512 703 23 467 612 501 8 312 43 998 701 36 623 285 466 900 998 237 457 498 120 539 901 661 585 284 573 950 28 844 425 688 145 385 681 630 4 394 508 347 882 66 545 405 576 585 896 455 145 444 338 939 568 132 703 267 333 734 842 192 864 320 874 487 981 331 119 343 492 321 936 743 697 86 481 449 261 70 384 130 609 663 94 465 814 138 352 429 736 280 26 399 373 938 966 227 657 775 921 919 325 478 465 432 329 835 28 257 890 809 265 250 485 86 460 866 25 146 88 452 130 295 375 563 899 555 300 708 611 201 747 455 452 667 939 151 710 50 901 500 238 332 993 326 380 700 528 517 401 923 122 648 528 64 538 946 306 785 962 310 997 546 920 631 296 408 913 27 27 502 297 401 241 975 319 401 560 407 936 537 427 879 322 289 748 262 230 828 690 54 354 221 91 174 513 677 943 834 835 816 702 936 567 559 166 659 996 192 752 291 669 456 728 900 594 399 806 177 374 234 172 986 53 1 763 440 310 724 347 47 178 188 87 547 868 94 75 526 342 526 407 645 751 254 411 566 526 943 344 25 411 769 546 402 227 979 155 56 661 959 483 105 216 189 5 780 575 376 233 601 476 489 773 536 876 656 967 253 455 898 426 79 864 177 870 155 472 938 259 45 471 795 609 842 440 762 891 416 103 186 158 407 988 436 619 290 139 
982 960 411 173 599 656 706 836 506 282 667 626 760 996 227 363 324 836 232 598 803 191 233 339 355 234 486 568 534 471 464 466 441 716 767 901 570 708 190 716 112 421 66 711 307 22 984 437 839 394 592 622 286 685 307 443 33 584 187 51 830 909 412 505 126 167 980 798 78 786 729 528 467 674 683 267 419 226 774 373 152 399 485 229 695 864 35 941 209 549 637 726 969 418 522 335 146 514 384 737 740 420 497 817 681 754 482 64 33 144 190 695 317 131 799 201 129 329 473 166 751 16 880 207 37 197 417 595 735 141 471 368 418 12 312 110 641 950 680 247 157 708 822 972 575 353 981 749 287 795 36 394 804 691 109 491 654 417 52 879 216 206 146 630 65 186 363 567 529 792 1 594 409 999 671 809 63 285 207 443 782 954 419 629 166 996 532 170 686 499 473 620 97 203 667 212 168 629 231 38 891 771 787 591 741 318 640 478 914 55 181 641 348 765 670 70 751 464 924 988 139 487 326 920 121 4 535 680 989 947 843 817 907 833 418 443 928 858 109 646 647 348 970 606 830 415 27 397 741 208 818 482 658 305 847 792 314 743 153 631 850 235 145 542 266 654 484 712 484 250 667 748 766 976 989 305 879 902 187 184 215 70 528 597 587 413 468 49 572 460 207 504 843 828 301 955 823 325 800 843 545 243 784 122 92 63 935 512 100 558 760 469 21 730 942 548 792 735 774 692 251 89 966 948 909 117 349 553 215 800 544 837 540 347 592 858 233 37 307 163 304 427 29 508 183 429 85 295 228 944 643 896 874 889 686 40 409 575 129 76 497 845 795 490 366 845 250 981 950 485 911 651 567 256 821 7 519 885 180 486 132 330 822 462 517 795 570 767 217 261 23 239 463 567 172 823 26 805 888 230 799 127 83 430 443 120 539 696 640 775 112 266 409 202 623 306 99 308 981 930 179 216 409 491 969 633 293 370 471 463 874 422 579 617 474 925 964 958 411 750 312 310 71 581 86 910 849 67 627 354 258 162 724 558 632 637 470 561 295 626 274 595 16 671 256 108 278 652 828 228 934 386 967 116 643 511 983 181 248 170 284 415 861 360 720 86 804 723 841 182 467 290 470 238 421 708 347 143 855 259 
563 38 63 821 581 295 466 211 297 471 48 143 457 261 219 425 140 654 470 266 175 93 468 269 793 708 463 702 137 264 143 670 686 975 895 501 291 886 54 9 123 190 684 484 170 936 485 23 686 666 318 922 479 502 86 360 405 482 604 418 34 327 804 76 252 921 668 132 97 314 951 9 498 920 364 41 403 823 859 405 122 216 415 870 558 180 674 16 740 308 281 468 437 76 380 135 60 758 943 475 232 633 130 833 661 91 578 583 451 709 878 332 136 880 349 968 606 583 975 546 918 374 954 608 328 429 444 195 474 989 818 590 844 262 834 419 98 821 816 24 300 260 625 116 789 348 326 509 86 676 815 536 935 133 674 199 593 419 516 672 673 684 803 427 730 595 291 794 797 741 743 652 477 490 863 228 53 401 820 172 703 748 475 14 185 381 907 195 536 508 802 958 138 255 353 865 567 110 768 993 566 654 898 470 572 307 839 298 915 572 573 944 444 989 472 601 734 702 450 522 199 754 443 629 59 560 278 295 318 738 741 144 779 245 736 290 650 238 740 112 619 417 112 402 579 970 482 968 453 699 247 66 620 85 487 175 596 38 647 338 62 15 348 616 598 540 398 433 500 705 269 604 274 573 354 888 312 62 741 230 381 763 666 127 698 338 315 852 527 43 509 612 286 78 122 608 678 421 587 84 726 96 44 308 636 374 485 505 730 903 262 383 700 343 41 307 929 4 464 87 411 393 872 650 454 694 7 975 536 403 918 162 929 54 367 340 769 443 333 465 1000 321 419 839 985 296 221 233 937 619 358 929 189 721 705 716 305 514 558 721 303 661 481 683 188 31 85 714 46 45 637 769 687 718 670 380 836 467 841 894 11 518 705 702 454 152 93 7 309 659 972 66 232 819 314 757 10 849 875 846 553 394 6 882 882 282 750 235 226 842 532 707 548 257 384 303 746 348 489 373 252 878 989 233 460 476 508 916 979 993 370 702 118 368 227 18 527 114 829 426 876 65 291 60 650 96 843 960 957 521 600 243 814 994 575 467 839 972 434 979 290 345 601 678 313 188 443 891 319 645 211 727 122 504 704 807 285 530 47 855 885 795 756 500 967 586 117 60 295 32 47 341 950 626 379 523 429 771 764 738 
285 769 65 448 767 804 886 329 604 314 717 294 263 377 428 372 403 424 581 419 364 505 77 451 179 471 163 435 776 970 235 770 791 943 126 933 904 817 413 176 159 403 508 131 961 305 354 65 731 64 291 830 839 704 265 380 131 459 180 589 606 985 719 920 424 437 31 132 575 413 357 264 48 705 861 936 613 959 622 434 158 325 803 195 146 467 788 919 270 389 998 683 861 478 467 100 226 16 269 661 510 869 932 33 583 821 881 3 184 348 791 331 265 809 705 557 999 764 488 668 822 321 0 48 342 476 179 969 213 596 688 543 561 556 497 274 56 196 875 965 515 648 824 602 168 465 852 183 979 104 564 5 655 645 327 309 491 716 104 701 606 644 903 924 333 922 578 78 904 782 214 86 181 939 807 715 351 224 880 215 26 446 208 852 934 965 653 643 352 219 321 857 176 309 312 826 664 709 685 685 853 288 159 274 665 354 940 225 528 294 547 473 113 796 835 77 306 291 979 428 697 731 635 237 855 650 988 925 272 364 220 87 184 59 643 649 798 291 498 778 939 922 655 494 255 542 47 269 12 778 666 318 243 442 671 535 858 916 590 668 851 554 736 78 713 533 371 860 571 839 696 722 84 582 147 484 309 913 330 421 871 420 208 576 89 464 121 581 804 407 250 409 681 314 809 281 31 881 413 736 135 96 493 645 284 739 808 443 947 700 914 53 873 472 926 266 917 208 438 111 117 40 485 633 646 226 868 885 454 936 998 466 688 810 384 862 297 633 354 691 179 424 164 105 180 306 731 851 452 868 738 148 892 4 12 342 474 959 158 459 393 277 104 661 27 484 742 857 686 207 900 706 324 303 911 113 157 153 694 769 633 88 174 858 0 513 562 450 737 781 512 436 105 179 558 589 5 703 595 242 814 564 158 142 371 529 530 124 583 654 710 661 684 659 565 13 765 139 895 403 661 787 40 216 623 364 96 681 880 922 394 830 303 777 403 173 872 565 81 485 476 985 993 983 229 381 287 778 815 531 27 479 571 341 547 447 76 323 989 625 598 682 124 806 915 942 666 912 22 952 559 301 33 306 892 618 854 354 181 972 904 51 597 447 567 410 173 303 875 301 785 674 597 758 795 356 178 560 885 190 
433 3 667 667 883 870 215 81 537 454 423 17 476 170 723 43 493 103 356 59 699 592 665 117 669 862 823 278 17 903 162 438 298 702 436 513 674 741 748 278 755 827 360 932 829 905 930 20 240 488 177 259 788 450 120 688 798 989 58 328 385 928 789 857 883 673 196 226 268 467 43 38 201 368 644 977 386 841 758 423 835 840 595 638 973 876 200 67 289 515 659 34 963 449 479 368 378 492 568 203 534 892 52 785 541 306 178 626 521 294 199 503 747 560 791 899 821 978 840 827 15 437 570 442 963 813 921 344 619 147 857 476 425 721 201 627 451 515 834 408 743 535 189 692 310 451 624 696 362 920 369 752 119 942 845 507 377 476 288 668 693 212 596 293 301 841 744 698 564 390 3 649 364 163 362 721 673 18 273 591 211 832 875 815 777 29 548 339 674 607 582 655 65 886 360 580 203 101 536 984 111 546 175 823 400 209 852 557 196 450 929 179 517 788 134 53 328 53 760 225 183 241 545 168 727 118 895 921 849 539 508 749 18 229 823 328 64 357 112 759 245 751 468 135 699 978 322 392 543 256 383 634 314 177 19 452 98 955 874 526 410 993 979 26 334 412 614 751 48 351 64 207 464 509 976 409 923 928 786 878 841 658 5 497 53 279 533 768 734 193 324 498 5 558 517 923 45 296 210 447 454 243 384 415 189 807 232 387 545 739 283 147 800 734 921 60 58 59 735 424 283 357 490 959 675 833 450 596 583 279 665 130 804 575 730 957 453 566 909 69 727 418 950 110 406 122 555 812 69 690 793 304 59 261 872 988 838 470 922 317 773 678 567 912 169 111 547 737 598 302 357 602 530 197 361 988 170 128 505 240 822 261 622 369 269 950 262 810 503 856 643 291 15 83 506 193 554 877 206 909 851 821 967 708 10 403 140 469 803 87 658 27 939 630 236 873 965 877 528 253 56 874 783 516 471 880 57 44 465 997 662 102 749 923 744 208 418 220 156 855 115 40 990 210 382 646 418 386 875 446 15 158 209 26 730 920 639 766 409 382 461 459 216 694 719 365 891 261 420 210 1000 414 198 66 785 464 60 479 420 273 679 136 878 867 819 530 30 730 515 571 748 327 108 333 135 650 663 370 167 441 
199 956 480 517 705 756 486 750 172 502 549 888 76 402 249 919 355 419 676 585 494 141 359 909 334 430 415 780 632 249 259 560 267 434 505 617 439 210 11 901 277 276 834 164 134 624 925 379 132 831 749 352 545 791 415 190 46 106 600 953 183 927 251 672 995 968 597 789 92 852 243 101 85 857 877 754 626 346 546 975 101 114 771 388 452 146 511 288 575 981 673 301 629 79 783 760 408 917 296 887 348 490 713 79 570 942 840 873 827 630 195 161 121 79 878 230 665 453 132 417 967 245 50 817 99 833 678 803 646 590 534 360 494 845 579 309 679 869 786 915 296 1000 501 77 724 859 818 155 512 207 255 684 110 238 659 378 780 44 210 212 686 425 624 645 647 812 903 678 863 460 454 337 237 660 43 894 303 698 608 310 898 872 5 9 477 32 239 557 312 436 96 609 823 433 267 415 245 242 990 148 62 81 507 634 119 908 635 596 883 268 486 705 523 239 289 902 498 449 806 737 823 877 135 825 187 122 33 187 948 310 188 885 794 329 461 211 274 50 699 673 872 254 119 719 554 99 155 144 473 614 384 526 964 291 693 138 271 306 822 933 678 616 317 283 927 708 738 855 943 573 711 166 245 607 574 379 15 890 527 732 78 79 872 124 419 743 850 307 792 831 967 760 718 575 323 857 202 658 887 761 854 655 501 913 94 209 926 174 875 405 688 809 959 583 293 713 185 261 167 830 277 600 74 606 677 236 626 846 939 30 271 818 534 350 627 652 334 724 292 137 164 653 312 445 264 283 995 714 4 50 873 746 481 672 254 701 57 926 208 869 111 425 94 380 585 91 459 791 786 312 72 608 6 91 727 258 547 726 816 754 252 404 442 200 157 949 771 448 86 557 256 712 489 532 661 266 986 91 327 997 780 623 358 876 536 485 461 961 935 186 508 947 550 56 476 218 233 374 899 97 765 651 712 644 103 340 461 893 554 115 154 73 210 271 725 375 150 736 930 231 843 111 729 684 335 765 212 931 910 157 383 986 702 484 762 551 169 193 573 945 417 749 43 280 149 712 565 870 973 909 769 549 260 257 762 732 97 49 450 364 795 364 373 151 342 619 505 688 916 612 791 756 285 752 209 885 141 645 218 779 
313 719 229 730 752 679 410 207 84 347 451 818 872 254 158 648 691 820 631 47 912 826 149 818 935 66 637 87 610 413 430 549 327 48 282 399 364 35 599 802 685 476 901 796 39 550 319 661 980 261 160 412 466 992 945 799 249 40 81 123 466 939 718 413 783 40 737 828 500 307 411 69 649 385 996 929 680 424 38 795 299 466 798 532 99 546 645 938 924 410 678 68 575 578 943 370 941 639 346 476 389 681 369 198 593 412 229 870 321 756 837 80 0 577 158 74 198 478 640 793 206 990 624 710 778 228 434 290 338 815 968 555 727 507 852 407 756 558 810 799 917 342 777 426 708 83 647 975 64 862 184 942 379 89 743 695 870 82 950 471 508 100 926 706 676 422 732 21 190 146 356 771 553 903 844 82 209 286 331 402 727 614 32 823 402 587 237 419 107 202 857 905 427 775 826 318 177 463 934 139 194 79 124 253 434 958 417 499 621 989 256 874 297 385 233 646 968 104 816 397 947 677 339 216 102 42 12 915 944 717 953 416 316 927 50 991 235 508 82 262 618 941 453 601 368 815 334 725 781 429 374 962 197 629 694 771 143 885 948 494 4 621 382 618 936 678 703 854 882 631 99 240 98 339 420 393 474 417 307 600 857 205 408 498 561 124 970 262 429 487 549 312 364 610 639 199 376 667 716 867 774 970 275 870 110 584 956 74 453 15 469 571 107 173 526 702 730 820 673 904 360 761 746 131 805 613 721 642 413 234 799 110 953 607 451 83 794 476 709 561 165 956 832 946 839 792 538 121 225 330 546 201 486 382 961 464 883 744 33 128 884 419 74 218 429 668 688 386 139 924 512 630 57 836 985 890 584 716 90 516 533 348 633 905 143 277 745 292 481 143 484 523 811 622 160 301 465 570 452 305 413 133 706 593 828 10 536 672 971 180 982 409 254 824 773 959 397 321 785 347 934 564 980 529 55 282 796 250 778 614 621 936 908 406 826 896 517 389 654 607 426 546 13 417 448 723 85 13 565 989 841 226 126 568 281 111 415 54 352 618 531 759 470 278 408 389 111 882 124 703 477 99 9 448 691 773 552 953 477 957 837 527 215 14 714 447 654 881 503 826 568 549 945 514 535 580 392 715 16 111 
405 974 899 398 386 611 285 677 727 925 242 920 845 854 50 413 880 522 169 197 67 696 20 717 267 420 736 484 458 278 896 937 929 974 38 873 14 55 931 785 973 203 18 926 68 239 467 206 265 57 325 835 914 32 811 335 789 459 2 681 887 291 566 817 798 449 928 705 48 520 126 678 927 438 517 538 186 35 651 570 1000 49 778 997 447 621 521 667 641 787 290 678 403 783 545 51 527 407 144 47 339 819 441 136 255 53 750 717 619 228 650 179 597 817 264 299 552 233 204 479 120 328 229 708 347 288 887 640 297 554 390 191 308 63 649 916 967 517 120 237 508 735 54 786 667 638 901 471 152 703 756 99 245 782 756 979 419 29 58 73 976 142 818 397 850 687 853 903 927 999 513 728 196 443 49 644 210 926 450 455 820 453 275 921 341 820 949 243 447 619 724 177 198 817 366 270 846 275 639 366 567 482 558 561 309 81 417 457 872 935 668 766 109 907 892 780 756 387 122 70 200 204 77 121 569 185 66 555 828 511 685 368 802 950 22 336 443 490 245 250 879 65 425 296 728 125 853 735 743 216 401 404 798 745 665 56 496 208 855 80 160 536 932 521 555 647 924 61 603 157 564 891 906 62 490 150 208 570 508 765 489 600 253 72 341 291 534 4 733 131 163 720 599 719 396 677 129 301 735 143 640 997 47 1 464 272 437 202 633 725 48 776 542 565 259 810 525 872 640 755 101 33 858 918 918 67 557 607 674 350 810 589 909 239 763 704 676 832 579 278 306 362 441 178 806 246 339 419 244 910 614 562 705 750 48 963 252 150 467 429 350 353 877 610 225 121 1 918 559 317 563 745 971 773 514 114 407 712 724 225 658 6 536 587 173 819 337 395 174 654 877 300 244 226 556 512 32 525 585 219 742 516 255 658 95 980 928 551 430 705 36 787 562 358 608 789 448 852 565 522 225 88 621 246 701 595 734 115 644 13 252 994 378 667 415 757 484 224 109 701 460 489 105 39 826 733 526 543 75 844 459 832 876 750 976 264 818 126 577 412 106 212 369 335 568 163 185 925 268 993 423 590 376 692 14 434 794 652 174 6 586 182 516 938 84 526 921 921 74 941 195 456 936 416 134 964 784 328 490 969 
867 221 950 487 931 700 22 844 177 923 311 518 705 336 478 974 483 650 47 147 325 874 589 163 663 658 260 394 997 476 3 324 521 227 31 526 949 585 679 212 227 966 165 613 350 258 132 987 262 480 13 297 70 986 882 863 676 205 419 156 389 963 878 670 149 34 172 631 100 234 81 148 300 584 198 871 682 796 106 394 35 821 927 246 875 978 470 40 674 499 262 600 5 308 486 896 782 890 915 875 829 208 402 13 655 471 928 2 187 696 683 786 376 592 210 654 876 298 568 538 728 441 51 942 335 123 924 447 521 849 93 998 957 75 179 938 184 205 374 637 409 228 401 772 499 818 502 568 588 90 225 417 665 590 592 546 689 253 995 564 189 484 698 733 215 790 674 982 761 896 270 74 572 379 0 841 860 134 610 388 612 991 631 441 500 315 420 1 214 106 758 278 450 259 741 777 207 589 66 138 178 357 389 276 834 616 814 206 934 791 548 224 501 368 304 692 641 243 634 2 235 815 916 454 2 295 784 359 570 458 397 462 527 81 87 914 109 694 979 166 904 317 146 811 830 13 692 911 562 941 955 879 759 902 847 426 47 326 157 907 204 317 249 34 196 31 154 576 692 609 886 533 178 735 920 550 783 101 39 686 132 117 637 425 692 870 997 974 330 584 274 551 301 196 286 70 955 836 544 569 865 96 859 548 739 264 953 548 201 589 135 452 229 895 998 53 808 541 450 116 486 571 945 74 314 319 563 810 540 352 763 783 917 720 152 286 124 876 537 823 731 117 50 669 86 493 536 182 764 540 380 379 337 52 946 933 278 127 964 17 230 386 187 908 634 768 332 596 678 423 637 512 945 794 989 243 692 614 489 331 36 855 27 142 421 173 330 301 706 670 730 749 618 862 591 911 635 877 193 925 105 602 942 19 689 199 13 867 494 588 176 360 874 630 607 13 235 914 190 724 667 154 971 734 277 709 895 198 100 314 392 654 246 828 769 598 511 839 31 374 718 310 746 644 368 977 103 327 34 51 255 705 459 970 920 122 930 916 545 241 73 80 793 931 807 893 625 431 669 797 754 210 49 524 13 497 313 610 870 802 712 820 940 812 565 942 477 248 459 630 474 188 590 865 590 673 378 442 384 851 
84 298 531 553 270 921 37 601 474 358 976 530 707 361 647 779 737 640 497 499 715 530 30 742 969 728 190 996 374 84 947 607 215 298 676 598 101 69 150 161 826 297 133 736 998 274 965 256 815 658 833 797 213 705 271 24 564 107 208 874 569 798 452 32 126 797 361 564 467 724 212 664 954 133 39 274 939 641 822 736 284 431 617 736 520 961 312 871 632 10 246 853 735 37 209 383 711 391 497 988 567 451 292 963 180 542 824 481 355 511 877 89 882 442 450 956 682 469 305 913 459 817 157 535 94 168 873 955 242 514 110 544 963 577 166 548 748 543 191 705 234 316 651 856 491 679 299 215 289 877 973 569 201 701 658 738 359 163 829 176 126 551 645 661 616 895 659 653 314 331 676 63 960 798 173 835 472 648 996 733 628 439 776 350 483 668 524 805 63 96 802 319 722 421 833 112 384 495 20 755 20 425 89 826 159 658 334 445 270 582 298 395 63 943 222 651 10 195 666 446 707 110 312 188 444 455 609 282 151 720 744 925 220 893 342 105 346 15 769 741 512 599 362 187 501 423 514 164 873 231 914 852 912 907 39 997 486 811 79 723 358 933 994 136 244 107 479 399 492 906 985 264 357 661 164 661 352 164 39 977 24 910 611 686 439 245 750 830 733 46 771 775 700 657 933 414 427 513 783 607 343 320 700 561 749 755 492 701 7 132 322 272 186 552 727 104 597 584 481 152 573 663 809 1000 330 579 327 846 50 917 91 311 519 357 752 978 700 567 421 829 211 24 601 665 461 359 279 825 895 18 651 606 703 53 960 844 621 151 397 763 316 200 501 717 830 201 695 754 836 105 213 468 257 193 150 562 904 738 905 956 990 40 931 549 534 298 32 867 354 468 436 689 765 755 675 819 619 46 330 910 569 497 541 312 529 514 692 373 892 663 642 642 466 315 474 551 74 218 83 329 478 375 594 435 111 139 201 575 595 590 92 508 936 350 657 294 729 129 736 556 169 299 787 880 218 189 731 413 953 206 386 408 600 823 989 796 249 728 495 244 800 969 53 991 250 561 893 53 226 369 395 728 111 347 119 107 748 556 577 849 162 496 246 452 79 880 134 148 452 933 337 960 347 119 595 305 341 147 455 729 
838 790 681 17 92 10 450 226 846 941 411 435 526 148 759 472 164 395 772 358 747 974 938 776 53 933 864 777 318 960 746 122 601 496 773 138 490 256 357 491 309 138 504 204 525 591 790 861 438 193 995 8 863 888 301 301 856 386 657 873 307 284 926 56 903 871 28 825 200 607 762 179 418 805 762 695 707 618 474 711 773 492 248 581 625 747 72 729 705 301 649 257 864 554 676 381 793 305 1 839 80 210 733 456 822 974 613 877 612 84 582 834 803 296 456 344 888 994 914 24 631 839 303 994 781 863 708 672 754 878 915 984 863 471 773 452 614 7 190 371 61 565 2 136 841 214 229 565 253 242 304 706 569 59 931 393 834 959 873 140 346 74 179 673 17 319 418 704 42 121 192 1000 312 929 947 247 157 90 719 408 285 401 680 295 585 857 102 353 839 229 437 237 149 393 705 830 163 579 812 326 90 52 957 71 299 323 253 712 701 416 644 862 23 560 280 532 248 740 561 607 756 25 345 53 181 22 666 634 174 863 227 215 170 724 11 297 113 293 847 394 96 939 653 991 821 178 165 293 551 18 149 898 661 852 91 10 271 430 431 387 51 637 867 444 125 260 582 798 150 279 697 259 28 441 637 535 641 805 365 900 931 640 572 236 936 954 372 456 47 19 190 95 887 537 283 865 37 495 919 24 191 248 352 109 392 309 641 964 955 427 976 818 742 836 194 818 339 40 713 229 176 897 259 851 37 747 916 204 294 872 594 378 981 179 402 550 521 634 807 480 806 691 697 598 960 794 309 205 120 316 975 617 915 969 257 246 821 394 350 834 364 704 879 894 121 290 386 596 258 62 986 720 3 544 851 423 272 169 617 93 479 956 803 407 661 978 747 430 805 727 677 97 267 233 621 117 188 864 750 625 808 341 770 164 861 183 309 464 603 609 876 49 34 841 853 430 535 679 240 388 621 735 834 254 253 170 339 362 380 970 667 25 366 532 586 506 126 453 779 128 251 391 45 298 616 410 97 147 684 887 879 674 816 102 234 434 610 825 762 187 315 381 402 665 892 603 76 826 571 464 733 866 573 778 16 535 474 770 148 790 379 438 580 645 386 272 755 64 442 552 683 178 262 800 15 190 451 830 511 265 
162 600 315 68 577 21 992 353 297 718 180 185 247 228 800 522 463 538 305 557 178 52 222 311 738 714 628 463 545 394 187 382 677 714 887 503 615 49 614 692 16 550 574 413 998 651 548 296 945 656 141 921 649 536 710 504 473 177 14 336 974 750 858 39 747 534 426 197 234 877 656 511 583 897 654 983 82 112 388 471 235 966 199 162 270 737 998 755 274 34 315 870 389 634 472 208 115 429 565 921 750 925 823 388 690 306 368 719 35 320 218 708 378 36 333 160 22 312 648 380 828 454 706 394 194 51 789 567 258 835 520 354 719 102 970 788 547 144 796 595 841 935 525 625 86 946 292 423 886 440 879 278 614 528 831 198 598 226 1000 467 827 877 188 902 384 394 819 416 385 253 870 683 813 974 334 405 900 607 566 289 976 772 529 471 484 982 137 26 791 86 212 585 149 310 414 779 650 315 799 779 752 683 405 400 493 888 225 582 975 725 355 701 852 842 133 766 289 747 678 46 359 346 142 912 656 113 523 353 294 679 532 226 272 746 370 138 374 695 800 47 912 352 764 129 205 465 855 42 903 140 431 996 978 665 924 416 516 663 665 279 206 396 271 587 658 486 524 56 80 456 640 289 505 46 735 999 663 73 283 382 286 710 907 207 101 27 162 338 296 517 682 951 761 936 835 81 200 618 965 50 504 499 572 638 685 27 644 440 612 850 698 230 254 789 261 905 674 93 121 569 246 68 32 182 136 194 665 42 872 698 803 171 233 223 678 236 766 898 922 296 59 552 555 3 627 404 422 419 174 624 584 625 740 209 95 147 297 733 91 48 228 131 322 764 381 733 415 824 182 456 748 258 191 820 752 641 108 902 633 151 32 284 150 201 382 801 918 387 925 559 482 95 357 112 112 786 393 295 394 769 931 885 261 238 569 603 792 968 876 817 783 944 88 88 134 975 572 412 102 582 445 794 386 966 923 229 874 121 921 741 252 153 40 263 128 816 525 510 130 561 119 764 298 818 238 164 207 31 460 17 243 201 406 832 249 508 612 1000 982 787 100 407 650 348 536 760 627 902 366 495 650 393 569 929 83 669 869 959 836 665 979 861 41 620 903 994 385 494 34 974 354 581 509 714 136 712 45 451 771 807 
677 849 312 517 300 236 250 199 716 207 657 719 898 730 155 990 904 80 792 408 772 953 634 809 57 519 707 530 908 646 686 871 488 26 692 843 325 976 178 562 642 780 395 137 827 240 710 992 690 566 717 156 942 602 682 191 744 417 799 962 528 338 672 248 924 299 87 322 402 244 745 996 673 890 725 754 440 94 645 611 600 84 869 765 187 440 2 925 587 532 124 383 174 917 119 129 482 559 278 969 160 18 260 535 803 361 326 620 7 709 884 718 560 219 467 395 645 639 275 257 429 578 48 716 801 166 884 567 581 594 738 922 10 635 612 488 966 992 885 30 444 924 159 249 388 724 806 725 439 668 461 967 206 636 919 100 35 578 564 640 660 482 278 781 414 35 76 100 83 959 116 269 640 879 523 495 626 926 682 714 361 547 787 64 823 393 250 480 681 421 357 96 897 542 86 529 580 932 486 404 467 252 755 753 809 726 143 993 146 30 896 81 604 353 941 365 829 62 585 974 299 157 263 595 698 705 370 541 227 719 436 378 938 227 161 119 614 62 311 728 693 216 734 671 993 782 699 194 980 763 755 387 277 739 397 311 547 833 565 218 607 473 63 933 445 637 173 519 644 447 244 916 176 6 775 529 708 820 131 39 69 119 75 721 914 168 551 671 875 392 459 891 800 604 205 992 458 763 54 635 883 486 496 68 253 124 839 891 252 467 477 142 193 832 346 549 33 193 65 290 487 958 270 698 465 623 713 594 211 922 985 53 200 306 16 282 768 987 835 547 662 64 3 578 501 447 563 510 846 934 279 134 184 729 224 891 589 258 294 381 111 621 95 259 38 292 290 850 966 144 219 312 595 385 475 510 700 323 139 34 684 810 629 421 774 849 768 553 970 296 747 830 700 495 519 197 64 958 331 705 53 870 537 598 136 197 875 549 583 200 351 429 577 793 315 154 249 300 425 325 713 352 919 386 866 120 44 998 562 123 749 901 518 892 691 33 471 314 523 976 535 452 645 979 472 291 991 432 601 415 786 476 969 303 666 897 665 628 711 635 866 35 363 637 784 940 870 722 515 975 600 389 880 819 135 951 525 696 249 640 786 395 347 761 648 48 577 133 954 95 478 875 717 378 681 48 707 494 320 678 
942 18 379 409 708 125 977 565 97 617 901 603 440 222 547 338 368 993 501 700 802 699 285 677 813 171 138 154 899 920 62 889 141 891 411 626 565 448 288 143 237 88 149 918 191 991 925 800 808 351 309 499 768 142 520 905 859 830 184 80 740 21 6 885 215 549 932 233 610 870 147 225 864 273 396 804 609 522 937 839 444 422 616 599 860 682 665 311 832 669 941 802 566 266 305 600 153 425 696 956 32 976 516 317 674 229 558 343 887 128 567 669 610 925 157 29 993 155 159 766 652 309 640 289 860 193 807 182 126 269 312 192 875 608 377 143 167 183 656 701 9 851 444 596 541 446 671 739 237 48 537 6 525 754 488 83 259 414 604 877 818 177 900 634 117 8 326 872 683 849 643 522 854 594 315 848 448 560 632 263 699 384 595 566 260 185 176 339 408 398 663 588 803 160 986 308 450 956 948 412 909 221 965 523 768 825 171 880 792 690 13 971 946 248 173 151 436 726 453 361 499 322 252 19 865 828 188 389 773 793 572 934 678 481 715 206 467 241 993 595 660 622 913 389 888 552 960 227 977 400 145 186 748 813 171 923 51 564 244 841 607 9 310 487 780 605 578 201 24 929 423 400 7 769 737 242 988 450 741 996 463 650 90 270 789 834 175 698 903 881 400 409 670 123 229 319 606 619 555 975 175 136 340 374 712 242 911 993 910 231 480 588 440 887 959 150 339 526 955 205 456 773 89 502 253 397 707 733 84 153 818 977 475 264 988 723 679 896 549 565 697 343 721 902 790 193 458 87 16 548 781 826 50 875 614 246 135 952 281 502 456 286 102 874 452 566 908 204 793 502 798 668 320 850 657 781 842 826 570 383 831 117 87 672 892 311 663 217 30 192 476 538 668 890 245 106 402 73 698 695 107 937 958 870 905 373 828 902 648 764 741 668 708 491 754 771 560 82 752 504 761 285 604 471 329 473 424 346 526 163 912 122 175 768 281 27 413 392 109 531 890 288 38 837 29 525 57 295 656 108 395 268 375 488 118 796 576 974 957 110 330 206 188 427 755 35 935 533 452 32 544 93 384 667 48 486 627 351 110 573 253 14 670 101 766 201 999 6 897 389 607 920 451 792 461 833 460 458 815 152 
479 380 156 628 703 123 93 484 605 660 837 576 539 587 365 908 478 194 722 660 996 986 580 328 45 504 664 209 228 868 46 889 414 908 61 181 42 983 705 352 337 637 684 359 928 315 977 121 544 128 451 165 858 549 562 914 8 145 189 51 341 781 636 541 418 32 679 110 451 474 324 924 298 111 528 650 348 773 114 283 157 982 96 744 213 735 462 487 443 74 133 796 65 885 935 190 88 44 744 218 310 517 402 779 97 646 333 661 185 143 880 277 542 388 591 322 796 665 309 123 269 448 675 869 65 41 993 606 403 138 68 844 744 531 692 963 321 814 593 978 901 752 415 750 647 958 601 913 144 713 352 402 766 593 914 142 642 699 377 728 734 226 88 12 484 805 360 213 574 645 390 43 882 965 680 257 172 261 771 312 411 872 397 415 119 633 91 840 88 468 120 698 911 171 124 329 413 666 328 400 979 707 956 866 182 497 976 780 721 404 562 445 539 419 46 117 92 515 731 636 640 268 972 20 60 452 852 809 713 660 230 926 229 794 648 133 884 871 308 448 791 409 933 629 115 229 1 528 440 785 820 460 571 143 362 272 320 523 599 73 507 531 830 686 147 259 668 748 570 401 554 207 954 530 951 878 215 85 107 890 428 471 18 836 906 462 711 656 995 137 579 34 429 314 690 765 36 901 249 941 842 581 787 815 883 257 86 987 293 641 725 876 778 296 213 953 598 343 840 489 965 683 645 66 623 184 945 226 547 184 864 884 228 913 545 495 735 888 494 292 779 855 540 844 257 693 566 476 597 826 365 352 316 639 555 417 481 900 594 273 18 351 323 909 170 946 303 529 547 317 891 753 636 253 677 713 911 988 761 747 234 950 169 238 160 704 977 347 74 782 238 689 55 848 305 339 666 632 730 698 729 749 348 145 460 523 3 269 589 854 818 804 807 156 61 30 775 602 131 885 630 120 806 63 984 775 460 29 388 555 263 560 824 821 208 554 432 238 849 636 636 407 129 273 768 685 184 841 967 615 184 108 588 45 166 440 424 143 965 677 775 274 799 266 6 830 796 171 328 227 270 651 600 714 629 770 897 525 683 695 641 84 527 775 273 313 683 421 423 396 777 437 3 335 107 485 499 347 691 66 
192 397 576 663 197 39 804 760 317 302 653 386 146 651 261 672 421 346 189 994 184 555 183 647 295 961 249 312 123 458 325 751 852 939 234 423 811 182 817 683 361 33 48 139 603 754 580 416 758 612 425 364 547 812 82 208 171 443 330 718 836 303 115 20 367 801 603 561 923 630 908 446 540 67 427 585 374 614 91 993 4 331 447 197 285 282 148 221 220 81 676 834 586 507 795 704 134 707 862 367 942 328 281 171 903 914 727 171 174 392 124 33 255 47 810 532 588 463 393 922 542 140 568 685 798 166 134 513 327 87 240 706 177 48 161 468 363 366 358 123 477 338 969 73 678 409 802 376 698 963 934 756 932 227 922 712 141 525 157 834 585 129 892 548 265 98 389 865 186 668 956 44 991 203 995 700 521 848 418 968 512 892 887 9 663 631 812 388 774 306 409 100 946 967 763 994 310 561 847 416 23 563 477 103 869 949 117 827 139 811 449 471 205 292 387 540 110 885 243 426 819 392 394 408 844 928 809 569 90 218 136 692 700 573 241 798 451 40 463 495 618 971 286 188 454 817 314 653 959 739 184 770 216 665 896 858 599 331 900 504 959 437 105 597 623 575 498 826 946 707 477 344 263 50 450 903 742 874 119 263 596 129 976 140 546 913 240 70 812 975 812 271 187 997 795 218 922 4 498 664 318 28 282 583 876 533 523 840 592 203 929 535 540 982 102 597 167 535 76 43 4 135 130 844 12 315 391 26 317 230 184 766 486 140 30 423 818 243 777 132 536 848 401 830 470 155 234 937 904 93 426 547 437 163 556 938 759 610 571 352 622 583 497 467 430 47 131 323 865 68 120 531 920 526 164 504 593 59 818 506 421 542 220 197 838 304 416 533 548 846 854 254 916 256 376 246 501 387 265 166 687 976 53 597 320 78 505 148 34 426 449 949 789 150 118 693 554 736 672 379 818 492 321 958 298 257 432 711 874 302 645 306 343 105 245 128 720 959 964 357 659 273 691 600 714 195 759 180 51 659 973 177 54 273 175 283 160 96 535 427 851 425 25 934 426 745 649 599 391 471 249 375 326 336 966 498 446 986 976 659 72 794 676 6 53 931 220 565 341 783 485 785 427 651 133 505 305 464 977 885 
524 167 35 900 383 793 367 609 738 104 834 500 493 794 88 461 479 996 814 161 282 434 654 552 846 725 546 483 247 713 891 394 870 928 911 206 76 281 237 392 230 855 755 162 64 854 94 420 293 942 664 388 24 745 661 389 540 778 227 484 265 207 465 128 186 709 881 753 746 357 794 286 438 711 325 746 720 362 281 742 0 210 33 569 161 614 7 259 353 363 945 262 24 867 943 371 645 425 239 423 684 873 954 807 558 918 62 698 52 838 616 508 150 810 35 501 129 544 550 454 512 798 62 804 785 605 656 902 512 528 623 761 942 352 538 191 570 130 197 826 390 682 660 608 895 765 170 686 800 573 37 316 432 925 39 800 604 518 741 229 524 440 710 192 268 13 396 798 232 742 302 133 352 127 633 363 754 478 173 697 919 643 777 714 80 249 330 362 968 592 185 208 760 842 17 351 699 27 377 260 461 989 201 544 800 800 683 91 997 936 535 621 862 425 350 604 259 621 847 682 831 958 626 133 529 878 391 948 626 155 502 130 831 719 472 118 554 798 850 408 581 260 499 816 679 869 95 222 824 216 914 563 65 2 439 779 162 386 388 196 954 708 720 35 693 635 465 997 36 325 558 11 740 330 53 342 674 589 128 777 254 526 980 466 373 378 383 847 485 40 184 89 288 375 765 662 360 394 85 199 61 336 974 126 159 871 924 425 839 514 908 206 486 488 964 142 369 593 322 454 776 228 206 351 428 678 998 555 983 745 55 83 517 226 414 759 188 423 545 697 550 421 910 729 116 318 571 160 117 921 660 106 765 498 791 420 936 826 611 875 220 957 695 223 78 258 848 981 368 132 173 93 270 915 533 999 56 22 534 103 502 966 127 698 228 852 571 499 32 9 9 993 561 105 275 131 743 863 5 206 829 905 674 231 420 627 244 214 15 945 123 487 564 1 834 194 679 29 621 645 788 663 58 931 166 552 384 670 951 47 872 806 704 621 742 159 605 167 631 471 890 399 500 300 634 830 570 328 158 130 980 133 268 542 318 824 319 530 394 247 575 956 758 522 445 54 494 995 396 823 959 204 725 593 279 764 640 122 26 223 256 372 862 399 201 871 308 66 383 271 530 73 215 572 394 954 326 471 345 812 
622 383 225 336 189 239 279 435 367 973 885 184 575 752 249 66 537 951 487 870 185 506 828 522 866 282 108 805 626 117 305 651 51 847 551 712 842 639 145 512 857 96 736 838 412 751 495 978 560 579 780 502 448 832 294 696 595 528 284 284 719 386 700 740 218 886 223 125 712 161 373 939 977 630 900 699 372 137 126 130 642 732 720 661 643 803 545 299 730 462 146 707 858 165 862 356 447 241 507 595 991 844 239 645 40 494 648 669 639 934 200 296 175 90 794 28 943 581 143 240 40 556 429 875 722 335 257 793 125 405 776 125 38 195 799 381 658 655 842 420 198 645 13 651 47 694 338 649 60 959 978 775 187 172 519 530 958 221 232 467 448 849 780 935 766 160 344 933 412 708 922 423 676 529 842 860 655 645 230 222 276 13 177 132 682 604 573 792 660 852 8 949 597 812 49 389 312 500 615 622 22 748 931 24 137 20 48 825 851 732 364 574 808 647 452 96 217 705 343 359 593 228 900 555 766 579 635 884 112 285 108 367 997 16 255 346 875 435 975 146 883 670 948 997 566 219 111 647 470 158 388 120 129 711 685 543 531 298 498 933 332 293 105 579 896 296 85 689 690 395 667 275 15 298 531 360 661 140 541 389 537 448 315 914 363 869 238 805 802 553 963 956 973 80 167 154 307 981 581 158 764 558 227 406 747 330 626 823 656 997 214 96 23 643 382 262 430 465 185 702 281 847 683 711 699 542 742 935 521 884 208 782 416 775 673 581 903 176 152 246 356 372 573 186 686 286 8 571 347 755 557 714 528 163 949 55 700 855 867 677 100 215 608 258 92 787 624 110 473 522 264 656 344 100 381 818 202 55 775 624 558 220 832 666 360 697 898 67 986 849 487 880 837 451 194 183 251 11 12 474 868 782 331 746 849 137 725 881 377 902 770 279 802 633 518 89 162 267 438 475 788 163 125 743 846 735 613 800 145 905 939 282 405 848 415 386 479 852 439 169 160 751 79 969 262 48 772 816 643 589 880 229 239 448 851 453 775 298 449 607 623 908 998 71 95 46 100 494 416 222 140 779 776 210 59 113 823 885 150 229 245 382 283 684 178 104 80 561 740 957 367 522 929 984 306 551 322 945 148 251 
324 944 404 823 736 394 933 953 418 738 354 514 166 50 650 121 129 704 15 165 792 280 967 667 728 427 90 700 765 728 538 110 570 492 204 486 336 505 891 614 663 269 855 430 540 193 288 554 233 293 207 349 603 471 521 879 405 91 43 936 395 897 808 563 698 542 294 188 444 216 27 861 23 982 550 464 86 32 427 386 542 288 942 837 69 693 925 863 103 398 887 340 344 232 978 70 639 670 390 174 277 633 542 624 986 260 790 396 594 765 664 141 195 521 693 824 504 273 338 560 671 182 161 723 834 914 382 41 937 324 49 641 901 528 777 533 42 308 706 939 759 791 388 203 221 807 34 765 712 734 945 765 291 106 960 998 537 702 202 532 276 465 344 263 290 804 540 270 489 649 56 7 109 117 297 861 14 376 452 218 776 461 234 288 551 264 850 968 812 690 353 162 787 132 573 557 914 237 642 85 244 34 493 944 164 509 625 789 564 816 243 350 580 307 736 535 760 111 530 582 928 946 490 987 407 354 431 617 681 342 133 132 722 679 670 979 181 635 937 868 3 894 581 85 874 157 368 552 743 979 803 489 324 526 985 305 582 952 900 395 883 262 159 246 372 524 19 720 949 900 387 200 669 538 185 841 251 511 211 72 296 249 974 545 960 95 282 995 415 741 866 212 604 712 892 429 767 216 45 889 640 330 17 254 109 269 131 921 854 723 479 173 855 983 438 210 338 848 916 645 900 220 397 478 437 743 789 977 921 823 546 675 456 755 206 701 905 738 690 408 760 562 590 268 847 78 652 276 353 27 180 719 450 75 341 176 353 645 744 627 2 927 464 122 121 25 571 659 944 918 334 173 796 262 429 477 46 24 621 378 512 249 333 806 392 201 607 896 448 972 580 290 978 14 831 609 404 224 320 679 133 91 689 966 53 400 439 904 287 949 229 28 262 456 487 300 599 141 503 688 536 305 519 456 423 492 7 531 552 163 93 397 864 402 134 520 315 820 31 458 746 656 430 407 345 247 932 835 51 68 38 98 759 101 408 938 19 746 59 87 548 322 263 967 494 658 535 45 540 589 697 329 841 796 891 723 604 412 670 208 754 394 792 239 158 761 948 998 845 721 339 424 91 553 82 340 638 111 252 149 
178 825 189 880 260 389 112 870 544 218 962 169 831 728 630 520 210 918 869 968 851 329 918 687 456 953 869 826 419 441 233 119 467 599 435 520 872 645 64 131 116 802 773 958 259 771 759 863 614 34 973 768 972 189 576 669 328 530 765 929 524 958 794 575 17 791 57 712 200 943 28 711 922 698 3 707 997 39 872 304 727 754 677 656 764 488 954 160 877 226 569 451 85 645 983 753 552 309 921 474 597 313 155 516 680 395 987 941 722 853 633 116 706 116 995 506 143 486 294 492 178 200 887 649 493 474 356 314 603 877 292 715 728 218 591 533 712 275 132 913 959 298 87 523 999 461 739 252 22 560 596 816 462 504 911 253 661 816 73 196 828 591 966 844 893 485 321 859 259 986 805 787 792 801 682 419 176 192 389 488 902 533 74 194 648 232 566 689 243 875 267 924 328 150 879 291 389 71 984 14 582 515 829 471 958 130 367 158 266 969 517 68 885 85 843 291 597 931 434 197 488 432 151 64 503 327 320 221 519 42 149 697 552 673 332 535 333 820 121 808 362 708 904 376 368 72 736 519 222 376 452 453 305 675 480 349 701 404 421 567 335 606 919 186 187 283 100 618 444 956 528 297 592 216 337 365 38 405 282 244 513 243 632 651 491 383 845 978 226 769 278 205 209 718 894 598 257 48 757 139 883 795 197 101 263 965 605 472 545 58 128 485 440 625 17 829 238 728 155 149 638 111 590 921 40 626 397 673 809 203 912 535 734 277 657 618 866 318 540 398 717 954 525 275 627 29 617 943 294 818 337 958 40 515 748 832 86 901 703 661 674 250 488 316 552 115 975 334 944 253 457 800 715 440 103 46 670 274 581 210 750 719 99 431 805 136 62 853 296 700 309 980 619 830 830 710 46 894 464 58 992 996 721 307 452 411 816 180 272 282 716 122 10 507 908 682 394 84 550 226 377 818 137 348 615 977 667 616 883 269 702 457 350 752 754 567 163 330 328 930 668 281 332 829 378 509 769 464 645 808 270 309 711 440 574 68 329 593 581 82 779 239 262 30 674 331 730 741 163 240 347 744 490 855 936 62 906 887 707 24 266 716 61 324 56 329 962 225 997 502 483 734 452 308 897 871 293 324 507 503 
478 562 910 195 252 911 223 102 77 876 526 898 40 647 112 373 470 736 881 238 818 239 23 54 237 691 242 474 981 757 793 893 22 244 294 783 543 514 898 328 632 790 412 937 384 856 150 53 883 976 638 885 790 764 822 605 64 530 746 217 598 828 292 163 394 896 247 647 66 972 190 684 576 20 149 477 854 71 801 213 367 5 211 688 523 950 786 218 67 797 582 413 913 99 313 660 439 496 466 457 114 857 210 524 546 827 750 234 413 697 879 83 310 179 388 871 993 388 455 601 43 167 199 380 864 632 765 510 788 658 884 72 548 255 760 85 861 793 100 963 734 344 663 185 213 202 921 994 527 852 572 730 525 253 32 976 967 39 69 283 800 16 639 41 228 736 692 613 140 574 854 748 163 412 161 471 1000 352 135 615 644 268 170 936 286 748 509 730 186 291 975 958 25 200 638 24 309 999 169 512 266 406 351 113 409 643 385 487 739 978 459 124 188 86 946 247 208 128 842 240 727 13 222 247 589 979 647 783 124 607 995 999 75 359 850 233 833 922 569 822 228 605 515 162 704 70 459 52 840 980 954 677 712 357 20 303 484 36 382 558 455 436 319 946 64 179 713 362 174 404 538 921 646 357 373 556 186 315 225 769 457 279 741 180 402 198 508 387 854 183 196 405 501 845 220 528 280 5 246 976 531 135 503 949 826 304 959 802 102 497 938 90 388 74 274 860 161 72 572 627 184 425 64 549 907 880 887 134 478 134 245 106 384 202 475 801 840 888 365 820 321 657 888 143 270 524 867 893 614 48 305 487 923 966 82 57 27 160 637 719 724 416 565 714 786 653 615 907 326 896 461 961 31 558 150 343 284 823 627 569 292 962 154 43 583 474 582 246 8 915 561 465 795 446 397 380 795 953 791 224 623 590 376 981 120 501 585 814 880 381 253 631 836 197 434 804 159 165 232 740 918 782 222 157 477 301 568 696 762 663 715 834 634 367 105 349 307 155 161 248 389 434 914 812 135 92 429 62 394 599 372 281 471 354 276 843 831 517 41 9 895 323 671 870 163 17 342 5 622 137 900 859 632 928 364 99 725 338 893 626 79 727 992 170 682 117 428 719 315 735 851 593 590 514 944 396 459 100 373 814 
803 227 225 484 884 705 397 135 157 727 872 897 466 886 394 833 387 285 223 917 970 820 866 936 847 713 180 272 500 947 12 91 922 431 887 442 97 777 425 487 824 709 86 600 451 196 260 285 204 832 428 565 143 678 67 468 226 268 682 271 240 170 696 609 249 34 198 529 617 45 436 14 716 36 69 982 557 447 1000 438 17 267 883 192 372 554 168 446 263 692 788 791 445 707 316 392 965 812 590 634 838 464 797 388 481 536 627 964 647 507 281 619 945 481 431 405 389 499 430 408 930 64 560 801 389 158 890 654 111 773 93 852 449 309 546 214 522 809 468 974 293 738 865 950 925 603 721 63 46 684 769 186 10 964 51 297 177 877 730 640 419 794 994 212 711 335 616 144 342 165 77 301 360 80 400 203 225 899 828 835 659 690 669 209 988 275 345 520 267 533 640 92 552 462 297 297 247 213 583 851 983 160 288 159 373 371 307 953 277 337 733 490 887 786 68 835 480 653 903 678 804 14 595 203 151 158 45 521 192 874 907 690 484 217 544 405 165 917 897 4 343 9 836 816 735 899 107 105 704 479 856 153 735 928 72 85 188 250 493 649 231 869 824 440 711 78 590 467 753 254 324 549 808 729 70 618 548 172 23 336 8 957 816 428 219 804 673 608 382 910 42 266 871 988 824 51 873 538 756 277 31 511 22 382 895 462 944 636 882 655 292 421 276 634 979 36 818 572 249 963 962 341 705 411 58 609 641 999 662 461 731 909 363 723 904 204 719 167 295 537 332 641 468 878 197 63 173 321 169 286 556 331 789 382 380 525 494 890 754 166 907 203 539 839 512 343 398 62 387 911 70 619 407 905 580 693 117 952 962 971 861 436 922 93 371 595 742 509 156 887 629 67 319 823 890 945 685 837 126 36 693 545 896 287 204 525 727 865 550 496 27 726 95 823 772 292 572 468 185 344 866 262 407 135 527 957 362 79 50 600 568 684 272 631 746 85 714 736 447 670 715 969 905 626 296 380 68 33 993 63 581 306 221 225 406 479 298 225 438 513 89 378 98 842 27 611 58 537 482 139 116 574 518 7 208 347 579 691 739 726 845 470 95 303 122 918 86 762 135 595 693 620 248 9 527 203 188 767 414 704 
191 875 623 287 927 310 889 777 832 951 543 165 647 61 59 843 882 161 928 875 902 775 622 18 236 868 857 585 630 722 638 835 589 419 213 19 637 978 541 258 711 107 302 670 340 54 300 928 462 539 365 658 335 453 741 644 164 852 814 943 230 101 321 374 33 482 50 34 656 816 832 220 155 884 990 294 399 654 758 407 42 79 262 810 805 194 825 890 941 875 346 856 648 196 83 466 777 231 602 474 592 10 65 933 160 617 528 439 930 303 776 983 829 516 390 99 554 13 149 581 823 273 601 959 949 151 611 151 591 871 988 170 622 25 44 775 935 428 952 212 504 587 334 673 840 32 120 670 738 775 483 686 107 960 462 673 841 155 817 323 717 821 957 951 243 435 68 330 912 657 142 291 37 217 215 454 874 892 570 415 485 599 573 87 927 914 819 627 893 53 593 361 859 178 811 436 808 737 315 142 448 42 551 219 163 346 176 239 204 417 124 408 802 260 449 631 977 840 175 136 939 647 377 765 291 369 425 55 622 42 377 757 863 670 557 489 386 592 142 686 741 558 318 292 630 46 51 255 15 874 956 839 625 106 736 403 730 926 250 352 250 510 103 900 601 835 776 317 411 848 529 582 606 978 594 13 936 746 272 518 433 279 14 613 347 685 238 126 504 83 273 14 626 340 697 863 742 972 43 101 248 156 559 303 272 447 711 599 989 854 990 507 159 622 469 541 460 727 278 43 750 404 339 406 841 213 36 63 577 862 154 610 681 913 335 15 769 983 516 707 468 448 658 588 659 323 149 584 248 495 977 705 203 949 440 506 689 854 51 921 981 915 635 710 319 495 759 65 226 855 68 851 243 580 916 178 764 837 859 70 735 109 199 358 101 101 95 693 586 277 45 239 114 259 858 679 110 179 728 682 610 19 719 959 270 463 945 424 219 135 584 110 886 11 951 842 595 513 169 587 423 498 54 786 725 904 495 297 452 773 833 475 374 240 847 688 588 37 428 471 257 916 370 212 566 296 687 510 371 960 160 864 975 937 565 877 183 157 718 737 49 25 791 794 936 441 210 421 497 23 579 678 882 748 109 850 548 685 423 21 641 682 144 485 199 108 824 149 204 444 581 859 423 349 646 413 650 196 206 217 
858 901 372 590 231 1000 968 72 904 291 659 69 559 513 922 545 204 469 998 305 738 89 261 911 567 488 560 610 531 346 289 156 619 840 473 184 419 379 375 216 378 740 221 441 652 826 130 605 904 859 484 970 741 904 981 279 702 931 575 553 632 777 573 524 438 398 46 3 958 791 142 479 745 265 725 542 305 659 191 836 730 17 478 573 21 72 28 319 79 538 608 482 362 252 870 190 139 225 844 669 301 162 469 385 825 209 602 55 882 739 644 516 627 896 284 929 154 479 418 386 330 344 447 345 731 47 768 734 534 863 434 916 622 631 75 109 758 631 574 31 825 911 852 563 396 825 292 601 962 86 985 644 487 144 447 784 898 236 223 5 805 579 77 101 378 323 179 505 587 313 166 482 757 552 35 428 32 67 728 819 520 382 741 488 728 364 917 266 360 622 425 365 575 916 560 919 559 489 243 221 609 867 827 201 24 568 874 555 366 195 778 407 888 862 927 391 450 88 688 425 798 668 301 567 454 266 796 33 60 245 758 338 18 211 305 318 645 404 845 154 566 146 892 536 657 131 953 816 241 423 714 371 760 159 403 597 96 570 110 435 444 511 486 501 553 942 24 732 697 300 957 466 703 292 796 804 211 996 263 772 873 501 720 999 781 216 139 875 886 531 537 756 350 165 841 452 132 223 451 567 491 188 640 314 611 942 580 101 547 721 309 19 169 575 866 867 404 264 163 303 952 52 821 981 180 838 175 772 9 985 975 203 372 735 838 944 268 706 647 238 257 923 604 146 806 455 242 695 980 251 262 606 945 864 263 43 972 213 877 318 207 280 986 530 478 960 645 284 225 38 897 387 235 692 783 152 66 207 123 288 430 828 125 227 929 867 784 601 726 482 660 757 874 821 377 832 167 629 976 752 874 587 884 262 729 179 417 641 643 266 953 351 106 821 354 142 550 851 603 71 858 717 717 566 250 755 314 657 739 199 714 213 702 248 118 976 164 210 909 777 669 905 159 599 1000 450 246 266 615 482 720 429 972 942 163 261 709 748 557 10 534 473 354 673 146 553 431 857 839 767 557 933 120 609 481 753 867 207 304 534 719 438 587 938 803 966 187 283 845 102 798 158 730 524 779 497 891 702 841 526 
9 786 351 149 293 452 615 473 716 91 272 100 288 473 414 991 996 654 720 858 41 581 538 521 130 833 818 103 584 806 525 373 998 746 255 471 407 305 661 271 251 225 635 551 99 810 0 384 385 704 712 813 274 626 255 505 750 698 738 635 289 491 19 489 924 136 402 669 897 679 38 805 666 698 458 436 808 671 158 119 631 808 880 273 553 248 175 820 773 632 804 335 445 608 174 747 369 165 629 840 674 155 889 198 779 575 67 163 813 152 244 661 897 911 562 995 598 751 396 777 660 440 296 921 492 403 140 757 498 662 143 268 321 316 416 947 328 873 483 285 484 310 921 839 268 55 498 615 480 802 499 161 991 923 887 683 821 410 706 816 935 17 417 815 481 819 84 823 300 817 89 133 439 628 622 880 836 327 357 577 458 168 229 250 299 228 775 897 253 505 358 993 352 648 647 350 955 115 529 129 411 794 354 743 443 717 960 986 87 302 427 657 675 936 184 232 694 529 466 782 856 375 913 959 231 390 164 431 112 973 633 972 859 843 130 31 257 505 671 46 366 29 610 25 24 727 599 95 227 276 348 519 145 345 25 566 748 835 277 184 261 1000 262 107 56 466 488 675 86 565 581 448 827 991 776 657 326 791 617 484 190 951 822 629 471 366 715 786 734 748 335 360 80 649 99 871 299 304 83 280 322 197 798 50 926 644 747 741 630 290 613 916 8 766 275 310 215 26 870 759 115 908 765 20 659 915 512 453 981 520 537 184 834 816 226 942 97 338 234 589 587 770 528 493 933 608 497 652 953 443 950 783 825 996 291 706 939 807 401 181 437 981 685 930 739 944 982 837 17 960 200 116 853 206 546 868 140 512 723 643 827 500 947 206 899 877 294 625 4 766 706 165 193 570 816 464 74 296 34 67 22 21 582 583 558 74 41 671 956 281 704 194 807 778 589 227 863 753 775 555 803 381 302 735 513 369 362 797 327 224 173 590 818 137 13 419 298 909 52 622 938 464 53 862 519 984 720 131 431 571 59 431 398 809 528 896 566 906 880 811 3 713 28 737 931 927 548 454 765 953 611 567 485 294 336 586 393 397 936 895 207 91 354 558 537 782 112 724 832 607 576 383 497 805 240 69 393 676 602 889 
232 497 952 635 535 995 1 135 966 131 76 204 195 438 285 471 64 845 274 134 632 294 554 945 684 535 530 540 143 296 863 764 960 762 123 591 58 112 783 183 950 397 56 531 221 215 556 390 357 311 22 112 446 961 615 898 367 722 206 583 306 456 311 254 368 514 680 472 863 996 569 947 332 998 265 747 203 823 980 226 444 459 842 25 250 960 571 677 486 856 431 528 44 923 100 584 351 291 745 400 586 561 432 282 411 941 461 417 577 953 549 946 878 375 940 950 970 230 492 918 766 791 442 132 356 375 68 946 752 804 913 864 920 243 18 730 296 690 361 572 466 611 341 884 612 751 169 721 54 681 476 682 391 11 624 30 49 911 101 721 68 898 24 887 830 953 340 559 838 901 339 551 13 487 405 920 534 133 266 449 907 846 702 305 868 686 356 820 344 402 939 363 325 994 951 99 827 316 476 110 135 921 68 114 892 246 892 971 774 370 457 831 747 786 984 408 19 8 778 25 491 105 972 571 487 312 680 990 829 531 432 116 811 125 193 15 559 666 556 726 534 678 657 776 950 192 218 868 948 44 985 723 920 200 644 797 323 514 61 315 18 646 811 375 630 328 792 779 510 659 937 794 658 702 685 126 959 109 797 476 887 8 804 661 10 303 835 12 959 127 119 388 682 128 791 404 529 903 1 719 743 451 64 775 684 599 607 782 660 739 620 702 295 391 235 790 481 190 361 302 765 334 993 879 973 143 485 811 642 62 397 95 764 156 238 743 658 196 736 268 94 573 640 688 885 103 472 268 876 411 775 787 70 636 783 957 569 618 639 396 75 655 655 275 357 2 739 256 861 317 245 911 367 263 431 99 251 890 767 952 323 24 788 722 657 663 502 720 669 86 808 954 347 936 508 540 87 631 240 412 254 921 379 41 534 560 908 528 332 353 842 806 784 902 471 762 423 356 127 873 337 309 986 595 557 508 640 989 140 81 247 503 988 64 613 153 377 677 414 537 349 240 445 1000 501 273 236 671 43 429 857 557 316 138 379 2 367 472 448 560 421 831 744 851 105 837 28 700 3 780 235 548 431 705 385 780 634 834 175 460 194 726 104 280 5 117 102 451 113 525 902 209 724 472 870 338 922 920 864 228 
540 172 748 905 645 753 472 302 607 618 294 192 270 918 861 237 980 498 885 456 126 523 79 115 213 570 215 771 976 231 929 234 841 280 212 397 957 617 881 796 491 532 977 378 254 742 761 499 763 56 851 301 444 191 913 332 43 710 471 40 454 112 559 29 175 674 647 628 748 679 85 662 6 86 990 918 977 43 829 852 353 250 973 494 806 750 560 100 283 230 504 749 244 415 19 140 876 567 569 539 461 350 574 580 228 193 653 402 632 803 936 941 218 676 718 7 251 643 952 980 702 85 721 961 882 513 78 939 220 857 400 770 76 775 231 335 132 209 616 99 436 816 197 910 987 581 987 744 631 221 921 662 374 314 457 632 15 507 779 164 214 217 904 994 69 682 235 938 255 93 148 757 602 779 626 778 223 951 917 14 125 144 729 70 365 420 819 300 736 804 705 756 588 50 296 461 960 108 303 155 453 788 9 289 141 433 539 698 71 188 862 383 664 687 55 571 809 13 57 529 218 339 402 123 103 900 573 351 829 654 692 218 392 321 923 179 232 313 352 987 12 225 742 905 415 389 94 653 619 773 690 300 359 925 139 350 732 57 595 751 823 526 709 994 191 762 438 881 517 750 289 542 291 257 118 532 823 431 906 818 704 544 829 97 376 558 630 694 401 169 761 835 526 213 30 672 504 241 278 662 71 679 410 396 442 150 522 430 229 490 905 120 993 405 500 600 455 430 903 632 582 694 470 35 427 891 699 992 264 108 752 888 857 226 353 889 839 288 991 547 927 379 263 476 329 356 206 443 849 747 980 737 849 69 72 889 885 339 82 479 100 765 790 776 848 238 626 647 873 512 743 33 638 598 45 268 400 214 403 4 854 355 443 253 405 641 555 3 716 288 185 639 463 727 191 502 836 919 371 139 843 2 910 716 348 317 75 543 449 944 747 798 455 864 760 286 363 507 914 271 27 925 12 139 816 796 52 906 605 107 368 684 935 384 238 35 415 483 661 162 136 952 287 343 38 286 192 170 84 146 763 900 729 806 811 357 686 429 842 912 545 696 946 908 175 621 289 922 489 303 738 524 29 648 595 482 930 629 834 987 171 17 222 200 613 776 996 181 122 927 907 39 819 557 221 65 414 664 838 158 
109 877 522 334 529 787 531 834 936 463 151 488 438 639 922 511 148 753 453 462 986 0 853 98 792 345 960 296 30 897 395 9 195 998 647 197 545 32 456 344 686 137 48 40 59 101 131 604 221 148 949 446 886 449 762 37 152 847 682 300 737 410 973 9 830 861 899 535 614 372 228 288 958 737 236 932 134 61 137 887 937 225 881 935 579 830 129 940 151 223 229 69 501 579 533 948 691 853 62 670 452 918 989 461 220 918 561 619 3 684 243 27 545 938 301 955 737 746 638 183 907 678 457 941 793 632 69 914 545 156 33 79 134 585 854 738 706 178 901 925 775 822 446 15 597 610 49 987 565 562 839 638 166 577 461 242 910 530 267 931 363 909 632 402 597 545 53 724 860 468 937 544 959 465 818 188 830 217 570 86 105 148 625 833 674 49 726 414 341 546 805 773 619 545 925 240 742 470 83 932 289 19 947 509 846 950 694 398 69 286 612 161 770 903 435 701 506 542 757 474 459 840 92 567 309 445 577 396 223 809 812 449 726 650 560 308 6 739 695 477 156 993 967 390 402 825 602 878 61 500 823 217 298 160 792 45 166 415 685 661 304 163 826 364 619 404 134 610 365 209 256 756 293 544 742 392 30 187 645 863 317 593 675 715 758 607 101 291 976 325 751 536 378 478 678 314 321 111 986 381 29 752 298 701 697 326 428 491 496 451 536 100 303 419 292 492 552 344 889 173 214 743 769 739 182 275 468 860 231 727 539 551 419 222 226 498 14 787 295 363 793 493 802 861 942 340 290 585 986 594 93 82 698 90 465 724 877 286 571 435 15 666 680 560 528 940 771 672 139 296 676 841 558 421 385 456 55 698 545 539 2 427 689 597 675 260 140 625 406 356 766 888 507 302 462 540 987 580 992 955 404 492 783 319 131 45 873 168 913 92 73 407 114 578 270 88 881 904 243 88 917 675 567 32 746 411 348 915 688 85 543 316 614 243 138 355 760 673 925 788 662 672 132 70 726 54 663 521 949 407 422 934 786 103 96 371 643 657 825 412 303 490 384 473 845 102 827 241 326 292 589 943 388 565 534 368 474 370 32 471 101 153 127 498 592 805 739 995 257 986 583 177 610 172 59 36 932 40 320 891 
300 8 370 240 544 57 168 949 479 109 712 42 235 759 2 741 437 65 310 380 35 443 247 656 821 767 68 780 466 293 250 758 401 580 153 26 107 828 701 614 145 103 204 259 856 280 328 693 57 507 988 337 429 31 469 615 527 456 677 742 102 51 201 656 439 486 915 707 560 911 156 143 682 215 77 407 843 241 816 112 271 969 971 370 787 835 215 298 767 869 63 657 921 379 508 628 351 469 897 379 949 248 691 438 385 160 573 38 718 638 818 542 618 455 886 187 247 702 462 725 729 844 286 73 417 939 899 959 562 572 418 489 12 930 412 717 261 117 601 943 667 334 804 962 438 85 615 441 552 476 381 695 467 225 99 109 357 631 770 308 642 545 662 406 102 618 603 417 917 51 765 506 199 340 89 122 94 448 667 808 137 621 67 991 699 41 130 829 122 959 137 553 86 441 607 594 352 949 846 437 13 176 402 159 425 305 888 350 458 407 862 799 499 244 135 683 260 67 734 335 858 600 781 848 79 749 751 629 71 760 350 173 600 327 442 444 680 35 86 249 325 3 100 179 514 848 101 982 671 909 110 238 12 569 298 425 103 959 789 336 14 856 370 754 125 279 21 576 973 20 587 318 660 478 108 530 706 529 178 174 256 862 209 515 25 558 139 576 261 552 199 905 918 781 718 560 517 282 178 514 774 373 969 10 789 779 662 965 589 533 770 524 222 853 178 555 633 635 482 516 798 806 386 160 250 641 181 398 246 706 486 232 14 539 713 493 433 483 870 380 520 265 479 844 987 386 247 538 649 371 521 824 26 738 755 929 450 701 934 359 790 344 785 719 568 291 11 951 889 219 604 151 852 313 554 541 176 533 630 299 991 247 934 499 143 307 294 943 887 452 639 481 805 598 55 382 996 913 629 105 74 258 57 282 634 464 348 330 622 442 381 489 934 53 852 816 40 162 499 185 378 800 816 453 528 389 238 794 535 909 109 789 231 830 159 971 272 592 953 328 614 624 918 839 903 200 164 329 866 222 529 122 704 987 508 568 704 6 42 267 62 527 625 880 591 355 843 425 344 548 976 69 288 982 735 639 283 368 21 350 113 115 946 512 594 171 560 768 806 481 306 686 540 607 378 101 224 214 537 815 
230 307 265 488 986 219 121 734 656 760 224 343 92 92 703 154 151 534 36 400 598 160 145 725 465 651 398 973 721 804 719 264 619 659 581 31 699 716 682 394 91 271 705 561 854 371 458 84 512 360 844 247 146 892 419 211 735 322 188 804 764 262 545 180 364 221 349 662 87 490 147 645 571 214 162 714 163 82 175 656 575 315 58 848 790 11 961 518 82 871 359 224 531 388 846 505 161 335 193 298 347 38 79 46 341 342 943 866 544 181 529 147 436 795 83 207 50 627 62 691 98 90 229 786 895 678 908 466 461 250 308 846 811 317 26 618 518 926 953 215 852 121 577 735 989 883 121 363 645 65 301 985 692 533 679 917 156 417 163 618 958 549 814 780 808 888 539 248 561 680 12 235 794 417 233 429 239 930 14 725 992 550 50 559 532 17 651 500 522 560 176 566 153 154 908 24 672 873 157 760 329 995 482 270 457 347 266 824 54 120 431 229 741 73 218 176 172 39 817 621 166 131 44 298 366 427 24 599 788 7 765 706 296 180 684 501 297 500 82 829 670 828 463 839 11 321 366 560 879 284 272 840 913 296 568 829 835 718 1000 912 932 697 310 645 523 656 518 666 175 449 166 548 822 434 437 826 374 591 91 964 366 945 965 273 40 107 122 960 597 731 22 90 541 859 899 109 284 334 992 363 767 202 707 116 118 23 252 335 524 147 80 450 894 931 329 903 919 650 130 165 640 515 386 254 569 249 192 560 326 393 214 154 870 517 762 446 907 367 534 364 911 125 566 802 379 857 231 306 909 613 301 405 325 350 679 242 591 559 781 187 901 213 280 353 732 648 778 907 815 507 279 68 374 702 150 591 423 776 278 411 157 221 985 210 704 153 468 483 416 92 345 861 952 32 102 204 110 770 78 947 19 309 852 465 614 33 369 154 957 794 487 631 675 981 401 64 633 57 12 172 117 631 721 606 513 19 532 139 601 429 414 279 687 324 966 146 255 781 629 958 456 89 748 367 829 679 590 221 250 9 81 998 536 256 365 439 811 122 39 751 24 601 44 689 269 272 331 475 326 137 141 690 972 878 153 413 674 839 174 414 878 467 597 332 620 616 490 633 234 56 610 494 840 151 841 778 155 855 810 516 
123 951 207 257 259 835 502 708 102 922 732 607 962 870 985 294 897 163 68 194 122 679 61 811 375 730 37 285 839 945 180 212 246 631 17 785 996 812 250 401 861 258 160 885 971 685 737 247 438 27 23 923 4 695 458 828 782 809 964 144 1 795 157 759 514 613 376 174 549 18 796 984 835 14 178 968 245 240 661 57 117 713 874 189 790 763 121 660 373 320 898 749 1000 986 675 645 101 555 84 765 627 253 335 852 496 563 689 581 688 13 563 532 467 675 388 73 287 102 531 281 507 953 557 917 854 662 492 811 286 908 327 21 775 862 148 253 915 1000 77 53 34 963 790 749 90 214 772 951 719 553 990 90 234 8 258 825 451 332 124 25 378 458 988 45 426 75 201 837 826 894 979 585 433 680 483 590 917 579 678 572 686 427 53 757 646 292 229 848 683 938 227 550 752 260 604 898 518 103 819 757 176 53 752 816 418 767 922 462 385 110 471 634 365 111 715 688 940 30 297 140 96 206 197 959 682 894 453 883 329 540 687 884 184 541 747 772 730 381 339 762 167 209 450 351 620 203 866 427 786 291 824 668 614 480 955 391 692 421 379 12 479 598 45 713 878 313 762 879 566 69 486 416 579 989 914 981 991 258 343 848 822 931 590 791 572 632 253 577 954 805 570 930 830 405 430 770 768 397 658 600 256 706 82 493 805 153 985 903 519 302 984 237 778 129 513 341 794 794 396 901 577 242 103 451 169 24 348 839 620 228 916 650 937 201 217 577 841 879 432 240 618 118 556 468 94 281 635 569 716 556 880 96 156 639 263 646 44 379 893 757 480 738 686 74 617 610 513 734 0 165 606 696 767 610 834 785 934 124 265 691 762 257 147 94 687 598 736 225 695 543 766 995 546 741 870 671 826 460 102 481 360 337 396 811 488 772 689 91 972 715 490 753 213 15 900 454 107 277 53 902 393 851 123 109 661 702 507 911 404 685 869 277 154 149 563 664 243 284 134 632 11 32 405 665 54 344 783 263 893 910 184 818 785 87 386 298 651 383 302 170 652 966 622 62 356 624 227 835 126 626 506 720 587 917 971 496 598 775 603 894 316 333 252 326 752 444 569 523 421 969 288 615 112 975 900 281 384 708 747 568 
903 24 52 946 375 777 938 860 702 787 155 118 782 327 168 362 566 717 765 247 419 487 393 281 161 910 260 571 143 563 438 564 832 477 219 891 697 995 279 686 342 161 866 821 378 373 349 853 643 178 320 212 260 229 720 769 936 588 378 335 290 276 41 762 597 57 150 955 973 608 48 516 848 231 576 185 976 320 762 31 80 424 950 643 803 396 542 988 224 224 508 932 207 624 617 126 109 685 71 72 919 349 418 935 881 194 246 84 687 648 640 833 65 203 223 803 57 984 230 876 846 645 923 853 934 138 565 464 456 165 185 341 928 94 612 754 909 314 869 779 585 28 439 445 946 344 510 889 908 896 843 441 948 579 872 317 452 628 258 916 590 701 12 368 759 341 93 300 257 48 54 328 203 766 880 952 510 989 292 624 681 202 673 214 949 647 615 821 110 140 955 727 61 799 86 168 706 118 352 301 247 173 737 662 266 680 522 263 834 7 849 748 619 491 756 323 67 961 881 815 967 208 310 867 599 191 801 296 137 287 717 386 594 546 205 786 573 757 219 738 60 1000 384 248 33 280 804 247 432 275 145 401 279 649 412 851 291 654 143 213 577 882 971 879 428 196 247 37 693 1000 211 74 263 351 389 914 95 224 767 607 774 570 914 541 111 906 522 774 302 115 890 987 781 421 437 821 515 911 462 298 726 16 86 215 650 436 331 503 92 690 42 332 263 413 152 592 615 719 615 984 912 744 459 181 258 416 713 967 943 635 722 133 31 181 283 829 477 428 599 259 329 489 435 540 253 594 742 237 633 594 620 493 40 628 430 159 772 366 397 33 93 117 690 684 938 235 780 559 801 932 911 498 214 679 729 682 864 269 733 193 628 829 959 492 647 784 450 647 851 815 357 218 312 348 991 249 423 478 409 548 744 799 803 190 305 653 516 212 313 384 473 295 161 523 498 541 475 878 128 354 853 150 199 516 369 77 964 374 538 186 972 701 827 725 119 326 624 182 517 802 579 142 663 283 939 229 898 272 472 896 979 703 207 199 745 579 969 185 119 317 202 558 202 901 606 745 958 211 731 516 335 648 613 275 146 326 117 181 272 788 460 758 398 945 765 205 50 629 587 972 186 32 626 258 134 241 730 380 189 340 
829 966 812 578 761 340 202 785 942 770 570 541 400 279 371 684 242 808 95 44 56 773 107 296 940 159 817 876 637 313 80 380 992 802 346 468 352 568 992 969 273 620 797 501 630 79 872 669 717 39 222 817 503 35 576 102 245 881 393 955 527 16 40 196 905 223 224 814 761 665 177 772 804 582 104 300 708 93 954 454 312 372 550 110 299 794 923 337 419 733 964 225 213 829 219 490 97 774 467 602 976 40 985 623 587 968 766 204 40 96 988 14 153 595 527 614 723 415 453 582 595 378 674 680 927 922 420 602 729 938 29 279 222 563 975 30 343 873 437 323 410 771 574 161 636 524 674 644 982 790 647 3 94 770 740 360 631 263 213 517 642 823 337 41 325 739 822 701 981 352 786 419 191 738 279 98 600 198 342 875 282 239 314 59 481 12 781 810 729 528 579 938 905 338 211 702 879 379 811 226 241 67 241 393 104 711 505 117 809 268 654 765 230 839 386 350 32 779 385 673 507 651 648 881 918 144 899 917 749 722 155 704 194 13 920 292 138 611 162 811 521 235 171 986 924 843 3 808 166 825 695 891 190 878 149 428 135 408 560 722 809 530 453 911 803 83 994 468 94 391 758 862 983 785 159 753 758 492 182 143 227 399 172 946 741 3 201 948 154 24 639 47 860 841 682 3 858 806 636 479 557 382 455 510 996 758 890 424 38 202 947 234 580 746 741 8 564 108 704 920 158 160 784 156 399 565 304 912 489 711 3 941 986 865 819 378 678 403 925 513 530 410 834 640 357 242 916 461 755 849 899 303 30 493 547 763 157 361 483 989 946 641 760 289 905 94 476 232 819 662 384 716 684 162 123 802 297 206 789 365 548 947 551 100 629 676 622 596 343 912 870 93 108 523 83 136 933 880 687 62 510 19 703 89 248 901 283 968 915 569 494 320 294 354 874 676 967 712 700 858 940 158 281 0 45 37 116 887 455 63 469 670 191 667 578 143 868 807 280 678 719 373 512 493 1000 36 509 582 697 342 989 79 255 118 259 356 800 867 860 812 119 183 332 974 415 993 879 211 608 414 137 580 920 855 948 404 758 689 856 264 942 479 224 958 150 485 236 473 795 435 553 391 312 777 294 639 457 122 125 564 
391 673 790 236 689 9 325 717 853 692 693 52 274 599 33 646 318 329 319 593 669 725 551 25 446 218 35 167 749 785 453 48 636 439 303 182 1 643 572 234 439 84 559 960 857 38 674 718 540 456 222 833 434 28 232 396 748 133 480 785 923 305 125 995 634 522 363 418 868 577 440 282 184 264 492 540 386 181 453 180 311 167 406 70 936 919 184 557 93 161 851 686 874 290 279 368 274 274 46 586 313 431 655 201 751 822 228 8 406 426 718 387 570 484 848 630 722 765 753 312 735 540 99 854 48 20 678 481 690 119 273 577 588 418 5 786 350 166 166 496 953 826 535 965 155 351 776 208 357 761 490 545 805 775 417 496 863 625 799 29 274 788 827 421 672 854 29 21 401 110 344 553 734 517 981 966 843 477 291 373 305 265 384 72 658 358 403 163 607 821 155 325 458 220 862 857 117 956 821 589 731 805 80 155 779 287 485 143 341 233 978 656 79 950 638 680 58 395 423 537 720 963 638 634 149 863 331 127 575 427 393 124 997 55 998 880 150 537 263 333 360 23 977 437 113 549 159 38 714 284 457 597 355 775 639 88 81 840 233 787 576 445 28 446 21 747 501 791 740 612 930 864 678 773 796 437 504 577 349 675 733 746 914 158 311 175 744 170 675 936 970 997 63 685 286 46 300 23 929 182 244 877 771 333 620 116 380 324 347 756 393 618 842 862 45 566 752 578 415 986 937 175 704 344 153 367 158 595 125 941 502 335 944 603 308 427 406 661 562 757 256 153 390 265 633 451 990 274 882 459 494 239 411 334 310 263 445 644 776 715 786 716 31 442 513 854 783 532 299 832 387 260 840 289 583 396 545 290 684 964 598 500 490 421 656 858 525 595 796 660 385 783 767 588 848 261 684 175 321 927 363 403 452 794 35 43 565 17 979 727 284 499 180 935 118 380 725 314 873 430 178 278 748 306 446 295 701 815 224 240 547 58 873 485 580 396 598 486 262 416 956 11 531 9 808 743 937 832 557 919 973 588 929 656 554 194 106 698 81 446 220 47 560 114 412 601 156 243 344 640 988 964 354 688 529 228 371 392 635 730 964 564 378 42 656 165 194 894 424 430 492 558 895 474 353 563 685 255 286 460 
977 245 901 980 493 581 312 347 565 118 849 142 46 415 1000 662 814 224 772 557 61 615 826 785 401 336 1 786 388 710 32 687 298 640 473 256 297 971 301 651 751 639 6 308 232 764 185 670 38 872 598 234 379 255 959 333 156 621 516 881 386 128 87 686 383 266 746 507 228 91 500 424 545 2 588 421 800 879 257 920 579 521 913 438 4 471 119 236 418 651 883 195 87 731 252 584 632 605 180 256 334 783 36 771 717 16 511 888 620 211 162 40 452 406 289 533 230 587 557 807 993 415 16 69 366 939 489 689 492 258 565 67 334 146 37 419 448 758 299 277 873 671 384 522 654 886 667 512 508 560 594 64 550 900 966 427 259 295 625 441 634 416 251 261 441 66 836 824 363 103 223 196 26 760 959 836 734 874 807 818 659 803 368 48 658 459 38 945 132 226 109 765 338 971 553 770 920 385 434 23 138 75 876 589 812 957 607 637 550 116 435 326 474 263 799 96 67 251 693 621 457 769 91 182 524 345 664 444 125 522 427 810 54 954 670 550 587 208 369 484 457 761 610 425 687 751 339 763 310 146 215 262 861 860 626 698 308 574 135 134 127 883 247 899 407 447 132 675 26 970 121 934 546 139 405 713 474 529 840 926 989 928 506 975 434 219 655 149 42 419 73 750 9 180 777 283 953 890 72 917 272 864 410 763 587 35 901 378 90 370 126 164 984 150 725 550 391 664 98 238 66 190 356 62 444 546 479 436 897 580 62 535 861 306 200 491 16 250 878 666 362 563 326 928 429 960 672 565 286 204 367 640 708 823 705 316 796 414 248 979 996 778 939 538 90 824 745 224 191 171 754 303 947 665 674 945 220 504 257 71 526 300 606 237 780 830 723 483 848 302 171 759 75 194 126 519 369 289 132 616 729 791 568 703 830 872 909 478 19 679 776 3 592 358 16 917 51 966 987 727 435 331 550 911 298 348 823 146 558 937 388 741 773 72 297 969 988 256 458 438 501 406 758 381 231 364 398 163 701 395 552 173 11 874 932 58 195 521 598 452 11 971 777 155 52 660 599 558 201 842 482 373 461 322 602 681 144 388 437 324 770 669 876 521 781 842 824 108 106 500 420 132 771 129 973 641 120 920 816 490 
680 205 422 887 0 480 984 502 986 803 522 627 508 611 797 268 731 964 476 86 681 101 384 156 323 46 433 914 692 821 353 502 26 2 674 844 344 185 551 992 798 968 992 501 304 181 3 407 523 998 271 169 966 939 428 99 937 826 433 98 767 638 721 281 502 990 437 1000 660 640 134 374 548 552 724 379 548 380 381 96 444 678 976 348 9 811 75 294 653 584 367 209 572 282 828 337 419 482 328 493 476 601 889 18 753 454 980 573 875 945 459 275 206 677 551 232 354 948 174 853 67 831 639 421 836 714 788 269 347 519 376 747 800 281 745 656 326 797 468 631 677 447 256 39 613 285 19 320 714 652 873 916 955 160 44 511 552 518 948 334 539 360 777 316 943 891 826 205 738 623 889 116 159 987 706 390 425 18 512 90 119 311 573 656 209 885 145 420 627 5 790 349 776 559 452 332 414 854 552 681 976 204 872 217 428 247 392 955 147 22 85 573 469 463 647 120 710 601 891 287 648 135 629 31 903 136 326 927 947 147 486 446 845 426 244 677 637 149 17 399 942 474 845 451 798 901 305 585 865 16 237 597 579 163 206 395 980 514 72 76 102 102 371 638 572 524 996 33 886 283 49 853 356 39 86 595 585 16 893 763 308 580 939 133 551 70 662 608 811 437 559 558 404 320 77 190 667 63 296 752 714 68 721 750 646 766 492 58 642 899 861 540 186 481 807 782 330 709 506 636 799 139 215 222 479 98 797 443 863 405 402 941 345 983 656 217 220 595 38 490 534 812 338 809 819 17 633 214 95 386 914 35 480 850 959 16 174 982 243 690 697 227 679 169 287 185 140 51 270 899 788 22 640 401 304 825 936 347 864 233 144 21 884 90 186 923 972 342 812 181 855 105 926 676 446 708 621 138 480 17 715 60 636 385 361 170 885 12 454 279 114 556 772 974 85 540 374 816 458 314 764 971 813 562 261 879 904 231 752 888 765 404 515 493 396 738 99 409 178 348 434 877 435 625 553 575 592 874 231 528 322 341 548 725 477 315 675 599 811 106 611 209 436 359 659 810 177 681 476 79 641 243 911 365 418 565 334 809 993 688 296 589 507 509 565 414 213 112 726 773 550 436 935 239 351 999 872 453 259 580 
34 996 985 568 472 56 924 666 472 489 726 436 34 596 380 987 212 845 891 180 160 394 874 320 446 855 134 714 52 834 479 715 383 394 664 557 148 163 49 260 81 294 245 163 652 936 224 375 464 977 220 753 372 204 494 545 675 553 398 59 938 250 848 748 87 37 772 764 568 120 505 790 926 269 648 600 704 548 442 390 995 606 116 56 463 581 738 310 287 359 619 954 20 465 10 715 404 752 815 549 592 141 734 908 309 429 875 272 115 724 231 855 342 698 289 874 557 221 687 991 860 847 926 229 715 916 24 803 664 241 167 746 627 924 375 478 788 54 112 938 108 532 651 807 466 32 379 317 591 563 650 438 63 482 727 7 838 334 578 365 768 493 468 989 369 25 472 746 721 332 454 221 212 997 145 476 131 917 136 304 676 634 640 741 396 188 945 885 461 163 85 733 889 118 196 881 604 43 537 670 267 490 530 553 736 447 620 197 881 220 81 948 583 176 994 23 300 835 532 709 814 940 901 819 413 550 713 951 777 418 580 308 154 545 615 984 517 613 80 267 939 611 69 567 891 945 503 117 387 397 163 331 308 234 418 341 228 139 412 548 451 965 876 706 601 265 243 107 916 318 454 748 534 442 761 543 311 68 641 850 567 81 905 697 34 111 905 661 604 602 629 697 669 951 703 323 904 334 427 387 230 749 923 626 346 714 209 399 599 775 741 520 497 325 656 381 41 536 349 962 551 209 274 742 335 149 775 673 0 819 88 120 490 622 912 290 928 220 940 914 358 823 206 567 769 989 845 604 494 299 957 274 628 250 127 104 144 536 266 503 579 511 59 881 646 425 60 949 745 986 241 699 691 143 62 883 913 636 146 394 678 894 504 380 940 206 247 668 958 335 22 348 884 550 142 702 84 877 670 361 204 982 438 94 170 894 818 646 420 494 212 818 409 63 639 237 303 870 655 785 919 135 859 849 27 28 340 876 587 743 918 391 880 443 564 873 851 664 328 942 221 179 892 391 87 700 78 402 5 20 31 27 979 636 710 172 641 680 452 206 977 730 941 416 692 928 833 72 218 115 34 394 268 455 616 124 556 627 563 806 947 610 989 607 666 880 335 319 951 468 655 793 257 921 256 348 749 420 982 829 
899 659 694 380 373 911 409 203 805 560 326 73 628 772 630 420 324 165 502 708 828 318 827 184 593 9 941 16 598 382 898 509 162 370 290 100 663 211 299 222 549 906 426 767 220 815 587 912 322 421 476 625 522 451 821 206 319 244 249 914 482 353 948 308 16 149 97 406 117 651 409 407 810 976 831 256 923 959 645 97 777 58 881 250 404 213 934 386 366 245 527 986 240 508 26 668 382 753 924 644 915 615 595 336 919 763 348 743 161 641 216 408 536 27 105 978 963 359 324 921 695 421 444 568 110 846 827 720 260 519 638 544 43 873 326 119 807 874 301 745 584 362 511 772 766 104 900 510 164 349 687 746 460 683 705 642 35 489 511 29 117 842 423 948 251 423 482 424 145 897 567 547 516 468 916 74 249 982 995 236 248 814 771 927 74 296 921 787 1000 179 82 757 128 721 870 796 535 14 436 8 359 538 89 759 330 443 785 713 723 46 211 25 950 938 905 314 68 34 106 387 934 636 944 857 977 879 27 791 592 364 220 647 498 169 656 136 457 516 587 310 656 834 28 798 471 732 337 734 213 604 774 477 291 878 73 226 25 397 218 344 519 216 399 240 469 931 254 691 178 912 986 169 389 774 49 714 710 911 769 888 374 467 146 264 284 78 224 777 287 412 890 615 426 559 880 341 349 370 457 952 812 193 727 916 907 751 646 137 967 234 681 186 300 374 810 222 689 572 797 153 283 712 488 346 187 273 326 864 922 98 392 204 703 203 953 250 581 553 833 978 755 476 357 823 1 796 544 81 219 862 254 610 646 645 480 791 248 20 924 676 482 983 673 831 556 752 127 954 324 546 108 657 348 941 294 961 501 600 563 306 443 519 376 210 579 559 796 309 245 40 48 611 424 565 165 616 188 131 587 857 233 884 203 747 41 122 907 403 125 935 603 835 35 688 378 144 25 932 822 653 754 487 663 974 701 658 517 836 450 400 525 129 145 853 800 582 310 2 951 66 142 702 726 227 57 967 820 252 472 998 608 363 393 557 376 97 600 931 58 214 700 79 496 78 503 702 764 197 974 253 852 102 487 818 605 687 920 1000 682 164 288 171 477 157 889 458 656 478 812 951 105 310 256 441 8 913 786 658 150 298 
789 673 847 517 364 456 359 323 435 851 734 34 975 561 307 250 561 924 846 482 772 226 158 472 764 822 339 393 941 424 793 593 991 305 794 90 753 117 642 496 267 251 537 493 365 937 497 536 722 987 80 766 779 665 933 964 60 203 397 452 199 916 79 59 486 48 236 209 369 999 619 670 298 312 119 57 592 744 61 365 745 139 501 721 996 465 322 251 490 604 838 69 494 991 342 12 276 194 574 112 641 225 851 647 32 194 356 530 106 66 211 756 282 578 723 361 855 132 22 703 381 29 367 544 743 441 97 136 247 469 938 511 408 784 836 375 323 83 719 860 545 965 841 572 850 862 759 153 62 686 791 226 394 789 865 550 433 841 966 87 611 605 154 175 962 977 863 870 242 710 75 435 119 100 40 688 551 128 601 653 275 13 902 647 919 456 322 227 885 401 700 285 840 51 674 448 695 497 57 906 631 774 534 754 195 150 134 496 240 104 402 932 156 188 252 467 70 491 336 402 404 320 901 327 909 303 358 135 60 783 441 787 872 988 22 166 253 171 360 809 225 974 801 652 607 475 253 927 363 127 653 355 113 601 458 566 565 473 573 337 189 846 148 736 15 321 475 751 608 370 160 826 153 630 165 760 465 692 434 438 678 269 615 239 510 527 95 546 397 902 669 303 902 977 59 104 940 312 80 877 417 90 758 196 549 748 561 754 534 507 711 253 457 505 145 441 363 241 732 508 168 640 898 303 13 181 31 296 134 407 593 961 840 465 341 539 579 262 246 59 259 149 880 300 819 754 240 852 806 977 278 70 651 801 992 186 864 264 31 270 704 655 821 769 474 960 357 119 504 36 325 537 876 218 432 282 861 631 113 520 657 425 440 491 608 310 499 323 804 106 771 973 576 849 818 970 499 219 363 134 269 893 86 616 814 161 959 475 638 990 971 457 326 424 447 961 819 366 692 720 724 27 233 541 38 663 770 348 457 156 796 367 574 639 73 513 197 474 151 915 344 765 195 544 608 217 477 464 343 679 338 88 355 921 150 682 257 308 971 681 319 841 866 178 3 685 808 988 133 206 623 314 149 279 202 227 116 604 163 200 537 553 484 109 131 347 980 553 899 733 611 234 225 412 882 257 365 757 691 513 
607 876 663 633 928 331 557 573 909 543 790 168 929 480 557 168 393 549 866 188 777 630 185 613 505 799 434 320 669 88 512 830 207 753 78 606 541 876 48 343 708 188 501 745 451 40 88 256 206 315 970 732 45 354 607 879 6 855 599 736 988 793 637 724 781 690 178 454 245 216 399 162 532 484 166 440 821 983 695 612 896 670 383 834 980 454 69 511 986 833 168 429 845 370 398 4 876 471 160 815 648 155 473 408 39 453 303 475 179 419 756 777 292 142 475 370 846 122 26 444 311 974 294 640 32 737 668 492 137 737 8 810 634 712 615 943 277 421 222 42 341 264 694 429 499 359 272 490 833 515 166 225 518 992 541 774 656 236 779 534 857 92 874 761 596 478 258 83 744 548 349 41 82 825 950 884 58 803 604 806 155 831 201 61 312 258 441 566 209 245 39 86 534 907 73 62 142 379 846 121 606 702 554 985 266 405 152 972 784 957 166 224 14 992 935 193 123 365 734 507 600 842 967 650 318 354 892 367 709 175 803 313 505 767 970 314 197 732 409 111 385 508 19 809 354 481 778 716 510 209 952 398 213 989 31 837 604 581 139 133 819 351 287 809 615 393 26 967 680 951 640 752 968 1000 731 320 912 10 556 143 210 732 442 274 319 478 680 751 884 286 954 642 505 715 458 676 824 186 1000 127 942 215 105 374 779 622 421 744 941 103 350 45 891 898 549 126 527 681 545 810 993 926 317 970 133 681 397 314 251 308 574 672 663 302 938 314 531 198 722 680 561 363 191 824 336 871 183 592 322 69 890 249 267 238 144 481 743 136 848 426 524 542 907 13 827 977 53 171 9 286 414 685 536 898 577 817 468 576 224 692 611 863 308 372 517 88 161 454 687 742 191 75 986 986 392 105 213 137 879 229 640 439 186 938 58 239 981 566 584 435 668 585 107 806 194 882 358 761 791 174 926 158 487 926 615 132 583 952 489 200 835 145 145 187 805 988 621 976 113 360 520 297 960 866 566 532 622 953 863 497 851 648 200 276 920 971 278 887 140 973 362 605 924 267 510 662 79 692 368 887 490 446 957 127 407 231 98 88 985 8 253 737 419 163 537 49 151 990 6 505 583 134 798 965 294 635 988 143 66 157 
156 807 515 321 726 84 920 559 989 546 147 804 13 192 588 812 672 297 967 139 0 134 924 693 258 175 805 152 473 998 741 878 313 827 668 186 593 426 48 922 285 243 608 576 80 634 326 319 583 348 368 650 439 262 496 687 145 600 491 500 824 247 657 104 723 798 923 406 363 233 112 725 724 410 508 570 15 772 173 360 863 563 196 668 373 811 943 877 770 794 124 256 523 927 700 861 952 940 835 265 441 417 64 779 89 15 252 990 39 814 473 676 782 568 880 789 734 927 93 96 831 838 596 948 834 173 822 828 355 476 674 167 912 405 471 157 614 467 109 653 626 764 273 718 887 582 462 453 889 979 755 587 148 438 818 239 560 256 801 319 161 560 319 741 202 691 568 568 98 273 984 257 577 147 84 200 646 637 440 79 126 781 414 304 734 332 566 742 520 382 826 773 741 620 81 733 766 76 264 295 916 764 671 219 138 557 262 142 720 641 206 380 746 892 800 795 336 164 201 330 162 383 293 447 608 324 447 353 307 98 130 950 254 430 554 819 214 183 981 837 974 300 316 597 968 814 476 385 967 900 232 985 961 360 511 899 612 928 40 194 478 315 905 973 163 431 179 529 242 763 279 301 23 881 547 755 583 865 178 404 759 154 905 749 296 915 88 853 597 364 325 689 623 470 963 891 444 33 468 547 641 264 230 692 236 198 616 380 233 773 927 749 756 987 120 64 926 499 781 170 521 660 569 804 167 138 532 341 924 200 532 666 626 373 168 503 617 398 602 458 371 550 897 518 178 767 691 117 104 885 660 873 553 16 877 153 819 339 428 667 475 81 459 569 847 699 172 771 993 781 552 890 266 586 667 745 216 183 661 939 31 595 342 292 839 329 281 337 893 644 970 860 702 624 330 699 953 839 989 652 911 455 82 700 941 837 548 168 194 491 679 600 858 373 791 25 545 275 280 756 398 533 342 117 683 939 943 136 29 400 851 864 993 882 960 423 902 749 195 138 738 18 889 886 35 693 615 783 602 647 995 892 353 631 239 811 647 581 701 997 662 349 560 544 908 217 485 393 669 2 685 836 749 533 448 741 893 938 594 162 559 715 924 902 368 434 887 145 188 759 576 161 182 408 975 631 230 21 909 937 
202 814 513 847 655 13 880 620 733 729 898 459 615 228 154 369 516 715 915 874 885 718 909 851 516 451 386 649 925 471 675 833 539 34 410 921 680 101 236 384 406 401 34 848 38 295 897 361 670 129 746 46 806 722 55 581 171 956 723 52 505 986 251 168 600 50 400 559 749 480 777 146 440 270 4 788 210 565 795 213 54 240 377 96 556 36 373 120 605 36 382 864 498 171 646 87 633 918 977 723 254 114 889 316 7 472 539 48 905 134 961 866 473 183 202 872 703 755 525 909 674 133 522 220 253 833 536 214 229 837 188 572 846 813 682 963 351 733 932 688 604 186 361 373 419 576 641 419 27 452 864 150 25 0 511 699 973 452 204 100 283 358 833 785 598 617 855 852 552 471 640 263 898 816 894 366 523 541 298 64 692 469 386 701 366 295 781 375 38 559 437 280 96 845 288 929 756 888 125 281 430 939 520 150 967 805 995 252 96 834 950 324 646 406 40 518 938 765 998 139 705 258 553 489 782 637 149 686 533 652 921 396 219 469 44 854 309 208 321 600 866 467 769 88 123 72 43 517 540 967 44 404 927 749 229 588 351 490 984 488 496 113 473 110 550 100 336 661 175 342 304 892 779 307 180 905 643 95 601 861 759 838 556 551 52 262 68 408 253 806 848 792 758 148 376 652 721 150 475 538 700 273 898 281 630 717 291 188 493 700 110 689 417 192 658 29 640 424 473 216 76 709 584 641 938 894 248 128 672 420 753 868 560 74 514 267 453 91 301 162 401 705 476 367 387 407 924 799 270 851 711 190 951 535 52 213 169 362 221 660 142 921 24 501 551 839 333 426 995 878 680 28 124 186 107 696 930 581 789 853 723 263 227 583 660 491 883 662 663 287 782 647 833 760 259 974 663 768 301 156 815 886 18 684 679 546 682 209 643 828 902 552 847 817 399 189 171 813 742 907 554 382 599 780 447 930 191 72 880 453 336 892 162 558 771 554 142 698 821 265 839 90 388 457 200 428 291 839 865 513 500 886 315 259 980 567 633 592 559 733 145 202 347 289 573 384 485 674 206 65 251 723 643 199 445 17 464 568 87 86 943 823 626 762 574 729 492 400 389 435 824 760 339 502 260 693 724 152 779 274 
159 834 287 366 468 712 767 684 215 936 963 556 499 943 430 782 217 717 81 181 935 360 982 317 575 221 994 917 906 700 130 727 144 671 390 653 812 240 915 899 159 52 774 108 546 350 295 91 31 568 454 615 167 455 70 805 531 649 266 505 980 418 160 228 335 194 402 133 844 894 25 822 348 903 936 868 874 714 266 175 328 393 243 864 719 119 552 208 528 716 146 227 677 524 604 893 60 455 829 162 233 622 548 266 231 397 848 9 364 352 767 836 723 854 853 490 246 758 939 414 748 267 931 234 837 783 841 287 564 305 651 37 673 693 71 280 2 574 218 298 973 416 722 933 760 378 942 668 836 445 337 686 182 658 383 234 938 771 959 621 611 181 540 677 717 479 938 769 813 255 115 672 209 572 773 61 94 677 155 431 403 955 637 480 337 921 822 265 845 304 870 132 65 991 278 119 551 60 368 978 842 23 983 985 510 477 916 912 965 218 2 561 6 520 366 830 362 986 473 952 502 495 752 468 387 687 813 48 266 578 870 831 789 134 570 169 359 153 386 951 994 603 71 545 294 729 199 58 327 396 677 912 590 970 284 189 507 18 650 566 127 417 47 808 616 437 210 850 315 178 629 235 843 373 435 152 752 639 591 441 123 93 689 615 660 41 455 808 999 884 797 329 0 785 416 102 148 307 738 772 571 523 369 566 930 864 467 98 527 637 169 3 321 974 204 202 309 893 448 694 183 570 797 264 64 711 638 198 841 470 728 393 218 0 493 108 609 467 677 901 654 910 852 822 424 236 883 16 677 701 18 311 503 519 545 252 622 834 256 633 149 759 951 567 430 618 891 39 930 307 264 526 658 240 284 802 980 4 785 407 998 983 395 780 206 86 973 145 34 254 473 175 229 870 170 329 982 493 998 523 44 323 601 812 597 593 459 434 135 822 71 53 824 88 395 389 601 562 627 916 823 757 803 715 537 545 324 319 885 944 232 332 895 41 32 532 661 576 0 248 364 212 20 356 799 444 379 99 107 729 566 592 990 11 669 952 846 613 420 774 128 728 678 400 179 2 963 651 761 352 486 633 903 572 818 810 18 162 535 511 383 959 185 40 257 769 796 74 964 464 514 86 211 755 778 471 985 784 301 743 
614 505 612 152 739 319 712 579 552 456 795 733 819 365 1000 161 737 320 2 820 749 706 385 621 397 586 472 309 634 411 303 778 263 881 959 81 884 898 923 485 563 400 353 623 569 348 890 616 792 320 32 572 414 36 833 387 423 63 800 328 999 639 406 424 802 795 253 824 858 311 933 250 27 858 378 766 806 990 466 11 768 693 920 943 739 429 341 768 460 909 653 985 159 765 603 415 872 210 535 54 49 917 473 18 820 370 746 432 499 160 955 415 370 971 349 338 99 219 115 68 91 179 967 555 968 605 277 360 320 11 882 271 179 402 785 248 570 156 946 956 888 381 559 440 80 742 586 301 161 349 37 639 365 767 820 652 116 776 167 770 357 817 306 333 318 102 492 454 546 68 479 677 379 129 862 158 118 722 277 623 54 519 251 519 645 667 320 949 232 588 372 971 667 625 337 150 585 428 215 794 876 769 329 980 861 435 897 596 780 962 465 21 802 538 384 11 820 620 820 707 317 964 301 177 37 327 749 2 81 288 984 214 349 184 464 948 794 583 448 714 14 443 12 416 601 474 481 207 387 469 738 53 535 800 148 856 122 570 993 554 351 549 342 307 106 710 381 368 365 496 690 824 958 894 801 135 95 134 646 848 521 71 45 715 118 749 408 300 917 743 624 637 959 98 506 688 349 111 494 109 2 856 305 192 717 66 851 47 749 378 209 763 938 355 448 595 932 705 263 955 84 338 679 4 741 896 328 442 926 556 815 633 117 979 149 301 18 211 791 477 841 41 320 17 924 663 562 296 54 747 708 78 547 565 455 663 340 407 295 923 448 510 251 939 605 53 827 969 738 899 623 683 497 196 120 979 781 357 26 238 74 567 777 658 0 485 4 533 624 163 577 538 814 768 873 919 122 985 585 791 944 164 39 408 240 524 433 682 822 123 696 168 552 136 876 62 971 884 261 263 876 660 738 19 901 23 698 191 745 383 339 830 869 965 164 214 33 236 682 355 675 804 699 336 443 90 162 474 509 726 370 535 513 273 888 898 323 682 48 617 146 415 226 229 800 759 629 255 893 181 687 307 885 699 823 377 846 111 426 599 578 574 68 37 490 266 439 663 38 180 819 37 532 532 744 508 625 862 973 622 
961 76 660 573 791 514 639 659 955 414 582 861 775 952 14 576 862 399 812 626 144 43 362 170 17 403 28 486 711 968 2 853 80 185 791 504 486 997 17 901 626 434 263 857 996 573 329 653 946 727 847 572 212 878 333 921 217 541 113 577 569 936 866 821 416 916 325 366 758 952 967 823 622 692 332 772 235 4 441 26 314 348 762 508 197 990 426 14 433 647 785 161 370 864 554 713 112 491 60 457 405 50 895 588 945 356 449 811 304 132 688 811 583 478 455 208 16 406 307 425 467 283 241 332 586 823 930 858 563 259 326 732 18 849 365 830 790 852 299 545 125 969 177 642 540 510 696 656 463 398 312 451 276 931 342 384 801 413 868 559 416 731 20 589 367 728 435 97 210 376 915 676 667 938 511 532 117 43 954 966 256 652 748 387 603 219 707 619 904 706 275 436 211 44 213 457 638 909 734 762 933 11 358 216 871 132 669 263 333 894 897 686 394 305 337 905 717 221 834 134 331 373 705 67 120 779 595 295 650 77 185 758 857 418 411 894 606 541 84 995 231 382 712 15 353 513 727 832 896 765 229 292 249 736 655 97 320 623 141 459 517 593 632 214 250 327 471 161 132 93 151 622 636 263 972 832 397 38 238 997 771 475 529 699 320 859 686 698 782 129 912 882 744 602 640 224 393 491 68 674 632 243 687 896 589 274 9 711 837 394 127 487 706 572 766 430 46 699 670 975 34 356 558 455 836 240 722 929 311 791 278 429 632 428 333 833 482 388 800 926 775 8 539 521 417 5 277 445 644 279 375 872 750 657 132 347 476 995 743 371 963 889 825 852 631 293 60 592 976 800 831 460 469 453 385 147 948 32 72 440 190 892 383 655 795 740 978 860 252 96 350 702 424 843 142 648 801 14 556 523 213 464 1 826 703 190 184 378 570 207 376 692 98 725 673 835 760 359 575 185 396 835 564 358 540 66 520 677 322 928 40 774 67 971 74 770 666 309 676 276 776 542 629 736 109 949 941 688 617 190 508 536 834 275 323 806 236 428 403 993 870 201 17 606 171 831 404 453 440 138 909 22 392 978 917 92 680 390 475 739 231 665 125 735 886 0 502 896 921 211 326 538 243 468 879 332 634 60 783 49 
102 644 997 575 918 310 192 142 700 114 290 678 985 360 511 806 833 56 655 284 89 387 985 282 915 764 616 122 980 22 412 835 296 767 801 0 693 675 194 109 255 610 872 154 398 618 400 123 463 501 659 248 578 958 470 984 282 238 527 720 386 390 557 783 744 110 912 17 333 494 205 638 431 514 931 468 881 194 661 796 629 56 765 707 707 336 758 831 972 922 626 386 614 892 921 129 223 238 598 536 866 498 89 265 799 155 41 32 323 808 866 571 87 597 957 977 513 10 162 102 560 32 680 550 861 883 752 269 851 538 480 808 605 495 158 37 712 868 329 694 826 447 136 435 746 177 333 967 327 929 693 30 564 460 577 28 997 818 230 213 23 732 716 3 46 266 249 794 826 94 581 635 13 805 101 536 128 843 792 929 558 141 697 602 482 542 379 932 244 699 300 513 540 106 369 968 130 217 8 549 331 553 158 157 218 562 831 382 645 973 354 580 626 727 56 264 906 98 241 869 924 602 357 244 217 866 204 135 310 844 224 755 546 887 150 275 762 325 652 562 43 370 894 679 490 560 708 206 458 9 929 119 224 750 287 365 27 275 454 167 272 580 316 314 436 284 221 99 25 843 803 647 169 17 663 220 540 984 919 525 976 351 861 839 400 673 877 201 151 501 861 838 78 4 195 104 256 594 293 230 686 364 325 637 542 863 328 880 184 888 241 856 179 383 524 451 514 876 651 121 156 195 647 28 37 405 235 329 196 409 476 566 911 929 9 141 637 191 131 773 695 872 798 369 17 372 767 883 38 889 80 37 550 678 99 870 766 717 391 348 758 2 499 719 272 934 287 824 961 783 162 909 532 23 600 441 404 76 879 166 162 378 275 614 506 96 905 168 336 492 352 666 952 639 589 184 425 752 266 403 950 482 935 721 512 359 21 419 53 140 774 922 661 155 485 31 175 385 575 147 803 744 669 659 237 124 401 395 515 615 168 897 148 284 223 622 793 684 550 500 498 455 178 571 594 707 525 455 172 555 356 687 754 242 526 340 311 109 766 516 159 999 545 198 384 550 639 320 885 430 215 548 372 261 744 254 790 755 368 721 52 442 697 274 360 663 310 654 472 403 50 429 633 455 36 612 360 144 998 110 
696 881 958 680 289 262 460 909 728 37 867 696 657 479 532 167 27 367 93 884 916 496 405 252 82 227 147 462 291 194 661 669 522 432 190 549 914 799 848 987 685 176 327 69 381 467 782 896 73 762 298 189 485 69 485 472 152 243 965 724 819 826 435 840 96 321 457 822 837 647 495 13 49 378 330 440 6 622 747 606 810 392 985 47 548 262 270 523 641 287 18 169 894 383 989 509 454 76 765 9 658 423 937 962 765 392 42 289 79 560 97 186 180 958 294 147 918 210 523 563 413 488 739 730 366 423 496 547 985 997 891 283 811 604 714 238 407 3 918 967 423 821 370 299 463 512 998 262 665 280 797 824 547 345 560 801 352 706 773 610 221 652 36 520 408 381 135 602 53 127 388 954 447 757 459 928 575 87 709 531 759 939 701 652 407 709 407 877 699 347 845 492 283 199 653 970 722 449 837 438 630 339 541 476 309 566 358 654 1 730 425 841 591 604 237 520 289 8 661 211 502 925 57 647 707 650 86 294 521 879 987 793 284 611 819 716 564 269 800 590 514 554 759 640 203 914 516 944 853 481 280 104 90 44 627 203 182 442 870 373 235 767 926 868 100 502 821 560 533 988 309 672 384 149 979 808 248 919 524 487 307 784 74 776 280 732 373 512 490 935 471 948 961 457 423 317 430 236 246 505 975 611 278 379 505 434 160 478 907 22 555 174 396 366 265 625 184 494 279 630 477 539 884 115 926 290 49 672 896 976 578 979 762 624 548 286 657 848 200 349 981 288 470 961 135 330 525 727 621 463 38 614 887 347 574 685 514 572 719 10 121 273 434 907 259 955 79 89 92 247 562 636 960 352 311 995 947 674 144 953 381 723 395 169 228 697 64 713 530 387 121 600 643 775 831 537 300 351 984 914 740 18 462 93 789 712 607 799 787 179 121 373 502 267 986 340 905 515 732 150 662 153 180 833 851 167 714 972 967 606 777 459 914 570 272 803 146 505 402 267 815 463 838 335 212 802 594 391 404 479 401 549 143 281 847 53 687 47 22 343 16 844 581 339 323 249 507 266 940 965 486 316 626 99 561 279 77 944 148 898 870 496 534 761 959 725 333 209 665 907 786 646 811 378 544 605 89 169 475 896 
358 756 125 403 895 434 850 295 672 715 347 40 778 912 27 745 428 889 265 431 166 792 324 471 572 771 129 704 338 682 550 61 5 357 915 426 413 6 57 438 576 252 377 390 587 82 643 417 146 395 967 669 382 966 98 201 49 978 268 620 39 734 912 470 263 575 184 317 20 753 494 986 678 925 425 227 613 826 817 158 358 714 283 165 895 558 963 996 339 734 197 750 513 191 438 174 408 686 70 132 290 926 549 88 657 400 657 52 951 141 409 658 565 180 797 387 213 762 282 992 273 520 91 286 604 595 979 227 551 242 510 276 485 954 638 293 804 791 132 372 297 694 379 985 39 264 936 132 913 942 174 645 341 157 624 19 142 704 914 983 438 860 545 866 966 775 751 771 31 508 316 937 21 867 338 716 876 482 70 324 104 803 903 983 535 70 374 965 987 332 531 402 588 264 678 118 126 260 553 747 624 287 4 912 243 288 610 510 999 659 154 231 10 145 149 982 198 476 787 276 478 917 110 791 468 538 732 640 914 910 215 420 630 645 483 447 333 617 285 706 259 943 49 245 507 398 196 150 760 1 32 625 680 86 67 667 110 982 462 362 748 574 410 409 708 85 743 318 989 185 992 227 281 754 375 666 473 416 737 519 304 575 665 497 552 483 157 772 252 624 502 952 276 267 560 717 607 311 56 787 849 681 428 312 789 153 11 170 893 978 840 640 919 549 871 519 379 83 62 62 411 146 308 664 673 720 594 770 920 890 976 647 691 177 906 321 873 663 110 848 296 70 686 329 395 426 384 311 596 969 781 800 408 336 39 415 583 553 238 454 25 457 664 306 798 824 360 254 421 914 398 212 849 135 177 41 88 341 627 717 409 681 256 579 788 98 333 672 780 13 805 824 611 228 388 552 812 457 816 453 198 814 887 863 473 205 318 737 401 544 51 327 861 389 395 903 80 512 484 899 885 499 471 664 756 589 755 823 804 648 977 390 535 680 485 919 355 612 649 980 831 917 295 710 31 254 274 318 194 498 329 295 428 2 605 623 546 529 916 210 715 782 652 380 802 663 652 898 994 111 212 917 795 160 386 411 948 224 311 233 474 619 637 563 275 587 727 639 813 469 490 943 141 406 850 939 394 387 448 168 
505 605 200 145 57 816 98 426 219 443 395 393 562 549 360 217 689 136 470 636 645 86 435 508 258 42 735 763 902 204 849 702 78 760 42 435 235 383 428 488 492 145 516 555 882 833 438 575 686 889 452 697 302 311 182 621 634 418 333 866 503 202 138 346 948 81 560 986 208 547 221 942 389 161 848 546 835 298 196 211 357 631 749 247 254 271 139 659 183 50 736 163 964 530 440 370 128 783 971 833 27 318 703 442 299 154 433 288 411 194 25 16 653 457 638 677 767 631 399 7 687 726 126 785 749 681 959 176 818 784 557 927 847 656 190 901 781 435 256 83 895 347 271 603 461 90 60 29 827 987 617 866 240 950 62 732 525 250 369 751 119 760 204 490 151 359 505 618 770 811 772 464 647 213 133 789 829 745 889 406 566 927 50 493 703 186 382 445 506 432 111 70 321 965 597 72 596 208 291 608 882 288 416 857 277 258 562 964 730 356 466 112 545 636 421 57 35 292 68 465 660 506 624 883 818 21 121 607 425 83 703 797 0 863 224 577 365 109 783 538 46 741 121 875 382 712 404 794 504 790 343 504 475 943 459 803 85 541 18 104 884 438 272 222 165 559 856 438 675 752 496 963 756 83 81 879 262 742 856 792 558 420 827 574 443 298 606 677 88 512 321 703 133 836 656 505 720 586 329 783 730 45 224 686 505 382 578 24 81 380 161 706 282 515 964 393 560 974 372 876 868 181 867 993 120 505 39 300 287 741 781 283 208 907 737 759 443 578 848 106 109 74 265 202 253 207 158 763 312 167 4 933 643 684 140 471 130 248 26 517 260 972 704 462 89 269 42 965 588 295 944 172 28 873 972 551 982 733 142 672 356 995 845 327 267 90 466 823 344 54 197 846 226 428 396 781 351 953 984 774 990 466 270 565 378 450 85 769 123 0 779 762 586 38 323 527 915 156 943 574 577 376 641 797 892 640 149 953 988 222 822 242 389 98 974 961 846 96 541 989 318 273 532 636 162 335 227 16 713 407 550 1 224 513 576 223 135 543 329 740 804 639 885 501 640 917 74 236 561 143 752 500 747 300 677 932 820 985 15 498 88 741 798 399 372 325 982 101 874 615 6 855 270 760 394 198 830 55 742 974 
863 916 2 852 748 720 380 76 347 209 555 94 651 507 37 336 560 368 281 700 344 596 814 601 337 928 175 436 853 589 47 375 677 123 438 800 469 333 179 71 295 631 389 729 54 971 530 495 994 74 796 15 310 324 891 753 353 363 588 263 141 705 9 973 899 479 906 914 878 213 740 217 598 843 341 122 493 37 851 952 882 381 900 875 898 533 396 529 638 167 701 503 196 695 325 370 783 810 575 944 189 923 832 101 853 684 484 599 18 747 91 854 455 491 186 796 857 488 293 312 915 563 325 851 596 446 120 814 165 984 293 334 308 715 870 825 860 259 192 156 970 914 666 834 811 25 944 225 490 320 817 602 694 575 613 204 89 759 296 855 234 146 972 656 264 502 987 832 91 228 90 262 517 196 577 925 860 662 146 969 333 947 632 675 115 369 400 352 323 243 51 234 813 453 975 757 757 982 214 128 741 16 233 89 709 610 111 122 310 123 81 520 293 962 129 868 726 889 260 707 245 92 970 727 35 253 939 534 222 695 45 498 751 806 471 784 645 855 105 976 283 53 223 618 318 766 715 353 164 836 319 542 575 131 127 20 416 427 404 778 722 794 678 959 504 809 913 789 279 918 728 617 256 455 630 655 446 335 352 595 818 676 59 38 616 706 565 839 281 837 446 480 852 383 515 788 749 474 19 51 902 314 885 878 617 380 355 318 968 876 705 857 533 782 390 894 538 210 626 107 817 670 417 919 307 40 103 224 948 347 72 433 508 458 477 24 965 109 897 89 931 216 775 200 380 815 837 221 47 247 687 554 64 299 121 565 415 820 811 762 667 730 985 861 846 779 166 541 503 770 63 148 914 515 321 165 447 586 236 21 810 394 39 425 3 436 705 893 644 309 250 7 977 105 235 820 5 593 757 154 861 267 168 810 944 452 607 557 739 323 224 412 927 231 649 884 334 277 461 104 861 606 318 150 483 209 800 251 74 563 482 883 480 69 142 607 900 310 735 252 3 263 259 349 35 537 14 995 701 343 171 241 117 42 329 166 169 165 378 742 590 25 23 989 351 479 262 797 333 973 436 937 297 444 131 331 116 563 697 693 512 775 821 933 272 141 966 607 399 826 899 264 712 767 121 391 674 48 697 140 
575 867 242 571 771 809 306 652 264 766 92 598 283 693 311 255 251 926 187 616 669 126 743 650 33 493 526 434 687 983 204 122 885 70 753 312 150 706 110 630 225 938 657 852 93 568 347 34 895 375 476 394 453 125 472 274 580 2 207 883 74 535 638 845 863 704 895 223 634 830 857 341 423 14 2 989 349 451 736 382 862 953 950 972 17 744 67 191 735 40 37 884 223 140 91 494 508 317 612 876 908 214 682 200 780 752 460 297 229 648 216 36 23 204 809 621 904 140 517 656 363 703 770 613 762 643 327 40 240 613 908 353 923 682 324 959 975 355 67 498 997 924 7 114 427 951 881 956 215 922 223 864 119 215 35 47 739 358 672 860 981 958 840 632 579 644 791 939 328 202 30 217 450 789 763 942 342 428 529 64 939 127 628 967 29 629 281 346 889 186 249 514 45 331 652 465 822 910 926 85 802 906 936 182 912 429 364 892 606 793 448 678 996 958 566 862 75 359 123 808 899 56 197 590 560 241 351 230 926 64 150 883 543 754 503 902 535 124 918 231 980 265 309 422 66 226 46 517 857 397 921 96 358 391 532 62 395 406 644 853 999 194 128 653 991 423 343 985 894 624 592 987 542 999 874 813 467 338 759 625 273 379 827 589 698 438 244 25 967 684 37 970 607 170 185 37 306 917 504 864 86 760 166 689 578 589 315 640 640 562 424 654 811 1000 722 722 314 55 199 189 10 510 222 956 961 606 960 470 144 483 310 917 371 209 457 733 395 161 590 875 556 311 419 135 174 944 94 220 622 955 533 342 306 277 474 53 31 149 615 373 919 775 397 757 774 960 699 901 905 680 885 675 280 491 661 601 692 247 193 295 930 604 463 829 393 383 786 625 384 826 536 715 64 906 420 24 929 343 398 612 58 771 85 667 5 672 898 4 850 638 247 876 898 351 536 151 921 685 240 27 337 348 375 452 403 379 722 897 862 980 319 450 271 176 961 477 443 115 927 434 152 827 689 458 448 737 129 732 233 395 830 492 70 153 768 598 782 954 761 824 11 854 717 478 192 977 203 544 484 904 225 678 960 58 716 136 908 90 693 722 461 222 483 372 540 934 206 592 960 302 728 178 571 84 248 273 42 700 644 136 
983 238 764 422 749 343 419 243 855 353 796 982 687 465 465 922 225 751 983 424 633 847 949 296 431 805 569 208 354 852 0 513 248 403 813 68 200 583 269 742 203 619 12 945 814 875 497 342 291 533 753 308 130 777 252 471 953 105 107 114 166 347 976 994 774 934 185 731 314 172 330 753 853 823 238 519 102 549 918 835 522 157 380 724 516 511 597 70 811 762 208 678 446 268 862 797 323 742 474 603 924 371 523 798 295 249 428 234 972 353 459 660 369 195 228 335 486 927 663 975 661 800 187 334 225 831 456 976 196 793 271 766 241 978 910 197 838 891 405 108 344 829 0 41 888 884 276 461 415 655 647 142 394 195 927 25 515 956 302 956 772 497 221 640 230 785 113 167 695 775 344 705 127 992 441 957 169 390 382 812 218 633 679 831 316 237 637 766 737 769 907 587 119 82 732 306 728 486 179 977 889 228 910 859 722 319 666 95 159 308 862 284 790 177 808 547 498 756 341 26 306 967 174 557 158 24 524 234 368 214 551 946 479 52 650 992 981 116 319 389 122 45 715 25 356 180 842 449 460 116 658 951 561 240 41 298 978 7 81 297 356 979 513 597 203 86 996 294 210 304 611 479 257 301 242 152 540 872 954 815 282 226 359 464 784 784 654 64 793 98 595 623 45 367 744 159 189 168 137 413 677 731 527 747 359 595 129 41 78 906 523 573 944 220 228 899 74 459 124 955 414 504 882 796 318 394 502 293 273 911 423 67 607 56 292 951 645 373 427 136 565 71 380 741 143 273 414 535 758 24 440 49 142 872 233 424 384 487 74 882 347 131 794 706 893 947 97 535 921 147 656 933 65 873 122 162 324 773 545 878 737 88 966 154 621 475 268 193 467 314 762 400 358 73 572 33 353 959 706 937 154 959 267 752 531 202 364 767 718 214 318 652 20 645 888 704 190 574 524 718 480 335 205 760 84 797 645 801 812 523 582 294 663 66 102 676 135 57 59 159 446 700 497 183 606 463 653 67 948 607 290 355 137 857 878 597 153 657 482 443 503 101 490 409 691 803 451 264 109 375 984 15 827 519 614 668 937 833 575 680 282 728 205 174 707 304 251 96 131 561 516 100 279 647 663 484 572 959 699 863 
625 762 249 571 152 340 909 246 850 569 179 875 270 531 702 158 781 321 952 933 110 96 142 629 98 986 126 104 78 406 371 702 40 232 200 691 701 316 810 443 611 898 78 183 518 772 599 712 320 702 265 969 168 379 283 332 393 708 148 675 685 651 372 543 358 325 397 339 108 262 283 470 320 169 420 42 142 159 671 550 540 589 475 336 406 169 50 278 76 923 394 869 753 891 804 702 987 253 765 222 741 824 218 408 453 580 284 315 895 269 918 935 460 800 583 794 143 251 621 522 448 262 965 157 792 678 522 37 534 671 693 665 789 724 229 906 10 213 773 877 740 641 755 662 427 448 655 627 345 578 500 345 390 736 479 796 146 400 68 300 194 549 681 117 480 108 327 115 266 276 934 708 763 741 932 397 197 681 707 929 476 183 394 606 125 311 841 603 593 889 523 495 23 771 72 589 341 264 160 438 333 777 743 538 336 585 11 203 294 220 615 571 940 926 624 43 628 312 633 84 268 666 36 696 742 315 470 369 768 917 605 887 574 867 546 886 797 491 628 308 805 976 320 671 947 820 595 334 427 814 672 343 252 933 455 538 361 529 21 929 880 873 622 992 928 570 734 376 553 71 88 499 91 464 715 573 713 602 128 131 899 206 113 934 35 728 997 981 701 755 53 819 756 304 320 622 474 902 504 80 904 91 648 855 209 342 702 927 677 623 157 690 249 236 827 887 384 627 915 140 484 594 911 538 528 153 521 120 732 619 629 356 954 371 91 684 198 798 94 114 956 757 773 898 794 643 604 873 352 791 54 509 661 304 126 932 587 188 1000 914 336 313 318 782 179 490 319 918 595 154 259 563 782 798 425 93 646 574 4 73 180 986 760 58 149 39 182 74 470 904 346 643 6 144 777 861 176 134 990 14 651 331 357 708 302 363 79 177 914 882 865 878 573 192 73 984 595 69 960 17 569 283 922 171 914 488 66 513 129 521 638 260 932 397 451 706 73 11 432 462 505 295 676 769 211 620 877 191 102 245 142 489 89 569 98 131 656 713 529 387 220 131 396 98 9 902 292 907 557 180 141 244 870 83 333 798 251 880 52 165 815 330 750 742 814 402 397 970 831 45 967 768 499 212 850 552 133 469 125 128 
225 549 497 548 580 658 899 770 769 63 596 909 466 924 572 937 919 663 113 502 519 493 626 985 220 260 935 465 930 727 895 415 177 789 551 151 251 136 552 0 473 558 923 267 955 830 297 56 551 313 167 770 848 133 731 249 592 42 636 442 685 172 991 723 101 841 401 885 928 154 162 756 782 858 653 978 610 827 82 360 976 554 288 381 162 903 173 175 902 995 370 466 244 969 541 30 661 550 724 6 601 726 249 785 243 772 309 179 801 161 873 98 32 113 973 844 659 107 152 27 84 956 822 926 667 429 198 218 587 592 63 543 346 733 113 344 393 266 79 273 619 20 162 465 33 55 397 161 85 644 372 260 310 745 960 70 143 347 446 32 657 65 163 670 173 586 848 499 207 374 636 903 230 376 1000 430 3 370 305 337 16 241 524 855 494 916 863 741 829 155 199 278 535 342 368 232 261 114 578 683 979 31 242 723 784 431 177 368 669 280 28 417 684 943 701 536 624 633 519 369 850 410 734 267 955 927 432 656 58 999 659 261 703 634 975 940 724 593 909 801 176 915 606 695 783 416 134 131 26 232 640 647 564 119 764 933 639 746 518 334 611 471 384 831 736 880 693 773 254 371 996 587 3 460 191 862 572 655 731 498 60 15 394 111 849 708 700 685 454 474 931 451 687 931 494 869 360 401 116 360 66 84 665 39 589 928 513 269 414 636 802 970 601 525 828 222 627 28 335 952 182 867 422 625 643 667 884 132 222 747 122 742 952 636 168 129 324 721 339 542 36 971 822 773 786 698 506 136 733 805 206 421 471 213 997 303 326 146 207 923 164 322 887 160 199 802 989 267 241 425 654 499 585 616 629 807 103 774 763 389 216 94 279 263 200 729 16 772 486 887 145 824 725 790 629 321 298 530 418 26 322 929 779 419 696 600 63 954 43 609 352 731 223 1000 430 301 171 741 232 51 702 394 204 205 967 757 603 400 243 319 536 673 166 878 533 597 414 630 702 674 973 77 786 57 348 662 826 817 249 641 697 987 374 372 866 719 667 413 724 24 38 816 559 72 216 281 766 627 566 869 193 19 574 577 250 632 704 539 442 416 382 795 452 217 259 748 18 644 971 953 845 501 495 878 491 660 592 627 559 605 
687 573 469 855 25 502 657 547 821 601 927 180 675 170 731 230 792 158 899 764 114 715 982 42 813 403 210 102 21 619 403 510 510 483 665 311 936 622 669 514 854 144 360 330 212 390 391 558 62 204 232 958 623 883 443 109 779 508 798 224 682 288 574 368 494 638 54 927 667 264 673 296 234 323 825 524 320 553 796 998 764 553 385 308 491 794 569 266 401 996 271 163 692 99 780 713 137 581 138 371 457 159 35 65 989 709 656 284 881 954 119 376 286 783 407 702 436 996 160 909 237 715 579 906 305 152 527 787 406 579 396 855 790 636 984 635 874 348 369 793 838 771 955 429 34 857 927 453 512 277 661 581 300 268 221 302 21 782 61 647 762 268 748 774 411 166 826 632 970 584 61 878 289 45 598 82 288 70 695 70 710 17 605 234 218 656 448 7 822 314 306 209 456 511 545 271 944 379 665 539 1000 683 808 376 386 368 652 846 395 359 402 511 353 567 975 805 500 717 447 676 380 739 471 269 491 663 664 862 464 263 53 42 30 847 306 161 67 874 387 988 909 78 279 535 66 904 462 491 187 986 743 555 236 658 595 814 9 895 916 173 157 23 1 139 963 233 924 945 130 32 619 624 607 273 161 707 773 564 58 376 555 23 489 758 238 627 736 769 973 865 534 945 855 464 760 130 68 121 507 64 699 727 909 575 642 347 790 198 307 338 935 395 149 579 756 263 64 142 882 595 949 415 759 801 75 268 198 740 894 798 989 148 158 736 691 309 673 123 20 429 883 965 810 877 435 546 347 925 616 14 242 820 934 742 611 28 56 813 55 689 992 6 508 132 484 87 956 598 94 868 532 473 735 447 694 702 225 776 413 267 875 335 932 394 936 892 952 845 488 202 465 912 399 124 583 14 372 78 820 929 135 324 748 202 854 132 44 119 961 124 387 960 124 638 661 407 241 543 794 9 902 853 141 934 241 505 894 70 361 87 246 184 414 565 975 663 102 452 541 900 953 629 612 241 391 56 507 957 687 751 770 834 478 95 928 889 951 177 928 84 145 982 3 300 204 251 278 268 885 668 815 401 410 628 363 9 717 27 839 835 726 86 174 226 705 995 690 696 736 219 699 477 811 243 776 742 455 486 338 966 
956 579 179 742 906 622 951 153 525 659 739 214 0 548 500 26 965 437 398 962 441 823 750 0 652 755 571 956 267 311 653 14 518 243 70 190 790 741 459 573 354 620 35 723 30 474 424 96 436 459 791 527 454 584 670 771 435 665 279 260 335 783 508 453 516 374 786 304 538 255 740 95 154 303 423 254 407 123 749 781 755 748 190 441 846 427 659 187 395 807 840 909 173 902 591 457 165 225 649 1 111 598 640 233 98 663 815 455 542 928 385 470 533 236 916 618 816 63 121 899 447 147 376 40 870 129 118 327 389 55 541 155 743 895 555 905 800 94 496 941 936 852 650 458 942 370 916 164 805 653 738 685 424 110 70 274 550 627 109 111 596 81 368 491 577 7 589 947 687 685 984 482 383 999 596 858 672 747 552 681 124 870 97 535 106 886 425 870 227 430 287 544 965 725 101 382 320 598 690 850 666 620 742 25 992 218 636 59 554 381 126 650 549 90 595 185 323 890 822 225 158 386 570 172 285 43 184 360 154 196 279 507 968 664 850 776 489 250 881 835 732 521 861 562 320 601 726 361 452 533 492 676 510 621 904 720 326 15 201 797 493 580 48 835 498 891 657 486 242 816 189 493 1000 226 873 871 45 765 394 555 59 700 539 815 410 591 521 648 688 286 584 585 134 88 209 378 541 331 301 227 441 917 610 254 678 46 999 789 557 70 354 392 646 779 251 183 31 557 83 672 403 826 712 659 962 504 141 341 812 197 575 135 329 362 542 460 985 653 994 637 661 515 653 550 769 222 794 673 337 55 635 861 280 116 979 887 469 864 476 99 224 266 408 294 853 898 88 651 256 797 581 981 871 704 593 850 133 109 436 350 188 784 498 733 764 886 157 611 645 190 258 715 643 616 849 646 79 126 546 803 449 52 659 682 112 498 410 355 629 683 913 53 841 569 232 198 766 586 385 661 215 85 659 649 773 504 128 776 933 835 180 499 342 430 710 826 502 904 114 516 412 465 460 686 850 54 69 422 953 617 749 168 579 720 822 758 589 119 572 693 931 837 339 303 587 307 379 378 961 398 956 494 468 380 285 847 675 132 892 959 206 361 194 590 330 297 677 282 259 24 109 751 668 90 665 146 279 136 857 337 
666 410 610 575 925 989 709 442 467 840 72 848 873 444 962 545 845 979 110 674 1 311 416 138 776 579 510 294 949 618 358 612 17 394 750 553 493 393 468 518 192 9 115 179 524 870 82 149 946 443 886 611 52 472 324 237 616 602 578 905 315 676 640 613 337 281 596 546 853 397 286 973 380 977 470 858 250 51 343 502 108 367 889 664 952 77 301 980 491 486 430 725 270 734 37 970 777 679 312 659 115 566 474 514 684 610 412 308 243 40 264 870 465 617 86 725 585 743 91 480 397 829 297 95 920 333 710 414 833 139 101 942 720 77 991 258 970 129 127 593 60 413 260 46 836 704 676 864 530 483 268 94 1 295 109 332 373 396 347 239 483 795 45 1 412 962 226 407 769 147 893 245 296 36 503 971 961 935 118 286 549 795 62 482 158 572 199 781 720 555 813 704 62 509 103 952 869 600 693 779 996 745 49 406 766 713 362 323 208 676 596 453 236 626 863 156 311 958 707 80 300 783 667 64 221 39 378 876 603 575 495 89 58 623 716 50 836 591 120 15 296 383 264 188 299 211 226 477 640 543 734 934 220 836 775 143 393 448 953 782 979 703 820 454 985 317 196 366 158 31 846 720 941 698 287 461 329 885 125 60 155 238 633 110 597 92 729 131 799 582 785 35 524 595 897 682 476 828 204 137 647 290 234 852 806 398 403 222 980 588 165 808 290 228 105 168 818 976 507 28 189 773 88 550 544 447 342 856 912 407 282 510 506 375 475 651 635 222 809 386 233 126 316 501 492 496 772 284 781 655 162 143 652 617 410 409 632 355 124 854 859 195 469 931 709 101 833 169 556 652 276 553 547 375 165 271 866 252 524 215 126 213 669 212 553 158 333 100 292 379 16 644 451 407 253 32 775 876 912 35 941 743 997 832 656 910 979 183 397 201 740 491 246 795 746 219 735 930 592 76 953 692 200 226 804 984 880 540 939 464 590 915 547 824 598 659 475 889 397 247 624 440 955 641 960 0 227 224 169 257 247 82 676 34 752 770 514 502 840 989 456 963 310 15 60 338 995 356 474 771 695 320 988 666 742 4 929 97 921 625 446 364 55 909 94 960 241 690 349 463 554 523 40 894 60 274 255 918 392 352 
522 175 700 57 555 431 639 873 947 453 104 442 490 108 703 269 160 5 714 953 158 613 864 147 877 990 13 586 44 129 91 154 986 764 111 357 374 798 804 845 191 581 536 860 695 899 714 846 478 457 921 209 805 570 21 425 971 240 181 112 265 658 902 129 46 189 894 428 604 316 144 190 815 958 63 209 499 364 901 930 861 824 170 152 262 230 14 435 514 510 330 970 455 489 814 59 853 987 908 574 432 40 702 433 566 907 755 938 924 265 368 586 602 952 476 392 457 949 645 750 328 906 600 690 660 190 524 495 752 718 289 617 380 170 967 539 642 345 649 633 86 105 915 553 208 667 972 696 568 730 0 753 899 742 913 331 974 797 753 264 912 462 194 966 816 677 925 448 932 541 790 189 342 284 66 609 918 588 830 413 72 305 468 264 125 838 120 217 380 928 716 868 105 408 958 464 291 299 884 638 38 295 961 533 356 700 667 910 91 215 362 30 426 665 108 468 113 554 17 803 757 72 5 662 233 427 518 905 245 250 581 530 259 576 351 850 157 285 61 178 185 205 989 776 861 210 697 880 535 57 139 115 26 167 220 261 11 224 310 607 298 721 190 854 355 398 214 163 934 770 871 737 111 249 868 417 38 931 338 258 251 811 824 889 289 220 622 564 506 606 641 414 293 747 838 655 292 407 152 159 458 171 733 195 707 495 351 59 157 500 797 567 629 763 567 424 742 324 339 992 826 875 301 76 945 318 606 255 599 922 694 512 46 776 940 340 16 209 578 949 893 38 276 553 356 273 272 931 902 238 275 529 967 944 453 19 323 362 794 3 917 172 355 175 117 487 319 493 60 839 195 994 399 872 139 702 86 561 883 689 267 24 69 217 123 913 29 79 459 515 767 828 778 953 547 796 882 727 934 19 772 12 558 860 429 509 379 404 110 787 921 667 591 158 639 148 655 403 449 148 260 7 663 858 903 948 394 550 969 556 454 246 613 385 771 765 994 691 735 478 982 536 143 944 145 986 718 952 88 55 564 465 80 206 163 333 821 304 959 849 548 302 874 281 417 62 977 58 770 854 647 590 424 988 659 549 203 936 532 99 422 768 399 479 958 886 645 306 356 583 700 371 963 388 630 667 357 446 925 480 
403 48 128 205 133 11 852 322 914 863 563 46 807 504 800 22 831 825 23 365 335 829 97 959 92 998 223 465 220 2 827 958 520 981 709 111 928 542 603 584 241 950 300 456 119 139 339 132 992 361 623 430 765 331 211 712 691 876 451 521 116 326 613 287 233 304 684 151 5 806 715 363 906 115 357 915 890 139 664 610 265 295 519 203 43 236 781 518 54 876 987 302 936 512 577 382 270 837 729 443 896 339 165 630 461 325 475 225 859 969 602 984 585 557 66 141 524 614 325 598 837 976 433 793 664 114 797 577 472 171 717 554 678 935 214 906 63 390 240 82 701 103 708 124 242 525 119 472 839 221 865 40 101 912 403 211 663 38 327 301 505 779 149 386 704 651 314 716 319 562 991 520 740 309 61 425 911 234 423 483 637 899 21 195 558 688 467 865 466 123 407 266 15 109 656 998 110 727 654 455 350 847 653 309 650 458 87 241 82 636 628 178 392 902 133 235 0 881 78 81 260 760 355 173 885 877 387 560 873 845 606 432 252 884 164 522 904 809 228 850 858 965 621 278 61 217 408 84 835 637 765 563 712 622 579 973 928 395 667 940 228 395 837 105 390 33 963 397 516 190 692 824 965 836 718 885 756 414 642 352 267 56 164 363 340 811 747 680 496 217 185 408 499 947 185 50 84 32 980 502 13 171 139 409 410 672 94 226 120 344 313 885 194 221 112 795 50 36 355 607 985 239 676 761 155 535 499 387 721 931 558 286 945 535 229 243 828 850 69 412 191 315 107 219 175 833 235 144 177 985 6 534 826 514 221 164 132 566 26 269 290 536 662 608 361 630 686 405 756 765 478 272 843 795 240 397 213 54 784 569 884 815 590 58 294 56 938 425 432 814 805 147 725 343 959 520 943 85 627 411 806 930 570 477 0 83 171 821 54 636 381 529 856 214 713 849 329 606 50 700 422 477 214 538 954 650 718 598 444 393 761 111 821 123 347 740 637 466 551 418 731 221 539 7 603 397 469 23 171 839 445 853 73 835 327 808 966 11 331 253 702 472 951 885 603 344 624 943 431 718 622 725 129 570 413 79 490 582 517 240 972 747 970 727 936 354 961 676 953 693 825 95 284 426 472 651 349 391 140 603 
289 61 862 791 393 931 932 725 367 732 248 474 720 272 183 896 944 500 149 151 795 813 881 182 687 109 988 296 676 1 880 775 228 454 472 300 555 747 63 545 515 877 626 665 535 524 885 336 427 825 126 38 990 507 161 494 209 22 795 352 508 19 791 364 444 703 783 831 473 391 216 546 102 838 35 569 508 34 423 957 800 572 780 126 670 247 404 563 430 791 115 541 649 924 406 734 591 213 450 910 822 327 31 218 956 560 673 799 86 938 252 497 450 964 53 854 679 77 237 509 947 838 578 650 873 281 352 858 276 825 379 862 206 138 235 518 964 161 141 213 331 697 508 132 870 278 830 152 635 28 375 439 857 878 817 119 959 410 359 671 179 301 638 952 401 643 979 726 182 486 25 884 53 900 629 537 814 48 577 982 562 957 831 916 878 744 116 19 67 594 832 934 199 428 966 823 816 422 46 519 827 773 757 654 701 980 328 108 556 735 297 994 258 382 275 41 124 535 128 261 679 890 891 1000 915 22 562 840 278 292 46 595 944 868 756 250 774 943 373 476 844 937 396 951 49 688 684 898 540 903 499 565 701 191 374 207 497 483 424 381 696 293 654 87 793 367 307 588 87 257 932 505 970 461 899 278 940 848 198 613 207 839 663 833 122 50 781 414 744 597 886 56 382 725 640 294 918 197 703 539 866 668 616 731 111 401 571 910 894 605 562 208 112 698 313 997 312 761 458 951 705 14 314 791 817 354 80 415 839 87 997 53 48 906 44 270 159 930 66 136 303 240 358 719 731 163 964 119 462 824 1 355 300 849 866 515 719 116 125 528 654 581 901 779 444 669 82 274 853 129 382 814 680 589 105 415 242 744 803 836 424 758 735 894 810 269 353 159 862 21 304 392 865 453 380 795 900 916 845 530 746 141 102 442 256 270 527 223 353 303 343 858 536 385 15 304 711 493 216 33 991 92 893 792 615 386 551 713 192 854 944 133 200 552 108 643 502 169 894 859 527 443 495 837 113 25 649 160 726 297 472 864 960 843 146 878 310 42 977 992 393 464 276 337 234 489 152 428 277 938 841 97 112 190 814 378 620 510 611 275 245 595 525 248 755 421 346 663 421 802 317 31 419 145 911 255 176 578 580 844 
125 271 652 359 152 702 569 973 323 52 978 850 782 98 381 758 199 549 32 343 269 776 809 626 247 226 176 943 629 244 191 435 329 496 655 373 415 567 488 452 123 445 62 290 445 212 59 651 79 102 166 314 299 349 197 60 276 258 341 107 878 394 396 385 43 679 76 965 613 277 423 808 362 959 784 656 542 453 802 4 473 660 625 36 643 978 177 489 192 24 932 694 192 806 511 809 808 111 503 827 82 846 124 931 972 284 568 696 646 543 992 149 977 682 429 972 167 503 561 779 80 206 66 251 627 33 885 271 290 711 211 675 268 14 162 860 248 779 226 257 518 225 667 343 97 397 493 932 396 106 649 183 932 904 267 587 827 521 67 83 139 58 972 150 294 790 487 60 102 590 237 169 422 725 78 124 56 324 787 696 276 916 669 541 43 116 739 702 83 638 705 581 134 606 663 878 13 802 197 685 518 345 99 950 621 764 769 772 411 50 859 525 169 849 939 0 659 726 135 586 390 784 744 591 177 966 559 273 108 551 186 589 862 790 380 351 792 502 821 337 154 543 834 676 526 168 839 550 176 699 443 608 289 999 698 840 503 117 198 505 302 537 194 521 391 883 288 29 123 824 752 158 752 579 444 172 954 878 570 339 473 356 494 950 958 534 129 370 275 387 849 825 115 360 621 364 310 219 280 708 859 780 370 991 464 737 160 883 542 63 654 592 654 254 985 502 324 774 279 573 947 324 848 654 467 99 973 324 954 589 966 501 758 896 625 796 524 996 979 112 865 757 306 725 639 299 122 634 833 642 904 8 285 60 642 170 720 924 153 562 170 132 132 978 566 941 947 886 655 781 39 397 139 556 859 783 852 479 889 803 907 430 874 155 474 769 64 37 609 513 575 503 798 282 538 564 545 45 929 526 818 161 33 604 388 5 493 893 716 725 935 335 218 100 983 992 933 158 760 269 914 637 394 511 241 968 778 164 965 614 634 983 709 8 121 780 391 679 7 851 89 355 651 93 234 357 532 717 89 828 100 557 337 990 78 448 956 677 152 679 211 61 874 327 689 709 11 519 78 98 555 798 721 179 44 282 438 686 628 674 733 823 471 903 66 237 28 474 901 909 12 790 312 539 617 967 699 536 625 7 
329 175 979 497 842 967 240 207 820 148 165 212 853 197 721 297 733 39 1 795 246 263 396 688 266 150 612 600 511 166 398 890 625 815 119 603 150 143 793 640 68 672 530 192 936 434 953 140 417 516 95 993 859 283 66 545 488 975 579 264 890 103 389 289 46 817 156 490 330 752 625 303 84 421 843 800 878 239 407 724 754 972 567 186 990 291 225 484 770 20 548 260 346 836 603 855 102 92 936 271 907 44 280 72 570 12 618 713 257 151 204 271 465 320 296 913 891 89 252 525 580 926 332 442 224 744 605 733 483 992 930 618 712 318 727 98 447 306 565 238 398 145 789 292 775 793 179 718 76 682 759 152 645 108 687 0 651 515 258 383 787 842 437 239 318 858 302 556 911 59 81 38 852 137 923 190 536 221 36 28 61 43 49 841 692 695 423 69 158 533 482 491 742 980 344 819 655 188 501 446 644 275 577 384 269 92 51 921 293 6 148 68 405 36 150 522 462 487 968 631 574 730 172 661 71 405 137 753 528 206 251 268 583 236 753 895 346 604 150 187 137 374 156 949 966 724 429 975 769 289 10 388 255 406 439 517 507 837 134 488 161 782 171 869 592 530 479 936 942 412 335 878 977 671 932 238 342 350 247 38 287 720 650 331 462 219 102 17 884 236 25 405 562 589 879 749 806 683 500 330 890 475 132 961 281 120 748 365 938 281 882 65 633 70 490 319 60 104 872 380 592 555 66 622 378 299 266 989 179 354 228 827 979 184 485 763 446 368 437 517 686 410 419 1 334 830 835 848 212 37 133 985 79 736 147 23 285 851 870 713 204 121 540 954 357 556 687 496 128 994 266 98 627 848 468 666 659 660 553 217 668 658 376 727 630 683 959 889 993 574 992 8 703 184 212 793 821 854 708 220 616 328 729 679 312 722 221 489 677 753 577 484 247 348 904 57 838 949 332 751 957 948 254 485 522 73 595 135 658 709 889 307 432 932 144 126 98 374 297 347 715 82 170 596 25 835 6 425 788 105 995 945 359 820 266 622 939 474 964 946 941 761 232 591 687 824 775 149 648 577 911 674 759 843 186 566 174 777 17 227 918 464 634 695 365 661 805 641 854 263 563 84 236 793 873 332 56 345 234 363 
989 784 158 715 505 82 67 973 979 357 42 857 317 151 905 517 21 425 901 372 447 121 614 45 620 839 335 170 599 624 417 64 519 902 736 994 669 540 488 43 601 627 85 652 740 267 931 546 958 189 506 993 450 707 483 975 0 361 705 435 76 486 979 222 94 792 233 526 92 743 232 471 286 883 121 877 402 842 943 117 263 890 822 807 282 109 631 469 243 835 349 321 491 883 84 977 772 890 813 684 289 460 834 421 92 988 149 147 955 586 412 795 705 872 113 812 792 939 448 747 131 737 827 262 917 474 557 183 608 60 163 496 74 566 630 803 432 431 336 371 383 874 964 713 942 924 995 568 911 762 679 993 106 264 802 547 885 125 323 888 225 250 524 791 504 454 202 350 386 241 227 578 843 645 889 875 894 967 863 734 384 158 120 502 727 787 499 218 552 456 426 394 999 781 438 257 365 358 605 48 67 80 628 10 192 717 760 88 388 291 694 958 768 858 179 599 674 127 254 259 760 63 713 693 407 302 112 735 383 939 846 377 509 92 883 170 969 187 381 303 52 618 228 261 543 807 222 414 465 191 982 192 278 378 308 360 135 513 514 0 96 946 992 214 318 168 900 8 630 878 227 925 934 939 484 530 285 765 86 750 176 114 773 670 434 246 244 407 515 290 832 782 549 137 176 81 196 272 317 134 67 210 894 24 100 863 638 344 866 696 395 844 624 399 969 194 714 171 54 170 856 315 507 474 282 46 346 554 663 11 675 788 917 991 785 403 895 937 128 414 422 604 757 606 539 26 299 155 92 17 337 362 460 452 285 775 927 921 371 154 868 430 291 369 337 732 321 357 390 991 390 168 502 326 435 113 840 913 671 918 688 49 633 583 494 790 856 925 971 628 864 499 445 0 532 155 174 430 459 454 839 88 249 237 726 225 200 207 207 301 146 527 288 568 276 459 374 86 156 56 739 432 496 254 602 440 952 499 87 519 962 509 760 757 60 960 131 325 318 33 672 368 270 892 57 10 370 166 158 613 943 949 324 692 285 692 127 74 676 487 135 678 998 827 356 71 22 18 368 334 224 57 711 411 419 907 526 93 849 271 881 297 433 42 952 257 713 633 796 762 928 883 307 272 256 802 419 121 582 973 
930 331 635 680 313 548 331 302 369 157 145 289 929 542 824 829 788 144 209 978 775 521 212 768 219 763 762 414 480 598 245 76 351 910 505 351 121 539 325 64 374 143 207 372 86 92 777 689 305 748 13 567 144 469 142 942 154 918 566 597 442 916 207 286 632 302 796 387 99 633 860 928 873 847 212 775 551 473 435 240 214 617 677 219 286 524 628 2 202 203 284 577 253 508 734 579 417 307 202 141 172 757 451 91 15 671 918 3 446 511 65 627 200 258 941 425 709 181 370 2 834 297 536 38 929 210 212 552 692 221 493 363 871 859 203 682 770 443 839 460 623 866 870 453 177 765 469 109 134 47 819 619 713 206 960 379 678 17 22 399 309 630 75 556 438 271 918 313 75 186 536 82 637 912 509 771 992 952 403 651 652 483 829 256 21 250 324 733 153 362 185 49 607 907 179 252 967 59 837 321 322 511 87 268 226 913 370 126 618 640 166 993 778 828 694 248 820 402 440 161 776 704 961 623 823 381 932 55 454 809 121 276 1000 58 140 861 204 75 537 84 378 760 255 815 460 191 958 23 447 406 166 574 66 113 947 618 96 782 45 642 726 912 639 699 782 231 433 209 598 575 176 282 371 587 501 637 401 346 406 612 791 786 40 566 575 328 391 182 675 888 759 584 189 18 344 879 168 569 919 113 985 112 849 267 777 832 384 975 800 624 183 719 15 764 550 400 768 639 110 685 490 301 247 410 603 314 93 319 604 564 242 172 452 816 635 886 650 387 78 360 387 879 525 906 616 107 514 596 237 710 48 997 906 131 70 849 915 628 200 988 968 526 434 630 934 800 105 821 975 880 700 442 960 280 150 51 161 148 509 698 72 145 558 431 30 489 64 554 285 486 205 899 177 203 729 79 445 268 867 185 204 27 747 642 879 104 158 786 564 463 822 477 444 894 738 423 322 93 389 871 410 316 998 856 859 885 576 979 823 856 448 460 772 950 648 218 711 286 133 708 923 939 214 401 375 301 371 538 12 371 878 893 336 929 417 857 789 876 287 560 957 137 652 612 185 507 54 676 378 307 709 747 792 706 934 558 318 692 936 319 147 139 729 572 890 635 445 975 233 476 775 887 711 34 59 308 301 425 549 546 
168 635 32 554 103 547 483 795 247 13 650 159 815 572 678 449 745 796 183 27 582 857 542 693 710 867 575 697 107 137 96 584 772 636 869 883 435 800 852 79 419 644 953 679 265 973 262 320 676 405 484 61 264 800 923 141 66 951 914 176 385 65 478 841 832 327 544 139 527 168 963 66 975 368 150 198 122 75 554 544 701 756 895 164 985 945 32 755 983 796 179 14 362 146 907 820 759 59 780 676 916 733 846 722 279 318 836 340 736 760 775 569 389 281 688 792 932 224 908 133 336 158 834 87 822 251 379 578 66 127 894 922 290 635 816 624 199 488 312 390 180 689 225 157 470 213 840 777 568 929 704 18 983 253 814 801 598 604 884 640 867 850 809 84 607 677 676 789 435 509 797 491 724 201 416 820 846 406 98 957 479 297 241 304 627 410 286 280 643 972 141 991 51 671 771 619 702 225 501 990 848 92 568 189 747 705 985 466 621 557 46 436 210 96 718 7 866 520 498 328 689 51 900 198 104 648 673 738 327 725 688 2 755 380 773 781 140 729 636 939 684 263 769 268 452 374 891 283 55 364 715 439 843 117 772 132 866 190 519 559 777 144 668 59 669 3 26 571 451 154 213 236 501 421 972 946 673 679 334 851 764 487 376 810 763 282 633 895 554 547 71 34 461 897 452 461 299 363 363 5 1000 428 197 513 617 928 266 433 457 53 408 90 526 977 685 907 813 820 553 178 910 845 130 82 128 231 269 789 86 840 329 657 601 151 583 60 671 247 527 668 314 943 696 885 216 653 214 495 681 885 141 435 763 220 787 382 173 649 606 916 605 954 411 564 157 269 248 495 984 751 812 989 892 22 74 35 183 918 788 872 815 491 718 35 274 776 245 706 999 560 292 307 449 642 36 722 926 592 723 4 189 194 226 374 813 365 617 556 905 996 387 610 91 805 884 602 203 893 766 809 194 400 177 352 365 209 288 754 676 0 29 456 281 801 443 424 630 685 182 363 832 37 282 148 649 133 771 217 301 609 180 51 311 668 652 317 129 175 771 264 530 641 171 890 824 926 756 691 496 126 926 649 512 802 137 298 388 854 757 685 290 389 422 375 337 483 532 828 371 923 484 818 426 924 393 238 189 213 248 756 
842 910 880 818 245 694 795 418 485 292 563 661 1000 238 819 208 108 357 139 658 658 77 199 180 554 454 248 144 301 572 580 585 410 38 852 707 708 946 902 804 646 711 482 593 264 260 645 869 179 531 491 545 47 620 401 596 376 206 103 29 938 64 692 886 271 36 978 878 47 528 473 683 346 4 799 122 794 676 220 921 774 108 559 176 918 868 295 735 387 944 168 910 986 275 1 430 899 449 413 407 478 710 68 104 289 299 123 592 339 979 598 610 172 77 486 520 109 299 154 374 764 524 894 461 947 626 53 734 145 185 568 734 344 900 991 379 935 346 861 177 113 337 300 939 6 490 268 650 86 880 157 625 215 452 205 332 48 84 21 453 716 828 418 516 452 436 862 407 341 861 121 458 614 248 617 518 743 496 265 282 818 828 278 585 287 4 345 141 252 274 192 434 179 846 901 983 984 572 909 875 602 973 62 433 608 239 751 829 136 351 858 947 462 443 771 357 957 206 284 105 117 349 497 796 875 196 868 937 842 623 838 88 194 181 575 566 307 860 42 592 757 71 259 57 410 747 185 654 741 353 739 724 151 448 41 248 553 915 407 471 455 991 461 325 375 473 975 301 971 755 164 607 166 171 424 679 445 700 976 72 725 476 643 701 925 418 842 488 259 63 257 295 376 490 449 537 58 297 455 896 702 516 398 691 67 250 483 556 776 471 577 311 796 582 121 753 857 224 757 439 496 469 807 51 65 743 540 248 466 312 830 307 526 19 35 709 397 739 745 239 220 4 27 739 861 944 810 219 474 840 336 351 698 854 391 280 725 94 564 810 624 738 266 829 319 741 149 616 733 138 881 910 353 395 142 199 645 364 728 548 488 442 1000 984 518 879 944 664 419 796 473 458 447 161 986 402 690 857 90 65 346 529 778 755 411 403 704 43 315 278 873 421 425 666 424 631 17 32 318 375 38 965 534 762 360 180 524 960 304 221 8 642 337 719 762 277 273 957 690 69 435 49 833 926 321 796 590 931 913 638 772 512 949 349 951 61 540 613 120 880 285 957 61 469 900 279 714 809 156 680 83 887 393 466 916 232 77 687 35 402 189 114 632 192 126 774 707 246 404 544 809 284 528 147 699 652 186 300 752 272 
778 787 192 686 146 297 74 999 848 583 481 874 450 504 122 587 512 723 566 691 379 949 939 140 435 137 926 584 66 164 872 454 985 565 734 514 731 571 768 535 364 424 338 499 558 900 371 128 307 979 978 497 723 272 611 704 956 527 587 936 61 823 732 793 960 799 745 84 261 354 584 384 504 492 926 419 560 588 994 329 429 565 887 720 209 902 317 495 339 860 341 262 434 778 954 762 801 250 916 640 437 927 806 203 362 661 902 13 560 933 435 426 592 508 427 521 921 623 113 698 909 180 316 205 944 104 318 271 139 998 829 683 509 393 356 510 693 793 653 821 925 505 440 694 511 724 273 816 100 783 216 757 747 779 681 255 185 344 155 710 513 927 511 222 863 256 762 264 42 271 327 967 296 724 405 305 178 1000 860 78 561 842 393 712 378 635 469 798 460 28 962 695 320 419 72 984 71 540 569 597 974 159 285 366 884 634 269 671 925 515 565 138 226 639 589 952 130 653 945 272 242 702 976 766 882 731 665 455 839 726 172 597 202 200 746 353 960 881 841 315 398 0 824 116 485 256 8 116 685 437 594 687 41 360 139 177 569 983 492 939 61 479 80 955 764 214 709 953 107 696 448 883 691 922 429 499 82 592 213 902 203 502 276 16 344 31 987 275 9 99 422 10 582 503 390 504 104 822 198 808 565 231 234 809 70 807 360 578 863 346 550 973 806 639 499 121 498 68 191 475 674 474 632 701 920 227 219 455 331 369 777 682 283 864 260 264 16 805 301 141 491 286 78 161 952 549 275 563 189 526 873 249 138 39 46 175 625 835 185 131 347 435 131 911 767 723 629 444 200 765 175 850 101 261 383 13 445 831 30 673 487 374 538 477 520 877 476 981 22 161 146 5 98 780 261 57 605 952 104 178 473 162 731 127 886 979 503 936 132 730 276 366 650 788 788 475 110 791 478 196 654 969 98 542 541 199 450 654 669 221 438 262 517 481 956 94 691 856 918 582 93 920 843 171 97 363 75 524 666 26 906 523 967 184 913 75 916 930 58 292 638 703 910 437 562 416 4 153 449 333 543 963 249 393 132 906 143 826 482 93 471 752 643 857 512 894 44 493 120 134 190 769 539 287 519 873 404 317 309 958 
860 583 960 909 95 873 62 776 227 863 546 523 572 970 757 280 779 742 732 621 290 961 49 833 789 751 853 599 461 152 795 532 525 226 75 243 628 168 137 952 296 958 409 696 414 343 392 198 838 646 140 387 72 732 678 910 21 229 372 978 904 53 11 300 651 225 888 538 843 515 833 681 396 357 822 810 982 919 776 156 26 514 938 240 760 855 558 468 682 311 223 122 654 228 484 548 412 118 227 573 134 56 586 710 29 829 675 717 461 737 273 171 412 949 912 794 999 775 310 876 784 243 3 748 655 962 742 859 687 367 817 251 111 905 545 143 871 212 2 111 870 100 34 481 595 536 777 556 427 744 795 724 173 393 756 401 377 319 271 388 513 722 447 399 17 45 1 664 111 611 366 664 496 294 99 49 222 961 487 523 558 6 379 311 745 715 517 608 769 610 27 722 4 577 50 464 740 594 365 502 103 615 415 198 667 420 451 292 113 279 833 271 932 702 618 823 439 649 26 650 470 241 541 422 300 2 929 421 620 783 902 489 206 510 231 260 877 850 259 691 122 398 741 319 370 789 579 751 81 199 83 263 325 764 922 930 96 15 364 938 1 594 176 665 463 406 705 807 404 732 697 230 461 996 315 519 674 433 487 116 529 262 488 271 67 243 955 396 209 82 646 567 240 490 922 435 908 49 769 808 984 365 747 43 652 884 10 158 604 558 922 368 507 10 127 360 506 378 843 735 508 442 971 943 289 560 353 270 688 51 63 767 49 783 699 883 166 260 156 181 467 841 243 562 310 709 497 841 828 510 994 948 859 185 749 361 453 604 702 179 137 76 956 881 209 418 212 132 256 336 125 264 166 676 128 379 304 461 596 50 684 478 851 148 411 499 513 732 114 374 349 11 421 991 853 594 958 496 297 442 824 804 942 766 124 690 283 179 755 69 318 836 5 759 72 888 717 912 675 320 971 101 974 493 898 587 518 92 38 996 322 807 647 757 881 590 172 412 239 128 335 295 219 87 872 978 807 633 697 562 924 267 665 998 279 335 576 958 494 644 223 113 928 731 667 408 424 452 523 600 711 87 266 920 910 863 697 195 953 679 965 884 612 961 304 61 920 931 815 194 516 216 80 380 149 260 364 549 182 557 
216 254 120 682 38 148 445 97 295 571 332 967 114 901 774 838 418 326 973 827 181 275 136 400 32 144 492 47 63 773 275 95 823 57 661 603 396 80 199 983 155 192 62 439 601 752 983 569 796 436 750 440 933 988 563 828 546 935 939 717 56 548 510 727 812 195 71 703 724 558 286 475 104 602 748 71 233 343 870 886 939 495 194 179 890 88 550 629 693 116 97 198 67 204 391 878 848 997 606 555 964 317 349 749 366 525 816 531 818 473 765 349 177 448 391 510 987 685 338 182 100 679 26 697 649 142 315 619 138 469 106 89 389 135 329 597 674 503 877 600 219 923 852 851 183 44 826 821 968 994 406 403 852 247 620 185 26 718 876 272 457 880 503 695 468 186 282 461 889 601 341 515 440 548 602 434 890 892 190 829 979 440 132 447 148 718 210 525 806 511 648 24 144 841 149 394 228 168 936 613 217 848 999 666 192 490 734 255 772 24 17 632 16 947 391 365 710 231 668 559 333 562 896 995 55 821 412 965 608 883 882 871 582 711 801 427 964 376 534 472 581 183 830 862 947 579 191 273 784 877 808 286 768 763 23 310 563 548 262 215 272 273 644 166 723 977 479 773 648 966 267 403 271 401 633 283 31 928 445 377 808 969 840 674 871 68 86 27 573 951 808 660 25 162 576 991 518 918 989 461 141 474 403 412 590 190 992 505 737 162 567 469 547 239 506 39 621 232 203 199 304 338 289 809 994 268 237 881 524 745 533 389 266 893 543 996 251 835 563 835 555 165 283 78 990 15 438 579 840 20 544 578 742 35 26 965 537 775 348 175 453 177 244 940 697 330 728 558 203 424 884 355 140 728 761 47 220 804 98 765 902 335 17 118 818 379 793 711 23 368 877 276 781 798 405 226 180 476 885 933 964 44 52 770 130 442 747 399 789 208 977 146 768 187 934 61 867 29 266 222 236 401 1 249 289 125 964 45 374 3 959 498 122 988 233 750 949 313 771 76 0 809 47 64 587 365 178 175 252 764 253 702 437 713 8 758 845 170 334 254 59 446 222 516 713 826 734 988 270 455 534 316 713 410 967 544 295 490 373 626 582 424 676 734 512 803 137 129 354 473 125 549 792 102 174 76 644 658 983 963 
29 896 711 608 129 550 765 927 644 640 45 619 847 674 854 870 69 87 197 929 522 915 880 0 874 181 532 288 108 187 974 96 618 300 370 586 132 492 374 110 145 122 103 357 374 567 829 137 545 440 297 765 712 126 526 794 155 781 698 351 19 753 119 917 829 184 549 532 362 12 849 859 69 138 11 939 194 58 524 349 19 521 913 631 506 917 588 572 654 545 595 201 33 160 519 700 231 931 899 84 152 678 625 392 42 853 485 625 878 278 454 898 323 556 873 634 260 664 130 312 56 146 6 34 72 915 520 925 405 375 339 751 238 193 944 386 332 215 25 189 665 861 402 451 139 596 366 849 68 500 230 243 299 799 502 801 241 805 561 818 566 813 871 683 495 226 213 690 198 0 644 728 802 479 908 351 16 477 284 972 722 212 757 988 859 9 271 816 461 181 9 623 175 255 293 790 709 889 315 257 211 565 589 51 279 89 813 676 886 780 190 466 784 990 381 101 220 950 724 491 663 253 489 608 823 216 920 682 879 24 716 173 905 36 964 674 313 343 971 515 712 715 901 816 358 496 878 513 591 928 362 753 948 240 856 901 174 121 40 460 17 114 229 523 449 329 114 359 914 483 793 981 388 7 316 497 473 153 127 255 825 548 319 262 529 465 745 625 617 110 589 751 963 840 16 654 787 974 297 734 817 331 490 805 411 521 940 20 299 315 451 860 220 857 584 834 803 680 342 78 736 295 239 501 251 604 37 349 640 455 467 344 447 140 367 826 837 311 422 396 152 848 127 616 788 139 383 245 868 373 114 21 440 389 481 348 717 555 753 70 55 761 843 765 582 3 759 190 562 961 595 412 345 559 936 579 572 466 739 487 143 45 990 146 332 141 253 395 679 408 317 911 507 478 505 372 712 228 318 844 821 102 534 924 427 222 490 973 119 321 690 991 243 98 625 784 723 809 575 630 762 332 637 894 628 281 114 703 854 394 157 221 220 651 739 274 960 606 482 601 361 261 900 851 214 82 749 385 382 890 940 334 836 52 510 472 600 945 41 109 765 71 807 30 703 281 292 395 491 695 918 472 934 621 269 870 6 619 656 745 503 914 88 265 455 601 775 994 496 388 0 913 534 438 945 73 281 274 951 297 
561 684 985 817 382 874 668 121 48 968 159 14 483 283 926 44 226 421 608 574 479 885 959 596 453 379 137 722 662 541 152 183 179 768 950 538 383 524 32 754 962 844 161 900 956 76 363 998 804 469 827 857 839 895 441 566 168 508 63 802 109 301 921 16 60 725 636 322 318 372 655 482 835 83 836 713 286 518 269 256 852 809 21 941 580 375 250 759 232 467 477 498 43 299 798 767 237 403 180 681 607 377 143 192 383 40 862 23 728 319 853 708 782 676 948 430 913 150 548 651 892 198 396 814 266 933 294 87 852 316 292 961 111 380 798 374 443 172 440 980 478 989 409 360 146 830 903 723 557 418 501 409 10 543 473 608 208 329 686 785 569 283 802 581 956 374 28 429 516 31 748 667 370 459 968 14 411 618 3 687 204 494 350 367 890 190 221 76 600 922 33 873 662 108 347 494 84 105 225 91 594 715 907 12 563 388 915 990 428 511 167 149 113 873 47 830 149 300 761 501 450 928 953 905 140 352 939 48 467 399 3 103 938 710 994 967 203 416 213 402 168 925 754 184 944 437 194 141 866 74 616 64 710 503 485 895 137 226 288 101 116 36 962 852 705 356 224 927 426 523 422 709 795 759 460 281 185 63 6 362 895 505 562 798 697 578 423 483 870 918 580 158 176 901 420 675 428 997 775 108 913 483 373 817 956 650 560 36 973 108 804 228 246 212 345 191 720 571 956 321 603 214 714 631 951 627 156 345 700 1 543 473 10 420 271 737 5 365 161 91 276 486 152 992 533 666 190 454 238 545 364 871 92 419 786 138 625 661 940 572 967 494 116 929 225 609 248 591 947 54 987 347 776 640 435 832 151 210 511 827 555 99 169 216 359 403 458 829 274 880 158 546 578 993 296 170 512 295 491 813 559 119 697 766 156 372 442 892 145 558 478 924 506 644 504 132 698 102 646 209 141 87 699 534 344 977 279 601 287 151 595 64 603 674 587 655 219 157 230 997 37 564 564 837 723 934 159 649 906 584 695 37 10 732 748 874 674 339 837 440 822 900 427 184 794 89 595 578 472 747 461 780 830 29 599 207 810 114 866 704 939 851 52 434 848 677 371 916 457 115 141 104 365 774 181 406 372 400 281 411 
866 825 981 119 294 235 979 551 404 168 4 401 104 963 938 534 500 656 666 165 389 494 911 200 431 263 314 866 848 36 261 605 936 230 904 582 670 306 546 537 793 22 306 934 991 776 654 308 122 37 927 203 71 189 258 90 478 905 856 143 835 728 391 19 859 111 862 544 197 955 671 70 764 242 536 37 349 487 272 114 899 832 131 414 283 790 120 848 590 173 691 45 245 628 742 307 846 984 511 860 809 504 343 918 402 930 1 222 844 903 19 774 862 906 317 257 72 264 323 562 90 114 52 3 438 162 592 759 244 632 833 445 589 767 362 936 585 941 581 393 303 792 877 851 780 261 274 575 351 970 966 539 107 322 962 966 379 611 486 79 299 868 750 821 581 677 966 940 824 547 393 223 257 879 579 262 20 140 135 161 697 690 601 771 514 168 385 863 204 116 330 266 511 72 42 910 9 84 842 385 739 927 615 536 788 267 899 629 213 687 667 422 210 404 749 638 12 590 820 510 140 571 325 313 37 113 528 243 62 525 627 511 759 301 171 409 942 643 529 627 695 876 308 431 965 94 273 569 369 987 99 272 280 621 980 120 587 330 233 419 859 785 658 423 956 628 878 585 546 330 880 985 586 824 8 886 984 299 192 247 497 28 248 714 276 495 862 448 464 696 644 423 256 786 833 430 262 793 240 307 971 120 762 225 829 33 728 918 802 372 169 239 97 425 369 316 55 184 139 609 956 453 244 594 297 826 43 87 746 814 236 706 674 860 693 61 453 472 472 113 819 911 474 762 125 23 392 100 181 83 79 276 0 980 408 821 205 592 50 854 487 935 889 767 200 416 491 697 399 817 558 808 233 568 875 838 621 10 679 622 510 442 167 578 192 62 903 986 22 946 491 550 107 310 513 811 546 550 140 464 744 825 302 709 148 579 166 257 353 973 37 162 895 705 335 916 996 555 740 737 436 990 516 563 782 563 864 586 829 637 684 552 187 786 535 701 744 827 539 459 582 833 991 533 697 869 145 34 479 392 304 894 838 800 310 555 274 39 794 756 973 899 424 764 838 325 681 615 871 642 827 564 466 689 977 756 489 825 787 146 530 503 140 971 867 74 906 70 750 474 212 788 846 858 62 403 900 46 495 37 
876 603 82 457 634 519 159 890 487 745 463 499 993 4 829 205 150 151 44 54 727 259 359 121 417 337 284 70 770 866 956 312 762 375 794 33 415 677 63 110 580 281 323 84 680 772 794 613 39 309 16 180 189 264 419 395 212 557 550 705 939 702 984 230 690 744 832 510 961 135 418 381 747 522 583 670 751 915 641 862 724 194 744 499 790 248 954 828 551 725 575 116 123 568 826 497 163 82 857 842 311 840 851 446 821 325 805 963 866 328 416 912 383 686 564 619 574 690 385 855 36 561 756 633 446 431 119 145 814 238 80 852 371 102 685 331 265 749 830 653 530 196 7 410 84 14 537 638 63 259 974 561 239 761 767 463 984 45 310 814 372 835 104 212 486 931 46 284 475 108 723 185 789 908 12 319 77 867 334 498 897 960 308 918 509 735 171 613 977 816 550 934 290 599 924 467 873 907 483 132 585 568 850 298 553 256 569 959 552 670 61 403 279 487 598 347 5 719 432 601 771 457 523 704 406 870 866 798 138 679 97 584 566 287 950 280 20 314 835 446 605 435 47 81 624 10 17 804 624 259 283 828 90 579 280 939 416 547 677 0 43 275 495 852 465 541 339 295 401 730 236 307 550 544 247 453 769 390 96 367 903 631 380 844 628 355 976 347 129 730 597 8 113 707 890 17 778 834 13 376 454 606 184 401 258 306 366 762 994 962 284 351 667 130 900 505 752 9 533 864 613 527 537 581 232 511 832 86 208 504 108 453 60 130 821 353 26 47 172 133 359 71 422 718 543 51 779 73 105 45 859 249 601 794 129 480 816 968 57 648 494 345 578 960 554 952 143 619 127 919 444 677 886 160 683 253 651 955 844 333 785 79 722 799 369 559 653 944 630 882 467 150 383 230 901 226 546 761 901 138 24 203 52 826 48 251 939 41 630 531 597 392 778 232 111 516 633 442 656 674 436 102 249 985 312 201 2 384 265 235 965 329 848 718 616 987 357 551 945 336 427 119 874 661 732 742 920 309 218 108 377 366 981 799 945 902 342 678 167 659 550 434 105 853 541 994 139 933 346 228 134 829 496 50 791 479 474 226 902 715 253 593 130 560 301 439 726 254 957 329 162 646 63 247 317 603 873 207 153 358 
348 342 832 808 565 742 806 426 964 659 3 252 609 883 290 972 209 872 892 809 233 577 640 528 676 889 783 964 973 87 220 378 150 847 327 167 869 583 990 287 317 689 25 639 694 11 722 788 7 587 363 648 283 814 741 480 98 812 16 101 321 711 339 715 298 332 29 378 154 954 95 49 22 130 580 304 91 860 374 200 962 683 793 791 689 102 954 217 109 243 956 274 368 830 784 791 762 947 763 687 616 754 694 615 998 35 22 941 969 682 812 153 518 494 464 885 574 503 29 382 349 914 914 25 453 823 774 506 160 955 287 866 892 463 433 165 315 773 378 416 741 809 405 708 158 953 599 434 337 585 464 395 984 835 671 59 918 259 489 788 538 620 851 435 61 946 638 6 770 405 836 601 456 380 490 927 13 524 783 653 86 903 715 368 343 46 273 664 426 581 795 288 122 949 220 570 99 365 638 37 101 433 403 83 983 461 202 758 493 691 278 102 762 476 56 118 306 168 640 187 616 689 890 48 848 934 378 242 88 160 267 295 398 339 274 483 496 420 137 785 772 661 16 126 728 595 708 674 197 134 11 799 473 33 40 925 931 493 26 247 620 35 851 625 471 83 324 711 750 940 336 242 197 809 639 255 799 583 584 899 643 235 612 96 203 139 532 968 597 99 762 539 447 120 857 458 142 123 964 739 373 347 383 519 779 735 534 166 434 24 305 909 214 287 664 746 160 212 126 51 402 773 888 525 244 919 806 520 31 312 551 505 229 478 467 727 6 882 313 444 1 1 911 510 281 84 981 893 441 835 163 476 825 710 821 610 329 317 666 431 825 219 656 336 30 162 987 923 642 588 978 791 610 789 543 166 572 22 139 346 955 642 643 411 564 299 992 645 874 486 98 246 184 615 826 65 292 828 391 337 291 132 269 849 450 17 724 949 509 125 312 96 934 828 801 923 753 505 950 153 822 923 155 591 689 511 6 750 746 173 813 726 452 343 954 871 1000 548 240 428 905 873 465 716 266 241 125 481 545 230 601 654 830 208 645 27 139 209 751 250 42 585 11 702 52 339 562 588 556 630 843 892 304 540 487 487 600 709 546 375 834 285 240 609 65 12 106 165 344 151 942 435 359 550 686 237 163 82 386 145 
404 444 132 355 471 197 181 566 664 863 973 901 807 821 861 448 566 73 183 4 32 994 786 189 57 590 206 300 317 917 222 800 338 932 220 906 671 444 652 643 52 973 549 649 993 46 450 952 552 354 925 968 320 593 121 629 858 871 415 643 747 966 416 88 150 352 930 127 454 117 757 487 519 668 161 450 432 547 456 801 923 124 784 931 808 917 475 369 771 631 329 284 312 294 864 375 403 538 184 507 635 695 534 410 587 975 857 381 428 450 885 998 380 332 291 924 969 50 235 412 608 41 109 701 308 994 833 333 766 898 686 191 910 27 934 348 42 588 279 198 368 994 841 971 837 282 186 591 332 189 887 325 230 364 388 296 216 123 875 446 842 188 493 491 149 153 436 786 38 339 747 844 556 767 25 940 789 786 108 828 304 471 119 102 87 897 410 841 797 286 411 693 791 611 882 326 733 46 187 731 552 581 592 521 430 977 653 392 674 1000 858 561 297 163 864 757 795 67 357 842 385 954 807 258 864 782 580 2 522 869 281 377 90 396 892 390 545 757 100 293 551 54 568 579 564 256 380 387 264 824 538 36 803 36 676 482 656 151 742 744 16 168 618 996 685 127 541 173 829 717 246 415 512 556 349 921 487 776 582 313 531 405 302 155 906 300 258 754 927 998 579 379 82 632 958 977 498 962 973 836 392 958 999 160 383 855 618 99 808 157 107 669 213 120 580 899 135 686 855 984 298 963 632 872 124 330 55 659 265 276 765 610 472 28 549 916 42 377 12 93 570 57 9 629 477 77 58 321 441 977 340 241 280 431 954 798 411 817 740 177 852 35 634 566 934 915 40 510 614 18 803 267 917 527 201 107 744 342 8 936 332 414 990 743 75 489 536 567 676 553 99 598 99 928 912 495 657 527 775 181 877 382 573 346 123 769 142 992 155 179 296 136 978 244 27 458 823 156 139 703 531 160 82 846 137 277 580 401 670 771 299 601 275 249 5 760 426 120 819 274 784 666 333 718 621 463 140 224 885 845 67 385 793 232 157 49 855 871 65 6 203 52 926 973 842 368 557 557 793 196 417 110 523 345 825 140 301 425 135 369 508 292 405 332 133 597 33 872 115 905 272 279 534 718 952 568 552 196 808 588 
566 457 876 576 580 782 821 82 421 926 206 824 698 753 487 128 229 449 499 753 266 821 638 864 762 393 281 735 615 287 318 747 394 713 293 797 319 202 751 126 653 826 1 884 334 327 627 742 139 183 750 277 523 667 819 847 600 395 803 248 442 629 86 103 267 628 489 894 453 880 625 417 106 776 145 741 393 816 835 249 144 737 176 96 990 490 151 125 823 480 384 542 80 629 491 572 250 172 103 539 15 38 717 134 977 101 524 344 453 40 983 386 736 144 0 397 129 438 552 865 692 767 652 634 472 282 924 801 757 218 629 424 664 380 421 100 870 956 166 949 652 850 562 407 31 439 700 444 694 883 413 212 335 284 146 820 710 744 503 224 757 200 545 928 738 638 990 9 717 745 820 634 466 666 570 885 972 527 737 423 203 169 491 255 136 357 520 789 985 16 990 313 224 186 858 197 584 700 18 334 51 440 177 333 604 990 964 714 307 803 59 462 536 360 458 381 822 598 952 96 612 645 690 35 413 895 318 248 353 624 359 747 525 985 309 922 163 28 136 438 359 514 183 202 305 286 519 103 635 515 578 554 704 664 38 164 332 607 89 708 855 101 276 540 335 342 678 959 785 742 975 746 813 468 418 202 765 491 685 978 873 70 405 441 618 58 213 648 39 344 901 438 738 582 658 554 108 90 144 402 730 771 801 398 457 457 727 560 598 361 122 278 194 790 413 804 249 724 604 80 284 756 945 887 701 922 374 707 161 938 440 46 164 483 50 740 207 760 50 158 642 356 243 861 557 54 469 333 654 336 387 222 284 311 292 989 878 161 543 188 480 349 586 70 539 165 711 303 951 977 425 622 60 901 358 386 564 574 211 678 907 238 838 940 988 340 992 256 40 659 375 390 917 860 710 776 856 192 387 532 676 371 962 195 875 962 280 350 937 924 672 943 930 485 258 317 48 350 977 672 46 632 602 41 30 317 913 743 572 410 821 402 460 4 852 952 850 450 510 267 943 767 515 475 552 667 874 485 625 550 767 397 318 854 44 680 519 784 22 703 838 458 274 106 660 737 975 239 461 401 407 807 931 325 875 803 504 799 954 539 61 942 717 531 768 1 130 706 898 745 304 804 393 372 724 949 983 177 151 847 
197 552 713 98 797 949 176 200 614 359 308 556 503 60 58 740 42 464 529 226 824 299 99 431 592 24 769 65 999 40 291 966 566 156 128 903 573 665 837 123 772 526 445 713 920 980 347 505 204 616 571 732 591 676 482 52 309 891 597 302 177 331 602 92 761 228 936 55 151 607 143 513 775 997 81 409 646 625 588 535 533 612 401 730 246 132 451 369 668 529 471 26 364 814 130 521 141 730 32 398 390 808 716 253 481 179 60 573 205 754 249 60 880 904 299 711 254 239 879 274 890 712 799 693 15 856 419 753 826 441 422 252 539 595 525 667 358 505 238 584 152 420 851 576 882 925 430 958 64 766 241 767 64 204 237 829 189 949 540 684 505 224 622 562 142 866 140 735 686 332 55 853 934 655 357 788 682 402 584 520 162 690 825 686 518 356 272 213 785 131 31 840 37 364 436 474 114 254 580 857 703 498 59 554 501 5 607 451 973 273 718 232 401 737 791 149 71 11 195 342 343 260 343 781 842 502 935 887 809 911 209 806 105 574 763 162 928 836 564 783 577 460 307 820 145 909 849 53 684 772 701 642 388 953 788 462 106 907 984 887 820 632 890 711 999 924 727 361 448 466 653 126 996 970 898 296 26 552 9 859 528 586 33 192 349 108 565 268 505 918 258 237 393 909 506 447 970 688 223 308 923 755 834 61 257 174 87 405 210 348 441 315 317 819 345 336 638 45 205 887 174 616 247 37 322 495 282 106 829 601 649 383 710 17 233 910 952 152 358 202 698 42 510 478 666 952 647 549 172 339 497 232 322 590 956 501 736 816 763 881 844 364 216 474 530 918 525 748 535 428 410 120 872 704 910 559 312 38 45 743 506 683 329 248 685 125 837 211 364 769 536 805 941 911 155 846 731 807 402 188 950 433 556 782 210 275 835 477 600 271 162 772 886 195 212 194 831 2 675 453 379 720 269 534 973 654 518 454 517 501 47 307 870 166 430 983 759 736 729 646 678 916 645 466 56 846 941 339 663 666 548 86 325 754 432 102 211 524 105 858 668 525 564 597 596 705 711 621 687 547 398 672 485 215 75 537 779 293 891 517 448 172 127 754 674 340 879 387 791 296 781 530 17 575 798 289 699 483 154 119 
417 987 330 640 123 940 693 646 841 645 233 733 780 543 463 694 647 197 242 410 493 637 208 259 553 968 232 456 434 910 496 204 110 161 330 737 315 624 706 971 313 610 401 533 98 849 759 17 698 404 993 9 320 177 6 303 895 707 22 239 717 445 966 179 317 501 171 362 481 298 546 149 386 662 246 358 189 583 675 502 718 335 25 840 91 629 135 717 581 259 585 464 436 882 484 164 376 596 728 659 58 564 240 922 381 797 172 421 982 938 126 468 237 463 511 164 276 370 754 269 105 619 852 787 558 317 612 843 993 843 786 85 101 733 484 7 558 307 618 995 595 559 485 674 589 864 45 936 242 64 452 349 887 754 628 815 213 459 163 303 968 224 164 818 331 456 274 42 553 257 381 618 145 375 445 672 985 15 645 873 187 803 303 670 514 407 411 577 848 884 354 259 589 209 55 292 702 818 149 303 761 592 110 202 536 670 605 531 776 540 227 177 951 260 348 738 134 245 466 295 286 535 649 96 629 444 133 577 414 869 615 293 293 272 754 141 293 725 495 718 914 109 37 600 41 260 271 354 569 818 126 463 972 982 140 519 421 416 238 941 43 357 11 66 98 222 711 997 816 412 373 761 896 119 151 113 987 736 299 568 934 23 577 416 23 384 892 779 506 33 873 161 935 262 804 519 60 628 345 957 478 728 474 196 194 28 368 945 737 660 882 957 747 996 777 998 938 245 247 435 459 316 260 669 257 821 605 484 131 795 411 356 50 902 364 596 758 485 366 312 509 483 192 456 416 370 217 657 376 761 365 612 136 772 801 687 816 534 103 933 490 964 687 249 448 630 116 708 553 173 113 503 841 223 858 15 951 907 281 798 744 545 547 492 327 26 265 902 303 16 241 276 931 149 156 328 616 146 365 178 411 213 682 53 877 34 262 816 316 951 450 89 671 899 75 337 48 427 547 187 814 72 803 156 239 243 637 8 451 646 224 195 606 377 90 235 736 670 953 251 584 449 949 183 573 556 548 770 442 180 775 3 898 834 20 88 188 452 138 403 325 669 475 338 564 665 464 867 375 706 470 834 724 892 106 748 275 814 179 802 540 737 892 786 110 627 53 331 1000 812 88 145 181 721 170 727 827 745 835 178 
616 299 691 899 766 178 295 647 671 125 480 191 48 915 329 491 758 843 302 414 953 887 675 501 241 894 709 533 171 923 922 812 713 258 939 792 711 251 864 116 607 136 245 897 984 349 294 767 469 115 831 831 954 235 897 583 428 701 970 176 879 768 969 785 526 132 651 290 924 556 93 384 445 925 473 488 880 573 334 893 144 855 702 388 900 991 256 234 518 753 759 344 86 919 369 562 599 54 227 895 537 847 200 161 41 250 695 430 984 534 684 680 104 914 811 999 844 982 538 492 130 322 755 151 280 242 13 493 757 264 777 524 895 257 896 109 813 380 55 265 740 770 566 147 189 53 258 832 186 537 301 983 452 412 395 42 240 958 221 6 461 52 476 304 525 402 266 11 297 27 684 910 241 518 40 803 633 820 851 554 990 468 174 940 183 620 409 362 601 79 633 300 397 844 264 736 789 62 473 860 306 386 16 934 390 915 60 865 543 815 691 775 475 633 213 278 968 721 97 270 158 521 502 59 612 161 527 700 732 931 868 948 274 540 235 130 906 206 796 235 135 177 119 248 19 161 88 180 310 947 570 29 236 450 150 675 158 131 567 974 893 299 886 514 365 260 943 76 73 901 1000 996 100 873 863 877 978 704 961 61 728 481 888 703 232 111 537 851 501 953 573 359 618 359 522 583 589 303 658 555 528 944 820 714 221 907 82 975 984 15 809 443 466 83 184 471 791 667 2 853 105 214 902 60 369 438 335 459 736 63 896 472 506 983 165 45 637 46 432 867 127 69 551 42 915 797 651 64 290 64 76 842 653 134 974 171 152 225 633 761 666 638 145 732 380 274 128 461 554 186 464 932 996 795 900 593 900 301 293 147 411 882 401 2 408 147 569 985 33 676 308 628 799 320 845 751 886 367 580 787 784 209 180 643 3 910 1 532 793 137 732 624 640 652 874 650 170 263 705 452 101 669 742 535 940 290 246 327 907 208 806 740 757 531 376 278 675 260 954 576 902 960 557 360 293 162 27 889 861 600 341 264 881 292 215 265 246 191 194 828 707 452 105 92 967 692 852 561 16 24 467 761 251 319 218 27 864 53 380 851 935 355 689 485 130 953 499 361 17 95 823 305 179 584 515 950 809 614 570 439 
120 218 142 904 184 637 672 822 237 123 757 960 676 936 50 458 279 122 913 744 791 613 477 746 261 18 220 64 865 594 22 849 479 445 130 852 884 308 668 569 601 216 727 637 833 426 219 244 598 993 366 29 38 947 104 403 442 619 732 704 415 977 340 576 152 240 342 405 491 840 944 334 409 435 678 991 682 64 179 207 460 354 609 94 638 483 54 892 743 639 243 513 917 353 376 7 961 414 937 55 383 475 53 564 858 850 657 90 860 32 998 268 543 506 555 151 158 14 459 269 907 967 596 245 469 72 656 746 28 632 791 188 102 336 70 195 990 173 898 551 220 108 652 245 363 346 161 381 109 654 664 54 638 934 707 406 605 829 149 259 371 169 835 709 910 298 201 529 183 731 940 667 284 266 422 630 571 377 698 117 119 362 349 793 8 3 448 789 411 998 724 711 401 402 433 170 456 620 454 766 293 342 44 618 2 0 641 245 1000 103 500 461 439 170 125 960 791 300 762 250 358 305 979 112 915 451 57 822 536 41 314 735 539 292 458 480 170 466 968 182 954 730 130 175 964 243 542 637 463 299 611 782 76 503 49 369 648 79 607 556 344 903 435 409 82 541 238 812 356 760 353 437 454 451 317 108 81 932 531 809 315 641 543 826 395 861 586 615 284 951 615 400 694 202 943 597 563 175 173 199 297 535 917 575 834 210 18 168 457 70 550 770 184 110 144 490 500 40 993 778 338 543 226 871 847 429 785 483 511 290 646 618 741 199 169 619 554 512 23 427 736 841 933 222 213 694 698 866 484 387 745 221 178 548 511 365 962 447 829 341 932 470 805 364 273 783 630 596 216 986 953 891 740 293 614 44 914 918 68 715 348 682 362 705 510 864 498 657 34 898 146 780 195 723 94 97 509 672 980 618 337 533 642 929 292 72 266 432 582 43 644 132 420 943 227 339 635 570 916 77 477 272 320 47 726 393 943 501 396 157 82 247 276 209 703 506 902 552 889 605 179 798 69 481 68 151 488 55 182 851 385 672 185 684 875 852 785 177 713 827 894 665 295 879 628 310 752 99 991 32 335 767 358 882 232 635 182 869 427 117 961 581 622 413 980 918 807 76 139 654 615 314 177 489 717 246 347 917 194 369 
602 686 320 256 638 819 694 508 314 49 2 706 288 820 726 916 437 988 164 119 340 62 346 306 267 258 487 570 102 856 373 572 920 472 762 388 700 55 185 87 992 146 947 198 818 700 611 570 296 106 158 493 656 378 226 535 345 138 923 316 99 690 919 924 806 186 453 756 54 855 181 226 972 759 460 392 526 196 729 939 653 181 163 962 944 19 126 910 112 871 162 418 684 698 595 528 352 28 538 507 249 59 411 421 366 991 377 848 718 673 139 407 752 340 387 123 192 612 96 259 799 476 747 966 489 800 122 690 481 239 375 674 579 348 847 527 294 583 740 146 345 902 927 736 345 374 272 477 194 878 888 662 909 532 863 814 993 12 830 935 371 654 380 133 799 407 861 152 728 593 636 773 878 689 343 31 52 802 397 202 486 370 286 521 210 105 513 200 669 528 381 183 135 294 939 447 817 497 479 721 975 94 562 467 620 575 935 56 719 429 179 119 372 324 240 134 720 827 346 42 762 639 394 220 588 578 249 342 753 633 213 172 997 688 478 676 114 761 445 519 244 389 82 111 381 127 93 305 544 994 392 189 218 803 935 773 908 667 24 814 499 79 320 590 205 512 37 609 795 963 824 979 785 522 289 568 925 978 633 197 879 8 69 6 133 126 390 716 28 779 898 154 45 59 478 544 364 424 786 430 623 587 911 393 632 437 541 83 311 157 838 643 145 993 937 838 218 218 531 235 855 178 104 275 580 678 574 326 552 601 321 718 541 676 989 897 500 731 309 85 822 966 516 374 155 488 917 105 370 92 913 564 664 521 640 749 631 94 74 128 700 930 728 411 473 964 329 750 300 339 979 625 152 76 435 684 358 314 522 706 687 45 8 621 694 522 358 823 245 845 14 398 20 212 540 874 478 715 184 884 122 956 313 18 954 170 932 572 72 832 769 444 261 191 505 850 243 952 35 979 148 593 429 408 208 341 424 757 444 2 133 163 314 757 77 314 293 78 907 611 689 716 742 531 541 389 289 567 324 804 644 535 663 443 415 896 902 168 794 344 277 750 536 580 565 731 616 240 589 739 96 251 893 221 137 176 925 152 966 891 914 817 319 415 293 743 774 667 223 100 918 564 144 161 75 568 7 670 741 503 
618 733 789 271 171 847 991 98 746 201 96 286 643 671 264 353 473 53 842 788 502 119 910 806 125 264 528 740 649 903 452 391 243 840 580 856 562 664 424 287 993 470 320 956 231 808 251 717 986 71 130 515 931 47 820 459 480 909 799 796 416 551 698 284 332 178 387 819 22 651 183 483 882 449 911 113 843 64 906 359 251 683 794 202 722 312 561 4 579 840 692 520 767 482 106 741 6 605 914 382 218 829 870 656 784 622 177 14 609 598 634 213 626 35 604 960 467 364 141 990 844 925 814 551 186 363 452 844 36 111 631 358 301 392 328 339 895 745 381 546 66 985 62 46 570 406 672 89 336 766 671 686 657 988 270 397 450 433 999 196 387 907 811 769 814 37 343 374 570 331 525 171 354 21 146 544 137 799 333 898 907 935 431 674 735 275 313 364 769 348 939 376 837 120 67 164 101 27 570 79 792 816 120 167 357 915 583 176 542 952 397 585 1000 651 188 977 251 586 24 917 610 513 698 1 301 430 30 518 791 211 436 102 940 526 547 714 149 937 195 43 222 208 462 846 409 672 939 661 572 932 419 962 547 483 848 353 803 816 372 555 890 477 739 266 26 703 736 234 402 305 422 691 175 117 621 316 651 125 788 153 331 809 890 312 382 99 562 116 92 622 554 450 522 687 488 93 335 225 291 94 537 297 289 21 223 176 900 312 623 195 76 340 977 636 689 718 717 619 224 173 702 242 531 406 873 544 440 352 274 785 412 714 993 616 422 49 752 343 582 376 33 328 302 993 53 919 7 140 875 289 819 582 848 467 546 270 21 827 97 859 734 176 527 805 211 268 887 161 105 927 755 263 320 805 910 968 528 17 399 743 679 467 448 174 602 367 660 123 583 297 875 778 749 454 878 127 948 926 538 301 172 768 739 29 214 980 374 458 421 329 359 120 191 54 954 75 122 159 342 512 428 210 547 131 576 694 4 504 9 396 768 435 928 880 950 155 247 464 15 735 285 766 730 26 700 539 476 931 612 710 791 674 609 870 719 172 52 785 701 123 749 257 132 949 856 294 998 640 335 182 499 502 90 360 207 724 657 222 580 942 469 513 740 34 636 98 873 769 292 739 899 266 931 563 326 683 803 636 441 2 
641 453 937 381 231 471 681 796 694 430 811 573 821 6 535 768 491 832 6 374 388 329 674 613 1 13 211 326 356 572 89 988 155 302 722 291 802 697 153 626 354 87 114 131 321 58 151 887 815 672 488 343 839 858 371 266 947 675 828 666 624 162 153 417 107 886 357 415 409 354 847 262 556 390 646 134 219 957 271 781 705 168 986 838 302 746 340 884 306 257 559 500 607 876 80 53 634 703 902 542 963 448 382 13 988 524 433 49 559 841 298 907 128 542 646 703 770 783 567 857 726 312 172 758 129 291 443 353 716 410 578 540 724 47 196 711 122 431 227 635 937 959 714 94 256 158 13 299 434 320 287 77 302 645 380 795 186 361 650 64 653 735 876 771 230 118 529 111 770 372 81 282 504 982 330 191 605 152 619 550 133 191 528 143 95 621 749 119 212 880 662 989 646 900 220 211 958 982 820 497 389 164 841 282 754 764 702 461 630 80 449 71 113 639 157 708 710 265 691 380 141 91 584 277 36 730 404 387 89 341 339 253 459 433 337 497 75 236 393 534 856 158 728 506 522 601 406 988 362 288 343 788 151 418 730 280 31 895 621 830 803 204 412 189 477 605 390 656 924 181 502 918 712 888 299 774 174 110 178 891 372 163 186 211 31 552 977 484 298 653 429 858 180 425 339 551 892 887 662 522 55 374 279 483 370 665 713 204 37 678 842 385 988 691 325 726 699 896 661 590 638 476 396 34 523 986 671 792 319 147 564 378 930 79 887 723 136 873 478 53 655 377 857 610 212 291 12 296 425 457 581 751 735 473 904 48 366 314 140 393 54 325 74 279 60 293 447 152 423 192 582 447 597 512 613 296 839 979 255 25 113 438 615 171 478 828 696 664 467 533 170 768 597 222 697 654 467 317 163 483 746 981 1 117 693 872 371 890 400 515 585 629 568 2 219 275 691 996 176 727 889 985 722 225 188 63 551 656 383 342 701 735 251 84 375 660 776 607 56 423 514 71 812 257 146 664 631 124 456 797 636 456 967 875 886 754 796 202 264 859 356 804 603 378 42 721 901 751 988 759 747 833 881 603 200 590 47 336 233 936 968 362 706 292 992 513 478 664 603 665 741 417 382 854 167 723 825 847 906 276 
367 99 807 25 902 795 892 891 365 356 738 996 254 654 404 876 318 686 391 615 548 665 578 380 333 432 610 240 603 86 60 929 849 104 711 954 839 424 978 369 435 939 558 130 535 354 90 787 937 246 807 224 253 170 194 814 57 567 802 382 262 38 106 508 707 273 798 110 700 674 721 594 978 869 507 720 433 371 16 269 103 504 592 188 461 728 409 712 834 946 885 491 667 910 59 42 802 567 803 573 789 519 22 447 410 875 550 557 163 954 9 18 430 319 167 351 243 875 789 777 9 607 314 56 539 11 444 103 119 853 249 545 900 737 404 962 190 205 101 460 866 809 728 376 955 383 351 147 137 792 37 421 185 791 581 846 477 263 29 418 797 995 489 664 630 522 229 884 736 207 919 284 98 847 791 636 58 846 593 605 150 460 801 727 165 734 664 18 104 724 675 815 80 669 709 47 383 425 64 496 781 616 472 620 768 875 363 735 156 798 770 895 802 677 32 963 688 676 577 761 166 624 747 202 60 142 32 241 230 250 965 834 259 245 854 627 175 694 385 694 95 202 923 671 437 261 846 904 306 727 144 610 387 298 265 624 878 919 783 621 579 423 862 675 881 396 602 296 0 637 635 153 88 194 205 847 580 278 443 975 342 671 710 926 910 499 266 48 852 742 19 362 601 689 7 348 663 42 947 474 166 643 753 117 539 699 733 802 520 900 488 485 570 166 163 915 148 691 74 296 255 867 864 387 41 530 720 423 629 729 61 883 996 361 572 315 833 883 904 615 482 66 229 56 854 128 509 993 158 589 951 19 224 536 41 340 867 408 998 526 469 927 746 115 343 102 49 995 344 840 900 710 363 551 669 461 857 286 802 2 633 576 894 988 544 945 181 931 539 628 940 83 881 500 7 269 521 101 685 412 623 731 800 17 815 368 264 165 741 480 701 656 983 391 500 1000 438 675 55 1 436 854 629 841 899 812 292 380 204 761 896 152 891 493 204 742 397 974 307 336 93 740 36 519 272 322 987 588 447 287 78 649 284 684 283 96 675 485 845 844 596 454 899 483 221 939 566 615 246 669 518 699 139 344 984 427 645 707 630 905 221 422 415 598 958 45 308 433 308 517 35 597 65 890 1000 742 745 670 403 531 
187 909 828 223 283 220 880 304 842 628 816 967 781 854 455 622 389 537 53 482 864 300 643 1000 805 284 833 130 849 946 108 699 222 806 539 468 212 697 16 114 254 78 528 125 990 682 290 453 763 692 669 794 324 654 422 210 297 396 579 151 923 295 845 445 719 402 913 789 922 163 249 121 693 692 40 240 622 991 721 60 333 705 827 509 47 324 103 913 603 844 965 119 469 645 817 475 370 954 62 202 925 402 567 377 278 280 805 281 81 248 540 162 276 85 890 120 255 467 797 395 818 841 718 265 972 123 567 176 855 407 889 142 956 381 143 464 708 959 393 456 744 760 207 813 998 468 316 807 430 207 844 448 689 450 79 979 265 418 901 536 620 644 433 258 379 211 706 794 594 718 260 86 343 358 743 839 26 408 235 73 912 260 18 616 314 531 913 688 254 61 831 839 796 380 95 361 360 560 449 121 98 489 677 173 519 301 331 699 945 367 230 171 475 577 982 947 17 587 34 331 939 417 159 851 160 221 561 87 625 734 265 804 82 170 540 682 39 343 724 324 533 498 991 909 46 750 767 806 528 482 571 357 562 557 368 538 217 54 545 776 176 508 728 102 739 983 203 77 333 573 98 764 64 734 28 421 44 55 320 689 522 553 58 77 833 344 785 811 424 436 175 894 617 627 205 352 158 156 154 249 309 652 765 966 166 400 358 770 300 924 900 443 603 411 308 736 772 471 144 584 471 937 477 688 719 555 859 532 144 941 395 580 261 100 936 700 93 763 590 214 284 485 588 518 31 20 775 850 287 996 701 441 12 484 58 32 567 2 449 320 451 968 427 812 999 148 708 132 280 300 872 428 643 954 249 585 943 245 963 38 660 372 628 841 779 857 918 55 657 195 964 59 140 96 29 549 167 741 596 523 972 256 660 303 165 961 730 652 678 543 253 361 809 969 326 862 892 887 760 400 14 53 330 131 18 174 123 75 440 423 381 646 744 853 111 672 323 649 214 264 176 239 951 593 713 705 276 872 479 968 89 390 49 631 807 403 82 688 697 55 623 126 821 875 955 740 735 762 618 740 522 407 415 885 401 133 844 519 942 738 170 482 476 647 90 500 439 558 703 302 820 241 355 893 614 717 265 839 655 414 
325 111 887 456 862 333 710 529 76 773 619 662 109 350 579 73 24 103 840 949 924 383 308 990 260 974 892 181 401 915 790 389 586 398 434 240 155 399 823 365 341 913 593 930 885 469 925 171 19 882 926 572 412 190 364 6 477 461 270 676 856 399 464 136 136 960 878 19 877 413 697 76 474 159 444 307 818 847 347 636 564 535 877 976 120 243 986 401 880 668 303 272 802 24 311 628 348 286 45 455 92 758 763 286 572 704 39 388 41 908 695 616 475 93 768 40 771 883 852 825 631 312 60 113 569 341 872 503 985 412 251 385 60 193 425 530 539 977 401 263 545 191 51 580 192 493 118 749 37 894 505 744 167 81 616 527 9 370 774 19 516 532 733 921 223 468 985 487 516 671 940 648 452 937 692 390 599 510 368 731 544 988 592 828 116 829 691 854 340 382 142 891 380 414 430 686 304 953 801 151 819 830 98 456 249 690 732 65 863 58 853 592 406 571 289 970 504 734 161 187 619 314 753 964 579 844 883 756 207 233 762 883 321 123 679 609 380 603 488 542 302 275 811 836 98 984 920 566 612 217 418 833 807 401 156 128 545 414 388 994 929 290 678 757 23 6 797 892 189 317 52 687 791 382 469 916 5 163 602 326 603 104 13 208 988 87 248 795 541 835 82 260 523 45 46 904 490 294 891 501 948 693 47 99 700 458 311 317 303 903 577 235 877 465 731 321 842 964 776 889 990 895 376 868 429 16 33 36 541 456 302 621 952 392 835 524 198 279 150 551 360 49 834 947 31 606 533 276 306 970 520 978 406 212 972 668 560 587 941 839 294 328 479 948 330 464 421 618 866 529 176 105 592 524 767 501 674 429 427 873 871 807 217 996 411 528 322 658 370 501 209 170 451 330 100 988 510 504 949 896 197 243 870 641 819 419 765 526 436 694 418 231 29 919 139 415 803 588 998 863 635 674 635 444 828 346 106 944 204 567 595 506 101 389 724 485 875 943 304 68 687 273 429 163 492 375 353 780 763 826 800 87 748 284 250 300 954 262 140 885 863 356 58 872 887 750 660 295 500 368 142 547 400 245 904 775 462 801 357 422 593 914 312 321 317 982 154 977 453 256 31 109 146 785 444 17 862 195 84 881 
362 327 479 890 486 187 324 364 350 524 634 557 277 731 709 838 17 529 589 224 899 854 666 982 364 33 594 829 390 874 201 855 749 305 863 78 915 260 654 974 764 992 668 883 990 279 670 326 618 332 803 920 497 339 705 350 937 560 181 514 483 688 517 785 854 792 633 226 320 842 466 936 125 419 974 257 528 331 248 257 224 284 433 324 404 500 60 467 37 354 375 627 124 901 802 198 430 757 573 506 980 924 689 490 997 546 81 717 585 90 51 744 808 401 878 293 842 17 492 814 712 396 672 961 389 573 265 337 850 27 578 701 590 707 176 221 671 619 816 560 275 242 995 923 993 566 858 131 559 782 707 231 411 711 629 418 53 125 945 648 380 632 761 209 944 664 205 635 155 814 605 238 92 241 374 455 675 905 165 267 936 757 668 974 770 416 764 978 496 535 355 800 222 2 77 845 188 303 553 154 626 316 924 914 359 296 782 355 16 189 671 451 714 815 587 897 856 358 128 213 77 146 621 324 478 80 887 557 380 749 893 754 740 409 657 340 389 858 829 794 918 75 203 668 345 573 643 467 235 875 100 910 701 739 261 133 443 428 22 120 950 933 380 760 800 320 46 858 524 898 828 223 421 135 76 868 636 960 110 61 917 4 192 783 17 502 247 71 292 331 816 304 742 341 154 347 6 180 994 275 36 186 728 816 86 770 298 378 721 948 939 859 728 197 421 246 30 631 213 123 419 496 124 709 830 636 210 910 151 890 932 124 545 71 167 269 792 672 427 953 872 828 765 675 200 247 284 662 128 116 831 541 846 758 820 829 840 610 247 347 817 911 368 459 783 110 176 854 728 779 434 737 24 766 642 912 126 906 554 640 162 182 662 482 302 747 583 636 268 641 917 654 510 866 480 682 196 750 524 389 626 161 919 357 882 586 991 958 582 765 171 157 847 772 503 698 264 736 644 118 172 988 429 339 84 117 21 49 779 64 656 403 290 377 803 859 177 47 309 553 749 599 859 515 382 833 664 476 549 411 234 144 582 320 928 442 802 8 281 774 931 831 428 433 10 651 541 206 561 558 620 12 717 628 783 785 961 935 597 461 419 756 794 46 289 121 347 408 18 822 353 310 900 680 390 349 941 236 589 106 
598 96 942 862 736 937 687 232 607 3 347 686 264 740 956 76 100 739 629 570 127 809 525 713 791 471 997 964 401 802 799 242 458 433 444 726 534 933 353 104 378 380 612 996 853 501 58 799 44 768 261 977 871 843 38 375 821 588 874 744 79 204 32 236 165 412 104 772 496 123 45 871 27 774 897 364 18 5 48 40 430 590 190 327 900 214 140 618 294 448 548 448 900 622 232 585 497 186 147 549 404 623 823 942 149 970 354 961 296 451 236 32 771 337 106 923 548 382 45 380 54 542 302 772 482 501 398 998 564 542 59 718 987 351 771 849 852 250 598 715 207 659 578 531 705 306 697 585 333 28 841 582 1 565 168 591 499 851 229 445 804 258 462 568 550 308 601 693 607 626 663 41 127 528 137 171 651 451 899 829 702 342 821 35 479 267 716 507 696 781 930 623 954 997 446 963 692 602 798 562 134 800 80 192 309 640 145 355 296 456 43 285 864 991 598 909 841 130 528 48 550 382 311 331 453 280 199 962 231 497 492 618 233 669 411 81 94 371 348 500 598 174 865 573 4 297 148 764 960 240 447 418 174 312 395 467 34 680 882 542 974 813 756 698 886 930 404 1000 53 916 341 771 942 997 977 567 650 750 465 398 644 428 620 967 170 997 774 341 338 764 494 950 616 728 75 836 895 810 956 231 657 8 246 244 185 307 317 748 606 908 206 241 820 955 887 255 212 483 348 411 533 148 188 835 311 724 297 725 123 603 530 754 56 256 783 912 875 961 573 36 523 781 930 513 711 573 854 644 333 31 886 591 638 632 754 22 171 576 456 65 320 901 530 924 472 670 198 428 464 998 216 39 303 538 19 435 85 125 981 764 813 531 526 938 921 466 84 262 93 432 820 890 827 420 271 170 949 758 493 202 367 786 992 672 118 241 995 888 598 914 630 162 148 692 478 444 901 660 19 328 65 331 195 983 960 667 687 335 473 344 720 291 282 924 914 304 50 983 102 251 409 733 601 452 136 855 313 379 249 772 303 307 888 235 373 244 661 925 16 478 94 225 631 312 995 365 206 555 486 310 449 679 759 524 394 880 130 712 612 860 636 684 44 397 480 964 529 347 84 990 703 74 570 23 829 142 343 524 56 452 
693 997 652 181 567 533 14 773 507 660 26 60 747 282 710 224 233 732 406 523 776 857 96 326 785 999 847 502 83 226 802 573 62 695 875 568 457 856 972 844 817 157 243 419 614 689 370 966 473 961 558 658 747 7 345 88 163 988 79 992 864 603 1000 343 707 205 126 997 460 101 900 70 372 754 392 994 443 414 918 666 282 261 442 767 263 757 80 850 197 569 63 593 589 168 176 231 493 445 401 484 655 390 6 181 313 793 684 764 283 758 87 668 741 935 704 181 89 293 527 432 528 848 974 522 981 126 820 279 828 848 279 967 115 263 659 266 696 36 80 334 417 960 151 650 418 777 250 875 239 891 631 620 295 41 995 606 888 895 523 626 43 120 731 376 744 40 47 396 53 245 151 924 617 166 791 84 846 950 909 549 67 388 756 169 230 425 140 632 641 454 108 866 705 341 179 372 439 839 70 154 136 274 186 147 157 907 677 225 244 314 473 99 658 955 9 921 242 688 243 829 194 269 833 14 653 206 229 607 154 247 705 444 833 404 820 594 454 991 388 360 996 314 408 951 808 916 933 547 715 507 276 34 140 734 160 655 827 754 951 497 184 596 42 778 221 927 124 896 674 907 965 762 616 204 321 234 493 678 36 275 825 810 287 850 518 713 585 225 549 557 425 139 181 978 649 875 656 387 334 358 818 901 991 619 820 816 417 898 344 458 385 957 490 669 115 111 821 1000 186 271 859 224 799 398 416 92 761 624 644 82 587 17 182 2 453 691 766 158 321 974 629 177 339 266 615 281 52 569 132 43 179 734 954 994 468 696 602 771 209 178 43 462 431 185 74 752 671 379 859 230 492 590 744 918 304 953 637 414 815 955 219 106 133 235 818 133 941 922 311 466 776 249 802 218 354 5 421 756 557 663 121 503 600 821 19 472 592 618 784 334 890 334 964 162 304 512 538 82 434 123 128 595 665 490 949 911 444 532 177 242 897 66 11 231 129 387 4 537 951 546 675 882 248 386 246 930 208 564 839 430 294 817 494 131 329 941 701 730 620 253 968 779 719 268 60 137 759 226 852 1 635 849 69 991 994 122 247 727 562 418 3 798 406 498 925 636 805 585 879 301 40 119 893 352 80 838 957 127 647 187 
271 90 931 561 858 810 625 72 644 149 900 238 415 473 358 377 651 505 198 393 657 273 618 566 796 594 576 215 311 547 498 794 909 14 482 559 948 252 612 399 161 568 551 777 246 472 468 832 92 611 782 235 823 992 449 44 983 459 750 84 934 171 217 410 457 941 643 214 414 514 990 311 478 792 119 206 895 737 589 962 939 588 696 336 979 206 970 593 178 518 339 150 527 226 207 366 265 199 134 847 431 908 771 517 544 37 943 882 242 684 842 339 160 110 222 603 730 559 319 711 561 481 435 987 537 971 292 73 847 586 617 903 451 880 45 35 682 3 449 18 988 198 307 780 250 331 952 578 524 795 288 181 581 296 921 404 408 473 771 975 709 797 717 18 494 223 872 216 981 463 884 805 136 149 819 80 388 857 421 15 774 239 293 923 824 742 494 431 970 344 526 969 137 273 156 236 475 219 317 958 173 181 681 201 314 514 225 193 952 470 314 817 359 903 530 8 224 32 983 136 13 238 185 913 97 442 715 175 932 405 511 915 108 550 477 773 881 714 622 937 408 707 658 915 471 523 132 311 663 800 802 903 915 423 73 764 466 561 166 423 54 778 524 12 35 356 471 162 77 566 562 543 532 351 318 100 364 609 171 312 385 267 165 183 172 593 439 174 222 101 618 791 511 876 923 507 47 439 320 617 487 622 630 976 376 785 132 678 483 188 67 216 680 301 477 946 240 82 125 663 598 495 89 872 942 914 721 428 191 903 303 427 709 247 411 628 157 814 865 279 423 90 784 857 294 974 503 775 353 999 39 613 714 703 641 225 39 386 871 832 74 297 956 531 51 895 333 636 436 493 323 684 221 544 810 466 567 439 614 887 116 775 547 103 44 555 853 60 869 537 373 742 165 927 684 224 702 730 98 104 56 404 820 618 986 112 637 310 472 985 875 790 887 807 78 192 522 931 530 523 956 675 523 242 561 360 455 331 8 823 614 459 684 986 230 395 498 119 60 694 461 934 986 644 934 766 317 683 247 251 291 169 304 857 896 841 544 986 472 182 168 28 952 943 581 324 667 188 535 442 973 293 930 380 741 289 234 605 768 838 250 969 128 869 775 162 370 569 746 70 195 45 244 571 131 783 461 58 176 215 
219 463 5 485 254 606 544 519 863 142 572 732 829 551 534 554 729 561 515 636 316 680 140 346 101 685 226 26 431 554 664 384 333 813 405 905 409 944 199 500 779 311 559 269 273 886 665 293 291 578 924 951 34 294 99 847 512 736 82 378 987 113 90 621 750 763 845 254 848 88 849 272 324 480 564 622 557 362 888 584 411 713 346 115 971 598 815 121 541 54 659 535 552 839 914 685 195 141 353 287 70 906 114 853 961 1000 655 681 864 72 910 73 932 637 159 58 626 602 758 731 446 479 576 184 210 212 37 769 822 343 302 253 787 516 946 38 669 764 424 603 472 497 552 40 191 121 778 349 92 727 957 152 454 608 15 372 473 298 359 272 528 628 625 402 292 33 774 990 167 725 160 98 563 420 89 796 845 977 262 648 476 164 986 563 561 932 417 426 314 693 452 873 530 856 361 731 458 96 485 341 433 823 91 446 781 141 897 75 874 97 249 538 711 133 943 847 402 375 744 142 880 791 258 595 95 922 975 385 931 710 87 456 264 32 617 805 311 160 29 108 868 583 381 251 911 392 909 851 739 244 359 972 959 438 879 745 789 677 958 298 703 732 219 200 37 231 627 432 305 237 293 295 135 630 969 843 639 910 899 286 930 368 761 729 329 533 243 435 131 461 620 862 356 179 395 210 70 196 24 979 559 79 353 783 705 303 710 43 880 245 524 963 74 719 373 165 935 453 793 685 312 996 754 130 586 299 776 791 931 357 163 916 938 909 575 918 541 54 633 722 296 379 931 448 83 93 888 152 826 588 51 551 961 947 406 661 683 738 953 484 934 656 129 732 281 107 952 870 185 468 222 82 561 135 459 243 278 395 828 799 848 726 252 869 42 74 990 33 856 386 542 831 443 871 334 872 606 399 297 677 134 611 230 168 585 418 816 517 416 289 984 812 71 233 477 298 780 402 215 14 502 874 744 195 478 134 758 781 9 150 919 635 38 700 0 285 52 130 800 686 597 972 190 516 431 300 547 555 409 751 689 871 392 453 698 50 361 192 578 859 764 994 972 151 925 834 838 45 171 472 452 993 970 391 896 472 999 535 880 140 246 937 531 583 546 660 139 663 857 936 165 868 86 887 59 853 89 776 496 566 
516 509 502 324 80 850 298 164 664 224 873 623 809 956 849 161 705 697 193 432 272 419 164 943 118 230 628 772 189 303 45 313 40 459 298 211 902 11 966 749 635 228 498 770 47 227 985 674 720 939 166 138 740 400 358 10 721 122 815 479 947 576 115 235 159 881 594 996 198 541 282 350 906 917 833 894 507 755 452 324 670 616 235 878 319 979 376 545 234 105 95 376 991 760 411 930 901 173 320 64 244 785 921 209 826 120 285 20 274 311 327 803 454 505 312 510 902 35 311 336 11 859 904 883 598 253 421 707 435 995 785 687 94 798 952 48 864 948 203 672 219 752 705 946 67 376 773 413 914 303 166 428 748 346 156 172 218 12 754 789 2 376 399 11 138 116 756 448 833 576 923 442 6 544 999 918 311 492 155 57 741 768 262 976 560 190 658 179 33 733 939 248 97 440 849 737 754 79 22 285 490 98 456 482 138 239 562 861 95 105 135 811 164 973 449 665 281 409 649 645 562 23 169 61 502 34 943 423 883 774 599 476 923 94 570 265 96 563 520 314 233 149 297 841 71 313 363 495 739 655 7 597 203 343 939 607 737 696 747 486 479 265 374 782 151 299 385 516 936 577 256 828 93 515 281 445 788 186 776 391 414 700 430 356 359 837 91 710 232 482 97 55 174 495 687 839 571 99 374 416 613 337 148 393 840 618 480 894 749 285 863 126 418 723 668 610 206 804 231 817 429 996 86 924 675 647 9 857 769 575 398 47 363 50 681 917 495 515 11 236 390 716 694 131 32 689 114 153 997 892 271 981 87 193 294 579 799 89 823 905 829 80 623 633 568 22 468 340 615 910 50 301 971 90 593 396 847 710 964 225 396 804 553 783 882 33 714 29 854 288 625 801 146 516 21 670 249 248 720 506 476 475 117 93 754 563 72 66 514 319 511 725 892 935 435 9 282 104 189 98 983 527 975 867 127 609 619 463 580 153 318 844 67 308 230 626 629 839 766 514 116 94 979 997 891 776 83 537 213 655 962 435 368 505 971 212 253 220 205 381 721 680 781 351 866 97 739 870 10 750 931 175 238 846 383 983 61 969 926 595 107 552 851 677 99 539 964 846 411 178 163 816 814 317 515 768 757 149 52 115 
819 360 94 376 873 608 996 766 772 768 633 662 131 331 81 596 841 668 87 286 35 963 957 309 806 603 917 689 971 705 315 536 817 66 488 986 987 171 52 982 26 439 255 211 140 102 180 335 809 750 754 894 211 331 289 933 682 433 638 823 769 786 154 888 638 0 32 244 659 985 864 691 387 597 461 474 455 241 908 387 694 921 698 658 74 718 203 104 233 244 621 183 83 972 565 75 184 813 998 441 686 479 909 429 693 624 740 678 319 895 900 952 435 137 17 593 214 61 0 233 59 83 581 119 166 801 437 719 368 712 975 592 756 583 144 617 568 118 543 591 907 28 93 869 617 250 174 362 190 962 199 163 314 87 50 12 381 610 728 25 628 414 15 123 56 589 585 848 752 59 40 547 843 152 913 160 507 427 505 453 771 495 925 802 174 841 393 794 921 702 511 966 456 280 949 520 668 486 631 369 296 681 993 233 229 151 379 297 914 118 363 183 903 324 625 409 295 799 644 114 981 913 830 725 839 335 448 147 958 662 188 119 341 380 645 565 558 903 350 24 101 243 980 399 577 476 576 434 982 262 915 384 592 910 133 456 606 861 166 202 508 536 620 605 545 648 684 468 381 800 51 835 702 263 913 934 220 328 502 87 448 656 863 714 272 827 168 362 98 16 133 220 778 910 618 755 735 277 401 117 306 635 689 183 966 377 381 126 478 901 563 305 145 606 715 660 552 227 87 582 455 900 644 40 311 570 442 959 524 295 434 277 989 284 15 157 260 129 374 768 987 863 965 880 465 884 703 563 187 99 813 971 609 278 260 841 294 465 865 625 410 424 399 664 677 738 789 93 602 235 339 611 465 637 201 811 932 658 591 572 984 271 313 37 720 304 843 612 480 526 833 928 350 646 130 326 440 859 577 606 281 661 956 186 455 909 832 110 401 333 943 517 276 478 874 459 182 454 269 821 439 384 292 131 208 597 345 852 259 374 67 14 912 758 720 281 420 868 766 388 19 941 200 503 634 175 604 763 229 538 601 742 563 411 344 884 282 652 416 444 348 302 312 651 614 872 158 251 406 222 547 570 499 325 597 34 70 419 546 752 307 22 449 774 654 844 620 785 696 175 134 838 729 460 970 636 604 762 630 315 
414 471 335 934 0 604 701 598 93 731 870 219 280 45 259 681 768 322 194 454 534 752 779 24 608 85 341 692 86 362 237 388 816 824 749 152 987 918 793 5 482 314 1000 865 517 874 722 911 861 165 511 475 377 93 978 174 294 479 8 782 574 985 520 34 691 801 417 814 562 484 568 605 23 283 580 912 647 148 398 29 911 28 95 492 1 794 790 915 927 666 494 397 591 208 60 441 774 72 964 657 550 154 852 383 703 41 93 403 1000 571 454 331 621 531 820 751 71 421 732 961 429 99 340 725 862 776 774 436 196 292 172 726 971 903 246 775 59 986 613 167 407 599 565 306 140 31 592 318 179 258 470 999 597 425 966 983 21 562 451 671 343 694 464 314 648 709 811 754 180 344 807 299 349 879 611 133 399 239 540 449 297 589 826 445 348 125 507 759 806 827 273 888 175 112 10 422 664 781 428 650 784 670 379 507 383 243 488 322 426 898 391 695 789 72 42 698 804 464 176 238 157 943 992 163 941 61 178 866 410 744 249 609 644 235 523 325 816 599 90 489 512 745 968 814 700 224 960 773 453 884 693 169 83 815 429 384 278 884 408 568 970 957 951 822 494 49 205 775 633 398 166 362 957 218 700 951 999 18 876 817 32 389 598 9 138 252 252 10 805 233 171 15 56 322 266 735 416 160 793 730 513 236 811 741 866 350 928 215 75 431 686 984 112 388 724 820 761 64 257 546 672 7 78 664 780 318 876 36 434 423 969 559 452 514 400 885 670 624 425 53 380 551 347 704 503 440 286 90 544 830 552 732 883 818 137 435 30 894 427 262 35 184 696 378 422 395 922 530 36 313 905 811 163 455 338 597 696 943 738 351 449 817 770 691 759 668 131 378 178 313 73 981 377 374 202 571 665 411 41 45 635 406 687 348 865 838 106 613 909 108 709 724 717 544 460 462 706 1000 849 445 39 753 3 136 483 726 470 379 899 409 398 941 526 186 705 86 798 369 779 356 263 815 143 776 57 955 884 475 143 28 431 405 582 262 26 904 414 80 222 217 539 596 719 971 95 4 763 898 401 216 760 858 389 438 131 18 531 209 202 214 876 20 870 641 131 279 952 603 360 749 730 643 282 275 128 618 57 247 840 32 
887 900 628 111 882 934 969 85 550 409 190 367 479 967 729 263 774 726 239 972 952 982 92 455 490 912 313 73 256 561 398 100 701 103 88 574 190 333 844 658 750 564 288 275 741 655 362 125 438 919 171 127 319 612 974 254 861 673 772 20 374 749 296 682 95 689 12 547 729 49 669 610 135 764 264 525 118 506 27 940 539 555 845 310 7 401 470 364 73 320 207 157 723 842 917 997 103 359 501 776 697 943 474 258 273 186 794 654 888 378 934 693 475 690 227 810 521 633 23 666 879 40 692 747 812 861 122 54 632 213 320 736 835 98 252 63 849 904 673 557 945 996 212 507 539 515 84 271 67 207 870 16 891 148 981 926 48 816 81 557 243 698 216 120 763 726 716 167 360 861 244 524 650 893 253 496 806 111 777 231 100 205 160 306 626 387 481 921 136 614 299 828 342 81 918 614 34 809 253 517 154 46 303 984 114 986 81 247 485 209 506 608 633 134 255 736 384 515 823 15 174 169 786 565 413 27 21 211 986 983 550 617 74 243 638 874 882 384 723 265 529 355 824 637 518 1000 529 762 43 731 685 612 599 476 414 209 22 196 220 961 500 164 252 681 359 898 818 221 580 801 152 277 543 854 20 548 719 77 398 34 166 524 428 412 1000 693 245 995 85 198 169 228 648 469 475 759 576 758 552 926 161 23 232 672 602 766 38 755 147 255 170 840 477 709 886 722 805 404 70 40 718 111 315 9 817 5 462 571 681 330 982 791 235 708 382 465 25 310 930 267 517 83 752 8 142 448 259 728 11 262 788 795 682 774 903 295 968 655 278 881 661 569 851 0 775 934 598 357 256 271 989 247 104 615 945 273 426 811 212 893 957 134 388 281 909 766 706 792 125 507 359 285 998 206 110 400 148 272 298 202 837 900 514 111 300 953 317 464 132 884 830 847 707 583 76 880 799 56 638 729 803 860 266 524 771 936 93 539 104 849 773 993 989 35 817 576 428 752 269 714 692 319 830 62 58 650 104 637 17 979 929 242 869 478 25 131 86 959 586 736 769 745 303 307 451 336 442 927 919 105 361 409 12 605 102 317 386 280 555 699 149 121 525 754 35 529 756 384 420 967 273 8 38 505 895 701 335 810 394 932 
733 975 331 288 605 951 269 307 931 366 735 882 149 946 514 520 257 553 25 602 858 312 404 25 730 645 668 239 50 409 654 187 811 65 456 522 156 846 7 202 789 152 865 754 68 686 866 255 42 771 22 682 440 869 591 873 245 403 659 364 1 304 37 188 752 230 13 600 36 397 826 758 610 3 649 408 239 205 777 31 541 570 934 116 693 325 492 681 970 620 905 955 757 437 741 711 227 717 802 151 713 61 262 650 272 788 265 700 662 771 547 173 644 184 74 603 160 642 933 584 323 551 316 155 418 435 707 270 945 659 414 279 924 120 371 394 165 515 795 177 215 658 484 451 72 97 30 958 999 783 264 656 761 130 326 620 971 829 558 55 198 344 988 215 1 947 66 406 861 142 901 248 751 136 368 736 229 339 611 791 168 140 745 723 762 71 796 828 810 193 633 871 308 742 614 719 311 724 944 552 826 387 721 877 873 536 521 250 550 270 986 508 763 569 73 273 675 442 831 41 25 529 385 103 808 235 46 675 393 846 42 223 433 724 874 815 889 291 996 559 165 366 237 848 448 851 737 545 214 55 529 700 891 407 289 353 704 840 523 227 803 386 420 727 717 7 501 71 465 247 573 922 314 724 87 16 762 118 877 453 480 243 871 102 382 623 351 166 832 596 557 933 566 163 20 627 874 525 928 528 23 990 27 953 831 797 745 544 101 354 954 38 401 651 807 264 609 884 188 288 804 126 121 905 151 542 6 299 258 249 200 207 224 228 39 283 85 409 920 656 847 908 690 606 130 356 846 660 665 933 592 297 745 70 538 214 188 256 449 103 691 627 561 778 283 195 453 266 850 487 911 339 209 773 471 855 460 719 932 783 248 906 242 653 81 545 257 363 42 494 879 457 927 107 387 699 321 644 509 916 48 999 531 124 833 293 383 565 336 248 40 105 875 455 59 843 854 651 375 268 426 498 29 745 60 460 834 65 843 270 648 486 413 725 304 636 153 699 277 835 404 126 177 265 330 725 435 241 826 757 460 274 682 93 308 713 624 229 928 649 313 630 648 673 71 280 532 425 634 904 870 753 966 919 414 654 93 668 631 953 667 758 922 98 823 32 164 100 181 769 638 921 92 865 887 712 661 49 525 822 
763 435 938 227 817 104 933 403 616 399 861 180 3 214 568 286 365 455 950 638 281 883 208 341 434 671 959 391 115 833 224 871 49 385 674 794 709 401 430 525 576 67 189 288 731 801 32 76 140 957 980 915 811 100 858 119 444 921 312 496 913 198 280 779 730 296 84 52 525 428 43 705 236 769 528 595 266 528 691 685 340 220 861 701 995 858 415 781 697 670 127 397 216 740 858 805 697 510 846 337 419 971 817 327 69 675 636 14 210 84 651 217 961 572 524 212 226 972 533 198 911 327 800 824 153 273 976 169 671 990 777 341 7 254 695 799 521 171 791 731 173 316 177 268 463 710 264 900 649 988 130 91 444 662 685 162 200 979 741 774 537 858 513 31 955 642 706 344 836 516 476 650 66 627 751 361 741 252 169 591 306 182 376 832 480 190 997 593 56 537 776 669 720 338 247 903 212 233 17 243 510 974 818 716 128 713 764 418 180 5 405 260 816 346 135 851 571 299 78 520 259 821 561 3 348 828 928 965 309 888 193 100 234 733 981 151 161 707 18 382 464 139 758 196 575 559 82 277 306 602 228 800 869 973 521 894 160 843 371 754 304 957 382 126 73 675 90 270 484 628 882 422 764 370 860 436 220 328 808 432 93 337 498 513 45 869 821 904 994 840 758 263 271 613 840 337 409 967 852 678 161 811 980 683 873 96 282 303 366 8 528 329 182 529 30 326 264 484 804 771 721 752 702 565 169 459 660 14 829 201 230 237 117 427 27 489 611 371 100 299 226 278 97 838 669 851 956 535 33 782 56 296 622 786 631 916 214 311 91 529 627 318 689 639 184 641 503 602 507 432 197 199 52 189 807 234 720 771 695 768 443 620 412 853 118 660 998 686 843 663 852 175 180 848 224 602 768 283 954 421 213 455 95 911 18 553 508 357 395 340 383 702 188 358 738 702 158 426 152 717 289 136 36 721 620 249 839 402 551 482 612 773 821 359 363 391 449 545 753 446 188 296 559 828 774 761 874 117 992 996 201 648 254 717 996 859 113 944 447 805 121 329 357 754 467 21 464 31 686 377 367 670 501 437 250 933 500 219 913 343 569 586 451 938 533 615 50 654 346 414 746 619 356 334 854 681 999 976 674 336 
303 884 734 763 367 197 745 946 647 531 241 907 744 574 334 709 945 387 818 406 474 847 210 464 789 110 197 146 71 604 341 405 986 677 898 35 967 102 610 783 279 703 151 14 757 380 861 639 325 950 277 419 21 466 557 301 193 952 713 668 635 643 949 347 95 449 846 312 347 186 592 990 470 311 193 180 657 831 68 226 479 990 177 213 872 674 73 732 123 392 289 551 386 819 147 365 705 286 627 435 826 124 522 906 417 414 29 297 129 732 950 703 988 451 872 209 629 271 740 971 703 634 86 618 11 343 147 469 641 787 638 717 738 90 917 228 827 609 213 900 286 981 728 633 893 851 515 38 48 904 640 207 190 525 135 472 948 926 154 706 182 50 76 532 693 99 542 337 355 716 123 702 230 717 543 997 507 287 839 658 592 444 678 780 813 733 46 246 203 458 812 127 39 639 687 901 845 440 757 297 640 768 148 510 199 589 332 846 998 296 441 899 701 339 806 211 543 130 486 192 511 427 965 764 549 855 418 970 613 510 237 435 87 629 931 560 620 733 541 406 441 578 541 433 482 262 85 460 91 721 20 332 747 692 674 231 969 769 932 887 504 61 256 114 395 29 329 853 729 528 297 792 212 436 513 268 423 118 441 507 37 700 631 381 417 169 999 488 382 948 695 832 449 626 707 280 801 420 118 733 881 10 563 307 765 343 950 363 835 311 106 237 489 613 378 37 697 337 333 929 275 144 241 784 3 788 233 572 691 486 351 859 554 98 316 74 250 513 200 101 714 323 320 990 78 911 958 628 575 578 509 144 171 205 280 67 271 680 680 48 565 249 205 312 369 534 348 924 741 704 582 633 591 485 930 19 991 852 422 828 794 911 455 991 801 962 938 427 751 821 987 333 136 581 305 805 750 19 80 852 277 288 750 668 831 553 979 448 720 818 938 537 248 460 513 440 842 243 968 248 161 964 364 195 323 41 337 96 617 4 158 95 217 33 197 207 355 822 358 794 391 689 448 900 128 732 43 473 634 181 663 8 187 465 29 497 695 846 195 486 322 536 450 178 505 643 331 65 24 854 168 625 971 247 483 411 666 365 867 602 286 491 689 844 84 132 758 607 178 974 306 953 800 722 475 695 337 634 214 645 
278 4 97 782 249 80 245 454 427 495 118 0 785 796 269 2 954 973 156 376 907 577 384 87 106 920 95 644 892 362 948 948 288 855 384 507 710 970 695 812 438 69 409 872 844 276 321 373 5 611 565 328 396 212 647 382 1 912 142 648 150 32 28 926 156 777 189 533 368 279 989 46 24 323 825 467 281 792 83 568 986 361 701 503 452 65 750 329 613 519 318 186 489 483 810 61 158 35 794 754 59 419 817 412 256 909 174 890 231 669 775 368 686 959 701 57 921 65 532 561 95 230 228 99 456 557 145 37 206 960 159 594 294 242 988 369 534 162 728 875 35 424 364 128 241 519 871 254 613 252 978 427 348 846 188 91 827 751 570 422 928 857 128 922 203 17 837 582 585 947 13 621 226 90 196 369 362 224 898 654 623 425 587 385 231 996 697 875 109 690 353 259 130 288 480 989 716 474 409 442 387 966 626 264 640 129 171 772 500 419 661 998 775 278 459 15 827 540 409 902 43 801 635 460 323 752 353 486 95 828 872 688 480 484 121 79 52 535 947 551 204 626 757 1 776 386 206 616 852 847 294 750 457 149 356 336 898 776 146 683 234 328 635 561 760 614 681 346 322 138 599 646 31 73 18 252 697 578 993 866 582 424 655 395 391 231 241 772 560 177 919 972 656 940 243 630 335 53 544 837 113 459 955 551 586 125 452 153 849 799 473 553 349 450 879 327 375 60 556 795 476 766 60 173 660 789 849 986 998 232 348 269 448 219 643 593 138 326 500 479 928 744 512 124 855 264 704 543 430 228 531 827 77 843 701 550 402 109 870 386 599 735 805 23 918 99 148 400 281 294 96 12 567 685 942 814 285 169 941 823 583 682 256 341 383 778 74 59 233 48 755 980 388 70 384 491 739 810 232 887 762 673 217 766 216 244 672 468 149 246 885 508 865 871 766 762 872 13 577 955 309 473 709 536 263 410 652 105 594 128 620 155 188 789 640 432 868 82 643 375 860 146 35 513 767 166 223 375 849 956 184 855 584 524 2 487 132 901 978 667 87 967 526 40 803 345 67 654 226 302 806 397 239 256 60 896 973 820 768 174 752 635 762 64 811 696 474 377 735 384 790 155 688 760 380 931 666 825 604 600 
812 770 861 312 428 421 231 809 261 482 632 664 393 578 416 71 532 68 126 352 258 731 450 641 508 775 103 437 663 515 689 563 213 461 350 172 430 20 194 270 29 745 798 321 806 321 703 711 488 282 655 467 563 584 254 971 275 583 618 116 641 625 758 670 921 747 14 676 509 652 230 333 880 119 337 711 819 114 69 93 750 589 996 705 284 824 255 338 955 898 506 157 680 680 955 70 15 567 888 988 617 445 309 27 28 967 386 286 230 647 723 702 366 200 962 61 103 284 0 255 462 63 884 892 115 272 145 773 919 304 149 888 398 244 934 350 38 871 702 555 185 432 536 319 137 246 604 577 408 115 384 159 960 314 73 981 820 391 691 330 110 411 159 426 761 887 752 334 268 662 465 850 520 942 646 457 633 472 841 684 49 202 255 423 376 699 283 50 194 142 658 30 494 229 247 830 867 886 451 690 966 188 404 183 204 971 709 52 562 880 970 566 343 765 537 18 669 284 236 358 147 915 205 186 532 256 911 603 560 304 988 757 800 472 108 916 327 0 409 627 58 759 682 978 408 415 792 276 58 341 945 606 432 606 792 414 814 174 699 942 670 497 789 117 714 39 856 241 628 829 112 5 626 920 819 203 561 279 50 833 478 474 295 802 375 82 392 787 562 78 35 505 231 965 372 626 995 389 945 879 101 21 900 901 346 409 100 685 998 993 110 649 607 675 830 211 528 890 318 183 550 561 992 587 483 623 810 876 268 8 903 957 465 248 751 850 246 65 519 857 7 414 426 770 673 365 230 392 644 180 281 500 961 89 417 992 383 212 929 703 181 780 87 119 283 792 71 148 606 549 231 458 698 516 530 794 895 293 389 754 328 309 398 6 896 321 461 801 886 562 32 324 812 233 613 879 251 167 495 595 696 703 138 122 944 935 496 703 417 579 407 972 835 371 124 191 611 400 831 211 759 846 929 917 140 245 995 786 32 939 820 660 330 566 722 499 164 454 316 989 182 804 846 111 168 931 725 641 941 929 723 154 529 587 971 885 251 49 6 300 707 293 131 972 311 140 70 179 347 668 933 405 118 478 334 388 735 250 88 950 708 309 239 694 464 156 743 274 972 120 90 647 567 348 325 666 998 215 72 193 
678 711 5 857 934 731 576 394 36 62 6 978 622 714 295 170 293 971 336 808 604 149 272 666 685 364 699 886 51 254 72 487 76 384 599 748 813 135 860 551 550 491 494 346 161 125 439 968 10 692 871 362 835 970 885 805 694 4 672 951 609 398 667 71 833 436 838 474 439 870 703 145 954 895 880 350 256 810 89 515 716 134 839 926 836 241 482 269 247 922 234 632 152 495 12 590 95 911 443 563 932 607 659 443 644 743 71 644 888 853 64 285 708 826 71 221 337 641 107 726 630 741 785 935 15 973 916 551 70 221 817 55 413 307 39 605 791 132 158 299 828 581 204 641 137 578 162 474 997 84 442 643 713 265 321 386 754 196 640 496 79 879 391 569 886 822 285 945 814 903 577 52 879 231 318 748 437 617 631 746 99 544 758 372 336 165 164 194 26 927 763 351 809 755 564 884 713 642 452 909 147 125 901 680 180 314 761 43 377 47 271 466 227 79 738 443 5 58 904 394 178 953 961 133 154 726 827 50 809 993 7 380 276 397 244 157 668 870 614 647 484 679 570 714 408 477 731 534 578 420 278 999 690 652 177 198 482 417 855 5 403 789 167 734 805 592 857 808 751 450 406 295 349 608 134 604 60 543 437 958 582 210 868 363 963 106 756 912 415 368 108 514 953 810 199 851 1000 331 69 822 736 158 700 75 952 730 64 525 167 195 139 521 241 661 842 369 52 694 574 715 217 163 617 620 177 831 125 90 442 255 222 614 586 794 453 350 600 435 129 138 834 600 765 368 337 938 253 10 679 144 836 119 730 784 957 623 711 240 517 989 806 539 582 92 164 788 121 648 98 190 811 211 871 612 654 160 234 720 88 319 52 656 57 558 377 915 165 926 61 646 815 832 175 13 574 796 214 820 536 240 572 992 356 281 513 532 360 879 962 204 23 509 774 95 422 332 268 484 380 776 418 580 133 488 138 443 805 209 442 810 547 343 35 683 826 616 224 253 485 648 912 744 82 645 617 957 883 382 219 389 757 593 201 910 229 185 903 550 456 908 395 810 40 688 560 670 921 118 185 377 677 519 667 628 454 365 623 201 220 774 479 757 916 132 570 430 628 245 867 313 86 390 237 556 735 233 83 810 175 273 
8 198 567 440 294 881 814 654 29 171 868 609 692 82 206 40 407 102 925 796 788 485 334 565 588 500 314 140 876 588 961 748 990 399 562 336 112 379 873 626 971 304 976 508 156 318 156 763 83 540 835 406 178 832 927 211 591 368 931 953 620 846 937 54 139 707 314 460 705 429 870 500 455 674 740 740 770 589 266 285 174 151 424 712 529 119 375 3 104 452 954 932 279 761 227 408 532 102 900 481 556 741 144 458 957 846 8 554 648 947 126 505 808 455 212 116 553 339 718 83 46 441 145 300 271 649 114 281 720 343 909 979 520 199 200 852 126 551 254 299 809 749 859 526 765 155 440 123 524 68 405 309 41 463 236 492 1000 605 966 699 145 35 231 63 247 751 516 266 694 303 473 748 203 36 263 303 137 262 355 323 704 940 540 570 990 288 617 514 517 360 442 51 296 169 228 106 776 875 102 763 473 543 717 295 672 249 138 680 59 65 223 648 644 765 405 648 807 145 847 477 685 458 635 30 323 105 872 761 319 237 589 365 303 70 845 726 311 832 809 89 769 417 602 546 762 626 527 348 914 562 838 597 446 549 270 718 153 857 433 745 732 541 608 24 401 19 459 717 668 70 272 38 731 793 922 183 181 474 859 374 275 149 848 149 916 910 737 457 146 802 217 674 557 738 194 378 412 334 558 396 244 664 163 313 639 45 885 522 509 854 988 412 899 734 815 365 344 538 107 800 96 805 401 185 731 402 462 184 563 296 330 260 624 813 240 615 876 440 849 43 230 305 585 94 430 411 303 403 809 712 386 489 518 198 476 123 239 697 728 95 98 630 901 528 535 214 164 207 900 686 693 526 104 779 654 587 951 935 12 936 772 156 340 422 408 313 902 91 46 663 719 45 948 423 378 850 756 524 312 967 967 194 604 296 638 192 442 818 897 424 371 107 111 947 750 594 256 600 986 684 786 59 50 311 250 30 118 763 944 754 500 206 274 413 227 291 59 712 961 469 268 470 305 605 579 425 861 859 509 176 408 451 930 114 771 987 255 318 993 268 342 876 934 8 446 130 546 341 606 54 201 474 421 940 573 67 677 436 884 343 326 88 455 502 908 828 675 391 168 496 887 711 910 821 124 569 278 761 149 396 
384 17 511 275 464 789 437 930 737 339 111 666 126 322 147 54 367 735 711 362 113 121 252 436 896 264 108 611 569 532 846 831 429 845 582 920 332 324 256 993 231 145 627 302 402 239 560 76 574 443 690 509 651 971 320 666 892 177 10 701 158 164 167 941 894 222 308 560 414 787 151 779 961 954 635 431 92 396 516 369 705 206 203 64 776 594 681 446 111 738 571 138 14 1000 340 796 213 866 493 64 606 670 3 20 122 966 832 592 51 40 778 927 24 535 243 148 884 418 841 692 233 393 23 699 262 415 690 252 631 374 615 267 869 765 286 975 549 29 985 597 912 633 598 242 305 774 831 580 12 638 755 598 322 872 271 766 830 558 274 3 223 697 242 187 254 651 632 386 302 285 865 377 636 207 71 472 799 347 55 982 127 399 694 450 786 494 867 387 630 64 305 321 829 169 44 958 865 661 373 45 652 957 326 265 778 55 638 951 516 73 759 883 712 515 431 669 767 940 879 606 925 409 209 752 612 575 323 891 724 500 309 502 499 653 683 716 892 160 184 559 507 16 465 732 142 28 139 687 625 452 928 690 633 322 646 823 747 770 379 552 666 65 207 924 664 788 967 183 92 154 888 141 720 465 999 16 572 440 34 270 197 663 479 518 655 431 583 775 929 11 669 210 61 310 853 638 812 121 694 394 522 382 277 636 601 236 295 905 809 620 884 528 212 159 9 928 150 836 202 639 179 815 407 889 666 133 316 780 182 781 380 43 649 638 335 749 796 813 248 375 257 475 110 837 100 450 493 352 362 701 359 6 827 474 924 728 203 881 205 286 176 404 694 158 47 794 638 242 821 917 677 890 949 72 443 934 652 896 785 354 474 214 94 282 873 507 578 87 487 82 284 750 962 353 681 278 970 228 893 737 351 338 162 709 294 560 601 218 768 257 921 919 955 430 447 476 323 951 916 303 979 652 175 285 193 236 175 706 511 140 964 420 859 618 350 612 854 496 494 730 127 391 378 191 519 403 319 659 98 932 291 406 260 551 400 857 606 238 256 279 491 860 293 926 521 513 894 387 793 157 7 373 650 525 345 600 978 82 687 92 617 95 68 130 893 303 582 256 528 399 484 283 973 452 926 293 775 23 667 877 
67 424 896 487 233 637 642 753 632 379 281 447 681 106 427 384 244 571 980 576 124 95 258 834 970 547 660 701 634 456 124 316 776 108 919 610 8 169 994 930 516 29 923 411 285 780 384 246 198 70 7 715 566 843 918 185 62 891 714 400 744 759 578 850 158 18 108 367 138 997 698 291 11 499 274 374 554 910 565 274 185 671 650 620 542 346 539 633 198 179 183 234 839 157 466 748 783 560 977 642 445 338 243 401 882 456 584 965 919 508 347 147 977 289 83 119 709 651 273 442 932 948 811 192 345 819 547 464 290 798 192 696 636 40 628 871 85 186 863 701 615 520 532 363 700 630 277 861 214 447 529 115 626 634 2 882 333 193 782 418 463 557 418 88 326 222 737 89 828 506 316 727 68 589 151 3 290 409 918 572 334 79 376 872 964 968 462 120 471 632 285 337 984 828 606 64 128 599 349 762 31 805 867 388 780 921 919 334 349 213 219 703 441 467 305 49 528 700 475 56 872 917 243 82 811 424 666 341 57 41 1 261 870 420 215 630 878 685 10 664 905 194 658 271 101 887 835 393 218 824 525 615 455 659 472 980 233 655 275 173 841 864 708 500 369 857 187 553 937 338 893 304 976 467 235 840 254 207 864 697 885 928 959 769 259 520 235 229 343 653 878 583 955 646 750 971 801 42 701 324 742 687 271 989 764 177 14 820 572 947 200 203 859 850 896 276 564 798 414 919 369 579 157 43 456 405 170 211 869 431 59 567 3 25 225 5 97 374 50 797 620 452 962 933 647 422 266 706 45 483 161 208 792 388 823 458 710 189 484 447 368 554 181 541 476 8 537 570 290 260 40 62 855 712 586 435 539 995 988 362 669 507 301 135 804 332 289 477 448 160 458 869 590 272 922 701 384 628 182 44 949 68 942 466 451 668 572 404 922 829 383 142 275 800 78 799 785 696 502 528 693 530 338 209 86 576 354 111 501 68 530 427 616 695 9 195 743 573 210 60 691 383 575 974 99 519 830 719 274 978 891 786 440 329 432 580 58 320 529 714 126 672 903 525 607 692 843 814 455 610 975 191 318 427 97 434 456 770 908 652 741 138 590 99 794 420 96 745 826 679 474 423 543 867 87 350 846 676 136 710 
203 798 674 83 44 809 210 671 412 116 771 285 810 311 989 818 469 938 805 925 489 757 717 2 258 717 976 358 568 437 428 796 620 418 432 259 168 555 146 860 652 351 814 589 507 30 459 880 874 621 603 792 695 330 928 937 226 323 150 231 303 824 756 65 129 193 296 559 406 798 583 436 159 385 470 712 614 818 652 213 427 641 922 887 647 507 413 511 633 101 222 730 491 759 248 253 660 124 40 111 33 377 791 888 432 247 469 650 847 894 671 393 221 962 457 19 70 446 269 508 718 117 322 428 943 260 561 710 63 18 769 712 423 541 445 798 201 186 626 557 715 114 35 849 567 590 262 330 667 995 421 521 397 347 474 502 263 253 578 856 504 496 340 288 314 465 755 76 677 894 321 424 722 835 278 586 762 611 758 714 713 786 463 783 150 143 417 164 540 467 21 933 451 865 855 507 629 936 253 548 238 868 516 45 320 286 353 82 131 676 667 734 207 731 932 931 312 416 324 179 931 842 801 473 569 116 721 264 202 124 279 678 556 579 346 104 225 784 413 979 859 607 314 144 900 174 816 372 417 759 301 454 431 393 474 821 353 42 977 104 306 73 899 356 275 120 288 657 828 457 783 875 944 301 84 483 107 25 611 846 102 288 561 248 865 361 900 939 3 214 886 299 792 731 891 77 920 282 176 163 750 926 315 818 361 596 165 249 865 161 605 955 349 44 350 618 646 263 982 270 77 794 600 338 51 628 471 982 596 359 719 677 967 226 787 305 106 154 201 808 457 930 463 261 143 754 984 543 954 650 952 985 438 472 493 261 473 449 948 378 156 994 628 955 527 809 392 213 478 643 593 408 3 40 90 654 424 297 613 879 839 932 323 323 702 24 935 544 582 983 739 594 103 84 81 969 650 823 888 934 552 915 417 782 989 529 405 192 152 127 717 819 103 562 973 889 979 981 25 228 25 300 556 539 676 487 890 298 901 146 172 184 798 71 935 18 774 7 766 844 722 100 794 354 831 224 393 326 583 517 182 885 907 121 693 284 496 694 399 386 167 879 336 510 254 656 631 587 544 458 612 984 857 601 776 679 625 496 975 852 669 866 89 140 17 244 741 886 623 375 135 690 818 69 850 118 694 128 78 381 
646 428 626 400 740 408 580 965 534 863 266 184 516 635 610 142 252 364 597 735 566 236 303 366 988 266 100 812 75 440 385 378 164 75 205 145 893 789 726 665 979 176 26 467 209 396 927 322 742 457 372 647 636 294 890 902 233 374 174 858 889 679 197 640 377 121 39 319 191 327 938 117 132 464 778 520 797 181 332 183 171 182 29 60 728 147 790 190 463 154 24 931 44 639 400 750 248 57 243 298 593 225 613 812 928 408 94 499 744 724 851 541 305 425 518 545 987 304 635 55 741 900 621 991 261 126 338 122 784 500 287 567 83 447 321 247 221 560 536 105 390 767 52 927 468 638 133 269 148 835 61 67 669 49 227 336 761 783 332 327 427 808 323 863 858 156 270 269 229 762 272 865 375 454 953 799 423 661 589 377 645 852 219 498 279 119 24 216 886 416 977 544 8 146 189 422 892 479 463 867 544 442 995 527 17 472 530 755 827 890 836 963 511 316 17 261 9 612 843 441 266 871 785 303 720 18 582 827 234 211 779 511 984 776 439 777 343 189 101 599 659 235 54 384 12 303 488 560 233 360 355 907 318 616 559 924 189 365 262 615 684 182 884 402 27 957 150 35 313 381 128 66 123 217 680 254 835 433 271 186 134 210 174 975 175 564 694 102 657 620 466 644 496 536 57 81 588 789 638 960 661 651 718 91 844 201 459 155 490 910 349 605 915 306 616 173 346 740 147 702 305 509 100 293 784 544 515 215 24 163 476 753 937 355 861 314 754 844 297 204 191 322 209 2 642 592 615 651 680 192 548 262 761 90 834 727 544 10 175 202 376 347 580 550 86 40 937 939 871 303 410 24 15 287 92 878 851 817 255 900 210 885 420 202 807 683 241 320 790 649 783 0 706 30 56 411 716 377 434 365 186 736 893 52 268 59 107 620 788 183 292 298 733 154 437 516 267 550 99 161 459 964 738 518 823 363 4 673 840 895 938 641 912 45 567 771 793 656 146 117 358 85 440 945 556 456 217 300 204 54 517 742 266 692 168 833 263 439 907 217 438 45 452 954 955 514 844 435 97 85 980 667 537 434 733 774 18 982 625 353 930 593 258 92 631 752 612 322 17 833 357 103 573 52 385 753 558 919 899 140 
294 183 751 797 809 737 93 905 424 726 665 342 883 44 746 27 735 125 533 880 824 530 752 704 122 625 327 865 60 931 959 90 67 179 155 634 569 630 326 239 355 72 80 530 896 903 666 966 248 636 869 845 865 282 148 537 568 730 836 97 588 60 403 150 840 500 367 860 200 580 994 768 202 403 192 431 419 595 986 654 354 524 29 57 304 334 177 759 867 786 960 851 100 127 19 99 571 838 589 423 875 482 103 455 222 242 277 713 611 724 773 119 798 835 686 193 543 520 450 693 332 705 154 882 968 95 719 866 124 100 41 494 257 321 180 318 541 326 485 414 258 889 45 825 866 691 568 467 41 544 441 979 182 76 978 497 847 848 453 322 904 620 262 288 627 464 748 282 462 282 302 150 441 702 513 127 15 169 152 474 236 116 553 506 347 109 55 780 651 641 305 862 438 325 963 576 876 265 56 839 328 853 373 376 879 762 146 378 107 156 812 231 695 123 990 937 298 694 967 778 270 849 483 777 34 229 999 956 963 929 442 12 756 48 325 442 270 561 155 767 346 802 105 421 812 627 217 416 225 712 643 746 396 341 442 128 38 550 701 350 855 574 503 439 663 763 828 30 846 35 167 641 55 941 222 281 893 200 708 972 834 965 788 662 590 210 84 357 810 914 905 489 872 787 864 80 727 553 507 156 673 543 540 977 996 130 600 402 423 649 132 184 528 615 403 946 923 244 408 445 340 195 118 3 635 320 916 607 144 202 176 14 512 963 34 504 508 67 323 129 983 899 78 469 797 998 725 232 730 44 328 485 765 173 564 43 819 310 244 533 560 514 800 994 262 241 551 881 529 294 569 932 803 430 830 149 818 835 286 317 133 621 933 592 789 588 355 211 905 543 915 887 729 346 234 68 99 526 420 57 938 470 857 570 377 893 567 645 701 652 44 874 447 641 623 347 818 784 634 464 467 501 580 31 531 407 42 302 573 973 575 51 570 852 184 191 261 596 782 103 162 225 49 205 729 946 98 687 679 29 198 935 327 143 62 547 987 359 823 638 73 386 951 666 483 747 246 277 388 628 590 71 788 689 449 219 36 170 701 285 490 340 717 749 983 303 758 337 625 991 57 597 775 172 19 267 428 119 371 750 
483 267 756 464 668 430 288 937 608 282 462 450 697 560 188 467 688 453 216 297 421 150 884 495 772 960 132 356 190 84 90 284 684 599 828 263 719 112 857 186 588 398 558 78 145 8 237 88 469 205 26 835 460 938 158 849 167 681 318 669 314 314 781 274 434 555 760 908 360 960 404 640 55 75 193 921 395 531 69 880 542 659 259 430 718 185 492 65 800 620 768 518 420 502 160 839 88 290 50 128 808 11 858 868 255 743 544 710 711 689 934 179 698 226 831 86 272 228 997 255 609 51 735 301 857 465 522 632 765 984 281 252 960 773 871 480 639 534 602 923 725 99 6 565 783 367 649 495 147 648 231 429 808 789 295 580 846 616 108 897 981 196 425 395 524 225 895 153 768 138 176 252 179 452 256 763 914 711 219 918 560 9 847 991 952 261 657 884 131 895 795 686 655 83 874 904 370 378 315 394 83 304 672 374 437 17 727 293 524 394 631 255 953 892 708 466 264 601 872 360 400 904 798 629 703 234 529 147 114 823 960 963 80 444 492 385 38 849 200 909 100 366 477 16 256 614 154 719 114 274 120 354 289 719 845 613 689 944 335 580 492 250 771 224 768 542 883 104 287 667 583 742 567 956 676 177 249 174 843 737 987 531 974 708 623 63 929 157 644 353 295 988 890 685 865 906 446 561 193 198 67 552 251 655 896 363 999 331 646 578 35 194 188 83 971 867 183 140 369 118 575 296 589 33 246 933 962 331 895 748 837 782 862 290 914 50 521 329 292 458 500 206 703 234 165 834 433 49 407 31 931 624 957 196 215 610 700 264 708 185 712 654 477 744 47 705 812 798 839 753 144 445 823 290 213 526 508 988 466 631 657 10 212 682 389 253 859 340 261 397 496 68 28 667 555 244 230 10 125 46 413 101 564 11 971 833 807 534 707 213 825 124 151 493 908 355 766 107 1 255 766 385 820 926 967 535 477 971 187 510 566 112 994 579 639 817 115 876 597 696 673 870 847 734 626 245 940 106 157 524 635 106 426 481 491 231 65 730 394 148 623 506 416 183 378 464 815 3 532 59 514 954 491 851 29 873 234 99 765 994 164 726 731 594 667 782 318 769 907 121 532 555 525 358 16 311 985 729 16 155 
328 704 43 751 17 808 977 823 562 754 838 798 950 359 319 492 146 335 312 18 742 390 147 178 819 479 347 128 610 7 928 581 566 105 444 77 781 926 121 170 817 360 58 2 794 28 953 246 955 726 809 852 84 984 372 262 429 247 102 939 989 791 933 206 130 861 133 824 449 513 888 423 794 652 629 19 165 556 159 794 479 927 427 593 730 638 929 43 822 174 779 593 102 776 79 628 467 578 207 461 877 280 419 890 731 447 670 223 40 900 302 902 258 912 891 210 769 160 192 180 718 775 570 281 20 136 532 936 802 967 646 550 433 764 444 370 55 713 698 117 321 235 890 745 749 843 802 344 73 113 88 655 650 480 940 275 660 61 658 1000 282 11 443 313 128 91 655 402 95 441 370 699 93 915 175 806 811 482 124 361 47 199 819 691 971 427 238 411 383 480 996 570 741 94 700 921 29 924 265 638 519 692 11 860 891 340 818 629 591 393 138 753 992 515 102 537 395 876 239 89 349 416 915 936 172 688 245 770 790 51 95 763 323 736 300 898 308 643 611 799 266 624 596 343 976 3 166 624 489 729 246 268 939 566 583 762 835 197 497 650 868 335 554 830 130 170 531 830 818 938 844 722 811 386 256 188 34 23 638 112 777 209 709 723 551 751 862 890 249 749 616 385 205 227 146 363 13 743 755 774 278 423 880 913 327 396 160 361 477 319 349 550 982 360 827 893 429 202 279 898 15 868 519 32 398 688 543 630 782 594 813 168 68 632 958 622 807 922 18 677 330 135 665 577 539 242 289 580 288 518 452 880 990 5 95 974 840 95 812 828 752 599 383 634 968 24 388 561 868 291 0 178 674 49 243 678 283 115 856 578 677 876 570 985 263 897 498 295 413 304 1000 315 326 224 832 780 647 976 673 164 293 645 975 661 578 936 741 264 783 650 399 692 535 919 908 878 627 445 52 53 159 337 854 727 437 595 547 60 51 977 796 443 988 559 248 344 694 112 608 329 734 672 216 195 163 783 548 468 218 734 904 468 203 148 849 952 657 812 79 901 132 274 488 886 693 323 998 149 130 421 457 659 569 98 957 648 820 511 166 707 607 717 697 255 866 969 581 857 838 657 671 129 628 308 723 967 831 218 406 560 
758 220 239 944 945 14 448 740 162 579 723 532 369 694 951 997 322 466 375 727 111 753 174 995 180 118 641 309 253 891 528 407 944 151 717 695 381 721 935 421 334 25 716 669 127 199 965 520 156 891 668 629 475 314 773 241 252 506 802 851 540 109 820 952 786 251 568 171 703 425 213 605 601 657 434 352 592 387 480 45 88 277 698 740 36 274 496 118 687 159 109 312 246 59 570 474 47 54 462 20 133 401 387 85 921 726 953 909 191 379 321 243 584 213 125 943 216 595 113 588 393 678 530 854 832 517 372 165 93 884 535 680 287 610 810 722 20 898 491 38 42 266 411 70 320 126 460 128 158 168 73 759 557 847 193 495 230 915 790 243 911 535 506 592 914 264 564 539 391 388 332 76 775 499 307 916 974 727 721 285 790 258 117 437 531 81 452 815 29 227 570 285 631 183 523 682 766 275 754 840 953 716 476 801 723 77 4 37 651 508 488 64 952 476 272 594 655 25 461 504 289 463 399 614 799 437 49 364 625 341 878 428 470 775 820 958 602 956 453 872 396 899 387 714 146 206 435 44 522 802 677 511 507 10 129 318 371 727 179 963 954 464 246 486 74 232 172 359 339 131 784 420 285 882 930 749 258 134 21 836 891 774 484 699 701 393 682 360 361 592 835 394 186 217 248 279 922 680 679 249 65 49 73 558 803 330 56 126 727 767 397 247 247 539 803 362 707 404 385 637 77 857 644 114 84 691 509 810 819 404 973 19 615 612 519 517 286 688 419 162 591 781 270 739 156 766 983 34 511 295 949 331 230 904 547 341 491 914 491 781 214 213 948 909 429 646 17 501 204 981 368 248 857 277 291 789 29 145 265 353 601 969 731 810 613 717 535 14 306 278 333 501 581 691 580 896 439 726 204 478 579 45 682 611 861 153 762 304 236 913 439 599 931 672 169 437 719 746 183 799 186 427 516 966 423 801 264 525 401 384 383 647 997 357 777 463 545 608 134 448 799 819 769 588 944 945 956 422 679 233 656 194 617 754 508 634 21 762 968 502 275 367 66 710 793 14 569 911 420 611 522 384 285 88 290 473 423 677 91 400 121 866 625 218 770 720 60 15 782 391 125 465 269 471 473 929 576 522 4 857 
63 413 872 546 418 990 747 970 953 585 552 264 37 211 156 159 429 987 665 602 293 708 602 320 516 50 613 326 827 211 627 441 595 612 486 258 671 837 97 34 836 133 608 482 349 361 151 695 718 780 96 777 902 710 797 29 210 847 30 654 684 302 372 864 302 688 291 58 333 76 587 99 800 522 728 823 132 118 904 747 316 23 529 110 366 303 730 513 675 252 775 419 1000 317 237 268 971 174 660 615 544 625 130 880 314 429 596 612 409 424 612 965 219 478 57 685 70 844 724 430 534 204 607 731 517 213 546 849 392 385 929 100 219 960 64 329 428 439 329 550 860 981 921 538 436 342 260 120 700 66 439 887 97 382 410 322 581 818 597 975 294 562 168 357 283 514 772 699 959 382 288 869 478 66 234 257 47 711 616 130 981 586 223 552 52 495 791 872 457 210 895 92 546 371 279 458 646 74 603 839 752 79 857 913 106 373 807 957 799 522 774 835 142 188 853 76 431 89 98 403 558 25 635 57 573 771 784 98 583 397 398 137 161 638 116 663 342 932 284 533 533 118 160 803 244 324 996 774 935 18 420 152 948 112 608 435 173 65 9 605 274 967 33 653 237 959 160 831 265 459 472 333 79 408 971 634 839 789 229 302 606 310 501 424 579 800 165 293 280 458 539 798 88 457 85 577 352 712 500 586 461 612 873 569 10 169 533 497 895 928 885 562 172 31 759 100 837 156 213 450 5 120 566 518 512 988 407 651 496 780 269 196 116 261 930 704 88 496 202 202 569 206 59 66 376 52 949 577 213 858 948 640 685 272 827 150 850 342 525 420 475 166 235 790 756 117 852 651 82 583 139 365 562 721 100 832 890 477 238 965 683 101 204 482 747 158 418 101 227 199 251 899 288 530 71 534 620 993 32 852 13 542 307 634 590 802 932 572 790 713 130 67 537 532 950 879 470 27 580 823 490 874 868 386 767 194 606 304 604 838 950 238 888 527 183 369 772 685 857 738 701 935 162 737 92 994 271 934 649 367 651 808 143 983 675 840 334 103 912 114 651 710 742 390 233 897 745 830 707 752 9 404 970 548 139 426 995 82 280 310 510 990 882 911 381 446 917 303 156 634 605 731 819 112 774 946 154 196 98 311 
100 774 921 743 220 852 717 405 257 525 489 79 890 201 344 671 701 435 204 676 917 937 461 932 979 549 163 500 23 958 734 74 823 0 717 150 600 96 256 510 931 64 445 115 254 508 0 66 106 452 774 744 794 482 918 583 231 132 969 190 528 705 618 649 959 576 611 841 382 646 544 424 422 912 980 818 682 948 831 447 301 14 772 920 8 613 9 841 288 915 151 57 664 791 542 588 196 74 656 304 241 89 187 526 181 66 638 842 987 283 70 812 785 247 542 298 179 485 372 3 458 340 961 752 95 906 387 702 792 944 187 508 90 202 560 129 550 550 638 544 928 494 645 339 967 449 81 652 241 906 692 548 814 479 204 215 39 377 669 712 196 961 535 598 382 981 770 350 702 979 816 696 806 405 807 664 211 135 356 374 392 505 835 594 699 977 945 136 111 156 281 87 474 863 614 759 223 654 565 632 70 789 604 533 321 28 907 155 352 658 939 214 797 352 674 243 350 573 345 543 700 265 231 525 336 190 813 295 590 7 209 861 904 292 944 315 290 668 808 193 352 201 340 548 866 678 704 544 35 332 947 609 254 543 570 798 674 358 849 708 716 941 242 797 158 907 412 7 476 785 885 207 548 848 175 473 294 498 701 53 265 333 24 140 405 656 457 495 49 29 297 633 870 566 644 868 724 922 419 603 500 427 217 163 398 545 600 296 90 99 151 63 593 60 424 726 517 898 168 216 691 484 523 644 582 937 212 350 403 443 563 850 297 856 622 257 276 37 568 283 767 527 834 168 339 403 535 764 343 931 83 322 492 573 194 904 443 310 945 801 707 787 34 713 560 753 446 396 145 815 404 701 391 411 632 222 744 577 931 998 8 689 458 458 236 513 890 190 151 279 118 111 437 238 523 757 674 171 166 478 212 268 213 167 926 996 79 255 668 593 591 878 977 811 731 886 876 619 168 939 218 793 178 161 622 327 949 771 506 26 571 953 625 318 502 938 189 955 988 429 237 725 344 664 207 55 207 339 529 342 852 0 57 383 957 550 220 502 368 344 763 954 279 834 126 767 490 657 761 358 814 488 569 243 498 814 320 890 572 569 199 665 538 965 486 491 97 799 917 470 909 116 989 735 693 562 393 115 496 639 
595 484 954 431 852 310 765 422 945 475 445 931 568 188 946 758 934 536 463 690 233 748 406 799 41 936 735 417 436 357 575 442 706 401 70 532 355 319 529 608 594 218 248 897 299 420 738 324 598 623 464 669 451 494 225 484 724 149 763 869 943 552 833 951 413 88 835 548 417 754 925 729 619 676 174 555 183 106 681 185 535 768 813 630 266 499 354 305 0 310 410 783 780 532 276 24 409 355 752 339 684 133 937 245 242 413 728 83 535 394 632 507 272 425 648 220 555 21 219 780 369 109 101 523 30 311 864 126 477 458 696 351 961 79 596 58 847 965 642 442 71 879 30 156 375 418 209 482 325 747 386 401 240 707 145 358 133 459 831 116 733 389 400 61 681 846 571 51 371 719 103 491 420 791 316 731 350 396 124 427 795 27 778 881 167 746 917 880 237 677 493 413 218 709 516 696 505 428 751 562 458 472 245 364 46 57 746 245 309 420 196 542 604 801 990 932 435 410 408 866 380 414 1 290 651 726 751 651 36 170 871 500 598 646 800 936 514 620 766 69 436 683 327 395 962 796 533 57 480 745 355 730 393 303 174 111 995 562 35 434 732 954 4 856 588 325 875 707 712 112 674 515 87 829 11 12 687 749 113 362 105 255 115 121 909 127 254 612 157 107 919 810 877 74 772 349 426 81 825 810 613 648 542 338 235 112 727 566 874 274 820 5 678 235 830 578 274 114 348 642 132 759 22 172 624 437 315 1 351 893 658 670 488 925 404 194 535 902 614 44 438 57 707 639 657 979 660 716 23 78 21 143 204 22 962 575 331 708 61 985 785 172 578 691 861 449 485 673 617 721 892 445 58 375 980 77 32 76 764 812 697 284 834 514 831 142 329 900 791 469 1000 852 521 465 346 265 61 678 221 6 736 86 800 273 56 66 210 72 558 177 839 668 31 923 810 667 744 188 855 32 540 450 37 108 915 357 56 899 738 378 690 892 941 659 446 18 231 988 840 789 50 776 314 661 4 150 951 389 116 741 999 480 401 728 367 278 650 942 282 754 946 693 359 477 177 578 96 777 270 740 82 294 577 306 245 438 319 546 222 814 785 449 283 591 436 804 205 202 902 281 166 492 868 37 249 51 778 135 663 358 
365 210 929 695 72 415 563 808 359 403 556 320 572 891 895 81 606 463 560 912 101 288 67 115 981 260 632 869 739 151 668 708 475 75 795 2 710 354 38 147 442 436 127 638 976 68 209 400 291 749 987 712 572 186 128 982 818 629 395 404 771 620 169 762 699 150 464 122 97 845 457 110 851 745 675 668 975 790 841 443 173 898 569 710 152 837 960 530 823 930 222 890 251 253 487 287 155 961 512 939 916 392 736 682 819 123 440 800 395 307 486 28 212 784 645 789 129 583 420 271 195 191 960 398 455 510 346 379 404 390 679 477 806 332 400 132 170 551 228 894 723 240 434 829 396 359 37 752 419 869 891 840 209 986 386 326 885 303 852 532 706 806 613 104 357 750 825 766 120 256 562 483 667 518 976 666 421 495 468 67 126 368 321 142 861 731 719 828 333 403 635 203 312 554 686 476 559 55 470 314 701 905 586 83 565 544 331 292 499 14 361 811 633 989 704 338 918 667 742 378 759 715 49 460 910 567 824 879 890 172 200 1000 177 493 233 114 55 16 745 184 492 901 990 273 491 619 173 697 596 790 434 397 638 185 182 83 512 932 595 824 900 253 875 868 311 926 197 267 969 902 184 326 350 250 889 963 531 155 743 958 343 559 130 318 361 157 257 258 230 702 938 748 605 68 776 564 477 651 947 55 191 105 198 579 643 184 839 412 739 865 71 234 496 976 174 248 586 60 798 680 622 170 360 669 940 862 597 368 126 698 157 727 176 494 391 747 781 564 621 304 850 650 42 120 140 287 567 932 46 181 351 658 639 129 640 525 858 790 743 147 189 357 681 768 184 100 593 454 25 712 593 909 326 921 996 985 62 435 245 770 283 495 263 702 743 817 404 413 744 853 400 727 477 572 200 380 212 982 648 813 872 440 20 535 395 873 222 334 503 836 351 76 537 802 91 110 981 505 799 317 753 592 579 745 486 636 394 804 972 394 205 721 60 412 863 658 981 538 825 442 199 126 502 59 496 859 713 499 512 971 148 846 243 454 786 62 326 370 387 595 561 502 188 117 624 832 120 643 160 909 634 530 610 762 288 742 585 435 131 642 569 257 238 312 991 962 928 452 770 740 166 715 549 705 725 873 904 862 849 359 
547 606 877 863 737 893 692 342 773 67 639 568 503 742 816 276 496 693 209 370 304 37 94 215 925 909 90 160 85 736 471 585 816 491 666 912 25 504 166 976 263 293 68 871 895 389 472 923 882 194 111 77 513 755 646 959 987 21 412 542 249 155 172 621 755 32 86 357 918 364 542 44 744 864 793 272 814 234 429 303 765 621 371 681 574 619 820 986 653 306 302 277 259 90 680 461 910 848 944 722 556 879 880 382 520 696 324 800 181 511 623 285 975 202 179 887 372 661 510 548 462 953 941 961 831 926 141 879 333 34 756 738 250 992 721 392 152 812 833 701 82 885 733 628 486 122 927 120 789 261 739 998 918 910 312 351 471 587 414 187 80 128 175 565 885 407 841 387 373 330 209 831 757 722 712 93 986 809 86 385 832 338 120 941 651 446 11 386 16 901 1 828 281 460 660 659 907 398 759 409 106 424 918 221 865 668 491 914 585 140 88 785 87 288 907 370 320 9 398 816 258 882 182 147 866 487 999 255 877 519 87 936 191 859 726 744 714 614 32 147 60 846 235 874 259 193 459 414 416 937 695 975 547 380 712 340 474 45 594 400 552 880 755 863 602 627 213 816 97 65 601 800 979 202 292 729 640 503 391 37 214 515 375 717 800 81 562 646 68 692 232 807 667 773 661 129 604 711 260 316 104 789 415 532 783 121 816 228 386 584 691 598 868 658 979 95 936 328 326 626 106 513 541 663 937 265 167 800 596 995 229 879 276 236 713 783 499 574 157 216 863 870 263 295 272 421 624 664 688 707 220 893 933 682 170 806 346 992 993 816 979 741 216 105 340 717 438 390 835 723 957 913 520 251 346 362 579 610 880 553 316 449 889 621 721 734 224 427 197 573 375 401 246 271 158 735 757 745 716 584 974 530 442 697 189 632 962 898 714 504 631 983 970 696 878 45 678 952 28 253 440 706 958 601 658 313 205 844 359 31 22 987 222 913 598 640 896 190 645 724 436 107 953 83 371 224 859 443 673 496 880 169 314 365 160 338 973 67 109 265 966 517 656 603 948 49 61 749 126 647 365 332 492 82 517 855 742 642 560 75 525 160 532 943 871 976 843 884 148 771 605 797 773 503 574 956 306 822 765 620 
83 843 975 840 903 242 282 650 630 874 219 521 721 275 110 984 320 886 820 740 785 918 759 755 616 541 249 230 932 523 570 442 259 860 598 775 545 564 975 237 636 844 713 855 774 58 142 71 920 131 487 688 178 680 77 551 844 792 529 689 772 772 939 992 642 957 231 770 344 500 493 906 687 681 284 157 604 712 71 131 38 410 190 623 554 850 471 354 126 758 276 811 242 623 923 333 614 232 291 96 464 794 264 500 523 284 385 202 845 224 216 515 798 391 90 63 711 613 857 779 759 853 78 46 762 451 637 585 14 951 844 557 702 228 570 305 743 885 581 118 377 59 47 127 3 916 593 483 233 350 366 923 396 643 418 227 232 498 847 928 811 811 810 633 236 990 110 79 193 548 529 143 871 298 446 720 752 817 944 184 650 64 740 482 281 962 937 880 297 55 106 360 718 256 362 434 706 195 200 753 992 375 759 120 495 161 675 228 977 5 686 716 393 359 928 46 142 941 439 898 380 542 334 289 653 498 400 746 145 934 428 994 773 323 799 471 366 318 688 819 328 576 985 74 268 757 297 545 930 455 582 514 174 193 526 212 300 360 759 620 984 240 297 941 891 470 111 352 827 854 6 654 195 871 829 543 919 322 447 424 801 374 894 558 754 515 157 647 255 599 543 682 358 998 868 693 753 571 395 102 685 777 645 963 534 390 67 823 345 772 167 476 797 124 982 659 417 639 914 436 627 520 499 783 766 293 590 540 479 996 952 628 434 475 680 166 874 104 534 175 273 643 305 111 691 230 843 324 109 126 351 634 89 116 306 484 706 978 483 837 355 795 664 972 730 215 697 879 216 12 677 84 579 936 209 768 43 324 551 89 399 99 79 825 31 241 983 609 869 948 155 221 179 176 176 732 875 957 465 838 175 467 957 81 181 645 837 904 600 79 631 945 37 180 311 474 858 270 646 354 609 894 952 430 942 303 749 959 650 745 722 663 996 294 596 389 825 799 664 709 216 391 564 936 371 825 512 880 979 18 393 823 263 564 106 81 882 546 113 759 913 494 964 87 689 762 318 729 241 764 267 866 561 819 109 905 61 488 444 126 834 62 495 29 267 397 778 697 919 663 667 813 113 822 957 831 680 492 345 931 
986 897 699 686 416 197 871 730 879 643 191 789 329 326 634 10 682 523 911 531 294 495 617 222 424 991 285 476 265 167 907 593 930 884 493 585 298 935 404 335 700 603 462 448 399 326 7 450 34 825 268 694 730 68 670 376 412 418 224 530 570 94 718 350 738 99 437 616 312 697 608 54 956 568 19 14 327 189 647 130 880 170 981 844 887 645 332 773 233 543 795 383 878 329 608 229 770 546 794 578 169 312 338 869 824 736 944 880 713 697 172 277 401 752 508 362 861 682 13 575 857 945 631 218 140 620 666 944 786 760 780 3 660 848 839 943 703 385 326 464 215 766 799 805 861 606 185 682 862 342 322 347 631 831 246 972 628 160 581 322 82 606 301 768 258 455 586 462 664 433 731 617 407 173 371 272 330 251 129 251 821 720 135 402 466 702 590 698 388 314 709 806 483 865 912 741 454 897 157 546 477 382 73 421 200 714 499 124 39 991 465 603 306 967 948 508 618 698 448 524 170 808 997 876 833 290 831 35 942 789 981 492 903 84 932 670 360 338 550 341 466 399 902 604 204 89 185 976 895 789 382 873 177 177 483 716 779 534 285 131 658 747 905 815 856 885 163 703 753 738 170 201 890 552 340 481 941 27 353 932 135 935 760 236 735 681 332 981 62 659 687 965 855 607 454 283 81 695 591 314 460 91 300 762 624 592 807 576 465 24 41 222 841 897 9 951 576 691 252 181 691 462 416 868 896 187 23 724 863 575 884 623 616 196 166 772 939 483 987 204 814 136 285 308 723 94 743 328 987 978 980 662 375 448 988 220 202 633 418 885 311 453 648 291 961 908 951 375 504 383 81 986 974 840 702 361 225 135 770 239 338 842 148 481 292 806 803 388 291 483 119 14 245 371 730 277 276 11 363 450 157 295 578 208 966 476 84 188 832 92 810 507 957 172 849 44 873 295 456 443 348 780 990 948 795 270 288 902 749 135 184 258 712 530 724 956 171 263 23 709 790 90 127 140 308 1000 587 679 165 65 575 703 75 717 469 73 915 808 174 123 961 781 919 218 781 841 386 506 833 689 290 411 481 421 962 813 791 363 660 40 667 923 803 773 760 606 716 687 311 964 41 114 436 71 677 559 53 399 614 165 
489 224 416 177 44 573 891 94 889 337 15 637 853 108 923 585 363 522 808 464 359 613 748 939 793 718 656 466 462 457 206 50 34 468 117 866 17 956 258 622 605 919 945 804 529 674 163 21 211 341 866 907 220 297 195 306 807 302 859 805 389 85 497 452 484 899 149 594 793 731 571 605 465 93 288 73 276 625 462 770 772 631 266 626 218 334 968 433 629 100 468 263 576 81 974 58 706 327 472 108 728 707 881 516 176 788 342 28 928 15 735 790 185 706 551 32 128 594 108 839 549 268 160 231 197 365 874 964 0 71 443 28 966 658 59 6 753 555 690 163 962 671 229 861 719 205 308 622 903 507 302 523 37 756 482 743 636 186 425 566 35 827 64 406 995 295 462 479 134 559 316 865 84 532 69 121 1 3 167 168 770 700 812 442 744 866 873 302 607 177 771 542 795 666 585 532 982 981 181 914 192 661 901 882 910 930 252 478 806 918 954 419 249 653 517 580 386 342 785 431 572 594 600 523 323 147 942 414 249 86 727 125 186 266 585 563 22 543 762 319 870 159 391 194 792 267 421 367 750 582 151 880 621 874 693 328 40 517 300 569 928 56 343 375 749 165 553 558 789 364 701 846 595 371 328 106 855 391 521 503 438 728 83 381 371 622 638 416 255 324 161 131 451 653 424 95 112 121 25 836 791 673 446 788 915 938 789 833 623 300 692 181 490 810 388 445 234 863 289 678 882 837 491 201 379 328 802 728 249 963 467 978 350 563 356 168 292 188 630 162 733 793 867 328 785 671 867 102 704 886 262 702 715 297 372 784 507 658 535 242 435 639 799 365 37 270 902 662 112 880 159 306 533 415 48 870 515 422 636 417 28 644 670 191 395 341 393 442 928 140 796 990 679 984 184 875 169 461 412 408 71 277 549 426 87 166 902 40 991 648 832 861 290 822 967 107 108 91 451 89 919 249 280 1000 920 906 163 524 720 788 1000 37 533 366 900 215 348 296 986 557 597 979 197 951 591 568 258 7 479 660 664 471 686 314 190 477 409 486 26 744 484 309 871 79 96 745 612 651 518 428 846 389 722 644 581 339 553 574 132 129 423 459 373 236 739 566 802 43 290 914 88 748 270 164 136 514 967 384 620 533 
720 609 670 435 732 567 673 882 548 838 206 141 103 929 80 483 825 46 273 152 992 183 245 243 793 96 781 241 307 935 475 929 697 955 688 134 506 602 538 44 432 387 444 901 451 683 562 834 657 981 104 748 138 702 857 932 898 650 978 656 101 800 798 322 144 571 174 386 48 704 806 666 37 92 406 566 963 680 105 472 767 187 432 453 613 13 213 286 768 829 581 249 549 270 800 114 640 461 951 297 267 2 34 140 203 591 637 792 493 297 184 707 576 452 513 10 195 748 936 109 39 274 407 526 50 757 894 654 909 420 370 183 595 253 617 823 952 318 805 93 241 505 442 96 151 344 734 595 79 361 460 170 560 916 970 26 652 895 63 99 636 686 359 728 218 172 671 164 1 570 688 705 592 742 244 974 992 566 397 568 4 308 503 832 91 156 63 520 414 339 862 490 683 259 608 817 959 600 969 747 856 16 552 927 669 809 838 116 104 86 593 966 143 63 187 919 8 526 744 369 132 683 371 832 278 750 321 587 41 443 703 914 470 307 856 620 82 221 867 82 462 822 767 297 83 101 609 428 387 592 772 794 269 881 884 491 737 367 499 142 681 916 367 655 176 402 475 389 983 830 213 199 833 950 122 587 529 69 20 380 102 565 151 41 336 703 898 54 224 189 978 3 139 403 173 658 690 115 405 610 671 671 539 99 732 442 296 52 550 26 869 671 425 982 552 150 939 610 402 66 886 735 533 989 55 591 505 163 830 792 617 768 540 988 46 404 373 154 730 16 850 865 22 764 126 920 24 286 162 578 548 351 846 546 277 820 111 798 221 402 878 156 588 251 606 19 890 618 177 884 525 448 285 19 945 224 155 777 277 851 658 422 212 512 675 367 344 689 269 732 397 136 39 921 215 750 349 17 467 917 885 620 439 597 770 770 86 89 348 541 711 119 142 849 312 516 881 716 919 299 549 97 251 248 86 13 91 690 58 353 138 117 951 325 254 541 575 255 226 461 646 40 377 487 54 346 479 775 419 492 509 246 475 912 860 607 270 170 589 376 934 816 404 807 788 2 482 38 523 87 247 738 691 378 497 252 120 641 374 960 951 10 317 83 969 773 229 701 578 316 174 911 543 548 858 815 328 511 821 74 
796 170 345 929 592 989 499 770 275 99 353 991 612 140 894 563 759 553 841 146 657 905 678 928 167 392 250 696 522 828 254 8 876 980 633 875 555 7 220 589 575 785 56 16 240 676 801 937 328 42 130 982 108 396 888 522 345 822 295 778 921 209 731 102 742 517 643 777 614 86 119 893 120 844 759 789 52 91 69 218 170 965 403 762 913 542 259 918 675 672 326 477 867 31 806 256 426 626 936 902 55 223 646 144 570 64 585 680 389 745 238 3 443 398 683 730 644 981 767 894 628 333 998 57 92 318 769 191 708 288 318 482 634 808 690 362 697 666 916 308 49 508 708 106 538 534 270 779 440 357 812 83 770 644 255 45 146 238 719 403 615 922 911 870 412 744 841 587 509 363 85 928 132 141 126 303 915 719 950 319 342 917 16 403 768 199 33 787 116 607 811 590 154 835 558 233 79 62 368 204 587 271 947 492 478 374 348 875 852 296 125 312 892 975 511 242 912 573 919 196 956 614 617 211 390 480 183 613 96 930 412 575 600 786 162 976 764 496 338 193 168 744 282 493 926 628 29 508 841 461 981 994 734 667 494 920 926 3 542 434 410 528 868 686 181 968 546 873 882 304 594 443 209 870 500 455 448 254 79 82 771 343 652 293 518 140 797 359 262 298 363 980 841 323 839 361 598 205 38 5 330 762 504 945 662 969 371 265 788 437 924 854 884 527 66 705 990 905 224 862 367 811 834 75 333 51 985 227 475 911 482 406 535 968 234 465 224 440 261 211 266 606 123 34 755 449 315 211 867 269 335 91 883 708 6 768 304 518 408 806 282 326 413 131 591 175 537 325 329 507 775 529 331 967 685 37 621 367 263 237 667 309 355 966 191 132 22 46 413 115 951 756 426 386 985 411 704 848 771 668 964 803 800 741 86 992 576 69 20 279 281 958 953 494 810 540 69 266 790 228 892 183 681 611 511 298 667 22 527 664 718 70 933 383 619 997 113 548 258 677 109 77 807 606 919 346 909 615 161 559 83 75 388 934 312 845 654 930 388 697 682 950 678 148 871 559 816 237 680 359 277 791 696 699 612 87 431 764 808 409 311 112 945 695 300 284 143 553 596 291 955 692 360 881 244 532 929 940 423 239 
366 724 506 256 629 579 536 4 833 79 872 378 275 832 767 42 545 9 186 875 609 518 450 160 858 202 10 563 341 193 625 837 524 864 641 403 446 361 774 81 515 603 338 18 375 947 693 140 915 274 372 247 234 971 948 887 211 862 616 388 239 36 318 861 724 176 906 574 701 237 741 154 475 351 722 104 974 953 722 693 686 505 27 547 36 659 525 198 920 550 226 642 40 112 370 616 669 205 65 418 920 118 454 261 700 116 980 681 492 165 805 959 637 273 841 661 747 10 286 273 792 77 253 347 564 937 880 169 248 555 645 863 15 73 242 638 109 470 957 479 185 395 684 607 626 645 446 875 660 688 888 635 372 146 321 569 537 694 659 788 937 909 812 800 316 632 741 132 262 154 885 575 159 803 848 946 211 467 415 49 580 198 962 870 417 398 153 248 617 613 394 691 259 406 857 369 448 179 913 74 0 60 315 713 707 22 464 233 108 25 272 668 726 477 44 143 79 309 564 348 740 697 750 455 979 953 267 632 889 424 841 521 975 851 822 819 409 58 13 822 715 839 850 553 424 34 507 323 364 174 634 520 896 964 867 301 968 680 523 418 33 18 356 188 793 892 622 643 383 844 214 325 145 843 648 177 337 524 547 485 399 5 851 36 484 291 10 1 570 75 441 775 619 638 411 903 659 12 159 137 320 430 466 365 796 758 745 464 897 577 951 598 757 608 424 222 604 31 435 854 426 422 861 53 621 136 422 9 649 112 885 831 192 119 227 22 670 496 898 610 381 457 239 37 523 180 349 383 603 31 40 959 265 2 988 28 750 607 69 35 766 236 796 982 22 917 69 407 437 665 954 974 410 816 767 297 201 279 973 606 662 496 433 306 423 975 178 157 162 756 224 469 426 361 144 685 216 24 415 458 873 408 994 513 537 459 696 89 358 761 742 460 471 614 440 740 289 348 25 382 910 15 351 340 107 575 30 834 52 748 843 982 649 48 104 552 18 42 812 681 609 686 392 326 104 429 954 302 710 189 657 558 753 521 982 129 741 288 193 335 544 303 441 690 345 183 42 89 891 798 547 707 474 79 549 588 364 935 843 513 77 675 276 780 135 930 453 125 538 456 167 224 106 795 780 857 53 950 957 76 
829 482 69 5 285 622 110 120 640 555 137 903 369 179 818 619 75 25 72 661 194 877 6 289 215 142 18 242 845 900 53 201 75 711 302 666 835 947 216 718 146 258 17 406 993 78 214 192 971 484 488 374 661 36 116 789 872 356 218 637 466 954 452 958 957 174 128 697 311 668 906 451 514 493 917 761 558 187 718 229 386 202 955 610 809 228 704 679 953 772 355 557 987 635 878 444 8 912 962 989 390 993 897 646 954 698 602 409 644 307 539 663 46 198 313 521 49 797 232 111 542 284 782 820 67 409 861 574 461 445 314 7 709 471 411 170 307 221 390 36 505 429 787 654 213 233 503 268 888 832 113 319 556 231 969 798 824 82 966 853 505 943 684 494 821 141 227 770 721 53 611 465 37 579 703 31 3 425 589 487 43 19 273 734 63 92 724 853 350 577 513 293 271 73 891 971 313 678 749 820 24 548 311 427 574 329 315 291 675 351 69 151 57 483 519 613 990 122 45 402 344 798 86 777 502 323 967 796 76 864 482 408 377 719 446 428 571 648 820 547 171 889 511 290 964 729 310 95 189 134 740 99 317 794 596 4 516 753 467 65 773 19 207 461 186 844 264 130 948 906 829 610 243 641 363 948 723 861 653 718 290 774 931 854 170 813 294 91 452 642 40 295 397 185 235 460 864 621 974 769 564 511 524 137 833 265 914 447 829 471 224 257 721 751 278 100 455 833 63 391 700 416 540 821 830 135 841 692 533 963 954 365 747 661 685 301 993 977 965 15 622 525 98 611 919 115 370 996 292 179 324 577 427 3 270 280 302 110 994 16 368 370 162 544 176 284 307 576 364 442 157 532 325 977 763 192 928 176 950 519 861 873 574 953 112 629 930 192 597 171 133 350 606 556 767 891 951 525 791 556 888 775 897 765 511 183 386 788 885 468 202 649 132 523 226 212 81 980 322 976 237 257 66 303 533 858 803 456 866 726 61 392 243 338 406 716 823 884 344 826 139 669 550 21 416 602 505 0 584 931 590 466 469 791 496 953 595 421 356 761 383 502 530 319 657 641 988 161 491 413 599 149 216 714 462 69 591 873 16 93 428 143 478 32 683 387 757 750 767 526 712 168 65 774 179 31 990 319 355 175 
219 666 712 692 319 531 898 355 743 396 132 392 864 757 506 707 134 938 67 997 761 808 401 933 905 555 68 310 536 241 540 7 833 997 457 263 942 757 251 782 739 189 215 367 421 897 57 140 443 613 346 295 280 163 773 944 865 226 108 691 581 913 145 215 152 878 969 954 371 695 189 82 738 193 611 554 468 58 812 623 914 240 498 74 880 672 339 792 123 793 668 239 352 449 350 679 236 18 153 667 396 888 802 723 691 311 539 109 658 709 562 178 190 563 544 733 921 10 854 341 825 850 554 103 800 370 287 841 998 150 597 995 94 139 467 290 296 565 372 169 187 218 275 619 217 524 971 945 570 52 669 642 422 840 383 223 841 811 3 558 882 585 186 151 487 751 529 334 232 489 847 178 913 76 362 222 613 204 791 216 726 755 474 851 26 239 168 840 186 663 854 710 595 984 976 241 690 295 415 745 40 965 757 473 475 110 922 169 811 971 476 657 208 970 893 473 666 60 871 504 586 503 503 430 769 170 21 749 911 296 519 728 368 799 946 274 197 492 380 564 233 523 931 412 490 664 946 545 150 128 622 536 878 434 813 724 512 952 745 314 565 544 173 211 161 347 101 969 347 245 876 477 935 22 256 546 44 791 183 942 54 445 768 245 207 363 211 156 694 346 734 442 29 944 430 150 150 779 591 417 157 324 435 150 445 179 481 606 501 321 978 280 608 685 829 748 247 258 508 523 561 216 6 763 927 178 724 11 888 101 263 27 789 416 515 763 977 329 660 243 927 865 368 879 12 166 202 279 71 582 756 129 154 176 809 97 268 182 537 168 403 269 604 210 85 440 51 176 709 451 543 944 19 516 359 930 710 716 821 682 657 301 804 921 393 741 766 647 930 155 299 40 679 492 362 685 521 994 383 910 82 503 139 233 887 849 840 493 854 502 972 739 3 31 792 636 959 260 696 407 547 896 449 966 221 578 724 171 594 988 734 26 485 137 400 962 961 773 846 733 191 613 87 492 441 834 937 170 250 197 276 596 510 372 55 47 277 618 325 40 258 603 917 964 507 924 91 160 845 524 386 614 36 610 718 352 723 895 84 331 996 19 876 813 144 692 92 811 481 234 755 938 290 800 477 169 897 945 609 624 
632 726 886 42 182 326 103 740 807 129 726 960 349 890 340 259 574 109 628 858 25 335 174 317 362 209 396 42 421 486 553 823 130 368 472 788 337 836 1000 431 7 401 356 616 583 638 609 86 13 752 992 887 878 636 918 822 697 347 105 939 978 900 715 749 944 266 134 731 871 866 810 620 564 353 74 892 233 66 526 959 54 876 513 221 112 724 318 690 698 547 767 592 292 225 754 784 688 733 959 50 906 183 880 700 576 571 949 312 228 529 825 917 988 62 732 465 993 699 476 607 714 478 96 119 762 855 938 109 381 738 111 143 781 471 516 311 159 839 152 877 700 302 716 832 695 393 85 782 445 455 181 299 446 883 190 897 725 736 569 506 274 782 229 978 920 536 408 862 892 956 925 560 231 325 1000 233 408 296 646 260 306 931 616 245 219 8 589 540 973 63 365 41 984 769 535 814 480 285 483 124 785 714 968 305 703 426 715 837 822 756 608 657 47 28 437 59 312 762 810 549 816 404 670 155 461 189 706 629 319 739 121 882 855 595 453 365 431 99 249 46 727 977 538 468 317 696 622 559 87 488 195 129 340 947 738 754 930 646 400 560 764 695 545 439 978 210 531 968 559 625 687 481 155 50 326 208 881 527 819 429 62 292 871 998 941 710 466 611 167 942 17 498 426 308 878 732 117 460 554 304 63 623 919 735 212 864 692 168 619 204 33 95 162 397 894 575 832 818 337 815 434 948 581 4 694 516 967 799 486 595 875 966 896 221 298 738 893 16 971 497 336 251 768 370 205 244 973 364 790 490 216 973 231 752 292 162 282 346 859 542 744 478 878 384 939 582 888 385 347 467 738 645 221 565 488 273 419 433 487 99 439 321 776 156 434 253 510 576 176 794 97 132 482 155 879 952 692 745 117 114 950 370 73 474 459 245 195 581 63 731 304 893 497 111 994 472 264 387 952 193 385 880 607 996 480 283 720 949 979 931 232 56 995 781 663 648 910 214 35 607 89 868 779 573 407 633 305 470 930 626 2 88 969 32 121 654 111 727 622 44 666 157 214 943 15 948 953 854 920 214 578 322 290 645 960 394 362 440 298 585 519 189 98 778 276 660 295 132 606 72 582 422 173 562 815 187 972 918 382 548 
552 551 941 591 204 742 693 696 360 46 1000 918 124 123 976 488 753 834 33 72 520 967 260 646 218 516 132 231 676 691 582 256 302 742 558 121 18 350 179 9 536 1000 129 311 747 226 23 212 160 49 72 242 337 906 362 70 179 772 754 122 148 708 266 363 562 761 630 563 710 107 410 686 944 86 137 632 193 555 527 180 273 583 774 127 884 935 716 178 602 740 910 926 637 190 771 430 398 316 437 612 273 493 70 187 366 99 652 327 51 940 558 55 404 200 560 524 770 977 61 865 622 55 155 168 334 210 399 781 290 448 886 777 210 878 169 113 209 867 573 397 843 442 676 504 654 546 415 209 891 386 174 80 111 530 938 628 863 657 920 364 957 471 87 134 762 651 586 531 23 529 161 827 405 69 833 516 718 369 458 929 868 141 372 450 13 47 373 798 568 144 940 266 949 748 471 713 247 828 708 279 496 772 388 502 194 47 966 104 778 736 184 771 29 91 511 444 129 478 759 370 556 156 186 200 149 997 132 72 375 264 724 436 405 173 308 39 660 572 229 851 503 562 281 83 112 995 980 524 970 444 780 986 497 350 835 686 540 769 191 911 597 682 334 825 280 239 817 924 69 491 859 999 620 655 437 818 509 212 736 570 814 523 477 115 987 51 17 347 982 873 532 263 260 497 25 780 387 422 876 948 369 300 531 17 599 744 887 192 531 358 281 581 315 672 132 307 325 927 734 493 756 1 730 397 686 758 341 88 212 56 938 883 482 221 286 547 625 776 47 65 371 977 843 159 783 383 577 409 163 225 31 664 584 450 101 609 588 221 342 975 625 101 686 540 920 186 620 540 943 648 290 455 149 445 860 798 238 192 804 45 638 558 661 464 31 25 347 365 889 92 922 818 755 313 297 876 785 874 431 898 577 317 801 353 314 770 296 351 337 977 597 69 763 295 686 86 318 256 905 44 842 203 689 776 803 546 867 107 836 550 352 216 948 510 635 265 664 534 793 946 759 476 718 807 247 765 323 904 838 935 571 751 709 243 160 715 6 477 338 466 385 933 318 264 233 107 860 978 18 128 292 552 692 305 541 491 405 321 855 653 733 356 908 162 246 406 822 697 511 629 902 988 230 399 44 235 51 542 897 160 
835 295 146 592 314 165 368 53 755 339 264 502 22 56 534 696 763 220 483 832 231 512 86 905 464 689 899 281 585 842 178 639 839 715 421 422 586 191 929 712 806 977 288 803 750 172 98 560 687 435 842 971 230 12 724 361 10 286 108 460 658 118 801 437 308 738 894 335 228 372 636 822 404 753 495 912 985 580 926 393 197 992 407 62 102 470 285 863 471 581 306 48 533 423 223 9 76 911 336 637 735 63 177 573 104 815 911 923 893 570 413 351 282 2 544 710 610 208 199 19 997 275 718 571 618 857 596 76 459 804 429 261 556 640 663 637 572 707 470 510 290 962 761 384 577 427 149 873 301 371 582 975 226 788 181 924 625 27 829 685 2 193 484 163 219 300 965 699 765 798 995 673 457 581 957 753 113 121 402 963 200 225 314 203 14 814 698 76 697 305 592 364 476 411 157 976 462 187 857 778 119 834 396 428 897 960 912 940 324 837 852 547 893 586 768 579 916 352 741 821 939 285 981 138 894 524 600 721 958 599 125 174 709 208 987 168 840 394 828 586 895 905 199 525 875 593 901 320 422 350 474 23 604 204 522 43 685 929 576 370 843 631 232 313 917 126 874 328 630 740 846 877 687 126 726 412 165 841 116 756 666 548 348 640 861 621 140 858 769 412 527 53 14 71 870 682 121 123 564 144 38 847 916 56 802 497 727 543 428 170 948 315 49 4 66 756 199 832 500 859 964 895 466 187 836 863 274 389 836 576 533 713 694 310 784 445 806 881 257 281 530 759 941 921 300 262 395 874 921 125 865 350 487 781 595 768 30 962 583 199 40 276 614 129 934 129 967 262 690 403 996 248 384 445 720 665 32 852 342 102 466 341 179 326 717 229 695 440 546 411 199 499 749 57 470 842 691 462 783 101 752 921 59 439 255 793 921 636 647 345 146 170 670 231 920 143 64 392 231 470 440 900 600 874 37 50 513 686 527 13 895 389 951 563 643 144 934 686 403 518 682 750 704 358 551 716 758 470 336 505 86 296 117 423 35 98 174 64 263 723 972 954 646 92 612 228 884 471 777 877 6 735 321 324 616 946 691 885 79 663 631 43 590 820 434 852 911 496 646 352 928 129 821 112 581 799 356 36 404 638 
748 909 835 396 92 614 388 332 942 774 54 633 396 960 777 574 522 350 586 335 64 860 711 913 709 881 331 844 523 300 427 732 791 509 613 490 837 765 323 701 485 155 888 241 160 900 894 66 666 745 387 826 610 101 318 668 339 777 83 207 221 648 743 151 347 476 138 615 167 326 806 848 14 160 994 101 241 109 862 204 664 125 707 871 39 858 966 892 105 180 369 452 371 529 476 111 952 602 632 890 340 935 589 988 910 42 192 581 338 622 829 381 111 145 163 569 465 808 588 252 966 632 258 971 555 552 832 463 54 563 240 199 848 246 920 660 601 687 607 602 155 19 940 786 14 302 585 863 969 987 39 715 826 259 680 160 550 167 906 738 716 750 567 24 602 481 6 736 19 775 889 817 153 467 901 356 373 748 384 1 294 279 135 487 9 968 363 146 959 935 720 986 823 869 734 206 385 670 330 104 453 875 846 212 417 227 840 839 626 948 532 694 531 507 505 300 428 501 813 789 32 609 687 947 762 400 915 791 431 876 811 206 991 334 803 513 81 82 671 703 527 88 340 492 380 307 906 500 934 309 834 580 905 324 833 782 7 975 775 474 590 946 204 722 577 304 184 216 346 478 782 889 499 865 150 36 814 428 788 414 945 198 683 888 606 784 51 12 13 565 877 741 625 365 517 72 742 343 730 531 755 316 924 626 848 469 412 4 728 95 434 532 26 66 353 874 20 61 560 910 953 16 37 208 94 920 349 596 398 25 649 11 43 818 510 620 553 363 292 208 45 593 904 260 456 463 843 445 707 93 566 829 870 672 154 387 125 509 458 506 330 772 796 15 163 609 25 954 91 426 32 194 45 925 481 731 352 121 545 338 158 314 518 162 455 396 137 670 111 208 917 981 176 357 337 953 538 76 98 249 906 917 963 691 259 325 301 629 434 150 969 282 453 221 728 425 29 336 154 835 89 407 169 487 392 770 203 310 782 845 740 387 872 147 240 951 971 251 126 59 963 562 31 834 659 235 373 876 45 772 843 662 561 386 979 926 629 42 410 774 217 559 70 964 750 363 768 186 389 12 688 896 131 39 786 608 871 864 946 354 199 899 45 27 800 19 221 214 717 985 554 873 87 287 348 341 719 585 930 597 
161 438 671 824 843 477 410 969 588 8 786 437 303 170 609 420 86 126 896 80 896 244 900 225 729 574 517 908 19 357 598 809 553 289 78 200 993 310 180 471 637 406 636 420 752 513 826 792 203 86 52 854 266 541 309 795 61 791 804 208 185 894 3 598 299 842 15 792 395 567 861 338 394 822 325 275 825 46 651 165 667 929 821 141 454 929 37 722 745 533 606 860 751 487 116 511 529 379 999 990 205 40 875 788 232 941 277 577 711 26 727 351 884 521 701 892 366 827 565 48 334 702 573 720 852 717 704 94 52 881 155 647 440 465 514 813 18 713 764 385 464 116 30 776 722 60 644 266 85 162 168 292 487 327 689 444 448 199 694 251 945 359 548 203 682 429 427 132 761 255 996 278 896 193 231 151 273 637 110 216 506 580 922 314 272 797 535 715 831 94 96 649 692 526 63 868 812 295 31 331 759 355 420 672 205 550 496 734 260 887 973 648 554 439 830 925 662 99 546 535 310 52 481 256 299 367 348 411 986 56 735 749 56 698 61 392 626 625 574 532 17 657 438 159 685 39 675 741 29 377 770 483 89 289 252 764 653 224 373 781 637 62 241 601 123 977 521 138 741 469 755 888 573 168 380 164 63 361 258 420 399 664 40 931 689 769 571 758 25 706 815 132 342 4 621 680 269 606 126 689 264 760 201 859 443 841 305 370 488 931 758 209 242 889 570 519 255 288 181 194 951 393 319 763 563 839 207 248 16 469 864 931 872 442 503 726 950 974 337 580 567 659 567 987 29 749 323 602 731 296 90 299 936 361 782 481 182 973 781 50 997 576 244 659 728 643 991 11 70 628 863 854 201 702 482 774 396 308 320 620 556 183 202 766 301 341 327 482 386 134 194 324 31 475 911 934 811 379 619 793 767 753 271 820 196 192 100 301 926 182 348 193 103 639 346 766 160 252 908 960 285 543 273 242 153 138 358 511 405 128 783 223 949 248 380 305 909 79 883 188 565 405 236 725 694 933 204 445 493 998 927 576 713 19 67 688 798 947 908 284 30 461 970 967 617 17 256 286 753 779 763 733 944 319 28 468 769 734 152 625 425 335 292 553 112 615 990 895 190 918 133 537 789 771 614 892 441 256 721 338 
431 155 470 600 145 365 980 630 976 679 107 804 83 532 928 967 142 128 215 583 887 361 400 305 463 705 596 920 896 577 53 119 669 407 429 852 835 322 424 400 720 270 797 618 935 707 418 279 277 558 993 931 788 103 969 567 288 331 185 864 874 637 91 54 149 595 290 919 641 832 305 581 761 756 709 633 783 86 557 608 108 494 743 166 341 457 173 68 613 433 495 597 629 603 518 959 297 399 514 485 104 377 229 694 234 447 40 822 170 838 907 145 884 604 590 954 775 539 431 86 933 318 130 711 755 441 853 192 385 557 118 552 860 905 488 844 507 668 984 896 140 472 100 410 557 553 609 570 6 95 992 405 747 248 60 14 919 293 142 962 482 756 999 837 547 262 331 659 356 70 934 475 783 813 449 798 103 157 115 853 947 854 230 144 177 341 364 343 188 596 245 974 642 420 228 39 510 206 985 819 285 880 977 999 730 407 460 38 862 667 433 840 843 561 583 762 701 499 919 190 323 954 899 945 346 940 925 174 332 96 68 57 463 257 136 403 710 373 503 7 215 768 53 530 694 309 711 543 813 14 495 372 790 530 534 473 386 374 434 556 852 5 602 498 793 547 312 822 550 832 491 578 330 735 608 354 828 732 346 71 764 700 703 614 967 638 642 831 43 60 824 802 753 452 923 72 294 849 673 276 378 371 73 453 546 926 289 720 424 924 532 510 312 5 333 589 393 570 313 925 361 897 238 501 997 639 541 558 811 42 959 490 159 701 601 948 783 260 423 465 689 597 983 809 848 816 400 452 356 650 856 736 146 938 560 87 420 418 449 707 21 40 148 31 170 169 352 938 638 430 366 710 51 948 166 409 112 654 454 425 759 734 781 552 802 106 997 830 841 957 240 332 108 206 68 375 582 607 461 40 869 583 168 707 230 6 368 307 365 928 214 90 312 844 778 739 967 598 709 359 837 922 621 88 405 950 759 776 433 946 552 668 365 1 704 603 63 964 161 636 468 47 455 341 914 426 835 982 791 464 136 632 995 979 845 707 917 104 672 931 771 662 166 735 380 173 162 345 845 626 887 9 295 682 591 463 96 229 167 200 374 425 675 537 218 29 4 886 406 434 32 470 337 47 80 132 20 286 164 256 
98 485 313 59 495 163 619 561 301 364 472 922 89 131 259 390 711 366 919 744 796 122 71 404 67 417 246 618 658 917 135 365 316 740 684 530 872 990 620 530 512 387 683 106 908 145 584 466 679 517 193 613 636 385 303 449 118 509 244 887 278 594 367 735 225 569 388 609 544 351 946 680 928 895 957 664 219 673 795 313 223 157 178 290 799 300 758 929 974 412 720 221 54 311 715 618 546 72 551 60 197 843 811 325 785 120 311 671 410 774 769 281 630 451 502 58 258 415 543 171 834 183 64 223 346 60 560 660 104 32 272 603 52 400 799 335 130 129 221 384 314 211 574 248 552 321 164 254 747 547 808 895 101 573 94 51 434 578 436 343 916 44 857 651 944 720 846 863 224 458 780 24 946 300 431 344 901 819 313 810 103 107 38 184 866 952 673 482 2 477 528 214 328 526 692 973 734 358 180 752 412 968 116 582 713 640 386 168 326 257 321 527 366 599 60 658 823 617 683 799 671 733 386 825 80 975 772 619 674 425 965 686 334 164 479 832 880 212 78 52 107 91 39 588 237 372 495 548 383 788 451 884 70 666 480 787 474 292 373 730 172 393 595 490 958 191 177 486 932 975 50 371 385 785 330 286 976 445 810 349 837 356 592 461 0 723 908 168 235 546 301 151 664 547 690 239 5 910 837 724 13 865 68 435 476 948 529 920 896 513 700 634 891 3 318 584 340 532 998 708 306 218 553 834 18 689 673 805 916 99 459 378 494 559 495 703 307 732 327 660 690 579 648 977 32 263 599 226 616 273 952 177 715 564 70 469 120 997 710 436 240 535 1000 593 420 246 147 356 214 498 169 399 350 531 639 746 426 40 791 864 760 880 669 26 864 522 760 946 304 124 314 876 753 260 716 687 785 335 984 780 186 343 546 897 982 825 656 66 24 54 713 86 59 321 504 192 25 596 828 283 524 290 8 538 194 601 87 836 448 515 285 342 342 880 216 497 219 897 927 191 446 325 22 342 228 396 320 274 740 208 614 553 953 320 248 33 368 718 983 392 39 160 324 423 837 221 895 601 854 84 572 948 469 173 646 996 534 180 342 533 151 252 864 72 298 328 147 385 437 922 660 76 331 415 868 782 551 688 11 895 
209 707 579 261 584 723 628 139 74 773 162 938 375 990 781 576 410 984 695 342 174 646 663 275 519 650 107 360 699 252 151 438 820 719 219 811 819 189 261 400 69 558 125 927 67 625 900 727 370 35 790 765 59 340 609 395 565 505 274 268 138 258 294 646 10 70 158 506 18 621 50 934 684 95 480 419 593 930 84 9 720 497 923 366 591 11 343 206 268 864 425 380 821 629 366 548 650 496 232 92 142 171 788 312 168 471 757 797 674 824 687 253 856 809 383 287 50 469 470 615 287 915 301 36 195 549 596 611 583 434 30 124 213 543 30 972 155 877 219 563 918 745 39 549 585 193 894 752 208 542 1 311 95 494 750 559 337 40 16 967 405 610 475 944 810 576 193 910 645 147 540 518 419 821 666 493 68 792 569 555 383 871 454 693 704 298 432 470 711 628 13 148 255 44 207 927 609 158 870 136 13 344 260 951 700 742 352 928 260 592 214 683 979 57 283 186 46 25 875 48 176 516 932 907 343 962 535 166 883 774 869 106 729 415 892 493 365 474 714 817 894 724 325 509 258 91 494 520 697 9 918 241 271 432 801 671 230 729 544 329 152 148 760 260 857 672 63 863 122 633 584 930 750 102 479 121 457 453 961 937 111 214 583 74 540 543 929 316 537 682 949 589 455 966 237 38 255 597 210 648 387 836 754 102 168 197 661 168 973 740 540 319 513 84 158 715 277 738 548 685 620 953 488 840 777 703 144 119 619 567 617 833 223 949 513 481 624 504 685 976 451 686 440 952 167 488 822 767 141 315 505 618 1 187 154 297 755 410 944 621 368 304 829 812 637 852 420 681 823 235 396 19 889 183 433 165 583 603 14 535 402 668 451 306 753 924 567 503 152 705 78 805 622 429 446 730 673 358 145 500 718 170 232 216 635 312 673 767 460 703 966 565 101 314 0 399 109 299 411 786 41 798 932 998 685 95 277 472 770 330 42 950 219 33 624 359 512 729 696 415 208 295 740 581 565 304 378 874 834 878 461 483 59 478 356 503 178 837 663 360 512 933 368 452 139 630 720 577 571 726 382 546 575 598 336 247 483 699 834 398 672 225 789 233 607 362 44 528 683 663 749 703 107 845 513 168 691 732 436 870 
240 43 539 330 660 847 223 236 286 587 965 356 313 884 531 37 411 831 985 558 413 754 534 647 695 827 890 153 181 203 559 863 820 982 420 276 588 766 290 869 999 338 637 128 731 972 452 195 982 50 931 629 523 408 477 247 664 514 138 323 680 905 258 862 635 813 315 984 591 576 652 743 882 712 280 197 431 417 855 359 791 336 443 721 887 954 475 908 645 765 351 185 734 52 682 570 501 292 53 530 55 98 1 415 415 748 621 977 969 358 574 938 53 516 932 541 519 569 456 525 789 951 344 379 746 624 645 734 745 763 109 933 187 334 647 622 157 609 66 523 697 154 906 278 954 782 496 982 766 768 210 141 222 438 545 890 830 366 556 288 919 811 712 898 955 768 750 51 13 12 119 866 474 629 760 983 467 269 306 336 874 462 781 918 45 144 103 280 531 844 266 155 967 115 154 28 101 730 762 20 519 130 553 802 606 110 160 105 432 634 801 824 943 863 561 749 117 199 239 772 330 686 156 281 78 641 291 363 853 282 762 0 337 785 357 350 443 692 611 463 904 828 420 803 315 164 474 411 459 545 364 850 957 378 770 127 620 320 37 471 692 284 771 857 197 584 870 608 522 868 172 538 731 226 287 374 42 997 538 125 454 127 564 621 299 444 263 19 67 249 78 639 188 584 681 696 871 422 630 916 737 648 5 19 262 82 473 760 889 997 392 269 353 258 397 314 209 16 390 546 754 683 133 577 129 507 151 724 970 865 358 728 78 141 843 488 379 488 606 398 326 757 709 183 570 759 437 558 179 119 341 882 388 262 507 626 208 852 671 806 675 369 622 501 412 753 451 7 661 933 231 894 973 72 816 622 505 100 408 61 48 476 366 627 478 462 36 147 809 69 729 616 525 924 744 388 637 26 665 587 65 410 605 598 361 550 410 441 988 184 634 927 713 498 387 930 220 838 704 40 926 683 997 158 323 535 888 260 473 249 654 662 807 683 301 651 368 119 712 188 720 795 901 435 260 121 822 239 266 145 919 488 315 45 739 938 240 873 508 207 133 375 35 531 588 209 436 269 666 138 619 438 700 304 220 460 740 793 765 702 447 886 759 21 2 896 285 291 438 874 913 816 986 150 146 490 850 598 681 884 
795 662 112 61 461 946 826 650 538 87 353 962 784 875 126 570 59 98 228 890 904 610 458 584 727 743 902 306 70 447 426 235 886 514 122 176 803 105 711 170 214 651 882 744 783 902 936 387 262 18 341 780 235 128 528 249 190 356 881 236 292 637 334 665 878 193 900 774 302 46 359 351 226 399 859 57 966 404 85 746 372 136 159 189 693 348 171 926 139 241 727 166 588 654 402 340 775 983 74 420 922 233 813 354 423 610 9 718 771 11 810 531 555 471 597 563 432 30 146 897 677 795 550 866 320 710 848 992 687 405 665 237 773 632 508 519 10 155 122 599 110 748 921 444 524 391 53 644 915 744 732 40 826 914 407 587 319 631 281 655 676 93 926 783 113 24 702 244 159 126 634 574 880 40 170 60 384 979 416 190 773 109 297 962 949 722 996 99 255 688 461 559 720 234 412 785 284 729 943 264 661 640 794 807 434 349 71 470 906 615 879 386 1 646 322 531 140 245 539 522 539 228 956 653 746 786 989 6 344 222 3 908 425 284 538 402 231 929 959 460 828 872 930 616 260 290 392 742 578 279 329 341 212 787 890 149 880 739 414 398 387 516 468 654 413 595 91 360 58 752 17 139 16 589 278 892 114 238 925 820 407 388 38 350 863 654 101 746 301 41 786 179 948 129 299 539 775 728 369 567 405 448 247 184 515 310 122 185 995 55 500 312 626 9 581 134 938 949 277 471 362 174 111 788 611 721 153 387 725 326 835 812 908 598 244 111 981 850 992 403 997 180 613 96 845 896 717 135 250 97 694 60 505 466 163 791 190 251 159 827 369 595 429 618 245 728 967 118 319 450 513 651 20 694 377 310 980 643 588 499 908 268 413 212 606 52 875 278 440 107 226 537 516 539 779 968 768 102 361 742 505 437 238 851 785 469 177 96 473 431 135 425 834 563 490 665 927 221 392 626 722 377 448 715 95 292 781 950 334 857 92 955 134 259 486 690 742 913 739 490 505 759 789 77 96 591 434 461 677 590 921 693 705 45 753 618 562 445 525 818 203 627 444 502 60 240 522 692 150 250 385 106 377 615 560 447 684 760 11 273 190 609 232 442 324 764 734 91 385 361 28 8 248 796 843 715 389 841 785 213 
995 439 759 632 564 161 515 519 998 866 206 581 773 546 803 887 492 286 76 136 850 534 558 821 139 628 156 197 480 23 1 767 492 1 360 279 365 807 899 120 330 301 177 42 380 265 639 938 383 507 903 433 992 644 929 489 265 747 948 418 605 487 800 599 314 556 320 741 490 769 290 327 457 415 337 770 430 140 657 54 237 266 294 134 979 451 143 857 769 616 348 67 870 211 748 860 97 967 946 498 946 700 796 840 486 480 559 768 848 258 679 83 87 753 544 353 384 230 330 539 621 193 511 201 997 351 911 562 30 393 222 323 782 893 473 626 758 90 44 995 746 977 383 25 117 147 512 765 606 177 222 488 693 920 180 419 641 753 335 782 113 533 633 127 402 200 752 558 94 819 376 336 381 548 617 431 667 898 624 182 330 855 187 314 164 425 598 815 997 385 567 962 237 130 107 641 109 942 669 507 602 409 313 560 934 945 865 684 126 329 869 957 297 733 971 466 603 115 608 900 1 532 646 98 787 202 216 924 912 142 629 349 315 377 578 944 444 216 349 884 544 470 693 424 954 968 709 665 137 841 365 33 999 369 434 563 258 265 963 979 33 785 827 944 887 233 887 207 690 300 421 547 818 577 194 696 127 564 374 673 790 665 158 325 862 798 921 315 953 436 957 310 249 297 418 155 402 359 399 47 798 468 853 799 811 773 542 606 183 793 696 240 929 362 545 802 478 37 688 395 120 965 285 773 49 191 629 229 86 890 395 650 781 270 774 104 234 76 75 442 454 204 686 650 621 495 827 40 496 999 740 641 472 292 562 272 104 492 303 175 773 593 515 899 441 383 554 205 696 393 630 639 829 34 745 362 396 273 868 791 279 142 915 778 461 765 498 672 568 599 187 537 874 19 996 127 248 687 201 183 27 797 101 746 398 369 372 632 820 92 843 820 990 450 557 91 462 828 946 481 823 40 325 611 89 967 890 382 407 487 47 212 556 881 646 968 505 639 633 642 520 535 420 73 301 775 152 220 869 453 386 110 725 82 728 592 864 821 676 488 30 479 368 32 83 991 917 129 977 161 405 159 861 983 916 72 70 269 968 114 602 365 629 712 60 310 274 941 195 720 442 609 611 177 404 59 476 49 996 897 
299 614 1 306 496 61 811 478 575 666 249 649 121 569 927 346 49 639 741 288 461 424 467 663 591 443 274 531 208 83 529 685 16 596 354 331 593 406 17 502 881 17 342 176 116 656 473 305 593 17 888 21 994 678 458 452 495 606 142 606 900 415 820 298 829 14 976 300 600 681 988 464 694 863 341 154 415 237 503 589 877 971 287 59 722 83 823 930 594 959 336 172 225 524 191 690 603 203 489 570 89 145 516 274 528 758 124 691 894 770 301 608 357 687 854 737 91 698 841 251 947 884 133 782 200 249 380 805 243 825 531 592 325 254 213 859 398 355 51 832 949 297 219 907 405 139 398 987 617 315 266 12 290 95 873 405 64 951 301 360 51 277 944 439 404 881 200 813 138 936 866 541 526 297 824 717 469 653 631 747 901 31 945 89 356 672 435 280 907 682 139 618 929 386 2 465 676 187 991 122 833 330 693 257 817 161 422 79 424 498 687 322 268 257 329 88 203 649 221 332 610 509 625 663 837 746 711 827 770 503 413 612 833 306 101 464 354 256 21 939 328 702 501 36 975 738 765 117 767 921 850 14 269 423 294 496 973 454 250 971 384 689 445 253 907 84 949 278 316 522 999 929 853 51 937 277 853 42 715 244 441 907 456 67 37 167 767 257 119 246 619 961 825 806 245 493 668 884 911 636 960 576 445 624 511 161 951 689 250 15 552 283 629 742 141 986 683 762 67 903 540 245 792 378 670 241 726 644 619 619 85 51 778 111 515 136 46 571 143 693 334 222 978 795 576 904 537 95 970 270 512 368 863 564 382 838 517 726 244 257 891 437 732 745 376 912 882 432 224 281 941 621 39 339 270 357 234 993 476 75 233 404 60 353 1000 240 424 388 416 154 878 700 283 197 210 220 698 322 580 986 906 515 763 538 332 389 763 752 197 403 535 149 745 629 80 79 896 621 775 704 113 811 84 107 28 101 654 282 879 945 889 460 849 285 376 311 853 514 755 777 802 635 407 447 793 79 314 437 850 125 817 712 107 429 249 642 847 325 520 927 27 583 420 959 923 175 583 350 64 90 93 864 43 618 995 89 379 439 190 521 139 320 964 796 52 616 532 818 1 481 91 214 249 831 458 537 335 668 219 79 
497 709 484 800 584 624 586 438 971 513 817 716 782 870 39 176 209 377 571 379 421 666 69 419 123 737 489 143 436 458 594 105 355 479 698 20 985 537 40 49 811 530 712 951 151 575 24 678 894 376 462 850 229 444 556 700 932 696 88 724 774 350 626 561 518 892 424 412 461 373 243 235 590 393 468 344 25 522 883 611 130 585 951 776 453 559 465 359 776 994 354 621 105 713 275 321 653 663 583 39 294 468 446 487 149 499 214 792 888 90 670 423 551 243 203 518 521 2 496 302 571 279 291 101 656 771 338 141 96 879 208 301 659 520 536 621 81 603 540 860 131 376 9 550 171 40 147 173 451 484 237 0 79 228 401 278 527 838 387 450 109 547 8 412 329 842 826 248 439 179 4 593 368 474 530 382 745 773 174 550 809 812 380 29 238 183 791 605 550 994 219 770 55 794 816 274 431 134 817 173 140 562 467 364 548 557 5 702 506 189 252 896 534 972 998 637 746 243 774 730 332 593 902 84 866 643 461 955 537 183 5 191 688 776 862 131 832 966 460 728 515 935 428 784 64 122 444 66 733 526 430 722 615 25 76 884 721 576 334 21 517 648 885 136 163 97 624 48 707 490 491 634 311 995 501 863 655 991 128 177 751 282 348 704 203 170 857 690 36 452 266 13 959 264 896 590 389 176 253 379 363 546 416 659 44 447 872 395 485 447 497 399 535 323 374 516 111 612 563 73 744 485 399 844 392 967 582 614 850 117 698 771 955 458 778 398 250 659 627 364 996 697 912 629 912 406 959 99 932 789 121 622 741 428 57 105 972 785 453 509 563 461 3 624 76 419 39 732 748 233 570 65 732 540 791 274 168 596 451 650 199 7 280 743 544 584 773 121 429 83 634 761 45 27 613 442 301 144 396 823 91 474 253 517 356 458 135 852 178 77 390 723 128 799 522 984 519 530 356 762 469 394 451 886 331 975 702 366 642 909 728 293 96 901 941 451 959 759 523 874 413 733 839 385 639 352 576 276 542 132 40 46 504 724 890 195 297 393 649 50 434 582 414 134 529 696 564 376 308 77 832 670 440 496 816 981 201 352 597 428 317 704 470 314 542 864 60 836 981 212 171 642 861 820 15 472 691 54 130 67 
322 919 904 258 138 509 718 583 837 701 648 498 3 775 73 12 200 100 404 408 638 693 803 336 804 315 846 989 988 912 44 292 968 889 762 606 969 531 12 504 561 421 422 588 662 455 735 903 369 998 970 406 909 754 632 616 138 694 741 296 293 636 922 549 628 419 520 159 515 979 400 368 877 110 899 843 534 299 730 810 133 388 835 1 17 64 209 497 214 63 802 437 344 391 381 997 381 295 277 404 135 889 950 161 16 820 905 980 488 668 749 48 335 992 910 331 313 388 374 624 725 455 854 839 887 670 174 921 69 351 569 679 733 932 128 748 564 45 441 350 122 245 547 841 750 829 744 191 403 971 963 859 940 522 41 871 958 693 622 470 9 974 446 681 742 239 880 993 967 758 574 286 179 365 712 708 948 125 95 931 120 885 324 430 88 901 883 783 623 52 953 10 441 973 326 646 558 996 733 233 401 539 544 625 783 62 452 983 663 771 906 647 312 567 269 66 403 604 202 481 193 321 425 194 320 119 850 93 977 379 89 441 610 753 62 317 773 924 935 443 208 15 956 672 590 958 898 115 467 871 134 848 972 195 16 864 129 686 745 573 175 128 842 357 381 949 915 231 472 55 291 280 715 510 675 930 438 996 581 662 265 578 986 398 584 185 345 320 745 639 180 109 599 503 835 838 974 669 879 862 953 435 700 762 670 700 904 467 981 533 785 26 969 727 397 559 981 736 660 931 633 433 35 657 611 701 58 791 361 699 158 159 748 323 16 631 2 71 636 287 644 462 330 43 336 888 122 270 567 742 788 37 213 856 561 486 110 290 846 516 505 848 7 256 98 921 306 470 915 26 637 8 662 157 746 423 87 741 537 444 585 290 678 113 690 721 347 648 444 315 926 951 191 713 178 693 124 299 612 840 586 209 257 282 634 22 169 991 72 22 876 388 328 996 853 39 67 361 53 189 946 345 609 694 429 643 364 201 523 129 241 144 455 264 677 749 799 121 385 908 348 66 580 517 878 702 850 623 848 751 494 660 365 144 8 813 898 700 368 10 802 416 255 339 388 282 107 955 137 876 67 474 925 985 126 141 315 622 833 943 816 721 715 292 879 34 787 233 916 631 447 634 435 6 872 331 309 56 722 470 
599 256 284 135 563 890 322 433 264 186 780 61 511 240 961 185 4 923 154 464 275 297 131 668 180 966 850 627 456 294 1000 887 835 656 290 94 326 250 958 427 728 164 472 173 78 448 271 126 378 809 507 755 932 727 143 387 686 408 410 954 338 377 768 636 449 304 741 828 309 736 523 244 996 881 9 993 638 843 212 582 920 2 481 192 51 376 25 591 812 187 469 105 682 115 743 452 866 929 465 119 52 108 226 221 466 674 617 478 354 614 682 788 803 442 912 933 581 21 564 198 556 78 926 835 533 239 451 299 496 176 839 89 822 756 732 637 63 666 738 936 84 904 902 719 195 452 480 391 731 531 34 725 159 379 13 672 743 441 143 311 49 359 288 733 796 635 40 787 774 43 566 667 137 248 614 407 726 692 946 271 143 50 551 118 453 425 242 870 579 877 321 768 266 178 402 864 481 151 335 132 890 736 69 853 849 167 833 741 790 385 117 945 715 998 735 566 829 568 538 648 849 211 171 798 410 519 998 724 315 961 733 115 366 119 505 885 155 920 128 596 930 399 771 293 123 415 845 530 564 705 828 943 742 64 261 29 113 428 268 990 427 643 95 713 554 327 40 332 228 934 54 97 742 607 3 394 767 518 495 744 522 293 984 54 466 590 832 606 570 773 995 77 578 60 467 951 53 279 867 965 85 306 205 441 901 103 620 466 340 930 595 297 192 13 774 527 13 749 724 177 246 749 286 346 113 55 516 789 8 941 811 988 706 530 56 109 752 419 993 556 677 116 68 19 93 572 490 568 8 200 455 943 559 547 401 486 561 585 113 188 5 785 581 856 144 424 150 785 341 144 838 373 963 323 810 465 95 100 361 288 201 301 194 405 595 51 563 14 748 880 41 519 440 859 841 907 877 647 48 469 700 787 835 713 877 709 147 999 681 756 265 293 940 605 992 842 160 813 276 310 214 152 195 726 920 78 636 387 378 601 728 290 197 874 397 504 925 903 311 878 472 257 80 636 599 517 382 491 704 920 306 623 780 76 427 539 402 463 465 219 813 27 713 624 840 623 438 426 843 482 593 104 465 438 948 812 864 76 634 722 223 908 477 628 925 512 761 475 207 414 218 488 660 251 300 921 873 699 266 628 
906 486 545 344 687 10 283 478 165 417 129 363 424 666 439 928 540 700 362 88 448 82 872 534 163 160 763 475 565 846 431 87 769 564 175 182 763 935 946 179 686 207 506 772 635 167 426 26 223 628 914 419 335 359 747 178 581 990 743 331 440 649 273 845 993 429 648 772 787 689 918 799 140 201 984 344 524 601 848 210 343 705 748 756 904 257 45 964 820 45 228 927 305 261 889 69 847 343 471 244 895 149 373 937 660 940 169 296 851 57 941 381 38 350 581 810 735 981 815 592 445 523 886 382 931 143 723 855 972 364 893 723 899 643 4 492 700 377 274 771 973 396 840 868 705 762 839 457 725 904 981 442 203 267 243 562 785 182 701 111 319 863 896 784 604 376 542 636 834 234 733 167 15 68 592 754 835 574 22 57 289 394 829 200 882 620 606 407 197 89 814 6 535 132 956 71 656 61 480 786 784 348 179 555 925 28 220 523 36 595 219 766 381 721 1 427 60 727 383 918 511 576 112 338 209 50 972 644 688 769 498 616 723 965 876 582 319 756 206 278 264 145 613 194 242 929 736 268 90 540 221 704 347 522 925 553 822 517 897 843 651 305 160 102 805 228 248 733 975 450 67 153 30 650 684 176 134 673 882 429 863 110 911 584 509 599 121 163 807 608 540 322 547 439 892 44 315 837 187 554 108 519 572 917 23 394 309 183 583 56 458 774 774 320 900 699 592 955 571 54 916 517 678 977 327 130 879 768 304 430 33 295 679 555 739 604 48 370 691 181 752 219 620 202 614 131 813 913 293 970 217 986 779 219 619 677 998 429 958 800 762 688 756 472 591 991 435 539 97 380 385 434 429 719 589 309 137 222 31 791 198 252 74 262 723 22 508 871 76 658 104 901 435 241 529 860 493 557 356 43 259 302 40 196 85 839 416 400 203 176 939 477 217 966 601 818 281 126 937 261 57 376 552 356 850 554 582 986 244 728 398 656 933 938 247 198 400 257 538 746 411 33 686 904 874 573 503 605 74 253 326 1000 341 743 100 961 458 933 602 274 445 432 433 540 594 596 205 300 810 260 841 496 538 151 815 953 774 936 122 78 221 682 87 707 812 289 986 961 404 490 441 40 145 464 546 304 979 299 887 81 
58 144 548 507 425 759 307 325 231 462 835 203 417 229 681 514 689 776 106 431 69 996 413 254 710 994 460 395 190 556 244 312 542 353 563 622 805 913 305 847 163 745 686 228 975 86 832 211 574 229 61 337 461 149 362 172 980 474 92 401 457 127 708 647 28 148 4 725 362 239 989 221 292 917 363 223 7 885 374 212 56 815 836 492 434 687 954 71 701 507 683 574 178 355 227 729 252 561 730 724 989 205 746 180 514 691 458 360 968 50 856 427 412 867 49 624 418 794 528 682 870 590 140 747 959 497 132 454 782 535 731 808 563 523 136 851 39 817 65 350 958 719 47 830 791 898 984 968 989 461 839 192 626 997 657 21 192 939 51 946 380 850 462 805 573 469 330 274 298 591 234 414 599 360 787 121 312 229 793 855 707 37 724 345 675 161 511 296 443 144 74 709 951 75 143 721 438 937 795 270 324 183 528 101 701 134 940 922 584 295 454 178 413 655 724 766 607 404 581 205 568 422 232 923 150 804 959 783 913 229 443 11 483 323 272 535 495 324 660 202 106 679 149 21 939 700 168 151 2 131 553 895 218 57 995 469 994 806 641 862 417 126 790 164 48 528 433 281 460 964 879 173 579 695 961 547 633 14 185 887 639 270 619 886 978 997 614 222 165 847 588 96 861 704 227 401 215 715 902 153 648 33 759 942 298 909 523 736 248 288 450 637 199 10 622 858 533 329 243 387 152 976 797 416 66 15 720 539 373 488 137 697 410 232 207 287 141 445 454 484 70 472 11 290 691 562 562 317 881 919 342 279 228 393 225 852 696 139 47 823 600 177 962 286 987 211 55 44 158 871 750 524 823 523 338 532 826 613 816 675 476 522 61 637 876 504 36 978 745 186 687 593 990 918 730 874 276 983 363 659 246 568 650 755 920 277 463 521 730 701 20 547 621 469 597 664 149 172 201 252 244 664 705 606 637 923 398 43 786 755 161 137 978 240 240 56 742 343 391 128 958 557 429 763 326 779 902 843 412 157 616 545 85 893 13 122 112 896 395 150 572 86 654 814 284 970 745 696 448 493 150 815 242 96 729 254 673 939 582 909 364 512 501 202 939 684 448 447 166 601 212 612 33 224 926 457 914 470 605 93 
398 236 309 563 239 541 266 697 363 112 352 572 351 944 993 174 718 706 227 609 983 965 26 543 31 258 796 198 282 916 828 339 250 252 937 230 859 847 347 384 538 848 554 238 819 52 182 249 790 198 262 37 339 286 464 131 456 76 401 622 235 693 644 945 501 818 66 597 245 1000 235 155 882 463 137 133 271 699 900 82 657 648 562 399 963 222 276 180 337 14 544 125 532 524 265 16 343 820 135 857 586 547 301 92 180 326 187 15 310 921 743 740 481 959 818 944 913 105 634 212 749 383 666 616 715 381 33 719 756 139 539 667 41 495 975 702 155 667 19 824 832 936 276 931 518 183 160 790 516 220 441 947 0 897 837 263 856 1 816 370 147 470 88 888 859 734 727 468 110 973 679 151 521 27 83 478 262 932 323 328 123 976 94 315 573 295 617 689 533 794 102 909 672 397 813 818 546 659 875 646 342 229 758 654 489 116 323 119 476 552 805 746 876 230 537 294 54 209 420 84 629 68 19 211 892 592 700 981 473 214 224 670 91 835 318 709 400 218 635 84 739 562 186 712 413 126 11 729 770 923 302 189 616 750 60 738 280 681 377 40 353 361 798 997 316 736 616 61 246 171 786 400 349 578 227 307 483 713 419 884 230 845 224 383 420 563 64 366 65 455 154 232 106 445 929 135 576 75 45 591 212 765 578 917 499 912 471 260 269 384 358 582 237 391 160 259 489 756 928 404 895 907 809 782 960 871 51 155 352 187 605 896 858 649 753 120 359 912 72 840 185 858 229 807 663 90 0 362 539 28 122 211 887 613 507 856 728 554 795 738 653 358 240 54 587 173 19 884 335 90 99 972 518 914 104 391 378 14 439 767 853 780 271 507 401 305 390 665 668 323 568 839 578 460 2 829 590 74 133 395 38 660 633 778 742 542 293 39 238 59 308 486 905 345 701 362 839 681 216 593 234 133 138 43 968 692 926 368 908 803 718 157 443 364 189 569 342 243 50 729 713 992 234 4 101 768 505 518 914 493 254 933 208 462 812 204 184 583 143 600 933 68 953 445 54 809 707 687 307 524 366 230 461 392 672 445 253 801 634 659 283 704 510 512 319 288 486 962 823 854 276 987 486 348 618 377 984 500 847 151 
970 660 147 695 879 418 352 628 374 804 174 48 1 297 274 277 817 592 352 501 597 881 276 545 862 796 950 820 884 485 619 205 656 326 619 834 380 424 391 297 46 735 286 946 888 997 636 495 591 593 275 439 203 134 508 697 126 961 680 751 916 572 737 382 364 171 576 491 912 432 550 14 258 824 512 120 763 49 325 286 102 413 901 121 720 338 351 33 688 625 583 299 744 174 888 499 871 132 456 327 325 707 526 563 257 494 84 147 579 357 733 893 369 300 990 92 785 132 932 437 739 33 443 660 637 810 677 992 326 491 209 906 20 99 982 490 257 571 392 185 181 265 376 675 628 733 367 806 440 678 724 395 275 910 574 490 546 938 668 40 354 524 866 807 927 345 237 838 489 668 304 510 190 260 805 532 307 912 548 859 238 133 343 701 919 823 234 374 569 279 765 110 376 812 52 426 755 36 686 77 187 538 856 731 340 765 378 909 862 860 32 540 65 156 718 985 231 480 637 949 799 294 219 247 598 933 770 859 951 396 709 112 857 410 889 961 400 175 635 24 874 781 65 447 702 475 115 714 105 32 114 224 373 346 972 501 496 427 414 67 451 122 530 319 321 851 175 509 21 599 909 683 170 684 291 828 3 694 892 816 885 951 340 547 344 18 626 511 366 976 320 491 525 773 700 518 147 536 686 330 721 685 586 767 609 565 485 527 450 877 457 674 767 304 667 76 379 217 532 178 334 81 837 263 181 714 642 809 577 467 343 165 551 837 34 408 219 803 724 357 892 476 731 125 117 989 649 707 965 122 813 269 356 706 468 279 786 111 941 693 734 284 179 500 532 621 444 471 277 777 113 921 803 53 303 567 640 573 564 43 812 506 96 628 207 150 413 375 779 192 784 448 514 876 78 915 84 795 549 353 287 592 923 591 860 893 818 666 294 998 984 377 853 210 50 364 389 849 741 363 994 46 350 948 460 49 876 320 123 144 892 675 1000 135 102 925 480 586 637 839 364 358 230 125 913 3 491 649 139 299 106 767 11 552 863 745 761 756 420 690 177 613 341 463 793 657 458 619 794 677 749 669 628 14 457 204 270 880 608 678 891 320 436 367 763 167 653 9 934 266 287 52 444 997 558 612 338 824 229 280 
225 144 638 500 93 46 171 739 459 730 189 808 437 724 369 744 62 530 149 49 936 136 609 65 203 703 987 971 765 833 204 203 325 574 349 201 175 211 456 415 306 705 713 213 996 859 890 556 293 74 415 488 655 961 512 175 289 881 693 710 375 738 736 790 520 341 138 575 531 645 582 957 948 797 83 551 994 671 309 59 853 558 846 723 76 968 942 833 179 834 571 786 696 109 240 612 235 762 266 365 444 603 501 495 596 362 207 240 564 255 630 57 83 808 900 369 875 521 36 330 276 357 984 439 124 104 400 588 207 928 365 557 847 407 386 616 670 236 870 4 990 704 947 343 548 727 223 909 985 511 90 758 2 379 540 501 77 794 526 574 847 326 30 938 157 453 783 530 412 244 841 618 420 573 648 167 389 704 352 106 995 926 678 92 523 573 104 91 325 192 775 590 485 190 555 979 843 369 169 269 21 872 110 36 541 366 410 48 457 610 86 40 851 87 909 296 53 836 205 334 975 664 656 653 831 115 831 292 430 486 815 385 196 604 816 409 76 711 263 389 251 652 59 25 451 197 4 777 18 381 52 432 473 269 644 96 744 808 980 810 469 783 303 462 551 911 983 623 34 378 809 161 307 191 689 779 688 701 732 92 638 695 688 964 382 649 719 251 560 132 803 474 29 436 128 776 371 947 953 599 629 504 25 600 942 518 284 877 648 860 452 659 457 463 92 378 878 919 422 287 98 528 142 608 49 955 998 167 254 277 874 194 244 331 147 303 642 509 401 830 779 773 232 468 121 450 203 905 570 972 561 263 375 245 906 977 876 417 904 162 794 846 968 250 952 551 22 54 179 279 209 801 866 777 96 159 16 300 862 399 601 154 928 170 131 95 64 135 253 471 586 48 546 880 873 4 844 126 626 855 696 397 520 816 742 2 999 19 88 366 396 827 672 113 242 282 649 275 287 964 767 499 353 271 193 847 839 100 279 50 510 965 757 166 390 231 822 784 350 251 439 589 122 879 759 724 163 24 63 713 838 828 549 207 686 703 672 399 244 906 676 290 294 351 861 486 571 550 386 388 693 857 569 163 452 291 739 783 901 366 526 575 78 245 857 811 896 353 581 168 188 820 204 311 813 179 353 553 899 157 
885 235 394 302 6 38 137 421 728 898 24 810 663 512 625 228 790 85 434 969 89 415 146 113 249 355 84 1 521 343 323 975 182 952 753 987 253 702 521 598 611 651 955 754 517 95 163 163 535 481 379 262 931 265 178 323 996 551 495 91 112 785 372 724 834 48 375 147 471 481 627 682 194 310 393 63 17 151 584 99 91 299 157 123 606 769 458 621 913 870 204 901 620 838 901 384 207 278 62 297 957 640 70 909 702 340 523 20 328 74 377 522 250 622 58 349 668 856 163 471 806 156 479 845 180 753 398 598 805 30 326 213 971 729 943 822 889 874 99 137 771 788 452 820 351 773 194 245 655 650 942 29 915 829 754 308 571 507 527 36 637 138 891 886 312 899 636 174 52 183 381 779 142 408 190 509 779 967 699 741 130 70 673 585 384 220 362 702 252 647 580 543 830 504 456 387 818 436 428 277 827 475 61 326 918 356 136 141 34 523 912 190 263 639 698 809 283 285 940 649 921 537 500 245 926 400 881 468 854 507 288 34 957 240 150 109 19 744 965 363 360 443 98 601 378 507 280 935 877 311 187 526 574 902 244 757 31 835 953 732 357 775 262 424 27 524 391 878 295 172 540 473 741 961 956 725 301 372 821 97 76 840 209 566 826 267 128 56 607 97 446 936 518 434 118 105 775 774 711 672 34 961 991 365 726 831 182 703 758 31 73 28 104 339 454 833 575 957 102 764 681 508 990 840 188 868 560 32 314 314 782 970 342 989 511 64 331 795 660 406 694 157 28 558 26 738 958 914 142 16 303 790 835 910 706 709 358 985 8 884 452 849 205 560 186 441 99 238 463 398 382 476 600 667 778 154 310 562 274 896 457 319 864 26 954 961 972 297 626 297 119 386 837 674 755 408 221 538 711 280 812 387 755 889 311 416 978 970 180 156 619 828 539 233 765 674 494 206 284 702 556 135 128 590 82 414 774 746 817 77 20 55 422 741 41 150 721 920 747 105 266 157 748 433 419 980 829 916 641 834 156 676 810 316 747 591 651 180 953 816 647 850 10 559 429 354 111 492 761 365 819 570 754 66 535 120 762 476 184 405 286 908 787 654 835 229 132 772 666 542 31 886 468 478 591 984 907 921 83 427 
359 159 61 56 607 673 381 184 714 751 530 215 957 253 148 203 417 270 792 491 405 573 579 267 649 699 221 783 337 763 364 272 401 437 340 433 521 113 603 584 92 982 772 450 617 248 235 578 148 784 42 191 695 62 822 808 320 293 498 723 952 479 97 317 515 761 975 840 446 390 244 31 625 753 116 689 266 786 382 792 497 313 105 306 238 56 678 815 281 375 621 468 745 913 693 960 633 851 844 223 884 774 853 200 632 155 897 317 252 196 29 924 695 798 843 911 587 405 74 824 934 342 363 732 962 779 146 607 375 325 16 395 394 248 894 389 217 656 94 74 11 979 52 366 744 648 823 518 724 633 854 232 60 868 216 694 409 406 891 462 900 99 20 793 676 992 842 347 70 657 242 540 457 505 339 688 913 919 291 951 305 736 905 228 209 23 429 207 12 93 193 835 981 578 499 521 788 264 779 893 827 965 130 346 700 259 153 108 808 969 114 521 81 563 651 908 224 229 328 285 420 802 494 693 953 879 764 398 735 66 27 668 555 529 532 283 755 661 350 296 49 566 725 81 228 314 691 206 466 683 20 30 115 101 619 444 706 535 578 371 794 589 346 350 901 169 494 282 808 640 837 795 71 355 837 880 26 454 898 624 757 582 341 549 590 703 825 361 188 194 259 542 95 452 666 878 259 4 220 888 700 472 641 366 150 980 797 116 245 702 734 375 291 79 351 300 147 910 944 931 126 723 515 117 264 784 811 391 567 257 254 517 685 201 703 796 132 310 710 755 462 158 851 838 596 331 5 766 69 175 850 296 219 689 888 609 708 983 894 838 149 642 405 641 997 373 333 261 163 230 274 976 762 502 990 419 480 774 679 304 292 865 104 862 848 713 617 1 744 559 120 380 234 873 50 623 605 880 875 572 273 642 218 602 150 700 973 350 486 232 948 379 955 48 415 211 58 498 571 20 608 381 942 183 859 638 699 862 934 766 761 67 516 409 834 840 265 942 85 913 658 514 228 339 835 432 56 474 828 64 974 48 867 46 996 730 725 670 273 920 917 317 626 854 499 763 64 445 542 298 128 111 499 193 774 673 199 134 804 479 685 778 462 246 527 29 314 88 966 429 673 874 644 302 250 168 770 904 652 109 
605 735 861 990 873 86 627 900 488 907 708 821 323 973 263 483 723 216 180 557 328 753 954 565 721 708 170 576 920 207 415 340 515 574 770 322 504 60 951 855 31 678 405 182 714 312 2 573 501 596 980 834 969 981 924 389 843 806 619 854 52 55 955 689 376 945 556 60 486 63 11 495 351 702 128 741 100 751 610 416 399 936 884 553 414 104 604 878 442 792 3 119 526 238 729 581 451 911 887 82 140 857 669 530 318 309 477 511 230 765 254 93 167 822 896 736 459 978 487 686 372 537 302 527 20 929 248 62 494 457 189 252 91 795 892 233 671 912 39 649 479 808 574 588 788 834 699 736 349 575 959 96 280 413 769 683 492 120 467 858 855 926 530 161 382 840 996 4 242 960 512 201 376 656 894 844 79 133 509 106 454 289 540 19 988 508 433 773 321 989 666 659 807 638 251 802 857 798 54 284 326 797 975 197 598 411 396 431 91 52 737 592 236 225 468 503 944 413 909 456 643 78 420 474 4 234 212 561 183 330 578 406 574 872 330 291 253 850 363 560 672 817 269 490 806 692 62 418 775 969 820 694 827 818 983 401 125 733 764 998 362 725 780 325 39 669 312 440 347 11 831 402 177 642 697 734 123 291 369 674 54 803 580 886 955 269 363 736 361 513 557 309 944 763 810 737 650 405 638 979 952 601 33 380 934 408 398 981 607 628 679 816 470 255 259 471 155 323 843 370 767 593 547 55 988 486 649 905 502 349 278 180 161 816 294 10 152 630 524 292 652 261 919 364 767 451 52 322 130 732 576 799 988 242 362 593 678 319 950 376 483 24 196 717 552 258 370 813 329 269 307 655 666 95 275 549 107 565 778 712 103 844 781 477 346 776 497 136 116 811 778 311 173 557 200 559 407 899 571 925 752 188 709 769 451 746 59 621 601 542 793 586 988 210 999 164 773 740 699 637 977 931 459 67 731 72 615 89 960 281 379 304 404 5 971 780 691 853 420 47 998 77 74 595 777 46 91 512 389 439 584 111 39 666 297 671 646 502 548 560 373 259 111 398 912 147 987 978 146 50 961 12 36 42 548 935 751 743 850 732 524 615 293 875 900 317 744 101 137 572 614 392 984 487 67 727 387 627 109 411 
368 842 497 927 951 814 334 984 556 222 628 535 299 193 470 628 220 89 314 543 348 750 37 375 595 79 796 603 683 281 80 318 638 511 337 143 849 796 387 425 632 185 50 324 816 456 215 592 263 770 967 439 824 428 399 52 260 96 525 528 541 840 1000 917 94 358 456 216 333 228 952 814 673 356 972 73 756 379 345 405 912 907 163 504 58 853 653 568 815 271 76 681 324 989 698 98 960 323 933 995 15 116 543 511 42 600 696 843 455 481 976 308 42 968 323 673 185 451 949 415 975 419 536 492 328 262 104 319 903 344 134 174 483 188 982 706 764 445 90 186 659 651 138 730 951 771 93 958 976 766 894 745 338 226 742 716 542 343 613 547 338 214 396 468 294 829 318 660 526 54 553 816 631 206 605 947 172 355 554 451 114 893 51 439 968 367 948 919 5 858 786 799 85 942 642 853 515 864 498 347 200 969 511 344 821 381 520 436 506 577 601 176 63 60 450 900 946 903 228 385 959 125 219 813 233 397 224 454 87 57 956 608 833 818 975 928 64 897 108 854 763 295 772 530 759 887 759 673 348 237 725 427 964 881 228 103 152 396 806 102 27 336 4 337 298 470 319 794 867 323 467 80 562 688 916 254 535 745 740 281 243 885 899 120 733 910 822 255 970 923 652 427 820 545 547 946 287 989 388 179 393 38 749 773 396 42 206 628 332 162 792 315 343 921 231 901 974 806 907 246 647 393 773 280 715 525 415 793 171 143 408 4 181 236 840 211 941 290 957 551 654 827 528 920 35 351 338 270 477 198 202 79 383 837 713 419 877 421 366 336 368 739 753 623 581 793 592 509 176 820 433 232 542 909 763 548 188 702 90 802 554 496 457 36 444 357 264 684 160 235 48 214 26 617 456 431 63 899 650 279 714 440 375 561 21 503 632 480 595 412 624 584 192 397 7 231 82 399 853 746 70 842 493 863 7 549 856 242 459 136 468 934 546 251 902 244 767 874 140 715 150 74 906 604 922 644 914 892 132 722 772 122 523 892 87 474 801 32 349 462 591 862 537 966 419 771 331 0 524 701 44 828 80 958 448 919 758 168 29 954 780 982 546 526 943 675 565 621 878 998 186 603 328 328 515 496 575 753 692 462 
893 756 997 267 907 343 735 423 547 393 689 957 347 331 380 747 841 519 684 603 488 774 501 218 249 455 605 924 97 303 967 791 292 286 94 918 543 351 767 255 996 759 502 453 805 853 806 902 218 143 670 685 675 900 813 938 300 365 105 956 410 231 555 805 944 663 205 652 120 182 877 705 226 880 281 17 570 427 231 457 361 635 78 139 720 294 905 892 532 37 651 635 767 903 800 194 507 807 234 941 863 980 960 985 335 287 228 986 342 896 427 739 554 867 273 709 462 75 408 358 358 410 1 224 159 607 518 467 953 94 902 6 166 743 227 718 722 575 59 241 315 145 231 774 7 976 438 197 498 535 875 211 516 96 482 365 966 690 355 719 663 605 679 217 965 286 294 847 784 890 61 364 233 609 978 595 512 822 662 688 456 900 645 391 585 861 305 408 66 142 888 955 443 903 122 575 947 698 566 952 174 656 538 315 263 761 66 755 520 997 980 367 664 399 406 69 789 41 1000 135 441 423 664 40 932 654 338 79 778 381 30 479 598 814 888 985 412 692 126 404 959 817 324 903 460 500 435 841 595 991 372 324 343 956 379 252 518 674 744 654 933 23 137 764 836 745 504 451 478 829 716 904 733 375 678 15 545 668 563 988 118 291 223 469 859 169 10 523 800 988 651 46 125 761 394 645 599 571 215 978 869 204 358 862 20 251 876 126 143 348 791 330 806 684 543 82 414 460 325 646 674 407 754 890 788 848 510 738 411 912 879 828 585 999 39 889 314 120 412 351 329 783 558 373 457 651 471 176 489 883 510 340 572 511 401 288 855 19 824 763 42 579 955 621 289 594 574 946 356 487 582 874 983 618 614 191 912 562 548 381 770 761 408 786 854 470 401 494 709 765 240 288 575 345 361 296 299 621 717 885 897 46 249 240 249 132 433 352 364 320 191 552 246 939 707 359 101 337 4 427 543 292 682 987 256 188 365 412 743 525 638 737 722 361 341 882 123 952 393 997 444 639 1000 838 110 600 22 601 701 569 686 456 572 852 705 553 27 768 214 882 842 220 987 226 137 180 926 249 820 301 970 158 697 480 608 222 239 987 606 520 248 553 813 860 334 99 564 795 312 903 198 629 660 781 278 508 850 698 867 312 
139 811 795 289 423 644 413 13 189 920 892 502 767 835 331 286 471 764 554 420 545 96 873 71 189 205 542 340 49 435 268 903 80 590 590 271 486 745 219 79 949 800 967 649 422 520 280 683 467 510 514 974 911 717 560 676 439 449 714 279 430 205 449 588 507 765 25 436 916 382 111 108 700 635 135 604 444 384 252 568 494 284 492 727 374 898 469 270 896 281 451 302 984 175 428 383 912 596 9 879 296 329 32 929 417 105 679 32 283 122 461 481 657 453 582 835 711 814 432 657 862 455 296 327 695 785 416 709 683 843 750 397 578 466 106 825 548 145 622 666 718 948 102 585 681 590 320 590 101 365 196 878 289 437 303 21 944 711 837 465 667 309 429 810 738 774 559 402 164 587 373 677 776 39 696 99 805 535 548 191 17 580 954 33 20 623 870 536 354 696 306 951 282 908 283 336 882 346 45 774 757 612 282 552 58 83 73 148 263 941 930 438 32 809 672 231 795 35 516 186 482 596 111 307 68 670 836 394 975 863 293 356 554 524 704 8 647 953 298 336 387 239 607 264 662 781 839 672 601 649 70 334 692 218 881 529 533 376 601 463 90 869 995 770 845 952 322 772 514 788 616 912 646 751 114 303 63 264 928 344 970 587 195 694 37 136 666 43 366 758 293 868 944 982 126 249 930 784 264 208 280 388 953 286 214 134 476 132 444 106 700 299 101 368 205 859 388 338 890 884 210 988 780 839 936 620 393 289 212 521 454 334 569 87 362 524 967 653 582 863 87 841 421 590 895 156 531 441 145 544 103 715 556 292 823 948 176 453 374 172 87 837 421 381 937 153 172 409 30 34 191 252 740 642 317 638 572 411 24 943 236 219 657 263 549 319 395 298 356 845 196 663 496 832 29 7 620 660 83 465 545 429 59 773 37 915 129 809 157 38 532 839 116 118 111 961 734 397 609 64 545 918 885 744 537 850 257 410 682 715 255 905 161 694 639 794 565 482 719 289 683 897 406 958 2 595 1000 657 846 864 566 22 45 873 117 568 497 50 494 82 89 734 202 327 788 568 224 122 248 747 642 420 564 79 384 522 771 280 121 431 103 564 912 98 77 107 512 435 896 666 668 603 552 796 784 156 459 391 76 276 
920 868 724 509 857 568 402 952 302 752 850 91 61 378 276 235 74 541 123 883 12 88 380 507 961 405 460 424 239 957 20 894 626 631 848 389 204 515 564 877 6 970 754 786 813 278 790 943 356 257 979 1000 841 85 511 288 510 639 564 325 515 214 162 246 70 820 95 555 38 510 357 759 860 911 8 303 548 788 634 71 819 328 515 94 373 338 636 405 527 291 7 593 435 641 459 673 336 67 517 860 903 330 557 856 679 599 578 254 123 700 89 984 495 334 981 579 291 962 721 249 776 864 760 424 299 609 746 923 101 724 98 849 492 505 30 308 630 792 438 294 156 25 442 121 217 349 993 171 467 180 998 629 36 11 159 927 525 817 742 89 652 249 890 318 927 332 846 24 942 278 772 308 408 804 34 815 903 300 269 614 186 944 356 901 889 29 568 674 889 335 514 526 475 510 695 25 859 464 982 290 797 823 377 699 232 988 523 624 327 474 349 893 565 444 575 89 171 137 798 222 339 673 567 253 256 871 430 205 204 344 879 732 864 439 72 967 873 941 64 832 330 318 54 944 158 811 861 794 109 753 27 149 159 386 811 600 715 288 655 192 251 240 687 682 263 256 181 964 987 650 72 548 473 998 558 829 834 790 346 835 681 308 646 649 642 695 830 202 778 659 708 984 864 293 269 127 669 771 293 369 116 994 662 839 95 532 76 467 553 223 285 616 36 640 976 148 322 605 291 572 758 917 62 878 664 772 894 848 550 359 998 506 863 632 395 980 642 29 420 845 115 790 691 72 999 496 688 564 292 29 580 792 496 937 277 954 95 109 341 955 317 128 94 0 997 493 737 337 351 230 546 338 150 78 147 164 504 338 467 263 984 256 514 604 547 186 633 550 184 668 955 689 466 5 127 255 674 21 493 588 129 978 311 961 732 755 385 64 333 931 581 233 740 164 400 72 187 340 719 343 582 916 532 952 489 554 497 196 686 13 808 333 539 854 618 432 828 253 629 162 17 210 377 916 253 372 421 991 975 842 104 234 606 425 467 250 900 109 99 402 592 272 725 870 765 356 730 752 896 158 438 744 257 55 886 509 653 145 13 700 447 922 43 667 23 125 471 103 637 407 98 50 498 947 324 861 179 363 889 994 
70 859 82 586 231 869 839 7 123 151 415 542 549 196 749 963 181 940 404 417 790 717 803 424 991 197 791 650 382 767 758 748 869 249 441 762 856 570 927 705 959 447 664 341 57 484 881 331 642 983 996 857 557 877 681 364 556 495 685 16 830 429 987 167 385 740 657 919 507 483 623 740 424 597 726 368 14 114 470 832 389 57 898 892 66 956 241 17 989 67 815 411 826 665 180 14 24 116 170 624 294 214 394 212 392 795 121 759 725 529 460 682 385 885 201 511 502 234 514 596 562 939 498 159 787 281 863 102 970 132 469 912 676 438 527 573 280 761 382 398 177 809 825 700 695 773 177 214 20 816 36 656 278 739 583 635 21 772 510 505 41 500 725 274 351 926 13 331 657 661 830 318 904 286 87 839 163 181 956 391 700 232 937 11 234 484 538 622 508 922 83 657 70 275 751 630 257 444 494 847 151 579 589 762 604 150 168 822 295 969 998 112 532 425 162 340 861 859 398 843 25 248 636 820 204 426 769 329 480 512 399 234 608 114 292 649 866 988 53 265 152 810 591 577 238 788 175 90 414 203 182 940 938 965 724 81 569 538 743 136 224 784 607 969 958 675 313 96 618 567 884 93 809 12 190 919 927 269 731 989 915 796 905 892 662 425 589 872 646 373 842 38 894 916 861 29 629 494 315 691 307 181 622 857 885 546 973 784 416 246 311 974 838 986 965 451 240 466 33 612 265 662 70 286 664 49 545 663 844 977 776 763 545 355 953 409 870 881 31 227 812 672 822 385 951 669 493 518 754 735 365 284 177 664 177 545 784 776 179 99 777 470 879 525 674 41 677 720 35 316 520 98 478 136 582 369 388 173 518 861 586 164 713 422 825 922 150 130 544 435 349 511 662 676 440 964 93 211 63 271 243 296 747 178 22 604 88 742 881 800 663 9 448 396 978 745 971 391 791 910 933 552 799 813 901 993 263 318 328 27 8 49 111 763 453 786 156 405 216 393 890 138 437 513 809 489 567 384 573 887 317 203 124 981 758 514 850 660 460 967 329 66 289 878 18 343 781 853 688 872 683 168 485 204 447 735 861 628 386 822 164 965 24 123 860 771 913 177 561 22 292 7 35 856 278 402 325 818 981 928 
399 700 271 86 266 167 291 936 744 758 200 750 90 612 697 90 832 421 155 361 205 336 129 974 465 427 501 841 295 642 856 705 632 447 547 474 949 930 666 376 104 199 793 46 582 741 493 876 608 674 57 750 411 121 712 828 767 595 50 712 432 547 462 248 710 956 162 906 66 617 337 221 720 23 141 479 147 290 118 243 197 189 985 558 427 473 113 133 879 294 831 14 271 363 509 392 915 792 752 266 715 50 883 952 298 911 645 662 299 738 883 640 97 531 248 143 291 767 208 501 95 459 874 419 406 329 93 308 271 485 885 439 25 393 423 157 387 107 230 548 288 115 132 607 446 463 529 958 320 238 178 502 162 165 541 5 621 23 936 337 213 477 652 355 440 551 42 131 541 534 267 932 23 765 967 926 745 664 112 993 794 135 567 650 130 633 223 992 159 92 408 875 979 263 64 739 897 756 287 145 675 231 358 496 643 932 114 916 223 586 624 869 363 925 360 251 867 230 200 19 87 854 660 349 127 932 435 705 351 834 813 550 368 779 793 871 620 241 356 747 210 173 485 733 496 771 283 685 97 203 322 707 627 264 1000 882 903 99 404 457 939 70 363 328 808 468 54 307 412 459 943 537 95 816 171 298 89 345 738 675 696 186 462 243 1000 409 892 190 585 262 716 682 372 68 524 671 693 284 571 133 126 282 30 327 805 609 613 53 291 974 543 969 939 728 926 374 744 552 353 180 14 66 673 146 318 368 988 28 258 361 474 452 446 74 730 581 165 70 397 207 803 946 345 851 534 955 206 167 923 732 541 556 710 676 522 772 295 895 948 310 154 651 435 29 290 179 606 494 403 428 872 562 712 889 131 188 206 957 498 341 534 73 170 877 534 872 296 700 212 50 5 386 982 38 897 938 224 543 616 65 61 371 792 866 199 415 370 938 52 587 29 789 711 449 697 999 31 674 187 353 967 539 126 129 368 364 84 604 587 559 111 496 869 56 297 560 520 276 696 227 645 956 376 794 73 432 123 538 702 578 763 47 128 962 374 544 423 236 624 266 778 430 94 619 431 730 141 183 433 58 905 234 779 590 630 8 184 647 38 846 571 876 813 262 552 807 607 873 308 96 144 990 325 311 739 927 106 594 502 539 
437 827 748 59 885 166 249 801 446 283 357 84 501 709 686 340 503 61 538 155 377 569 170 467 208 489 730 711 241 326 533 513 801 771 206 391 183 969 893 627 797 709 275 157 322 625 485 5 26 734 209 953 694 221 262 13 206 125 298 724 338 672 6 437 798 336 459 751 531 72 514 265 489 164 646 617 7 653 820 816 655 608 401 497 162 839 598 972 893 310 17 740 160 925 67 485 298 60 300 697 185 130 21 649 738 816 946 165 620 287 865 104 727 0 798 188 273 497 458 816 194 349 147 507 123 986 336 780 63 972 231 240 776 502 868 769 662 668 542 724 860 542 679 99 625 801 11 245 206 317 760 319 43 4 114 974 180 923 423 926 893 832 569 183 354 614 309 938 948 242 687 906 58 581 563 146 292 807 473 321 177 307 237 537 606 608 550 368 505 935 218 890 985 968 55 487 938 672 614 55 358 510 772 974 910 52 435 134 880 387 354 948 539 259 769 297 11 227 310 287 961 132 497 844 614 324 62 251 847 498 391 411 725 811 581 744 500 472 596 721 709 523 833 585 822 338 227 181 499 757 996 677 782 185 853 698 189 40 323 159 597 299 450 101 550 542 500 808 569 911 392 445 795 146 875 427 159 237 822 545 938 602 938 452 583 665 897 182 249 908 550 995 682 129 583 203 851 652 616 424 231 448 318 494 699 982 411 44 932 270 5 44 700 326 271 1000 969 43 824 260 467 722 246 978 847 909 574 689 775 672 990 212 964 669 473 240 846 234 310 424 794 207 905 42 391 497 386 44 835 69 733 237 765 757 967 740 231 75 939 345 264 718 231 261 193 445 427 246 452 198 404 811 935 584 261 947 886 467 559 337 513 600 174 146 77 858 613 437 404 650 569 415 782 980 39 114 447 480 11 432 886 442 866 312 730 964 781 704 447 664 919 484 131 993 529 130 964 134 278 999 433 825 442 426 719 951 931 426 275 737 697 488 402 484 821 946 828 567 293 772 651 255 987 890 977 842 346 414 916 911 913 836 984 600 420 987 820 236 77 820 563 319 58 926 894 977 453 410 905 754 813 767 594 667 268 882 647 453 228 686 392 403 164 940 696 18 706 400 630 601 645 638 244 898 483 316 990 982 981 408 
217 116 924 793 87 742 586 667 344 571 8 796 943 837 278 396 777 141 978 337 279 270 338 800 61 603 329 562 830 591 681 595 138 388 135 956 314 835 874 112 131 348 626 312 653 737 52 243 611 544 575 98 525 819 610 648 704 764 110 828 566 128 293 204 620 989 713 244 752 757 266 867 346 840 540 650 434 949 160 739 387 840 450 38 803 518 530 690 108 465 311 499 835 739 889 155 91 827 387 774 976 983 292 691 758 982 906 475 976 915 85 779 989 987 963 298 246 348 89 402 648 45 356 50 797 570 343 844 707 979 851 331 561 310 32 952 773 526 364 971 847 151 138 728 777 988 145 441 95 910 359 369 226 622 574 21 323 468 480 876 288 742 428 424 320 523 470 868 401 825 671 186 385 578 108 845 282 421 671 205 555 872 61 452 925 843 845 251 827 489 462 280 762 286 269 658 599 362 188 354 354 547 216 565 267 629 78 220 502 256 74 465 228 645 922 530 1 168 561 745 96 262 338 109 416 209 255 624 389 843 220 328 60 617 958 654 57 56 415 832 881 957 864 132 696 964 272 270 461 556 586 411 818 65 890 863 609 998 127 380 131 997 690 936 960 656 178 180 711 384 488 443 449 969 338 832 654 171 564 81 823 927 29 572 662 662 617 324 357 577 451 682 945 832 952 182 852 348 347 863 904 7 461 927 821 585 894 389 246 389 927 225 973 703 716 663 267 400 897 346 902 386 276 608 503 763 702 590 574 529 748 869 228 600 615 526 125 780 728 574 652 118 952 143 281 446 677 869 693 443 318 435 672 810 277 656 344 245 771 298 349 123 41 253 946 148 254 303 572 145 870 762 725 1 325 398 496 297 253 334 335 469 381 767 977 415 349 149 676 836 159 578 543 496 400 537 855 597 640 724 217 621 158 963 38 162 123 101 537 605 589 957 166 331 362 983 177 388 125 410 251 918 645 328 792 826 690 202 762 854 26 694 646 970 53 903 127 498 731 20 258 106 996 232 855 958 788 4 612 441 841 581 64 245 775 291 466 337 882 776 549 432 830 277 147 289 296 580 283 174 208 576 916 173 932 145 9 96 343 490 918 394 549 174 792 53 310 619 358 537 241 414 949 193 494 565 528 282 44 120 
674 898 559 300 673 951 634 778 766 58 684 360 766 287 246 817 355 770 204 565 840 669 144 776 544 817 629 496 349 967 739 819 109 879 478 967 440 548 675 698 245 240 866 558 401 120 272 42 195 213 86 650 349 920 283 696 204 1 705 730 927 646 525 772 472 804 645 818 99 972 662 299 864 587 406 394 995 636 540 529 209 935 432 30 46 446 72 643 558 445 669 580 898 80 538 958 363 664 185 618 946 331 400 88 890 291 750 43 720 535 885 936 293 540 905 481 335 357 204 591 294 705 849 195 663 610 127 787 16 632 69 209 183 648 339 520 619 924 453 652 404 637 774 440 934 989 83 900 765 414 315 331 435 623 250 999 443 759 144 932 404 104 206 556 420 582 795 985 325 566 624 575 790 951 58 652 859 702 56 623 203 467 188 606 448 608 611 748 546 742 318 710 928 934 983 848 25 944 734 246 331 850 413 994 584 601 241 744 978 851 921 622 35 426 144 427 515 56 112 622 98 802 160 610 466 387 746 390 935 705 974 936 866 860 590 867 93 531 446 610 402 178 171 954 873 634 834 768 468 201 7 410 995 673 801 847 843 580 338 549 39 895 829 242 635 462 987 286 196 871 111 486 697 839 93 599 457 757 375 192 593 875 456 777 661 275 462 178 441 269 247 291 182 142 218 910 299 603 757 961 649 331 869 361 541 208 808 777 470 21 591 519 366 914 454 970 118 537 789 891 713 499 334 471 913 361 664 732 511 500 552 359 414 748 117 170 733 449 112 309 921 404 597 802 746 429 196 343 818 66 506 569 600 978 828 603 182 764 506 23 922 916 327 277 267 254 219 35 806 893 178 870 345 615 71 607 204 621 688 410 546 938 909 72 884 891 229 21 158 150 149 920 29 714 948 171 920 265 285 582 152 361 454 44 406 25 56 540 570 849 834 691 244 246 979 219 303 984 547 347 67 206 641 927 303 808 672 709 657 989 555 149 32 222 130 63 739 657 961 611 229 359 473 87 690 927 631 188 345 16 585 212 3 250 164 247 629 39 43 577 711 237 352 488 611 610 109 277 220 66 409 341 815 609 138 625 141 431 895 791 306 672 53 789 561 5 437 57 444 913 501 396 446 887 185 191 153 178 859 926 
392 622 136 590 487 103 168 304 962 33 573 255 16 495 279 617 944 63 640 206 197 202 515 83 839 788 667 996 194 276 335 106 500 255 961 160 104 33 69 409 582 379 584 667 937 785 666 791 986 738 740 174 372 677 708 657 879 910 788 480 375 730 530 978 368 396 432 330 469 137 968 627 604 145 892 390 430 304 997 528 348 373 419 905 571 161 555 389 365 784 419 92 16 992 521 902 623 247 325 150 78 285 682 200 491 761 124 42 708 126 641 571 344 209 170 255 786 553 834 387 7 149 554 316 610 612 394 838 45 406 823 174 340 345 159 85 156 454 132 815 214 493 8 507 709 710 372 551 260 772 207 621 774 958 494 370 542 592 12 634 129 259 936 377 284 492 237 217 359 344 618 376 50 560 933 538 193 103 878 60 370 853 389 283 485 86 51 614 448 514 755 6 988 366 646 265 579 384 62 284 548 883 978 892 188 780 636 954 69 196 390 503 998 319 268 577 946 31 856 724 242 79 966 428 332 217 142 286 314 85 577 743 980 143 501 80 74 260 138 809 836 340 809 203 988 737 164 285 4 227 404 69 660 270 740 173 655 456 668 611 837 294 572 454 165 875 740 327 50 673 437 396 367 226 743 586 782 738 126 294 72 587 794 629 129 776 145 144 908 422 502 193 688 997 507 121 950 403 179 467 283 770 862 895 317 113 663 404 100 138 597 690 461 599 856 893 770 442 195 779 299 92 757 769 221 770 921 715 388 0 722 992 178 698 104 426 37 178 552 887 541 33 296 867 914 89 741 776 374 19 917 234 575 187 342 573 687 868 128 498 878 81 348 560 895 211 394 701 448 506 153 445 197 127 824 429 642 198 891 766 211 210 660 405 182 42 479 175 759 458 576 559 703 793 854 307 309 24 782 810 489 351 406 576 642 343 297 334 28 568 804 454 262 100 979 54 93 289 984 789 35 122 830 317 885 174 294 858 924 163 838 837 207 398 581 816 993 373 581 772 827 112 527 892 778 412 887 508 662 133 872 301 694 581 701 930 421 996 832 937 785 924 877 297 44 663 410 261 437 659 616 174 0 40 785 556 221 629 969 822 227 233 709 416 514 572 320 807 580 503 198 179 255 938 234 573 615 679 614 8 
804 180 486 751 213 223 722 20 977 668 18 47 175 978 335 141 618 747 183 47 269 906 709 783 618 707 608 760 832 125 672 755 837 124 45 792 677 802 770 973 319 692 635 129 604 603 128 368 413 479 727 958 209 469 524 328 278 205 917 154 504 299 44 611 656 282 253 823 341 31 216 450 833 467 784 615 923 162 91 752 822 242 825 857 498 631 431 899 505 957 447 174 581 563 183 971 250 512 154 275 36 340 957 24 245 878 707 966 237 551 378 412 749 686 791 232 282 315 712 474 145 125 509 179 996 103 208 577 871 998 329 11 491 516 200 510 343 551 516 734 704 859 472 597 941 72 854 461 85 302 206 55 663 697 974 823 864 22 787 447 620 90 847 470 797 171 669 418 329 16 733 215 662 885 530 519 292 826 857 637 866 593 979 660 498 803 998 441 403 718 337 789 893 15 909 1 887 155 386 909 633 469 468 420 438 932 341 372 228 992 610 663 520 445 227 230 133 335 571 287 757 561 468 462 117 895 80 163 335 684 271 175 930 887 890 39 521 883 402 525 789 227 328 941 624 218 262 772 918 161 702 995 753 793 34 469 966 447 499 774 552 539 796 544 114 544 767 373 394 864 861 73 240 194 933 340 870 195 212 775 120 201 547 535 662 372 50 666 462 461 975 742 971 225 126 972 482 732 276 534 95 380 214 364 943 682 281 459 489 871 156 368 713 486 377 950 221 368 620 523 876 20 17 255 238 821 207 892 697 467 443 773 766 308 672 457 212 53 463 729 50 230 259 423 624 519 843 917 214 475 314 567 642 716 803 276 275 189 836 575 288 771 641 299 775 970 995 913 731 903 507 786 360 383 506 615 166 197 234 524 161 442 637 145 754 882 957 551 633 537 917 72 967 466 299 323 432 31 437 880 95 49 110 622 686 400 799 452 0 976 484 231 123 485 900 277 150 554 357 715 134 307 123 110 779 536 276 985 187 79 689 51 943 587 668 574 851 657 774 187 698 654 767 274 995 373 444 612 263 153 847 10 451 542 631 239 914 570 517 789 116 379 1 789 895 218 727 960 579 982 678 299 288 568 209 29 977 84 377 552 678 759 212 938 459 721 723 192 773 597 28 97 542 324 525 457 529 986 978 480 
1 297 578 491 555 767 971 678 203 383 857 647 34 946 181 888 682 256 221 979 992 101 627 586 393 916 476 54 543 252 79 638 635 51 768 864 552 26 432 990 531 758 740 105 347 575 477 778 219 445 397 856 445 577 495 952 605 484 78 109 264 903 166 484 34 686 604 890 120 315 543 158 646 585 990 483 791 194 626 880 416 124 59 542 915 122 858 454 555 276 982 477 329 767 37 883 652 641 466 237 949 704 439 532 298 597 347 961 925 336 55 886 337 347 611 545 768 969 375 53 977 596 294 706 711 644 758 335 968 203 201 223 64 217 521 392 686 650 98 607 920 526 736 183 240 831 891 62 650 817 57 963 438 403 178 605 875 615 843 667 524 701 360 300 519 286 848 656 820 182 31 420 385 196 992 398 116 607 68 88 266 213 83 259 562 998 684 160 715 94 473 914 245 678 497 339 649 401 182 306 612 580 317 777 265 631 450 316 792 99 940 670 965 150 719 133 945 331 384 170 391 395 851 517 489 720 234 44 392 690 136 890 475 531 447 607 90 4 548 980 74 571 558 881 542 895 840 504 42 888 760 532 967 335 952 225 909 750 89 269 186 247 387 771 536 351 955 616 915 146 635 999 433 139 595 130 339 911 543 783 986 677 803 249 730 842 481 500 958 118 158 573 390 449 780 484 898 523 353 295 52 546 121 751 808 822 450 915 744 145 518 460 154 365 775 796 591 284 332 110 944 809 207 634 378 832 472 240 502 845 375 470 140 903 311 323 545 98 976 287 96 895 118 16 585 837 572 284 418 884 582 203 107 61 230 91 299 828 838 137 626 0 699 119 169 451 673 201 294 755 673 302 598 242 311 664 247 688 361 64 404 707 915 405 335 419 659 746 998 797 166 48 177 647 660 77 909 20 491 131 650 124 722 833 964 378 519 789 267 24 680 330 11 705 696 85 656 250 783 570 892 36 118 322 911 12 387 866 988 486 651 36 150 617 725 701 188 669 177 196 647 96 252 383 408 198 46 202 829 1000 993 980 417 219 629 378 966 125 29 709 267 158 980 175 813 262 554 435 883 200 412 231 324 977 971 941 493 379 409 2 187 295 471 989 644 333 140 408 686 822 653 655 102 576 454 521 857 14 321 668 
732 501 707 221 179 948 372 691 682 761 110 776 212 487 573 186 289 33 136 837 251 340 631 832 636 28 378 993 630 558 958 895 596 788 439 949 239 196 570 868 654 755 376 637 191 162 23 590 989 828 75 877 317 455 747 148 785 859 131 363 360 772 88 841 47 194 759 504 333 200 300 287 513 367 173 113 132 484 523 309 976 92 270 662 870 736 513 398 455 518 377 854 300 618 931 163 952 875 26 320 138 106 179 314 359 41 424 736 62 483 210 243 670 347 589 122 650 876 147 357 177 410 8 920 741 633 597 550 432 597 775 613 603 514 546 43 885 650 99 44 309 674 327 838 974 641 553 193 80 853 560 567 207 655 264 517 586 753 483 189 489 401 721 549 997 502 533 893 206 858 217 419 729 495 698 323 397 476 114 736 600 713 326 341 822 892 347 734 368 8 992 876 773 219 6 774 299 262 816 665 994 586 633 435 542 312 961 405 739 897 54 109 661 22 751 477 475 336 53 846 962 592 557 895 466 182 361 666 560 686 660 250 948 878 33 639 409 971 537 677 821 766 90 388 733 654 797 619 858 228 28 949 26 251 112 762 180 649 117 523 955 783 896 41 996 995 683 758 114 671 217 795 743 924 215 418 188 96 246 873 876 269 543 185 164 773 591 713 131 541 215 767 328 334 323 540 571 216 957 703 368 299 474 683 683 874 477 826 716 56 299 404 677 292 706 852 123 55 447 793 19 320 472 22 230 835 710 195 698 802 257 304 567 336 364 434 897 526 529 834 487 856 176 509 396 858 333 882 176 793 792 836 309 363 51 807 752 95 840 290 130 773 502 64 267 400 173 459 274 616 858 954 522 978 516 51 388 404 378 101 554 662 481 397 223 862 718 133 285 800 527 785 18 623 754 939 581 170 578 516 869 569 529 667 669 250 405 87 344 475 434 491 191 752 55 920 334 386 61 671 899 68 853 823 359 331 741 376 129 428 406 486 129 239 887 733 876 313 281 618 731 218 294 302 620 825 767 82 770 119 290 366 252 781 378 392 804 260 753 260 358 591 896 341 546 998 901 433 176 803 657 889 332 325 459 401 632 183 565 275 957 764 547 846 928 786 729 843 759 794 695 935 242 402 289 824 754 505 40 77 
401 196 313 118 589 399 15 804 784 434 43 636 987 361 823 944 243 839 588 448 797 238 7 62 489 297 852 138 852 252 616 331 686 295 606 701 812 527 719 15 5 889 411 872 175 774 967 407 868 466 102 670 594 763 234 199 616 645 381 127 211 420 677 447 661 803 17 565 138 724 226 880 82 152 695 851 299 567 118 240 592 448 562 12 433 546 337 448 432 576 774 844 930 27 85 198 888 32 182 373 254 26 464 734 270 609 535 861 722 231 710 435 17 931 146 747 865 555 54 440 607 41 41 469 273 875 814 832 69 812 237 550 336 700 703 378 550 389 710 388 909 164 189 325 786 804 698 810 925 370 719 746 7 602 548 641 400 7 834 893 806 970 879 799 931 918 827 297 852 117 34 504 464 668 687 732 132 578 892 915 921 734 252 548 544 896 287 182 285 540 688 562 958 819 783 72 493 240 488 734 575 40 967 748 570 234 888 77 250 182 424 707 216 926 574 253 59 609 293 389 709 242 506 36 199 68 608 15 846 238 991 655 200 175 682 462 91 546 33 93 220 680 193 858 700 912 766 397 522 359 30 726 973 149 940 39 861 93 180 814 871 134 507 661 722 161 170 60 61 873 665 551 620 591 943 287 705 517 658 257 935 939 486 110 314 759 688 32 331 51 345 977 196 476 197 497 178 358 143 879 235 92 413 109 858 369 971 192 650 274 369 970 656 476 891 106 757 200 758 983 410 526 402 711 654 647 317 701 496 586 690 967 68 409 184 330 512 420 406 550 87 761 446 645 669 813 704 81 305 670 747 318 348 265 334 182 413 156 48 280 143 267 967 601 182 948 490 834 367 628 459 832 93 269 814 14 834 155 612 541 636 849 818 110 511 343 678 297 46 370 1000 707 993 44 792 531 145 580 812 971 891 189 384 357 349 474 856 4 869 708 162 111 765 483 548 632 469 208 632 480 869 392 701 733 698 335 420 504 744 711 76 525 980 919 743 801 750 802 687 255 433 13 518 717 729 80 550 131 567 44 685 349 289 208 978 254 645 545 592 553 293 211 926 402 828 990 838 61 630 27 475 62 977 501 578 515 719 269 291 979 711 27 981 892 733 450 731 817 309 595 247 29 652 320 217 768 217 238 889 218 
160 805 925 16 485 945 642 112 703 565 193 958 732 139 198 26 90 734 573 544 413 353 216 695 830 613 648 654 491 451 458 222 122 944 860 978 310 518 809 318 1 157 794 410 251 848 512 301 245 840 312 701 767 685 162 24 428 978 664 988 293 710 801 598 592 525 817 542 868 799 781 876 458 935 53 729 757 861 1 569 631 780 61 240 910 979 445 122 482 497 662 246 794 171 834 469 111 299 694 834 177 642 233 279 701 69 46 78 722 789 979 59 973 666 395 4 28 293 355 677 424 983 945 508 756 656 820 417 670 288 209 571 46 893 348 629 312 380 175 805 651 234 370 360 145 263 673 895 901 191 305 527 660 381 753 718 351 251 964 3 973 52 618 926 845 671 53 974 900 96 691 28 778 778 715 221 147 133 670 571 364 45 160 441 217 383 777 32 880 693 379 560 1 858 675 311 198 824 178 64 501 758 225 859 719 599 109 70 447 226 109 34 85 764 349 193 487 448 894 119 663 102 746 140 425 390 380 999 89 866 212 3 231 493 598 756 88 683 781 567 506 741 474 752 115 535 321 255 597 611 384 610 853 732 350 581 338 251 361 53 651 308 142 47 604 308 16 542 885 507 26 807 699 722 92 94 306 266 61 89 870 905 205 114 291 822 831 303 551 239 565 250 911 95 440 549 967 763 286 675 973 511 892 609 277 57 808 710 776 153 754 491 265 890 475 146 776 773 942 159 558 809 133 841 520 332 621 458 525 870 402 37 953 480 858 162 485 929 393 530 343 45 748 526 175 880 616 494 503 894 919 627 387 377 394 839 614 345 296 880 381 546 61 372 579 694 293 826 538 502 15 389 887 313 137 868 479 403 177 301 132 539 219 902 409 168 950 860 574 677 795 811 52 17 655 404 709 790 97 854 694 198 771 240 686 442 123 989 70 488 588 656 124 857 490 831 180 327 811 899 5 484 24 165 381 648 127 400 478 601 909 159 837 212 771 761 340 610 16 705 667 391 863 806 271 95 541 106 304 484 354 397 514 676 936 112 186 38 675 995 447 142 150 29 36 519 793 390 22 82 960 357 537 570 688 513 619 814 699 209 763 69 971 645 527 374 95 866 325 62 715 433 61 450 188 707 311 930 195 557 
106 47 863 34 346 555 767 457 241 754 981 40 450 113 419 867 172 954 441 835 608 165 758 643 163 574 970 176 36 746 347 730 895 204 576 34 39 377 263 914 751 559 924 15 441 505 935 955 9 3 106 160 118 4 656 627 835 613 350 833 312 345 376 668 314 30 548 322 659 316 559 3 238 170 375 699 834 456 825 997 538 303 171 212 22 378 60 990 679 839 602 997 766 744 2 435 7 764 695 570 599 876 808 390 913 232 493 755 664 405 648 462 748 992 994 951 564 714 326 882 525 648 786 334 490 964 227 992 106 746 638 762 270 472 702 627 166 650 738 261 862 273 976 319 671 68 50 195 778 413 491 883 716 948 686 910 761 314 457 254 859 883 532 910 193 345 941 798 253 937 718 746 322 622 578 705 42 845 230 691 312 350 667 228 792 30 725 298 240 770 468 85 120 979 82 596 23 479 474 115 117 246 286 251 400 424 359 360 435 122 357 512 231 973 323 927 33 981 468 150 525 975 727 164 204 243 779 216 367 439 332 695 569 407 526 288 471 49 966 520 655 82 244 741 298 61 891 143 254 171 924 920 262 786 909 568 4 50 490 839 758 664 918 749 205 814 397 49 430 962 638 315 966 274 415 38 443 543 501 935 629 822 788 54 153 304 923 149 173 692 706 10 546 369 763 341 500 90 221 882 416 752 299 113 91 712 578 30 448 675 996 127 317 959 870 924 871 650 764 108 465 945 794 418 333 595 439 588 833 253 825 878 724 104 25 815 271 305 885 346 511 968 359 298 832 29 889 54 258 92 188 89 606 257 333 480 343 81 943 682 731 976 918 593 735 73 554 566 649 833 671 89 676 107 354 302 453 841 339 513 718 56 13 984 480 725 112 820 795 302 125 719 489 52 438 690 528 824 738 55 220 610 101 355 469 205 181 702 449 982 324 912 28 174 219 175 662 361 183 956 46 724 804 57 134 669 837 328 389 997 457 212 849 843 544 283 698 55 712 499 102 557 327 923 1 438 322 792 388 910 460 173 657 604 273 507 920 621 117 169 368 255 4 710 261 357 444 759 954 136 754 200 684 299 122 579 167 517 279 558 985 835 260 787 735 431 169 366 219 717 608 706 675 986 754 957 928 94 635 217 
397 697 917 368 176 504 924 170 766 57 578 83 275 615 102 258 243 430 328 763 589 289 35 393 780 307 631 666 729 869 565 278 498 915 331 577 367 419 709 246 687 96 942 127 899 854 34 563 616 384 875 323 765 255 311 381 316 923 795 816 515 714 977 980 473 710 227 582 124 523 424 209 234 636 445 211 8 472 360 71 500 251 994 867 519 912 364 526 954 742 469 769 605 76 581 162 603 145 297 310 474 785 374 716 809 648 764 233 956 985 869 387 98 148 625 839 78 1000 801 846 322 164 910 103 247 209 619 484 486 564 452 743 927 610 600 799 992 443 479 690 53 496 147 804 390 570 552 92 408 372 739 693 1 246 288 685 391 348 114 316 575 66 688 678 280 316 227 941 67 278 763 112 191 525 679 87 465 454 500 756 512 828 877 657 256 189 85 654 720 522 379 805 866 699 396 365 346 218 295 800 265 697 533 388 986 851 418 404 679 660 71 916 169 741 142 845 698 264 852 137 988 973 439 96 740 609 666 181 820 255 157 170 167 748 161 406 885 174 593 988 439 2 383 464 523 869 641 198 668 703 41 687 836 952 1 344 806 658 573 218 1 55 546 512 486 341 956 531 30 817 467 416 955 900 158 997 557 445 838 640 982 360 998 164 159 267 503 379 116 413 832 189 904 612 386 882 968 905 640 922 627 871 542 142 319 635 34 86 543 644 192 386 741 601 162 490 315 197 936 610 860 182 133 296 256 629 640 729 699 441 899 274 510 721 83 714 84 767 880 333 466 740 937 511 422 583 100 882 22 97 181 831 367 829 151 28 188 477 401 274 348 234 607 558 340 566 814 37 570 392 875 988 336 257 168 774 32 443 928 137 985 0 7 290 80 254 89 631 332 132 418 890 448 488 354 743 831 735 919 682 295 472 689 832 387 260 108 627 88 185 91 927 368 9 206 647 816 546 26 384 864 617 172 391 20 628 414 610 516 13 271 398 16 787 446 481 701 43 887 764 809 932 354 302 742 235 798 212 294 325 302 332 656 870 231 163 896 66 536 849 83 926 552 943 528 422 403 783 751 629 30 377 591 468 2 653 53 243 375 810 771 182 828 394 538 884 758 488 625 62 779 392 975 314 448 500 486 980 470 24 
124 155 4 720 617 487 985 1 535 327 34 998 791 640 706 773 965 765 837 983 298 879 425 939 598 754 405 78 390 830 965 44 112 942 793 653 813 160 305 724 666 354 533 577 326 453 862 807 183 24 646 415 556 859 581 617 299 177 601 809 951 718 421 797 451 96 434 527 741 432 228 795 470 874 532 124 866 196 969 538 788 38 869 982 801 600 772 792 228 905 354 226 656 15 947 590 82 140 275 23 876 963 265 224 276 601 963 984 422 485 448 447 196 833 60 678 348 762 806 538 498 811 672 618 767 914 82 867 600 897 468 954 77 668 891 247 730 329 992 843 374 450 598 607 887 839 287 412 520 948 185 907 315 601 607 757 173 474 854 917 132 939 315 807 753 643 886 78 306 213 688 166 687 595 140 288 86 51 632 1 921 338 38 821 165 901 170 745 813 477 652 400 993 124 747 72 622 541 816 178 195 203 959 264 834 612 142 70 619 481 696 79 171 829 351 82 665 42 166 270 816 844 930 776 622 214 950 948 537 807 866 519 669 296 431 340 448 444 525 464 362 573 60 308 532 865 243 791 762 539 576 204 437 50 913 868 543 457 77 411 494 285 760 66 992 496 383 203 793 402 254 547 797 14 433 631 346 414 93 593 137 552 674 904 845 257 22 282 914 670 312 902 713 954 916 246 25 811 370 515 392 549 69 7 117 58 8 525 600 468 301 117 911 921 172 547 859 329 253 133 551 805 915 578 877 726 439 280 474 676 10 772 218 516 583 353 354 854 21 705 518 152 15 888 675 928 444 554 725 285 505 478 380 699 648 772 775 965 533 942 360 758 228 435 6 294 769 555 662 116 855 862 703 896 560 932 659 308 760 555 486 944 31 237 135 84 865 993 703 628 781 565 402 413 54 250 535 521 828 673 152 763 929 306 522 512 435 239 623 514 684 981 901 217 918 702 82 297 990 995 441 672 819 762 193 526 39 392 446 570 900 308 216 249 635 637 155 574 998 494 299 533 198 677 116 356 548 252 608 75 167 942 832 354 95 399 170 366 676 480 216 682 8 144 724 937 936 407 941 697 674 942 711 472 583 512 848 724 584 144 834 89 52 188 43 220 603 496 582 321 96 554 183 259 845 361 948 88 528 560 
651 376 522 589 921 813 223 917 471 186 174 463 106 682 342 716 409 494 556 243 785 140 728 302 272 994 747 929 945 112 769 280 934 712 275 569 472 736 970 296 48 534 667 135 661 968 879 497 169 146 823 414 987 580 127 938 509 270 681 553 308 526 461 83 352 71 287 995 581 184 808 541 969 698 768 460 434 774 381 588 970 673 191 888 317 894 987 907 762 446 624 826 791 192 650 66 422 555 147 773 280 927 830 695 704 326 548 715 379 859 536 412 659 877 999 783 869 58 757 963 424 248 147 18 283 48 448 194 892 903 427 32 204 697 194 978 567 456 649 534 741 774 325 659 335 273 251 250 451 441 4 282 264 511 538 551 493 695 428 585 126 663 276 226 942 582 856 65 736 811 579 223 299 139 198 381 723 304 820 105 689 180 758 495 859 577 503 742 395 39 286 413 14 610 653 186 232 717 391 224 971 542 813 811 179 399 894 298 903 158 613 41 91 886 995 533 660 572 681 278 378 582 126 34 780 9 99 825 427 34 491 845 25 788 221 608 83 895 379 736 963 557 142 334 360 521 33 517 181 568 829 335 438 845 666 356 19 779 588 161 92 404 904 25 422 498 319 472 27 994 604 548 157 634 660 224 100 375 630 199 267 941 965 80 156 107 742 642 478 454 881 774 601 271 571 438 874 992 681 669 652 787 50 536 844 962 551 870 808 134 989 948 112 261 423 627 410 1000 622 576 375 765 791 792 913 694 390 649 249 6 862 960 613 62 918 875 22 640 877 400 964 828 342 827 42 771 644 931 67 53 660 888 194 7 41 395 374 776 401 899 394 841 756 540 41 616 729 924 649 961 416 938 889 528 104 357 904 895 335 957 890 680 402 40 387 206 885 547 449 760 516 240 756 346 861 87 166 596 246 444 499 290 995 678 457 901 923 158 727 373 193 699 43 504 757 63 972 504 77 949 907 93 281 455 371 94 758 932 25 139 471 617 901 463 583 592 955 71 445 419 967 452 641 706 550 443 126 240 759 272 67 905 405 786 620 196 508 594 97 477 41 488 531 875 586 803 78 719 438 726 979 259 571 325 664 644 76 800 783 116 708 392 571 0 58 395 500 391 497 966 57 62 491 884 383 270 221 122 963 465 
682 869 305 464 396 222 367 41 742 601 483 702 778 554 888 452 55 925 278 875 290 905 899 896 2 855 508 647 523 142 715 384 886 526 362 596 166 136 699 114 79 557 464 126 685 841 726 628 991 714 698 503 813 391 180 702 128 994 41 441 58 527 504 423 441 344 890 530 347 567 296 772 335 347 264 367 827 572 943 879 159 329 601 494 893 591 383 848 236 960 814 414 632 96 267 454 855 318 91 179 74 427 131 394 493 859 969 605 843 852 886 139 60 51 756 557 915 537 764 48 939 332 533 768 494 559 803 25 248 155 561 278 352 70 526 50 861 881 761 973 163 62 178 309 484 594 394 825 168 327 497 423 671 310 808 843 150 117 815 779 391 793 880 139 372 965 120 719 936 711 538 621 85 536 65 840 889 507 248 699 643 458 838 348 8 645 414 539 467 903 176 156 14 707 720 220 170 142 272 36 728 789 648 80 239 151 436 998 991 637 493 309 508 597 131 753 415 514 625 49 447 782 33 55 956 631 145 579 695 213 740 468 865 991 272 382 181 606 874 44 816 882 275 591 749 631 936 749 995 570 108 487 131 93 773 14 529 131 463 330 340 947 570 746 493 350 270 108 967 489 597 620 89 982 350 842 525 109 919 132 393 377 795 732 637 548 542 802 387 719 719 158 53 844 780 808 699 707 263 768 332 506 532 467 803 752 983 941 34 975 88 934 236 323 704 129 4 1 577 202 381 401 16 752 223 791 378 859 133 952 964 887 782 293 254 455 203 167 359 68 927 721 814 28 597 646 681 699 573 628 452 93 363 648 400 884 398 927 124 13 293 538 989 991 648 164 499 271 338 906 375 621 311 177 712 977 367 860 833 392 529 783 228 412 520 624 444 998 186 91 264 785 728 875 62 284 662 111 461 750 621 776 597 581 695 673 11 242 515 959 133 487 766 920 709 626 675 43 472 471 112 57 748 929 178 492 592 856 697 128 975 264 705 935 748 997 114 663 687 561 117 19 778 927 588 177 819 996 389 887 242 628 425 847 791 859 702 521 432 553 496 212 958 395 320 45 269 760 880 974 367 660 582 900 325 746 678 42 417 748 43 650 747 343 193 400 576 332 338 792 155 987 909 872 15 830 773 130 715 113 
858 479 806 690 964 171 807 596 869 767 803 290 425 728 285 725 606 905 96 314 681 630 514 632 929 520 984 61 762 985 596 582 645 221 629 894 41 961 966 876 63 435 209 871 58 943 276 890 85 532 534 434 815 14 462 441 783 317 903 631 136 602 444 621 325 630 13 821 319 546 603 18 786 159 887 970 762 897 491 385 27 88 483 302 688 931 190 461 810 48 824 373 363 23 105 761 52 155 890 185 325 367 284 808 4 948 28 595 24 833 487 306 970 51 470 31 425 131 554 170 593 588 774 851 141 529 879 442 10 873 493 409 445 202 501 317 715 292 916 457 792 138 49 862 401 926 777 588 823 557 15 899 383 426 976 573 975 522 382 645 758 221 970 387 143 733 874 623 520 820 670 662 508 211 517 461 482 442 15 72 211 78 912 47 491 131 724 95 449 506 840 11 205 207 249 901 888 957 463 393 773 69 294 998 188 750 298 826 906 314 335 253 707 133 816 984 892 106 822 227 548 206 584 816 843 602 731 860 710 464 557 604 748 379 394 387 786 392 491 838 855 846 595 314 741 773 719 494 356 200 324 529 892 308 666 749 84 697 171 971 139 833 70 628 198 278 335 601 846 723 850 244 56 155 834 384 392 767 867 934 56 649 919 682 820 587 360 60 266 268 884 386 324 387 523 550 974 109 606 194 434 344 102 170 960 584 469 108 689 788 929 890 460 113 252 961 971 502 338 473 57 917 561 488 845 929 353 485 762 927 729 889 324 629 75 129 581 160 831 788 219 126 446 196 241 217 881 158 606 21 289 840 31 226 868 490 283 173 385 646 305 276 271 66 420 677 634 949 737 113 645 726 443 864 644 347 292 341 340 832 992 114 805 624 824 70 172 863 417 381 106 596 364 191 48 735 947 306 825 952 229 658 816 396 709 939 521 602 463 45 562 781 345 425 663 490 783 627 664 306 540 70 358 346 781 683 511 905 470 669 784 888 946 807 913 723 571 292 683 545 708 548 763 47 145 579 657 833 69 912 80 20 573 840 909 244 620 902 536 766 676 471 682 367 223 508 727 913 887 605 519 491 413 577 323 911 23 533 564 854 342 75 632 343 980 115 12 733 370 921 385 9 292 252 326 928 431 282 646 928 
283 788 355 490 727 417 424 621 425 618 20 531 31 229 671 188 893 876 927 62 806 843 522 107 303 904 888 932 455 507 25 543 207 749 473 963 78 690 913 969 394 338 10 390 634 642 782 817 1000 565 689 757 254 553 142 548 357 748 643 711 37 420 264 201 716 586 114 848 257 700 86 574 689 120 725 575 138 868 618 101 726 754 111 126 829 890 765 122 289 415 392 251 805 316 981 873 875 309 952 871 671 805 486 808 829 487 325 715 543 186 674 944 986 306 983 145 5 573 879 958 514 149 407 539 651 205 924 616 523 273 48 145 40 803 897 262 376 137 394 348 860 778 768 303 429 994 601 193 257 463 238 911 313 856 83 729 691 942 76 405 805 64 806 129 571 849 300 614 974 797 993 855 755 458 529 940 953 180 140 606 721 18 657 160 248 737 453 814 388 523 31 319 295 223 39 366 369 544 908 492 135 465 357 860 548 212 634 923 50 794 596 356 988 668 19 946 915 950 837 730 963 781 868 696 215 509 94 489 987 553 862 120 503 431 714 742 489 803 517 173 218 752 147 621 684 112 794 345 835 311 993 840 332 942 602 812 539 687 220 179 438 81 40 146 258 560 724 445 760 581 252 525 42 712 754 465 321 44 44 284 909 875 349 235 564 51 430 862 797 120 436 837 513 387 448 69 683 880 600 653 290 374 68 91 257 528 861 377 931 211 464 420 130 570 465 707 730 242 630 333 936 684 626 114 962 79 920 745 836 962 625 103 943 135 371 981 622 705 540 773 478 921 834 793 508 923 612 388 506 150 367 977 985 885 998 912 522 240 165 148 979 445 787 260 906 893 183 479 609 269 265 798 8 395 420 474 620 441 977 492 70 12 44 849 753 558 589 523 734 291 556 982 902 985 858 425 553 684 911 805 855 273 907 673 55 414 831 880 534 621 893 914 542 961 875 656 510 96 797 996 274 824 409 939 701 664 886 15 357 421 884 903 930 108 323 894 476 553 228 448 494 590 369 810 204 914 222 551 191 312 745 131 189 501 614 721 203 918 151 842 650 906 67 625 302 221 544 862 460 391 216 84 785 585 869 94 749 45 879 460 561 817 540 169 304 646 247 767 382 460 72 120 593 160 492 686 425 209 440 459 
953 106 849 596 790 591 873 338 605 987 832 4 562 284 734 913 104 780 988 327 969 210 647 167 730 779 749 738 236 492 561 677 883 909 980 578 46 808 930 687 206 931 402 904 474 233 77 299 208 346 618 851 279 25 431 599 441 761 230 307 30 160 892 596 172 567 351 203 946 267 157 607 938 82 942 786 732 813 550 579 589 607 848 87 435 331 440 749 150 900 338 594 174 74 888 202 594 233 285 109 63 804 265 434 113 355 320 681 568 603 556 338 782 218 52 474 79 287 980 762 569 964 637 419 360 91 31 89 303 425 454 912 389 240 727 396 795 801 808 593 777 86 549 564 212 250 891 891 331 529 893 875 401 512 764 275 385 121 689 355 259 606 24 843 985 612 892 372 367 555 865 838 149 737 63 428 999 632 102 684 216 512 193 906 848 367 324 34 268 905 264 512 781 35 414 901 992 287 476 305 497 347 92 786 217 601 352 332 285 575 68 623 89 323 40 671 118 683 725 210 490 248 421 719 249 415 654 508 597 737 588 212 758 776 498 86 488 99 791 42 116 539 594 629 50 863 720 297 500 324 50 82 405 626 717 412 584 722 396 967 566 379 159 792 47 556 874 955 586 792 767 559 649 406 871 199 823 482 518 912 857 449 499 823 949 108 892 138 532 445 935 612 870 271 806 271 516 445 305 450 633 444 25 62 344 69 293 711 877 633 33 611 589 632 221 712 84 703 999 155 812 717 271 516 482 567 646 317 175 616 446 724 638 328 433 365 905 593 93 564 117 262 857 709 534 154 755 193 270 680 384 313 168 270 908 952 861 634 933 591 791 762 306 653 875 13 699 838 332 622 656 642 36 92 960 118 141 953 806 146 346 773 765 903 649 716 968 657 70 20 967 404 409 227 32 380 676 171 569 846 274 917 532 687 313 66 778 6 799 87 27 545 346 930 576 297 338 235 939 967 995 826 742 134 412 691 318 754 892 645 185 190 221 199 644 316 488 889 857 682 17 133 805 820 799 45 639 614 836 657 218 102 625 827 271 835 505 891 285 816 805 120 527 359 787 899 651 432 373 314 136 223 62 962 246 205 258 748 880 790 384 585 894 629 940 962 812 54 656 799 730 636 483 141 314 124 336 197 723 38 
969 569 678 676 934 252 482 784 431 993 123 106 988 75 479 396 982 570 432 313 877 678 37 124 546 476 396 669 330 758 672 925 489 349 21 888 389 413 791 734 929 651 684 339 407 288 24 435 436 456 642 462 112 914 78 890 237 414 620 305 5 585 61 862 749 778 121 984 918 532 765 689 528 370 627 139 172 70 628 768 382 911 565 635 415 300 281 795 140 980 742 367 448 839 706 952 99 176 646 715 302 325 556 911 461 35 515 827 833 33 576 117 923 359 208 804 781 413 379 887 37 141 877 608 677 361 839 60 538 919 86 323 157 728 603 678 500 379 809 361 981 34 594 334 689 886 141 490 560 626 28 559 610 275 16 167 180 56 315 53 736 985 712 884 547 606 974 0 355 156 238 946 994 67 699 341 326 253 876 774 425 376 708 733 45 769 96 803 359 673 916 575 294 770 174 10 67 368 935 89 963 471 1 881 102 38 510 172 23 55 134 580 452 671 165 693 529 903 974 743 234 537 49 789 820 496 522 697 809 332 315 218 117 462 252 966 720 703 835 414 99 352 525 289 337 206 620 324 671 330 831 264 267 926 720 872 598 470 814 359 346 403 643 764 323 15 593 920 199 905 27 4 308 445 397 919 20 916 207 695 478 272 544 703 139 824 569 623 843 537 231 27 567 568 906 389 381 274 276 355 10 124 543 926 430 643 712 941 457 646 422 82 362 563 589 402 163 12 367 954 174 683 715 863 997 619 327 240 387 809 657 996 929 102 859 319 546 387 954 160 81 292 277 814 247 114 28 569 661 642 837 381 522 836 580 434 185 873 582 282 586 52 549 685 789 395 640 215 638 981 271 104 796 74 446 78 358 807 141 895 186 91 136 24 124 388 429 582 477 22 731 713 132 905 836 151 309 583 55 342 149 587 637 867 946 492 521 921 188 855 571 949 628 922 787 199 936 289 555 295 338 289 390 995 389 708 275 379 608 786 23 377 839 537 666 913 121 727 166 368 655 964 5 143 388 43 116 277 151 614 128 739 913 936 673 882 500 470 969 327 378 377 720 71 296 0 360 710 431 353 98 268 185 806 440 858 874 447 752 429 0 836 358 484 457 188 306 600 177 921 538 116 686 350 295 959 450 107 291 184 
544 888 922 325 333 573 973 821 374 321 582 75 80 683 905 111 33 106 638 783 993 91 826 652 233 883 78 458 276 409 379 96 865 23 175 491 542 424 910 413 914 932 858 132 741 273 254 510 976 492 658 575 318 708 411 997 648 474 377 85 896 624 231 812 231 808 257 368 648 743 468 331 820 656 425 613 490 801 619 629 446 170 594 999 918 536 615 117 310 321 54 969 546 229 929 361 578 665 472 130 132 237 778 412 940 316 34 453 957 925 740 908 922 77 572 546 567 245 336 189 100 629 330 336 355 777 839 406 118 88 716 886 75 937 619 932 752 401 787 564 444 460 282 954 458 696 657 470 893 631 52 530 806 843 163 84 450 821 56 369 890 338 660 671 525 659 821 22 171 178 80 866 1000 318 795 810 123 921 682 974 62 288 891 47 576 891 892 283 379 822 302 629 478 615 292 223 602 267 264 523 401 756 212 736 690 815 827 21 533 382 220 928 49 519 942 945 648 749 452 105 978 975 967 719 295 891 109 784 552 356 895 391 688 476 332 184 144 948 554 860 984 253 449 99 804 893 158 528 412 717 941 316 60 264 517 788 903 334 278 676 22 788 647 114 627 9 445 35 373 619 109 914 685 428 662 499 450 182 940 156 422 27 9 256 47 0 703 305 532 20 975 199 610 995 889 89 979 499 120 279 554 520 35 500 391 20 887 548 492 14 178 294 276 744 319 819 886 508 331 995 606 669 742 490 656 221 744 290 644 407 716 899 873 25 841 126 571 802 391 449 949 340 187 361 119 531 491 904 213 602 469 799 849 664 317 195 666 804 601 480 632 547 4 658 623 237 81 989 8 765 794 917 676 693 143 594 663 204 387 870 805 354 776 131 136 442 326 232 494 919 239 281 393 482 730 835 840 94 722 593 292 35 825 323 848 153 129 842 254 464 544 594 668 586 597 352 282 611 941 644 92 162 644 747 534 158 432 942 973 192 458 824 717 252 952 226 100 664 853 258 460 747 778 998 951 826 938 594 41 324 431 172 644 319 769 265 318 817 944 853 881 654 580 783 756 468 448 16 155 426 105 674 655 83 569 517 564 438 428 752 298 755 811 681 413 955 803 931 45 310 503 424 393 479 324 443 276 658 752 245 
635 970 607 586 236 22 772 247 863 948 425 397 944 257 17 93 26 194 746 113 976 481 702 927 643 582 603 852 991 874 984 304 103 152 594 193 209 518 107 812 710 558 285 960 194 619 388 991 990 588 976 948 775 859 99 828 594 234 663 406 980 577 830 599 405 206 981 148 450 567 253 297 638 137 24 932 650 152 121 741 267 375 167 485 729 588 321 41 173 612 378 533 533 994 872 346 453 768 541 174 883 313 682 811 148 658 285 885 837 953 113 167 246 467 100 556 439 508 936 681 711 924 280 780 691 188 373 912 927 689 403 676 81 526 495 317 864 695 538 272 145 296 649 803 552 256 357 216 977 392 143 760 484 139 614 883 720 495 616 302 431 494 100 459 595 836 463 145 331 791 415 252 19 92 433 66 858 445 376 81 159 967 532 534 753 480 103 897 968 515 845 329 607 41 271 864 120 311 795 401 208 93 810 323 426 285 59 306 146 216 533 407 498 297 983 0 958 375 14 199 521 222 885 682 307 827 109 596 867 10 355 971 387 154 430 131 215 949 612 266 691 135 986 641 688 519 741 664 922 699 827 962 734 902 715 927 185 605 159 826 237 438 445 416 626 359 846 825 660 542 182 463 872 310 260 636 981 843 646 54 2 251 174 55 71 696 853 904 625 60 799 888 207 426 859 240 421 959 535 969 590 850 103 205 711 888 516 509 716 378 446 175 939 802 507 634 901 630 515 234 326 291 322 952 140 460 70 27 674 438 225 388 876 934 115 777 313 816 45 591 827 945 655 66 666 216 218 238 973 1 248 199 824 619 500 78 331 139 767 339 202 864 886 776 171 448 783 851 143 418 689 473 65 424 738 567 7 641 164 248 264 957 182 356 716 765 470 967 877 377 267 45 779 753 757 233 592 257 333 42 192 60 978 398 374 351 786 699 800 958 391 749 35 768 367 993 380 311 732 943 536 310 610 921 630 919 235 167 732 787 1000 38 736 498 414 611 429 713 68 203 482 208 643 796 179 226 107 746 26 779 655 685 689 677 750 321 435 842 651 433 855 36 745 618 5 404 238 960 140 824 368 340 132 854 947 920 650 310 315 749 560 475 908 949 768 582 534 332 581 928 101 672 636 488 303 214 94 946 675 151 
643 598 857 330 262 563 689 521 709 4 416 704 972 741 771 336 321 576 175 982 513 386 923 252 969 834 553 308 521 214 296 243 343 850 305 674 785 479 556 661 153 766 382 577 324 920 372 786 466 576 777 560 687 55 80 382 237 829 447 957 126 651 398 101 653 545 234 819 771 225 768 687 317 567 691 47 193 233 21 702 606 951 148 90 130 660 873 420 809 295 962 848 226 181 34 880 812 665 466 228 43 569 444 23 560 326 765 999 873 203 596 166 150 270 951 335 184 87 12 947 475 45 960 49 187 387 448 138 668 477 979 192 265 337 195 438 627 656 590 651 877 383 38 334 380 84 672 91 543 314 7 895 83 111 363 100 1 883 725 463 148 261 31 626 349 520 110 562 387 894 689 395 912 531 803 495 933 264 631 812 596 174 320 973 839 735 235 242 23 877 244 498 993 389 235 568 110 293 1000 479 319 374 607 571 190 255 84 763 614 760 729 582 804 200 45 111 315 857 512 453 765 82 847 54 640 624 751 434 284 986 178 500 158 415 489 838 311 265 812 796 325 879 197 727 388 951 320 444 157 736 614 811 921 460 36 700 438 668 546 38 195 801 92 410 336 909 231 572 967 903 171 188 483 627 186 126 838 449 750 377 14 472 84 517 966 808 854 706 153 405 53 43 886 552 754 484 581 437 918 472 521 940 611 36 992 20 714 349 206 941 826 748 680 523 480 164 841 551 810 121 580 291 942 180 661 498 448 819 340 595 48 23 375 670 511 849 929 100 303 791 377 785 969 363 555 691 680 544 356 561 242 686 283 701 892 856 514 221 827 489 257 185 829 376 356 970 238 890 378 472 783 148 74 33 874 639 720 493 447 454 24 946 732 755 882 432 243 961 996 970 429 696 975 280 256 53 209 426 662 709 806 248 323 248 455 930 663 932 379 198 776 536 185 165 226 243 877 301 390 697 584 476 81 620 790 889 201 121 291 512 330 952 719 390 19 817 327 351 195 71 604 119 279 524 533 880 179 570 724 712 238 998 228 633 25 214 509 799 424 75 91 951 164 442 998 175 477 828 762 750 959 694 899 407 434 667 184 843 661 662 914 517 103 340 456 903 512 351 782 808 593 402 574 769 229 366 110 997 380 631 
432 718 665 109 812 278 863 594 947 104 412 472 212 796 444 984 250 257 294 504 712 475 97 749 449 261 482 331 176 891 408 470 831 393 790 481 529 514 903 977 941 601 143 314 506 845 309 287 577 172 396 155 367 428 62 11 154 920 131 934 32 660 218 362 986 193 335 733 970 843 330 58 463 681 552 787 639 648 542 34 939 541 400 358 458 373 240 503 919 782 92 438 988 740 375 46 288 256 291 367 608 356 978 689 794 479 493 227 759 45 438 304 524 403 50 64 808 38 691 440 106 743 798 929 57 211 293 435 320 175 194 5 618 50 817 100 174 891 476 857 362 245 170 570 935 402 795 820 572 864 519 950 887 208 145 688 971 238 264 1 797 405 954 648 595 286 944 911 506 446 189 785 199 612 768 423 419 209 649 275 414 43 652 675 924 718 107 373 194 171 879 3 211 585 859 340 949 967 227 696 167 244 368 866 527 624 474 927 59 286 626 316 24 213 9 962 371 658 165 829 323 69 480 278 556 576 838 847 561 319 884 532 87 432 623 161 351 159 109 979 496 151 325 492 991 578 870 779 111 288 996 282 260 918 792 812 418 964 572 847 926 270 902 107 803 641 129 114 973 310 880 169 326 450 851 288 870 953 148 258 908 847 193 565 773 62 601 134 288 708 31 602 706 400 811 93 777 230 647 666 940 583 564 792 544 646 267 268 277 806 458 769 912 10 854 490 474 668 102 637 491 733 830 208 833 839 456 306 207 928 107 27 401 964 737 799 596 494 200 625 702 270 921 518 668 387 824 683 186 998 324 15 825 747 292 762 872 225 402 955 738 771 942 13 562 996 684 69 870 605 685 79 771 79 439 38 789 370 781 671 136 911 531 491 751 444 715 605 764 661 872 808 138 658 135 506 716 705 666 893 475 829 898 143 270 883 503 960 43 85 212 34 479 567 201 590 745 33 322 987 12 14 340 536 509 736 253 987 326 979 920 408 808 324 410 506 306 172 609 786 698 390 819 934 826 104 616 405 942 445 306 410 684 465 885 781 998 697 961 776 868 83 807 153 45 755 332 405 422 434 751 825 347 476 676 653 4 454 340 383 694 885 314 996 70 548 55 376 75 811 938 218 311 440 828 744 48 61 17 791 
32 488 212 965 620 39 26 216 850 259 63 865 42 676 744 182 327 300 33 399 127 548 564 349 571 507 173 528 190 879 996 897 321 755 164 682 821 927 681 607 468 599 989 421 31 402 643 163 956 427 584 848 978 636 223 812 361 855 204 728 996 157 522 483 381 371 169 255 243 799 894 720 64 850 201 171 46 46 412 289 12 396 925 181 76 312 568 758 172 13 565 955 61 906 43 863 173 680 307 874 617 164 378 295 775 51 740 142 523 976 708 367 443 42 967 361 474 689 290 15 691 589 28 555 169 508 567 365 677 423 900 777 311 383 529 67 515 853 749 719 999 768 475 697 952 724 362 295 27 167 389 649 973 795 15 503 573 871 356 671 532 280 677 986 75 67 601 890 372 14 391 564 53 128 68 808 480 23 961 955 512 158 987 520 44 707 544 814 304 462 196 745 827 446 175 738 996 41 886 960 140 198 422 257 218 660 371 520 251 860 345 746 639 766 300 722 898 899 444 895 327 94 863 509 825 364 637 131 112 982 7 562 634 340 220 698 65 493 122 869 949 642 94 202 148 259 238 995 457 224 239 543 775 116 447 950 90 769 634 621 952 676 355 833 253 307 455 224 222 232 476 26 507 210 955 393 399 521 943 815 264 666 957 508 581 87 209 176 390 993 182 22 592 835 334 927 234 385 901 815 860 766 341 381 514 738 470 768 103 750 485 666 673 54 317 76 362 734 724 316 340 666 458 577 611 89 279 502 54 511 871 235 709 530 132 378 737 206 59 154 878 444 921 631 357 179 797 899 886 717 758 371 428 390 683 476 32 179 935 57 920 616 991 269 314 503 876 934 865 227 364 735 165 526 776 863 979 446 234 143 877 161 471 31 481 909 960 703 49 218 935 690 160 340 116 318 240 476 367 720 454 676 218 313 530 818 286 547 155 894 990 353 618 726 587 998 573 782 394 169 351 109 951 628 687 216 923 611 114 912 27 60 229 26 899 722 96 365 665 43 704 225 865 770 556 430 871 662 610 711 513 326 465 501 916 617 814 193 278 490 519 667 707 617 320 329 720 59 814 949 351 513 726 203 962 353 592 469 861 573 293 972 361 311 157 17 424 243 357 804 774 51 166 153 319 19 229 128 675 952 
571 549 958 54 109 117 115 647 237 288 557 20 791 159 967 181 790 947 413 133 506 522 380 658 421 691 123 523 320 672 512 79 511 707 876 884 355 852 467 918 923 804 411 507 515 551 897 447 141 407 625 598 454 10 37 415 746 824 528 122 801 796 123 564 523 819 514 257 259 251 833 789 83 977 405 129 760 811 236 351 619 942 556 479 366 851 290 646 470 842 378 880 102 965 975 679 324 282 434 901 695 711 9 209 231 455 230 815 943 761 849 359 445 366 639 980 157 238 252 397 292 147 379 319 944 656 792 114 140 880 652 469 332 177 335 592 611 360 579 212 225 13 156 636 476 668 147 839 595 86 528 907 552 836 188 715 205 4 574 620 762 654 938 793 860 936 148 265 560 2 865 374 709 104 50 149 943 19 509 608 735 728 142 116 616 605 234 50 45 988 506 930 943 82 846 748 829 168 429 568 196 166 897 823 100 761 280 875 423 25 681 542 808 144 81 570 834 459 794 759 621 9 242 272 322 616 682 19 638 4 135 57 158 482 813 586 636 717 537 382 837 105 389 289 593 260 594 737 813 64 148 829 847 995 369 623 880 963 393 417 292 851 953 12 122 909 292 790 538 738 60 800 151 769 326 361 138 924 623 898 883 506 169 974 468 901 178 17 737 897 298 66 266 785 697 75 610 353 7 686 860 951 928 39 969 101 790 583 652 249 50 677 575 683 78 722 849 547 556 478 303 915 42 48 904 95 84 941 411 550 673 44 896 685 107 551 210 863 144 4 938 663 173 927 755 853 501 547 416 163 623 410 166 204 45 101 261 401 326 810 629 805 691 749 843 217 246 488 740 604 234 232 332 564 218 34 552 990 497 947 906 52 579 231 563 56 476 294 181 570 632 124 422 573 972 731 198 636 453 336 576 94 42 516 896 79 719 138 297 695 547 698 343 221 105 6 645 801 573 506 902 415 361 102 73 528 437 194 378 796 571 579 467 237 243 478 832 448 384 930 112 834 988 530 47 115 286 384 879 260 296 504 833 339 706 952 566 923 730 867 249 701 120 87 618 483 607 172 969 684 139 446 333 474 336 202 646 740 225 963 617 995 591 54 688 340 349 276 451 740 506 397 824 356 9 804 732 587 894 483 
178 782 130 159 448 229 724 153 302 214 622 574 595 640 72 51 979 226 507 727 61 276 126 658 494 53 446 795 645 578 407 597 974 650 791 368 789 855 620 846 560 614 108 341 625 676 485 349 314 442 176 14 422 705 462 911 566 268 735 285 796 408 689 324 629 439 711 325 288 406 278 240 21 16 97 314 84 742 997 125 993 369 86 746 415 896 64 461 171 521 303 770 278 490 423 952 47 340 427 48 561 987 143 324 460 315 171 469 578 55 650 945 356 204 670 129 111 369 824 861 922 658 455 538 386 190 694 855 358 177 303 62 660 859 793 551 648 139 258 45 270 445 885 851 746 869 918 555 438 464 657 688 152 520 177 431 593 303 165 752 159 436 679 223 983 489 11 915 910 16 941 846 783 744 413 580 477 81 684 402 94 214 265 904 962 111 803 945 184 3 39 786 69 700 134 257 860 766 416 216 271 194 155 53 354 737 526 896 373 436 5 878 827 835 197 229 587 151 145 335 921 516 546 210 40 3 833 410 675 930 458 904 513 173 532 732 96 523 350 745 435 523 739 880 514 81 968 535 306 289 150 941 289 159 142 453 340 837 19 412 91 635 498 327 363 825 436 489 531 180 931 822 112 323 513 477 881 44 991 830 682 686 795 387 165 315 87 170 621 965 535 603 835 15 321 812 799 796 391 324 572 245 488 694 898 395 236 149 610 700 471 344 46 884 326 413 607 828 603 544 224 30 196 503 820 313 960 915 152 923 754 895 4 111 602 282 544 780 77 679 78 926 464 444 865 258 794 979 946 792 89 949 872 752 72 462 199 18 1 707 389 634 726 467 10 694 397 829 290 435 634 534 935 507 926 179 728 789 51 419 333 506 896 118 563 173 489 702 982 311 579 859 707 452 133 634 309 171 952 684 770 293 552 8 42 44 951 428 270 389 800 320 660 397 5 946 378 137 648 201 838 671 915 292 744 719 870 591 903 119 429 50 957 708 344 320 186 385 752 958 159 580 832 615 496 309 711 148 216 477 27 720 259 558 753 509 756 424 896 739 868 931 674 983 159 575 16 637 758 202 880 386 819 610 148 875 56 243 628 48 457 286 931 517 85 524 266 563 936 702 427 444 561 620 456 390 772 365 145 287 
993 32 450 347 903 39 787 662 13 130 286 49 157 802 785 579 785 996 994 627 582 937 901 801 787 110 646 947 92 192 159 472 20 815 105 400 892 106 776 250 185 832 867 315 79 978 532 650 962 349 925 385 485 220 217 113 601 261 707 161 810 219 119 41 506 159 246 598 25 587 328 137 328 634 19 157 658 295 478 731 627 744 617 131 542 884 837 676 40 833 265 26 550 726 785 476 269 79 122 568 955 179 10 229 117 840 876 120 128 847 467 439 526 628 900 313 841 58 693 628 699 997 359 193 918 452 290 874 557 536 608 575 312 448 728 418 361 672 286 180 366 902 189 628 26 453 276 893 150 890 996 303 303 89 242 434 500 431 721 463 933 243 4 481 71 953 66 521 412 178 594 223 970 916 459 472 730 55 650 778 580 931 297 405 632 871 114 447 932 72 439 497 232 875 722 506 412 376 497 214 257 602 909 978 839 67 719 695 946 914 672 790 988 881 515 370 417 290 653 392 479 222 912 287 931 118 472 770 17 840 552 117 54 970 253 13 0 463 782 707 389 740 518 209 75 27 456 72 840 344 895 632 214 820 677 263 298 173 714 834 659 274 723 849 292 727 104 369 719 474 394 421 741 57 590 434 370 202 459 364 93 89 295 350 377 170 735 751 213 841 397 267 673 213 900 34 6 338 127 441 829 402 455 965 762 449 122 123 200 374 410 574 303 182 997 383 716 257 947 662 822 864 300 574 942 235 953 248 260 318 536 437 45 634 702 929 671 761 467 279 993 713 520 468 105 142 478 596 601 189 790 942 351 404 346 957 692 388 274 68 402 786 896 846 273 182 627 286 688 893 686 422 379 973 489 85 208 317 332 721 623 510 558 721 610 986 256 1000 501 404 916 491 863 768 53 921 288 766 847 232 539 689 909 719 211 749 395 616 953 86 407 21 196 12 589 400 411 430 703 279 248 590 804 124 985 342 878 259 106 43 268 203 78 631 187 96 461 679 655 683 114 280 332 183 947 492 164 844 286 381 268 164 644 836 868 826 193 236 960 240 489 372 295 877 637 857 614 755 666 388 610 61 756 152 313 791 983 920 416 588 564 723 700 637 408 735 550 53 949 74 141 173 300 146 95 703 105 834 979 879 
331 8 78 777 646 307 667 131 839 791 297 226 835 790 314 241 899 920 0 520 736 705 65 522 529 558 962 260 588 540 829 715 206 932 788 399 104 219 645 463 231 9 105 827 445 998 274 735 940 68 228 44 760 9 697 671 226 996 69 117 210 947 887 880 600 772 857 593 834 122 24 633 500 695 296 490 60 769 94 594 461 97 488 462 888 643 941 117 396 176 275 47 953 774 649 51 188 650 400 932 356 385 977 514 617 885 316 633 49 865 608 291 588 70 81 601 774 611 808 887 195 733 998 570 695 778 396 326 758 873 221 884 481 679 195 515 781 744 523 45 616 500 736 437 987 696 683 51 289 12 607 440 593 886 609 584 3 219 767 870 684 495 402 343 532 736 877 903 922 398 208 761 632 75 644 847 214 930 97 819 433 549 287 830 911 686 895 912 791 830 662 558 78 137 744 997 676 121 487 295 280 99 214 876 48 558 325 474 71 370 219 909 789 217 292 885 891 604 610 946 440 34 592 978 132 228 237 828 659 184 893 810 856 982 898 477 136 243 136 105 22 293 469 350 508 453 470 333 732 144 323 211 749 677 986 190 540 146 351 7 543 326 673 753 413 829 514 717 140 881 176 370 535 58 43 752 475 864 732 435 335 592 792 257 649 660 396 747 888 793 451 814 897 134 858 629 967 115 246 978 302 756 422 302 83 286 285 132 25 784 259 501 563 322 883 205 54 240 688 912 346 13 258 555 505 892 799 204 210 737 588 432 446 251 547 32 329 651 564 625 704 464 224 942 578 399 384 852 712 589 952 348 903 211 387 359 659 414 353 279 10 534 568 61 738 906 757 405 482 488 858 181 286 507 810 408 927 3 205 453 77 395 727 75 636 560 214 592 622 695 219 797 940 713 730 197 698 873 367 663 527 461 451 129 49 72 417 664 807 759 749 960 321 134 48 303 791 286 350 420 48 290 201 879 139 347 426 65 859 707 289 807 682 403 653 259 386 437 562 12 127 891 629 335 851 373 147 253 224 157 272 214 547 446 150 171 119 650 787 214 57 391 74 714 20 344 73 230 261 525 188 830 790 104 9 304 792 384 601 588 360 869 168 332 564 671 389 531 678 2 857 955 649 515 543 898 242 330 619 854 
499 328 226 541 936 261 31 424 41 200 296 844 496 101 345 283 898 455 918 547 981 820 493 79 722 748 231 29 604 238 245 48 703 45 31 787 488 376 961 211 863 324 612 155 921 940 498 591 510 275 314 407 251 462 427 26 558 748 551 575 405 654 889 40 454 854 953 143 771 351 35 893 941 353 89 894 328 392 197 64 838 980 877 863 430 511 183 31 56 500 853 725 524 285 3 394 907 998 479 541 180 807 105 141 270 485 44 832 501 290 657 251 870 541 947 232 991 524 192 623 454 843 214 974 486 572 932 88 262 485 344 725 487 422 589 773 978 341 59 93 783 27 137 499 683 972 932 737 149 189 830 572 597 132 17 285 142 33 370 355 896 519 369 655 837 243 139 644 450 266 960 902 920 844 593 894 70 133 992 250 930 952 300 602 950 832 593 455 161 626 438 892 763 322 878 142 863 442 417 294 908 270 442 164 492 18 21 32 115 374 379 80 259 682 232 292 366 152 282 317 985 297 663 603 996 42 416 525 321 587 342 971 328 302 110 411 731 345 276 270 118 514 1000 80 341 36 540 893 767 932 953 362 992 885 838 40 562 503 203 185 217 292 317 233 357 453 370 637 193 451 78 148 141 564 524 723 193 892 97 803 14 844 347 197 482 593 763 663 892 253 469 908 853 400 812 777 408 715 306 615 170 867 568 234 666 206 75 671 871 185 784 498 381 755 513 597 76 660 669 485 237 67 836 906 744 899 454 680 682 881 446 370 144 625 749 391 525 91 834 24 533 848 714 508 948 680 633 452 634 203 964 19 811 892 624 571 738 431 154 699 45 206 98 927 982 912 250 708 949 695 341 207 598 522 729 342 15 241 28 619 376 518 973 938 43 286 624 186 448 282 343 529 662 82 298 815 431 833 657 17 878 823 556 248 157 149 601 993 838 988 779 393 562 171 542 166 227 689 737 951 246 807 602 101 405 74 260 638 664 718 551 751 487 770 662 906 223 911 213 250 364 442 473 132 390 421 693 884 499 498 458 251 522 440 438 44 363 907 237 496 701 856 600 56 1000 144 635 592 679 507 661 939 833 156 617 518 882 134 351 991 931 350 921 206 232 727 453 936 610 497 648 667 958 152 768 393 110 18 668 203 
394 202 175 528 466 813 209 87 709 966 229 213 566 876 254 895 629 618 532 115 763 256 359 22 357 379 535 564 228 817 135 882 154 95 381 521 795 4 36 84 440 29 711 922 726 595 338 132 303 238 883 164 173 714 156 283 480 777 998 105 64 58 127 900 389 524 279 372 653 361 439 40 61 234 582 603 133 998 959 178 907 920 73 112 820 586 29 772 879 391 192 357 938 51 191 134 770 475 872 821 803 218 20 99 353 230 675 61 552 411 9 681 495 532 239 85 574 784 287 658 343 15 126 823 3 209 689 504 981 721 602 17 285 338 317 199 607 326 93 754 698 533 983 24 863 750 911 840 608 910 215 788 809 201 518 57 221 488 985 699 439 996 969 136 999 261 743 353 290 282 963 176 892 44 854 870 397 926 210 258 25 514 159 407 312 710 412 439 77 448 184 92 214 408 250 263 647 766 210 189 593 350 261 286 297 699 98 182 475 462 150 920 793 273 391 529 773 389 299 481 501 717 251 485 89 132 826 707 64 659 106 952 541 927 150 203 537 77 548 327 881 500 337 750 137 816 354 769 146 830 28 90 334 382 35 133 702 251 416 717 542 284 887 682 904 242 344 284 396 403 319 256 218 507 382 580 388 158 162 429 833 3 29 76 254 73 454 942 613 320 96 487 454 764 352 522 84 89 280 126 136 492 959 392 607 296 140 593 538 455 173 575 323 476 496 673 58 239 870 282 645 87 303 230 881 237 105 420 105 589 766 799 464 558 109 172 308 724 473 587 635 297 391 445 599 14 721 944 216 868 910 801 608 850 11 932 700 33 466 26 507 118 941 621 354 762 929 711 525 52 481 232 895 353 304 895 502 651 363 939 858 466 519 623 269 572 356 362 689 306 563 757 477 41 53 635 606 152 504 650 350 451 931 497 371 147 333 487 506 838 894 140 168 713 554 465 194 15 28 932 719 315 708 330 401 243 799 204 364 68 592 502 412 711 536 191 962 609 249 755 693 122 920 186 980 594 211 978 221 158 785 923 993 967 286 856 703 47 377 180 280 18 924 286 662 709 91 655 715 599 116 246 794 648 282 306 374 955 105 60 705 196 379 602 808 179 100 256 604 838 294 426 929 694 531 42 86 168 957 202 
795 404 359 961 153 316 380 434 393 466 90 225 804 228 581 971 549 907 714 707 615 53 213 219 691 445 393 632 828 625 298 754 644 587 720 33 855 47 810 937 212 884 151 168 988 735 519 208 756 893 9 5 263 615 122 404 19 574 735 454 997 15 937 363 601 269 972 373 139 970 781 671 257 284 555 615 678 486 892 791 450 507 242 84 647 102 514 31 958 93 208 420 853 49 949 893 969 874 553 190 126 415 915 15 453 348 616 115 568 865 399 129 535 346 138 333 399 744 344 262 429 868 780 495 822 536 907 88 636 499 358 598 697 408 726 139 693 96 896 271 629 41 869 589 411 92 256 935 199 869 64 798 77 74 566 940 281 888 200 424 837 498 414 289 370 62 689 914 537 781 848 331 602 891 10 766 299 358 19 658 255 973 5 874 781 731 785 819 471 175 137 449 67 292 176 348 275 227 673 347 547 207 141 999 808 28 274 102 356 777 793 153 623 351 549 263 105 963 538 909 550 990 795 987 609 685 573 116 959 186 111 75 946 199 717 444 849 653 20 78 487 107 359 39 953 288 533 225 398 274 525 153 91 848 22 369 474 378 392 119 0 198 103 496 799 858 803 866 863 276 497 650 743 922 503 159 779 960 166 238 268 236 900 626 639 111 281 311 825 633 48 812 607 181 984 38 351 16 228 336 367 946 769 366 672 7 785 864 411 831 977 262 484 474 586 844 609 603 777 757 400 498 99 327 135 383 672 283 758 610 88 905 745 783 225 793 884 300 341 109 512 157 309 513 384 514 924 271 19 283 876 54 546 783 342 913 235 869 417 833 75 158 181 607 322 50 393 309 179 350 913 5 607 577 829 340 588 581 477 513 144 192 100 551 590 711 718 68 677 859 680 503 644 270 91 824 370 25 401 786 475 172 677 519 323 38 29 846 693 275 851 31 325 780 778 855 723 971 19 334 77 531 436 580 41 813 99 588 361 608 805 989 222 884 567 849 730 15 183 726 15 438 586 878 135 783 486 989 421 207 386 704 482 607 439 625 902 444 889 282 168 964 403 113 956 274 244 476 105 374 762 109 713 509 631 625 609 162 625 267 933 149 189 384 94 10 128 438 527 496 480 68 521 777 618 667 34 335 295 824 
411 9 385 333 577 139 936 972 374 804 134 975 983 740 758 551 237 874 454 898 759 309 204 566 228 679 627 418 573 729 949 606 9 852 261 499 965 801 738 590 969 973 918 933 554 259 880 720 727 829 706 704 913 198 262 138 788 182 704 361 32 758 551 2 272 185 909 752 690 503 315 470 495 801 232 708 814 925 207 859 624 333 914 902 855 651 847 270 810 203 713 809 76 115 596 798 326 654 89 105 436 997 811 533 762 710 309 355 824 821 30 325 353 895 716 121 978 896 75 510 323 950 801 847 407 984 321 635 840 423 629 127 122 564 883 421 904 753 870 689 916 196 14 295 449 812 37 142 610 870 773 163 74 156 924 338 102 410 744 767 705 256 975 791 529 99 282 129 570 632 939 284 143 717 67 657 792 277 845 819 629 289 192 994 879 458 10 380 934 674 362 734 343 465 875 150 506 648 230 684 478 684 164 372 889 745 253 68 770 492 291 732 397 528 495 457 141 306 533 150 425 830 135 943 105 916 706 483 609 387 326 468 636 472 284 458 293 739 192 507 532 361 846 190 583 487 943 999 674 680 545 666 678 971 559 380 98 25 557 446 848 206 170 712 700 445 261 465 746 306 112 895 53 636 263 806 852 956 492 92 428 695 116 274 117 349 280 495 132 504 695 81 690 899 634 260 580 355 277 620 591 750 941 359 693 23 505 15 503 352 533 244 355 517 82 721 645 683 851 664 750 108 505 558 331 628 947 369 848 716 7 631 820 153 840 323 513 48 526 218 400 772 365 952 577 722 370 168 60 708 294 184 488 209 820 174 860 688 470 378 275 208 325 912 979 497 455 670 944 943 574 760 108 390 103 655 669 172 810 814 346 373 18 500 358 27 442 279 761 808 115 304 470 270 757 221 3 114 908 206 54 27 4 94 188 6 344 851 112 889 608 402 529 498 501 541 49 782 125 525 880 324 855 908 4 330 783 253 600 204 173 386 460 146 834 1 746 555 41 403 661 9 981 418 580 620 915 552 625 364 873 90 578 658 183 521 435 445 535 725 312 969 23 645 199 343 694 639 389 560 770 132 329 495 255 735 668 837 492 829 222 482 938 107 396 139 944 145 967 785 230 720 36 362 683 773 999 957 485 55 
511 241 30 797 620 903 835 120 173 769 993 707 819 545 894 549 468 102 936 474 909 139 582 907 357 702 897 561 954 733 549 171 30 62 363 536 666 397 242 552 794 467 554 485 590 225 372 141 649 173 793 460 748 603 493 215 8 327 385 84 503 874 878 939 174 237 991 522 82 57 481 791 502 137 97 522 665 823 592 934 746 719 636 13 618 93 262 211 6 310 312 963 606 212 823 783 431 218 277 689 404 110 651 402 809 246 771 864 114 524 766 698 948 204 20 960 939 342 823 476 635 553 374 931 936 332 756 215 5 436 122 62 1000 318 242 761 615 841 636 730 780 196 510 991 204 448 556 986 164 67 983 275 633 310 972 242 354 767 914 90 88 663 750 735 95 612 644 842 180 583 768 602 211 626 873 835 241 438 500 384 631 214 16 866 562 532 977 314 835 414 547 807 357 31 474 733 782 157 509 567 208 263 978 453 164 82 208 938 336 519 125 322 431 203 351 587 368 409 769 520 996 476 755 158 170 652 15 517 416 792 573 380 363 701 640 545 414 561 512 824 388 527 329 673 373 467 887 597 58 473 568 853 262 633 499 177 423 993 354 492 834 604 943 378 872 370 622 782 241 215 449 761 231 77 681 179 489 977 333 59 60 626 604 498 209 231 638 686 617 752 190 782 338 283 438 481 118 702 196 284 788 106 800 386 911 162 843 609 379 316 794 364 19 538 494 718 95 132 846 156 692 918 803 85 563 180 127 675 23 589 967 196 681 827 114 185 981 443 782 377 629 843 606 980 624 780 231 918 422 630 637 566 44 327 595 256 882 695 870 827 951 7 620 185 363 285 967 686 137 478 382 858 837 388 595 322 871 607 476 303 554 377 443 133 149 300 949 681 375 990 85 757 807 284 802 159 820 493 875 605 365 73 826 271 923 541 993 87 948 167 642 478 566 893 153 562 767 315 450 47 825 978 687 912 213 742 207 794 214 168 749 786 354 812 168 254 620 42 297 184 155 321 211 951 326 13 215 110 365 184 912 726 848 586 28 651 948 181 509 13 453 981 966 465 872 257 924 94 98 231 947 450 256 77 472 432 887 704 846 260 945 137 192 601 14 182 191 735 59 15 547 696 682 614 535 202 682 436 946 247 
730 645 279 425 391 280 4 865 176 87 365 539 24 802 51 694 33 677 188 250 556 253 53 82 336 288 191 609 814 108 737 536 893 591 138 637 544 764 79 576 345 390 414 305 177 281 764 40 388 548 428 833 139 286 10 558 928 66 403 431 442 339 921 611 911 973 18 630 463 740 155 364 241 374 72 509 291 336 436 486 97 264 523 877 542 722 598 48 964 926 981 753 393 676 423 416 115 275 48 221 756 386 110 778 499 535 540 712 335 96 585 923 442 874 837 163 607 985 286 649 372 91 257 364 648 288 882 16 766 389 799 133 306 206 422 440 999 312 526 389 467 210 936 578 510 215 212 367 761 267 364 979 56 119 835 64 834 958 358 534 472 801 940 208 873 615 943 407 25 820 512 123 290 523 672 279 243 161 68 420 880 774 610 993 837 385 661 392 572 547 485 603 935 7 146 830 338 59 455 992 543 683 980 778 362 211 880 138 547 418 741 850 120 191 225 901 627 716 743 224 886 608 904 522 882 66 29 243 740 290 90 200 630 664 370 37 568 820 146 901 997 832 235 121 784 683 878 629 485 388 161 161 58 42 374 574 215 907 861 163 906 349 324 305 502 911 118 778 183 833 484 789 533 294 325 837 49 805 763 821 322 449 71 951 856 78 795 211 760 948 145 562 468 299 660 542 121 572 865 702 875 7 418 819 89 343 44 890 562 215 206 985 17 617 424 142 111 505 94 534 482 1 17 18 41 617 497 14 738 95 196 413 58 728 209 939 457 891 845 363 488 814 607 460 199 460 773 447 893 10 431 159 486 366 107 12 297 351 834 388 744 270 158 648 980 470 990 4 886 234 580 95 886 644 13 436 848 526 457 267 570 666 25 840 733 242 796 373 501 783 975 616 731 447 359 564 906 537 202 760 794 642 683 304 204 384 595 745 680 651 734 649 957 941 345 963 105 643 1000 923 437 498 96 173 866 353 14 563 508 913 78 700 149 728 592 200 481 756 882 152 395 684 667 885 756 340 613 471 554 166 84 764 789 505 422 464 269 699 804 106 980 348 418 308 10 96 924 191 791 650 658 389 221 637 99 686 987 348 481 927 522 907 568 8 88 275 725 931 562 427 771 772 805 243 96 648 858 300 106 850 
437 654 772 879 176 650 944 399 939 429 363 218 648 175 504 183 899 272 909 209 183 667 254 548 741 788 119 325 255 960 575 874 943 326 164 102 660 289 381 232 412 750 397 59 937 793 370 419 303 327 73 987 923 164 168 523 410 909 395 962 851 943 174 500 5 858 846 606 672 695 821 356 820 907 94 750 369 257 655 890 430 204 177 881 714 547 358 26 761 382 783 468 796 281 273 437 883 706 789 100 845 600 994 359 755 300 458 785 818 387 290 880 993 683 736 414 568 137 669 935 126 369 481 291 7 69 995 533 862 271 882 43 333 844 580 930 609 184 780 603 648 220 107 704 347 979 971 593 244 287 284 101 381 351 89 24 362 242 380 843 105 90 11 851 637 267 118 187 18 326 451 449 342 982 620 519 413 506 6 264 77 339 924 859 59 993 310 130 819 131 973 522 767 972 914 340 757 226 910 169 56 354 505 748 561 278 648 434 455 155 818 948 26 32 328 994 934 258 391 91 277 240 393 719 208 496 881 508 839 376 636 408 273 107 21 713 572 99 57 246 655 736 440 605 639 804 865 681 787 679 607 44 541 879 446 367 405 818 811 258 246 614 614 445 500 521 27 239 176 940 492 948 899 884 596 791 770 875 375 880 907 66 984 135 209 339 971 127 102 60 105 271 351 835 304 886 883 477 311 743 934 523 25 623 240 170 566 666 333 987 775 700 950 84 516 430 14 628 585 78 628 792 526 266 122 145 606 973 433 870 437 70 651 934 282 591 989 487 695 605 221 629 769 260 806 422 706 319 746 884 78 603 865 979 826 831 111 462 130 276 850 763 595 97 661 274 669 703 254 920 112 832 32 882 328 21 731 156 763 88 884 442 245 234 352 939 333 500 520 861 496 667 671 410 42 319 776 888 144 425 668 393 171 336 61 627 387 375 171 245 711 398 727 174 682 557 315 122 999 200 2 400 41 923 885 163 145 721 574 437 494 830 662 503 622 512 397 334 365 550 883 613 194 636 236 925 220 353 191 645 302 5 184 758 66 232 466 238 151 837 575 267 676 250 738 3 656 89 688 263 551 265 615 269 511 793 391 599 63 737 838 904 418 733 433 76 872 717 164 177 562 110 656 363 479 127 816 743 168 743 
998 571 293 991 596 995 24 91 984 734 643 853 340 215 891 904 5 984 231 678 573 430 551 879 528 554 12 998 971 991 417 687 366 274 212 881 680 240 663 792 998 852 840 668 635 613 484 247 926 652 946 458 251 427 366 392 185 636 747 829 935 291 398 954 667 996 63 274 13 29 163 3 79 307 690 104 991 130 613 352 297 837 21 443 224 236 180 23 965 840 824 606 949 656 408 96 82 29 63 169 801 668 576 371 63 830 590 223 433 455 87 873 27 747 863 209 536 646 567 243 724 374 107 93 506 95 821 459 634 661 38 794 813 396 20 471 190 422 516 324 40 931 859 670 385 283 101 791 417 482 943 162 62 577 520 806 493 115 77 197 469 903 197 141 895 740 914 660 791 154 1 171 807 51 233 406 517 207 4 474 944 490 651 349 20 321 479 793 839 397 1 18 148 893 261 460 579 933 740 815 162 548 111 6 530 415 523 744 659 533 636 677 257 170 984 276 235 514 292 791 516 666 149 703 814 363 22 133 789 209 218 251 986 203 243 26 81 222 474 351 548 9 268 181 420 951 217 285 706 891 342 23 261 650 362 743 560 392 31 296 991 10 222 52 828 786 180 569 263 459 535 528 502 95 604 870 653 783 311 140 331 706 147 244 211 760 741 253 814 202 317 78 594 294 364 324 597 449 319 154 102 655 404 374 207 644 183 239 375 15 317 327 463 661 304 180 863 894 505 678 876 966 732 373 410 507 0 257 724 918 50 694 273 718 851 650 577 75 231 719 160 239 596 935 540 567 63 886 315 973 46 718 847 358 312 670 192 106 833 225 517 574 828 485 729 120 902 650 156 203 949 972 867 682 744 865 693 248 5 658 834 23 759 921 474 996 977 214 84 346 989 149 377 789 222 44 938 542 487 651 460 445 590 455 384 24 290 775 268 790 881 518 871 373 745 789 548 254 676 715 241 956 882 192 604 152 840 795 13 346 763 213 682 236 739 448 721 971 45 622 429 310 168 748 28 726 789 338 909 38 814 915 472 26 80 139 307 664 796 336 375 343 497 538 557 111 419 75 972 96 581 192 29 901 805 686 232 384 985 858 558 829 738 192 943 597 522 200 543 462 76 548 654 248 793 807 607 68 990 874 
155 292 303 377 779 958 413 50 392 698 205 948 495 358 831 348 237 834 712 487 932 204 839 739 391 487 333 963 223 433 59 887 618 634 352 72 107 588 447 669 843 336 335 453 274 213 27 716 481 572 819 582 118 107 664 24 10 640 318 719 261 558 304 326 359 477 947 161 419 36 725 890 279 880 912 249 291 394 279 580 416 782 987 805 26 446 827 133 187 687 36 136 319 330 862 593 20 239 850 74 616 757 139 15 219 530 553 539 267 211 748 674 225 851 729 917 741 438 296 625 958 563 20 49 870 526 807 258 486 546 242 779 317 969 204 533 93 847 62 298 566 134 350 236 374 146 308 843 866 532 472 928 13 553 284 1000 738 682 615 696 411 449 975 395 587 623 327 357 292 200 78 216 17 101 286 671 967 464 92 382 303 988 330 401 976 916 645 659 440 525 42 529 875 396 716 898 929 844 240 541 904 173 72 511 873 362 336 709 256 656 856 998 408 100 798 386 583 506 361 160 489 327 302 168 627 570 986 804 46 509 206 289 235 941 688 20 587 974 759 447 621 273 579 463 287 70 47 391 565 21 627 572 165 16 161 303 56 26 834 271 745 533 770 348 187 854 990 248 444 630 623 657 35 83 778 293 773 247 28 409 362 655 690 148 930 97 874 553 251 829 267 380 649 64 613 435 622 687 925 198 850 754 283 263 884 271 832 628 279 639 70 280 692 649 524 810 761 406 185 279 218 482 559 6 608 472 902 361 664 432 776 553 911 593 806 502 362 121 171 671 679 964 887 529 606 47 498 185 231 181 283 321 60 937 945 481 899 287 913 42 13 864 439 768 740 974 679 400 153 476 521 617 429 143 683 766 637 791 551 659 99 292 313 814 154 8 880 608 995 726 176 665 328 465 541 171 830 155 58 158 99 596 21 718 222 316 90 238 822 736 131 779 976 848 350 390 129 46 133 171 815 225 111 963 179 715 903 23 315 21 92 321 634 494 508 260 982 652 305 879 183 85 385 216 682 268 144 9 163 758 13 551 552 426 522 587 762 182 279 530 701 779 874 486 985 350 871 375 351 320 897 501 346 416 678 549 325 68 50 982 807 760 306 183 663 372 561 720 564 691 76 403 504 461 860 544 446 71 555 789 
332 727 423 674 450 924 834 934 190 741 276 500 333 954 990 559 731 157 417 226 534 436 200 437 849 77 772 324 179 961 292 287 103 438 657 361 873 736 890 611 506 464 621 450 261 300 183 851 828 572 191 598 321 908 859 307 510 982 873 534 316 701 897 129 53 910 667 194 173 610 472 872 105 919 980 769 417 328 965 761 952 241 255 572 692 799 298 196 170 405 254 716 138 610 959 360 338 941 916 774 280 489 815 912 292 988 672 330 314 6 183 475 628 167 940 706 207 953 698 708 477 647 736 492 425 358 464 279 395 573 409 789 365 971 141 947 290 764 867 75 540 799 740 649 380 378 96 466 639 665 518 964 899 360 525 946 984 291 181 126 139 899 727 933 96 488 911 542 178 903 666 946 106 881 651 863 508 90 147 789 242 817 453 402 781 813 693 811 271 446 296 472 901 537 435 15 631 395 546 658 472 216 565 768 764 249 399 541 705 365 314 326 949 366 832 100 777 997 620 909 927 32 444 12 479 445 400 331 364 787 736 237 98 877 570 749 545 947 823 641 825 369 835 468 884 719 709 261 29 230 974 778 729 333 857 920 6 94 239 847 276 187 181 377 501 810 637 390 894 234 84 927 481 177 960 726 995 587 760 680 596 781 5 251 248 155 389 675 426 895 417 59 655 714 544 796 194 274 378 602 881 114 922 788 987 412 332 305 927 285 31 51 962 846 64 292 365 600 773 315 349 213 145 480 834 430 362 564 190 63 608 750 76 914 148 484 37 917 374 11 869 588 426 78 887 372 875 252 721 432 44 427 808 744 792 887 68 403 707 233 571 841 994 663 831 263 420 689 351 532 179 336 758 613 503 142 753 485 909 586 610 663 342 43 816 845 694 239 231 819 751 778 597 674 646 363 895 424 835 788 191 585 974 452 833 212 980 809 366 295 462 758 412 100 63 942 646 2 178 452 295 302 837 624 207 246 853 864 87 212 449 226 420 701 827 846 19 483 878 275 971 581 471 553 26 49 483 904 346 80 358 862 1000 797 93 371 514 182 775 139 475 909 819 158 845 970 136 524 497 849 788 277 67 478 921 441 668 897 143 331 83 355 105 407 26 441 183 696 534 348 712 491 762 848 27 267 316 69 394 791 
299 999 987 317 223 960 449 812 575 957 427 565 529 917 617 183 744 638 799 938 552 122 618 600 503 628 53 476 772 524 29 490 726 439 605 28 825 946 69 509 585 854 705 783 985 749 486 820 636 855 760 408 779 989 949 103 365 331 846 941 517 43 983 618 903 924 686 652 506 530 692 825 279 330 954 296 782 27 143 957 599 779 716 243 161 558 279 401 271 861 80 866 149 948 133 540 235 2 460 622 455 350 671 984 187 853 749 224 447 253 522 564 791 854 688 324 694 586 299 382 63 277 313 317 963 340 929 355 170 652 156 55 392 223 355 739 614 237 958 475 375 351 602 494 841 572 467 122 342 270 263 371 59 786 140 518 955 482 75 226 507 437 15 308 262 510 93 212 648 15 197 274 691 610 506 459 447 162 867 896 88 478 90 886 715 456 699 84 532 577 22 926 848 638 798 507 245 464 650 873 612 743 534 633 970 963 56 948 229 179 862 122 617 107 558 267 15 77 684 29 658 458 145 640 548 391 537 966 418 74 578 27 352 361 131 452 500 11 13 542 404 637 303 894 631 644 68 453 858 561 654 678 522 272 474 610 134 357 921 414 745 370 202 738 791 942 597 342 825 704 91 598 176 255 945 867 704 573 349 542 887 640 382 663 612 478 204 73 380 312 710 901 520 957 63 553 988 512 208 816 155 460 88 560 320 436 259 721 75 857 97 439 920 964 369 949 696 258 38 782 907 953 684 454 677 52 971 380 852 155 779 112 363 432 781 935 340 109 729 851 241 910 875 520 792 43 802 968 1000 232 573 978 325 428 538 600 664 35 683 523 28 810 120 285 894 985 916 555 242 687 911 774 818 529 929 474 398 766 89 672 524 759 179 441 652 444 629 837 963 376 605 639 807 572 251 830 647 808 793 405 727 726 513 814 85 297 729 43 31 493 211 766 270 412 649 666 860 482 465 334 64 952 266 945 716 311 335 246 125 347 667 520 927 117 582 362 814 604 775 550 820 278 858 327 22 186 363 393 365 931 60 222 311 913 861 629 286 470 671 210 177 244 636 914 879 76 473 475 951 820 246 163 180 189 197 762 324 810 434 546 491 127 453 888 534 964 126 42 192 591 425 829 787 168 537 907 745 998 332 128 
749 110 693 59 398 204 817 190 860 406 279 83 322 181 616 937 769 58 712 68 169 60 700 314 439 797 331 776 782 817 121 873 149 284 282 744 316 596 264 782 767 406 751 614 3 832 603 344 626 35 298 74 518 530 844 786 191 318 238 887 612 159 567 123 437 69 491 113 491 511 892 950 145 719 772 758 35 156 769 158 196 470 364 376 14 587 32 895 125 614 747 164 566 878 413 532 601 827 167 839 393 110 352 829 689 194 510 165 686 999 165 464 804 685 971 215 379 162 741 250 295 138 271 918 536 304 711 458 18 651 822 274 376 949 147 110 265 971 591 9 577 150 890 658 485 1 191 260 624 307 626 277 117 166 886 642 395 10 837 263 937 607 151 953 696 878 548 762 788 859 621 277 961 686 980 427 721 864 424 922 913 287 175 466 918 599 675 326 632 705 799 378 959 639 778 772 214 119 754 553 20 529 374 326 648 576 154 132 23 880 839 672 233 399 984 326 767 322 291 672 690 1 754 30 143 467 701 724 412 384 44 619 229 208 231 137 694 846 40 117 980 88 571 156 746 274 278 190 414 248 773 282 252 114 709 720 905 944 452 432 812 60 895 473 35 226 874 448 477 300 537 810 52 110 982 110 122 828 750 528 649 952 662 442 914 982 147 731 343 391 753 923 964 910 423 813 270 516 987 657 863 805 764 499 876 898 85 450 857 869 345 373 741 376 875 457 724 953 52 463 496 649 423 345 527 102 846 888 961 760 797 753 617 428 983 660 750 970 511 478 201 931 188 886 369 946 157 732 330 656 194 909 659 944 19 64 521 279 453 741 269 369 301 516 868 0 640 911 81 177 904 369 651 6 641 101 167 40 447 344 680 495 883 936 57 651 23 870 693 898 791 662 284 382 385 69 267 345 107 54 934 187 509 571 656 72 507 416 589 356 772 466 231 206 463 527 101 780 525 374 103 753 734 33 970 289 25 679 917 281 139 57 201 586 738 61 242 125 640 775 100 749 7 613 164 715 357 581 499 939 814 436 816 776 162 753 583 608 938 523 508 291 302 363 890 508 574 779 641 24 5 849 840 711 432 374 583 333 220 985 386 600 621 733 47 644 64 323 347 423 562 868 787 851 160 769 661 681 794 832 
443 783 711 377 847 788 124 981 684 133 546 721 592 51 915 114 996 651 531 95 768 53 765 709 931 504 654 810 789 236 407 186 82 185 755 354 943 941 903 266 362 940 381 179 986 656 763 470 308 47 345 487 472 911 370 18 996 894 775 624 485 629 249 312 84 957 357 690 302 523 438 555 567 971 15 116 328 110 32 498 259 365 298 755 677 773 887 800 292 189 836 851 905 971 392 0 571 431 159 394 40 133 104 223 406 515 83 164 497 25 179 849 505 24 340 772 226 49 654 990 538 61 303 782 895 944 457 539 578 46 496 984 469 633 53 414 542 496 54 511 121 295 737 527 327 968 303 412 31 871 176 188 523 267 40 249 221 546 778 90 139 949 111 268 884 859 585 601 910 367 43 674 508 838 179 108 942 653 474 721 343 302 716 833 222 711 134 188 514 36 771 114 449 977 915 83 76 864 556 798 123 329 969 9 168 502 684 621 184 741 723 500 641 121 822 962 286 841 89 939 145 695 15 501 788 503 458 559 149 640 581 949 564 906 67 901 644 892 46 342 649 146 666 987 457 317 205 578 943 625 523 292 462 903 240 625 851 784 154 752 654 449 26 119 162 309 60 619 708 925 919 795 411 10 947 476 386 719 550 16 255 825 263 464 179 783 354 356 915 974 977 495 113 226 661 937 758 325 713 899 673 982 729 194 537 311 320 236 876 758 394 138 176 493 929 897 773 561 747 446 293 755 533 807 774 641 768 967 670 72 688 70 80 555 667 926 45 482 309 701 359 60 77 333 39 85 432 254 96 358 42 439 364 376 241 202 747 466 405 629 864 292 335 221 788 7 790 889 972 903 531 708 791 462 437 240 906 500 538 554 471 405 875 227 303 92 123 709 685 704 606 464 736 644 68 598 950 422 831 911 947 517 235 448 623 807 565 819 37 594 332 579 595 610 132 462 694 273 628 527 358 553 936 959 920 725 77 578 761 265 481 18 78 442 451 798 571 180 516 367 515 818 694 458 899 670 363 560 570 733 339 287 484 209 170 604 35 499 65 96 933 771 52 930 153 244 549 999 681 415 805 176 315 414 146 730 471 536 756 427 301 503 550 764 350 322 595 551 989 250 718 169 82 335 250 859 510 301 886 121 
519 350 854 823 479 84 756 446 989 204 738 133 289 957 407 85 736 436 798 743 868 405 488 656 867 750 971 710 486 221 329 638 685 643 105 199 158 587 577 313 723 239 810 843 126 157 842 626 405 870 684 75 14 137 837 70 267 614 280 140 833 986 452 445 771 416 389 156 321 595 0 386 671 844 758 514 771 346 0 761 682 195 7 748 827 373 693 461 652 763 902 888 661 10 900 845 552 612 508 694 614 710 552 781 663 535 900 599 210 893 779 567 785 387 530 456 688 621 985 398 240 911 279 946 518 216 502 769 445 355 294 77 125 354 976 11 294 155 236 737 151 116 360 581 981 517 118 364 435 455 492 532 89 944 142 177 471 368 734 738 430 485 789 706 630 4 329 203 774 884 702 373 934 138 426 690 154 958 551 238 740 672 975 784 278 551 640 223 327 24 996 837 158 604 329 611 565 49 979 817 142 600 785 409 217 530 904 429 692 905 733 874 414 370 510 950 470 272 73 6 650 522 576 180 868 434 272 37 925 787 83 774 466 951 132 891 777 403 143 977 989 738 220 333 190 89 19 289 429 421 569 389 92 792 390 682 19 30 189 540 703 120 320 561 167 609 576 171 457 397 362 268 152 273 703 849 613 409 451 99 267 255 538 396 60 599 932 826 666 747 306 606 454 993 24 760 25 558 68 90 620 676 422 816 68 318 591 642 704 250 78 760 356 427 997 102 335 134 620 736 512 693 355 511 719 250 264 982 208 422 781 930 914 443 557 883 130 492 754 285 124 172 149 172 245 9 805 50 992 896 862 289 835 54 728 22 670 110 853 285 545 543 294 152 355 299 298 425 338 739 548 119 599 68 383 430 840 177 306 725 342 17 146 199 819 841 404 378 546 87 379 666 679 257 822 462 500 919 570 320 992 847 447 724 972 550 29 5 796 806 946 511 90 427 171 354 723 38 353 371 744 504 815 823 8 584 423 856 388 370 804 512 661 908 643 391 982 459 753 844 117 194 515 403 231 410 648 79 738 909 464 739 523 428 517 98 924 256 827 242 965 125 398 987 371 299 74 500 611 128 358 62 962 611 534 152 303 980 102 94 73 499 859 679 57 682 314 227 323 412 364 324 492 7 243 437 831 834 970 840 
886 304 213 443 636 650 878 95 113 169 723 519 506 988 299 767 986 693 735 336 33 912 321 724 206 792 673 763 471 737 500 842 170 609 483 877 763 617 777 942 832 17 978 200 541 54 102 379 960 11 822 968 236 218 501 831 958 274 746 286 410 898 944 672 57 88 769 565 921 257 655 741 574 207 189 805 974 249 28 94 617 533 689 557 431 101 645 984 258 195 827 521 555 75 577 294 516 868 289 227 732 906 763 831 490 630 501 135 313 730 315 579 943 980 676 455 379 31 371 486 837 272 382 990 177 38 605 230 563 241 174 651 394 428 334 395 827 860 803 880 955 861 25 146 85 557 543 932 346 918 480 899 308 895 393 826 897 109 105 159 111 189 687 72 762 955 250 332 769 218 140 653 236 188 810 671 921 828 329 370 153 739 678 342 898 537 479 138 38 370 256 31 772 609 478 711 318 479 970 764 177 313 918 336 486 336 783 943 351 523 742 601 65 387 334 368 139 745 233 777 836 568 920 534 888 141 416 40 410 632 445 929 981 351 201 540 960 668 98 345 11 247 635 734 927 110 40 508 486 209 145 397 444 278 304 692 683 403 40 647 64 769 573 320 853 510 217 953 193 538 333 990 419 964 658 814 716 850 703 941 132 840 908 126 115 393 283 843 463 68 628 970 191 371 588 616 242 831 646 360 872 579 14 483 637 616 42 906 103 235 54 682 779 120 763 313 667 237 80 4 28 5 266 893 811 602 717 674 185 856 564 743 960 701 750 378 214 911 863 781 128 611 471 909 283 640 49 509 663 178 175 892 570 525 90 264 929 249 816 296 742 904 442 334 470 424 793 974 338 275 102 246 858 137 702 935 794 649 262 379 438 679 465 943 993 508 432 542 870 483 387 140 967 909 719 829 65 920 711 531 870 101 734 660 680 440 147 299 568 59 152 878 551 760 141 635 794 823 329 734 16 18 588 857 930 777 969 795 328 792 614 856 893 225 865 782 647 679 580 325 488 985 465 617 553 282 865 330 882 683 376 963 528 54 59 803 379 602 421 967 680 274 398 953 125 15 19 333 203 476 224 708 625 418 235 892 656 393 734 81 6 493 145 287 51 183 449 887 49 44 761 383 286 594 60 637 121 504 552 122 
661 703 7 254 426 315 697 988 201 862 206 517 89 89 619 369 307 617 109 153 829 812 572 335 948 555 660 577 386 98 691 892 14 815 198 224 27 144 371 84 69 274 922 108 357 807 750 953 485 924 85 723 292 524 82 37 913 384 918 708 743 676 403 346 434 696 785 72 332 944 615 713 195 708 671 846 496 507 589 628 767 200 247 214 295 233 81 847 556 225 251 556 634 411 646 605 184 275 76 38 22 373 164 949 321 429 159 449 18 716 161 499 97 697 874 392 716 514 879 771 13 283 169 574 135 640 243 996 683 211 763 847 284 80 627 615 555 16 353 544 741 38 120 632 715 479 900 850 136 295 927 15 743 887 374 561 300 353 42 756 903 98 344 968 209 851 624 786 498 605 331 176 689 658 107 269 632 290 963 115 186 353 92 695 888 613 216 972 749 711 448 908 118 960 361 316 112 946 79 10 759 971 942 19 980 435 956 530 42 49 612 247 794 452 40 617 136 697 169 4 971 324 511 829 8 642 110 513 473 337 425 452 261 213 363 756 854 921 586 280 688 526 318 685 394 191 873 116 253 73 14 663 851 43 120 499 252 137 152 8 462 730 786 421 435 992 843 930 757 130 247 423 1 662 499 301 245 415 944 626 717 142 497 365 460 422 583 163 27 409 283 970 366 322 53 166 515 618 48 594 123 245 726 772 153 706 932 771 423 174 20 840 281 193 796 558 101 7 894 681 104 112 579 632 488 904 890 330 868 63 123 625 239 500 744 543 394 254 678 344 898 63 182 441 572 271 534 236 479 650 850 74 332 191 707 661 721 713 97 605 392 676 925 355 798 376 783 449 166 962 719 285 461 82 23 574 470 654 254 623 684 575 672 612 17 685 869 55 822 149 659 447 395 536 531 274 361 496 187 701 703 614 543 852 460 88 612 788 491 634 920 225 189 978 222 743 669 334 742 271 374 164 212 336 665 865 848 528 244 160 117 612 21 126 428 409 75 762 310 571 255 556 476 491 478 119 339 538 572 386 898 390 636 895 616 68 474 562 552 698 539 161 212 168 189 176 426 232 497 22 497 405 935 929 478 656 791 564 319 393 845 428 885 124 738 175 358 256 297 123 297 654 759 955 632 651 489 672 296 151 
989 690 85 151 26 185 482 222 458 667 69 140 454 878 773 113 638 501 204 60 518 587 378 297 903 694 956 924 386 973 784 263 695 896 668 291 295 245 864 245 148 743 97 177 439 878 945 466 316 781 591 703 690 644 379 167 487 585 600 887 635 592 515 166 1 967 976 223 861 674 104 633 113 177 655 501 501 88 839 703 390 407 580 63 119 537 353 475 159 981 901 369 403 533 455 62 101 68 333 134 228 94 552 307 832 12 44 749 983 659 154 542 842 680 420 525 649 301 75 359 889 475 857 766 563 892 24 368 654 671 260 377 348 5 739 746 305 668 130 73 255 96 225 26 261 177 837 354 677 561 14 450 141 757 199 445 142 452 426 243 15 636 640 22 991 292 111 146 599 274 670 806 482 277 644 289 951 354 412 509 829 72 239 218 187 314 760 396 616 998 560 520 150 690 270 290 577 524 391 657 630 825 933 98 687 228 577 951 739 379 427 460 811 636 425 283 261 944 335 352 125 349 486 962 308 772 685 822 865 412 746 195 516 65 170 644 983 216 811 476 783 779 64 406 627 288 640 260 837 819 143 429 236 187 571 583 883 540 210 987 279 271 649 327 577 120 902 478 642 918 692 878 344 616 514 220 485 350 291 772 468 122 574 212 48 545 212 627 684 527 365 181 450 359 17 911 121 800 511 986 591 889 32 723 828 3 547 248 343 965 3 935 387 674 997 159 682 841 408 54 457 583 651 395 728 193 379 615 908 199 384 866 312 396 631 626 600 574 20 133 156 750 856 246 462 846 235 51 800 539 55 890 1 372 205 691 598 485 632 639 330 776 810 160 516 419 485 531 581 823 398 419 496 485 687 771 176 46 415 601 168 736 117 365 743 628 557 466 710 564 60 857 671 86 135 566 215 580 48 267 259 452 114 471 750 14 657 584 383 878 853 296 583 449 3 411 274 976 605 513 294 717 324 294 606 508 376 696 748 654 815 445 596 22 590 400 518 230 765 342 387 341 728 906 161 907 382 964 914 188 275 761 745 150 122 784 654 974 318 473 8 284 84 893 447 410 731 184 167 105 555 714 511 866 47 829 696 389 175 398 744 907 17 492 134 659 343 769 46 795 329 933 354 731 820 362 161 492 97 975 
420 26 913 6 545 515 382 401 83 863 386 706 485 541 5 490 129 833 32 429 320 485 742 861 477 151 916 836 919 832 270 480 952 625 461 924 952 569 517 122 808 38 559 914 216 430 724 164 270 401 475 365 106 818 674 707 297 634 420 707 606 103 124 79 904 850 68 182 357 862 233 93 53 942 857 854 650 970 699 256 808 632 371 197 324 959 821 480 557 102 435 700 913 459 674 181 105 175 191 902 918 62 827 379 168 720 639 690 274 561 570 381 649 637 393 144 685 392 117 942 176 899 70 598 114 75 1 557 756 251 488 473 107 195 608 944 61 830 330 97 326 50 554 886 933 185 573 454 59 85 367 336 5 444 71 117 590 42 741 907 540 150 74 222 360 195 456 553 719 318 455 467 258 477 343 416 136 705 319 375 437 214 842 243 171 780 19 824 46 704 167 657 157 260 550 449 586 491 690 372 816 750 859 378 791 823 959 168 467 391 7 275 168 964 700 871 654 99 621 780 575 620 394 231 970 111 696 646 593 743 940 422 932 379 941 761 711 639 958 829 307 496 964 263 217 629 548 881 391 752 242 564 485 80 671 106 796 610 405 782 304 696 585 491 938 865 917 953 552 779 392 449 364 80 289 69 139 84 982 839 142 167 327 805 449 266 562 687 858 359 39 735 712 703 842 743 318 692 743 824 557 746 189 588 872 79 456 47 618 983 302 748 79 631 982 630 739 537 558 65 958 398 128 366 158 172 75 590 735 663 817 256 640 851 780 418 161 703 75 746 962 247 82 102 756 505 431 352 54 837 650 741 168 1 633 7 484 921 935 345 595 721 700 999 414 47 100 747 340 111 919 87 158 911 969 406 937 377 950 747 782 613 571 216 653 371 694 886 155 817 761 746 705 821 936 510 443 569 153 918 62 470 757 329 476 28 462 316 108 564 2 266 118 364 761 770 630 709 426 854 153 86 175 48 958 526 492 0 19 493 682 859 423 654 855 628 885 28 324 459 453 321 344 862 540 978 621 726 632 815 93 105 353 997 6 117 428 317 273 798 256 973 355 532 306 31 53 393 880 144 552 485 745 983 204 105 241 480 741 381 473 157 977 199 487 76 538 51 511 278 34 553 935 191 828 973 46 29 261 966 
889 152 153 56 838 121 398 264 76 792 539 995 977 58 55 309 520 392 342 551 887 73 697 211 560 464 565 653 722 328 751 157 849 842 998 211 302 393 882 666 708 411 286 638 725 557 851 45 555 418 78 258 257 98 498 978 633 584 507 66 348 115 474 915 397 980 51 474 998 650 176 477 826 97 96 352 389 842 918 894 401 28 848 591 965 163 417 216 803 219 622 612 49 177 399 30 157 785 622 740 541 767 262 451 105 432 859 375 305 714 727 602 68 998 953 864 319 699 352 339 144 829 564 562 674 204 599 929 116 790 235 318 813 109 741 660 995 445 170 637 782 373 368 967 366 452 461 33 968 349 775 671 438 106 60 115 313 869 62 294 642 236 507 568 299 776 518 312 267 143 611 620 779 643 736 872 424 273 392 295 109 793 177 136 829 356 985 260 929 910 120 6 316 511 418 130 812 873 528 532 243 778 441 404 278 626 271 116 608 48 997 605 258 845 44 450 137 945 166 16 795 108 865 263 422 596 179 395 754 103 766 80 528 824 96 985 684 936 816 198 346 754 448 170 740 755 390 418 121 750 770 280 63 195 233 536 447 880 997 70 680 975 0 924 113 748 551 650 378 21 800 12 596 307 84 46 85 837 270 846 820 961 699 393 284 487 410 828 869 310 462 573 557 134 21 557 503 850 138 492 31 211 646 415 864 718 482 734 193 368 969 373 346 506 416 576 136 610 751 855 236 847 188 367 650 335 268 523 82 249 728 814 897 505 428 627 86 633 857 674 175 777 99 807 40 686 578 788 713 844 435 175 548 56 686 324 45 597 650 590 456 649 973 3 71 352 708 619 223 364 326 871 346 114 623 569 870 795 576 316 284 531 679 390 916 842 25 990 512 500 459 97 199 484 787 637 347 568 417 377 87 832 20 220 366 741 572 87 746 353 714 871 376 360 333 304 213 361 869 979 13 210 760 720 694 159 841 180 832 957 642 268 676 133 596 733 605 44 836 872 783 390 449 298 825 897 380 338 290 568 520 974 4 974 153 123 662 748 963 268 730 970 339 867 477 345 949 269 550 157 516 897 161 604 545 407 382 680 752 818 31 386 637 248 211 915 818 929 333 89 722 435 231 345 229 721 988 251 539 340 
969 327 350 508 463 95 68 871 590 693 65 395 870 377 295 953 126 109 635 532 764 632 504 415 877 114 986 972 309 280 922 433 273 0 843 202 692 260 377 462 37 617 594 550 107 567 982 180 526 534 315 369 566 552 2 961 275 611 219 470 734 956 599 610 376 703 768 281 262 548 353 42 747 854 328 672 695 597 958 975 746 741 2 497 293 768 461 357 896 988 212 711 809 598 75 787 400 624 526 72 317 502 102 382 766 704 548 938 977 460 496 936 876 727 207 75 626 331 416 296 807 985 608 733 76 554 821 511 209 7 444 0 710 803 918 827 250 742 394 502 292 518 962 701 773 125 978 486 530 800 889 20 702 825 384 493 310 384 105 933 112 472 7 580 423 566 660 341 12 60 322 727 690 864 56 984 94 608 785 832 814 806 243 522 374 334 183 131 229 348 163 3 811 115 541 983 554 634 906 569 984 920 446 272 478 441 562 882 930 727 403 620 680 73 709 587 293 206 131 776 523 904 804 482 755 45 627 695 668 501 956 831 595 519 793 603 849 606 500 918 892 383 407 496 222 343 47 377 725 110 42 404 921 511 557 232 255 164 655 969 498 209 498 133 364 623 425 306 325 454 377 104 178 467 507 262 249 991 30 206 762 885 69 954 224 81 52 563 231 303 576 556 460 810 891 898 316 203 741 928 451 743 913 742 74 280 219 3 962 159 235 804 954 734 522 686 747 198 220 576 249 435 286 230 797 259 578 509 875 124 23 537 779 500 17 208 446 68 151 23 328 400 231 677 103 834 204 709 930 699 403 687 18 785 270 218 156 926 107 829 14 268 791 792 29 61 676 760 327 405 644 395 734 65 839 72 371 438 515 982 621 516 238 886 521 591 70 620 514 993 563 148 770 859 206 157 168 219 708 240 923 33 865 644 658 584 737 850 669 397 991 820 934 995 122 461 455 436 737 804 577 811 223 816 752 288 536 385 942 644 501 536 374 845 31 598 784 255 967 387 85 48 538 861 381 300 830 470 103 811 368 819 442 320 925 995 610 64 237 386 926 578 207 533 249 11 642 655 870 462 130 438 749 804 778 186 113 473 466 222 747 702 770 531 207 73 216 316 82 331 851 609 586 519 167 945 160 434 993 306 
336 81 512 465 558 609 908 214 343 967 243 570 48 432 669 173 51 403 219 380 709 646 539 140 601 655 551 625 902 111 250 578 296 978 938 710 471 820 779 223 41 55 975 608 580 975 413 104 34 447 501 451 357 458 249 219 274 868 322 835 223 982 46 661 76 225 689 895 694 92 732 853 274 277 94 740 247 705 633 851 271 836 164 185 588 475 173 92 635 935 373 67 207 121 637 256 883 631 242 303 691 736 54 194 161 8 816 768 331 206 830 762 379 125 772 992 599 52 882 593 292 237 977 642 791 781 642 276 756 415 91 973 545 88 303 823 177 741 418 802 940 450 488 96 419 815 368 584 136 85 376 652 6 765 755 474 553 720 113 100 735 722 40 775 639 859 987 37 244 684 666 814 531 352 862 2 412 294 632 314 402 336 206 958 899 593 318 862 363 875 541 78 10 703 555 55 774 428 906 298 927 797 893 219 451 913 394 732 30 908 564 938 385 160 836 503 986 266 29 779 395 842 20 143 28 365 144 774 295 53 674 750 912 12 598 830 865 354 923 892 823 142 990 2 254 231 56 534 459 795 290 820 222 617 616 87 219 607 945 132 12 81 608 252 410 271 739 628 602 630 781 618 813 366 601 308 917 895 674 807 872 786 312 638 629 190 712 826 308 836 168 669 928 301 253 497 932 687 802 22 228 755 378 206 235 535 832 216 725 597 653 211 771 5 136 219 615 727 739 678 172 94 395 718 619 333 648 48 632 945 879 865 971 524 233 322 45 319 231 773 866 906 58 837 125 794 143 760 756 657 542 943 125 192 439 869 803 60 302 272 468 213 333 908 875 188 65 556 256 13 529 480 130 398 502 99 67 361 215 390 460 391 988 5 480 478 328 367 672 401 306 585 251 637 465 341 581 499 592 171 736 158 395 372 827 996 414 293 420 426 211 962 406 909 310 452 852 524 422 732 542 644 329 186 642 826 642 830 841 331 679 472 674 730 917 746 735 378 586 883 142 948 773 119 181 614 729 333 351 447 186 483 617 811 104 343 594 110 252 222 987 738 524 400 258 991 445 588 121 566 323 596 525 763 182 73 832 478 343 745 56 829 599 503 575 645 433 261 497 443 681 390 919 330 536 996 328 653 744 47 
74 27 506 963 736 261 223 98 555 613 678 661 755 989 310 436 878 954 423 67 947 67 625 653 116 198 59 10 11 463 209 840 838 311 475 487 535 259 534 773 621 375 440 19 516 441 652 413 317 15 605 894 625 283 660 192 584 136 894 842 847 773 63 187 244 546 925 696 17 842 772 629 342 523 524 543 676 570 492 728 108 226 574 800 203 674 350 506 672 537 385 419 255 102 428 259 806 181 99 321 659 135 96 60 666 847 887 458 174 862 93 119 37 811 766 441 961 345 4 914 403 551 86 361 496 624 27 657 642 212 801 93 441 646 925 671 191 417 566 145 230 31 825 110 877 929 637 996 253 438 312 725 883 496 595 187 160 921 366 824 903 917 827 991 770 576 240 416 598 675 285 980 354 857 179 549 975 49 875 487 858 939 769 984 476 504 67 935 43 170 531 934 625 574 580 88 886 764 519 352 303 214 436 82 228 169 653 895 808 945 325 315 771 551 890 606 417 628 237 949 979 347 628 960 403 554 766 479 202 642 919 557 877 84 493 312 704 515 267 733 785 590 686 421 263 898 688 523 505 186 62 577 253 7 77 683 305 513 386 664 276 558 974 949 369 571 608 527 421 632 481 2 406 429 558 488 558 483 111 830 985 121 711 394 438 842 430 992 134 18 76 461 281 12 422 998 882 894 573 176 766 776 300 159 142 635 805 674 916 96 93 869 5 931 788 678 528 161 646 722 186 572 795 923 292 318 588 373 798 603 204 787 115 255 123 505 9 855 254 66 258 426 39 214 400 745 449 426 102 291 751 562 339 62 671 336 37 629 99 973 945 926 538 272 20 456 807 337 142 514 160 718 667 780 427 539 783 703 2 858 61 522 204 700 272 628 286 266 103 163 925 914 738 127 707 896 576 446 151 312 557 701 214 676 83 807 654 589 313 65 75 162 713 763 492 51 957 544 177 800 820 427 37 529 491 978 955 817 980 511 484 467 133 90 754 740 511 509 707 881 822 565 676 728 848 38 32 979 66 901 187 425 770 285 251 364 990 405 759 828 357 621 567 541 757 343 460 426 11 908 464 175 282 589 264 649 204 702 164 860 627 661 174 380 939 615 547 671 178 63 417 560 305 686 260 836 750 656 795 369 
210 268 894 726 508 948 37 728 899 313 646 291 917 150 113 112 927 751 332 778 898 644 766 115 98 895 980 510 825 368 140 585 121 538 416 765 820 730 493 554 324 589 635 134 352 852 8 678 712 4 56 497 830 396 984 890 429 764 83 489 576 745 450 978 877 302 379 972 548 211 212 214 313 276 990 732 437 599 611 529 62 264 37 841 821 996 989 799 540 44 543 960 146 797 789 614 866 793 688 355 818 687 733 337 592 263 620 112 331 531 88 242 527 228 179 457 760 385 780 198 131 240 559 855 391 955 920 729 660 28 572 63 85 834 38 570 100 224 685 252 505 221 424 157 274 191 860 590 969 879 613 783 415 290 312 327 441 524 736 905 783 979 141 339 562 49 998 11 654 832 832 526 210 583 573 966 84 404 645 362 218 975 31 883 828 683 915 397 683 24 123 637 73 58 968 802 621 88 71 842 510 416 601 342 603 308 883 260 762 182 897 328 430 531 555 709 323 27 712 758 766 23 487 418 753 68 606 346 683 875 880 574 985 685 696 609 440 551 549 307 388 75 181 940 528 650 923 471 336 474 707 736 685 239 29 321 844 686 64 812 793 516 527 555 324 11 52 481 770 428 445 781 4 836 659 715 219 282 250 464 983 860 260 516 895 809 148 278 929 545 936 405 307 769 62 854 543 817 17 47 188 26 273 110 730 520 767 171 890 196 652 196 675 219 50 741 518 58 146 425 460 11 651 156 688 155 760 58 455 302 330 762 806 144 710 888 120 575 722 419 521 172 12 512 215 49 735 85 171 300 940 895 327 94 107 474 262 254 486 64 831 485 329 736 33 890 152 249 282 920 588 881 345 350 295 662 458 883 686 651 798 702 162 528 674 571 598 74 59 584 184 743 668 10 78 641 803 498 454 495 519 402 845 88 693 728 903 499 292 494 443 945 729 218 355 690 757 384 388 992 644 670 133 116 110 299 849 264 693 894 441 201 511 453 12 1 128 571 934 183 728 842 591 311 629 260 552 164 469 547 375 90 905 534 294 644 148 117 961 250 923 226 239 746 246 942 853 487 978 878 844 758 735 277 515 752 158 414 475 956 81 477 179 190 457 615 302 363 694 579 537 55 730 388 631 6 286 918 431 840 
310 567 298 317 674 856 14 499 708 199 855 986 949 257 660 8 748 761 29 946 136 95 756 447 416 52 635 352 725 39 390 374 934 396 797 112 463 408 654 75 450 947 550 653 719 399 485 494 708 685 840 745 741 571 701 264 393 995 484 758 476 259 820 771 752 577 506 562 619 387 959 444 812 609 188 2 848 798 962 915 5 286 882 655 60 667 626 884 880 884 891 155 839 663 367 595 710 998 358 374 514 630 718 165 212 523 63 560 320 688 168 464 709 167 350 271 920 888 752 352 323 380 58 194 791 581 238 116 545 76 869 749 449 217 370 586 319 68 867 685 601 549 672 537 429 721 301 555 290 917 723 347 977 0 830 925 501 652 162 662 955 111 779 166 312 297 518 861 321 501 235 174 449 718 780 12 586 27 995 363 31 482 336 687 658 482 695 703 406 605 236 931 500 107 166 797 673 665 662 872 683 201 863 63 664 676 566 154 777 484 655 82 431 205 451 72 734 211 773 711 141 17 290 731 735 520 281 849 754 99 673 371 805 740 895 13 772 803 983 927 160 206 642 804 713 145 201 992 872 291 525 858 239 172 8 222 298 152 33 767 468 38 997 920 998 984 28 167 359 775 735 770 428 983 40 53 622 190 197 384 95 386 939 990 558 723 922 709 59 638 912 781 76 99 192 963 563 122 247 804 91 214 579 849 41 801 203 834 762 381 589 677 566 379 694 61 616 367 268 561 897 249 832 92 708 830 413 968 97 260 338 201 74 126 71 65 480 119 951 555 569 565 126 804 77 209 459 87 90 664 330 218 520 807 713 849 713 589 47 544 840 581 765 257 562 311 840 863 767 678 734 243 490 102 728 495 499 737 502 261 146 6 719 783 304 799 147 682 536 788 941 852 31 362 755 299 304 76 252 313 25 82 292 879 550 402 808 237 617 952 964 406 373 504 428 840 69 249 81 412 264 259 404 304 549 338 917 813 872 195 978 767 491 911 587 642 989 301 728 257 985 34 539 630 746 464 423 871 544 468 824 471 950 205 652 383 737 585 904 332 116 357 948 571 146 733 428 551 950 321 798 152 188 856 193 814 602 378 104 757 852 421 828 455 300 227 405 823 645 260 281 826 183 128 498 64 461 65 153 357 
476 609 856 239 112 162 689 680 491 505 527 997 83 187 418 69 365 177 863 35 494 162 52 545 648 17 542 995 697 329 433 621 709 543 69 689 425 668 449 274 51 496 104 192 16 173 672 153 461 575 224 396 377 526 701 151 701 384 463 905 823 731 550 362 149 25 32 461 14 195 533 58 219 798 573 90 831 755 637 22 611 501 547 187 334 675 186 230 709 587 942 463 516 36 360 10 616 262 337 808 37 611 109 296 904 172 712 719 117 642 153 560 573 149 470 554 142 282 518 997 1 964 85 132 587 443 857 424 634 531 400 333 316 465 146 37 985 138 446 897 264 148 538 563 865 203 122 276 380 11 721 684 270 212 545 82 698 376 750 302 531 277 240 613 934 589 256 797 480 971 93 738 5 174 294 899 147 47 973 721 892 908 655 910 624 678 541 596 823 180 64 998 467 962 306 907 490 286 878 761 805 9 152 961 14 547 68 368 945 670 562 755 546 539 547 794 837 560 860 357 650 626 26 17 923 880 95 251 38 19 740 836 560 610 736 676 158 478 506 162 677 204 512 167 766 602 685 880 379 97 225 769 575 693 679 16 88 865 449 988 236 446 539 678 657 333 903 54 946 439 728 534 322 282 357 48 860 897 412 458 659 12 916 559 639 450 426 702 84 38 15 216 885 45 416 418 104 186 507 957 516 364 213 937 653 361 644 876 836 93 325 730 478 429 128 388 458 915 141 736 447 534 733 99 215 558 249 191 496 35 364 823 864 880 687 757 223 357 899 696 279 584 921 990 75 362 3 385 179 115 152 198 220 151 214 486 753 832 56 952 873 59 817 516 40 438 200 184 756 3 515 214 681 472 41 374 259 267 942 307 319 599 449 88 759 559 324 224 888 802 881 844 306 183 871 266 789 112 977 395 801 195 782 682 159 934 417 463 159 881 813 442 45 588 206 176 410 758 854 764 942 771 140 796 904 629 890 505 943 891 444 817 199 872 296 493 517 59 599 943 189 482 303 795 43 578 758 742 685 97 327 685 962 887 173 443 687 123 32 602 232 755 790 975 608 599 539 693 13 576 968 849 508 523 642 463 930 980 571 15 672 937 726 687 475 158 455 619 475 205 96 785 463 140 730 47 80 825 251 208 
671 684 463 861 290 786 985 355 365 828 868 294 88 614 428 989 75 170 841 269 420 49 627 772 888 963 915 961 135 241 919 408 313 617 853 357 89 819 944 938 399 35 96 484 967 86 383 950 412 297 682 746 628 166 964 258 101 442 81 738 947 782 830 637 865 872 108 263 692 296 990 997 7 218 626 220 5 80 848 438 999 140 670 649 507 45 724 165 692 183 686 549 267 859 937 375 881 397 948 517 34 441 909 452 868 321 778 333 944 522 117 381 693 636 907 639 837 775 51 170 426 337 932 48 544 979 861 476 863 332 48 109 999 931 376 930 234 443 626 951 714 31 478 362 265 696 67 253 258 35 162 262 386 477 256 318 202 767 275 452 275 941 120 645 742 450 122 896 248 525 313 747 60 275 25 567 713 571 902 291 356 326 443 923 495 220 673 854 478 554 92 80 439 976 163 810 677 161 189 860 120 902 543 838 550 301 977 984 807 340 757 841 102 382 774 961 124 935 856 486 675 877 407 273 252 421 466 236 335 14 839 369 347 638 323 390 383 714 177 946 974 979 513 878 432 668 206 275 415 546 449 765 559 261 563 337 510 645 63 63 613 715 276 819 604 259 495 486 474 456 472 913 470 523 365 871 537 820 504 819 150 449 315 394 292 785 718 31 565 861 687 405 713 640 589 220 17 232 284 696 477 724 737 404 410 84 740 989 425 5 892 163 299 615 35 792 903 398 295 207 259 314 113 373 462 41 696 607 797 746 16 967 455 82 830 790 170 615 460 681 687 925 606 185 179 906 856 203 127 634 714 698 410 622 943 211 100 181 352 179 248 964 926 358 175 320 180 17 43 791 784 265 505 93 102 988 104 512 501 905 421 727 645 45 724 256 243 491 101 320 609 186 984 539 862 487 150 942 9 315 347 146 25 773 945 812 662 374 524 697 411 398 91 220 267 501 386 800 235 239 107 104 721 823 307 171 864 216 561 101 304 853 308 687 817 702 636 149 493 932 424 213 418 168 502 179 276 324 172 601 259 60 143 631 362 218 628 404 83 87 673 560 970 84 400 146 19 390 259 261 208 262 122 956 951 828 479 374 66 22 521 297 946 545 666 394 362 282 658 350 555 679 549 304 598 968 56 360 387 345 
698 490 379 664 511 640 642 283 649 699 709 272 16 743 552 351 43 186 277 143 491 402 725 311 221 223 316 139 277 243 551 631 896 119 531 128 66 822 350 887 663 293 855 440 961 107 376 410 407 26 548 349 885 414 930 555 24 694 429 169 680 228 287 824 726 335 935 865 247 36 691 713 23 668 195 443 630 663 267 120 565 986 566 7 99 474 879 341 306 295 162 604 714 562 865 337 235 808 426 203 699 610 500 801 144 775 902 141 868 354 801 283 741 377 405 109 480 41 893 981 962 773 782 70 336 445 729 673 785 991 317 487 387 405 724 656 762 777 348 817 700 378 617 30 969 863 835 819 860 108 512 2 681 629 189 120 99 964 851 829 38 291 593 381 607 699 830 347 409 914 306 745 50 268 720 729 796 158 644 706 187 639 397 691 150 723 955 704 359 259 215 297 834 333 772 459 446 476 965 576 578 727 420 55 39 683 51 335 784 565 640 896 627 214 398 574 925 250 471 930 603 743 720 785 341 647 629 552 719 863 646 652 792 342 104 178 391 627 558 52 99 709 704 686 782 95 954 910 732 969 948 93 682 777 244 145 169 202 440 974 622 661 302 682 169 635 821 346 737 93 443 882 87 572 733 774 796 534 907 524 110 414 158 115 689 676 96 984 857 718 711 583 98 833 678 506 388 76 123 545 452 757 993 960 592 702 411 63 16 285 456 714 56 399 524 318 483 181 54 347 601 25 689 939 347 149 650 645 442 189 432 643 680 1 787 252 845 647 732 8 670 966 434 264 285 658 609 863 727 350 289 452 468 115 988 730 933 217 266 157 696 239 224 591 528 81 973 151 678 318 520 944 284 679 377 312 834 499 132 889 759 957 466 663 912 426 643 277 241 273 879 788 854 920 395 578 750 98 86 244 619 611 247 526 10 263 698 378 982 62 830 751 368 595 843 459 68 811 109 405 215 776 934 475 899 521 887 476 783 132 458 174 855 24 418 875 579 220 320 543 759 783 973 176 308 163 273 21 916 347 299 990 660 562 830 306 868 145 25 467 609 481 233 66 478 958 513 926 351 516 735 829 97 493 418 532 717 711 20 323 836 452 497 339 365 196 719 383 788 968 514 38 464 154 827 965 109 135 24 63 
267 567 432 284 34 954 322 37 394 196 343 668 804 299 734 521 476 703 190 74 739 373 868 517 531 876 315 815 216 581 38 971 98 539 255 393 508 261 576 964 501 870 193 281 242 398 735 369 686 571 379 170 715 125 266 7 82 911 298 241 713 898 433 703 860 916 701 162 458 650 116 874 943 526 265 693 700 816 78 770 357 93 378 940 877 814 924 887 158 996 296 322 349 729 909 45 296 839 236 705 165 965 36 556 954 586 12 923 779 288 899 85 61 521 734 691 509 268 382 910 964 457 383 499 393 480 230 694 954 16 913 366 604 752 390 979 53 777 664 497 665 72 800 79 896 815 219 48 13 873 597 545 134 54 221 125 742 554 478 73 758 832 864 962 485 218 950 567 252 148 730 56 743 699 182 71 403 64 953 334 419 495 434 563 429 927 419 156 388 622 736 216 55 451 387 614 661 609 313 950 913 970 162 544 801 58 616 842 628 108 593 706 495 679 89 986 983 193 315 808 479 127 395 299 618 256 941 722 207 491 278 985 337 773 46 495 803 218 38 288 479 705 9 361 548 16 968 534 784 938 592 957 528 772 522 695 200 685 696 906 576 499 763 21 127 219 956 780 45 496 736 227 931 633 891 412 824 523 612 358 38 706 352 254 509 117 437 998 253 85 268 51 211 607 495 667 886 540 930 609 358 946 652 608 239 896 762 248 381 11 814 753 211 622 0 718 99 579 372 500 830 727 286 785 751 438 421 607 237 551 639 445 39 812 157 858 997 511 240 10 246 859 775 921 946 447 723 133 418 774 710 534 613 467 772 533 985 708 858 760 60 356 505 867 27 443 582 639 912 562 640 255 847 988 87 445 304 775 898 352 110 710 591 530 107 110 628 242 393 505 380 827 271 705 184 903 814 303 497 444 308 965 136 947 530 787 363 803 458 468 384 840 607 412 869 239 516 802 620 558 404 693 988 67 597 941 619 165 180 17 394 718 559 301 237 711 275 945 332 157 826 672 876 538 108 650 352 585 409 823 192 535 674 415 504 659 323 547 788 926 411 375 110 197 688 519 785 42 85 854 784 265 566 728 897 338 308 515 408 477 105 309 860 312 746 372 921 644 730 595 565 292 820 33 118 752 387 550 108 845 
44 770 759 389 314 836 453 303 15 664 355 745 359 564 854 796 458 911 666 180 578 587 126 500 372 363 249 406 652 158 308 496 548 540 878 778 208 936 14 261 420 580 990 972 909 717 807 116 779 831 394 574 611 534 968 849 426 968 119 827 497 984 446 730 425 227 359 756 113 372 870 286 19 758 74 457 585 395 190 308 797 208 438 170 490 747 341 309 896 606 908 858 822 53 231 767 479 332 758 694 524 694 930 566 517 470 790 404 2 702 994 25 573 351 657 964 154 182 877 537 109 381 619 865 701 722 920 240 433 970 538 876 182 972 352 108 289 911 296 830 349 385 275 915 62 122 921 176 390 486 129 426 661 947 402 985 403 292 57 80 687 510 400 500 962 461 18 569 856 904 457 196 43 542 875 249 380 606 894 482 674 410 535 14 842 503 478 252 539 245 46 435 491 291 79 195 253 911 217 80 590 992 464 730 350 522 313 299 52 827 702 664 3 306 954 84 954 556 320 751 693 916 410 37 242 431 601 462 135 12 303 107 339 550 222 896 184 97 465 331 786 880 519 895 578 574 311 702 58 911 982 500 468 22 98 824 211 30 799 532 312 849 946 724 305 873 643 259 593 309 877 799 839 994 557 959 876 119 865 632 320 338 750 130 658 852 721 446 104 200 216 565 175 840 532 966 86 645 315 841 747 11 622 93 297 168 191 392 100 367 336 174 111 484 206 570 367 644 665 621 322 229 378 456 325 98 689 789 509 348 851 769 789 833 610 335 688 987 562 220 415 208 112 205 648 949 597 572 394 193 751 712 426 329 705 832 490 610 919 264 372 114 925 826 919 622 15 74 664 317 973 692 590 863 495 743 200 54 214 730 669 667 274 528 79 781 196 137 708 577 299 941 95 824 162 531 233 877 420 650 407 402 892 723 417 100 337 641 0 698 607 208 256 637 609 559 232 806 222 206 602 219 384 249 411 200 35 532 16 918 122 279 407 471 124 22 339 40 675 991 176 564 543 564 584 236 213 511 710 949 260 808 426 293 575 629 76 75 425 430 415 540 64 511 66 881 519 710 200 134 558 475 131 865 497 640 20 965 991 650 218 752 226 902 376 51 273 711 899 407 356 676 11 171 480 59 880 68 976 340 
517 867 809 536 75 714 9 597 775 272 947 983 663 983 873 311 741 564 176 36 805 757 916 935 864 601 192 837 507 52 987 790 143 933 589 110 142 201 863 626 586 233 69 190 972 911 76 330 778 22 428 845 410 899 328 439 13 955 781 78 387 205 485 21 527 736 837 778 779 995 608 827 876 814 66 621 426 425 980 183 499 796 221 334 379 998 655 670 155 179 439 260 208 922 957 30 784 178 284 744 425 733 340 4 50 397 22 694 591 977 301 199 170 510 543 418 674 780 925 102 176 750 948 603 296 839 13 107 948 335 416 272 410 95 145 279 4 10 417 63 475 274 823 62 943 428 8 564 766 290 393 311 564 127 247 764 663 279 262 998 830 925 782 720 808 486 430 807 468 355 727 641 292 8 255 709 133 952 583 65 72 920 628 258 983 396 986 908 261 705 189 825 416 462 4 579 47 475 551 723 208 375 505 496 534 637 733 623 888 149 38 864 246 487 909 5 601 231 523 141 531 955 713 745 552 48 572 261 336 222 487 409 832 475 308 863 281 174 994 237 938 637 776 367 77 160 107 393 52 397 495 658 884 540 881 196 380 519 803 713 671 690 11 547 471 690 862 275 287 741 699 832 76 518 730 715 237 695 203 961 160 827 949 3 437 427 862 344 423 408 296 896 711 223 66 818 268 234 639 176 697 938 346 833 546 277 558 0 456 360 454 371 966 722 272 753 768 63 145 421 662 553 469 986 346 187 942 334 740 155 5 435 619 714 723 860 981 847 982 40 985 746 988 764 804 191 402 138 474 43 105 961 263 791 765 433 548 942 302 109 900 239 594 353 878 741 831 357 713 771 855 480 549 456 422 259 101 212 369 337 653 877 982 747 657 212 388 319 793 614 535 694 361 917 577 461 223 523 750 626 305 807 198 450 694 710 646 587 722 522 720 798 674 917 722 765 416 336 30 415 237 914 165 227 795 470 995 986 787 315 441 256 122 182 973 820 808 622 24 463 972 832 860 455 474 920 441 942 67 249 591 886 620 575 862 476 622 358 4 538 573 169 227 163 484 683 666 773 15 114 652 944 256 692 421 856 627 743 489 593 604 962 897 754 187 284 538 293 310 792 55 28 870 800 110 349 153 159 154 672 
480 749 20 810 951 166 714 408 375 212 556 976 597 133 558 564 3 631 82 55 86 256 838 615 239 845 430 266 28 666 590 919 177 39 857 512 695 348 370 585 718 151 912 291 490 754 767 618 729 85 291 16 83 314 211 259 818 833 850 141 708 140 231 27 266 410 160 178 27 433 726 99 315 803 252 352 291 585 282 218 472 655 896 954 613 943 885 291 996 486 620 198 755 700 303 920 640 832 251 975 94 973 461 749 503 701 605 296 631 744 957 633 122 700 738 649 874 499 318 502 995 750 869 104 436 603 577 757 7 212 221 524 41 845 994 553 296 165 917 61 446 200 251 833 909 705 658 119 760 193 85 463 508 545 161 369 38 671 808 305 647 651 291 594 438 156 422 144 964 578 47 911 409 652 781 922 724 291 838 614 547 11 976 930 338 424 42 855 60 330 575 909 79 140 295 667 13 446 12 552 199 165 984 689 997 652 434 230 903 432 301 925 696 270 604 858 566 69 989 191 374 939 158 826 577 593 454 636 668 237 469 195 771 168 418 752 29 704 2 895 490 549 695 736 717 325 613 267 989 390 50 104 222 680 858 931 991 369 307 64 995 322 430 366 681 333 702 423 197 835 622 80 597 690 965 919 657 996 791 917 158 694 979 472 787 647 156 316 324 351 212 436 13 342 229 765 7 16 480 497 765 481 479 703 801 604 722 496 670 450 306 328 920 639 645 924 73 738 95 785 4 570 319 398 599 413 143 592 491 513 560 531 652 238 317 124 634 575 165 66 781 370 975 208 286 849 514 63 157 193 271 530 539 264 762 556 122 931 157 288 421 20 511 381 621 635 52 311 415 419 618 526 857 837 943 490 375 188 786 883 943 658 579 953 787 537 424 475 475 490 313 690 199 114 528 814 355 958 347 778 140 494 529 336 242 684 918 614 114 855 920 868 645 378 340 71 723 672 935 818 537 59 992 988 954 521 91 238 115 255 532 354 53 661 665 675 190 921 807 248 873 580 950 151 698 246 527 390 794 351 432 331 267 83 381 595 964 894 641 960 32 172 320 892 971 664 187 393 205 305 892 273 406 465 348 312 909 155 356 616 189 656 969 234 862 853 994 289 861 267 435 178 358 856 331 310 26 576 973 219 
407 360 422 810 683 303 815 262 514 814 92 418 492 854 184 28 779 339 297 440 372 126 964 301 149 668 47 298 957 208 775 767 310 846 319 188 666 785 981 532 317 246 181 559 839 300 206 806 634 263 40 836 997 331 720 892 870 764 498 941 934 344 466 863 803 240 10 977 111 132 787 382 660 308 784 862 497 542 420 961 443 432 363 926 323 858 945 108 844 877 505 595 915 180 336 325 642 972 967 394 472 713 781 343 425 936 81 459 70 477 586 166 445 391 830 586 97 485 287 975 697 183 207 693 694 142 592 338 629 258 227 100 335 903 674 380 245 182 763 975 793 927 861 830 424 373 595 291 694 828 774 615 656 931 212 709 717 871 477 469 247 935 310 953 125 833 897 152 793 420 207 464 948 213 589 451 976 321 713 622 475 175 336 249 941 466 273 456 483 589 652 629 847 408 959 56 871 19 740 347 865 467 185 316 428 971 267 544 10 228 44 381 508 337 303 150 500 999 304 46 91 74 81 181 426 703 996 977 617 958 316 687 768 273 977 329 435 188 543 161 328 907 74 98 484 208 364 695 465 882 461 988 182 886 159 24 978 370 310 704 552 728 630 446 875 204 788 167 802 304 97 678 723 627 431 35 432 841 982 132 706 960 449 832 225 97 158 170 413 39 70 288 831 683 92 909 314 208 518 445 442 69 100 208 651 642 689 506 882 462 881 164 36 975 320 908 200 16 519 720 942 822 67 601 444 210 589 221 622 249 503 853 561 313 4 288 869 173 234 255 816 976 503 339 318 57 978 839 311 337 968 961 946 509 3 282 761 234 183 287 811 362 351 527 625 286 269 288 259 344 447 306 785 220 759 505 276 918 413 25 571 322 951 765 97 116 393 992 453 455 212 204 910 633 127 934 336 390 374 261 909 910 20 799 311 900 713 954 49 605 344 902 2 486 773 886 950 161 644 801 975 872 244 314 971 650 707 370 874 641 407 100 266 251 561 557 488 428 421 611 693 44 780 146 615 657 478 952 748 439 403 560 661 676 206 669 436 688 843 437 850 984 25 200 705 184 633 214 1000 100 833 14 731 683 999 208 141 978 460 541 281 37 517 197 932 609 456 710 219 810 382 875 488 862 828 179 459 438 681 979 
235 969 394 780 987 305 32 4 262 930 391 1 643 175 228 904 362 745 874 144 759 946 801 125 531 228 122 510 320 724 883 253 341 122 584 67 256 483 421 539 323 521 308 15 643 812 355 770 189 7 994 68 609 919 745 241 427 514 355 590 463 639 735 739 307 160 359 707 718 149 910 662 238 128 221 429 269 276 898 965 849 685 85 81 791 758 409 881 986 932 423 15 789 770 952 477 492 311 950 44 19 647 995 581 350 889 248 364 975 974 933 559 943 216 126 848 408 781 916 100 515 153 241 207 54 605 212 71 882 777 778 988 69 598 429 343 89 47 325 822 851 483 959 414 274 141 369 800 239 609 164 134 106 407 26 924 722 584 511 623 887 247 436 634 602 827 374 244 605 716 44 861 662 213 984 19 690 927 456 2 143 67 137 676 428 830 483 8 232 510 379 160 411 904 66 544 551 61 26 799 366 379 853 636 208 90 684 428 95 901 598 369 627 121 701 825 473 761 735 334 436 131 104 447 331 997 280 821 682 237 592 648 280 138 401 788 941 596 427 145 914 972 330 289 903 466 406 924 804 984 637 921 238 474 526 448 57 292 946 145 209 957 69 258 779 101 406 373 418 513 273 896 185 78 570 983 233 70 467 0 435 960 903 589 884 456 849 299 36 33 673 588 467 446 357 23 113 558 15 53 339 933 613 127 679 267 519 550 819 104 548 233 15 831 5 858 929 538 713 989 108 887 232 0 713 590 870 111 800 759 177 437 144 259 956 402 654 758 234 349 610 863 624 7 898 19 11 141 706 213 250 690 578 829 405 599 37 164 663 18 414 594 176 7 978 628 6 463 859 117 33 904 716 944 146 780 692 530 820 612 826 945 493 8 182 880 913 909 208 292 348 172 138 459 545 113 159 625 422 312 542 182 991 292 195 184 140 486 656 359 337 505 787 259 435 251 215 450 73 674 66 823 457 941 386 715 623 14 403 931 817 863 994 202 31 827 918 287 950 79 170 970 976 395 633 67 1000 348 658 461 708 931 461 155 632 654 628 793 855 511 40 845 261 416 237 879 359 782 537 276 709 290 251 658 164 202 345 39 310 712 562 396 693 97 779 378 283 515 391 686 859 720 627 50 600 871 773 196 141 507 
398 401 607 62 890 85 866 581 988 9 155 179 420 652 123 50 469 941 172 945 22 855 192 76 981 399 211 429 804 576 86 591 693 990 387 158 955 364 560 643 371 108 875 691 404 362 319 762 822 810 472 360 52 54 590 994 242 719 279 791 241 316 186 734 621 219 414 172 0 807 279 948 601 684 249 561 772 858 328 875 902 962 953 343 92 933 932 462 935 749 956 402 487 249 665 190 901 815 850 638 646 117 175 922 994 418 766 838 276 24 166 66 752 134 816 787 890 711 575 345 219 556 68 526 145 499 986 718 116 902 770 338 728 229 957 246 61 334 815 136 740 552 746 621 770 594 602 683 478 101 120 751 411 649 523 645 475 618 466 59 229 225 302 524 345 936 248 873 35 253 678 459 560 118 536 432 871 469 645 86 402 978 536 93 354 712 227 108 301 328 209 959 895 859 330 868 42 0 766 935 22 735 400 609 789 803 257 909 257 380 626 831 164 549 591 762 648 855 829 634 443 941 396 817 430 156 982 332 1 372 105 856 2 863 53 782 163 108 917 236 846 548 81 196 516 594 249 438 224 848 287 704 704 208 246 878 979 315 118 460 389 572 542 850 856 675 939 392 926 827 738 575 871 371 165 138 585 498 373 830 95 472 419 309 956 981 61 495 241 598 384 428 924 709 808 499 294 679 283 966 147 489 924 481 979 165 419 30 954 232 228 137 558 440 104 114 664 458 949 922 907 843 938 563 542 717 96 500 95 26 795 665 270 682 115 837 500 738 632 458 824 314 189 939 122 448 556 947 569 351 765 450 359 647 414 838 232 97 699 746 130 956 841 108 715 154 377 857 928 109 140 131 489 671 40 552 275 258 374 226 591 337 654 276 497 977 146 743 518 995 673 419 867 346 417 230 590 802 438 761 382 367 109 835 807 282 153 938 288 501 209 809 381 960 217 955 178 983 108 549 556 988 270 807 689 470 589 959 891 502 283 828 606 284 976 524 830 794 578 403 942 134 393 42 196 241 803 281 457 669 864 515 355 549 386 789 573 339 524 424 67 323 628 826 108 199 54 908 407 630 407 813 391 255 533 265 497 404 778 397 595 9 887 298 715 256 860 200 7 305 686 810 600 16 640 45 588 555 794 130 
924 279 855 807 479 92 832 968 578 148 84 463 293 669 767 760 332 3 247 724 859 152 644 637 43 568 456 323 493 932 449 150 366 598 285 605 774 467 266 717 200 492 174 416 142 920 759 641 201 264 635 320 622 809 195 872 914 189 423 368 11 657 822 272 181 536 828 350 598 649 625 335 754 543 736 245 512 693 955 251 172 712 445 444 370 479 575 562 456 445 927 733 660 962 812 484 20 737 905 962 528 258 592 633 894 206 905 898 556 976 888 993 655 143 711 652 527 189 435 37 498 989 242 969 109 327 764 601 116 505 461 294 200 125 957 280 505 413 46 794 39 826 67 837 199 981 576 632 136 769 701 788 758 72 899 894 861 704 625 6 951 602 320 818 355 405 782 578 732 185 402 664 643 173 733 718 194 296 550 737 351 171 584 875 81 47 596 127 857 650 470 547 874 422 345 271 460 801 192 681 390 562 252 868 263 252 942 501 310 405 211 211 748 118 243 572 181 626 336 330 248 228 370 668 329 496 771 607 596 674 607 859 297 134 73 645 612 284 812 871 275 897 848 8 127 420 627 520 195 883 950 816 551 979 812 369 189 981 986 437 220 40 405 174 315 213 397 499 733 975 11 980 156 320 332 256 546 509 654 559 208 161 348 893 137 570 440 108 963 75 133 311 573 74 72 257 739 707 965 307 216 181 12 433 390 202 333 534 16 162 172 430 287 167 223 41 939 894 889 572 539 299 233 529 698 103 200 786 596 678 179 741 205 386 669 875 183 613 807 371 159 838 117 628 892 379 247 965 710 767 46 164 266 297 419 705 478 217 271 401 152 151 845 120 647 854 59 158 587 252 475 692 436 881 59 760 902 978 60 333 695 558 224 150 708 980 825 25 359 963 781 251 638 265 109 864 337 303 221 843 29 290 865 815 596 189 804 524 999 373 172 689 812 437 828 976 297 9 495 973 77 38 713 22 832 552 57 376 679 215 48 677 638 20 762 315 809 273 753 266 147 296 421 37 788 395 494 990 333 981 231 989 533 556 412 325 699 24 245 875 803 748 453 44 876 613 3 345 171 819 524 168 71 718 787 67 488 984 638 490 637 884 516 270 324 734 280 957 782 129 87 954 97 436 173 45 691 44 584 904 
78 913 177 585 241 906 268 629 703 453 935 981 341 355 821 857 440 822 51 169 449 276 839 554 15 667 751 700 147 327 919 350 677 965 536 929 339 140 41 969 561 947 79 590 540 11 498 205 665 226 177 212 619 613 326 518 823 667 371 563 740 281 816 67 13 267 328 354 168 48 169 721 812 398 384 158 599 789 360 64 443 250 489 618 17 347 497 181 610 123 103 337 94 815 951 344 536 938 84 416 30 412 93 305 184 386 351 525 88 207 127 812 270 852 792 89 538 894 101 637 385 368 754 784 580 764 543 961 347 707 427 958 525 168 879 675 760 348 824 299 573 470 497 350 792 728 950 767 623 578 712 946 137 56 744 981 895 94 620 273 347 42 55 475 353 644 420 22 184 642 352 814 987 206 417 20 451 53 723 931 610 299 489 124 172 597 514 749 195 838 640 250 726 486 448 287 73 495 624 207 417 848 470 594 525 174 896 363 713 355 117 9 219 394 262 65 717 918 334 126 762 158 113 857 333 278 258 650 34 776 145 914 942 110 994 477 650 55 125 527 879 363 13 154 715 35 534 883 45 697 292 448 307 951 212 433 10 794 395 683 93 262 4 521 934 879 202 725 806 919 301 821 368 87 350 743 853 111 377 840 600 290 544 624 367 913 176 495 524 859 223 876 37 305 578 654 363 78 744 374 69 751 310 29 655 422 984 822 764 958 540 858 522 23 593 223 796 609 286 802 271 968 202 74 534 693 486 309 131 416 369 611 630 884 959 147 451 463 463 387 899 556 548 649 496 609 769 788 628 770 488 286 472 499 684 50 865 342 4 446 473 241 307 814 678 620 185 258 77 99 750 334 986 253 501 75 229 344 723 47 31 356 441 434 346 998 39 733 872 981 544 548 178 148 793 466 679 972 899 334 994 768 782 490 274 216 849 826 549 391 362 922 165 698 266 414 195 425 73 135 634 876 414 228 563 449 344 275 36 138 464 780 69 913 539 787 539 146 373 531 462 122 39 406 866 950 275 180 177 793 387 971 353 35 197 485 808 905 990 978 420 413 706 225 550 942 513 94 40 288 820 263 272 396 727 186 954 347 123 801 661 739 993 197 28 874 594 355 614 257 504 501 145 74 382 186 257 695 392 598 
410 46 931 779 800 272 631 624 306 665 88 357 270 381 322 113 177 890 833 347 292 664 802 121 812 897 931 568 199 452 583 916 434 986 473 501 860 569 182 871 727 397 669 215 750 888 139 497 229 998 63 170 250 822 154 23 982 100 607 272 131 522 253 856 134 550 670 244 57 764 333 224 265 183 314 483 155 31 804 85 247 762 848 725 234 382 732 185 330 225 347 857 726 838 404 252 314 920 724 229 882 7 499 690 638 221 243 471 232 213 529 293 172 805 701 177 126 644 670 227 327 274 748 127 739 797 134 541 305 629 770 305 524 144 436 996 436 645 406 194 300 785 590 725 711 868 344 159 301 782 486 236 670 987 422 289 507 615 699 870 62 402 788 614 760 746 315 816 583 967 48 642 545 756 433 370 898 70 225 179 537 324 629 424 884 502 306 871 465 8 953 585 720 207 193 543 361 664 461 682 190 941 225 660 820 343 122 297 72 568 180 178 527 587 896 888 770 569 815 150 652 966 631 939 26 328 342 655 541 419 881 548 348 652 262 794 415 606 430 584 614 894 623 913 133 460 271 735 312 193 631 770 722 267 305 561 357 19 783 397 161 7 268 132 120 359 155 676 462 451 406 843 299 250 492 842 86 961 177 26 925 776 322 1 637 974 90 114 435 916 670 870 205 17 912 431 10 498 468 437 707 241 685 126 0 425 673 475 345 268 4 268 442 534 855 560 282 598 355 387 649 676 396 652 74 189 582 862 919 849 298 584 733 990 989 52 887 244 916 182 937 757 336 586 253 56 714 767 430 793 1 723 7 872 479 132 829 386 375 293 403 288 451 655 169 477 690 247 186 43 949 919 13 810 65 146 553 132 623 106 553 325 153 351 830 263 809 304 889 780 856 705 789 258 603 183 738 481 292 842 13 395 865 213 137 997 884 382 671 125 88 774 805 46 782 710 706 536 506 907 186 188 359 257 364 577 224 860 838 112 280 154 431 625 422 752 0 921 763 295 118 279 551 948 311 261 855 67 909 91 6 324 495 17 644 837 314 416 501 545 451 245 332 538 823 672 39 222 943 483 748 197 164 419 700 52 902 210 439 90 538 265 149 442 246 59 65 205 674 886 474 214 701 2 822 545 910 598 516 435 
838 411 275 999 802 847 215 444 470 189 252 41 714 729 247 144 84 245 243 807 433 173 82 342 121 397 347 313 114 218 376 177 852 676 388 857 669 697 89 820 817 175 963 9 870 522 915 970 916 999 403 179 91 68 87 876 650 870 946 830 606 485 199 930 940 269 184 870 367 82 801 208 265 973 545 328 324 573 734 92 798 4 567 388 174 164 128 955 356 756 794 767 724 63 289 478 46 915 940 237 912 893 552 216 684 72 64 273 656 62 728 656 389 840 220 502 644 440 603 988 83 613 777 792 871 422 14 665 973 26 894 787 596 613 41 665 383 739 208 323 584 732 416 144 324 892 980 370 15 998 194 489 896 847 132 447 543 771 42 692 994 97 96 324 669 174 396 182 250 418 708 89 892 572 240 115 929 233 456 809 591 213 800 287 165 486 423 380 743 432 289 701 358 154 723 974 832 577 827 285 945 823 482 432 437 740 808 331 857 446 569 926 129 490 129 327 492 788 536 509 296 250 655 705 3 686 406 643 153 557 103 474 109 92 667 366 234 570 213 917 324 419 914 775 853 672 259 526 544 456 117 845 550 662 699 943 485 735 727 539 512 827 986 973 980 134 233 148 906 264 630 480 105 249 946 726 963 453 932 788 418 165 151 57 240 848 694 79 727 967 37 512 167 127 94 257 77 373 427 1000 295 863 160 429 66 34 892 451 659 587 518 374 22 159 161 415 615 296 39 607 4 464 236 458 553 941 41 274 479 475 392 684 481 453 640 122 502 664 506 776 675 122 271 220 985 705 708 408 432 402 171 424 769 652 611 434 799 835 669 445 313 342 524 850 606 34 428 603 117 521 921 470 967 15 607 865 321 879 772 21 100 38 795 193 857 975 454 472 960 147 953 65 259 51 126 657 793 647 614 738 735 988 393 645 348 682 69 717 861 255 178 324 424 190 1000 57 107 145 987 81 381 843 362 273 422 834 758 564 22 978 620 77 218 335 815 337 614 602 942 607 23 568 63 411 214 28 88 144 796 221 447 835 691 57 527 679 674 896 70 928 823 464 194 690 61 957 486 256 314 382 296 760 813 107 227 22 13 727 801 73 142 228 379 137 841 208 506 265 765 646 748 729 568 602 82 76 886 991 549 583 
463 281 288 622 151 235 716 835 191 180 212 822 2 867 583 89 236 251 479 912 46 238 821 570 515 939 475 19 925 652 935 344 129 953 313 680 16 650 562 485 345 427 256 986 288 722 662 424 113 282 395 798 651 12 8 233 470 810 497 406 709 764 35 427 45 146 323 745 553 917 997 632 432 343 843 396 442 220 835 169 288 775 64 838 885 232 101 23 110 992 525 181 271 309 484 866 442 451 342 350 914 650 743 701 447 839 968 545 532 920 657 493 857 680 471 387 151 950 166 645 144 67 311 822 456 450 853 14 630 342 59 123 718 714 847 537 320 807 853 368 913 42 361 0 973 780 496 930 461 504 538 190 25 76 643 178 983 119 456 81 796 257 175 910 581 698 135 310 426 286 665 626 713 799 585 767 330 676 339 597 554 594 983 123 599 674 691 741 406 35 83 1000 898 427 352 741 576 25 4 147 148 732 881 627 233 323 726 795 366 301 565 305 404 765 695 182 557 124 197 414 490 305 294 348 700 952 967 977 772 863 574 250 58 834 306 26 322 234 978 141 639 246 31 448 877 901 176 345 3 756 571 0 701 962 706 237 573 454 229 909 644 827 685 643 296 335 201 928 141 70 287 86 721 416 683 788 176 788 989 439 724 899 638 297 410 884 623 8 345 215 643 626 735 739 334 28 495 243 632 395 742 389 589 738 534 681 608 344 554 897 908 834 724 996 789 501 251 283 576 970 240 160 406 798 910 916 461 403 354 134 202 525 558 600 982 923 989 403 798 181 457 577 642 590 781 54 677 172 158 752 276 512 574 47 701 141 219 771 674 475 560 139 588 980 907 351 465 686 729 43 103 199 664 617 276 58 333 259 2 823 906 83 844 940 557 255 571 586 481 420 209 983 68 950 198 424 789 115 834 251 173 994 9 237 423 396 692 396 456 1 644 137 271 802 493 163 672 51 889 106 194 750 201 606 251 237 317 89 617 94 284 967 764 319 719 410 786 991 511 520 958 385 768 107 189 950 454 63 864 956 150 718 526 912 914 945 932 11 263 552 123 905 143 518 178 546 726 599 34 898 245 800 154 890 443 578 94 744 559 62 889 257 206 167 856 639 680 132 886 272 59 825 495 268 918 814 489 713 325 115 
411 641 968 185 212 937 974 532 935 300 867 931 406 666 910 602 169 748 215 667 302 327 206 726 739 280 392 838 811 207 766 641 270 513 574 69 821 999 408 70 97 960 596 350 577 798 855 976 216 710 407 166 834 221 74 411 750 462 46 601 12 327 341 453 527 765 964 261 743 549 449 978 632 600 546 710 477 819 16 415 436 262 743 606 363 54 155 557 443 391 594 550 345 717 956 956 192 520 436 8 924 694 246 562 300 99 847 636 84 595 724 553 510 781 897 557 26 577 940 907 983 80 518 503 821 470 449 746 272 957 413 648 437 38 939 652 171 937 806 796 773 71 335 727 688 202 397 489 284 249 52 811 783 855 480 632 32 886 343 790 426 363 662 160 398 695 648 478 660 430 344 115 48 331 576 568 58 546 479 873 371 687 311 642 978 844 919 475 227 131 631 38 697 624 348 723 46 574 738 633 460 265 466 5 782 672 304 470 896 698 651 319 387 948 673 786 180 734 488 583 941 974 38 229 167 742 476 147 1000 370 258 132 128 530 652 573 956 525 509 135 650 111 889 533 323 478 176 335 803 540 408 641 698 571 384 515 997 923 60 758 414 101 725 360 372 973 158 629 943 914 849 86 776 611 450 204 838 301 382 337 223 46 77 445 139 753 505 140 348 454 747 946 214 686 432 510 346 93 925 499 581 191 394 379 886 52 75 1 360 591 564 967 512 917 997 24 72 310 179 547 326 485 245 114 321 397 667 69 771 362 38 363 833 960 62 566 996 646 85 976 970 440 295 464 673 773 133 581 203 675 383 299 709 122 544 758 9 295 338 410 898 201 945 885 382 718 1 86 238 675 946 831 992 775 876 125 107 539 238 438 392 874 809 465 749 611 153 759 638 483 755 291 562 351 616 699 44 623 122 335 110 796 876 179 69 900 603 922 387 257 165 899 713 284 232 198 83 68 555 805 830 349 427 500 220 24 959 773 782 609 455 671 130 704 888 849 775 696 881 394 949 790 380 493 820 852 838 513 986 880 924 45 792 846 319 493 202 869 156 736 847 984 552 127 778 351 663 899 762 232 469 577 677 539 871 678 434 866 112 153 54 289 432 398 482 104 662 599 161 378 390 814 945 489 37 456 804 190 503 807 
573 458 517 523 773 916 162 777 126 875 890 459 81 775 374 175 427 351 671 385 8 654 242 183 223 577 207 65 59 42 509 850 501 902 130 90 341 645 305 449 367 442 157 55 138 131 742 384 26 231 925 24 511 419 688 857 349 245 975 127 572 156 687 310 166 49 407 14 372 428 368 611 851 34 610 214 581 59 264 735 296 147 433 508 181 146 683 980 74 26 357 311 998 36 107 491 720 433 749 928 212 304 39 432 901 210 858 486 624 607 958 160 15 977 657 824 451 93 343 620 914 51 354 778 170 219 284 106 385 960 319 95 83 82 629 579 174 603 594 502 275 414 40 733 748 453 477 68 417 161 746 365 178 75 507 43 720 990 824 810 741 963 208 767 179 802 934 78 231 712 236 717 55 363 515 353 197 147 202 797 520 493 376 188 733 858 194 301 874 884 153 315 538 410 702 154 885 323 253 642 643 819 404 574 428 194 901 151 944 775 907 931 7 575 506 48 516 518 902 513 891 479 359 30 907 377 68 213 454 130 711 336 295 569 544 769 643 987 99 216 193 890 166 443 982 667 785 829 227 948 505 18 282 885 72 699 496 72 893 111 39 25 416 413 543 554 579 251 767 15 970 811 26 773 734 916 289 512 201 767 500 128 464 582 719 929 927 576 557 93 872 740 678 721 478 937 417 830 75 105 695 761 907 598 475 951 82 714 634 551 938 778 373 446 978 82 953 923 358 1000 546 648 919 486 174 948 500 34 602 225 309 827 347 313 722 147 563 361 598 561 204 362 247 53 73 405 218 464 645 581 243 614 319 450 904 549 940 285 308 754 257 457 619 119 801 889 472 610 198 362 697 615 998 730 684 527 241 415 843 848 200 924 333 777 897 336 241 853 619 518 31 213 977 42 801 36 672 194 549 953 421 160 591 807 257 348 196 367 329 559 241 694 647 764 960 288 647 538 792 387 609 238 155 434 815 199 383 364 417 913 627 274 325 735 772 743 327 706 544 630 135 938 439 305 385 846 522 923 619 627 490 148 224 977 632 327 50 732 627 264 205 678 71 709 3 875 658 128 687 757 277 276 321 24 365 318 816 31 594 934 63 194 308 157 786 0 587 977 142 209 193 873 413 852 112 534 7 244 346 416 
15 115 381 22 224 173 975 924 291 431 582 502 300 491 321 30 178 214 664 777 593 305 560 846 704 141 317 677 617 444 238 799 21 230 253 726 121 301 468 697 542 403 554 537 549 793 292 35 741 605 622 868 195 788 342 311 21 716 286 407 463 881 689 812 733 945 24 309 106 475 894 590 792 715 36 569 891 687 134 487 356 145 58 784 925 876 196 240 54 583 964 415 755 460 872 593 148 371 743 402 303 738 505 229 624 362 218 779 648 690 454 19 969 506 401 443 815 140 716 562 628 928 670 60 396 804 296 382 272 85 811 464 142 155 285 777 835 776 534 60 729 297 306 202 562 472 96 987 919 825 732 95 840 44 365 229 919 255 486 613 488 466 659 924 961 78 706 767 716 816 810 13 171 152 288 271 245 455 568 499 184 832 647 899 961 366 413 762 165 126 540 896 104 442 61 971 748 387 608 459 833 417 965 537 570 825 238 22 692 41 664 621 119 957 478 775 228 266 36 744 657 414 897 537 598 467 852 206 759 901 161 437 322 107 884 140 0 503 779 335 862 261 341 865 298 857 157 520 143 494 335 382 907 357 717 398 924 602 20 204 454 882 416 679 3 214 673 854 205 52 11 234 803 239 169 919 984 13 930 713 122 321 666 667 611 298 189 213 498 499 13 223 249 343 154 676 745 306 499 332 296 603 905 793 214 586 214 275 701 967 827 269 701 790 626 711 372 488 218 377 834 273 412 208 443 713 376 782 950 34 779 271 913 585 839 849 7 936 306 823 996 240 259 884 955 295 28 69 934 403 680 41 327 488 358 20 547 358 291 31 520 520 724 266 629 290 386 77 917 907 103 451 518 459 330 682 170 831 498 661 429 511 564 191 114 921 660 419 194 358 262 814 607 891 578 927 766 901 48 156 924 822 617 117 674 580 942 665 367 110 4 726 240 360 274 481 31 841 427 675 529 346 249 174 40 243 409 56 672 455 606 542 244 359 791 906 313 83 394 50 733 584 875 122 992 937 536 571 822 749 956 631 555 803 947 317 30 151 954 616 571 413 956 889 854 318 390 154 468 718 323 164 82 565 711 775 999 53 191 881 639 858 18 978 672 559 482 31 381 242 954 263 489 176 765 578 181 208 513 33 
634 282 824 262 560 545 877 420 403 263 19 682 783 785 56 833 450 547 190 560 133 719 135 295 628 850 487 994 907 937 298 552 634 187 558 173 133 903 352 882 198 112 598 596 573 399 51 451 56 539 414 500 605 604 820 218 842 531 773 890 585 858 824 864 945 989 403 45 381 878 946 352 86 192 399 644 456 505 438 934 122 421 265 793 15 397 785 909 820 914 954 855 768 164 54 999 882 95 280 702 979 837 476 784 870 733 484 663 558 690 22 43 891 396 743 499 332 760 457 348 649 490 433 849 138 184 248 362 335 590 862 474 393 23 702 928 192 501 892 794 637 671 976 75 885 845 615 5 851 262 7 713 191 276 625 438 896 259 428 175 73 587 812 540 151 789 402 417 752 755 946 383 727 792 379 172 336 718 944 233 156 230 534 80 568 239 673 452 7 742 188 315 597 587 32 247 142 276 757 731 211 46 304 114 800 901 713 412 0 632 673 897 857 933 968 921 632 566 309 299 137 139 122 157 9 828 829 655 152 574 492 818 531 954 599 898 733 834 798 668 963 106 285 689 590 335 167 207 792 463 457 884 504 748 556 413 728 106 798 230 204 541 364 846 330 728 185 192 353 158 869 884 669 987 737 188 401 300 149 144 322 551 758 492 990 778 691 891 146 706 427 608 249 231 136 644 181 518 301 404 545 911 478 521 320 827 783 366 145 148 862 430 84 662 81 578 62 638 522 236 21 457 16 675 202 815 157 934 498 532 12 175 39 389 273 634 423 805 763 481 646 574 964 826 42 626 231 728 583 280 41 320 760 711 294 215 339 221 303 630 939 369 696 792 907 675 196 299 393 455 935 990 332 431 609 610 357 736 751 153 100 495 98 463 920 468 190 217 302 460 791 749 912 445 331 914 563 175 826 902 939 853 328 160 412 953 959 722 118 775 263 724 737 716 870 595 222 647 913 164 784 383 615 858 983 165 577 78 364 896 295 640 598 652 165 385 839 114 858 96 56 357 360 65 595 500 609 151 123 705 592 853 18 701 212 273 912 695 133 714 568 110 534 258 985 827 621 521 218 819 534 16 914 563 12 700 302 811 574 871 836 26 850 377 257 256 748 585 958 538 959 214 947 872 856 810 10 692 4 691 
464 935 126 945 554 526 142 384 589 66 405 165 881 152 769 224 162 792 927 187 778 163 245 781 266 539 449 381 900 282 654 783 472 932 222 92 69 628 742 329 695 780 909 468 410 93 534 768 997 826 806 310 805 775 928 379 951 638 373 42 318 983 339 894 223 665 89 690 592 465 667 846 263 105 216 989 499 842 501 612 692 272 272 731 6 420 344 176 546 594 955 543 194 519 307 330 205 249 785 658 351 897 554 402 86 884 262 839 768 83 975 700 310 369 544 748 14 689 206 965 411 808 550 270 156 334 361 691 254 675 88 40 298 900 256 6 871 461 35 455 428 825 912 954 843 912 808 873 156 986 598 55 774 793 199 657 406 39 941 193 218 639 60 151 360 89 808 616 572 242 936 307 29 217 696 590 825 106 34 426 353 464 858 712 97 897 557 503 886 322 660 111 368 767 192 614 159 628 791 957 440 905 529 215 586 386 338 373 635 396 602 220 561 582 106 339 587 324 786 408 831 176 168 719 977 493 283 603 502 428 140 495 230 780 83 895 168 599 360 118 721 772 614 312 133 301 764 781 121 27 643 574 931 414 356 44 590 465 157 393 701 753 112 490 46 143 783 476 381 947 569 353 600 757 554 986 502 301 656 188 302 921 464 907 802 863 276 901 374 591 471 850 153 397 168 883 932 435 413 994 968 241 553 224 851 203 753 461 140 448 692 545 231 249 51 546 910 95 615 263 422 927 445 455 577 282 964 217 810 329 946 947 936 611 253 365 418 348 762 247 887 27 709 118 93 348 519 657 42 848 216 514 216 112 469 795 677 389 141 686 976 445 872 855 281 201 248 49 395 642 693 903 107 448 108 164 555 146 484 657 643 976 421 733 131 822 626 499 234 595 385 812 803 809 756 623 926 808 413 77 697 74 246 726 11 563 505 237 19 479 467 856 549 569 591 500 220 193 607 9 731 864 734 659 56 469 923 298 164 631 140 497 508 160 501 245 602 738 782 144 476 533 828 970 935 740 384 953 7 360 764 356 409 580 383 200 142 377 382 313 707 480 313 51 429 419 456 429 956 492 484 998 116 226 197 236 550 453 904 962 136 253 734 754 939 151 84 55 103 11 787 314 122 601 907 735 468 12 552 650 
254 475 49 23 184 213 892 63 680 528 271 145 191 730 521 400 559 80 121 518 289 365 816 476 990 193 98 837 15 778 23 833 232 129 23 164 784 358 884 179 968 211 386 152 401 775 30 722 702 945 849 716 246 844 398 730 534 606 591 856 443 182 226 192 513 673 772 922 574 258 188 810 109 705 580 655 685 201 673 39 972 891 243 491 89 535 323 647 135 361 58 528 452 620 300 857 688 51 515 623 238 314 498 685 2 680 495 485 857 618 130 949 631 889 584 8 438 806 553 855 656 104 80 693 900 399 980 234 314 996 598 310 96 798 934 712 463 569 945 828 203 126 711 399 188 659 905 37 395 232 818 946 503 873 858 354 600 614 108 453 813 18 730 219 445 216 180 576 824 652 728 363 365 483 868 593 445 242 521 80 77 823 236 254 389 727 518 740 420 877 793 3 533 139 260 187 208 286 308 215 938 322 773 555 775 659 55 964 890 736 620 380 123 840 25 640 432 543 316 297 249 523 548 146 200 718 200 216 800 151 101 68 671 864 669 85 94 808 82 709 361 247 646 707 539 349 831 382 420 444 277 592 353 295 448 981 240 962 455 629 727 587 348 162 430 838 891 968 928 560 590 501 485 921 426 922 663 847 958 625 354 192 510 216 662 443 779 810 182 305 887 184 822 325 285 311 567 883 327 3 30 971 32 786 508 974 29 150 981 193 889 298 713 992 387 758 639 242 832 351 366 485 478 175 225 78 315 793 876 566 384 837 426 288 459 247 715 911 506 280 958 889 194 366 677 324 929 509 694 116 578 264 795 993 169 370 639 79 324 554 18 937 605 790 911 311 979 382 519 136 370 957 539 534 997 291 591 306 513 471 560 69 112 90 755 392 72 206 7 737 520 582 118 389 446 659 688 906 576 182 630 990 722 527 769 60 457 45 320 335 968 306 622 442 320 380 671 421 798 514 19 977 66 267 211 92 577 757 762 121 510 767 353 42 492 326 66 601 391 687 719 128 663 684 516 737 641 700 587 81 741 0 387 681 426 51 509 684 837 678 359 309 589 110 796 883 395 60 460 570 816 84 495 129 65 321 309 768 98 584 179 494 230 836 805 602 138 384 461 188 501 391 423 172 463 182 108 729 578 285 
945 399 892 1000 940 106 20 768 243 119 943 259 388 259 371 434 483 898 73 716 145 511 315 893 925 854 502 390 502 510 258 276 27 710 321 257 750 466 580 263 913 626 107 111 27 19 318 830 603 55 271 905 91 623 34 984 673 793 377 867 824 177 362 957 634 977 821 677 704 52 536 81 12 892 868 681 312 659 372 532 783 901 418 396 365 855 598 686 668 185 692 527 55 441 913 714 691 800 396 145 387 521 750 887 722 999 686 922 430 837 996 764 225 688 442 82 772 427 335 718 17 987 4 821 539 191 378 84 737 236 240 43 123 700 458 694 16 379 421 591 152 771 634 330 303 828 955 547 971 95 841 709 918 654 79 684 119 120 543 375 952 331 578 320 295 619 397 357 119 835 654 799 813 1 461 142 473 736 337 412 506 313 131 192 479 266 359 177 709 550 85 67 910 684 992 261 211 158 970 570 838 528 315 498 345 119 743 201 710 215 322 966 471 652 106 101 488 347 590 56 751 536 596 279 169 179 545 93 493 664 583 426 741 520 819 303 98 717 462 291 7 451 772 667 883 168 311 411 155 549 619 843 942 439 321 237 366 183 77 433 351 398 116 47 189 210 860 463 804 331 719 441 923 865 44 301 318 569 856 741 130 544 147 433 308 654 534 59 582 898 523 405 117 835 69 289 510 989 484 852 453 835 408 570 274 860 599 151 28 520 716 756 665 724 781 31 866 716 859 444 405 791 17 234 919 670 463 450 513 795 662 683 483 898 312 352 287 63 840 354 985 472 351 239 928 729 461 203 468 498 851 85 483 702 65 96 597 905 925 414 76 193 889 862 838 119 137 817 250 290 529 114 691 925 289 579 280 976 758 156 838 700 782 445 867 684 859 685 552 253 790 822 370 611 813 807 978 188 411 563 155 907 226 18 511 163 586 544 518 86 884 301 38 389 240 901 700 736 580 65 311 750 287 735 886 643 947 749 559 269 629 804 800 411 876 502 48 740 631 138 293 248 195 804 213 953 920 924 689 527 421 677 637 491 560 565 633 162 315 447 793 50 968 600 524 652 843 434 655 604 90 804 521 91 433 428 892 380 145 139 929 695 805 51 314 578 431 332 14 685 426 786 793 474 186 945 621 395 626 782 
269 576 971 594 689 538 28 338 259 536 386 626 900 660 34 106 675 48 430 65 434 49 117 375 478 701 843 235 536 249 795 819 376 513 829 289 101 71 713 755 82 560 369 922 479 378 91 879 571 41 867 73 236 786 42 93 317 691 901 172 34 675 664 544 832 571 188 947 35 365 876 263 454 445 673 229 885 418 990 134 304 499 994 686 352 659 235 751 410 273 710 949 199 459 588 264 648 511 176 645 655 690 843 984 748 996 681 504 406 78 907 904 367 840 98 739 565 372 506 638 273 556 149 923 916 892 589 751 478 257 896 256 312 86 720 951 381 544 813 448 764 765 773 426 881 547 615 169 227 56 848 752 28 868 851 952 395 666 433 524 52 841 110 828 275 413 677 763 929 594 82 179 231 413 673 874 114 829 17 439 765 84 718 658 551 631 724 765 617 52 463 260 640 87 386 697 485 893 120 782 604 611 900 273 684 867 122 774 828 426 885 818 657 443 35 823 786 97 590 14 493 163 865 537 696 283 858 354 138 800 789 917 562 642 487 669 646 213 74 550 952 4 508 739 643 245 43 711 229 117 636 450 833 749 810 138 496 947 891 70 569 81 494 834 333 557 123 847 623 635 17 576 600 827 5 884 663 247 229 221 515 167 794 550 465 738 332 383 477 925 565 815 212 754 63 367 240 284 767 699 679 947 974 769 252 761 325 498 263 395 36 407 808 410 488 80 385 930 694 69 335 953 129 27 419 543 874 202 178 909 635 298 950 394 409 649 320 394 592 512 396 404 345 813 843 581 502 871 480 95 85 257 442 605 112 285 138 844 295 271 614 525 831 955 853 301 888 420 31 709 440 673 389 74 651 762 1 418 764 6 426 733 682 201 447 109 85 29 539 240 928 139 187 976 434 72 779 496 330 532 144 636 485 672 880 829 227 91 541 706 818 5 315 824 13 184 82 39 108 22 773 249 958 516 596 615 486 786 123 181 434 663 730 661 177 368 721 779 754 588 107 362 739 600 902 278 931 506 98 904 900 362 848 45 916 663 941 667 371 131 828 218 801 341 238 332 426 248 732 415 672 473 326 71 805 859 299 323 271 991 944 236 111 603 175 726 902 818 997 42 867 31 561 889 921 307 191 967 888 665 
131 464 329 207 765 614 54 130 52 151 648 374 962 944 959 949 897 655 972 323 63 311 240 589 476 789 10 103 662 446 140 146 913 270 5 451 440 520 362 83 950 114 382 611 524 439 654 848 48 13 420 26 208 878 554 490 427 462 960 896 943 755 904 995 496 778 521 184 680 713 801 532 658 117 738 933 428 998 67 13 207 557 986 308 205 610 586 277 198 613 543 75 561 206 995 775 188 828 155 291 526 968 334 649 999 465 140 352 845 797 479 779 716 127 558 414 367 636 651 142 253 726 795 216 400 917 503 681 95 876 82 245 592 296 961 70 629 619 216 632 239 917 957 295 176 492 315 760 405 69 819 17 972 82 95 247 238 46 185 728 198 128 248 725 866 939 572 524 936 337 30 328 41 818 435 330 194 104 876 61 420 0 285 493 716 148 639 542 69 913 244 607 319 708 483 677 977 322 667 736 420 469 790 751 232 778 729 678 351 328 405 246 394 274 772 199 16 422 373 187 378 908 814 619 295 257 498 685 208 86 784 618 972 501 152 951 107 664 172 37 682 703 53 536 289 503 502 429 728 394 208 233 593 834 791 179 421 783 521 660 968 886 499 285 605 892 976 669 117 322 495 101 146 902 745 313 403 401 810 527 630 748 536 11 75 95 268 3 391 399 849 454 534 470 97 637 856 540 698 833 936 66 711 604 677 654 656 726 972 339 384 653 1000 815 662 910 540 771 39 999 353 683 912 397 331 481 503 361 115 22 870 277 752 767 97 428 920 963 664 992 286 732 736 357 948 515 122 293 300 609 93 588 630 982 528 902 115 219 88 549 962 510 928 45 65 617 543 777 719 528 54 520 868 859 402 633 698 596 906 134 779 506 34 717 428 968 96 605 200 825 814 639 176 364 791 809 935 313 335 792 743 463 888 581 397 765 596 874 6 883 569 510 578 990 573 981 686 577 285 582 587 243 861 42 14 184 271 561 610 999 890 406 377 101 143 598 295 820 34 54 934 598 91 892 137 50 334 861 6 858 1000 371 999 72 38 303 880 39 634 378 86 796 227 972 659 499 407 355 395 706 589 59 20 386 453 582 342 148 568 515 658 811 40 690 220 575 253 50 514 255 743 471 751 679 41 773 497 609 807 414 
774 186 713 946 861 440 85 181 64 546 336 43 224 929 180 607 369 769 399 817 100 61 196 192 696 373 229 899 388 661 58 96 964 555 986 518 290 595 184 288 460 111 961 216 114 863 38 561 23 226 254 311 626 114 565 572 752 478 384 393 123 226 867 135 673 131 755 559 148 304 891 78 846 401 60 724 433 862 978 895 76 27 722 108 814 702 772 802 832 177 189 963 132 610 501 333 908 32 934 142 816 624 352 101 177 285 563 437 776 454 734 532 87 306 317 341 566 518 462 688 419 692 322 462 74 937 629 887 825 97 537 907 320 512 407 202 583 248 564 887 776 390 227 560 460 1 441 502 721 822 629 105 333 70 283 664 404 709 220 10 218 114 773 494 345 375 863 921 420 568 146 833 450 890 565 31 59 676 606 691 90 295 490 232 856 964 963 791 46 149 82 758 341 477 195 254 542 641 953 852 503 605 168 389 641 290 229 50 442 713 287 139 400 155 629 62 806 168 907 352 174 303 94 763 67 158 401 170 665 419 820 505 392 683 656 498 194 909 222 904 567 661 185 658 58 665 855 355 728 484 463 533 864 829 273 644 960 38 861 120 854 511 32 199 207 315 414 305 664 23 762 785 799 601 143 51 270 423 552 713 709 659 322 68 52 696 585 667 82 810 34 723 247 913 93 957 832 687 173 361 327 623 77 718 965 155 870 958 828 453 280 35 448 503 132 878 522 320 764 606 310 182 602 657 670 272 562 609 993 39 76 151 162 797 899 211 717 623 203 438 197 133 718 154 437 64 152 189 416 423 366 172 409 670 913 798 883 601 862 247 199 318 568 67 757 558 518 38 842 460 791 928 588 304 731 969 292 639 145 606 696 633 633 557 37 694 38 430 455 1 94 167 525 847 539 515 207 390 196 566 593 862 897 832 872 813 841 533 294 855 516 853 318 135 689 981 503 557 523 789 756 818 469 212 758 281 265 965 407 878 459 185 286 371 831 628 295 335 42 858 218 38 343 919 568 320 365 597 493 354 276 626 399 89 735 717 812 250 48 258 897 856 393 344 705 745 398 962 215 511 117 409 831 669 286 515 687 898 904 112 319 290 471 252 620 826 857 245 288 632 207 538 44 721 764 227 127 951 819 460 
745 28 763 426 589 502 622 565 43 728 657 698 750 543 244 9 306 781 860 666 67 554 900 132 544 99 258 319 658 678 215 947 956 714 484 960 27 509 162 150 573 529 372 831 476 407 923 154 428 848 27 346 10 949 494 580 866 588 328 825 972 938 12 252 341 71 403 590 182 24 673 892 728 194 94 32 40 384 388 600 762 991 686 889 942 884 57 395 860 973 621 672 761 574 501 808 760 851 418 530 997 293 615 897 645 451 103 388 103 431 426 213 819 954 423 221 868 65 567 545 763 985 692 764 780 111 789 245 230 371 852 147 243 695 456 257 147 383 933 235 848 181 1 251 495 91 998 338 759 591 967 654 318 292 323 391 720 270 557 321 721 185 299 680 41 334 968 72 939 891 183 254 597 414 380 160 925 823 796 671 756 221 612 627 29 624 75 625 218 363 588 39 505 209 882 809 336 54 930 551 761 512 382 746 746 42 604 448 196 254 762 448 479 9 608 259 318 796 306 837 152 232 178 630 746 597 259 477 908 963 620 827 112 582 67 553 256 219 383 537 57 80 707 708 419 611 237 472 485 497 15 730 936 136 897 568 286 381 953 182 33 700 679 559 988 836 731 125 981 778 585 583 117 817 428 943 743 57 718 777 770 110 4 695 608 907 603 242 59 65 929 520 942 482 74 160 615 415 713 158 706 637 722 735 602 978 434 33 178 93 646 622 945 848 297 755 306 194 337 509 442 818 589 781 135 130 332 730 369 98 768 822 181 634 236 354 370 610 768 725 297 801 811 949 865 586 491 811 17 200 169 982 191 625 111 244 721 262 324 723 940 915 744 732 801 988 495 923 890 308 375 741 949 993 973 355 188 701 798 631 636 113 674 187 459 552 722 693 7 489 988 851 985 842 997 515 167 330 724 139 322 212 164 739 698 363 168 55 471 304 919 588 890 741 812 545 625 471 164 51 125 659 369 295 154 31 714 198 653 884 299 938 391 654 746 153 912 65 861 147 840 817 828 81 648 794 525 558 601 543 623 57 85 821 28 472 376 945 361 335 407 735 166 601 944 354 864 394 960 131 256 755 682 740 191 980 456 706 529 400 900 668 19 315 429 180 109 557 880 758 256 892 484 744 377 415 434 687 784 857 
488 406 152 281 822 120 764 229 919 168 277 889 465 958 809 332 594 16 134 618 653 392 85 70 168 662 242 658 897 640 163 697 96 764 220 352 114 25 295 66 476 234 161 656 128 126 921 48 418 428 890 924 438 664 46 61 379 315 11 801 466 398 7 243 849 387 399 601 584 972 150 42 554 655 635 134 584 723 630 419 899 621 28 998 968 894 46 636 985 561 757 991 169 186 337 154 592 95 127 505 255 461 139 292 170 342 676 537 331 839 133 211 349 195 816 693 655 904 129 980 181 396 873 329 620 249 505 811 782 114 151 49 621 460 269 695 908 246 892 862 292 379 675 964 271 267 744 994 562 540 467 685 992 564 167 682 982 478 411 992 526 743 392 551 200 306 628 661 960 522 919 967 409 569 575 797 308 71 190 955 233 785 568 604 203 488 54 179 713 866 549 798 693 605 870 647 115 955 230 505 366 841 798 188 872 38 732 829 35 258 299 668 105 12 296 95 286 737 590 401 581 466 724 249 321 292 159 677 843 778 155 744 586 116 506 56 519 721 549 984 143 36 802 688 187 162 142 575 804 98 138 38 754 155 327 256 275 767 203 815 786 267 96 260 47 539 276 368 242 911 6 187 791 114 771 646 445 789 137 308 56 653 215 968 172 345 355 41 580 24 405 330 29 16 362 511 116 250 727 143 322 126 425 822 578 595 231 331 34 885 288 593 626 19 602 720 539 675 229 221 800 633 845 656 538 880 634 851 981 906 526 99 656 81 213 548 905 771 402 915 625 981 171 539 49 768 206 239 840 512 526 668 286 555 468 370 451 747 592 404 471 702 742 758 828 146 189 604 757 644 608 967 230 553 59 790 59 89 705 365 510 753 821 260 297 965 381 670 601 68 394 918 363 566 251 123 215 56 941 107 308 425 340 740 305 474 796 984 125 346 8 986 645 236 186 145 84 261 129 660 176 882 775 241 711 422 398 854 401 629 395 63 256 801 706 849 901 961 731 895 297 679 235 579 444 405 88 305 415 276 506 499 380 348 59 549 528 117 808 577 969 468 825 884 501 553 887 804 492 844 799 854 793 779 671 301 222 977 968 502 296 658 686 165 773 343 277 402 938 872 781 742 85 150 534 693 855 975 907 857 
989 340 463 384 495 179 88 990 865 107 622 728 855 130 52 883 962 270 4 214 756 964 667 510 920 516 622 226 756 1000 541 647 630 195 887 715 666 281 650 603 482 187 202 531 73 140 554 429 554 929 214 446 748 183 776 317 15 122 791 927 860 89 903 437 789 549 387 853 319 944 116 364 136 880 904 103 416 578 543 606 0 679 640 633 118 759 169 419 56 509 734 942 197 116 872 463 470 653 829 584 163 703 332 254 450 936 496 756 433 292 648 946 524 785 729 512 408 419 651 941 309 700 110 13 563 242 815 854 888 256 797 564 66 604 60 776 68 959 364 119 781 871 503 2 514 42 200 627 376 433 613 594 77 295 240 81 929 341 807 333 774 730 651 437 255 518 621 997 193 192 677 844 466 562 95 998 586 730 864 633 424 320 846 989 396 242 928 608 857 21 983 247 951 622 595 645 206 130 702 330 97 317 501 859 733 79 442 561 49 848 244 185 978 106 245 537 833 177 977 870 217 723 584 601 135 181 280 916 33 808 842 835 88 349 60 777 959 771 466 499 466 899 976 634 783 473 982 380 529 999 631 267 277 536 679 83 400 82 567 623 953 513 218 75 77 184 177 519 575 713 733 937 464 476 470 862 148 527 268 861 796 545 157 54 676 166 968 842 69 269 830 5 727 200 513 673 675 591 594 590 971 557 63 983 304 869 829 48 983 393 765 938 361 372 655 282 346 197 531 792 929 877 30 569 256 942 461 258 969 191 860 991 785 318 215 838 615 709 489 459 245 696 237 593 618 963 134 97 673 20 423 574 703 529 316 508 634 847 940 795 962 689 515 465 165 671 331 611 236 796 67 922 338 298 630 677 500 415 551 357 699 613 757 998 602 198 730 399 898 142 284 681 726 332 174 622 386 566 939 844 58 701 665 154 188 603 986 230 828 891 827 304 773 435 771 991 890 806 67 357 643 465 152 314 317 92 383 182 787 906 741 446 238 882 668 709 93 541 618 469 630 865 322 592 118 773 727 873 844 942 616 598 442 491 181 353 317 823 971 802 762 410 234 432 886 242 865 572 333 847 710 723 701 687 680 318 690 839 230 198 739 897 70 212 36 91 249 137 838 672 647 360 401 841 802 425 694 528 231 373 
657 684 566 764 768 29 826 606 264 106 9 892 676 475 60 534 951 301 595 251 300 906 277 236 811 137 101 336 495 512 633 275 477 168 637 869 101 94 717 166 402 617 366 689 927 415 827 5 736 407 15 769 177 374 112 901 472 27 573 120 969 830 917 935 193 161 248 310 574 893 336 366 9 198 575 600 33 397 8 123 787 73 543 464 487 377 906 468 662 114 654 459 279 225 280 802 729 626 824 219 494 956 404 195 652 115 288 320 815 390 261 450 834 488 156 292 988 465 771 372 483 638 36 190 645 758 971 226 775 775 244 791 655 794 244 669 539 32 263 649 178 284 654 598 111 352 52 488 830 117 563 726 172 815 193 361 331 407 121 419 107 315 66 674 996 272 480 231 224 173 11 219 682 894 888 678 307 10 667 992 808 471 351 634 847 558 501 355 977 890 714 661 140 550 843 135 796 119 330 49 524 795 786 912 893 273 607 583 478 454 137 390 583 920 799 566 26 78 677 995 826 277 437 945 315 255 69 5 96 662 639 107 509 2 956 881 156 32 563 732 38 953 581 247 558 922 304 756 500 381 761 418 229 442 793 972 891 371 820 255 525 935 236 789 856 691 538 914 605 292 611 873 444 240 0 146 214 195 733 9 229 558 867 366 287 746 757 380 693 184 549 178 303 980 407 658 432 742 437 16 366 101 494 531 210 134 531 691 928 818 260 909 26 762 835 581 267 962 498 347 237 831 764 505 740 593 791 635 503 53 782 952 890 470 431 905 197 976 157 718 686 503 577 164 421 303 659 609 559 855 149 536 819 116 572 786 641 378 718 409 640 952 804 158 60 990 220 821 400 253 797 649 169 534 357 953 15 484 867 545 24 765 272 28 167 799 886 359 696 623 999 245 576 341 775 721 565 708 774 886 308 106 633 467 702 791 348 659 297 815 102 973 222 490 550 565 850 735 296 547 18 293 905 653 347 519 875 356 113 247 568 357 296 961 797 328 718 704 30 761 264 623 460 571 187 443 658 352 782 909 457 121 359 850 274 441 784 235 670 766 186 933 29 671 211 82 39 400 306 968 786 456 899 706 425 620 114 894 86 972 779 719 501 92 554 959 779 800 289 625 925 402 645 77 517 309 973 571 982 697 
876 700 4 189 604 906 55 257 754 162 799 99 520 857 263 744 672 874 543 746 656 739 683 282 364 878 449 56 325 620 12 648 274 833 71 262 303 768 531 493 684 620 904 453 897 396 445 404 926 126 546 235 827 780 856 59 673 597 318 403 127 996 675 78 85 980 694 903 604 205 125 654 234 197 814 277 456 978 836 264 382 306 922 288 264 312 348 666 399 331 854 648 733 167 82 104 239 176 531 547 499 396 230 528 499 350 954 375 16 961 433 769 502 416 791 295 22 580 73 196 629 775 683 185 614 941 209 418 137 873 619 423 595 740 842 188 489 537 500 406 390 551 698 846 268 43 710 347 453 886 491 932 366 1000 504 929 876 466 592 858 194 111 745 5 851 853 337 227 480 488 818 761 421 408 972 295 231 844 168 692 728 714 489 961 415 297 975 330 323 291 283 894 278 100 633 704 344 103 148 616 645 751 997 95 300 56 597 745 767 959 391 962 303 325 440 680 322 331 237 890 776 622 835 154 502 899 671 474 441 920 947 761 934 513 715 461 659 608 919 828 984 237 240 235 615 838 998 659 576 301 282 233 520 321 325 241 639 946 564 881 114 608 96 855 18 449 280 587 757 831 825 87 958 110 1000 224 287 951 664 185 884 123 278 18 628 197 139 617 979 603 473 237 990 527 318 12 639 784 499 426 853 166 256 138 258 641 676 360 741 151 549 578 4 863 921 150 995 382 923 842 350 558 995 402 567 21 108 392 860 253 434 197 330 417 350 967 746 736 254 932 655 687 528 727 440 926 975 840 946 856 254 181 507 202 548 220 805 618 434 263 794 867 359 927 290 690 950 166 458 902 300 895 340 198 700 444 632 387 308 709 786 618 358 968 279 968 451 204 117 655 161 668 804 68 558 487 522 795 352 345 514 899 425 125 982 309 34 813 330 950 310 344 695 634 549 192 485 445 115 187 917 335 185 265 729 376 396 974 572 965 846 395 38 89 933 14 412 280 945 286 191 314 864 180 917 539 251 46 625 804 456 351 392 602 360 750 788 589 288 27 94 944 618 324 295 944 323 898 173 592 329 40 610 214 127 175 713 531 815 734 12 782 480 183 138 778 17 146 263 353 337 364 38 571 639 222 685 102 50 850 
136 603 953 159 479 476 752 206 781 977 624 634 377 837 781 86 744 847 404 37 921 56 502 931 380 226 833 878 194 849 921 584 521 538 749 916 895 759 1 405 108 596 241 982 310 730 816 550 767 227 208 739 476 513 624 287 68 171 661 409 602 312 219 214 348 362 292 466 310 456 718 343 908 486 572 187 222 399 205 528 29 869 989 251 663 603 671 988 714 816 983 291 373 101 940 561 125 912 265 366 283 862 304 752 327 198 95 820 959 885 473 167 255 561 783 237 955 530 933 572 668 267 852 815 378 2 461 803 323 358 785 278 217 361 245 24 259 652 508 944 718 768 202 497 991 347 909 47 889 605 282 127 370 80 769 62 642 805 2 820 866 986 126 348 856 111 44 721 580 875 851 500 39 678 855 56 345 285 641 968 143 726 212 575 626 360 65 229 99 949 220 846 934 446 72 598 818 564 430 650 558 436 102 669 601 686 624 118 305 12 778 550 872 19 769 269 103 719 750 207 615 936 308 48 127 389 716 699 719 771 660 198 123 88 785 950 774 711 685 315 728 889 546 62 112 397 955 491 95 595 559 798 270 520 412 311 950 453 299 462 183 521 820 819 900 798 512 134 276 709 527 675 649 107 917 274 11 981 569 176 639 870 568 421 803 466 727 776 825 944 578 443 15 794 825 959 988 518 549 299 827 938 952 189 673 930 971 317 687 839 470 870 418 880 998 715 89 889 52 187 886 974 590 516 474 695 285 772 35 993 950 470 435 385 672 909 140 91 792 676 443 330 324 504 72 644 516 263 694 270 327 503 681 284 219 585 279 429 411 947 896 406 624 183 402 611 24 310 963 597 125 502 755 291 825 645 51 239 850 313 878 223 191 438 150 733 518 494 328 791 273 943 218 470 729 403 541 98 544 816 241 196 168 345 411 878 318 838 528 185 512 442 895 343 498 548 585 735 455 617 10 721 23 475 434 149 963 845 964 120 229 754 609 103 444 57 893 236 5 684 30 7 473 592 80 215 56 593 969 400 716 583 732 899 605 374 835 992 382 306 848 119 769 522 282 313 405 241 722 904 88 582 747 362 507 986 920 978 596 325 603 937 50 753 311 507 944 289 390 654 105 558 358 111 679 571 65 207 87 19 
386 437 982 275 837 407 909 516 231 35 340 306 864 277 634 1 231 649 304 33 471 919 557 410 480 724 722 582 92 485 951 384 75 147 708 993 855 350 619 119 435 497 498 738 99 719 566 1000 532 603 906 829 427 482 242 30 473 700 673 150 585 237 298 297 359 750 104 579 387 775 57 749 586 688 228 917 841 380 339 943 31 59 878 57 657 431 198 675 804 447 708 188 983 495 374 453 658 597 478 607 761 441 110 508 588 29 181 447 842 520 522 732 396 19 430 749 594 645 574 993 740 149 402 718 880 169 361 834 397 448 764 870 553 970 121 392 922 717 955 764 535 910 553 106 833 602 195 307 226 616 158 82 804 164 163 261 666 49 305 896 587 129 283 527 329 389 926 142 232 537 760 722 79 627 771 274 452 79 252 261 473 45 779 890 470 175 366 210 340 384 119 733 314 500 616 285 324 735 609 926 657 453 709 876 282 696 355 33 19 694 158 249 854 838 226 910 787 621 575 156 268 628 748 992 364 366 989 696 101 287 886 139 471 475 402 987 681 760 422 641 253 761 399 16 154 571 931 90 650 826 76 375 597 746 816 966 919 888 537 701 128 553 587 584 537 141 736 262 604 358 176 461 46 977 452 289 757 567 538 45 322 885 201 321 902 134 559 541 758 740 136 707 733 847 97 784 133 938 723 731 913 553 430 775 350 350 672 232 154 203 272 613 189 445 214 855 122 230 639 455 153 956 201 62 347 652 700 784 418 446 256 945 631 133 225 332 692 363 601 445 509 81 22 179 679 734 100 925 845 792 795 634 934 458 510 870 912 805 367 37 779 195 875 562 715 888 91 16 325 543 190 639 182 932 424 708 937 616 507 585 311 960 504 840 382 55 650 768 420 61 293 615 590 737 649 424 454 67 584 988 275 588 420 942 915 434 790 461 885 921 237 197 292 128 710 290 735 22 865 482 734 602 72 952 224 658 154 190 787 182 12 54 631 763 908 101 133 275 916 33 715 757 608 448 168 562 967 684 745 471 870 254 353 848 326 33 530 175 546 469 618 765 250 711 925 343 847 176 93 742 761 21 604 909 464 491 244 265 264 128 268 146 612 100 570 271 363 680 383 782 23 820 264 935 699 34 990 934 836 779 
339 849 712 600 834 152 197 919 69 628 830 961 203 313 163 154 685 919 953 168 731 490 126 666 414 243 892 733 74 915 964 734 801 997 660 557 253 922 110 889 480 32 146 128 981 191 514 249 773 947 656 102 196 897 597 793 19 57 962 480 969 707 214 76 160 648 205 716 385 833 872 565 870 994 901 895 391 68 746 15 451 361 270 244 138 840 632 526 207 666 407 146 262 9 151 248 667 839 866 125 546 916 205 29 729 626 199 0 267 567 730 241 60 738 646 997 867 455 796 514 513 932 58 533 345 951 844 292 494 977 369 199 412 841 507 46 284 135 964 794 108 533 975 824 506 301 519 20 806 808 568 23 929 547 555 320 579 505 169 291 137 569 44 821 857 992 532 453 185 17 428 646 43 482 870 145 246 398 522 618 263 161 400 547 221 910 95 772 679 782 67 879 623 522 64 200 863 273 149 330 224 289 923 302 156 600 199 693 257 104 827 262 482 940 118 682 145 766 926 615 646 171 752 860 344 175 8 197 25 399 972 563 865 974 402 476 21 516 835 798 673 729 155 480 599 320 641 565 365 145 445 292 359 359 395 791 902 427 796 841 31 80 105 745 83 587 193 779 564 828 801 966 553 919 429 807 899 560 841 860 218 727 770 745 293 12 290 965 714 636 538 413 145 276 607 409 196 222 938 640 132 540 529 722 339 695 307 579 669 405 898 197 0 211 389 686 932 362 753 999 119 771 28 332 354 1 995 243 799 141 866 265 78 342 426 272 110 658 775 38 284 116 93 312 552 843 817 406 730 891 383 226 216 740 897 775 107 972 14 412 713 172 264 358 137 59 84 950 403 315 629 923 228 790 664 579 559 272 577 181 66 354 884 470 205 122 763 538 249 321 586 120 651 242 254 859 109 151 62 395 712 661 57 304 616 622 228 478 869 200 408 712 525 231 268 178 974 317 543 801 263 606 92 441 14 640 309 519 130 176 967 616 75 9 558 24 334 725 461 455 504 590 52 279 558 63 769 154 734 905 155 879 304 664 227 438 579 48 586 381 254 862 879 752 316 461 53 422 484 603 287 659 68 147 961 131 627 805 764 240 280 251 398 575 531 101 585 867 11 810 87 279 302 700 227 798 162 143 913 603 
496 871 750 928 852 520 555 974 110 483 317 543 440 328 845 135 390 253 707 965 196 473 530 522 242 182 287 443 719 815 416 609 528 117 306 106 642 332 34 634 864 954 147 63 942 83 819 852 181 877 373 215 111 163 143 967 333 834 788 356 645 859 99 644 425 87 73 590 507 395 5 119 369 224 382 509 946 300 456 175 246 631 708 771 508 196 401 724 124 302 704 956 768 37 592 140 546 871 200 500 532 285 779 60 446 36 965 476 346 65 384 500 332 829 622 305 12 492 619 916 362 224 870 529 234 476 466 647 463 583 49 60 235 662 900 895 301 315 878 843 154 317 308 919 796 663 351 270 944 665 339 163 974 475 895 500 450 935 418 712 706 826 344 555 181 357 357 717 878 954 228 688 357 998 321 569 65 225 869 308 508 223 27 288 571 55 808 809 284 82 652 221 595 581 471 305 305 796 986 516 832 326 497 561 308 815 557 586 11 813 90 399 23 619 982 168 589 858 168 98 112 92 676 158 983 137 419 299 928 906 867 13 164 862 663 865 100 378 984 471 729 202 484 872 418 720 147 633 336 952 342 855 405 39 724 452 771 216 260 539 762 494 712 380 144 106 379 254 889 916 600 833 144 621 428 581 584 920 346 296 87 824 432 852 55 537 866 967 624 65 415 106 718 763 110 713 522 632 76 533 442 11 368 451 758 444 140 461 86 36 24 115 140 238 177 108 776 454 142 125 918 127 342 122 632 353 60 999 259 245 662 717 842 905 171 966 170 811 535 699 634 553 752 433 866 843 411 519 292 851 740 516 730 532 761 356 880 335 756 31 970 704 800 240 421 424 420 365 130 877 289 443 840 958 863 35 80 938 167 147 969 795 964 695 430 142 316 177 602 761 2 978 192 570 952 257 983 339 969 947 827 644 147 170 787 377 469 696 62 234 967 309 850 299 99 565 96 673 539 918 700 169 769 682 391 686 460 740 938 453 183 644 937 572 642 638 763 219 706 409 477 552 943 174 953 412 683 364 817 339 425 821 326 743 270 767 518 703 396 709 799 655 713 652 673 769 8 110 710 81 702 453 489 413 892 258 460 69 776 519 238 239 656 83 695 177 519 99 4 545 133 865 566 471 826 957 403 362 821 764 
469 246 819 782 74 286 152 784 810 760 456 178 138 881 516 997 841 175 550 276 346 372 823 724 983 387 37 642 916 873 69 785 402 528 498 392 905 882 861 249 952 539 117 46 41 490 446 524 518 998 887 541 327 991 657 665 901 940 847 128 460 128 31 612 267 18 260 106 130 755 26 730 285 721 299 427 451 322 320 184 273 664 580 409 311 85 0 447 358 962 251 809 190 555 966 155 628 200 568 735 21 601 66 70 949 772 740 581 127 364 281 774 49 161 96 252 77 988 281 672 699 475 475 561 296 326 335 438 17 719 485 49 727 72 417 489 72 743 215 396 249 334 387 36 736 736 163 111 106 855 438 561 571 608 98 280 379 967 405 320 440 777 222 368 64 31 737 265 378 271 892 837 107 204 979 266 109 755 521 690 691 938 348 944 350 229 771 71 405 982 680 450 459 889 490 637 48 255 79 872 681 745 526 275 761 539 686 251 720 88 736 991 807 690 317 282 948 543 312 924 468 754 249 809 99 43 84 534 172 589 148 240 164 799 365 495 534 372 351 529 15 514 406 948 685 792 893 105 665 64 485 974 812 538 994 89 535 793 917 281 66 646 700 527 370 377 789 957 558 482 974 662 930 183 461 305 404 776 59 972 334 464 548 330 150 759 926 512 960 385 755 772 503 181 976 1000 312 579 852 16 589 490 645 133 41 950 104 524 536 780 186 907 673 260 353 963 791 977 950 371 365 882 102 167 246 977 702 938 921 727 494 746 585 270 760 546 87 559 720 15 524 630 200 689 93 689 572 282 417 879 376 497 355 498 894 969 417 547 688 213 797 333 274 684 732 941 604 828 665 275 662 145 400 758 859 294 64 836 253 404 955 638 484 454 108 158 911 643 763 307 968 513 502 348 147 927 819 786 103 670 624 728 430 650 710 696 596 381 408 302 680 963 209 405 318 368 20 199 257 491 822 395 778 941 596 507 190 228 582 127 230 214 765 841 579 488 693 734 761 521 490 997 842 547 524 273 342 426 733 794 472 799 182 399 105 451 984 526 817 344 254 242 635 349 625 648 864 671 526 628 75 371 783 456 580 686 167 634 330 285 284 29 826 274 142 672 846 137 286 903 724 468 500 108 413 354 664 113 200 822 
937 235 950 95 445 387 282 795 369 333 888 678 724 350 538 378 335 286 12 234 149 213 951 293 575 617 204 433 856 958 951 135 223 261 963 123 935 243 250 321 189 10 880 888 707 691 809 10 690 139 570 365 112 467 772 147 934 953 997 139 470 333 404 606 922 947 288 207 79 392 438 61 886 853 685 932 190 511 115 727 136 951 524 921 256 22 318 878 393 853 444 528 912 399 130 233 231 589 761 615 791 448 936 871 65 191 279 935 555 313 924 187 949 69 252 356 341 525 535 945 824 142 377 306 959 184 583 20 351 465 922 707 43 565 512 494 930 681 471 675 660 63 279 581 999 301 713 774 562 748 461 967 80 14 185 326 668 832 171 613 472 885 769 412 173 817 447 262 127 638 629 608 416 751 467 179 373 561 223 966 180 632 419 8 638 737 178 542 380 714 111 475 289 808 865 765 897 925 552 801 746 710 529 151 983 960 799 742 627 368 6 794 698 460 869 152 102 831 866 715 902 978 207 247 684 279 314 942 363 830 259 327 288 819 693 640 188 835 135 126 86 122 453 908 404 858 774 553 84 857 143 655 320 419 889 160 92 883 527 388 734 400 513 518 780 312 537 297 502 175 590 613 624 72 37 468 76 234 818 778 475 671 577 617 893 474 191 514 420 808 174 5 876 250 695 703 678 194 525 600 857 170 257 331 226 220 142 121 170 586 82 566 350 676 587 648 91 632 263 821 621 232 289 630 911 5 705 609 343 480 590 179 765 843 1000 276 495 94 766 936 814 943 576 417 611 843 335 894 166 346 402 980 277 297 763 136 214 321 357 437 148 624 481 34 553 683 284 295 155 130 672 424 53 173 925 765 297 516 791 1000 421 747 510 997 675 199 220 134 90 678 120 425 553 166 507 293 354 471 227 203 589 421 818 750 345 909 125 423 893 731 248 956 783 845 440 298 58 900 242 409 73 932 830 831 194 748 518 414 786 73 675 738 528 183 272 251 659 134 152 998 309 764 73 693 689 457 30 80 723 735 336 157 749 337 710 504 952 191 186 151 390 206 877 979 293 187 613 128 546 414 70 580 318 968 925 761 394 652 662 260 30 78 615 871 339 315 154 951 842 248 878 135 916 482 958 831 351 240 530 793 
930 819 359 874 758 706 804 650 433 27 684 6 839 310 603 98 864 332 707 562 392 94 989 100 636 986 191 928 493 382 298 941 843 257 410 572 484 217 750 45 632 877 545 324 597 238 331 154 45 18 409 208 46 147 262 207 806 918 802 115 454 511 319 694 49 131 362 502 241 263 566 24 364 6 604 387 23 448 709 331 897 36 395 19 247 847 542 441 917 451 239 986 91 354 289 881 619 350 647 270 979 600 350 81 341 66 264 259 406 790 554 140 163 842 740 718 149 794 765 169 863 978 170 452 469 839 143 325 15 145 305 667 386 203 273 673 289 218 710 341 604 553 87 388 139 100 288 579 925 462 542 71 154 172 567 266 981 754 567 578 370 954 455 62 558 419 781 507 843 297 507 490 111 402 226 302 398 999 526 536 650 423 735 95 566 128 62 671 852 261 50 660 952 354 371 952 467 579 969 484 989 690 979 544 598 83 585 188 559 847 915 876 529 17 873 594 939 686 561 312 707 966 866 190 895 193 735 991 362 774 690 921 397 294 676 726 870 515 713 963 6 985 351 11 43 339 399 176 345 217 991 353 826 355 612 43 647 596 186 841 654 68 600 228 546 443 429 720 668 921 965 310 292 27 736 967 591 244 77 385 564 744 551 115 1000 20 852 938 454 800 211 551 492 431 966 470 595 984 789 83 959 906 301 560 733 493 948 712 852 594 381 544 740 499 329 296 796 320 3 301 851 228 848 631 760 558 329 351 710 791 652 973 416 204 657 987 507 844 277 918 978 798 480 24 237 861 850 224 368 766 751 976 643 243 57 631 792 268 405 375 565 69 652 824 498 591 632 920 346 307 606 482 745 359 638 868 621 414 162 170 355 319 213 21 835 660 77 202 747 389 266 658 608 904 98 353 27 475 869 309 500 922 980 38 774 715 111 959 700 635 812 110 260 686 514 496 457 625 626 686 546 200 761 287 111 731 592 856 46 284 271 22 110 369 3 887 434 408 931 538 478 883 472 119 985 927 712 234 756 679 170 710 715 241 844 348 358 765 36 535 744 97 378 440 218 391 113 202 359 168 901 537 253 881 944 767 25 548 123 274 825 217 458 818 646 85 559 166 448 210 776 419 570 954 726 621 334 487 42 441 
274 500 800 965 981 671 488 525 469 457 114 618 23 482 635 946 22 107 691 466 839 281 142 466 956 544 712 719 190 457 251 965 671 186 395 131 464 174 622 91 294 939 394 755 577 660 79 597 264 840 998 64 572 14 740 423 186 782 686 652 591 764 55 357 633 187 966 41 870 107 470 596 228 425 993 283 968 790 192 320 526 105 116 283 976 951 740 908 847 964 49 566 311 962 237 616 201 488 51 409 262 652 564 497 714 44 75 883 383 349 859 623 179 152 473 921 589 971 660 968 262 918 849 81 873 537 687 816 168 208 703 674 287 301 978 880 353 134 35 669 782 390 815 557 226 684 454 779 587 187 977 834 607 750 102 62 245 702 8 373 419 578 9 599 929 33 744 678 762 534 379 954 728 990 86 131 993 978 481 699 896 173 138 526 250 16 478 372 6 521 726 846 19 656 419 293 101 128 933 802 437 933 768 44 368 951 891 872 112 329 625 161 373 749 208 236 341 881 993 222 82 454 464 856 419 820 432 362 226 635 47 106 210 614 606 257 976 79 737 934 707 230 726 48 511 127 753 761 74 609 504 272 878 914 409 923 626 216 55 451 269 743 130 186 411 170 603 190 616 857 409 398 71 723 861 37 896 203 2 219 83 122 253 383 597 264 812 689 852 280 68 11 463 614 814 481 268 888 581 330 638 429 548 128 344 642 600 729 391 50 167 657 730 131 707 636 376 109 610 871 47 683 407 356 903 491 205 72 482 552 764 674 448 32 254 25 926 599 170 457 339 191 635 705 546 785 445 123 252 384 531 215 810 333 312 827 355 794 166 86 972 846 632 646 88 104 875 691 549 10 746 710 664 345 469 791 22 686 389 64 50 168 666 316 816 52 800 917 548 338 898 762 718 454 744 651 735 334 299 47 350 680 300 565 816 947 910 0 16 528 886 353 713 932 407 190 708 217 888 544 586 778 984 572 93 971 595 536 418 319 664 430 557 983 549 988 133 346 44 884 254 401 374 829 554 256 676 425 74 338 687 582 596 339 351 72 153 349 910 383 66 880 691 325 680 861 627 434 557 644 572 437 941 613 7 778 554 791 185 847 220 164 672 602 561 619 88 501 830 897 750 802 446 910 335 176 621 301 402 113 
813 229 263 806 13 74 640 54 98 173 58 306 621 27 769 977 516 357 561 158 249 458 259 660 942 314 249 10 102 923 766 992 579 544 425 157 162 860 938 881 332 235 716 814 231 864 507 843 541 427 443 165 368 38 891 959 42 972 674 898 407 498 671 61 827 697 897 769 29 384 102 798 172 801 767 848 912 986 116 758 693 447 784 942 668 143 196 877 440 206 935 363 853 232 282 271 864 798 428 840 706 648 106 587 225 320 435 570 223 133 476 157 13 0 480 324 401 66 281 899 243 869 838 375 589 838 723 845 48 912 750 540 677 406 620 25 167 477 174 238 856 748 720 703 378 371 64 108 22 411 131 437 526 922 902 968 112 868 174 756 838 119 277 886 681 448 562 900 259 44 536 942 646 635 206 717 694 135 179 501 217 872 548 313 205 363 653 661 56 765 691 85 920 280 659 798 23 987 387 263 8 662 854 800 915 135 528 839 671 652 509 341 406 874 318 257 380 305 524 736 342 443 310 329 199 228 582 858 276 441 308 205 404 47 175 221 208 441 563 467 629 477 183 441 873 910 295 798 477 71 31 643 520 731 619 614 859 303 485 579 296 575 348 538 449 256 269 865 658 380 485 954 583 4 814 628 754 365 365 284 288 632 809 766 98 894 194 63 800 666 832 265 489 144 307 434 776 796 595 754 464 235 584 1000 316 237 719 36 40 577 607 324 17 973 477 800 695 986 796 772 354 837 432 523 564 423 354 975 514 758 598 521 406 341 778 79 825 506 28 945 992 861 909 193 620 827 585 983 991 133 933 969 160 344 134 624 940 201 438 345 780 728 987 446 17 310 629 839 447 548 276 172 531 195 787 924 680 137 405 786 870 670 648 915 589 588 324 823 129 453 922 334 717 419 296 329 160 419 288 919 737 836 637 0 551 474 632 502 960 887 592 562 331 635 652 614 834 793 313 328 202 397 805 263 955 925 265 592 37 337 776 74 721 92 423 436 43 673 768 848 925 862 220 176 917 925 520 937 696 65 335 781 699 145 361 370 536 396 368 65 673 379 221 730 215 118 29 405 395 579 756 4 21 63 387 361 251 500 552 24 166 296 940 772 713 74 654 924 416 530 862 474 123 511 564 552 14 770 716 637 
514 890 902 948 641 133 876 276 11 41 871 290 442 837 595 888 808 963 678 397 347 41 580 641 105 578 617 79 520 799 522 441 673 121 108 317 229 339 662 94 81 838 460 207 379 642 376 70 135 524 112 177 363 457 3 317 466 821 636 352 807 759 206 963 696 521 761 145 580 265 586 393 491 115 878 848 101 287 543 954 198 549 252 521 448 954 767 684 292 600 809 556 70 900 923 430 674 360 909 43 447 758 274 867 279 890 855 595 657 599 681 212 263 388 994 719 924 9 821 774 103 688 347 620 589 683 947 483 962 511 585 141 334 871 837 578 801 320 9 168 944 36 746 924 932 974 211 842 326 349 876 739 204 757 571 233 845 548 231 900 903 797 62 879 800 853 438 198 187 538 743 562 355 934 25 777 73 573 377 378 127 963 62 666 950 915 981 717 342 299 822 969 954 842 198 807 12 516 720 506 590 368 720 841 510 387 205 463 336 664 701 78 681 334 906 76 237 57 579 310 885 760 219 277 369 964 175 780 734 761 574 875 70 636 451 133 724 237 735 978 557 585 450 880 363 60 193 888 563 398 859 127 57 560 641 639 899 321 985 873 772 332 630 90 288 657 509 569 806 966 932 173 646 797 630 448 868 882 652 592 7 107 111 800 720 713 65 200 386 307 836 15 985 294 86 844 485 795 734 305 995 680 735 606 446 454 930 433 547 622 744 258 832 14 245 849 707 322 651 341 249 459 578 328 950 893 511 532 798 954 126 561 217 627 594 584 155 316 222 906 419 694 144 118 973 79 308 486 956 629 279 695 831 19 48 344 331 877 66 408 386 407 597 886 998 571 932 517 798 859 423 586 347 42 252 388 750 832 697 324 450 169 507 585 361 775 926 153 699 155 357 422 396 264 488 292 697 154 74 387 113 95 803 244 403 144 368 131 737 286 852 936 860 356 354 55 831 900 133 276 342 984 198 933 36 776 791 674 275 918 836 149 72 286 331 834 400 604 53 388 74 579 340 345 817 697 366 615 622 430 961 494 636 315 48 425 559 170 774 855 412 246 925 396 797 476 384 821 637 24 672 978 786 964 555 773 285 143 791 593 541 436 877 421 43 403 911 709 449 596 838 33 499 786 281 443 419 118 95 235 
403 701 531 314 545 147 799 746 892 85 388 951 541 419 748 974 481 713 3 309 895 882 571 226 251 642 582 469 768 589 853 528 673 228 909 912 281 445 692 628 982 552 580 544 246 927 811 410 559 269 73 633 617 272 178 884 944 676 398 591 584 8 870 335 190 951 375 495 860 785 41 122 602 140 409 876 778 738 66 240 588 355 308 941 387 282 433 674 109 129 407 231 928 6 65 634 135 437 20 195 591 746 901 126 1000 678 440 236 896 993 455 556 279 629 118 197 336 787 1 284 141 443 208 430 618 274 980 243 391 272 746 226 918 179 121 338 83 756 257 329 630 314 387 470 564 490 900 590 446 910 21 551 982 829 469 271 181 613 869 495 317 111 793 25 951 528 482 929 683 220 493 337 968 47 551 258 568 447 950 155 365 483 319 38 26 231 259 508 270 274 614 331 608 14 339 408 118 53 634 292 525 426 483 728 755 0 456 215 346 93 560 778 472 965 731 370 809 905 725 714 360 621 137 1 55 520 372 478 339 835 131 568 7 604 319 701 700 564 45 234 211 624 491 19 441 400 713 410 744 189 313 932 40 103 127 494 780 298 432 438 169 544 249 226 263 426 951 157 526 175 222 149 962 178 302 414 71 34 114 268 393 519 114 935 18 969 1 214 399 108 755 286 654 58 901 448 358 473 803 733 278 208 848 831 599 295 431 949 802 746 17 284 536 274 904 396 324 398 286 419 220 317 936 376 549 696 675 315 636 994 388 260 804 920 8 603 536 159 736 938 327 408 504 75 66 616 302 815 740 779 89 826 54 334 595 273 132 699 809 210 425 309 542 119 741 734 583 525 45 783 673 336 742 538 173 96 559 709 980 394 816 544 56 46 61 599 76 715 834 843 60 773 132 71 232 715 357 313 237 44 936 100 918 667 900 980 747 562 548 907 264 991 274 559 848 258 526 249 0 140 369 836 904 599 694 42 941 922 836 147 366 315 830 711 172 675 152 538 447 527 525 213 921 450 148 866 68 514 600 895 846 566 905 655 415 945 60 63 542 916 53 433 114 178 499 499 127 247 11 479 452 822 895 799 521 331 653 159 380 29 317 12 572 337 878 123 223 753 963 787 23 247 258 582 857 381 685 895 751 305 
251 932 282 53 237 433 481 251 249 105 694 118 803 14 58 732 607 220 399 429 809 333 228 651 873 370 335 402 734 669 111 975 596 26 720 811 31 779 879 208 151 691 628 751 797 182 427 829 130 769 786 645 667 646 18 967 951 912 970 498 105 952 912 743 539 435 812 52 679 504 729 963 996 335 408 130 387 406 271 343 913 527 550 357 650 141 400 376 702 518 267 28 706 949 118 747 462 39 369 903 320 875 892 364 602 48 717 601 657 469 964 576 418 169 103 571 613 880 110 680 326 115 117 457 910 286 237 326 472 32 795 785 620 885 454 811 553 935 182 554 243 992 317 697 18 197 221 635 356 194 627 344 881 721 913 380 428 736 849 311 563 891 96 679 68 18 469 464 24 11 473 725 354 947 657 884 363 993 517 666 421 316 43 731 171 827 93 893 728 938 366 793 962 46 458 548 620 531 926 227 737 203 474 234 798 763 529 933 825 618 546 12 230 286 177 458 949 155 834 773 861 433 225 335 392 339 889 875 308 308 998 354 708 482 197 668 652 494 70 506 183 255 429 791 912 949 973 261 191 696 495 492 343 542 911 778 238 171 550 795 104 4 125 261 708 781 846 963 215 949 791 165 533 225 457 528 780 573 411 507 513 170 40 855 650 275 688 43 196 55 429 605 550 325 374 801 311 869 110 802 743 858 175 978 604 896 919 608 866 953 509 277 460 608 845 848 685 122 577 387 575 25 969 994 75 648 891 90 781 725 542 170 619 411 203 897 113 333 785 489 982 927 419 781 956 447 853 323 509 796 64 42 29 186 589 975 973 77 314 287 770 943 314 154 191 11 791 368 51 263 917 323 763 433 883 767 75 612 57 795 501 922 250 370 68 437 337 644 580 298 476 929 287 96 392 870 106 371 295 514 736 245 89 820 476 906 522 793 190 411 314 261 621 696 421 650 486 629 936 633 465 3 880 857 723 877 76 419 437 726 993 247 933 111 195 911 843 517 259 429 192 102 184 95 492 852 548 971 360 873 794 256 783 108 176 310 275 35 714 81 964 769 900 475 288 499 168 650 238 688 279 333 202 207 496 533 238 11 823 906 339 857 460 962 85 861 705 927 754 1 501 726 14 343 797 710 635 769 928 118 
546 985 156 687 866 655 219 237 821 136 462 991 115 522 545 145 164 552 938 301 341 947 833 590 43 216 65 292 316 144 149 353 890 722 597 547 97 542 7 282 427 542 67 523 23 232 142 168 243 458 46 66 943 268 568 838 113 922 176 506 698 66 537 264 491 785 249 77 964 64 832 77 514 575 594 521 160 441 584 425 692 534 23 214 116 62 877 523 253 400 910 962 147 244 705 875 401 113 293 512 135 723 775 292 39 410 547 492 803 119 7 89 447 694 222 250 969 275 396 15 668 167 216 538 977 931 500 115 645 728 709 55 359 392 680 301 612 808 572 396 858 333 683 809 861 299 822 816 808 900 356 471 130 176 490 186 232 165 872 310 843 544 100 218 911 288 388 846 540 454 381 969 427 989 428 857 245 933 111 482 179 891 300 538 630 161 112 989 831 395 995 851 368 457 959 316 735 447 35 235 12 917 353 271 967 457 236 470 473 338 310 960 446 66 961 987 242 937 677 284 946 92 711 65 554 982 104 698 994 876 163 975 898 447 792 820 821 495 630 763 353 851 78 227 937 417 541 680 851 410 83 408 507 323 443 366 555 878 941 129 57 80 622 364 422 200 24 812 297 798 855 946 103 662 924 255 789 513 184 149 559 466 750 920 257 125 177 383 293 844 827 832 338 668 920 28 426 475 549 380 759 467 915 350 492 850 917 402 744 292 268 95 893 589 143 520 204 196 793 353 702 375 521 874 398 652 171 824 728 441 824 585 350 49 524 646 113 496 852 438 233 395 340 126 501 423 953 74 582 759 922 773 391 435 612 804 668 615 42 909 545 593 676 947 187 197 968 907 281 957 591 848 43 724 730 849 241 589 302 493 643 86 499 424 376 401 792 708 267 862 707 909 321 879 634 187 834 366 904 911 881 738 933 988 170 120 641 71 484 166 757 564 282 491 283 100 584 354 236 630 405 476 728 144 45 582 170 573 681 337 942 520 752 766 689 615 702 511 16 755 952 195 541 866 981 421 633 753 140 811 436 640 332 879 462 130 10 570 333 230 161 656 145 208 208 989 406 226 243 531 282 208 9 900 727 598 445 452 358 14 946 41 723 534 768 470 281 109 918 767 81 317 99 83 824 163 141 360 52 262 
314 535 377 7 43 473 977 980 206 678 250 115 274 414 945 216 647 767 525 437 807 736 332 112 305 151 638 815 628 234 317 521 204 374 587 1 861 612 791 875 272 109 224 530 187 536 336 512 993 279 378 422 950 470 67 524 52 934 902 698 792 920 238 193 413 291 452 601 11 114 676 507 356 73 502 643 99 451 960 512 184 267 302 122 780 923 870 136 72 74 71 476 231 229 426 608 909 905 65 776 787 414 898 551 377 780 315 842 741 414 348 202 559 311 727 952 474 613 262 174 430 554 161 453 844 270 393 778 767 332 509 849 610 829 316 966 272 697 2 902 949 490 121 168 53 447 559 474 743 840 697 779 983 830 38 593 63 6 911 968 263 502 373 236 20 716 548 893 609 277 109 518 291 921 428 775 487 636 70 928 46 780 246 319 309 422 860 940 521 732 680 760 288 495 310 511 748 148 674 715 234 264 488 932 171 399 809 604 368 738 382 412 201 428 923 103 79 272 794 98 422 329 362 892 475 529 226 623 679 797 903 567 352 202 203 563 507 159 407 398 459 666 886 397 141 480 294 209 838 153 108 45 544 954 78 199 354 21 271 465 734 258 720 19 556 805 836 76 214 53 844 711 471 341 923 903 129 605 861 474 735 925 165 156 526 731 619 642 915 123 967 558 293 496 45 481 916 988 976 558 963 428 497 769 241 702 420 757 768 90 226 700 63 280 101 235 297 322 833 694 397 654 499 267 333 203 509 177 507 535 460 368 360 460 633 380 769 987 475 331 919 736 139 925 330 825 190 279 10 944 917 74 610 578 314 453 750 970 984 903 927 652 381 470 350 739 94 229 737 840 45 547 829 114 882 938 652 757 361 274 634 91 325 563 896 64 335 296 699 328 947 724 876 690 730 723 302 395 641 97 634 893 879 42 22 642 70 67 123 418 296 352 913 502 396 167 425 797 668 848 612 126 557 864 991 297 352 58 410 708 470 749 91 19 668 219 74 505 560 324 354 279 395 872 488 529 704 221 461 645 301 312 877 67 672 478 593 311 76 606 339 186 820 113 440 456 655 361 494 360 196 292 218 786 309 811 640 810 685 55 449 770 706 39 391 336 826 471 671 664 628 616 413 638 679 339 651 903 17 395 
936 846 171 979 201 117 744 301 828 462 723 387 256 421 752 580 177 786 116 692 857 130 130 275 844 676 549 880 879 536 544 982 408 153 467 342 508 657 645 357 222 484 731 143 780 387 710 518 555 877 722 783 581 376 990 238 213 792 996 51 119 264 49 875 850 597 73 52 371 975 985 994 754 996 286 664 780 454 818 577 486 612 812 740 858 264 128 874 646 157 477 890 93 178 577 268 827 873 95 302 644 398 829 75 785 41 803 80 463 348 401 470 913 104 937 739 444 417 71 518 708 602 449 983 683 553 905 607 838 101 298 939 530 21 543 945 879 787 875 866 61 956 623 675 226 441 892 119 128 97 991 416 422 707 537 825 545 403 23 104 951 254 652 418 906 740 677 511 948 19 876 618 624 45 825 566 760 636 200 679 446 664 473 676 866 522 286 814 238 374 73 863 524 918 563 144 835 223 119 637 963 56 941 700 560 92 917 956 1000 514 65 188 474 476 647 662 496 701 874 231 684 136 616 376 270 434 835 580 899 947 934 696 697 362 220 242 258 551 298 314 976 525 425 149 996 426 908 23 909 537 13 279 321 347 952 642 473 598 334 234 384 988 127 33 730 674 301 862 252 55 898 789 353 539 461 112 891 447 832 189 970 353 191 816 601 766 172 597 263 842 412 505 200 566 373 37 209 185 706 256 114 76 601 511 115 693 887 376 582 529 590 820 22 975 94 760 958 324 291 171 236 566 772 611 942 519 542 640 975 500 788 240 849 604 25 483 954 281 431 132 516 270 815 225 867 2 335 370 943 142 689 937 392 128 964 150 541 511 346 370 944 532 56 207 686 361 618 146 762 815 110 665 491 519 705 938 501 869 741 822 273 721 312 859 152 249 691 600 284 800 107 841 765 425 282 905 123 779 974 502 475 682 545 84 432 281 700 315 818 391 269 779 838 342 293 554 162 615 861 267 135 949 182 68 412 220 489 963 880 247 300 452 616 591 350 372 599 967 656 784 613 787 660 6 758 343 656 210 748 410 515 617 808 722 358 734 626 976 755 377 572 35 542 698 853 905 45 67 880 383 232 314 368 313 84 0 471 575 808 123 335 274 551 265 913 672 561 583 220 189 170 882 898 561 492 337 932 84 856 2 
380 831 840 196 277 793 37 588 754 800 701 803 233 956 611 662 751 845 395 664 848 789 697 457 572 461 820 578 777 298 739 930 251 202 313 619 739 73 708 580 472 516 671 969 908 20 898 639 20 385 318 909 371 624 388 286 337 637 636 20 667 699 131 920 228 978 141 152 530 688 488 13 13 643 708 74 89 779 570 155 191 336 353 990 720 485 822 957 749 148 118 454 29 896 636 167 153 860 983 217 193 85 508 747 787 757 791 912 867 821 285 822 729 732 630 181 55 398 506 609 113 695 220 111 903 370 52 187 559 725 48 17 307 236 193 13 616 955 808 359 105 403 135 765 373 667 618 671 411 193 316 6 552 94 991 163 455 448 865 496 335 345 529 536 953 832 368 649 750 468 582 826 757 40 389 522 732 284 236 845 603 148 798 696 750 599 557 105 13 823 797 799 424 107 384 61 288 748 306 586 809 768 99 709 422 0 870 496 945 447 574 682 105 28 880 194 959 550 76 767 980 299 41 577 593 914 111 648 918 342 831 597 777 758 383 204 207 268 232 301 701 623 876 32 985 689 730 786 275 577 826 19 293 607 830 993 352 698 413 405 993 966 918 591 141 610 978 291 963 549 771 658 775 116 489 911 951 959 444 142 525 190 701 49 678 764 966 843 341 567 632 646 436 799 24 111 423 345 659 569 108 957 930 83 42 35 471 720 256 497 471 408 292 427 477 214 349 67 14 671 522 739 632 593 221 342 806 702 464 683 552 42 142 612 766 840 211 351 113 11 33 156 811 753 247 493 449 528 409 48 476 827 444 584 990 829 492 287 397 556 599 739 380 465 986 612 477 130 586 754 427 847 585 554 196 731 957 789 297 284 658 373 444 521 589 644 162 297 520 5 280 381 687 729 883 346 303 682 357 275 500 115 400 258 301 99 871 148 663 353 261 626 488 159 40 951 698 192 595 170 597 252 829 619 898 803 525 235 195 590 781 905 262 54 714 747 507 805 652 385 505 416 412 805 161 246 1 131 425 755 755 425 911 427 675 176 289 324 305 504 522 913 197 191 898 691 414 462 325 245 83 625 753 920 935 614 22 277 928 581 976 717 103 81 554 901 355 433 94 21 229 358 185 292 638 548 99 815 563 606 
805 816 286 77 300 188 257 41 784 162 6 339 674 53 316 219 15 685 838 650 616 774 924 728 627 928 787 813 817 136 222 853 140 40 207 493 936 754 530 943 888 839 329 701 872 30 414 804 868 682 792 662 864 5 579 930 846 520 501 260 952 215 239 710 509 874 917 158 855 879 268 827 18 54 982 775 583 680 227 288 704 428 89 746 693 439 220 971 442 496 678 719 317 640 474 108 156 494 877 687 294 303 471 944 575 994 226 482 400 950 296 523 534 502 626 817 819 141 720 437 997 98 941 929 621 210 971 815 600 627 606 964 488 807 996 127 746 444 755 486 578 722 278 582 505 280 21 348 506 93 323 965 599 183 226 735 473 687 812 797 598 723 928 623 385 522 712 180 777 168 413 987 532 318 263 458 114 77 171 112 413 976 649 267 789 147 843 824 192 47 742 372 568 368 46 890 94 143 213 868 708 901 265 666 354 262 618 126 172 992 548 800 917 694 804 843 477 906 726 826 342 59 665 690 259 584 436 658 508 247 756 75 219 464 542 158 756 508 379 995 176 837 844 386 750 278 848 242 108 837 923 561 952 984 863 162 485 995 291 45 236 788 486 122 988 712 383 811 213 765 242 354 433 81 591 673 781 89 390 926 699 706 238 125 156 255 375 565 142 886 571 554 695 407 465 93 991 164 240 290 707 489 641 972 234 416 169 633 843 696 16 759 979 99 363 991 953 791 258 379 780 846 68 265 853 984 471 969 488 505 349 699 34 858 592 988 259 69 521 444 15 113 816 800 656 290 219 929 320 855 612 983 954 346 917 895 907 437 880 772 624 55 600 477 508 625 17 423 484 497 716 936 714 721 619 813 330 899 223 711 972 433 920 191 615 776 825 81 397 518 468 155 189 13 968 374 364 222 188 240 839 597 976 610 54 565 506 474 140 809 462 590 615 430 115 928 520 624 68 999 991 521 960 654 768 341 544 499 253 41 129 932 845 493 828 992 522 303 721 829 871 458 69 336 484 0 900 469 150 644 631 354 998 480 665 932 571 347 916 432 583 403 668 765 248 197 587 336 182 77 493 563 168 999 59 135 75 12 439 166 426 958 58 829 378 332 275 456 596 220 817 510 40 605 729 827 917 202 926 425 
421 891 62 603 716 202 355 572 2 753 448 939 38 659 426 654 145 838 435 352 195 856 313 307 525 730 807 791 579 294 915 609 395 234 845 737 877 162 856 977 585 537 802 383 993 703 632 42 277 30 265 486 934 679 809 380 709 372 779 797 176 383 197 581 861 358 634 535 258 0 447 223 529 960 301 160 685 147 10 322 437 363 45 656 549 114 26 647 333 405 414 507 959 608 148 377 412 711 859 361 502 333 867 831 395 528 545 304 444 481 990 201 35 651 878 370 416 774 516 214 67 120 266 679 821 927 800 697 463 119 532 296 551 268 5 181 713 431 470 567 751 321 508 674 370 926 434 181 286 317 912 670 730 118 449 276 924 790 318 302 221 665 104 861 623 875 486 878 783 167 940 877 315 68 404 607 337 863 990 57 476 119 152 645 365 612 687 320 414 433 58 739 453 683 993 680 196 355 307 669 206 878 177 320 551 656 938 92 988 180 746 572 273 824 19 477 681 645 48 259 280 711 766 38 497 962 179 528 143 512 447 446 255 40 648 502 873 115 17 708 353 271 535 211 820 15 586 711 541 127 528 153 596 607 429 597 761 479 225 373 204 503 399 984 404 362 670 186 32 407 19 320 220 708 496 630 431 946 553 269 653 977 66 766 169 659 609 831 812 189 157 583 36 150 330 900 607 875 63 72 475 871 524 987 129 70 687 23 457 821 396 638 406 420 201 263 855 983 638 396 615 407 495 5 131 635 482 236 383 927 614 648 897 152 589 444 582 887 14 173 52 311 763 722 388 529 350 828 337 57 310 121 281 268 82 9 653 167 131 732 654 815 764 651 761 842 715 161 505 865 946 672 666 230 282 567 350 991 59 848 928 288 926 913 642 29 677 556 158 608 682 339 375 319 831 987 704 627 407 971 446 819 528 361 206 214 560 85 529 642 734 639 195 652 377 611 954 435 813 551 168 848 129 401 113 880 627 680 333 233 799 797 241 830 820 272 592 40 8 564 455 942 351 13 550 854 113 617 809 917 880 106 405 993 602 903 301 724 253 659 31 427 201 593 836 778 748 697 42 685 252 53 608 761 931 49 787 145 916 326 887 581 50 138 715 822 781 311 690 302 722 966 45 593 240 186 648 385 744 358 
990 389 529 298 78 157 309 546 907 823 558 703 810 874 760 387 559 795 443 548 451 778 592 216 671 583 935 592 981 629 963 595 673 279 487 421 192 984 608 50 189 235 910 649 49 728 86 838 673 209 845 515 281 183 852 486 627 876 636 483 947 540 387 13 132 680 811 78 167 814 123 394 328 700 706 803 41 245 613 621 45 714 792 950 75 552 289 942 810 461 726 829 682 993 0 482 494 830 208 826 484 653 829 106 495 814 753 475 999 535 478 867 789 782 87 459 200 262 16 890 333 275 321 503 770 459 59 133 806 224 827 942 308 117 295 984 661 14 495 972 70 768 863 515 746 848 8 161 673 599 751 230 518 387 788 757 383 491 957 109 711 531 864 88 53 263 663 153 546 4 114 162 932 865 890 246 969 588 506 811 26 568 192 315 419 645 119 547 641 665 973 982 355 753 873 82 126 522 719 179 601 463 916 671 751 946 967 62 991 316 25 335 896 924 984 871 865 259 413 672 512 282 370 594 381 373 522 86 887 216 306 76 10 184 254 527 255 94 996 784 70 364 5 90 1000 359 49 449 848 299 725 194 644 526 507 825 467 442 774 316 403 203 725 201 484 469 148 861 539 207 44 178 760 175 462 584 174 605 36 473 321 272 766 141 491 467 959 658 778 228 962 623 669 491 373 656 954 404 208 801 413 263 338 132 498 897 760 344 364 938 360 821 807 218 973 853 413 677 255 456 318 957 8 951 789 174 159 735 915 834 450 119 85 1 163 533 197 431 603 106 204 211 295 897 992 767 951 929 500 814 85 868 233 45 358 479 656 65 826 669 495 784 866 275 174 107 969 431 832 691 360 396 42 465 895 518 786 456 381 71 212 673 986 551 723 250 11 174 878 877 925 704 399 144 360 834 17 432 975 859 948 547 398 647 808 609 878 838 521 922 567 715 429 674 285 280 394 860 317 864 379 500 150 731 299 8 257 537 561 107 675 33 50 932 121 196 792 93 483 935 277 640 909 205 970 696 615 415 712 639 993 586 797 838 679 454 171 206 832 756 914 441 726 646 134 226 847 48 606 687 49 998 593 518 86 607 58 15 460 390 701 119 31 528 321 125 193 157 181 70 812 268 316 792 535 38 995 779 347 562 
837 788 772 99 670 902 337 226 433 600 273 450 433 733 91 823 732 748 800 54 36 616 852 182 204 309 278 969 321 909 254 140 224 860 664 804 660 786 315 297 500 29 477 347 36 186 879 601 298 505 856 620 164 841 768 630 562 247 285 295 803 379 788 861 38 815 465 325 584 119 852 867 726 738 477 534 860 926 630 681 566 725 741 433 25 303 84 906 492 916 754 371 22 825 997 862 796 0 316 21 108 701 809 296 195 450 464 455 478 78 903 957 609 961 19 535 721 714 34 646 119 569 2 510 441 762 968 680 163 476 546 684 78 964 371 171 132 298 305 728 812 304 790 612 889 42 197 647 19 793 176 223 950 131 630 28 684 300 820 937 354 780 766 456 828 537 442 945 88 440 282 626 622 458 477 420 500 320 82 167 314 748 149 897 187 891 922 299 773 70 380 67 211 574 81 742 810 485 787 494 498 47 849 875 866 113 678 37 323 628 910 525 859 504 171 836 132 778 366 824 791 811 550 744 287 209 803 967 636 963 332 872 927 714 689 929 998 622 266 829 371 681 428 279 216 395 182 845 73 845 282 767 121 545 858 971 534 116 838 996 11 476 73 443 608 202 458 86 712 803 682 195 786 582 321 79 776 833 200 174 19 740 337 666 621 476 928 176 849 112 51 670 498 149 705 412 668 868 55 542 476 647 827 997 246 335 259 34 503 522 380 141 11 316 909 131 400 673 237 350 659 908 685 444 757 327 661 4 53 134 179 456 990 90 59 678 67 855 708 225 470 382 301 466 827 170 426 654 752 363 639 697 403 624 926 577 641 257 390 370 905 413 461 312 577 706 636 973 426 687 214 722 1000 913 971 552 848 22 797 494 632 992 600 790 879 897 49 598 798 281 832 30 130 307 970 790 751 472 171 432 608 824 354 3 884 617 921 783 594 479 28 999 50 214 991 57 179 903 774 173 282 680 790 915 513 979 559 482 852 654 370 329 6 646 647 497 954 801 93 286 705 53 158 598 748 223 102 619 380 784 992 435 931 996 633 997 331 923 972 655 907 794 217 190 359 174 889 679 39 234 915 241 0 285 409 675 716 634 749 504 234 278 420 521 349 349 929 3 28 136 903 72 794 749 901 534 432 759 783 363 
334 202 195 870 776 355 300 91 17 227 961 249 408 129 956 822 42 262 280 85 40 237 754 991 17 570 229 667 598 351 126 893 316 175 431 237 330 629 450 137 605 124 717 32 676 191 359 792 817 519 239 850 295 573 865 482 703 522 606 766 324 704 202 690 335 395 87 48 382 180 525 715 463 499 333 6 297 902 351 936 855 502 802 823 81 469 148 889 500 860 487 2 117 640 574 477 299 743 158 755 822 278 927 938 81 725 909 9 795 51 771 945 845 500 871 22 463 709 775 906 788 346 231 237 960 143 477 663 160 579 765 204 565 161 517 837 330 782 522 127 278 230 377 964 563 709 465 178 984 934 879 554 130 420 755 249 429 477 510 245 579 154 448 920 385 893 394 87 983 474 257 793 328 154 691 809 492 681 612 92 796 933 671 171 326 389 628 353 541 76 796 645 447 257 861 178 902 168 302 19 906 904 819 660 865 121 158 120 135 339 814 662 522 245 614 912 135 774 915 294 392 722 745 221 169 720 941 480 900 493 100 885 620 180 171 314 957 314 981 579 767 495 577 661 263 942 247 839 798 58 299 40 227 336 826 736 860 789 194 49 388 158 64 959 19 837 174 167 323 790 248 631 170 754 311 901 964 882 311 277 478 687 97 608 357 123 105 538 625 319 251 452 76 97 814 405 950 142 101 849 546 786 787 462 441 42 334 185 605 681 476 876 605 795 628 233 204 765 981 986 935 721 74 982 614 971 805 6 124 447 6 903 454 194 407 395 265 644 624 960 404 386 624 282 658 92 983 431 900 89 986 652 695 109 231 435 285 693 720 57 580 593 436 297 698 497 450 49 296 932 245 559 512 523 464 656 162 824 784 202 475 397 113 370 777 49 883 848 125 618 191 683 694 267 921 214 116 326 525 611 820 336 611 311 289 208 744 907 737 211 279 994 579 930 454 424 914 616 927 505 347 539 341 740 959 927 909 426 535 655 734 870 488 641 112 374 41 471 577 778 139 405 302 866 672 725 469 990 529 132 389 970 509 737 398 602 297 161 583 574 220 413 331 227 601 165 23 868 839 363 514 505 547 882 32 982 452 402 954 958 784 740 150 288 599 247 49 105 819 754 202 457 596 916 88 7 622 963 242 980 
603 998 546 956 528 833 51 781 505 599 479 868 257 59 760 874 557 177 424 743 305 482 78 7 161 134 444 288 554 635 355 817 681 744 603 925 703 190 88 320 889 552 71 601 318 845 15 417 382 913 915 962 91 797 363 934 50 846 226 798 303 756 747 342 842 811 157 445 174 760 447 290 915 621 987 617 363 805 686 103 80 645 501 410 80 908 26 847 543 685 895 506 548 892 655 663 68 485 147 455 533 769 492 237 248 154 461 827 200 299 132 774 308 939 69 972 265 151 306 293 968 905 202 719 303 497 197 14 172 582 843 708 238 926 360 742 184 723 812 134 833 631 220 490 68 315 782 77 908 957 595 40 480 536 682 642 915 33 417 797 381 645 722 552 692 7 325 520 798 442 760 456 235 253 248 748 271 777 351 527 582 90 475 386 506 477 605 215 836 973 834 194 127 558 172 354 224 290 164 640 710 727 731 275 936 92 270 995 430 144 720 610 789 517 769 984 439 335 458 99 998 738 445 346 755 700 389 425 611 246 794 914 757 531 565 595 835 199 779 217 513 652 783 194 482 824 872 559 454 626 158 166 407 867 986 71 332 30 52 927 896 698 872 485 703 106 884 198 458 395 863 515 388 731 38 757 929 262 327 441 140 810 752 702 702 337 290 94 47 135 916 951 5 786 271 872 559 37 150 389 972 365 548 907 718 412 418 375 271 599 797 864 104 707 530 376 97 673 501 303 856 583 699 867 506 706 802 797 761 520 554 995 81 472 983 547 528 693 227 811 368 510 81 16 846 690 24 284 778 741 969 420 891 397 380 35 196 542 392 901 701 641 91 491 853 653 856 234 782 103 59 915 940 629 494 18 546 84 820 206 75 795 598 983 160 606 607 724 994 612 382 681 100 130 739 411 964 693 320 688 977 7 785 878 375 719 252 848 28 456 343 567 727 789 832 175 502 72 94 110 7 13 291 243 7 311 172 379 187 703 269 890 308 312 114 785 257 298 371 897 745 354 646 6 908 379 92 767 440 488 397 390 495 226 798 266 433 841 360 752 306 761 881 157 502 295 10 79 350 654 57 343 691 686 282 879 491 768 308 317 215 344 453 759 651 926 518 320 840 229 392 456 376 581 278 453 469 742 230 901 
883 761 697 68 133 135 728 470 771 562 997 694 194 675 334 568 20 175 805 752 41 256 772 639 505 658 320 908 767 851 116 414 690 590 493 340 164 816 799 128 568 607 39 412 244 420 324 516 263 610 410 432 836 996 664 980 573 682 858 714 513 407 671 232 354 601 249 884 195 68 589 219 463 500 100 993 378 171 645 785 443 562 907 338 684 188 951 617 170 766 318 503 987 19 244 460 62 595 327 452 620 554 704 204 494 856 851 819 3 653 206 107 439 843 549 660 737 496 113 348 807 587 568 172 448 79 424 455 959 735 349 470 208 110 144 688 170 855 864 17 925 39 444 390 486 328 380 489 503 512 925 766 192 964 736 208 349 176 299 652 106 238 369 673 992 942 497 3 63 852 401 974 156 162 936 646 400 428 362 668 892 657 447 659 16 174 741 317 822 568 968 570 466 456 214 995 968 260 311 231 409 97 407 968 988 712 954 882 647 393 273 802 72 148 62 785 906 75 618 79 890 858 491 628 234 465 398 904 891 784 315 984 836 576 780 369 702 925 995 955 192 898 227 785 93 827 113 814 810 468 563 315 449 736 337 71 459 357 466 743 257 652 128 318 257 123 139 737 782 73 918 451 307 362 834 664 619 632 52 368 487 357 468 26 262 361 744 847 184 436 310 91 462 352 468 660 69 938 685 723 325 158 790 194 515 674 224 966 476 868 907 566 896 413 731 592 778 279 529 731 531 29 233 498 792 980 241 660 8 786 321 143 214 882 50 986 638 662 80 381 887 588 678 153 809 484 556 937 502 268 38 375 554 578 174 62 646 333 469 509 160 583 73 604 395 25 683 274 974 322 238 631 56 514 742 952 475 652 346 338 883 279 906 951 781 443 786 246 862 335 769 646 435 482 284 902 909 687 725 1 275 254 764 70 366 825 420 111 574 678 934 517 824 491 339 543 442 855 265 137 459 69 991 936 829 260 569 81 228 891 75 666 668 592 133 542 441 891 653 86 422 33 845 140 203 780 566 452 551 134 800 156 762 254 737 834 170 484 998 826 123 395 513 340 64 633 845 348 671 144 390 988 823 602 369 295 8 661 989 968 194 934 310 79 367 427 277 326 774 698 7 87 359 612 241 914 491 95 593 57 
171 863 429 278 399 78 432 934 634 316 891 88 54 812 297 491 169 342 930 839 664 950 579 199 665 372 87 704 99 257 920 404 593 19 296 917 881 635 309 225 481 393 479 60 33 416 601 934 64 872 93 746 114 570 570 310 435 41 410 973 861 711 873 725 123 353 768 28 361 578 311 29 940 893 34 81 538 969 306 209 674 380 488 995 664 313 128 635 204 792 92 603 918 152 15 96 846 19 669 659 71 305 279 895 406 668 9 396 299 381 861 17 31 433 356 148 152 636 217 403 476 740 749 566 511 267 416 672 269 230 905 11 538 617 121 629 855 972 696 944 176 903 925 670 644 305 916 163 816 293 305 338 784 760 464 113 684 464 207 965 260 429 218 374 883 562 403 258 411 441 396 588 771 748 124 199 664 918 432 871 518 539 583 368 516 371 706 468 417 857 431 96 82 292 93 815 133 210 203 147 525 655 736 147 18 298 538 708 463 566 283 206 280 544 463 809 757 746 808 653 599 563 828 742 557 570 482 895 529 624 72 795 23 866 360 334 989 86 610 627 177 968 109 231 374 363 585 448 792 166 536 359 114 744 888 501 390 360 371 30 126 957 826 27 904 724 195 114 714 317 924 617 171 932 425 209 475 980 503 402 388 380 743 338 621 442 831 71 236 529 966 732 153 511 66 805 95 107 265 626 927 263 964 928 859 790 601 321 477 588 86 823 577 373 598 298 2 482 13 505 791 605 232 634 706 423 974 46 78 960 31 196 919 33 829 38 474 832 76 973 78 691 46 529 949 456 51 433 919 94 14 597 473 181 909 196 147 170 380 796 610 380 531 424 369 537 594 954 856 904 391 970 535 159 803 375 909 5 827 531 907 275 387 828 373 925 348 427 776 253 127 782 267 668 195 459 631 198 751 149 814 57 251 271 792 353 530 921 928 861 504 254 539 836 961 837 222 33 308 946 369 371 338 511 513 792 986 118 815 540 652 686 968 823 743 537 910 535 632 47 248 350 337 141 741 785 782 535 425 669 786 846 480 939 246 739 867 849 231 204 23 311 835 27 608 252 0 143 845 604 589 886 222 961 507 658 143 281 848 215 433 946 21 804 406 695 435 750 729 894 186 17 597 899 172 204 57 147 564 25 
82 0 877 621 170 393 391 294 797 417 296 216 780 266 965 941 507 39 759 403 4 207 713 552 881 915 177 770 849 905 333 859 815 196 292 358 456 881 248 338 744 384 978 365 341 219 587 26 199 753 28 838 782 592 672 494 646 856 466 865 689 536 580 112 634 421 373 333 586 84 931 719 991 660 202 279 404 731 320 504 548 149 110 97 592 908 842 342 258 11 268 274 626 990 147 411 202 52 576 991 613 543 925 243 935 74 292 868 43 561 163 414 119 242 411 505 624 166 151 717 218 982 25 865 817 237 46 570 356 713 293 441 79 709 154 432 186 887 222 940 77 767 869 370 849 38 323 888 995 948 338 186 540 394 492 726 933 430 997 273 752 342 13 922 546 532 406 565 228 949 51 993 945 317 691 263 566 522 654 416 441 437 812 960 350 567 612 893 102 907 745 233 442 192 807 318 377 122 653 387 268 54 129 246 169 958 666 726 383 549 339 113 312 119 577 7 208 18 532 953 882 849 393 211 564 693 783 147 956 472 361 728 838 539 432 13 514 939 537 83 239 737 167 906 174 746 911 219 347 27 833 506 27 526 43 325 410 853 251 55 120 496 577 944 167 743 490 617 86 351 876 71 638 798 888 151 187 492 564 126 392 448 187 307 344 610 307 324 248 435 644 96 336 620 719 669 175 561 455 639 481 465 502 49 785 543 208 910 36 34 1 319 514 672 452 807 94 269 486 919 92 87 152 443 110 494 796 757 128 891 997 303 788 509 203 748 503 908 271 127 127 387 694 658 876 34 456 251 731 762 299 29 181 574 143 311 921 386 15 73 997 488 251 847 994 7 877 430 923 244 294 63 164 406 529 843 750 38 387 363 790 442 891 58 853 853 985 692 530 551 735 957 492 271 875 968 916 948 980 112 806 393 246 363 33 228 543 297 216 111 440 617 329 604 109 815 730 96 819 773 693 808 918 187 357 489 781 836 326 238 504 88 844 959 864 710 933 337 146 15 412 40 351 210 32 75 110 347 725 886 602 689 562 885 535 991 201 86 851 732 55 597 38 559 138 330 306 755 29 595 646 349 124 516 237 865 189 349 649 158 46 552 662 982 870 641 426 930 977 24 166 811 279 728 925 358 60 224 473 810 
836 940 749 357 161 550 701 516 45 99 940 14 146 773 181 733 992 502 953 196 68 326 783 720 361 923 241 378 992 241 210 597 959 750 392 705 103 795 95 670 71 289 595 794 682 943 571 670 924 690 228 929 752 695 185 800 503 754 725 464 767 114 522 372 525 747 141 742 176 943 393 676 960 644 498 379 385 525 821 302 923 989 887 235 747 943 681 564 536 141 790 915 547 374 669 195 686 607 693 861 310 152 556 32 506 161 696 249 665 208 674 936 20 813 745 559 503 364 265 18 162 581 414 899 509 179 319 452 913 2 196 32 348 762 445 910 89 235 787 137 477 224 488 330 730 18 637 978 44 335 459 151 103 132 474 409 697 843 594 182 709 698 473 172 517 524 341 325 319 51 416 450 760 223 183 51 491 954 103 239 585 330 415 282 230 331 590 826 808 995 171 846 747 6 807 12 168 620 68 288 719 121 226 15 396 4 730 960 735 487 845 979 698 168 308 601 373 567 572 597 181 424 796 459 294 601 673 506 660 762 413 754 517 781 10 957 562 921 705 681 783 323 283 216 947 324 577 114 6 842 339 368 777 809 325 664 922 689 649 273 384 349 703 728 505 143 795 871 705 732 888 626 391 6 282 607 750 9 115 705 737 788 446 161 608 731 444 790 811 73 286 766 754 93 436 767 750 248 620 691 985 789 81 887 167 275 95 582 456 93 257 472 732 793 183 249 527 576 510 72 297 429 499 15 8 85 19 982 607 160 950 215 960 143 341 917 827 428 290 782 773 226 39 957 848 137 59 170 366 46 157 71 509 984 900 279 852 391 635 523 885 41 781 610 591 187 696 873 791 64 298 189 468 223 16 340 753 672 206 248 43 857 897 120 162 963 85 658 602 989 966 493 943 979 256 890 311 693 939 668 344 249 168 223 828 473 569 274 247 233 834 466 323 563 979 197 670 925 76 560 387 901 230 363 596 374 509 152 914 419 769 106 759 176 754 593 370 997 744 914 347 360 36 392 120 318 176 731 591 419 238 355 874 567 961 166 776 636 507 36 420 966 282 391 388 412 424 771 439 116 510 890 869 166 492 855 383 454 174 358 831 384 697 548 253 88 827 357 494 935 100 607 292 397 580 761 317 474 199 536 
741 972 827 451 973 797 724 111 574 446 399 70 244 492 479 858 440 564 263 822 427 117 759 702 709 715 234 313 498 837 519 665 322 27 895 329 532 422 483 796 841 886 786 958 743 202 35 179 740 691 445 117 914 418 595 210 94 179 530 45 998 149 69 217 518 277 971 555 587 582 23 243 594 670 278 72 142 880 690 764 202 666 654 734 517 790 27 250 615 469 400 988 200 998 184 642 397 733 47 367 657 877 596 715 826 275 260 510 337 719 457 347 44 374 435 725 125 818 548 25 770 89 118 858 845 918 909 353 24 389 608 261 283 5 74 477 522 316 660 832 949 623 907 235 974 965 988 471 689 209 46 518 300 123 158 276 270 834 456 615 632 534 295 975 446 9 742 398 538 186 473 453 651 901 422 843 297 314 194 778 98 68 924 523 393 838 354 408 19 327 566 561 302 470 281 860 241 316 393 609 511 243 295 428 618 544 471 389 948 304 437 540 374 413 761 233 66 105 54 745 950 39 762 579 692 995 39 297 515 509 660 631 210 27 766 692 689 733 178 528 905 798 506 596 364 768 911 232 66 74 744 149 229 801 897 313 587 553 33 615 414 513 936 685 539 417 651 986 851 682 610 447 26 95 546 233 592 80 335 856 310 885 885 577 987 939 822 83 854 78 903 133 652 836 343 550 15 774 336 196 994 37 116 730 294 537 973 619 631 331 365 239 874 332 442 850 976 226 224 230 219 431 544 244 877 263 846 6 349 678 135 784 355 572 141 7 220 872 668 786 779 766 315 145 624 587 529 720 912 248 545 142 49 467 248 163 213 634 48 390 381 143 171 925 365 521 47 797 220 79 55 373 713 402 866 498 765 824 986 163 166 196 749 430 448 607 735 394 668 56 160 639 835 278 801 315 247 86 251 490 528 311 336 235 190 516 852 529 617 494 249 356 653 77 638 505 619 561 0 534 796 786 763 883 155 445 797 476 843 3 502 631 240 49 986 216 876 644 291 968 871 888 392 881 825 340 371 321 93 195 820 532 293 348 311 1 220 276 610 307 3 634 767 990 430 373 960 636 656 229 408 647 718 111 645 893 407 267 232 26 65 556 18 259 58 184 276 168 115 87 207 912 682 975 890 925 968 25 49 874 
656 294 250 979 562 37 353 712 383 488 146 201 962 227 504 846 438 982 626 604 301 779 17 393 941 1000 234 803 827 973 214 661 609 29 879 299 890 545 461 381 282 242 466 127 483 370 216 933 760 638 164 384 557 683 43 495 962 807 351 480 825 257 9 568 659 725 571 836 195 584 890 736 479 290 40 940 385 5 317 761 563 833 591 939 379 164 44 714 521 791 339 376 479 42 639 517 541 142 391 242 342 184 103 458 674 443 292 271 353 443 759 904 519 735 920 299 611 737 981 59 531 128 599 904 170 65 480 753 289 385 901 329 908 270 342 55 818 998 232 657 253 6 259 206 246 168 736 51 490 117 573 801 115 774 697 715 305 560 800 919 915 700 284 473 89 174 597 434 77 602 272 836 981 827 936 184 633 486 815 644 754 376 862 528 767 990 948 133 884 422 661 343 757 664 202 559 781 457 121 702 733 358 426 554 475 706 142 431 821 846 63 329 657 354 677 233 440 177 142 380 517 323 787 691 770 234 115 590 682 75 433 156 793 703 983 652 188 972 466 667 15 301 543 54 163 771 286 469 64 821 820 490 45 211 327 812 419 699 826 698 934 798 788 751 435 664 130 525 28 901 223 848 339 630 186 557 352 396 993 243 133 993 354 800 318 853 66 557 614 122 82 409 707 769 871 520 666 805 37 718 821 602 522 603 758 674 975 363 126 587 723 564 97 263 479 771 314 915 422 248 952 489 172 215 590 979 360 160 223 807 336 340 501 331 466 82 683 503 929 315 538 39 568 744 668 817 153 539 415 894 53 354 696 595 849 836 165 119 853 765 740 172 589 519 148 753 981 521 194 976 55 374 566 523 804 704 357 533 140 178 623 13 910 194 511 931 149 532 815 534 381 186 526 803 115 656 783 917 147 997 351 493 450 778 288 266 830 496 276 123 412 238 418 965 758 282 524 996 682 707 617 398 790 584 859 558 326 186 769 932 725 3 25 294 878 290 377 597 38 773 496 720 859 650 71 426 484 821 636 312 910 511 966 960 232 324 164 511 810 41 477 155 538 531 454 556 997 5 97 866 368 1 148 509 266 159 307 503 424 157 308 409 215 815 363 787 362 296 2 177 131 502 994 279 172 413 801 902 165 991 
972 147 181 916 80 474 359 520 866 420 527 819 711 255 59 819 52 957 419 229 530 624 892 267 128 908 434 620 559 454 482 106 408 865 337 711 623 267 55 290 849 16 298 850 460 249 436 73 348 269 526 627 372 126 344 542 901 105 465 630 815 862 926 917 16 102 12 735 519 154 594 870 555 253 232 18 278 174 434 292 60 286 689 169 922 612 94 233 709 341 538 126 680 943 317 310 673 717 140 558 568 937 134 446 563 498 567 428 185 218 983 423 819 712 969 789 446 15 763 931 486 321 378 603 651 380 617 332 545 934 103 655 744 424 504 969 691 761 962 418 513 511 260 833 251 988 900 440 507 85 518 510 535 817 216 76 617 341 178 299 74 499 579 791 935 149 885 98 219 684 734 477 372 192 597 986 924 525 71 871 720 299 302 910 192 873 275 526 770 136 718 543 341 422 623 144 929 92 217 586 852 964 888 679 63 214 17 132 176 255 99 877 813 182 622 402 112 649 799 761 737 932 344 465 363 746 73 267 938 983 252 567 545 776 458 122 49 361 99 995 180 87 91 109 195 283 854 897 250 440 437 579 672 80 332 204 617 283 723 244 324 388 782 467 648 405 230 108 298 981 484 437 685 785 266 296 601 897 109 100 201 563 773 63 663 626 859 726 649 5 719 978 917 771 711 95 864 472 623 270 155 235 113 820 780 874 699 666 767 331 902 885 329 750 93 187 887 550 169 429 961 328 831 558 515 565 356 689 815 150 735 678 995 3 550 947 820 694 374 937 288 166 650 482 186 865 810 994 562 715 345 493 776 227 561 472 99 138 566 964 402 723 907 15 401 673 422 563 875 581 620 629 976 539 68 430 205 250 10 486 427 641 106 895 900 601 823 631 598 177 244 703 258 698 632 327 188 84 557 697 115 884 658 289 370 24 319 449 869 922 837 486 258 114 918 544 969 962 574 266 449 916 75 277 372 156 676 109 550 216 8 624 243 83 754 798 861 860 274 841 414 809 791 138 458 103 523 3 505 751 774 714 1 12 924 595 752 790 959 23 499 481 326 903 473 563 937 812 944 319 363 661 816 461 534 485 215 826 328 242 286 428 25 635 755 648 725 719 214 531 412 400 469 346 777 388 596 687 715 730 
522 522 465 382 904 677 206 716 55 813 111 572 880 109 422 891 648 482 424 448 197 811 601 435 403 74 150 616 500 601 337 21 763 783 18 942 336 491 18 542 576 374 857 178 410 520 874 420 252 477 633 493 369 354 967 611 924 780 729 91 267 610 707 660 607 54 566 809 557 801 582 346 727 16 814 42 513 423 51 830 282 459 951 401 159 604 223 406 233 987 1000 693 863 763 992 861 832 857 740 383 303 885 425 532 742 245 944 230 134 985 473 307 119 244 780 967 580 21 146 557 186 852 535 125 794 750 101 256 261 165 976 309 597 672 697 770 258 735 920 348 118 252 901 727 344 600 986 999 501 85 390 527 122 313 762 324 165 156 389 210 799 594 553 690 423 839 66 58 92 430 250 843 343 937 27 441 959 221 675 836 410 629 458 47 766 17 978 151 966 967 844 23 327 506 635 346 823 282 636 648 488 187 266 582 181 558 87 579 441 231 325 460 304 897 789 868 560 235 874 69 317 581 813 999 322 841 252 625 877 806 275 744 683 528 910 962 904 345 975 436 14 249 884 685 607 151 756 508 508 865 614 320 930 476 34 439 935 1000 671 857 865 446 2 781 819 996 499 454 493 720 104 520 67 378 786 910 102 57 63 215 89 584 311 206 18 498 735 292 560 247 7 176 234 397 908 489 378 352 588 765 309 52 802 136 79 651 4 668 593 874 621 850 579 307 406 70 658 379 465 66 365 7 141 436 398 38 552 104 580 525 62 448 608 676 719 860 974 37 826 270 305 559 156 737 226 787 286 137 498 920 821 126 454 852 311 652 499 425 505 230 857 86 965 68 793 383 534 673 349 279 598 95 222 752 504 707 148 30 92 973 73 883 238 951 472 149 482 485 832 290 206 122 970 684 38 493 441 83 211 448 143 302 312 455 684 101 331 200 606 808 54 843 627 331 860 907 707 957 563 453 341 320 739 909 412 283 446 32 73 66 906 200 795 460 391 763 810 165 575 351 85 490 967 24 563 114 857 403 638 510 932 350 140 620 222 479 695 457 685 189 850 875 764 73 642 559 45 56 341 720 761 667 212 100 927 558 134 150 191 608 94 54 744 217 67 166 917 168 749 304 845 804 924 607 92 529 721 228 164 413 
638 522 673 625 69 690 406 248 248 105 223 205 76 158 950 397 694 250 676 735 180 188 594 352 56 561 513 154 428 984 534 567 29 533 489 628 961 334 104 809 335 905 351 684 352 972 44 876 942 995 56 666 782 1000 110 726 647 86 827 295 970 744 90 583 436 220 911 60 732 147 520 716 767 756 208 753 206 731 867 714 610 922 187 782 421 846 43 898 408 608 355 699 678 70 863 631 342 956 603 172 756 229 983 883 4 645 225 12 212 884 372 872 518 884 749 398 58 135 880 81 936 996 963 732 388 102 15 373 220 583 925 437 729 679 932 238 939 552 533 33 654 701 823 990 852 783 248 671 837 598 38 890 784 346 386 75 676 672 538 345 602 269 212 147 598 799 507 621 603 731 596 252 203 5 564 651 94 573 921 254 27 55 654 409 801 206 94 426 645 882 530 714 85 492 58 724 816 787 528 865 182 478 812 78 279 530 765 339 395 170 904 830 938 495 875 753 200 244 437 570 116 387 130 278 82 433 601 862 48 582 163 778 697 350 142 235 371 215 807 312 327 121 164 104 937 768 111 592 178 563 427 182 900 40 85 371 452 297 524 783 41 653 767 47 520 827 425 810 370 665 84 230 588 564 887 797 901 418 94 168 195 730 361 651 732 569 335 3 222 80 501 90 699 225 700 379 240 385 570 963 186 65 271 766 281 188 703 115 979 944 724 504 816 381 331 361 494 167 775 355 53 815 874 102 142 46 507 488 245 409 242 67 71 859 268 258 362 179 103 809 38 183 914 814 282 792 697 207 142 993 241 696 298 12 430 104 187 569 473 944 958 687 108 631 833 534 465 155 178 745 386 3 906 712 595 603 316 188 295 857 844 834 127 777 148 549 683 596 180 910 806 949 729 117 681 566 654 921 306 417 355 824 984 897 79 104 633 72 347 754 965 410 679 611 621 515 655 255 685 13 850 5 275 426 369 707 792 329 972 744 765 922 257 134 455 555 84 673 580 174 19 108 842 633 818 90 884 640 445 564 118 984 850 949 881 435 948 784 357 752 722 225 563 32 324 314 506 987 981 970 947 74 352 112 731 942 594 876 874 135 255 118 727 322 988 87 664 318 596 147 744 614 156 599 191 173 271 342 595 207 
646 812 301 588 377 91 150 27 213 410 34 29 117 974 602 450 856 99 20 133 838 763 828 248 314 512 994 193 683 652 510 43 133 926 604 953 963 438 569 362 901 431 268 965 236 360 650 272 778 239 470 208 785 809 111 734 652 413 341 568 682 598 600 753 446 757 972 353 864 854 698 808 414 756 186 744 168 165 37 932 858 751 630 180 828 986 669 513 100 772 873 250 100 266 81 288 134 532 261 366 430 486 903 330 655 866 582 262 350 736 677 752 239 975 755 471 686 841 475 583 80 817 275 680 918 454 449 216 971 75 258 314 940 192 358 518 343 9 631 187 743 505 353 769 788 403 819 169 723 367 942 828 817 995 38 634 161 330 573 482 339 892 885 452 339 683 93 918 454 104 328 306 779 370 204 92 196 245 351 544 883 116 520 399 845 975 501 989 739 926 407 896 143 879 135 949 812 9 206 228 191 616 104 673 328 649 507 670 371 343 456 589 742 777 64 166 467 955 349 722 310 298 388 124 614 529 70 585 671 809 718 19 848 533 37 757 274 274 717 744 628 835 494 830 979 975 281 858 851 227 550 577 820 64 577 800 587 225 267 683 575 26 171 543 744 907 37 711 740 202 969 585 65 720 176 311 344 574 124 768 955 947 463 274 98 940 765 1000 195 183 565 2 549 11 142 323 475 821 994 914 741 613 770 305 301 85 69 539 873 654 918 753 21 523 192 987 708 972 834 938 710 180 682 760 288 704 833 14 10 331 214 585 972 718 496 167 680 597 305 846 290 50 238 327 857 620 693 188 894 792 184 348 267 102 376 552 136 524 989 517 671 438 904 20 773 931 39 867 958 459 791 556 138 439 161 378 89 194 460 588 449 896 202 576 533 458 260 427 74 329 711 679 753 36 587 733 521 57 752 599 164 708 952 467 859 997 264 778 49 467 400 309 921 358 281 328 688 159 46 546 167 342 693 936 754 906 280 702 843 104 20 599 250 539 500 183 753 586 591 926 528 15 1 18 172 355 958 236 607 235 684 866 266 53 582 970 789 53 337 169 474 647 960 928 626 596 891 581 973 534 35 408 563 689 879 865 616 704 893 545 371 874 740 193 431 116 949 419 220 748 408 26 906 898 706 541 425 875 288 685 
864 500 415 324 910 378 971 438 687 599 229 315 18 140 982 224 157 571 749 228 918 524 464 179 664 645 219 694 897 627 898 794 156 581 952 985 577 597 283 215 698 434 501 831 574 512 677 445 464 682 972 197 152 425 208 705 989 423 377 557 948 347 270 616 371 33 584 206 652 58 846 107 632 365 632 971 628 148 958 479 884 583 309 954 149 213 309 835 380 34 581 276 607 660 63 958 686 383 300 306 968 514 700 999 917 730 863 604 767 754 708 425 891 130 965 248 896 62 551 757 169 424 266 79 647 182 318 303 93 185 654 408 62 332 499 167 592 363 386 103 740 834 979 460 798 889 179 683 24 516 911 636 977 358 424 509 50 883 778 991 651 902 159 897 158 108 994 42 940 570 244 654 300 931 472 964 927 161 191 711 457 157 440 552 706 599 487 421 148 832 244 165 293 714 823 868 758 629 227 667 103 369 868 440 672 590 683 423 726 714 65 515 883 443 625 855 461 538 798 310 877 765 315 355 901 129 273 119 696 605 891 130 463 417 903 431 773 2 829 565 806 244 196 677 11 845 666 374 167 998 353 989 389 982 691 366 899 435 654 911 886 691 446 945 91 548 534 257 713 885 695 318 211 35 37 246 199 551 601 109 864 261 998 843 286 496 916 488 318 832 44 427 860 778 431 490 862 684 811 369 818 168 901 994 931 256 123 581 649 340 650 291 885 425 345 932 546 723 544 100 972 621 322 935 702 603 625 312 974 646 447 210 884 949 442 571 359 493 912 813 613 64 109 756 668 424 825 109 286 230 745 325 732 680 984 968 982 304 345 425 897 822 147 965 715 692 169 599 102 746 766 375 697 496 149 551 881 174 69 664 652 793 371 693 999 790 159 93 497 28 659 187 435 142 861 483 302 957 71 315 465 127 973 517 762 171 693 280 616 965 400 718 640 57 913 531 662 323 838 62 120 369 473 5 427 370 460 271 475 130 68 283 404 176 609 758 782 200 767 420 770 635 982 852 696 598 610 640 64 509 921 868 15 975 568 284 62 420 443 500 47 385 514 842 505 201 515 814 282 142 515 772 974 289 446 4 950 101 966 680 682 805 406 290 337 38 218 560 247 486 999 954 831 760 174 727 345 265 59 657 
893 552 698 653 975 387 30 423 822 123 744 584 340 777 897 757 43 388 41 250 588 208 548 681 966 989 979 935 44 13 5 76 940 471 705 687 659 387 261 473 308 88 927 506 232 44 42 61 337 258 892 140 885 501 994 33 889 540 110 286 543 976 614 861 255 627 846 934 306 77 410 230 23 101 44 404 212 373 664 355 743 812 283 521 951 99 574 94 544 794 930 898 310 224 55 500 186 81 535 869 756 692 209 282 763 525 169 557 858 685 43 879 735 340 779 620 472 254 579 735 925 791 225 394 393 269 249 187 383 343 306 458 844 430 760 567 908 464 484 819 383 53 496 271 181 581 214 10 883 255 974 128 938 347 981 859 996 114 120 249 241 446 681 212 536 3 528 182 18 655 697 704 576 684 154 670 658 984 2 906 850 600 203 341 84 245 703 476 928 9 66 982 561 628 953 85 920 705 543 586 156 579 691 286 682 909 5 724 800 946 647 756 171 3 185 350 508 183 908 317 914 797 527 722 282 200 886 652 191 647 0 504 782 674 415 729 227 25 882 329 625 541 111 859 492 479 543 853 899 943 247 104 320 660 581 272 193 838 71 101 841 292 841 913 284 56 149 791 434 861 428 760 713 720 487 637 215 800 523 764 929 735 78 876 702 854 960 467 688 402 924 258 31 48 333 41 37 297 759 199 111 132 439 878 391 802 439 582 944 327 48 229 477 626 816 106 927 930 329 119 773 731 63 653 987 108 743 564 339 386 361 430 64 206 688 43 281 197 836 974 681 159 46 140 294 220 814 852 149 467 706 223 707 333 953 889 442 802 129 350 306 186 267 11 991 260 632 530 238 842 394 60 623 844 406 826 989 958 432 63 584 996 250 13 173 306 219 86 700 487 320 61 347 41 774 660 695 60 583 540 809 437 550 435 906 253 9 409 319 666 43 982 730 839 517 687 472 737 252 583 536 259 120 927 864 279 616 303 870 346 514 156 240 277 736 998 519 483 918 111 709 218 542 162 533 157 654 522 210 108 100 691 377 720 659 803 154 230 19 524 867 525 871 697 287 71 75 456 430 730 313 809 634 259 118 353 372 62 998 404 449 922 24 9 453 140 17 571 854 135 422 455 273 419 803 352 545 219 677 770 
47 263 3 751 127 589 292 715 385 550 376 215 783 686 567 261 947 774 420 257 287 540 23 309 68 506 130 799 219 300 536 888 481 598 698 415 130 117 296 938 749 753 141 964 417 163 772 283 135 858 554 239 210 30 313 551 37 152 285 277 507 371 20 271 482 996 207 434 39 500 167 539 530 426 287 99 568 3 664 426 826 142 812 744 843 461 235 619 416 89 490 851 235 983 640 852 557 911 695 721 671 32 260 86 346 896 975 205 555 934 35 323 546 901 13 906 376 588 512 561 543 747 439 902 953 663 584 461 497 976 541 639 22 237 781 491 388 224 93 185 420 712 75 265 152 836 432 108 675 699 118 699 375 385 483 58 393 0 935 840 789 373 260 48 551 534 342 738 73 675 772 131 601 736 151 161 782 156 389 390 574 14 709 156 933 809 181 218 304 965 401 427 120 606 638 562 796 840 510 134 400 175 258 738 637 703 386 608 239 988 420 108 199 944 293 329 574 182 464 319 125 782 595 974 620 878 305 454 809 49 413 534 688 219 471 518 747 956 368 228 574 567 666 893 931 69 780 758 728 209 62 872 716 875 809 388 567 627 504 306 745 104 71 154 56 159 700 455 393 966 465 706 194 769 153 196 360 686 589 331 578 533 590 686 533 175 450 153 482 41 210 865 699 369 706 646 947 306 674 271 82 372 275 198 228 601 777 332 967 501 54 802 752 575 511 156 928 31 234 635 827 607 485 21 995 428 911 636 139 267 449 407 185 145 239 366 486 131 193 856 521 573 236 878 680 491 205 489 949 949 441 546 122 468 427 708 472 953 578 843 624 896 269 845 10 588 899 944 665 128 318 243 937 340 564 832 555 841 358 508 240 739 671 30 940 176 69 664 846 159 276 815 321 688 921 833 423 448 469 583 631 973 435 413 459 884 788 76 693 618 154 344 742 688 349 136 884 677 315 460 621 141 313 606 845 118 21 402 106 657 984 413 216 246 733 680 36 110 77 582 34 221 179 750 419 211 738 450 919 392 105 175 808 49 309 279 716 823 741 927 917 534 172 656 484 650 763 459 25 758 126 557 823 974 314 520 320 814 394 156 292 824 867 989 614 277 414 794 380 185 3 233 674 658 934 373 402 60 404 909 
484 531 578 474 654 678 916 981 599 243 134 894 368 364 41 958 991 610 973 892 991 609 175 84 894 337 372 533 739 264 107 635 191 768 316 197 450 588 101 110 691 286 333 133 802 59 996 487 202 183 847 551 468 386 934 630 244 133 510 317 807 435 62 794 588 717 442 51 725 664 664 893 90 104 578 795 71 180 405 719 729 946 999 204 761 175 193 226 698 328 889 904 51 754 446 379 77 378 413 479 557 796 372 244 977 828 44 621 571 858 989 861 421 534 246 10 436 35 176 347 765 240 154 872 505 542 243 816 62 685 643 816 466 130 103 302 125 315 904 296 475 491 371 350 576 934 808 745 629 103 547 995 548 232 405 627 809 736 313 945 172 926 197 213 314 482 186 794 672 653 320 451 868 929 558 860 277 407 987 686 496 640 306 731 34 466 832 894 740 461 985 337 824 276 209 756 796 446 371 360 893 97 242 88 592 787 787 155 936 96 683 93 742 126 248 941 579 387 809 782 10 505 559 529 829 612 846 628 131 792 667 100 983 511 812 914 739 623 208 277 43 451 771 601 719 990 821 974 505 47 618 581 237 989 815 364 451 895 955 418 121 52 394 802 231 975 122 328 560 445 871 477 921 565 165 79 493 157 162 2 208 857 828 39 735 769 137 292 700 139 709 225 698 696 167 946 770 290 20 577 720 227 124 757 970 947 70 547 793 616 129 998 925 287 796 928 476 38 218 575 16 434 983 123 973 554 858 725 343 735 907 338 421 347 883 196 120 831 584 117 733 96 585 676 70 290 52 741 673 644 279 666 975 361 370 690 975 377 26 978 817 51 588 943 942 403 458 978 714 512 817 937 171 350 34 283 799 225 659 424 579 189 771 581 884 521 756 767 730 39 262 159 994 31 94 2 386 319 481 519 348 521 896 312 89 726 25 118 170 520 555 518 164 844 198 723 331 774 972 33 497 630 479 7 856 238 951 436 851 300 72 783 197 392 2 340 873 782 224 515 228 5 337 844 936 610 304 198 862 941 577 984 699 794 188 198 518 921 966 514 844 624 193 256 220 910 16 980 437 303 694 284 99 584 725 282 360 7 83 303 36 274 397 158 458 645 776 657 274 664 241 532 907 534 872 885 622 706 938 328 
849 822 851 444 690 848 853 125 500 835 51 379 996 348 953 898 295 944 131 397 890 803 27 513 389 29 120 233 474 431 667 116 91 528 33 415 816 231 311 228 954 23 639 769 813 900 243 779 217 299 572 997 854 910 709 526 205 712 382 764 736 918 205 329 317 350 636 672 652 592 394 337 340 130 487 944 519 301 950 535 792 914 528 813 868 600 406 783 307 432 127 460 911 406 228 277 806 799 818 271 729 578 231 836 851 770 293 726 950 334 985 155 738 374 722 60 731 252 664 908 252 846 725 327 675 389 488 868 938 893 461 129 339 847 522 912 898 656 587 839 961 13 760 757 697 78 206 562 512 626 72 564 26 558 654 940 631 910 850 994 146 205 50 293 876 211 258 816 506 793 449 456 196 286 36 693 512 127 991 853 702 494 0 300 553 3 166 504 521 433 900 908 31 195 206 580 838 268 83 639 67 103 276 874 711 277 523 333 567 648 441 160 957 422 862 158 701 350 301 546 724 326 20 418 683 7 614 676 290 213 106 566 198 349 980 539 777 446 100 988 752 421 329 486 579 11 318 874 918 201 119 359 551 918 641 249 283 31 297 367 411 686 590 317 258 488 237 302 726 664 150 859 224 286 179 890 691 749 173 320 510 713 971 914 990 318 686 764 66 944 947 406 361 661 585 183 675 868 976 454 70 924 535 923 716 956 974 989 616 201 615 279 592 651 365 228 579 675 450 67 261 270 486 409 219 236 352 248 642 979 336 668 884 408 816 494 701 412 692 86 472 43 628 797 914 29 939 872 841 960 280 665 885 262 895 87 104 426 31 421 829 357 601 500 232 753 583 722 491 319 666 381 464 952 291 936 47 525 309 502 827 813 387 224 275 79 789 717 867 140 148 945 505 665 795 98 776 572 835 566 25 710 490 172 699 673 935 870 774 540 66 798 624 771 264 624 74 19 217 166 4 645 218 937 473 226 861 781 871 339 283 705 89 920 670 134 386 604 626 759 483 980 959 150 247 278 201 160 605 802 111 22 427 351 931 793 482 567 161 347 600 114 408 502 187 902 789 427 170 691 469 379 467 314 848 331 841 254 647 925 777 673 527 507 203 523 178 369 879 146 943 535 303 474 458 85 442 206 631 162 
848 628 339 15 0 865 905 219 487 846 381 969 558 948 49 315 232 461 611 856 474 764 404 308 812 700 113 310 693 472 305 564 423 163 640 228 385 423 332 840 447 25 726 351 49 125 585 896 216 877 673 618 42 885 918 22 958 55 418 981 990 101 205 393 376 762 257 137 933 928 79 530 25 684 425 429 130 11 431 416 805 503 26 440 345 168 976 183 589 150 160 845 774 71 566 777 648 745 358 555 841 291 767 753 130 855 431 165 609 353 480 508 539 830 757 936 531 969 474 969 434 877 198 690 604 559 405 642 143 359 927 462 157 255 566 974 410 123 258 943 577 770 970 512 865 533 794 503 878 202 772 359 373 512 710 171 945 814 982 956 75 667 202 948 560 158 968 93 147 49 55 294 924 485 660 769 872 864 457 511 131 368 59 544 397 774 63 317 821 212 856 170 926 143 546 578 767 365 331 566 827 876 263 241 368 983 470 80 205 896 174 668 151 881 635 650 472 728 747 888 278 360 107 229 444 958 892 826 937 395 945 142 647 706 715 564 396 92 268 773 437 136 418 924 797 2 173 496 542 479 690 965 146 317 801 409 33 679 999 377 409 655 101 81 147 13 48 759 577 699 109 92 914 789 960 945 889 316 400 494 341 185 952 432 809 524 312 244 704 508 464 190 209 706 300 613 729 930 715 184 742 905 432 438 433 671 329 499 201 242 792 141 731 561 882 319 74 744 238 619 678 981 765 798 344 993 886 937 505 363 679 683 731 777 334 704 365 622 141 787 748 844 777 967 518 483 238 778 38 962 649 784 597 320 723 858 192 868 760 888 457 667 504 298 65 822 346 513 263 362 171 657 716 29 293 512 140 845 235 765 706 987 604 260 157 919 554 589 285 507 284 196 265 405 990 53 243 494 564 897 69 392 997 544 139 972 337 484 725 781 333 476 691 337 718 140 462 869 353 766 137 987 485 709 591 511 861 855 963 882 939 215 814 713 388 166 411 355 393 694 123 944 760 959 561 593 191 647 236 657 710 637 458 591 186 113 261 393 312 340 6 925 951 778 502 96 852 105 246 633 707 464 949 225 688 211 558 329 300 530 678 1000 694 299 602 235 979 544 20 913 625 425 371 332 614 813 971 464 153 399 
626 466 596 28 777 298 978 512 244 399 302 716 278 40 840 789 495 946 747 532 524 471 621 626 237 128 340 361 392 474 483 540 982 488 287 940 273 892 291 654 630 501 634 575 305 909 212 233 907 206 963 388 256 609 779 672 167 815 464 589 727 683 509 506 801 234 541 384 162 965 456 323 124 767 107 658 704 772 63 987 442 178 304 766 518 556 50 298 32 299 431 838 599 610 191 943 296 340 253 626 597 483 854 133 129 860 876 964 914 123 987 813 266 528 508 428 238 705 536 742 247 385 881 859 292 584 759 587 846 818 953 86 432 783 748 312 860 320 243 657 257 510 979 5 84 994 815 1 965 505 973 723 237 553 774 859 264 356 666 186 722 886 52 432 59 461 473 719 164 406 333 135 196 162 718 770 167 129 509 689 564 777 515 767 717 331 736 43 107 426 506 774 814 110 150 717 654 454 527 586 512 351 869 94 39 825 446 600 421 472 972 760 63 815 617 239 799 520 106 996 383 176 120 876 275 12 181 227 183 509 327 31 552 966 759 646 665 744 44 313 670 802 596 354 196 399 709 395 771 52 403 33 876 385 825 830 519 434 149 112 746 125 546 292 191 771 876 52 553 294 944 873 662 372 333 810 574 797 595 656 795 589 247 914 38 422 628 204 617 241 112 420 830 577 233 45 999 584 177 328 754 985 868 327 417 988 707 620 437 46 900 838 755 426 51 406 266 813 341 372 51 870 568 70 536 59 36 60 323 544 524 656 619 512 686 308 913 516 699 536 68 540 81 119 793 946 118 890 620 1 459 238 565 927 798 910 663 449 774 692 465 412 246 166 170 91 683 515 754 328 678 726 626 203 2 576 386 116 910 983 464 935 499 353 714 799 827 113 456 785 157 346 604 537 543 346 107 846 854 429 64 939 888 217 769 622 535 948 759 226 764 535 981 612 366 893 690 296 458 585 447 478 815 868 114 684 872 645 748 536 44 124 457 39 456 48 827 478 920 672 23 843 648 949 654 30 631 852 642 103 539 814 166 585 58 891 994 883 262 19 849 521 227 96 396 897 239 899 983 531 15 615 77 654 221 833 999 422 388 208 706 601 35 439 681 357 471 172 785 771 20 586 942 87 4 772 936 149 104 677 
818 108 449 774 843 722 533 861 549 183 22 439 129 234 50 137 171 332 868 52 195 549 106 362 409 487 634 763 666 344 590 36 777 486 824 119 230 953 878 841 243 281 954 950 839 260 475 322 627 334 115 410 613 185 67 5 375 414 231 205 545 491 554 371 208 308 584 539 408 780 838 267 745 839 543 278 966 532 983 740 253 187 761 709 947 519 146 780 638 392 603 104 261 37 373 448 436 704 415 844 37 586 75 970 649 413 943 928 336 879 281 83 204 968 877 208 29 981 482 616 908 508 405 142 947 306 609 788 817 624 463 190 691 390 684 491 844 504 778 865 283 409 499 963 427 790 607 965 515 874 764 482 904 443 269 356 366 820 819 483 531 665 213 768 342 151 404 434 762 902 628 704 479 681 988 827 624 857 46 801 932 266 461 893 729 291 833 568 92 428 675 743 697 978 556 470 734 225 586 678 451 703 804 933 490 29 545 785 215 946 705 190 943 716 88 542 684 54 840 464 907 925 606 724 430 506 289 471 885 79 727 581 71 885 197 154 548 256 248 330 983 896 357 1000 580 96 718 399 101 38 762 350 609 290 819 357 640 137 661 16 727 187 120 695 192 958 2 556 726 970 335 206 881 828 212 205 801 50 994 168 66 623 214 622 703 59 993 1000 580 54 616 522 220 379 614 997 538 853 434 402 299 96 795 318 637 837 298 966 800 111 109 149 130 849 350 72 358 186 349 782 31 892 837 236 312 817 931 792 703 377 256 61 863 56 719 205 806 637 397 623 260 80 870 749 427 314 348 217 856 571 780 311 301 396 895 813 200 772 8 285 80 725 227 736 334 348 752 636 461 185 233 370 669 264 442 563 112 881 122 320 390 76 368 339 65 598 474 567 226 984 456 637 441 656 310 264 820 375 906 303 589 225 151 39 582 801 500 468 986 376 542 257 2 1000 889 250 4 661 162 1 594 975 483 281 570 879 499 196 894 951 131 629 597 1000 826 783 256 284 642 238 356 220 21 639 24 594 118 873 910 3 252 345 236 271 766 294 726 364 256 321 670 664 1 933 8 515 287 162 377 200 535 92 141 95 176 809 258 543 524 595 225 887 347 141 264 842 199 646 899 836 468 419 401 881 403 283 92 794 51 741 
477 302 250 391 228 728 266 370 598 167 304 658 430 726 164 410 50 610 326 954 26 297 884 853 656 909 848 953 172 502 501 116 202 159 570 736 277 143 212 24 753 163 413 65 891 89 977 735 210 830 487 643 197 713 919 664 705 655 826 7 620 551 444 697 161 227 390 393 318 643 249 787 342 202 251 6 703 101 200 164 370 722 607 450 530 972 707 775 50 651 654 569 558 902 730 333 945 299 641 796 823 619 506 145 685 958 708 675 479 692 111 863 986 365 336 525 575 509 636 375 511 224 677 972 224 29 366 641 185 740 629 101 137 348 7 472 546 649 386 389 837 584 259 95 610 82 248 936 505 598 720 981 763 17 350 632 720 912 21 742 872 614 6 485 768 400 459 657 545 524 882 732 812 125 555 353 441 244 465 896 183 298 509 144 808 596 932 335 468 92 255 466 519 332 128 947 537 825 410 300 156 220 907 929 907 735 346 997 517 347 610 519 783 616 842 728 209 998 917 13 628 309 206 810 159 698 891 623 521 600 229 19 156 829 470 172 856 433 524 130 313 850 184 134 920 332 274 803 365 329 482 716 961 835 276 250 700 551 277 400 275 745 321 140 639 524 767 290 458 681 317 632 16 560 574 183 193 162 720 702 981 848 913 732 460 670 658 880 647 121 59 634 776 589 737 529 433 569 238 125 770 951 622 992 772 213 83 816 97 527 876 483 692 951 339 718 304 868 588 659 392 840 426 288 761 168 218 814 322 152 361 96 260 881 779 129 772 699 326 83 263 670 259 17 462 949 643 638 122 212 423 339 799 491 700 611 953 353 776 416 664 944 533 570 646 237 570 614 455 182 288 336 786 168 946 664 452 882 287 70 118 130 761 801 128 127 823 337 67 816 383 36 556 349 309 3 401 902 219 417 450 816 614 641 328 725 749 305 201 906 258 119 963 857 530 674 470 58 727 665 30 830 703 416 112 346 278 552 275 295 380 623 762 223 48 398 312 824 633 888 143 888 701 799 530 407 407 339 424 948 261 896 543 746 941 673 480 299 881 399 477 718 283 276 455 710 66 780 533 456 493 11 318 390 863 88 970 395 25 743 69 282 167 209 183 854 525 520 898 162 219 589 590 789 575 174 635 122 686 54 
163 284 690 160 843 620 200 415 650 609 220 477 410 935 220 256 544 699 626 611 538 194 93 283 567 862 727 510 773 692 649 155 489 550 779 456 94 445 804 271 396 135 644 580 20 30 841 605 825 660 394 230 373 732 202 999 140 45 806 796 300 524 413 557 938 416 849 348 511 899 40 135 603 95 480 503 50 587 762 117 929 1000 147 937 890 580 587 766 348 173 872 66 109 61 697 940 754 0 15 219 349 536 83 33 538 164 914 783 507 371 770 244 303 449 974 62 868 52 515 97 594 432 36 952 678 984 684 385 169 836 60 433 420 856 73 628 921 765 617 440 516 560 385 528 126 83 917 98 364 547 908 942 323 281 949 955 741 920 285 993 675 160 216 321 547 354 550 964 670 497 522 552 632 372 647 985 713 592 924 567 426 492 797 598 209 975 51 231 145 74 737 886 476 978 810 157 208 525 623 294 714 28 110 990 191 23 325 699 742 480 93 273 17 705 117 801 902 471 288 872 783 664 480 784 525 982 384 323 512 270 637 125 616 809 859 1 455 107 259 70 649 823 272 987 992 931 505 608 269 772 74 31 434 963 962 480 690 159 896 145 605 628 439 896 987 92 69 167 861 198 987 586 274 963 338 342 59 931 582 747 11 446 536 371 940 667 979 855 4 45 53 59 789 371 142 910 295 26 993 21 616 925 42 3 414 396 662 211 113 394 61 969 426 856 344 805 881 655 214 332 750 313 626 30 456 428 985 600 730 161 994 999 699 53 759 648 9 285 415 830 285 983 619 420 88 301 651 432 119 410 512 31 276 496 654 215 622 557 619 940 302 845 286 300 339 384 913 828 115 311 707 534 927 908 363 12 536 756 784 53 929 150 233 567 310 880 598 722 257 322 374 745 306 545 918 935 223 848 402 489 74 471 630 8 471 271 367 864 880 297 435 340 35 965 130 179 502 708 258 576 668 887 670 858 614 303 897 774 414 245 277 5 720 999 457 245 584 258 501 801 751 52 124 952 841 840 345 679 950 408 288 188 280 921 57 144 863 511 305 154 929 855 6 937 233 502 549 570 118 352 580 396 528 312 37 360 144 33 581 733 101 429 196 825 997 193 600 997 545 621 784 472 158 439 398 783 698 189 513 841 
780 6 513 874 304 163 932 309 105 460 274 720 752 190 395 931 204 666 217 880 846 669 215 127 517 261 13 539 454 90 903 29 663 688 250 508 657 658 960 297 89 348 149 137 956 236 723 735 680 198 684 421 903 49 475 217 586 680 592 88 842 389 160 389 480 294 980 158 951 910 564 392 953 194 289 380 447 414 653 431 193 260 733 677 846 927 721 939 500 929 864 469 680 516 521 640 888 824 625 386 645 480 882 613 413 486 624 392 513 421 199 262 443 469 59 727 86 840 287 143 803 668 414 929 261 901 777 117 228 663 589 194 183 444 614 454 743 308 878 675 769 451 547 665 126 691 381 84 182 831 227 234 622 926 739 593 627 38 519 952 84 124 61 997 278 799 901 589 590 895 933 397 157 551 496 122 322 363 457 23 265 703 987 410 323 533 412 465 117 245 411 644 582 186 165 530 341 76 453 775 365 211 627 774 64 440 266 733 733 901 397 598 678 213 934 266 935 793 700 337 306 361 89 350 468 357 314 355 730 444 211 326 959 522 250 670 966 728 551 621 558 481 970 328 793 807 28 322 307 410 184 971 730 420 547 992 597 394 849 897 868 264 185 300 879 128 917 822 104 921 503 651 274 164 478 149 781 912 102 448 813 40 368 105 906 765 147 363 411 17 574 443 991 737 892 776 838 880 969 734 715 94 650 645 698 849 174 198 849 255 87 654 270 112 903 686 348 437 973 886 873 286 382 123 907 665 57 923 904 197 64 422 731 836 547 327 977 952 188 388 253 209 327 38 415 340 742 191 110 472 337 501 232 183 847 745 696 189 525 708 856 620 603 529 273 289 502 42 495 498 666 803 269 561 247 292 546 793 820 611 457 103 560 146 776 785 214 327 11 153 909 301 441 563 146 647 771 500 742 575 248 426 494 65 904 644 100 91 198 832 701 823 208 884 212 372 935 172 956 811 405 610 438 402 231 559 789 645 485 281 67 518 998 291 202 457 109 411 58 561 154 424 542 321 311 921 116 470 217 807 884 327 741 749 532 595 923 461 185 487 497 273 315 577 549 919 542 206 389 246 396 743 58 835 35 793 469 35 941 372 461 683 693 93 876 922 403 362 512 321 931 348 252 77 932 364 7 607 501 134 
994 430 603 669 717 1 865 503 168 340 946 656 342 956 44 19 18 378 651 992 921 819 712 117 36 576 214 93 697 598 766 14 755 750 16 878 296 119 996 458 346 408 268 353 33 466 793 155 787 444 491 122 215 91 643 545 406 594 76 26 96 258 380 352 11 631 786 963 535 911 460 109 450 166 316 405 672 40 724 969 61 945 941 796 114 720 49 287 349 329 426 323 713 622 930 857 925 893 782 545 328 631 845 636 378 693 711 900 213 343 991 360 571 140 764 252 503 40 893 391 499 420 311 870 706 836 723 354 572 761 801 926 523 798 418 49 782 835 126 404 695 270 131 30 547 595 99 744 904 888 574 121 333 291 764 565 25 535 828 329 438 288 230 914 763 674 539 561 26 126 44 82 18 665 470 682 68 690 327 958 881 206 866 862 238 505 448 774 929 977 705 295 834 482 3 921 556 975 926 378 497 511 736 143 639 838 31 321 37 766 664 39 828 879 186 25 982 600 979 712 367 30 53 574 806 308 419 248 849 857 66 697 274 148 803 155 980 201 138 165 566 11 382 999 980 28 495 902 165 837 722 521 82 759 143 186 729 870 991 401 448 827 593 104 836 352 529 260 869 33 42 203 877 250 778 592 546 472 623 364 543 191 125 276 937 794 310 519 911 947 3 920 401 894 538 264 764 351 738 95 278 83 26 579 794 443 357 26 597 198 560 289 421 531 101 976 73 38 578 539 289 936 785 764 393 33 221 788 207 15 572 205 591 719 118 595 493 176 400 342 778 837 7 907 903 262 418 765 116 171 512 495 228 558 401 7 641 489 171 397 787 769 225 504 798 17 694 184 737 526 711 446 117 241 42 372 192 846 425 465 179 668 568 306 623 510 792 642 942 974 828 420 406 859 951 931 62 176 511 897 626 693 78 925 155 216 849 737 202 226 834 425 258 386 427 864 877 976 997 734 187 5 2 981 494 694 788 486 893 234 815 36 482 598 518 672 914 760 212 631 380 894 957 541 972 363 315 324 310 502 42 487 199 410 437 51 324 685 421 272 465 384 360 203 213 270 723 719 393 241 661 829 882 796 597 509 589 584 915 426 414 51 633 617 906 938 456 309 641 651 513 357 737 257 267 876 931 57 333 764 
326 886 519 282 835 550 954 695 497 896 485 371 361 312 405 965 67 172 960 701 115 361 129 936 779 224 374 390 730 774 821 7 868 28 598 283 204 239 39 980 815 146 459 962 890 127 44 34 855 422 421 103 625 516 562 348 113 834 417 58 355 603 988 912 783 361 736 376 292 935 124 235 557 706 746 720 258 447 659 440 17 182 372 855 82 839 263 96 603 97 379 204 504 326 363 99 91 39 55 616 179 338 878 748 819 616 178 369 190 358 940 89 333 112 801 975 271 163 819 504 522 651 833 589 389 37 193 581 647 946 282 874 314 416 503 622 286 109 604 191 331 601 382 921 869 297 453 720 255 985 673 684 581 626 556 342 511 466 795 58 119 66 754 22 451 772 916 575 891 776 263 208 224 593 885 218 591 682 553 97 337 858 394 461 183 249 568 526 956 338 377 93 356 86 328 249 817 535 343 727 545 975 395 745 865 265 931 493 712 528 614 409 442 524 647 956 69 440 542 397 288 151 889 61 31 275 289 931 98 851 190 665 564 409 24 517 83 82 95 537 679 72 825 433 309 282 661 961 325 479 524 229 13 970 358 776 268 440 945 945 281 92 947 375 218 161 405 685 820 482 8 537 478 949 978 168 967 287 974 750 35 114 986 535 569 648 109 781 1 741 732 811 444 85 848 430 345 595 607 391 57 413 342 552 890 865 926 642 373 771 856 385 78 499 636 158 807 403 47 10 844 69 194 198 864 515 722 623 651 33 268 789 363 242 320 707 74 569 714 214 871 105 819 128 139 240 308 903 658 414 433 664 701 773 673 944 700 647 402 983 319 436 201 24 150 706 144 569 573 440 157 726 571 419 686 326 833 249 449 577 126 307 660 485 819 316 780 209 926 154 680 708 695 350 857 720 736 984 686 715 234 567 397 536 155 364 166 86 667 942 290 4 793 752 677 790 168 71 63 989 175 897 941 560 438 315 202 824 747 212 202 89 550 435 668 26 556 384 576 65 204 738 223 672 376 286 810 559 484 824 700 18 507 719 532 472 151 9 287 830 427 128 522 919 471 850 998 426 340 964 159 753 56 681 235 610 17 966 652 481 200 645 118 930 361 383 98 997 448 531 442 468 395 969 898 688 647 468 591 462 
704 351 500 474 818 370 921 766 674 303 476 159 767 116 741 190 525 962 150 0 777 853 721 741 489 579 145 762 931 380 298 919 883 713 724 161 854 461 473 295 446 127 631 892 3 410 271 500 20 886 529 779 602 592 299 316 209 109 308 812 496 135 510 437 696 48 856 124 987 805 905 490 204 916 516 512 698 337 407 685 234 134 764 847 504 238 525 957 15 572 585 144 123 255 875 683 536 248 900 693 640 727 247 701 702 85 837 894 253 569 41 127 746 229 988 935 23 196 390 419 501 548 165 593 997 983 64 549 320 497 968 427 967 325 858 869 866 219 652 545 380 874 575 82 35 16 728 795 499 805 23 149 671 244 191 625 588 739 723 94 358 873 980 570 932 396 442 119 346 886 560 257 56 280 769 127 228 546 715 655 822 528 947 711 710 167 538 335 296 168 806 478 415 444 890 343 879 844 764 887 873 898 489 625 71 2 44 822 499 983 268 528 875 98 571 356 327 128 455 304 934 352 262 259 843 475 799 126 861 797 172 724 22 571 208 890 903 396 425 420 836 981 581 561 937 678 613 13 389 652 142 94 57 819 494 204 620 136 869 886 449 844 888 78 21 206 777 509 623 15 132 703 156 681 582 65 604 476 431 283 957 81 606 406 833 43 262 637 401 627 737 908 614 974 105 447 155 993 395 110 739 287 19 691 283 117 460 100 430 187 212 562 233 419 736 252 364 472 579 532 438 453 42 719 108 960 687 45 960 970 306 344 561 300 730 874 362 274 383 297 522 680 410 396 790 157 471 989 414 299 316 114 249 734 901 737 693 512 790 152 207 135 379 697 719 179 229 15 540 129 980 183 498 1000 903 968 610 655 865 134 203 79 315 179 757 153 478 54 215 873 566 660 605 854 528 871 74 793 156 794 201 865 136 795 371 628 255 625 759 747 378 988 381 896 286 580 730 618 785 81 379 286 934 6 790 475 216 124 875 221 39 909 105 18 235 392 397 684 575 359 626 451 481 409 328 873 586 526 695 762 423 888 594 489 301 393 672 707 68 361 904 971 899 458 77 402 886 933 245 91 546 995 65 201 428 383 179 499 875 586 933 385 909 59 290 852 873 9 846 284 498 589 482 139 980 948 830 754 505 974 
955 801 784 25 196 755 335 658 9 251 176 286 98 540 619 447 932 523 491 627 437 923 494 262 226 4 1000 700 953 228 393 189 711 155 493 90 584 821 233 318 110 437 140 990 540 387 894 898 527 990 994 298 177 91 136 799 920 710 592 951 194 576 888 372 755 561 517 81 85 135 735 491 379 427 164 178 591 780 917 997 534 477 564 783 346 865 577 30 874 995 461 973 159 343 380 179 647 728 893 293 17 536 136 831 638 23 671 110 169 814 252 490 808 343 973 500 627 535 771 254 610 408 961 405 545 285 494 844 673 440 520 767 357 170 28 119 558 364 271 273 778 421 321 538 999 589 634 217 553 400 284 521 53 59 611 833 388 247 796 615 331 142 730 222 214 892 79 552 983 635 457 438 79 253 165 649 411 67 37 744 10 197 201 216 830 506 940 530 677 329 127 748 214 543 632 809 736 764 466 395 959 405 382 906 115 415 490 546 196 449 396 558 470 499 116 701 772 843 245 954 744 695 279 569 798 105 813 398 5 996 944 718 60 865 560 682 508 194 193 922 216 278 579 722 722 221 758 47 665 858 499 399 296 762 383 884 585 104 200 725 193 179 493 945 939 120 115 18 954 955 457 814 525 539 60 638 958 566 344 561 86 699 110 141 225 834 890 433 903 758 881 755 255 804 733 507 830 771 295 175 678 803 279 847 78 502 295 723 492 960 438 738 797 143 343 783 978 544 119 443 747 763 361 237 417 258 885 199 466 898 40 593 116 373 124 395 749 706 90 539 725 219 952 23 20 355 485 999 257 56 869 818 858 930 92 785 813 712 80 639 885 193 755 487 298 481 425 972 270 810 738 734 72 512 640 149 293 970 935 710 625 317 437 213 611 600 974 779 237 662 116 921 705 645 366 837 581 798 621 82 736 525 203 577 832 282 902 572 179 388 566 963 443 701 864 454 666 41 719 764 800 472 532 277 836 517 657 313 152 145 304 108 104 816 2 629 769 450 498 743 636 246 813 379 869 741 948 147 392 387 642 892 616 147 370 589 66 70 800 349 70 722 302 994 385 469 379 898 549 684 369 681 175 739 817 523 336 588 580 273 496 576 382 364 964 369 559 428 4 981 12 31 282 294 426 940 476 847 937 966 
344 505 785 934 773 308 967 941 152 760 555 178 136 543 324 212 760 552 681 670 83 587 13 286 106 271 334 758 974 421 236 551 918 317 395 748 505 399 361 86 723 197 680 709 324 679 593 725 936 628 208 108 139 95 418 982 55 503 859 824 436 232 266 712 312 599 413 778 487 84 984 291 443 876 716 448 395 286 413 186 380 505 654 243 195 61 919 266 204 455 467 662 764 108 480 417 997 500 445 72 43 271 541 972 72 818 605 942 961 284 443 945 615 190 466 591 292 40 380 812 431 168 531 172 40 949 305 245 344 960 153 308 989 377 467 810 879 854 2 22 576 560 763 717 179 353 429 903 781 163 477 727 438 65 102 339 453 908 312 212 891 308 113 87 821 673 580 411 734 509 93 536 865 732 221 466 931 110 815 385 963 0 791 40 367 702 163 115 480 604 879 675 317 954 502 242 641 646 988 55 338 237 840 184 411 612 263 823 949 149 75 403 483 990 893 653 962 954 818 72 765 648 646 60 200 568 815 334 958 148 65 74 700 781 971 577 82 190 479 506 271 368 811 956 661 907 531 520 149 148 241 637 559 640 172 606 656 263 695 492 908 714 785 802 701 481 219 333 215 462 1 677 779 311 653 127 84 668 119 644 469 654 260 933 61 592 772 247 756 868 146 993 253 966 876 535 817 786 928 264 899 577 35 152 166 231 763 224 378 245 528 932 270 997 605 873 110 791 600 376 807 867 564 294 254 939 726 442 850 161 115 416 444 401 259 14 784 908 451 161 789 928 121 307 175 937 432 224 79 813 64 145 401 290 19 598 748 542 683 594 276 14 63 383 677 551 543 92 67 217 521 463 394 382 459 122 993 231 329 243 991 338 442 349 368 463 306 718 405 562 644 179 907 349 138 62 923 376 825 442 948 256 998 524 386 108 374 307 288 240 203 180 806 852 994 89 555 802 864 243 751 592 441 829 393 651 738 848 476 908 608 682 401 461 863 821 557 637 432 659 338 815 399 535 340 86 908 368 625 504 220 999 916 24 351 612 288 260 128 705 871 19 167 375 808 312 578 218 53 281 998 441 300 852 228 571 693 284 329 361 900 523 636 735 819 304 645 620 213 874 103 169 387 262 601 560 271 996 177 325 
249 190 361 403 162 537 822 734 637 117 959 151 711 539 677 435 897 143 635 657 677 301 935 928 451 1000 761 489 628 353 830 423 185 597 879 567 291 219 604 531 537 685 735 130 344 656 825 60 376 442 692 512 222 650 119 55 558 966 892 435 652 35 335 520 370 498 458 143 171 567 14 513 477 302 592 672 678 147 266 961 283 439 373 71 228 563 977 321 517 34 124 253 453 978 275 101 272 751 422 538 722 188 893 928 433 921 267 466 60 500 968 222 95 475 758 156 339 110 704 561 281 302 326 360 964 395 104 464 292 664 248 173 300 231 757 738 397 576 632 525 923 310 83 559 137 476 326 951 178 787 683 738 973 743 264 341 510 337 873 968 171 593 947 750 606 660 342 624 179 428 677 0 523 739 776 95 92 43 250 307 677 618 58 648 20 666 289 83 425 532 44 379 985 245 344 220 521 99 908 45 238 929 618 979 388 907 329 117 833 865 355 306 842 497 773 478 264 17 700 565 966 963 297 149 930 364 948 900 905 377 672 427 267 42 86 801 404 117 57 190 209 46 83 983 137 270 130 56 585 820 610 795 672 467 269 679 782 469 669 364 526 484 437 594 954 35 7 868 173 594 581 79 337 293 15 555 414 921 23 604 522 701 878 762 362 829 341 605 761 262 233 956 446 766 438 645 574 3 628 110 809 378 418 923 160 863 336 67 180 226 88 454 936 255 547 205 455 627 882 849 275 699 633 234 280 371 484 976 89 92 675 832 150 748 523 871 651 635 391 965 382 667 161 474 651 42 793 137 247 518 986 240 666 600 706 919 277 215 843 431 93 582 798 188 896 204 692 648 461 913 625 868 68 941 432 252 404 118 960 174 753 889 502 599 478 427 987 55 864 215 990 14 369 615 134 942 464 570 646 938 909 157 788 510 656 424 617 519 748 232 281 75 967 698 647 128 783 88 962 998 496 180 856 133 571 741 424 600 40 324 620 848 594 766 746 32 600 627 114 378 950 295 59 985 875 786 688 104 228 337 204 756 643 673 501 455 614 78 94 779 134 437 939 441 263 839 765 614 851 454 189 108 433 193 155 533 754 98 122 7 315 560 862 994 723 444 32 666 615 754 879 941 390 742 761 261 995 797 821 914 
