879 884 565 552 830 767 526 147 296 253 73 725 696 841 320 792 725 531 986 198 771 118 366 164 381 349 879 261 424 348 351 349 501 895 829 87 736 666 393 3 991 636 121 292 779 689 8 597 779 583 129 467 380 778 904 26 919 153 33 687 780 37 473 732 272 314 794 966 363 444 377 887 504 890 92 913 822 736 88 232 467 295 268 872 483 394 600 486 247 218 219 423 368 4 134 558 513 670 414 172 794 173 844 649 881 399 210 345 239 537 475 73 639 209 211 716 543 501 124 735 9 224 609 557 81 981 127 423 717 73 435 662 499 622 71 542 794 16 388 234 487 231 965 2 44 209 969 838 942 159 357 543 952 331 598 974 678 343 330 874 639 189 166 54 79 563 288 285 707 30 123 229 440 312 478 351 932 356 223 61 34 558 464 257 123 149 344 860 48 227 565 716 947 547 587 682 111 555 145 103 907 444 590 498 943 338 967 225 251 113 777 475 879 410 816 860 368 399 704 101 944 374 904 930 165 623 197 914 108 802 132 111 158 585 127 359 571 203 88 259 250 55 437 275 172 774 210 759 446 444 105 8 628 680 952 873 264 743 130 335 474 862 983 387 317 662 136 513 951 198 552 369 679 870 229 129 65 493 88 364 792 739 778 935 537 851 666 442 686 750 71 891 628 645 61 367 267 796 512 381 888 307 376 590 680 458 782 208 340 10 962 547 788 295 904 560 721 277 440 459 572 774 261 611 713 889 538 618 557 865 966 40 698 333 825 231 871 1000 366 40 863 154 650 102 424 714 657 255 978 160 285 993 212 288 672 955 714 654 246 793 916 114 463 255 194 541 734 839 283 218 460 806 337 733 214 473 480 647 926 610 290 149 253 296 567 997 335 86 125 194 431 387 465 51 766 20 918 994 631 267 876 10 966 882 79 342 914 739 111 987 177 771 6 869 930 143 931 136 813 614 504 524 745 764 863 576 581 385 799 594 367 354 676 605 720 823 252 352 602 347 499 699 938 762 220 30 480 244 755 401 965 558 989 990 866 69 909 549 481 933 196 815 145 87 128 67 16 574 61 757 606 179 47 864 67 760 173 369 368 483 685 368 708 18 156 46 259 258 720 226 666 462 811 660 438 945 1000 942 104 588 
590 249 950 605 844 864 336 295 736 482 60 627 406 973 93 146 488 85 193 99 36 421 901 400 156 96 459 847 541 63 914 262 513 139 327 597 907 383 843 601 831 880 616 646 281 820 813 886 323 944 746 216 843 23 567 868 226 930 788 241 573 308 308 507 598 232 551 812 250 413 119 985 386 724 503 743 196 923 74 508 203 729 895 989 709 814 238 899 293 912 218 262 198 1000 880 932 864 269 566 886 45 202 605 78 22 911 536 288 501 459 589 381 906 180 483 876 880 636 469 473 780 842 134 714 473 356 962 845 940 178 484 871 899 941 778 484 748 150 712 792 470 372 980 115 83 55 315 417 148 939 13 42 130 342 595 364 5 294 653 51 268 96 289 982 573 307 0 107 100 388 590 287 785 481 704 713 591 843 702 975 747 446 151 220 992 882 281 522 716 414 759 472 153 317 403 613 314 228 536 661 170 293 381 8 191 801 872 449 611 762 955 814 38 655 772 873 899 784 939 830 95 891 251 558 116 481 336 335 189 504 581 462 698 989 245 225 421 987 565 429 158 27 974 168 533 69 588 512 632 274 808 100 867 958 848 521 259 578 765 537 945 810 56 83 638 382 242 810 516 610 907 262 691 341 304 786 315 567 971 987 357 926 834 227 47 43 525 423 351 320 732 522 388 43 460 782 5 422 583 790 334 139 105 631 714 624 221 619 741 943 40 0 909 580 582 177 0 13 315 547 545 359 473 322 837 590 500 462 917 573 904 206 310 419 744 786 47 971 466 854 265 91 766 141 36 97 179 724 595 932 878 887 843 929 628 671 927 540 810 37 173 194 785 12 663 235 972 590 952 416 640 266 257 547 346 300 311 599 320 767 112 7 621 433 242 385 35 90 434 218 818 980 730 714 741 530 525 830 429 365 390 980 475 921 438 938 207 142 27 574 729 570 122 667 9 106 226 665 333 111 658 811 517 292 973 351 604 767 313 343 800 207 84 432 829 876 537 117 280 768 327 601 528 881 178 538 943 531 351 47 345 727 390 155 299 523 460 12 107 365 991 145 737 286 723 398 72 133 18 750 66 480 129 892 798 611 961 933 133 329 332 526 296 115 274 210 697 109 701 624 476 253 875 298 221 681 536 621 660 997 
421 522 523 286 813 857 860 588 836 171 628 771 911 106 16 536 317 421 968 954 32 286 695 799 356 977 431 902 892 50 50 913 389 451 749 786 54 410 657 95 955 829 179 113 766 297 703 458 856 1000 593 826 648 864 738 196 257 15 71 430 454 944 893 517 611 808 425 13 90 392 571 457 250 838 200 544 373 873 693 487 713 9 873 934 439 256 356 456 185 666 221 98 412 615 175 605 405 421 128 178 129 193 969 641 398 691 930 697 460 710 182 662 5 743 886 227 121 306 795 862 181 644 56 362 27 773 296 72 581 999 153 813 948 932 655 107 197 150 301 312 411 519 849 945 993 445 81 971 829 877 486 315 799 566 49 301 710 108 11 577 591 212 517 124 622 247 289 588 676 953 796 43 559 277 217 724 474 344 373 130 533 21 182 117 332 419 391 995 392 755 393 836 855 462 675 493 242 609 309 76 424 712 836 568 455 712 877 348 933 635 18 790 263 562 735 979 137 174 441 65 835 246 574 643 641 388 356 308 617 807 426 481 776 416 221 194 105 163 306 0 146 261 282 461 915 36 448 517 406 463 840 222 637 952 550 913 320 689 373 382 304 323 769 998 242 679 799 998 928 606 844 342 46 262 1000 116 829 508 361 552 638 890 192 529 356 219 944 840 97 984 99 738 109 224 63 674 445 302 201 310 623 84 869 605 256 948 659 809 354 64 242 809 588 184 482 943 922 790 169 103 353 18 294 158 977 366 76 204 192 750 827 666 334 469 598 727 769 155 801 600 23 715 795 118 614 890 139 342 843 893 581 541 109 751 869 960 178 698 133 88 298 659 612 61 766 286 306 36 491 986 864 84 185 802 405 147 181 727 290 738 436 313 931 949 550 116 253 907 490 400 893 535 646 583 636 493 388 560 714 659 256 438 607 483 410 75 626 41 225 685 337 78 996 81 198 433 533 691 171 767 727 930 292 906 636 968 826 44 344 225 73 114 491 799 116 382 170 407 259 890 291 959 187 772 652 742 490 164 99 402 510 142 658 535 821 15 323 838 57 539 884 340 230 214 712 405 432 409 618 832 375 332 314 136 689 221 215 610 438 117 996 854 214 678 95 3 970 304 987 1000 669 982 170 43 686 65 748 351 590 423 
617 775 404 918 92 246 892 269 902 24 628 621 281 982 887 574 501 888 896 468 595 579 328 588 844 395 136 51 231 518 625 458 180 807 751 170 286 516 208 831 353 980 766 541 598 913 27 963 787 127 913 730 950 131 71 558 75 303 767 197 845 961 590 340 230 427 10 962 265 550 923 406 87 223 895 188 734 1000 327 427 304 749 2 212 803 653 559 391 840 939 554 984 166 746 581 521 419 887 758 569 180 941 881 776 678 555 464 630 267 665 237 557 615 235 533 325 422 383 35 905 837 876 908 416 299 592 699 63 475 804 951 947 527 410 859 258 470 678 934 614 168 151 689 875 756 1000 818 533 776 843 620 166 92 775 819 824 183 401 599 229 259 214 688 558 319 458 135 571 685 173 708 714 158 222 79 91 606 891 308 64 538 104 957 212 199 694 964 830 636 669 356 654 531 6 262 750 543 640 255 477 815 475 58 891 440 582 889 637 9 380 307 915 955 617 785 880 552 995 75 271 405 941 953 114 868 693 839 131 162 335 262 694 607 860 88 223 637 380 495 894 441 574 171 320 966 541 97 623 351 640 660 480 661 407 548 806 340 439 409 311 329 571 511 96 909 137 927 159 909 107 206 649 978 389 73 612 787 621 896 81 514 715 231 330 957 391 565 897 183 276 432 683 756 306 133 80 963 262 366 191 129 386 10 36 986 210 979 788 573 222 482 221 265 403 10 161 350 715 26 30 70 38 496 822 429 788 72 682 37 289 706 4 213 167 854 962 145 730 795 388 982 364 777 496 164 550 517 938 786 114 719 704 472 984 569 416 548 84 278 322 430 849 169 129 265 191 4 608 302 659 637 813 0 798 983 773 52 211 546 875 624 262 441 628 662 457 442 417 821 873 151 312 69 126 327 97 623 675 915 955 531 970 177 461 711 844 727 81 264 947 403 517 758 240 169 861 647 496 383 453 235 492 327 401 495 241 611 280 633 278 230 696 28 394 438 761 953 422 585 474 41 129 446 558 917 801 82 463 752 733 598 915 497 361 61 595 265 873 959 45 758 980 864 613 24 988 4 656 101 879 875 478 26 6 496 23 516 253 596 273 768 576 654 202 540 192 627 913 344 586 439 204 301 555 982 245 249 392 875 302 
106 178 728 650 846 441 247 172 53 968 7 951 714 584 636 725 829 152 114 754 551 653 269 165 243 271 730 905 757 607 16 92 370 233 276 217 323 141 43 276 322 384 401 38 513 800 964 527 944 994 541 938 996 972 689 500 354 591 690 394 667 167 79 36 919 350 561 626 251 351 157 541 151 414 609 736 84 604 145 654 410 175 27 742 558 294 702 482 130 469 683 590 838 338 403 181 851 405 41 505 826 390 338 265 689 839 966 362 400 244 787 111 999 862 673 755 284 791 596 28 737 16 239 339 363 628 1000 745 996 871 674 397 119 560 250 286 573 325 837 828 644 624 747 395 154 725 60 297 474 261 326 142 599 525 942 533 440 344 294 399 960 827 178 177 704 977 315 241 664 881 73 281 624 137 413 106 93 832 925 331 832 392 491 934 852 649 460 892 324 554 371 165 609 921 334 641 626 757 138 602 264 362 304 925 23 112 583 846 889 506 155 959 367 254 265 473 155 901 348 399 905 11 565 696 156 177 174 916 931 831 854 765 861 563 645 2 69 814 293 719 722 932 456 258 331 896 708 98 73 609 322 983 967 932 197 900 102 890 243 137 800 345 417 930 576 908 919 939 879 195 257 389 231 831 578 371 973 144 212 985 43 519 855 890 770 353 752 18 74 751 101 154 591 695 352 799 546 616 950 2 45 11 884 854 279 916 592 657 847 678 478 297 513 239 758 269 678 664 966 738 454 4 818 622 164 253 644 193 113 164 209 217 921 769 965 117 608 469 644 993 564 915 149 318 12 865 456 498 504 499 926 603 143 541 478 712 792 742 33 344 448 934 997 768 911 830 26 516 235 902 856 373 877 197 297 633 630 312 440 486 965 388 540 740 474 610 975 685 715 63 704 728 132 393 168 683 437 363 131 624 481 716 803 148 513 406 900 105 179 106 308 475 122 709 983 161 569 647 485 707 461 168 20 959 441 42 202 351 15 849 551 829 741 907 657 934 572 349 231 710 454 961 990 317 632 968 730 459 558 520 510 747 942 146 342 192 295 865 744 688 722 971 20 720 884 946 100 586 599 473 370 120 617 62 36 743 122 12 266 570 54 120 744 978 994 1 959 197 123 890 833 904 327 61 509 908 989 803 302 634 
128 327 342 590 96 573 86 114 463 711 920 44 319 686 566 199 893 292 731 763 611 705 916 658 845 281 839 447 844 118 581 280 81 330 416 589 422 747 904 821 788 499 612 651 875 554 920 423 53 491 510 838 202 109 757 223 117 287 401 901 128 735 199 327 315 665 754 27 201 912 219 618 372 497 162 326 656 183 999 830 486 4 105 194 570 573 882 239 88 988 679 156 270 200 642 879 429 464 878 402 601 292 699 971 767 249 301 453 509 360 698 737 34 804 556 837 988 506 920 379 989 56 39 128 486 272 660 741 2 323 653 827 648 775 839 523 893 381 713 492 463 292 73 906 67 34 526 658 326 85 467 74 946 996 722 576 86 816 47 638 803 568 717 315 859 40 247 519 243 504 87 23 613 533 394 628 177 979 82 982 503 711 795 13 384 843 467 711 818 763 817 42 673 868 421 634 827 369 780 227 370 228 16 555 650 460 527 412 439 906 219 986 939 348 220 780 68 610 583 797 735 900 722 656 884 589 815 324 119 51 448 83 931 339 135 507 5 211 928 716 623 580 316 865 44 445 382 30 818 607 1 934 710 22 315 290 622 123 978 759 134 354 285 487 654 370 310 795 313 767 159 151 565 694 292 476 713 867 202 852 605 301 446 206 335 844 536 629 773 894 730 743 673 340 153 195 554 159 990 790 488 128 204 958 921 374 182 85 86 854 378 815 427 126 44 943 951 831 294 875 658 160 220 389 942 225 550 974 864 655 862 911 382 238 977 832 430 120 960 835 916 623 206 46 487 744 443 63 427 227 439 451 432 892 189 782 874 547 976 802 252 534 727 720 552 616 778 685 942 774 0 44 315 906 790 123 728 768 152 528 695 480 177 815 381 872 953 231 823 180 19 52 500 443 131 756 431 392 536 693 710 276 886 467 65 712 97 514 455 353 458 685 375 836 161 154 740 244 20 11 382 967 363 789 408 877 352 734 501 912 304 913 379 352 241 512 231 435 877 821 386 6 511 515 989 7 129 248 41 203 247 118 472 177 978 412 560 509 471 426 770 199 463 532 45 707 99 540 699 826 198 60 188 505 56 478 759 831 105 557 810 181 963 555 395 632 464 342 308 448 1000 863 778 767 643 585 964 98 534 138 
145 776 627 201 540 349 729 784 826 697 810 787 191 151 795 767 444 870 686 166 150 189 573 289 989 230 595 273 793 863 270 918 636 78 27 324 121 982 742 104 253 693 668 375 327 610 177 720 376 655 94 780 29 124 374 737 166 608 594 320 657 198 310 710 219 90 768 787 497 497 437 882 605 871 624 896 622 889 109 159 599 86 25 760 863 544 488 538 843 16 802 551 844 26 198 524 124 933 976 245 652 174 798 429 601 957 803 635 932 653 720 287 962 650 716 159 784 957 153 127 234 827 451 768 501 697 215 580 440 697 636 751 431 706 42 55 33 564 511 758 871 43 32 276 470 599 179 993 825 705 953 487 577 214 537 582 880 159 932 117 821 531 667 612 993 356 303 276 92 859 847 495 1 697 260 891 442 122 795 424 229 808 192 71 528 311 35 230 993 480 232 226 716 959 825 920 124 259 866 578 30 318 710 892 341 574 980 598 941 440 586 821 869 506 929 662 692 109 251 419 953 956 235 887 860 433 587 529 702 516 535 194 35 487 587 217 112 279 532 1 465 757 594 515 989 459 865 414 738 144 343 462 524 173 706 744 703 681 709 214 493 962 765 925 633 142 578 972 629 919 112 270 934 747 181 835 542 831 187 725 567 331 277 213 757 162 412 393 355 857 190 380 512 704 879 516 651 691 811 822 326 44 287 171 572 348 160 361 191 588 395 111 746 887 573 251 770 866 541 676 671 74 324 754 621 795 672 304 584 629 77 479 672 999 465 475 401 88 317 264 242 478 322 853 370 4 799 980 892 123 137 280 342 664 763 487 792 214 697 66 762 740 704 873 577 441 750 278 606 253 823 986 904 0 213 13 20 195 645 360 615 1000 794 399 89 637 934 617 533 948 858 478 825 96 970 806 50 23 175 161 873 273 671 287 804 288 485 591 464 788 94 425 448 683 491 855 665 571 412 431 207 55 672 133 546 556 287 357 125 313 72 670 471 42 629 748 564 321 48 759 977 474 146 734 698 562 939 553 137 900 251 475 119 712 878 110 246 801 572 554 286 173 741 542 68 681 673 286 121 397 194 943 627 248 118 115 274 285 151 898 659 263 257 327 373 755 655 496 386 695 297 286 907 517 462 309 887 114 191 605 
102 942 481 151 846 272 403 823 546 267 589 966 242 936 147 982 123 51 195 670 654 475 972 344 691 49 628 858 888 696 397 71 820 545 174 511 193 790 550 941 870 349 56 79 961 437 551 866 443 182 590 809 524 901 815 791 918 854 715 512 546 524 660 272 931 415 482 467 346 224 212 120 109 869 489 710 709 773 105 748 872 381 59 734 259 377 660 402 317 627 456 945 908 419 904 730 702 929 728 171 282 669 31 586 618 748 836 156 163 241 278 873 227 651 439 944 560 572 61 953 786 575 927 270 692 941 408 870 18 282 471 775 851 499 955 294 906 136 57 778 713 7 622 935 435 574 883 911 101 46 556 186 370 330 475 490 293 138 115 356 877 188 312 164 510 791 568 541 353 251 372 689 483 781 174 312 262 292 702 793 880 527 139 51 941 528 329 997 271 169 842 429 45 536 704 5 453 629 829 270 17 620 672 517 480 997 79 522 856 336 654 910 952 678 44 902 746 694 428 81 324 191 72 918 916 210 992 976 370 935 750 249 136 520 144 881 478 761 326 283 176 552 41 654 385 455 501 930 761 160 906 150 452 952 624 382 823 392 259 858 514 328 351 11 212 180 796 700 742 705 752 368 531 480 923 818 696 658 954 602 870 419 949 592 882 713 18 119 241 760 855 910 665 844 660 460 257 519 457 117 150 583 103 15 605 802 496 192 887 629 935 182 746 569 572 447 656 163 309 839 269 105 831 513 82 603 141 244 254 192 528 883 536 20 687 504 162 204 992 703 633 653 211 263 513 47 549 682 972 250 289 585 465 686 323 211 387 510 374 286 355 394 379 727 955 627 571 881 290 408 992 224 929 41 482 959 253 737 82 965 481 259 35 18 509 897 643 130 657 444 180 616 313 749 1000 575 71 41 212 684 215 311 185 137 152 275 470 603 174 860 749 242 25 823 275 719 980 384 887 936 484 971 136 904 81 554 476 48 291 674 865 353 249 617 818 54 2 1 856 170 59 624 760 361 335 875 448 59 116 818 383 273 645 829 548 844 586 389 155 851 191 93 767 6 611 522 696 867 562 175 491 202 494 58 797 324 627 176 723 654 67 77 144 753 214 906 358 437 91 527 310 604 550 797 706 311 109 482 33 355 
99 177 393 309 305 523 34 875 464 223 956 477 591 215 202 622 688 808 112 738 795 470 365 360 410 187 698 57 735 47 34 563 203 80 464 70 405 278 437 759 614 395 397 215 885 773 39 862 13 635 900 491 836 808 565 681 989 21 927 744 116 599 80 95 580 646 176 36 540 388 148 528 799 896 463 171 666 487 90 481 208 575 197 95 294 214 143 202 820 805 703 38 64 795 356 230 595 986 803 207 466 180 11 610 407 906 641 16 389 384 901 996 90 190 966 124 738 836 731 556 628 671 861 800 457 513 614 538 18 95 524 843 319 95 709 427 162 375 634 51 397 825 193 950 260 896 507 653 837 460 212 519 264 473 578 638 600 259 763 984 292 181 721 729 865 49 953 463 913 260 44 597 63 491 755 162 66 183 553 583 433 441 27 900 47 633 601 573 473 925 128 54 801 653 876 173 31 102 450 539 780 626 144 432 105 371 568 87 366 115 68 820 458 625 848 90 373 354 224 177 486 298 17 248 714 832 153 402 496 103 98 389 475 151 368 525 836 594 306 920 550 843 474 238 870 106 387 684 857 695 812 159 481 846 787 542 701 788 784 418 189 704 846 235 152 544 782 311 305 438 193 824 324 176 867 58 406 928 34 573 114 544 370 9 69 956 153 780 465 771 320 672 43 655 976 417 903 650 237 795 846 966 896 221 465 229 754 120 745 41 578 584 729 350 181 157 130 436 865 781 199 651 609 429 558 285 798 923 247 855 739 61 846 790 488 866 932 238 35 139 509 119 957 226 896 507 811 735 795 879 134 395 879 772 781 417 230 332 700 497 372 860 32 465 97 855 508 150 216 655 473 246 280 974 369 831 799 651 958 681 647 991 713 379 308 500 78 815 374 998 287 761 652 108 570 70 658 57 157 261 10 246 939 432 291 155 25 546 547 611 418 93 446 827 837 833 652 369 655 371 230 374 558 690 819 453 66 428 433 987 86 446 91 704 900 604 524 839 614 479 3 743 778 912 290 417 29 408 297 791 189 651 894 535 647 957 198 957 520 505 802 688 358 951 594 326 201 387 125 735 385 920 305 632 867 800 416 364 867 630 259 861 831 72 1 956 266 805 544 258 937 471 497 962 333 200 207 141 291 473 
321 185 134 747 899 911 245 303 48 952 545 193 450 450 774 118 629 304 742 994 113 289 852 124 659 372 518 350 913 368 317 179 169 988 780 149 393 116 978 962 306 296 647 267 552 369 523 104 338 674 165 258 763 48 399 702 662 341 23 739 179 359 652 727 157 946 318 234 695 655 548 416 817 698 351 509 383 20 807 879 810 55 748 217 233 912 276 514 384 77 913 819 102 337 136 411 947 908 57 693 965 811 147 368 133 877 551 486 428 747 322 676 206 187 974 933 363 949 374 894 526 120 657 469 902 213 689 449 930 306 208 566 352 439 364 657 589 476 572 808 164 945 744 848 223 233 80 30 63 741 49 969 193 95 960 293 465 993 635 710 414 901 595 527 808 371 47 41 494 839 41 781 856 797 323 555 345 660 989 406 84 473 473 66 398 473 795 525 401 576 180 874 87 584 5 747 688 795 145 485 993 975 6 74 671 646 409 985 770 39 721 86 424 457 732 112 344 669 428 967 866 870 528 111 524 928 118 247 286 319 529 328 160 806 88 596 52 810 862 351 832 15 361 255 46 625 227 725 435 225 76 508 498 253 913 908 239 155 684 112 93 443 537 708 694 953 585 663 677 266 826 506 278 7 717 760 580 668 514 440 16 525 322 98 292 292 239 406 616 870 793 5 620 314 504 313 15 104 177 928 743 143 33 435 538 382 850 51 100 374 699 585 541 693 458 931 38 750 711 554 212 638 840 587 537 339 616 154 579 879 296 302 550 760 388 727 249 604 935 153 803 666 37 427 812 168 859 424 796 23 988 533 816 87 552 497 255 564 147 168 904 416 474 642 683 957 535 239 677 545 410 447 468 488 525 766 226 854 153 75 84 62 479 689 714 895 924 13 580 915 699 348 874 89 292 435 370 320 390 951 244 981 14 158 994 681 431 848 281 395 459 655 576 626 556 569 525 348 107 395 992 207 530 877 866 583 632 462 555 60 835 946 419 759 982 808 199 268 377 697 887 466 871 193 14 467 95 526 51 266 474 248 592 284 967 768 955 912 303 851 575 604 138 369 215 105 159 50 95 960 459 862 753 179 934 625 667 168 980 982 278 228 49 534 304 219 483 193 717 301 78 712 630 833 746 213 320 980 506 785 
774 754 809 643 650 149 453 85 160 861 19 705 300 103 486 497 806 550 344 10 881 784 11 576 874 733 460 978 842 876 884 786 988 895 347 404 938 402 786 789 607 524 64 236 244 679 213 114 473 571 314 963 973 61 500 635 840 644 957 92 380 776 349 581 824 363 100 215 33 722 722 1 939 772 341 962 894 189 235 392 687 632 65 35 806 981 699 878 151 247 249 548 989 82 885 488 57 962 910 103 113 302 347 366 120 334 778 904 786 703 508 691 551 288 424 783 456 216 205 243 573 474 46 430 753 721 222 75 340 259 46 430 314 987 332 746 0 94 80 718 58 542 243 952 838 884 128 752 142 257 975 634 223 200 42 975 904 473 160 793 541 130 545 265 292 878 920 151 213 757 579 374 436 831 22 357 472 371 751 457 49 13 629 293 411 841 390 42 579 424 525 949 487 131 590 22 276 916 664 30 149 363 25 298 259 711 903 189 577 182 78 807 206 40 922 833 167 202 273 208 707 860 235 533 779 922 40 208 403 401 53 686 993 883 352 171 2 519 250 440 845 975 923 513 826 106 579 973 939 187 763 724 440 987 610 661 588 314 152 953 442 475 154 931 963 759 884 738 297 396 705 505 930 466 417 327 266 382 462 478 241 106 341 102 201 904 275 688 150 278 202 554 926 751 95 654 997 128 490 620 701 356 591 898 361 29 270 666 960 210 716 759 625 851 11 917 271 620 597 246 175 515 613 706 402 540 931 324 220 673 915 592 419 581 761 901 85 446 782 828 566 765 555 227 169 808 48 954 521 184 50 385 908 591 810 633 133 898 802 124 545 450 956 450 679 239 880 455 357 92 726 78 998 91 394 85 889 581 455 348 335 447 885 137 680 659 694 209 609 345 489 983 410 649 371 407 787 916 870 630 918 244 255 620 29 242 588 727 869 219 11 812 635 445 594 264 70 668 859 458 810 458 189 264 861 231 550 281 824 888 651 844 591 433 681 386 319 578 158 202 535 743 970 163 536 146 44 757 423 703 810 169 762 548 574 790 435 102 778 301 166 800 618 905 964 147 285 70 377 623 202 450 315 903 614 729 558 446 149 968 419 775 52 410 351 172 104 819 535 522 398 914 315 596 248 747 300 379 710 806 
201 340 982 408 367 699 943 352 68 984 921 207 983 636 929 576 438 232 58 622 991 289 183 397 983 438 746 464 824 451 991 40 511 70 270 172 269 234 892 454 375 546 610 69 901 60 780 623 13 795 783 985 644 534 684 299 389 48 607 88 475 466 870 388 353 781 455 801 758 806 345 448 567 81 94 425 248 652 452 410 566 165 708 744 88 301 681 35 648 750 396 897 764 528 708 933 399 938 600 838 859 106 358 12 537 715 249 812 375 382 246 813 705 529 469 995 43 105 927 527 721 625 523 176 791 104 509 971 625 181 110 290 313 571 845 117 687 260 786 556 391 612 293 77 169 135 276 830 601 194 466 774 695 171 48 333 595 392 109 231 467 97 854 362 561 662 234 622 829 272 796 541 249 419 63 595 798 64 467 701 889 851 452 231 579 89 639 610 109 383 457 480 282 960 662 536 781 148 919 103 920 955 882 678 179 273 7 610 279 619 747 381 200 313 634 953 779 805 672 822 75 641 735 356 61 490 695 857 848 603 263 943 667 316 24 121 478 445 760 545 661 633 449 468 907 738 697 120 258 513 511 430 566 84 344 872 227 498 600 340 363 384 472 509 271 270 3 530 893 578 27 815 712 394 845 698 547 82 39 880 923 231 200 621 216 154 829 96 427 990 122 528 498 426 855 658 621 329 669 511 928 46 86 437 537 292 759 6 694 645 208 296 524 854 847 408 102 769 119 505 983 251 128 560 156 780 336 649 215 982 754 617 52 162 895 847 1000 139 918 138 518 574 252 142 456 213 542 14 269 946 997 249 801 210 413 459 21 331 915 1000 373 487 185 359 169 192 208 199 372 3 720 878 901 774 881 89 592 453 916 842 232 930 463 466 687 387 843 418 57 809 25 491 960 46 901 706 857 542 753 743 810 466 506 384 225 42 778 864 999 587 171 78 667 154 140 96 54 802 831 621 689 530 764 513 872 206 415 44 132 143 176 441 117 670 578 514 424 63 820 440 439 725 448 93 899 314 564 892 994 267 268 1 578 368 629 993 221 905 399 934 879 176 121 101 903 561 778 143 386 338 72 564 725 611 885 358 8 824 899 944 926 947 461 290 646 965 149 258 427 96 803 590 836 221 327 207 91 382 12 532 
653 440 526 584 42 827 557 690 249 696 375 684 329 649 595 669 911 38 597 847 166 238 648 670 83 303 898 514 833 516 772 118 235 13 546 547 79 516 416 368 636 452 642 123 934 307 974 428 868 377 310 810 34 703 372 562 111 269 821 813 901 126 51 170 510 883 64 718 680 374 746 78 848 620 512 482 714 534 183 331 971 689 215 583 593 931 410 430 106 415 273 483 797 229 941 578 670 781 676 519 371 830 364 533 422 883 552 410 575 665 303 44 692 319 686 772 428 807 177 467 519 726 17 181 357 155 964 867 977 106 924 57 43 600 309 543 14 382 299 918 882 994 154 253 662 399 771 924 83 98 874 416 250 436 763 675 560 810 608 375 250 251 667 59 715 905 825 951 129 387 614 577 212 568 372 445 75 773 745 864 548 521 644 856 479 952 310 965 399 787 821 838 257 46 332 501 574 384 672 112 154 692 877 120 402 238 211 825 632 692 12 196 605 979 711 135 653 193 479 685 838 551 678 841 116 797 623 135 171 722 753 101 542 638 246 674 56 571 792 692 913 894 980 316 656 633 289 915 748 904 556 189 366 551 701 784 41 187 582 447 216 460 650 552 175 505 502 55 180 583 830 827 716 988 528 643 57 717 348 728 256 221 361 584 133 865 761 739 17 262 808 394 459 855 454 211 220 189 207 573 996 978 875 113 709 853 243 15 457 995 331 903 691 292 397 411 724 182 103 834 839 693 538 356 843 894 496 766 688 810 249 484 847 199 241 923 368 695 111 186 447 747 711 735 329 534 219 65 958 637 224 82 303 122 479 849 525 505 279 306 255 326 175 671 207 184 288 841 350 603 235 787 551 333 358 613 192 551 134 34 589 853 412 669 783 538 911 509 657 567 583 358 602 948 307 296 326 578 228 436 653 983 968 514 742 929 3 217 532 250 58 546 623 689 495 253 870 797 993 110 546 31 801 852 450 991 237 657 752 905 221 165 536 606 532 856 458 67 423 227 428 759 395 430 309 544 656 775 46 799 234 419 774 820 318 375 458 816 455 11 42 796 729 783 106 62 158 967 377 819 876 959 534 257 302 32 554 881 963 266 260 857 763 883 488 314 730 147 15 825 20 750 705 624 97 141 654 379 127 221 
76 770 155 289 464 858 60 627 110 206 506 871 505 425 284 363 5 724 136 337 44 107 690 865 555 396 181 614 965 563 385 300 739 284 759 870 364 553 284 438 169 872 206 782 148 878 252 270 93 133 392 935 344 597 546 781 467 61 913 166 969 336 391 569 748 853 445 940 276 377 471 266 423 677 159 54 517 521 908 140 439 706 216 769 557 600 891 14 499 344 930 89 399 319 0 223 410 19 237 607 723 355 53 984 310 546 43 421 225 87 323 706 486 752 121 882 472 172 695 620 57 222 182 511 650 707 711 362 549 617 396 645 108 642 261 77 57 959 412 996 38 762 58 260 879 986 329 110 308 855 551 387 769 507 525 916 831 35 602 619 531 292 372 155 686 831 580 290 585 589 704 781 234 831 795 271 377 684 85 145 909 122 935 401 708 466 89 96 751 637 253 636 762 156 675 10 63 564 893 845 547 543 14 272 870 72 439 179 988 89 823 136 929 872 455 586 447 344 74 964 665 493 103 152 132 489 814 643 997 168 534 350 506 382 398 600 216 902 861 936 748 841 969 569 267 259 772 260 271 74 411 430 658 679 880 731 650 601 581 216 608 436 221 473 191 173 285 931 889 883 405 486 871 208 289 330 771 595 815 299 884 845 751 254 82 927 844 590 144 158 500 828 414 393 289 624 756 818 955 256 402 58 418 771 19 307 911 10 780 165 823 96 637 578 243 531 646 777 326 98 360 994 25 920 677 279 396 564 775 659 633 448 811 972 940 556 449 464 561 227 298 8 541 542 684 416 613 21 955 102 900 405 302 587 837 620 477 515 615 844 10 565 364 405 120 745 386 645 202 125 452 339 241 942 479 596 597 778 156 783 154 538 519 800 716 767 524 266 838 518 270 890 125 795 573 230 536 905 642 715 562 368 116 227 582 761 207 545 355 50 707 662 664 378 419 44 435 827 964 732 625 135 621 67 928 570 722 975 734 127 186 411 721 598 273 645 0 397 417 571 651 237 781 704 334 964 548 919 641 287 699 541 171 19 829 697 554 146 41 476 787 134 577 126 523 675 607 742 338 282 853 12 924 991 428 16 243 611 894 992 84 601 208 100 334 924 474 730 354 624 707 590 115 997 376 766 239 109 82 295 
103 366 128 249 216 420 890 562 413 610 683 443 782 587 955 219 323 709 864 6 811 298 402 132 298 500 75 995 146 19 484 949 84 600 143 696 265 559 744 484 134 438 393 619 424 142 970 298 987 53 913 487 188 614 991 245 605 15 180 925 809 233 569 410 855 776 751 214 572 796 669 564 671 264 409 230 593 722 185 282 569 405 924 759 445 610 991 680 161 38 99 253 88 183 709 242 597 145 788 443 65 619 303 270 772 693 412 686 877 117 843 423 785 363 604 533 224 446 557 357 751 483 184 650 730 698 204 976 856 801 383 28 262 37 710 389 887 304 916 881 932 440 482 231 703 124 588 816 189 889 915 588 491 73 43 942 712 853 771 665 665 588 360 37 711 354 957 662 620 299 749 585 851 723 742 446 931 124 952 138 409 861 805 981 550 395 132 318 114 601 304 786 38 593 837 254 255 417 896 786 103 54 415 763 650 810 194 496 72 344 966 650 457 915 406 183 625 759 775 722 683 388 563 14 192 358 3 115 847 555 370 136 552 320 733 483 728 167 963 288 160 319 449 489 380 666 594 619 489 423 614 73 681 713 563 914 197 492 97 605 511 801 40 582 448 215 161 418 189 462 252 99 286 319 587 238 31 500 260 197 787 471 108 155 364 988 343 638 62 506 729 71 942 586 189 267 504 122 713 166 854 730 209 678 2 132 473 255 611 370 957 458 577 986 751 639 637 656 562 546 706 783 435 75 865 879 89 381 284 846 816 367 804 558 831 812 81 156 566 551 232 604 424 429 992 528 483 170 579 507 497 79 26 72 405 425 103 806 641 425 748 483 41 45 458 683 660 974 490 997 531 756 220 233 184 61 76 223 546 557 511 844 144 207 734 960 362 357 335 812 218 868 679 765 327 686 103 369 545 957 830 924 822 701 869 53 380 955 107 949 317 236 749 845 266 576 551 577 960 549 669 776 91 3 314 919 461 477 4 38 690 513 888 535 943 112 309 226 598 415 397 887 214 522 729 112 692 948 418 630 663 156 442 898 928 432 767 523 22 786 997 44 642 170 490 671 624 119 423 989 621 845 168 649 301 463 694 477 319 877 717 343 319 628 747 119 223 671 226 998 139 422 809 867 371 902 290 595 835 225 
579 307 779 567 883 680 627 17 278 83 806 58 118 704 25 483 631 775 208 189 123 451 510 774 93 225 918 416 104 184 113 7 333 723 598 941 799 846 522 137 476 554 157 883 26 857 475 999 97 518 113 41 600 900 55 223 964 4 738 7 795 604 932 103 341 834 743 184 215 651 374 37 386 768 515 502 232 144 418 878 829 887 633 374 434 549 209 790 64 776 862 668 316 492 316 415 103 582 388 437 118 36 990 162 265 759 242 370 209 855 488 135 601 734 908 493 933 446 688 233 47 424 297 366 479 225 350 349 666 789 488 365 805 564 250 652 61 894 770 188 899 176 434 460 181 589 381 278 479 746 139 382 954 450 561 273 387 256 97 285 595 597 599 116 23 987 118 933 751 211 945 44 661 560 609 46 994 54 389 506 20 174 516 365 591 352 668 717 3 70 380 202 805 283 404 353 448 269 458 851 955 108 528 710 241 909 684 736 341 279 768 97 742 963 779 699 848 263 988 429 409 347 182 5 194 656 110 965 343 899 559 432 799 482 147 477 924 186 226 230 465 719 258 663 213 134 151 114 524 514 188 861 730 379 543 25 259 217 945 168 422 490 419 46 77 624 845 641 946 124 962 892 811 825 323 993 608 233 348 582 547 995 635 888 664 461 339 304 181 423 752 293 482 783 751 766 598 309 246 781 909 405 227 705 231 184 49 956 62 170 873 462 521 404 572 326 185 215 207 327 506 775 359 693 62 30 767 983 171 741 958 203 796 616 767 901 511 283 964 603 300 112 885 213 884 485 713 160 390 724 798 678 720 493 888 557 128 999 937 244 823 634 717 893 329 279 814 989 76 897 741 281 640 619 632 885 444 284 306 934 124 382 97 772 311 532 179 491 543 536 491 55 144 858 228 560 827 706 971 621 73 268 195 467 831 678 878 499 86 705 854 392 590 73 568 294 55 451 985 521 879 63 114 755 286 159 877 912 283 752 357 322 498 31 409 317 84 742 751 804 793 113 683 112 843 247 946 929 722 300 794 670 326 548 933 528 348 359 508 836 740 978 177 220 563 123 221 861 963 662 236 210 805 191 277 906 185 975 96 282 566 367 8 135 464 779 885 181 779 80 434 263 465 788 427 19 143 820 110 39 
892 168 99 146 596 404 569 797 136 78 462 610 233 250 732 475 55 25 575 861 919 822 699 906 562 138 934 563 54 764 611 620 882 511 593 670 721 923 326 715 452 416 737 57 961 21 980 184 359 108 510 99 585 460 798 992 563 664 875 918 605 739 508 282 198 637 262 553 913 785 238 542 223 867 968 34 86 575 778 923 762 180 758 680 355 208 983 291 159 247 591 738 803 218 342 538 390 93 831 58 659 632 425 478 909 430 478 370 473 89 908 557 834 412 701 892 49 313 962 668 992 488 64 78 596 797 288 466 924 734 578 196 199 908 19 831 38 969 619 12 714 419 950 481 555 49 119 76 982 305 722 958 672 109 851 641 225 427 966 275 721 494 982 443 222 906 323 196 467 81 0 43 326 849 913 434 712 996 138 698 684 168 536 85 971 144 56 880 404 961 95 717 699 692 247 740 66 163 173 216 734 372 755 133 636 652 390 426 2 341 709 402 375 246 374 833 700 268 677 557 105 641 970 884 90 921 608 332 424 266 759 188 860 924 516 428 215 501 244 385 690 985 699 988 434 107 522 909 560 119 447 594 173 232 484 142 289 475 463 974 481 881 53 846 248 708 439 157 607 870 75 106 747 880 847 632 763 273 218 865 719 802 669 750 9 429 128 977 12 286 191 897 355 727 415 498 783 994 766 490 200 59 485 56 611 141 707 519 950 278 683 568 958 611 132 610 685 769 70 974 921 236 540 905 246 455 653 631 92 870 352 358 460 882 980 199 285 614 38 57 759 521 16 181 471 176 633 206 186 596 0 158 913 859 761 300 546 915 427 277 395 163 457 952 810 175 66 345 887 850 845 390 261 459 395 450 277 6 857 105 282 486 88 515 456 295 714 796 796 27 939 323 334 85 560 679 345 440 458 889 388 383 187 347 453 488 380 983 27 397 328 120 776 547 53 967 649 218 801 299 168 996 60 377 857 177 768 729 191 627 14 426 888 589 451 227 146 47 138 73 107 745 502 281 93 426 401 389 382 702 151 649 951 990 894 885 540 813 599 46 78 526 372 377 148 391 876 881 198 935 279 59 942 293 575 469 341 646 114 840 753 659 227 202 248 125 413 8 298 294 693 153 210 4 449 230 997 104 114 487 
516 835 956 55 500 28 113 800 603 890 83 367 545 381 297 616 810 664 795 387 851 330 467 926 580 881 347 395 6 749 187 924 976 790 234 627 19 556 624 668 427 1000 546 42 462 671 329 786 552 120 1000 754 190 12 848 210 970 216 405 324 401 724 962 306 960 864 34 890 237 799 700 514 176 236 626 413 73 314 185 21 157 810 787 80 344 212 974 554 45 487 994 51 753 1 721 882 386 515 954 437 148 17 612 182 158 601 855 111 327 258 57 388 750 703 47 166 739 532 284 722 350 432 890 273 387 569 560 296 86 426 382 878 670 285 748 610 49 571 255 380 969 878 235 680 118 763 715 229 100 155 264 313 413 241 464 610 833 608 558 1000 365 849 224 690 548 125 546 120 132 343 741 827 96 504 74 772 406 513 637 729 663 753 773 475 550 586 401 864 168 944 523 58 802 662 652 985 363 980 8 536 711 191 966 680 949 99 554 518 623 121 90 161 35 369 782 161 771 494 213 759 429 854 336 676 880 15 192 475 985 691 765 671 181 246 606 794 492 497 468 474 45 829 893 456 500 905 363 370 47 8 390 666 862 894 614 587 155 718 971 145 569 430 934 341 0 17 105 243 680 681 934 528 798 924 239 685 883 342 350 358 362 862 583 708 268 630 861 845 933 43 162 927 887 825 411 355 518 36 25 368 982 502 619 421 714 566 763 504 248 131 860 558 506 985 427 710 156 520 864 248 261 464 614 280 18 62 75 741 207 1 758 624 197 767 751 849 862 841 95 659 973 190 427 46 706 776 155 172 132 727 354 40 916 33 837 295 9 648 840 478 373 201 392 196 309 118 190 537 738 330 91 943 403 690 795 197 397 846 306 929 815 745 552 658 86 556 257 188 770 340 547 461 146 80 912 930 328 201 853 219 605 937 118 687 990 568 891 167 788 844 165 364 732 941 955 613 50 768 487 983 122 138 585 353 57 240 742 754 669 370 455 292 868 47 717 550 75 464 702 540 643 154 977 601 834 384 904 156 225 901 203 787 810 230 925 886 5 463 694 542 418 515 390 535 2 844 950 290 889 11 266 378 128 90 875 296 593 917 646 551 473 214 670 521 383 515 586 773 213 204 738 990 354 800 619 594 920 966 720 660 
961 923 562 661 836 381 885 234 430 295 59 190 977 760 220 493 802 872 75 541 246 250 174 330 158 897 302 483 268 489 706 484 44 639 413 763 31 319 811 475 950 531 361 436 764 891 180 454 53 979 727 808 306 912 355 582 321 827 626 706 543 657 52 211 170 401 314 458 851 947 872 11 783 614 117 788 311 994 291 462 896 434 632 352 529 105 728 958 434 40 483 17 248 448 355 264 786 939 318 69 348 713 780 94 858 962 742 687 376 880 277 465 95 482 528 955 10 996 169 724 103 447 531 184 970 263 645 3 779 909 720 372 678 294 818 640 388 157 18 594 711 525 631 147 304 978 436 722 269 37 750 713 946 33 740 711 679 728 961 790 897 643 409 989 811 786 250 404 377 332 804 703 73 466 765 598 595 42 446 964 767 313 905 565 848 60 844 316 353 221 360 594 490 240 644 689 836 30 333 191 341 35 594 154 352 964 34 36 796 99 968 144 915 319 698 447 601 412 169 47 8 920 765 274 401 518 666 335 749 909 667 754 293 77 950 124 83 221 627 690 892 274 899 61 601 826 125 917 461 413 618 341 613 477 932 448 669 257 1 424 942 819 291 480 929 77 235 434 750 406 264 407 361 659 671 158 317 211 381 892 939 367 578 388 590 997 771 579 521 327 600 517 205 888 57 987 548 514 301 241 758 832 301 85 569 101 508 325 490 957 357 996 143 594 575 846 163 227 141 985 95 295 51 297 185 836 828 89 586 652 470 980 546 975 913 252 222 298 261 515 14 779 825 585 958 993 275 657 697 645 405 850 731 981 362 367 318 963 198 75 58 990 299 839 952 146 779 173 529 111 457 816 511 422 375 70 825 130 941 82 867 594 35 184 422 468 261 684 997 904 490 227 683 864 53 795 315 214 864 667 868 737 606 536 822 738 474 330 990 312 956 687 657 104 251 440 570 515 687 520 386 959 758 942 655 863 655 167 828 435 646 819 490 7 670 202 562 224 456 656 385 526 983 41 240 167 455 216 848 158 546 728 363 703 373 499 938 163 451 398 268 726 202 219 417 287 769 260 235 688 562 844 873 200 757 86 891 336 126 716 914 856 297 338 73 48 305 573 856 696 129 24 345 562 55 232 794 899 101 145 
339 279 840 652 802 747 956 936 555 54 461 561 242 940 148 2 692 63 756 401 369 94 187 183 340 476 288 390 387 190 564 441 993 437 827 425 664 636 2 991 899 155 783 335 710 44 747 808 93 885 919 457 407 629 710 996 954 67 384 87 448 270 954 156 939 796 357 798 143 389 876 114 693 999 773 304 210 631 128 724 207 817 120 443 625 622 841 350 919 793 264 800 934 603 874 898 643 479 554 21 757 437 511 328 783 184 224 693 799 235 488 614 896 434 109 424 418 508 223 838 267 6 879 479 51 22 903 684 849 563 366 311 815 116 559 789 499 550 528 619 406 631 718 915 352 614 894 73 334 775 741 295 842 894 390 536 642 583 166 852 832 626 291 162 905 830 33 305 921 582 667 207 566 706 553 496 675 637 125 585 57 128 901 576 765 100 26 375 768 402 34 853 104 273 3 344 339 992 105 934 35 968 523 338 26 76 81 294 685 489 897 780 544 651 133 86 373 675 98 825 100 187 912 337 194 181 883 250 204 910 23 454 346 32 95 649 960 175 119 84 705 950 699 392 811 455 784 140 956 175 776 668 254 884 48 556 337 831 812 593 235 603 19 521 869 133 626 161 361 836 505 811 481 385 967 638 812 174 71 394 523 232 270 801 768 255 748 938 914 965 821 445 487 419 135 920 738 147 598 512 140 521 515 412 491 138 740 618 273 507 187 265 433 142 654 325 200 726 518 914 209 758 38 454 807 422 593 96 265 297 499 491 986 580 187 36 298 810 573 923 989 600 468 634 846 37 737 397 402 207 903 179 38 850 620 371 811 660 744 680 515 610 404 858 718 756 727 124 953 277 43 862 5 816 852 428 757 463 56 185 861 607 816 739 176 555 678 489 497 925 489 176 394 273 18 509 310 834 331 206 336 910 169 151 319 807 793 887 730 846 339 427 372 926 146 382 780 53 112 496 476 525 122 936 568 227 190 351 674 126 641 970 34 385 134 519 349 485 757 511 410 3 590 960 96 678 789 621 176 511 193 13 36 387 333 663 176 299 823 912 806 253 668 608 841 98 931 363 79 882 451 103 45 856 622 64 983 499 801 677 693 279 498 221 841 744 241 889 335 770 122 247 554 542 112 899 46 726 885 788 
206 768 667 715 126 575 39 964 747 634 273 680 747 921 617 257 43 574 61 208 877 561 24 143 966 997 136 62 772 337 510 648 7 902 744 938 139 70 620 563 8 598 463 386 872 934 380 460 985 213 500 213 245 185 213 714 789 943 539 617 27 349 654 172 112 736 536 463 616 570 915 397 619 124 38 818 867 704 747 448 614 621 339 913 138 434 883 461 207 859 680 529 741 811 228 67 868 738 198 198 423 396 935 169 538 182 926 558 929 943 140 450 775 42 686 167 14 354 450 879 799 739 548 208 536 334 586 750 566 649 476 103 531 908 820 918 448 978 804 540 125 382 556 844 611 37 385 634 418 754 360 26 1 662 127 191 875 779 54 15 608 182 752 357 148 395 626 140 80 257 987 273 898 767 466 348 895 530 804 377 243 759 619 664 982 16 308 758 412 978 601 546 375 960 810 311 196 564 768 129 423 838 553 205 930 471 874 818 110 525 213 371 381 870 521 210 627 106 232 847 472 778 500 608 119 439 538 556 275 651 816 50 148 367 719 36 980 771 41 994 959 262 443 873 397 524 565 635 791 336 870 439 539 714 759 270 999 887 726 410 941 504 926 855 523 541 976 410 491 287 452 160 111 384 841 843 378 918 147 550 376 176 579 1 572 652 430 918 544 728 430 672 108 11 515 483 982 40 867 642 588 62 627 225 611 829 583 691 286 822 197 763 944 960 860 228 312 914 350 246 350 593 859 566 861 530 487 564 102 741 425 266 324 699 523 642 242 902 375 122 334 479 750 807 306 736 563 497 83 494 141 631 969 959 634 438 802 349 763 962 360 725 630 885 28 236 573 178 616 371 721 90 445 569 518 183 758 647 84 168 764 251 354 822 380 103 667 995 500 758 953 475 745 414 505 262 619 978 74 610 75 555 847 18 633 557 352 613 679 843 506 185 116 754 564 108 732 766 609 942 669 234 689 743 114 227 613 862 448 644 108 65 832 281 808 263 3 829 395 36 671 46 36 974 887 11 483 856 770 231 648 612 145 166 463 202 936 194 314 102 891 893 549 2 934 476 275 864 697 654 412 24 862 906 272 424 276 626 445 777 496 505 315 85 968 582 645 240 342 755 121 136 166 835 30 541 683 419 394 679 
400 589 198 866 61 872 711 208 421 913 258 862 285 182 255 977 588 61 351 634 838 771 954 995 465 380 99 739 452 526 70 951 188 743 367 890 108 978 209 154 306 874 118 509 223 935 103 511 115 561 552 985 802 547 677 932 178 157 535 296 656 429 189 855 967 514 804 819 335 665 626 682 522 816 54 27 784 183 397 441 212 89 660 481 436 678 885 812 587 874 432 799 522 667 683 755 923 359 545 463 394 48 885 721 772 676 439 118 511 343 565 711 335 538 345 910 179 341 431 361 345 25 542 106 800 817 823 220 460 282 189 746 869 360 539 464 182 714 235 134 616 607 806 982 699 211 442 53 192 372 928 158 616 839 2 566 609 856 59 448 319 646 4 784 241 704 410 866 828 486 402 495 450 446 366 967 337 9 716 926 486 540 32 509 835 611 843 432 791 199 899 80 689 227 346 30 661 568 5 587 267 478 811 807 191 716 58 140 926 997 289 680 564 494 224 364 647 754 286 702 246 780 433 397 198 977 203 15 740 663 800 305 310 286 714 172 848 457 247 989 847 836 41 763 472 17 712 39 710 108 70 343 323 351 520 469 951 100 237 415 653 810 92 993 720 517 735 878 960 95 650 380 844 644 611 596 116 164 663 984 539 313 554 111 714 621 209 301 485 707 997 451 217 745 476 517 729 224 426 532 968 882 828 160 819 674 7 138 531 800 501 758 636 521 685 203 699 662 792 465 705 708 288 595 369 398 728 352 881 655 243 244 429 780 567 604 238 663 713 528 334 7 404 440 927 642 475 489 569 661 590 661 153 606 262 468 247 668 408 865 168 757 754 364 67 437 831 387 221 291 181 441 897 48 771 43 903 189 473 764 900 580 560 295 595 609 703 54 602 427 49 26 197 967 251 171 859 795 337 978 6 341 145 553 416 222 11 999 25 73 223 968 19 723 478 273 797 475 61 960 960 260 396 666 490 538 241 341 924 961 751 540 367 159 863 274 51 775 788 968 137 114 833 390 437 455 781 393 102 432 200 909 230 135 955 455 124 66 582 883 493 233 432 598 869 671 945 689 808 768 587 357 895 634 766 170 485 567 87 441 153 977 95 450 832 854 271 776 599 482 667 241 776 863 861 292 850 357 240 776 
967 404 607 96 408 591 975 546 963 161 500 723 927 50 825 370 482 239 277 745 25 686 857 260 8 40 39 381 657 571 428 631 236 106 276 865 778 687 676 9 984 467 656 185 465 369 150 187 225 495 961 812 752 675 832 91 684 229 54 509 395 799 93 291 698 407 666 121 773 813 934 103 600 85 295 142 682 67 779 146 387 797 145 270 601 588 50 421 270 802 954 842 172 527 918 655 941 620 833 809 614 61 440 490 360 910 339 513 759 254 924 200 918 0 792 374 329 110 42 796 746 880 800 923 383 986 482 24 858 618 494 877 873 467 19 997 410 687 496 187 17 744 107 535 898 410 483 857 849 496 547 529 37 78 217 281 34 403 225 107 603 262 509 897 500 944 565 112 727 364 356 843 461 201 539 431 177 124 600 608 443 373 404 682 342 770 104 173 691 998 503 932 496 933 189 913 256 8 94 128 281 531 433 352 57 213 495 166 427 269 204 142 878 820 922 926 453 924 79 784 618 966 295 728 183 786 173 633 578 633 753 996 129 409 915 272 413 535 87 468 711 513 178 283 631 820 9 317 681 295 417 571 964 411 635 750 359 435 939 376 873 698 76 886 629 363 485 925 762 357 653 666 699 246 574 81 283 395 917 619 629 877 146 664 398 118 336 159 647 118 19 870 573 296 149 490 374 940 728 286 434 120 681 397 496 266 700 71 191 191 893 519 317 897 350 426 784 996 141 272 377 280 569 606 393 668 465 961 348 717 185 417 462 84 394 40 227 16 194 37 787 493 797 189 263 837 522 938 629 167 0 657 466 796 320 232 158 43 639 403 117 331 261 625 324 260 80 514 308 472 456 216 126 882 596 575 351 212 409 640 586 472 200 125 219 896 182 64 443 734 19 0 642 112 416 751 131 263 490 910 171 996 4 857 933 584 334 671 563 897 460 697 381 476 966 401 139 329 841 123 987 466 693 237 59 787 634 226 498 693 774 818 688 39 830 586 861 837 656 835 762 670 970 692 779 854 206 579 400 98 971 504 931 58 65 279 614 241 870 85 11 160 618 916 91 643 675 359 464 713 513 840 806 366 409 227 407 325 24 934 288 258 60 29 614 840 983 736 571 265 555 765 162 260 249 609 250 250 720 210 
510 687 591 938 768 662 723 779 686 503 747 662 97 89 847 327 426 7 564 263 863 535 136 574 722 629 139 605 894 192 732 208 762 864 317 109 485 59 820 626 206 39 924 743 331 319 302 828 273 469 986 642 39 813 608 863 435 593 262 849 71 219 713 418 125 575 288 531 48 747 120 491 740 256 137 777 72 561 112 459 586 539 746 719 629 402 852 839 782 336 381 142 37 901 306 290 179 16 332 832 40 325 920 824 651 982 480 848 15 226 461 458 852 526 992 672 120 719 927 709 265 820 591 127 437 758 285 238 318 356 459 928 645 444 165 191 558 579 770 778 802 337 851 650 403 273 231 683 563 53 826 231 977 57 603 975 243 259 63 625 698 156 555 15 361 744 303 736 932 564 699 947 484 715 859 932 354 14 931 771 932 172 958 148 557 30 323 914 638 253 538 29 571 549 940 797 407 26 60 447 174 225 53 455 148 705 936 56 478 0 736 52 898 495 927 337 989 288 907 962 943 785 475 344 185 994 499 339 954 969 490 879 204 428 154 693 177 518 417 248 705 577 442 458 990 293 495 57 55 990 941 965 455 154 552 297 768 712 377 365 271 34 384 806 253 978 697 3 619 895 316 58 660 70 743 220 745 8 240 514 41 214 625 502 969 117 448 542 619 46 901 298 105 422 571 872 790 564 946 718 660 716 137 335 969 179 323 588 689 247 422 61 243 478 841 146 143 965 727 154 427 945 615 245 582 59 418 809 566 638 842 924 571 979 55 40 325 916 727 165 919 84 982 437 307 539 104 816 340 677 230 53 548 519 781 498 651 78 164 56 927 192 388 130 402 345 936 905 634 761 517 630 343 940 52 215 934 432 666 282 280 702 589 426 664 793 59 6 116 67 516 657 343 440 758 0 428 612 428 5 541 139 850 241 771 26 741 381 373 306 406 2 236 916 873 974 408 721 17 90 69 74 561 158 137 108 972 386 487 387 615 310 184 548 826 559 366 454 13 859 68 901 562 105 7 725 397 724 514 716 698 16 146 725 666 943 716 330 770 111 191 123 166 205 593 464 105 672 626 964 561 828 323 640 207 317 358 449 477 189 674 764 975 655 484 271 470 705 676 39 240 724 569 75 491 3 659 844 191 638 
745 124 459 938 754 600 715 51 514 127 352 699 183 126 857 60 831 34 168 628 636 129 922 704 181 476 31 396 653 967 424 880 790 448 799 5 593 673 236 614 833 592 521 88 877 575 391 556 256 150 958 869 683 421 524 534 793 458 549 988 550 177 314 905 674 725 44 622 247 517 289 717 446 53 915 44 179 109 683 541 639 982 995 819 413 354 473 997 885 37 391 434 33 37 946 170 149 825 592 194 906 987 202 212 972 64 909 126 60 471 592 111 460 112 151 727 737 988 736 335 362 921 613 856 119 23 563 420 95 908 899 914 79 784 18 836 861 182 513 564 724 122 514 653 596 459 654 48 848 93 898 445 623 905 454 464 630 598 803 388 200 673 480 576 593 350 457 934 118 206 505 560 952 636 778 425 186 600 53 34 889 483 639 113 987 892 853 467 975 883 32 255 150 62 4 254 679 181 855 867 867 3 471 574 48 333 313 497 367 571 806 727 135 685 126 284 485 467 173 129 495 268 316 216 325 12 800 97 56 434 948 455 955 287 252 348 774 57 954 463 865 476 835 585 686 907 314 287 844 241 34 151 995 811 348 858 759 327 657 107 499 559 328 532 654 454 401 470 338 800 477 531 393 833 488 796 586 852 808 77 297 328 213 379 346 177 966 200 452 818 514 847 109 747 378 689 315 553 106 552 852 283 25 146 75 868 984 808 915 23 919 350 46 311 482 589 54 26 322 230 567 981 484 919 670 748 490 579 94 418 554 494 821 428 345 679 511 554 397 629 566 451 838 975 780 859 351 970 780 294 584 421 203 343 689 775 627 501 134 123 920 692 668 563 5 651 148 789 133 393 475 262 913 210 363 379 421 68 762 278 866 474 169 978 359 912 390 726 749 459 74 486 348 458 671 963 734 601 391 945 535 714 239 890 736 436 758 728 734 809 316 535 728 148 901 802 542 560 453 119 662 777 555 374 452 904 664 214 775 382 367 590 365 115 431 25 840 281 160 584 859 433 212 168 344 929 851 601 344 32 622 1 274 84 169 181 213 638 869 671 861 291 475 143 31 368 409 611 798 202 56 768 939 89 342 372 143 108 177 301 696 351 191 347 336 784 602 661 574 3 266 976 907 449 571 244 775 156 10 523 
970 12 233 543 169 930 154 784 697 716 916 816 316 585 422 330 794 146 24 238 651 872 490 852 106 775 449 617 513 488 594 510 660 77 368 158 468 119 171 833 560 379 603 677 629 577 237 118 430 796 128 240 78 387 423 258 308 393 760 275 257 391 450 883 381 106 839 753 306 566 569 295 129 783 379 602 984 770 602 863 366 491 954 764 628 37 770 81 479 732 26 700 713 507 411 754 90 740 470 307 81 211 466 515 114 378 552 328 328 493 182 411 33 590 755 240 332 314 264 589 212 884 986 121 562 433 56 150 270 377 646 249 890 791 825 546 947 362 262 304 735 622 588 39 145 815 616 751 61 671 398 140 793 959 449 823 802 625 198 656 347 60 862 470 961 741 63 162 268 735 515 191 852 679 319 538 231 460 134 361 258 809 263 94 86 614 62 432 114 893 569 865 823 977 414 931 555 444 183 975 70 598 282 734 302 750 392 609 400 6 262 225 552 37 684 645 504 958 379 83 686 518 338 709 983 437 802 716 493 835 77 507 132 318 616 167 785 835 679 633 905 454 909 172 731 158 161 727 194 423 543 925 991 521 702 104 352 428 423 413 27 476 745 750 203 996 3 952 241 13 207 456 212 791 290 361 477 303 952 802 87 429 239 596 690 24 756 799 350 728 832 485 584 842 338 461 520 882 221 423 892 241 868 809 368 977 266 541 949 849 784 219 623 688 830 837 181 148 725 354 313 88 960 345 744 832 299 840 588 822 612 156 439 921 45 333 159 665 172 771 793 946 268 756 381 527 991 474 882 935 253 130 655 516 91 861 399 816 770 394 759 129 378 796 546 942 367 775 209 132 411 484 85 490 972 548 304 424 614 830 925 155 515 892 9 468 686 176 709 172 709 258 638 205 892 960 587 258 472 701 493 1000 303 861 354 154 445 847 722 336 296 743 151 129 763 561 956 718 37 832 444 841 9 405 48 581 420 295 597 41 742 416 402 563 666 638 642 229 969 172 817 918 445 96 319 892 375 923 696 432 489 220 101 844 685 372 45 630 117 843 885 962 157 184 391 604 499 457 876 213 313 600 148 681 307 157 173 54 611 709 30 806 474 360 267 658 134 561 704 976 949 549 991 147 67 589 525 232 368 672 
340 413 320 971 586 594 664 953 756 643 527 823 755 294 579 313 718 250 144 410 200 909 915 3 508 322 851 860 638 687 963 267 474 599 704 717 372 617 765 971 363 719 757 957 998 647 531 603 370 437 922 890 118 980 119 998 357 418 833 791 548 866 941 3 818 182 474 671 689 802 878 484 249 23 850 833 216 991 528 35 155 208 523 508 707 702 898 970 514 24 820 68 252 60 173 366 735 393 772 221 98 300 813 917 717 345 998 724 247 249 400 686 912 54 154 807 37 592 57 955 415 242 19 630 763 374 766 951 99 165 423 966 558 149 622 683 490 896 513 713 915 598 658 343 304 658 299 163 715 859 91 77 356 149 969 77 868 332 642 332 176 414 630 656 758 633 791 36 831 721 391 664 947 562 445 82 72 631 241 465 215 957 262 174 960 420 244 843 810 616 968 916 458 11 715 934 127 864 519 280 705 578 825 992 501 525 613 325 269 227 649 718 828 889 826 37 216 61 375 482 168 413 962 655 649 990 286 329 759 585 39 579 164 889 824 684 190 600 764 358 551 540 806 810 132 43 905 373 363 692 507 523 717 274 519 783 829 862 632 722 542 778 839 396 463 989 75 524 792 534 704 170 123 712 706 310 139 423 784 829 643 488 316 0 848 262 670 17 424 647 3 313 151 318 210 15 254 161 60 106 187 487 83 990 464 258 996 617 87 614 146 249 648 218 410 105 758 290 47 234 273 747 753 980 540 221 566 821 168 206 717 678 995 914 465 633 397 298 205 949 831 951 754 35 869 980 245 812 669 503 801 893 680 424 80 424 641 978 840 151 991 877 20 844 852 983 40 381 756 521 112 577 357 554 920 956 613 253 263 923 963 673 380 150 237 680 325 412 156 609 90 930 636 580 517 536 946 975 807 230 288 315 694 619 920 176 480 462 535 53 563 630 715 36 832 803 221 202 226 666 163 772 191 243 317 340 548 149 332 943 123 944 942 661 70 344 230 621 956 823 611 325 283 469 500 922 249 20 973 618 30 236 226 352 208 96 680 55 714 662 207 493 993 429 818 9 967 984 723 647 15 140 795 109 86 44 393 183 401 163 38 289 587 153 141 362 18 485 635 577 143 346 521 60 785 770 73 999 290 46 
571 574 64 541 299 645 355 756 992 740 928 795 845 591 978 436 934 297 443 861 937 5 862 218 876 346 25 612 141 658 427 75 311 870 52 500 758 1 243 498 658 687 848 343 403 439 489 51 55 928 369 116 397 952 400 169 114 126 353 848 485 344 891 70 799 328 775 794 821 690 276 623 936 779 146 350 338 273 757 851 321 238 987 492 655 344 394 1 631 39 29 832 85 957 305 746 17 780 863 364 426 769 837 444 315 56 939 909 986 766 819 737 777 910 351 964 127 520 130 578 81 785 167 826 283 447 530 252 4 530 455 740 774 781 591 473 18 761 829 165 715 85 423 281 539 591 824 931 705 249 628 187 156 542 481 425 877 814 605 205 284 628 307 354 140 635 840 784 209 799 822 611 462 902 388 669 102 717 594 923 672 385 412 426 385 805 922 14 254 715 763 38 46 427 507 325 981 309 289 384 934 781 553 404 283 817 774 564 249 596 152 45 573 54 554 157 423 613 127 89 961 561 369 949 442 934 317 169 870 582 307 837 139 309 263 924 707 392 691 76 9 150 880 802 685 320 192 49 606 290 178 655 428 572 439 325 140 969 362 60 983 787 572 278 309 313 392 532 635 822 694 607 685 865 637 180 250 243 785 773 169 339 641 446 922 491 528 863 417 939 933 196 885 314 912 624 355 718 40 591 203 748 387 908 976 398 123 195 332 11 251 2 72 135 988 272 534 889 525 213 922 712 725 951 977 237 234 203 484 64 420 462 552 843 619 450 91 500 543 114 202 13 294 158 958 854 597 506 776 318 405 364 252 475 571 817 681 864 553 272 950 595 891 267 684 636 787 266 766 408 288 101 501 452 909 817 903 516 472 778 544 339 582 137 144 467 401 194 760 45 201 548 551 556 794 778 75 974 560 726 176 124 701 498 855 736 366 171 637 845 912 955 736 876 465 958 161 663 198 384 566 39 7 469 544 408 200 437 473 710 381 625 148 73 99 891 102 628 995 121 250 53 218 1000 574 53 0 843 659 705 403 95 952 711 219 20 313 535 487 803 660 459 922 53 921 303 585 786 141 656 202 821 777 536 892 267 126 433 267 885 858 664 223 822 709 464 868 756 965 580 270 937 459 354 788 392 557 20 96 733 
112 282 796 902 577 188 482 189 534 500 899 234 492 337 443 955 108 599 950 739 290 328 413 752 551 626 912 365 227 677 138 2 558 151 543 673 699 424 993 859 690 941 571 232 521 885 538 477 161 996 563 586 226 310 963 297 898 839 957 980 145 304 667 779 22 998 970 199 433 113 709 630 70 163 375 708 844 92 790 342 53 110 789 132 546 123 603 465 29 99 748 752 658 219 222 471 786 619 491 166 955 83 623 849 590 941 239 772 472 858 955 411 660 118 333 821 276 717 980 785 51 482 57 718 134 325 209 907 272 359 513 626 680 389 405 217 48 200 647 122 755 373 189 517 37 164 118 569 57 200 224 649 416 297 693 857 57 153 169 971 382 686 698 730 958 656 162 431 627 515 4 493 69 647 242 167 799 861 108 869 332 46 114 589 178 230 874 105 313 918 844 461 981 510 307 106 205 527 851 739 245 909 512 638 622 209 91 547 698 13 314 611 992 142 92 296 827 231 124 781 28 777 104 895 710 184 908 57 523 96 36 407 154 884 962 733 366 116 72 480 801 851 886 615 125 898 884 42 122 107 73 753 915 9 712 453 137 174 66 401 555 424 597 245 650 768 602 708 215 815 96 107 825 289 424 116 974 358 31 912 102 414 192 268 332 913 241 568 874 167 750 693 321 926 107 524 424 327 840 176 927 319 330 292 557 432 129 274 958 131 851 100 239 290 750 1000 745 468 508 224 133 325 418 632 764 839 925 173 360 225 900 869 29 537 170 534 609 370 808 570 131 636 193 358 31 252 420 800 299 831 156 988 221 939 686 56 113 604 769 944 3 680 69 287 649 669 568 726 78 179 856 533 555 923 943 830 797 777 170 886 716 692 565 804 762 438 307 22 135 621 950 95 947 773 622 929 449 518 932 939 770 290 254 253 643 349 731 794 570 400 40 377 489 680 949 410 932 890 111 350 620 429 574 957 839 35 73 307 726 377 309 223 705 760 775 22 568 759 882 585 924 548 519 403 738 811 244 230 79 549 563 171 840 797 741 307 997 209 594 813 759 88 826 958 659 581 55 348 599 294 246 170 778 574 17 192 721 821 460 833 368 539 273 481 607 315 456 463 212 72 802 327 597 699 87 501 96 683 477 109 
44 553 136 335 106 973 226 619 963 309 773 260 946 473 156 68 945 224 246 912 148 900 580 406 939 343 680 167 41 657 991 330 817 284 500 968 418 220 879 859 934 340 845 272 431 942 539 531 965 613 658 159 84 132 774 525 52 184 308 427 743 243 570 578 780 309 353 355 323 682 243 725 690 372 940 207 589 740 255 453 627 279 64 627 326 306 860 0 932 275 878 787 617 113 359 727 154 207 664 536 831 383 56 198 422 768 390 269 928 467 353 62 765 388 858 749 414 533 327 485 867 75 849 29 910 126 741 876 967 430 880 88 206 597 41 843 831 366 434 335 597 783 593 676 91 274 122 837 68 57 364 649 230 636 996 735 696 16 525 297 895 52 264 224 904 445 897 855 499 841 857 597 668 273 296 252 148 624 890 315 184 914 560 303 768 53 13 851 443 967 55 602 467 650 827 813 600 600 611 957 69 993 16 962 832 530 505 520 95 750 187 521 390 164 413 521 521 84 222 486 819 790 35 678 120 564 66 905 328 789 125 292 844 707 665 394 175 65 208 366 635 143 265 635 162 459 922 819 202 523 885 798 152 106 20 910 51 663 892 718 621 574 531 241 436 492 933 295 345 19 796 660 97 861 248 723 922 143 743 746 416 467 816 124 238 934 80 878 927 994 72 836 847 850 24 30 414 79 356 557 419 933 322 151 692 368 53 257 863 584 162 95 798 139 954 734 458 570 304 92 986 252 684 72 554 226 665 969 941 770 171 219 829 182 91 719 965 17 71 408 640 255 654 666 855 628 620 534 576 931 596 585 870 771 675 943 516 784 527 806 489 387 558 499 63 916 374 594 469 488 197 702 701 230 111 231 518 285 522 857 163 363 725 1000 547 917 642 37 546 253 47 676 141 378 207 347 226 154 62 339 215 343 83 218 727 916 427 262 676 548 625 70 831 944 822 752 981 792 117 359 796 59 572 211 890 316 367 285 604 947 784 978 46 999 157 992 421 28 66 705 69 910 506 347 989 152 986 246 516 814 350 224 725 217 919 841 696 839 173 998 608 726 785 857 936 603 897 991 194 870 623 652 979 68 227 212 326 460 539 228 871 974 284 472 900 912 142 172 244 268 874 369 912 1 735 495 471 425 736 65 
525 651 630 878 268 392 647 762 571 595 755 108 708 171 517 509 607 340 53 373 34 393 844 234 309 747 601 938 961 960 478 283 2 897 790 967 557 953 236 77 704 818 199 145 914 58 372 566 274 873 571 236 300 792 842 967 506 910 828 436 522 277 748 527 36 317 40 617 373 835 392 288 715 743 799 212 692 976 783 275 88 194 859 416 684 199 663 605 906 119 397 637 643 774 714 123 17 662 817 500 355 509 745 501 676 993 646 250 178 427 970 193 145 957 450 653 224 118 865 543 771 529 483 362 586 10 893 799 125 693 209 924 70 459 694 177 977 531 534 452 292 411 835 904 360 539 482 158 856 687 973 749 503 496 34 809 916 603 563 574 476 972 701 665 437 551 749 806 999 708 279 560 221 157 29 474 465 905 915 596 300 438 217 203 326 72 972 966 866 125 843 966 549 756 203 177 3 482 596 500 825 753 504 723 327 411 548 258 968 120 378 143 689 77 164 978 690 298 721 16 697 835 59 429 39 544 19 455 708 749 487 645 633 575 947 636 284 418 74 88 725 848 376 403 643 971 921 162 622 213 9 354 985 784 148 22 610 945 68 781 654 359 634 929 356 157 60 352 57 473 537 217 402 948 619 583 394 92 105 21 135 117 370 970 528 305 981 598 594 437 360 59 96 729 608 873 380 215 451 251 46 377 346 267 987 481 888 858 199 94 507 436 981 840 643 552 494 164 736 94 573 533 588 667 126 588 700 485 308 664 447 512 743 629 348 613 734 296 768 667 19 657 279 189 964 1 395 929 107 946 167 676 737 83 374 278 841 5 881 904 234 400 231 355 930 628 44 544 955 441 725 836 135 394 492 546 831 271 476 817 52 396 233 678 730 536 372 924 690 821 598 175 579 861 834 128 120 223 175 732 931 96 433 546 515 609 119 75 980 898 695 884 735 513 812 114 697 213 980 856 190 994 296 204 330 23 374 889 678 636 7 918 576 64 917 142 248 516 638 467 945 415 852 975 54 245 983 994 134 152 506 61 971 276 336 187 223 808 658 280 773 100 564 573 716 426 520 351 875 856 314 266 151 846 49 308 902 381 819 146 368 27 337 49 545 916 743 198 102 171 91 178 399 248 328 500 774 377 205 484 
813 904 940 676 751 673 885 586 824 741 237 492 833 717 902 292 214 591 220 826 198 676 161 327 808 824 422 919 368 812 760 558 637 471 306 106 572 118 407 645 973 181 28 609 876 481 412 89 589 787 860 96 956 67 742 281 462 292 357 533 707 35 76 458 100 233 961 276 13 768 101 952 987 814 970 677 698 193 758 882 14 326 130 244 809 441 323 930 610 814 1 395 67 399 449 894 279 178 751 813 811 56 43 760 697 28 536 757 747 196 673 927 620 485 937 108 200 785 285 419 100 495 800 324 832 671 591 479 873 410 742 356 236 936 95 466 136 511 993 846 22 641 909 457 330 632 6 173 995 701 15 262 946 40 729 801 43 872 931 242 998 242 150 22 787 472 752 796 632 912 424 80 771 777 803 286 889 384 728 977 866 401 193 411 903 114 560 882 389 274 661 817 277 577 292 946 687 551 380 324 154 902 164 904 77 882 765 139 669 930 444 252 995 548 926 410 863 346 94 72 804 217 723 318 676 485 643 402 875 337 455 271 320 275 304 799 107 800 64 144 178 883 153 584 898 777 37 537 988 777 851 848 549 939 727 897 584 310 565 993 351 178 753 320 405 874 578 522 998 64 29 282 511 987 317 807 157 178 925 911 600 960 504 897 857 702 767 752 766 705 175 821 385 776 613 277 947 34 433 380 957 884 592 751 126 987 375 173 637 146 364 40 589 523 532 669 405 65 573 343 831 484 15 467 208 772 150 116 350 244 443 487 382 66 374 357 931 646 176 21 971 1000 392 147 106 941 923 303 795 998 837 230 209 104 24 691 105 550 871 352 667 787 370 864 492 831 210 707 682 302 232 865 397 429 544 477 253 949 892 567 259 450 554 111 335 679 902 315 753 232 504 453 754 302 655 437 615 825 445 330 63 515 92 275 823 32 263 148 531 249 22 353 875 556 418 832 796 432 86 826 914 439 890 14 221 947 805 957 845 684 304 398 642 91 544 461 257 718 329 809 509 590 106 152 571 317 702 639 138 203 85 823 35 420 463 171 28 374 904 704 971 499 220 318 794 832 988 805 900 744 358 872 762 985 615 648 908 802 921 818 937 823 856 973 598 62 912 673 440 66 497 150 350 642 571 95 73 67 656 528 
321 104 154 432 831 526 514 351 114 536 729 876 718 344 882 122 344 774 591 676 951 771 724 541 556 393 888 465 488 598 899 433 674 434 843 119 712 765 391 34 201 391 130 488 290 781 430 797 984 814 495 732 335 281 262 9 870 14 967 643 305 847 534 547 103 85 189 899 312 741 366 146 704 785 946 2 782 811 845 95 995 473 379 34 675 219 880 652 257 46 615 61 796 826 710 149 683 42 482 312 839 724 707 969 38 381 772 709 869 45 2 553 428 560 359 595 744 46 54 481 217 126 539 454 966 980 571 638 3 756 294 870 541 72 57 690 593 349 196 361 886 75 17 516 243 845 709 988 910 340 205 549 849 264 479 444 269 734 334 642 856 646 429 59 762 853 69 506 189 292 274 735 423 415 99 694 295 633 465 522 658 616 386 684 25 998 213 597 152 288 582 678 420 4 974 245 349 378 721 866 256 127 315 530 448 951 997 448 32 973 306 241 509 464 142 350 987 331 450 419 258 156 519 958 955 93 265 272 889 311 641 914 20 333 235 33 13 270 585 0 828 599 89 463 646 191 189 757 318 13 988 679 879 982 712 192 478 397 870 582 532 368 229 45 409 368 657 892 120 285 54 449 910 425 557 783 528 905 716 514 687 440 776 609 479 115 490 746 868 201 800 643 30 878 398 647 370 259 270 561 872 31 782 808 852 546 394 20 431 377 496 709 565 372 603 657 99 792 424 216 634 816 464 474 331 289 17 33 563 231 712 603 23 592 661 57 147 304 898 913 315 161 488 374 842 756 541 993 961 534 858 54 416 622 587 241 839 714 285 462 86 577 148 344 929 847 12 713 377 293 675 176 92 774 875 63 197 686 628 127 211 758 12 291 146 765 63 418 610 791 424 19 710 434 639 296 578 99 396 376 624 649 771 704 917 345 42 526 106 171 8 618 721 208 195 632 991 958 689 940 683 357 58 141 578 421 41 352 44 677 288 533 378 642 589 215 232 839 202 797 473 102 740 807 38 734 286 743 34 112 107 387 894 986 30 358 38 737 927 241 983 822 642 836 12 720 708 159 852 128 999 390 698 567 145 856 57 600 768 29 785 737 42 887 574 185 589 615 454 657 625 356 16 63 706 982 288 578 547 708 
715 409 241 50 290 622 681 684 0 611 420 918 789 799 180 226 919 610 445 660 542 377 375 21 237 775 848 990 663 87 765 622 784 351 673 948 382 27 483 956 287 330 65 50 803 953 964 389 893 72 181 696 47 934 196 775 605 344 565 49 593 503 211 895 109 808 995 791 266 260 14 728 132 227 420 722 747 350 709 48 991 883 962 148 802 872 167 446 210 499 328 820 853 632 342 234 803 839 114 627 363 687 959 475 509 560 634 646 248 736 844 996 501 649 382 996 43 333 988 758 635 176 974 319 767 58 608 360 68 723 665 456 398 770 959 493 541 434 791 362 723 103 858 733 696 498 36 996 719 534 241 40 164 595 78 465 514 361 120 947 333 229 261 188 438 62 343 124 404 398 973 486 309 882 494 959 117 182 986 862 910 653 823 910 465 553 895 814 375 185 991 62 828 822 232 370 479 30 195 27 281 359 185 196 316 768 949 154 973 13 520 757 294 191 490 384 77 296 873 194 722 539 785 993 99 567 573 96 984 383 481 617 318 13 859 714 943 245 96 565 471 340 989 255 383 809 196 759 923 695 85 745 738 384 410 97 540 125 711 191 344 692 69 763 635 84 959 844 620 964 38 890 959 709 127 747 934 206 219 690 346 584 573 480 752 726 206 481 727 620 842 139 273 821 143 531 90 307 446 497 188 639 520 389 208 25 114 124 32 878 537 585 880 550 174 213 954 795 611 609 7 290 376 27 595 88 772 88 264 767 215 85 956 365 547 314 71 926 144 131 88 10 637 488 735 165 228 392 574 299 635 883 821 444 797 520 431 372 356 605 895 637 338 266 995 800 513 680 228 14 546 619 64 983 717 96 186 626 342 603 417 234 569 165 669 186 319 710 308 608 28 328 409 532 465 447 813 609 652 929 111 865 990 282 926 905 779 416 401 950 259 251 996 306 164 823 301 408 36 415 87 367 818 437 86 211 812 717 616 897 443 62 440 492 22 626 884 595 858 977 820 950 430 309 852 701 850 190 916 476 126 3 707 344 911 233 679 639 974 75 462 777 183 46 594 8 109 173 134 629 961 294 771 226 279 759 615 760 345 249 761 959 474 842 681 64 907 471 48 499 66 795 916 0 41 803 517 883 978 947 
324 256 763 883 381 662 457 336 525 409 393 829 609 643 854 391 140 287 73 113 874 268 8 771 796 54 797 760 391 100 939 519 166 628 974 433 232 337 959 158 902 195 745 160 791 107 911 336 141 756 685 519 709 589 59 345 174 264 858 673 776 431 915 895 932 930 817 626 390 727 632 420 558 917 529 188 227 183 697 466 356 187 47 910 229 224 585 187 660 595 961 367 432 208 409 956 894 923 71 192 260 657 333 972 115 695 404 504 170 31 738 574 462 86 92 820 439 289 553 447 733 374 204 492 730 182 773 480 52 151 285 547 798 710 869 521 306 673 233 974 960 571 142 812 383 375 417 77 401 485 65 505 883 434 549 389 290 16 837 176 611 797 778 984 873 170 353 461 723 538 103 20 520 325 164 338 855 336 374 381 650 782 710 56 370 739 202 184 386 695 232 792 939 212 920 471 343 642 291 212 792 926 522 114 881 962 276 351 725 273 355 567 986 0 89 669 118 442 643 641 572 894 145 133 732 293 479 572 445 706 231 884 148 284 643 872 619 514 974 601 881 956 92 555 966 230 684 497 706 597 250 218 442 242 925 980 50 487 272 952 809 839 750 762 742 70 99 408 832 91 709 74 780 957 553 102 75 506 766 536 971 738 775 373 642 833 334 874 359 878 987 642 386 823 873 263 497 503 153 275 871 849 988 250 309 351 779 268 37 252 351 257 984 381 409 751 51 521 690 987 558 383 105 680 82 977 939 173 605 635 100 85 51 256 742 982 823 341 803 495 962 479 39 279 293 771 689 445 131 891 426 355 352 212 306 775 509 161 446 889 619 331 773 151 105 552 864 415 784 209 200 9 86 321 303 144 575 160 111 945 771 94 503 849 760 781 593 371 172 297 426 442 631 876 328 400 802 137 543 400 505 410 485 336 387 1 159 773 47 803 330 729 942 640 974 232 817 525 719 63 551 189 590 613 87 316 413 676 88 826 274 567 84 767 455 12 571 557 322 361 425 889 485 190 767 17 659 816 100 596 651 849 21 496 925 435 334 950 752 874 883 803 90 326 976 561 47 684 635 527 455 729 834 117 965 283 450 398 964 835 801 708 618 193 992 342 765 840 69 326 182 329 92 442 852 285 87 201 507 355 
173 495 114 866 996 296 805 335 776 8 377 149 935 946 354 573 151 961 589 944 952 687 917 980 529 937 524 94 402 561 782 495 703 817 639 271 912 283 837 601 370 330 236 667 274 989 855 930 884 189 674 522 610 250 708 990 40 139 189 533 62 749 385 888 679 92 358 930 463 787 394 344 534 762 957 121 711 180 725 208 306 429 6 660 120 262 259 291 978 372 797 238 789 44 687 736 723 121 898 858 388 369 864 378 966 148 377 571 608 270 313 111 452 891 375 271 938 955 510 783 47 692 376 329 130 801 372 380 681 775 218 182 750 831 816 601 510 716 804 923 976 971 913 626 497 617 764 360 797 539 309 135 272 810 769 383 752 18 661 382 436 686 148 439 817 674 355 923 106 482 945 442 878 439 714 501 227 515 354 886 772 977 598 762 585 483 598 572 275 831 969 246 747 599 591 750 671 66 686 129 939 82 465 343 953 885 554 925 215 426 475 240 663 136 583 571 598 166 188 325 818 692 301 819 12 626 580 156 125 100 114 282 39 2 484 724 69 81 916 735 866 870 306 874 377 25 415 688 181 707 488 919 72 603 689 451 379 902 144 675 102 92 302 581 868 152 951 304 758 44 960 266 222 604 199 135 649 242 637 710 337 304 685 213 840 238 574 331 951 665 824 60 673 754 360 347 69 275 186 292 538 455 199 552 965 741 852 776 444 386 627 863 681 65 20 131 1000 581 699 494 567 463 123 244 752 464 407 882 483 197 257 199 284 457 242 387 988 115 378 872 617 709 850 56 893 531 428 31 807 709 160 589 270 771 626 619 788 860 846 109 877 761 217 30 628 16 775 954 523 708 398 114 334 854 260 578 484 995 140 921 194 543 351 975 404 148 901 338 955 819 828 448 760 612 59 734 693 756 619 362 402 349 297 487 407 764 730 192 497 767 652 615 194 586 746 508 451 975 697 657 463 13 560 270 214 159 957 609 555 56 241 301 287 815 918 410 593 293 810 99 823 96 385 327 624 314 821 903 331 303 767 119 313 922 948 26 181 964 313 511 581 326 617 320 467 568 244 569 352 611 979 347 62 9 44 872 374 943 301 272 635 646 535 408 703 667 631 124 849 317 956 986 397 382 321 540 100 273 629 727 
460 112 977 340 138 194 320 923 821 103 959 477 211 212 285 945 63 857 123 133 292 923 695 206 423 931 985 120 244 315 651 387 212 680 854 252 480 25 513 143 131 649 652 667 284 876 291 141 425 9 535 477 537 42 945 748 646 94 671 884 54 641 368 914 112 60 643 163 472 456 321 720 53 811 318 825 808 903 903 306 996 202 282 92 287 632 628 956 388 642 713 847 945 870 799 910 313 969 994 147 47 118 88 211 678 769 77 465 943 893 709 912 497 288 793 859 253 51 252 235 818 615 886 407 262 323 286 554 19 920 964 594 287 906 304 311 717 239 661 221 983 942 963 490 698 235 297 583 433 80 109 105 675 286 333 704 455 610 642 741 19 170 128 268 252 863 657 508 624 595 371 598 695 456 146 913 539 912 514 724 816 361 633 600 933 501 626 943 880 952 944 720 56 10 495 521 175 380 298 620 720 317 811 315 523 378 862 474 328 662 371 275 424 832 933 51 3 192 418 305 636 137 22 781 708 614 950 338 912 589 665 227 478 253 369 220 895 160 335 490 176 278 143 517 444 704 232 966 440 493 155 252 844 793 526 655 738 547 977 466 139 804 961 102 623 357 855 524 852 118 58 80 559 323 669 647 453 827 614 116 316 344 699 925 157 298 610 704 513 133 837 638 580 349 448 778 106 878 455 337 820 401 372 987 73 928 232 755 216 378 906 803 407 800 506 297 791 956 853 417 113 94 90 519 18 232 353 458 399 452 575 981 694 500 948 841 622 732 383 597 827 799 261 643 756 529 961 94 379 459 7 375 721 367 624 31 282 737 518 761 976 8 553 210 188 536 963 222 74 25 10 934 878 502 145 599 615 953 298 581 613 264 451 44 805 774 111 906 852 706 876 620 574 576 503 375 448 583 1 203 385 205 224 318 242 982 282 393 218 493 854 993 742 562 348 866 34 213 536 255 581 750 165 642 760 444 101 721 923 341 673 371 331 559 283 577 151 56 815 708 432 767 286 32 976 663 95 778 764 572 290 737 807 983 959 772 401 252 821 965 110 275 571 364 287 459 597 521 650 177 828 437 419 306 638 797 582 869 300 451 80 644 722 941 576 346 384 155 117 31 808 516 531 11 471 220 286 641 919 514 
932 284 712 163 611 128 859 282 102 449 618 189 677 268 590 998 942 964 809 146 272 747 371 166 381 782 471 740 205 285 701 414 211 514 888 645 145 36 281 836 303 765 730 668 415 773 99 372 531 927 506 725 659 699 187 282 847 800 38 45 329 247 125 584 949 267 818 357 372 537 609 148 272 473 361 939 844 306 874 232 987 226 275 252 895 830 462 840 104 625 20 798 378 640 220 767 70 743 675 350 627 607 729 356 472 913 389 601 517 33 242 755 235 892 980 964 420 118 890 828 612 43 667 966 536 457 890 196 294 974 892 63 66 35 237 709 305 734 748 827 401 760 730 586 701 415 282 614 213 937 454 35 746 403 299 246 508 628 578 913 777 0 355 398 520 514 442 942 785 82 772 772 803 809 509 820 351 118 999 550 471 963 708 74 12 818 380 786 962 100 341 145 128 77 226 103 328 888 828 790 933 802 975 961 976 446 555 375 783 216 368 386 477 454 875 413 46 821 118 848 72 425 36 613 324 823 161 817 809 12 706 718 825 178 493 491 889 981 436 23 256 140 216 13 500 36 812 733 542 653 226 160 163 949 346 555 473 779 349 783 298 739 511 908 305 128 983 186 509 943 458 762 176 577 14 239 476 990 914 198 261 495 950 651 779 691 217 313 813 129 613 324 808 403 678 557 13 224 115 382 797 168 311 288 452 275 267 696 284 1 387 119 683 614 774 34 995 375 888 300 312 886 769 873 285 877 103 839 566 395 346 973 562 946 396 45 929 164 159 607 553 385 425 163 339 413 677 515 590 293 862 437 911 84 671 518 816 65 455 340 620 59 898 291 193 123 359 266 305 480 211 678 985 984 679 545 167 254 830 99 714 216 480 835 74 970 293 952 807 986 593 730 232 204 509 942 196 983 624 309 524 951 21 355 894 412 651 672 732 524 373 793 521 161 418 472 286 467 360 250 706 579 348 318 75 770 402 439 217 547 729 920 638 690 434 675 880 896 549 45 66 425 866 959 350 696 780 1000 404 280 845 938 976 509 206 403 752 926 531 806 934 689 928 399 913 155 859 415 903 334 830 982 364 208 265 553 880 262 44 668 584 54 49 640 161 608 265 520 207 364 862 656 623 870 904 215 771 653 791 432 
619 839 974 480 955 288 976 250 56 439 128 764 555 865 113 778 504 308 339 145 746 510 268 494 731 898 577 802 132 475 713 229 301 586 812 59 729 984 213 99 94 597 181 550 541 626 472 144 68 752 602 351 627 15 696 195 204 328 306 555 40 782 958 446 858 32 216 361 51 214 893 264 196 434 745 877 77 161 266 612 708 770 116 28 252 291 323 365 771 888 679 823 155 394 643 826 19 217 366 922 785 330 230 718 74 876 939 634 549 874 858 555 938 15 66 972 880 59 40 803 600 592 749 325 798 351 639 78 65 463 582 662 433 765 180 653 491 102 316 632 305 414 187 506 457 730 382 894 100 389 435 305 924 49 630 130 235 97 912 562 710 502 565 261 641 991 413 919 859 659 829 208 298 695 933 325 352 354 898 327 910 10 119 997 601 25 677 577 14 890 228 589 336 862 292 205 549 130 616 720 679 423 921 596 266 695 222 316 950 267 834 942 14 62 408 762 187 162 455 859 821 358 201 195 222 34 71 190 891 899 6 328 318 122 863 566 186 444 913 454 444 878 588 376 737 590 191 739 645 348 985 896 897 265 511 486 896 321 826 979 927 214 723 677 859 135 31 619 458 419 251 86 657 784 379 966 910 171 8 887 947 763 186 757 618 428 604 513 296 677 378 283 627 182 183 353 712 749 440 668 815 574 630 74 824 359 742 976 989 391 949 205 720 3 773 72 76 858 699 972 658 348 485 404 158 605 129 690 225 209 45 609 486 983 631 375 1000 161 57 418 299 608 973 622 317 605 402 287 328 926 574 218 616 150 153 686 392 516 344 756 862 257 525 405 526 278 154 732 281 191 79 37 843 774 391 112 804 417 416 212 232 356 661 31 709 88 155 631 89 182 549 835 798 446 364 936 753 255 607 484 882 117 355 380 782 707 950 908 609 694 424 25 460 879 824 473 578 608 71 560 568 652 495 839 577 216 807 502 479 986 726 170 624 666 28 515 765 138 131 571 584 312 605 604 563 208 90 531 755 909 290 572 967 316 564 951 20 990 428 0 54 649 984 209 199 275 586 406 280 235 250 576 826 934 334 408 960 114 996 78 397 313 320 300 296 261 777 318 527 527 566 321 810 463 563 951 136 564 900 133 
980 514 988 711 584 219 576 268 723 40 826 740 655 927 247 413 793 919 75 125 145 229 109 94 892 497 781 374 20 618 534 481 307 776 13 583 674 785 555 938 6 691 409 342 745 249 843 258 352 243 64 345 487 214 687 708 357 607 913 427 416 300 858 458 529 295 572 571 365 255 914 147 786 961 566 23 86 41 958 860 878 466 849 926 499 614 629 214 984 773 105 103 144 546 464 458 236 872 822 844 309 453 465 236 898 830 282 991 406 312 30 2 829 14 71 61 64 566 222 247 525 242 487 852 272 562 462 737 698 599 807 410 218 736 750 833 299 469 0 958 598 942 53 621 626 497 208 257 525 181 67 815 350 842 56 78 691 118 994 920 930 820 394 21 322 534 283 335 472 625 475 610 376 246 522 570 7 558 224 76 339 792 809 151 520 885 587 578 279 789 685 105 642 683 521 483 516 968 845 962 590 926 398 383 418 81 271 735 503 175 62 917 869 448 779 820 32 25 454 469 223 856 571 58 335 408 62 476 144 718 470 56 715 942 430 750 248 649 48 149 947 855 972 131 263 770 869 522 618 622 852 621 967 716 492 724 39 593 225 951 731 668 903 718 348 763 473 758 318 545 391 662 707 537 276 491 288 976 457 990 430 261 970 91 805 832 543 328 880 851 34 950 782 305 772 6 25 457 270 653 509 745 838 637 88 414 847 110 469 5 916 195 30 559 58 630 348 319 277 613 21 356 120 73 904 240 91 428 308 745 589 357 695 858 115 387 493 935 970 927 702 756 189 52 762 735 348 591 756 855 437 372 566 75 605 354 66 553 402 332 963 986 292 486 858 834 798 787 118 40 708 839 884 601 357 778 428 206 98 648 436 25 684 165 941 923 860 948 486 929 807 364 867 616 15 2 858 642 502 770 430 112 394 528 801 376 734 632 11 199 754 56 707 801 190 127 927 182 228 246 406 295 564 25 566 628 764 998 609 934 900 223 933 725 417 470 866 330 235 867 53 749 740 59 502 820 529 522 872 258 658 115 700 25 212 773 230 711 275 924 888 961 3 948 799 990 85 329 686 900 703 35 787 925 951 568 955 177 897 458 111 540 936 947 879 936 33 478 387 650 197 163 425 182 955 72 934 666 664 955 
316 420 220 602 787 899 893 572 970 624 555 240 56 111 296 233 604 993 245 26 740 323 353 889 222 319 719 331 7 367 194 476 903 603 591 764 346 516 718 917 951 696 44 920 597 629 48 385 945 659 993 727 848 384 219 750 24 8 726 826 138 61 498 925 843 996 50 517 764 927 393 890 566 243 330 548 195 445 202 539 313 994 892 568 92 148 212 789 125 481 381 307 753 21 29 549 289 983 373 314 698 755 638 23 335 584 813 68 784 98 150 822 287 102 796 808 851 155 268 165 64 461 747 327 940 784 917 133 321 649 686 633 609 479 620 504 420 397 465 807 923 426 891 636 670 383 427 44 513 831 269 452 444 382 180 691 74 464 16 585 543 207 542 690 852 373 683 178 793 263 326 281 753 980 21 22 885 940 137 93 189 518 756 239 930 349 78 501 188 946 539 997 216 618 298 59 142 311 814 880 837 864 766 399 524 908 562 377 379 363 751 139 864 481 845 221 767 107 501 178 892 617 496 537 7 224 540 232 62 895 182 171 777 921 847 43 503 299 40 800 410 325 662 156 835 664 425 318 144 357 567 58 799 603 953 548 893 757 981 160 634 994 889 682 888 904 97 624 197 552 587 113 289 605 151 619 311 342 368 840 560 898 175 230 117 63 567 817 363 294 97 937 298 405 468 20 127 705 810 843 633 200 706 903 60 662 102 603 922 417 666 595 62 38 843 110 681 62 183 860 941 146 980 170 709 71 286 974 329 411 132 867 504 525 756 272 521 313 344 524 821 689 848 208 299 416 271 173 769 351 542 251 250 428 773 543 697 739 83 372 2 465 402 501 291 306 530 732 466 384 283 893 379 635 437 204 56 100 384 667 465 814 580 509 660 99 830 416 804 479 817 367 332 847 701 381 365 622 117 767 883 967 528 942 292 477 979 659 536 52 814 614 102 651 602 668 862 382 622 665 991 100 805 201 735 532 641 77 938 462 859 881 581 857 526 118 6 884 81 106 261 261 769 730 811 313 6 883 41 280 183 670 461 866 618 46 767 292 151 264 979 351 189 396 977 798 628 547 369 204 107 543 338 311 833 196 194 842 375 368 729 472 61 95 735 690 860 710 164 844 55 652 68 222 1 87 106 326 638 99 
300 497 907 535 82 3 321 642 103 718 721 607 459 757 63 46 61 979 656 755 531 868 980 741 104 463 547 846 559 649 100 555 832 193 367 612 322 213 671 589 576 458 396 739 490 598 905 309 54 832 716 296 845 744 942 277 39 762 866 127 98 129 678 598 500 780 648 780 284 606 575 78 567 542 534 965 291 103 854 493 397 654 32 899 637 788 975 748 918 358 14 962 882 774 220 494 758 251 956 339 117 82 204 637 625 862 992 857 323 517 651 998 195 480 839 956 910 873 251 304 913 542 499 282 958 566 521 870 133 59 722 291 579 4 709 101 60 424 272 237 875 947 911 378 147 1000 492 316 534 854 927 60 431 251 764 66 506 455 292 117 820 658 375 595 695 170 118 64 690 820 528 909 275 680 557 239 346 450 837 667 960 350 385 975 95 448 523 580 837 923 547 558 53 15 127 388 392 553 939 549 189 281 996 65 374 114 963 399 804 344 847 642 940 534 14 665 859 887 480 658 932 30 807 259 192 314 34 502 44 252 577 379 312 720 359 362 846 717 449 240 224 379 476 216 852 629 1 397 89 793 128 178 447 525 552 645 596 232 392 936 788 31 846 208 651 306 982 135 894 47 717 458 100 801 817 595 5 55 668 896 185 644 109 273 452 463 399 299 537 494 30 404 120 398 299 499 590 285 310 102 148 809 515 586 861 216 343 37 331 713 675 919 850 824 380 879 634 400 863 294 209 695 969 378 482 884 990 946 937 359 133 579 365 508 217 204 67 440 266 886 20 325 875 8 483 403 931 347 899 688 967 335 386 703 447 742 96 390 26 632 663 107 41 140 8 21 735 420 485 597 135 932 407 741 193 155 137 328 133 661 538 599 137 576 976 685 709 212 880 656 187 573 753 877 309 759 872 879 987 309 240 808 97 270 715 277 358 102 704 497 158 885 770 614 206 581 268 371 300 859 46 816 992 433 402 320 754 701 613 244 26 586 347 702 716 997 600 463 33 126 986 982 219 389 365 311 862 25 860 319 429 208 509 250 241 954 566 669 294 503 509 457 110 841 917 354 238 843 556 456 783 173 674 843 724 619 554 338 839 563 394 445 328 971 203 823 527 239 129 712 649 468 559 604 450 762 119 297 607 872 
452 500 164 713 604 373 467 804 560 174 386 142 596 99 78 240 316 277 747 69 942 25 235 124 958 484 197 657 430 732 727 774 731 897 294 961 237 772 325 59 685 112 256 954 356 781 584 522 813 184 106 466 230 661 675 956 141 427 844 902 2 738 669 876 286 484 843 976 742 920 815 497 203 39 517 103 972 352 321 265 655 154 23 699 486 517 472 455 107 306 44 802 146 389 992 563 827 343 528 737 709 785 598 829 341 355 601 818 379 549 780 804 671 507 521 338 364 646 307 212 350 851 58 446 444 280 754 714 923 238 204 966 264 150 809 66 370 557 819 118 582 329 192 849 374 286 951 448 287 976 705 20 148 76 941 519 463 252 497 489 722 477 209 139 171 555 366 494 801 481 133 516 762 969 536 230 714 591 27 738 258 643 183 516 768 216 853 996 845 979 259 105 46 977 859 653 487 783 22 544 731 392 605 99 866 178 230 291 570 535 591 962 111 242 918 225 509 463 252 531 140 232 828 155 709 948 433 699 445 441 913 579 576 763 959 125 713 920 1 624 557 858 249 262 142 662 129 898 875 51 958 670 606 131 882 912 279 141 125 459 152 585 668 848 230 371 554 986 978 296 251 818 542 340 774 981 407 859 468 555 134 74 949 128 175 350 326 424 280 799 734 215 171 461 335 113 495 313 938 328 584 631 455 801 332 461 903 281 652 661 483 569 718 548 969 143 336 521 710 515 401 296 966 967 642 189 443 647 553 809 695 46 482 172 206 42 313 937 411 786 968 821 352 261 273 497 158 464 514 238 991 925 23 541 662 690 413 975 622 222 504 436 501 120 86 985 229 62 192 134 366 404 646 126 782 422 175 151 906 211 351 630 293 106 786 314 968 283 687 543 960 126 153 342 69 854 248 81 974 272 81 566 325 373 690 483 460 341 10 462 821 439 13 679 511 848 668 751 630 36 713 672 593 85 829 144 497 293 314 278 491 765 856 700 64 708 292 893 742 534 602 912 811 566 940 656 391 74 55 28 882 629 978 448 411 804 86 845 845 137 578 662 881 777 217 210 830 206 746 650 308 428 983 932 466 716 52 11 757 975 147 689 317 986 105 895 859 279 355 536 672 258 111 50 578 849 967 659 350 313 
345 422 668 919 32 617 586 388 713 149 964 636 388 441 434 762 145 430 309 850 573 508 623 602 399 521 661 493 217 281 930 992 381 204 255 875 156 678 427 868 395 901 93 765 793 106 923 453 894 894 387 655 889 390 290 591 605 838 200 49 203 870 144 243 382 745 190 628 134 71 653 79 673 0 369 311 978 820 322 48 728 400 257 505 39 412 286 276 601 540 314 122 241 789 790 724 77 473 304 344 817 39 778 136 417 30 269 559 437 909 43 384 396 29 559 248 178 474 285 651 535 680 909 87 155 540 650 156 233 642 539 9 480 306 498 214 64 864 752 818 257 980 368 717 250 836 259 698 11 760 204 958 605 913 659 429 819 540 772 75 629 263 699 761 65 835 430 681 813 18 439 662 97 774 491 797 788 285 474 897 657 389 919 407 285 395 157 296 722 548 842 79 407 229 505 784 725 775 143 107 471 775 394 212 804 486 619 529 956 477 825 603 581 146 924 663 18 557 51 520 195 113 82 146 548 250 768 172 241 298 814 897 415 596 781 353 833 733 890 901 451 828 779 789 25 275 302 373 182 578 92 300 721 927 966 95 300 770 394 725 385 514 940 115 154 843 430 629 665 896 710 516 225 21 81 392 125 909 562 862 782 125 124 380 188 429 760 912 252 601 711 954 282 123 799 247 657 673 867 84 184 78 974 764 764 432 994 779 634 470 438 588 472 957 308 150 786 817 163 737 433 98 43 452 6 214 692 539 693 899 842 580 868 629 314 519 717 134 893 513 172 711 494 387 12 590 644 150 555 572 199 462 651 486 26 73 202 603 707 68 719 511 155 739 524 893 917 619 748 48 214 912 702 728 434 622 948 323 554 831 974 200 990 347 584 114 131 876 656 179 184 856 157 79 6 380 380 505 843 617 517 134 599 476 859 651 414 102 279 685 806 714 640 489 784 186 683 877 243 873 771 901 865 49 90 198 722 279 439 388 147 415 681 80 999 313 609 991 228 703 280 922 337 233 426 351 729 126 775 59 591 453 889 780 67 593 452 770 477 96 551 183 525 132 972 838 196 576 952 54 228 775 543 649 551 636 437 578 28 116 554 459 426 445 848 183 999 825 109 23 67 767 594 213 666 409 810 574 81 1000 
382 614 678 355 825 176 31 859 539 335 549 404 425 479 101 628 239 399 753 505 477 91 274 671 593 447 707 402 454 279 602 223 638 393 422 227 834 44 780 911 311 433 885 24 912 10 59 318 806 115 854 659 603 115 255 903 788 637 448 83 328 151 950 800 842 515 940 37 385 171 773 265 558 100 722 387 330 335 447 932 111 969 537 397 802 925 149 755 172 520 494 562 298 550 288 242 17 769 726 93 573 250 999 448 14 14 949 892 18 138 296 799 278 416 50 166 696 292 128 389 601 242 571 575 166 288 149 349 113 627 343 975 242 952 445 94 264 74 349 819 131 56 61 344 317 63 599 1 788 262 108 609 575 254 343 843 948 903 499 947 302 419 931 963 725 130 860 786 680 786 689 238 913 686 90 390 627 384 688 100 685 15 516 413 640 243 229 13 703 438 433 923 180 896 19 682 743 0 221 569 921 11 657 480 837 729 566 939 558 626 926 411 166 113 206 802 801 538 998 401 929 118 390 55 667 923 124 405 694 440 140 301 623 43 100 915 423 757 48 590 642 225 162 743 159 560 130 601 368 12 714 833 259 560 145 219 546 104 119 941 367 446 248 448 300 250 487 889 790 270 667 880 221 621 127 888 947 134 435 911 599 450 421 357 8 732 387 835 846 990 827 302 144 429 781 712 145 834 218 456 223 3 617 470 16 81 322 669 942 98 270 840 895 868 239 762 86 401 505 504 517 400 287 383 652 617 961 974 373 363 756 488 699 40 719 652 693 276 471 401 427 318 805 624 948 939 908 252 315 276 2 775 900 323 392 607 313 486 386 482 363 142 696 376 707 347 412 298 513 630 34 105 32 184 79 565 854 368 338 728 214 815 359 88 392 610 743 922 751 308 68 33 684 720 408 59 9 898 713 500 673 803 355 154 391 359 412 43 279 1000 358 306 748 647 167 793 940 140 676 913 45 800 237 596 596 262 564 771 729 107 299 72 967 510 908 986 840 280 339 981 914 31 882 359 627 671 442 160 618 483 979 277 623 306 170 281 787 600 830 895 423 268 8 576 807 167 919 586 860 570 726 981 248 721 333 17 541 212 417 371 271 670 365 67 651 592 710 641 413 235 656 953 928 525 861 598 434 848 729 194 
112 505 487 28 258 356 363 986 698 911 356 993 305 880 769 208 616 397 899 725 13 336 583 819 217 976 897 629 801 297 771 820 119 700 814 942 964 352 166 273 101 193 971 824 59 832 349 605 9 514 954 27 479 826 627 268 19 356 864 870 245 510 844 135 816 912 635 601 41 743 948 96 627 287 235 319 720 545 744 871 801 235 707 867 645 124 984 323 489 1 515 660 844 342 218 769 252 812 868 519 380 647 479 124 997 67 221 507 735 966 698 897 930 996 373 61 462 202 564 706 31 905 294 311 354 646 126 301 26 290 649 669 159 203 369 868 683 248 533 740 411 518 226 569 53 1 495 49 292 902 663 693 58 976 778 915 530 283 924 147 773 456 919 179 901 198 441 842 829 829 433 917 185 248 979 439 944 663 336 645 76 498 275 711 445 897 677 517 291 219 554 19 51 208 410 368 623 494 117 664 476 174 364 773 829 207 262 431 570 90 209 862 768 355 253 138 824 549 903 905 137 631 514 819 404 629 544 814 416 495 25 833 772 35 573 617 761 566 587 368 205 149 54 739 651 519 258 385 647 431 961 331 99 257 282 420 733 140 853 679 68 397 155 607 252 350 624 329 468 305 998 776 172 487 544 10 389 661 917 877 119 105 181 733 548 977 407 729 478 910 450 846 898 348 461 25 626 796 412 260 977 713 302 89 958 875 336 494 996 581 326 508 911 37 852 69 538 766 976 199 632 787 958 36 885 294 959 47 751 154 214 11 213 735 984 69 680 196 567 379 244 651 594 349 811 164 109 346 486 233 522 162 870 355 610 447 225 663 713 86 698 893 554 401 51 553 518 729 550 474 274 736 460 60 636 376 545 272 842 214 145 971 878 98 857 363 350 251 230 643 365 870 385 193 62 903 895 875 953 645 291 557 487 639 108 139 800 824 422 910 802 446 505 943 509 192 216 753 466 940 315 647 33 681 570 75 849 685 832 514 339 604 572 846 627 922 305 891 917 166 742 349 425 803 461 451 309 80 571 896 91 241 731 68 289 277 318 383 792 601 461 372 869 905 518 404 741 131 789 816 880 168 788 876 547 565 627 827 405 387 197 664 286 76 534 65 891 483 885 709 665 782 502 838 980 201 912 367 94 1000 
264 271 242 373 919 122 309 436 846 204 543 630 412 35 798 707 847 570 841 805 145 626 158 625 562 702 858 426 559 518 123 315 142 177 583 133 557 592 899 858 638 727 378 719 280 810 506 180 471 167 918 191 904 396 686 107 924 64 588 37 732 239 941 980 365 250 935 961 891 487 131 743 637 457 358 871 649 745 601 214 832 651 839 143 268 752 911 69 888 681 2 777 365 231 710 108 573 865 860 967 995 350 833 428 166 74 31 812 646 336 950 724 400 27 564 547 100 787 788 711 66 829 490 391 697 408 746 377 660 185 462 374 294 447 429 79 212 876 626 140 430 419 127 245 776 280 955 930 949 491 210 792 56 404 945 720 857 399 369 795 522 466 309 920 682 885 733 356 581 844 161 375 112 901 712 8 128 885 298 11 87 871 457 598 205 400 42 782 600 806 748 312 9 670 443 91 662 665 165 779 44 501 303 795 123 725 721 991 248 575 611 359 97 626 122 391 492 72 132 864 119 224 771 962 36 765 167 396 781 421 686 507 221 881 20 165 910 730 714 394 461 429 795 899 935 713 239 759 292 61 552 577 18 548 936 157 884 23 78 116 183 135 339 992 728 539 491 379 533 702 108 339 827 69 282 430 408 905 745 297 320 781 237 843 669 671 584 587 471 663 49 246 558 543 230 744 548 149 438 49 741 850 75 136 697 722 162 388 842 868 800 407 254 97 644 265 72 115 764 600 970 346 489 296 606 325 577 414 781 784 170 914 200 710 309 708 611 223 581 698 586 471 702 782 585 622 632 623 585 10 338 852 602 58 456 685 651 77 742 191 780 714 675 968 445 552 897 360 623 588 836 998 349 964 474 509 647 932 5 904 975 81 266 419 517 237 541 462 441 144 955 406 243 348 710 675 754 91 70 418 124 841 273 541 400 751 145 438 352 898 626 214 539 73 552 988 370 19 990 7 651 890 837 597 645 356 395 275 703 554 310 632 678 459 379 188 262 924 618 756 592 923 238 520 530 494 21 966 495 467 592 119 867 775 997 273 80 871 199 959 692 665 765 75 44 687 75 83 306 37 945 490 548 100 5 307 336 851 524 920 631 993 600 50 559 290 551 693 565 330 384 46 162 958 710 787 848 375 871 786 
924 610 962 896 725 838 544 984 718 431 577 876 500 711 420 744 957 878 897 423 51 536 604 941 683 858 856 373 877 791 372 604 216 884 596 668 234 354 959 659 119 582 287 987 944 737 25 810 847 654 629 83 0 431 322 587 712 563 802 782 694 121 701 648 521 530 553 667 520 431 159 859 486 973 271 958 231 769 818 806 157 252 212 276 308 339 203 608 543 43 95 251 810 75 864 40 434 754 892 944 982 233 134 106 422 819 890 81 876 476 109 995 663 574 425 406 504 931 945 855 491 293 279 464 165 767 492 636 942 970 612 323 514 339 878 45 572 956 148 379 732 735 670 707 783 959 545 134 844 399 851 630 151 42 679 67 358 914 597 345 426 321 896 458 693 78 851 215 740 922 302 704 261 948 174 255 927 811 13 774 844 92 84 106 602 167 383 402 605 898 898 958 462 906 228 124 671 605 907 729 585 148 726 126 151 548 95 711 197 83 399 875 533 18 952 647 892 606 530 706 156 715 887 796 957 240 809 816 655 175 628 86 429 806 466 47 749 90 706 184 513 14 893 214 732 778 613 547 493 792 597 4 673 416 74 458 954 999 417 536 621 474 108 748 555 263 620 235 750 490 33 23 386 487 752 827 647 272 147 117 716 21 154 163 466 566 668 957 526 565 875 528 217 953 83 543 389 892 792 759 373 164 843 965 182 210 293 612 64 933 744 503 643 161 829 874 371 693 241 110 261 249 527 269 601 587 172 901 344 282 796 453 95 273 42 603 869 326 711 422 329 798 236 247 531 211 631 971 901 467 535 90 195 702 437 508 414 934 95 693 380 501 929 124 722 541 588 833 688 801 799 224 935 86 44 55 841 158 99 60 955 731 64 289 927 393 387 178 238 922 874 119 142 957 624 790 19 436 87 536 37 585 33 324 836 533 862 778 811 843 688 462 664 901 555 357 236 749 211 839 881 660 697 937 615 759 235 752 603 861 798 376 240 344 900 168 307 734 811 628 811 588 937 789 121 19 428 554 110 497 28 778 245 814 694 398 201 160 521 455 658 896 248 263 623 601 190 14 991 845 225 779 194 215 494 278 444 918 493 187 738 915 284 316 598 264 155 893 921 735 861 956 904 219 670 573 547 479 294 228 
891 285 156 217 477 640 322 935 78 819 883 1 850 972 615 321 750 131 190 95 383 392 313 256 633 376 974 644 323 302 681 692 638 80 227 685 604 396 88 824 500 143 121 927 651 351 644 358 125 899 422 922 400 192 329 49 270 411 13 903 895 476 203 726 269 961 611 572 308 331 915 87 217 878 29 911 48 462 743 344 361 459 340 396 279 204 384 0 784 640 625 162 137 811 427 667 668 41 354 338 169 636 70 735 502 893 591 854 799 408 955 867 164 452 42 127 992 383 784 526 554 526 622 524 994 896 114 119 83 804 40 384 867 736 846 255 300 199 432 980 952 832 744 230 131 887 793 80 899 567 882 257 21 408 166 14 813 132 352 157 217 529 727 471 358 785 427 721 890 516 338 375 171 277 731 848 337 903 817 683 673 53 292 50 177 391 571 50 889 224 671 259 195 204 605 747 897 20 104 73 428 896 507 819 917 427 75 869 814 641 730 464 345 464 263 689 809 95 334 781 243 630 428 192 198 800 490 994 660 244 831 883 968 104 980 101 24 973 401 990 271 527 207 482 673 893 728 243 329 946 576 102 818 189 295 573 666 675 887 10 888 166 343 599 987 294 713 908 902 45 797 458 473 896 405 302 933 66 94 609 140 902 97 875 596 271 83 965 308 177 891 774 386 312 306 684 936 534 796 796 89 482 533 532 917 866 56 189 963 324 232 835 615 723 825 646 416 950 822 617 72 220 925 336 342 251 744 259 791 210 871 331 98 748 834 161 117 235 247 288 223 335 749 282 507 398 25 500 988 810 104 963 101 45 687 924 536 880 365 481 424 225 660 263 87 450 1 475 716 266 358 892 22 853 791 301 247 473 806 89 233 226 379 331 669 818 978 297 606 554 562 519 466 58 678 576 838 336 364 815 580 479 634 216 4 74 350 283 40 914 609 299 284 304 984 206 851 89 93 193 599 703 337 798 132 327 12 128 689 868 574 130 576 650 296 884 124 63 207 213 248 218 152 601 981 721 944 479 720 351 453 785 105 419 332 548 161 849 800 426 824 448 371 599 493 812 683 250 748 963 791 471 208 447 523 587 347 365 462 88 736 436 820 886 448 236 803 358 655 964 441 624 336 600 790 422 838 388 134 624 
821 375 300 199 505 980 452 546 295 986 369 120 815 819 967 617 280 397 18 772 14 43 967 126 597 488 433 15 200 373 641 335 479 487 266 909 50 812 862 561 366 263 605 637 242 31 494 506 412 752 560 557 852 719 594 320 118 128 46 205 427 537 18 524 954 93 860 594 452 764 534 185 895 715 970 103 829 640 982 527 298 758 988 994 975 786 888 549 863 96 205 620 765 147 921 72 562 731 974 25 9 764 91 580 745 143 88 315 848 567 963 583 657 97 596 620 444 415 987 283 234 101 559 139 468 127 103 273 821 33 567 620 915 261 808 33 612 791 65 223 521 255 849 63 583 270 837 801 792 30 470 847 74 916 147 813 407 875 453 420 38 932 928 623 730 700 962 103 593 251 566 33 104 346 725 551 639 88 727 17 671 549 95 336 788 61 435 317 655 704 221 347 536 246 308 968 151 493 637 700 837 651 737 562 579 161 688 573 673 769 270 822 964 348 518 397 130 325 661 923 127 366 898 628 501 60 808 197 700 557 300 270 268 231 385 143 0 886 620 105 251 33 665 717 551 623 232 963 819 751 434 676 485 414 38 141 816 41 530 629 0 638 40 254 752 725 606 426 62 33 108 538 618 757 459 988 344 277 485 396 226 95 673 920 133 687 661 23 310 655 366 22 407 355 427 955 65 611 669 788 568 616 153 987 249 376 169 517 299 829 86 596 628 670 736 327 392 463 570 769 17 778 410 112 731 778 82 627 756 705 791 592 584 599 710 369 607 372 381 508 300 614 87 351 613 206 246 710 751 634 39 994 179 843 580 380 80 122 839 268 136 909 336 571 227 918 537 71 627 354 808 292 933 385 768 951 455 998 180 194 356 946 698 420 471 785 348 995 839 955 802 749 506 702 939 858 398 811 267 255 591 888 792 430 105 924 646 520 475 111 629 303 505 565 72 214 253 973 888 999 30 793 988 109 32 436 721 681 611 416 816 631 657 396 500 449 620 746 593 407 593 756 997 621 33 442 827 906 481 159 857 956 400 548 216 248 58 689 486 726 885 898 983 218 267 751 563 373 237 982 506 8 257 611 67 352 215 106 434 634 685 382 73 623 548 528 918 495 720 721 965 250 191 358 425 708 641 100 125 9 
9 277 838 26 305 315 697 20 806 48 900 733 754 270 750 862 717 190 768 988 515 987 186 224 929 79 584 168 350 419 652 388 11 754 677 831 310 65 108 297 385 512 450 305 704 319 827 102 628 613 146 197 300 804 720 477 321 110 410 932 74 840 925 688 824 888 842 415 127 120 178 170 980 326 547 959 345 503 377 534 730 32 973 224 863 857 409 451 920 223 798 941 909 881 242 135 501 613 870 181 7 224 173 805 49 620 80 168 2 217 670 590 807 889 221 599 845 249 146 963 764 981 623 273 113 775 298 155 546 97 741 761 499 475 680 54 510 29 490 976 82 712 313 532 391 528 474 555 1000 627 506 17 70 806 425 972 157 734 938 411 546 451 488 722 899 757 982 484 15 202 524 409 633 593 573 501 150 230 103 288 522 59 549 63 140 333 219 785 363 847 786 656 406 77 483 156 211 333 381 106 58 902 951 837 493 595 709 608 785 625 564 646 730 411 588 882 488 713 279 210 122 359 101 620 808 198 209 591 556 850 709 428 293 984 516 953 749 584 580 508 555 46 810 157 351 499 36 270 561 795 933 996 561 991 815 975 703 214 659 925 495 414 89 249 475 705 425 522 536 584 714 842 883 379 261 255 779 123 522 613 186 890 787 21 460 717 826 300 272 385 864 839 456 848 893 294 194 728 915 817 536 968 104 955 931 550 605 56 579 325 302 497 312 758 657 336 891 941 410 784 949 640 98 957 611 11 639 841 449 393 113 502 932 661 568 323 316 138 179 580 452 364 705 301 792 567 337 138 508 900 779 723 945 147 4 232 574 78 764 796 257 960 546 385 954 64 851 290 5 229 739 816 382 612 121 271 707 597 119 889 821 605 119 517 310 723 920 197 936 738 599 972 341 668 898 517 488 76 968 640 480 555 327 77 381 819 686 842 589 764 847 257 143 67 24 377 230 796 455 767 73 600 435 676 894 635 78 163 306 488 544 494 732 553 193 561 842 805 970 642 964 271 609 127 195 602 284 959 785 873 277 999 375 860 534 672 282 965 270 714 360 223 376 151 110 201 275 802 820 409 456 566 388 357 346 455 688 929 986 843 428 784 308 288 775 650 662 965 965 321 989 524 455 541 539 656 392 883 304 293 
672 705 765 325 646 213 559 957 785 878 495 710 765 604 422 110 906 415 438 663 66 513 452 120 396 504 893 640 581 815 9 797 780 459 905 23 420 246 269 354 714 395 589 91 663 76 59 761 554 442 853 440 920 226 725 812 105 698 88 869 80 793 181 559 680 167 535 758 956 200 851 530 583 211 191 809 358 139 46 786 728 843 477 697 186 211 78 562 563 349 263 976 615 848 402 16 974 67 420 45 819 130 777 562 639 190 41 366 264 888 507 210 133 356 104 920 100 767 908 724 829 92 793 784 791 582 762 544 288 82 320 65 269 132 875 192 714 183 291 943 10 319 611 141 340 187 450 372 279 904 477 530 793 620 403 226 877 307 157 500 376 275 389 165 642 80 25 59 773 169 813 357 322 965 523 133 814 520 793 431 392 267 283 639 278 128 977 424 129 632 712 356 959 763 793 875 273 207 891 715 698 223 672 110 254 992 910 248 702 810 24 946 370 589 598 348 337 608 81 128 57 162 591 12 95 936 984 250 763 433 964 826 487 473 946 184 488 568 308 927 393 661 297 920 444 917 800 945 598 757 590 433 817 163 721 206 398 655 581 20 262 566 538 691 665 606 995 597 59 912 333 594 834 711 598 784 67 294 527 721 598 716 444 37 431 228 263 641 763 360 305 870 874 113 257 730 42 139 209 779 859 159 236 32 686 238 895 164 416 216 157 794 361 370 30 704 442 41 319 534 36 570 876 75 507 319 632 557 936 428 407 925 878 180 768 573 96 979 284 302 801 36 192 135 488 314 648 789 383 981 418 857 221 510 32 275 704 250 327 496 968 744 528 87 353 126 806 383 151 195 754 975 330 994 988 650 286 963 657 385 276 178 69 900 667 808 271 635 965 434 997 95 848 562 349 155 619 712 72 780 67 975 538 488 325 521 611 694 743 405 552 347 380 455 449 143 156 115 77 46 315 692 437 81 841 522 785 572 831 336 545 820 460 824 102 160 56 327 271 760 62 635 62 292 661 650 841 570 722 792 856 162 367 247 796 361 104 889 874 968 629 976 580 426 360 117 155 82 718 125 701 303 120 176 623 144 769 705 941 184 589 595 102 68 344 521 804 886 626 307 44 752 907 980 950 849 212 488 133 159 
667 535 35 881 796 998 619 981 345 774 855 786 589 192 544 794 952 685 438 649 464 927 393 245 152 599 831 175 387 433 929 13 421 262 773 636 824 669 216 826 394 450 625 312 542 854 235 192 870 903 530 715 183 7 592 249 505 46 960 607 789 24 204 696 525 799 670 402 683 484 80 397 33 858 586 808 875 93 146 169 502 350 673 291 897 209 482 766 481 462 872 30 995 177 759 566 631 249 564 971 192 254 201 196 939 555 180 983 767 63 721 129 480 524 657 489 220 777 181 163 661 600 298 508 822 904 835 749 507 902 952 792 359 730 402 210 261 508 54 766 113 330 142 13 469 586 138 84 1000 94 517 553 934 664 632 474 152 266 779 492 235 112 286 817 496 1000 519 679 916 580 402 762 263 830 256 697 647 506 850 492 741 511 557 101 842 624 373 502 47 909 546 852 42 592 218 610 319 379 83 650 192 53 576 853 755 301 670 976 607 431 389 256 348 91 441 823 757 731 590 316 28 661 44 230 810 298 178 138 274 886 241 988 383 653 22 509 497 366 269 539 142 718 348 698 976 441 161 744 421 571 328 977 745 956 737 711 558 924 465 124 817 549 348 484 650 969 880 772 302 432 22 10 494 410 592 52 737 90 480 398 505 179 856 449 122 748 645 966 678 341 470 131 675 483 609 568 635 126 213 912 838 165 29 902 462 8 230 361 953 996 398 912 108 725 614 913 640 995 360 757 467 232 765 314 74 192 376 230 182 313 408 917 845 570 122 476 143 817 698 305 912 939 62 173 476 265 892 441 311 111 841 241 338 989 200 326 537 265 290 362 909 757 604 7 342 409 162 725 494 962 250 340 157 346 892 760 1000 955 415 650 148 389 605 701 700 321 386 534 837 281 990 438 977 52 455 935 133 871 819 319 778 886 875 699 378 371 651 209 818 860 646 202 933 749 503 608 886 55 941 26 102 877 495 400 697 732 833 615 896 887 478 266 621 717 786 43 504 583 780 647 568 862 141 590 322 157 686 26 733 799 293 662 190 270 715 235 344 58 857 869 177 568 850 504 696 523 930 913 892 258 133 798 506 632 786 58 392 155 325 295 759 53 878 247 859 547 135 437 340 758 165 304 415 567 671 730 684 650 56 655 
71 705 329 987 376 484 321 959 698 519 662 682 501 323 100 751 802 12 764 71 740 410 28 877 43 990 290 290 69 287 862 717 490 799 131 476 855 944 720 332 640 11 744 567 690 126 293 105 961 78 108 294 202 27 43 553 409 323 82 254 652 866 819 528 587 116 352 341 568 138 948 911 317 167 877 308 472 658 541 131 375 976 708 538 855 358 239 664 177 735 884 448 116 594 694 854 286 701 632 173 91 257 655 391 918 533 264 965 516 474 893 31 100 932 969 46 280 547 712 389 18 802 877 657 714 105 738 707 937 516 656 305 874 873 142 619 384 526 557 415 892 313 220 89 735 762 54 84 995 311 365 696 276 135 282 659 78 651 930 729 377 621 141 353 934 323 644 86 591 322 911 454 246 343 548 834 92 513 254 405 861 195 705 355 465 453 934 76 724 805 702 821 566 37 45 448 713 894 441 239 632 156 960 115 616 255 157 943 81 953 201 901 232 815 760 859 482 751 264 559 678 155 419 340 592 965 749 457 631 167 119 187 279 221 87 555 272 891 620 192 421 742 313 478 194 893 780 34 323 237 402 317 323 10 630 779 174 85 417 657 326 484 131 201 396 467 619 832 539 158 961 386 59 746 231 298 267 208 305 930 205 705 518 662 975 538 594 742 330 331 465 616 942 683 876 412 714 69 326 932 113 223 293 949 496 435 101 392 816 161 783 805 337 756 138 253 820 455 181 881 992 58 403 830 666 756 560 525 766 146 250 566 795 472 7 916 269 54 66 757 760 405 600 401 705 864 823 582 762 580 153 53 798 259 301 594 919 883 836 759 819 57 582 664 430 449 841 261 779 309 20 995 444 263 135 989 685 872 389 136 308 779 862 531 307 296 655 954 602 974 372 107 818 604 461 375 143 926 732 509 955 962 410 770 163 969 206 699 630 566 122 203 479 444 241 618 945 541 840 801 947 74 350 686 220 604 866 835 161 706 114 273 272 723 85 0 511 269 46 963 364 898 526 435 144 778 296 646 805 249 829 81 631 440 19 174 49 160 377 152 876 712 763 438 266 128 465 651 685 442 136 645 658 279 677 98 239 639 776 233 21 707 533 462 732 679 825 518 399 945 460 108 417 660 108 166 2 790 383 954 
923 295 605 595 246 455 947 972 73 55 571 845 536 619 17 714 616 871 484 628 591 306 91 355 553 620 935 889 238 317 928 325 171 998 642 625 733 303 244 87 193 958 748 101 815 507 272 210 380 339 901 261 611 402 695 279 711 469 682 757 646 392 737 957 68 232 538 117 519 415 495 624 242 695 514 360 292 595 789 961 244 36 852 497 66 909 66 208 750 627 426 275 525 262 859 338 887 886 333 899 724 816 478 996 241 695 21 865 361 554 407 485 350 723 248 932 526 575 311 835 143 478 685 208 861 440 443 355 241 906 918 446 411 796 411 863 763 214 388 60 532 814 418 741 307 996 381 929 459 198 831 792 643 486 296 365 275 653 13 340 213 352 168 181 52 613 558 535 361 301 385 485 842 896 17 676 868 752 408 81 768 839 5 582 618 750 865 212 286 402 655 21 828 84 169 209 695 96 568 361 384 195 875 401 256 909 420 895 972 524 633 424 582 476 444 84 570 955 504 906 449 460 815 512 736 173 77 862 674 454 563 966 998 949 72 729 234 550 628 901 703 10 388 467 694 186 368 896 385 871 982 596 222 181 418 654 745 397 543 583 801 521 464 528 68 706 753 803 889 639 669 521 919 520 387 359 445 720 39 620 78 530 889 221 844 265 468 834 548 787 230 796 930 757 825 395 646 254 994 987 254 72 171 262 875 85 539 834 499 824 241 473 867 401 752 142 989 176 458 11 823 667 817 21 38 664 596 715 982 71 10 462 989 705 866 6 522 3 773 65 721 600 80 426 36 831 631 559 598 916 626 494 943 885 357 832 182 325 80 69 33 283 479 64 568 330 371 163 126 873 375 234 713 965 648 536 996 974 622 737 59 807 317 123 419 99 96 631 449 288 511 494 417 268 617 160 939 533 543 363 212 924 162 527 581 43 782 433 141 888 781 211 887 313 588 577 577 814 986 518 0 434 373 445 738 895 20 121 733 287 802 770 916 428 798 582 29 920 909 191 514 593 562 75 887 689 757 325 447 194 726 554 248 474 451 274 871 860 716 232 577 673 801 612 581 365 717 784 744 825 482 487 973 978 75 590 261 92 782 978 245 389 771 158 517 354 807 729 147 264 154 192 42 424 355 540 835 556 744 873 
547 469 512 484 198 759 146 914 635 951 521 377 654 298 927 119 767 66 885 286 949 373 997 377 628 879 925 554 443 36 206 598 901 723 491 400 970 306 701 769 889 281 173 287 30 884 356 584 453 223 52 908 974 755 359 295 778 801 822 210 596 923 844 159 228 531 261 159 436 403 554 211 432 699 874 61 255 628 861 396 821 282 192 782 126 757 386 455 639 736 609 13 110 302 963 380 293 794 471 423 739 179 528 357 294 940 51 841 820 871 987 171 955 800 415 185 761 69 976 581 458 522 489 784 359 705 811 451 276 434 109 125 830 465 800 965 819 195 373 252 78 248 141 766 379 127 443 639 964 647 407 11 469 725 429 13 672 450 861 791 819 460 857 257 7 29 524 715 837 860 258 238 686 594 184 868 403 327 447 129 322 177 544 556 812 212 373 52 441 419 107 135 34 605 319 606 446 726 670 419 774 934 532 301 42 164 279 820 700 40 317 687 217 751 966 270 42 665 366 325 153 239 241 695 752 628 102 236 240 531 511 593 77 547 231 991 963 31 969 190 993 158 814 852 405 254 212 857 124 463 520 802 632 620 481 294 17 642 485 939 217 422 722 488 99 808 537 515 669 358 939 147 781 440 843 24 774 395 512 275 682 316 351 52 868 493 413 336 634 173 20 582 153 678 575 196 715 612 184 555 590 754 936 468 602 273 899 93 452 793 652 534 901 17 0 469 527 666 552 448 558 535 872 125 1 349 452 300 348 86 579 609 551 911 678 562 210 839 428 744 320 722 642 440 131 208 793 13 155 194 910 426 965 843 801 909 356 608 205 700 566 503 567 998 519 134 205 750 110 180 954 872 846 581 230 444 631 158 698 179 185 43 274 751 415 422 102 858 773 181 666 588 865 278 360 558 870 628 910 738 820 356 200 137 889 784 421 757 897 244 811 353 815 914 600 654 433 831 938 893 278 315 698 978 16 112 591 553 510 674 364 634 69 998 51 670 851 964 818 676 420 592 720 310 424 799 164 526 49 598 863 145 639 197 145 249 651 416 956 853 975 986 517 668 488 292 936 76 921 652 483 354 607 208 660 98 919 849 940 169 514 746 918 585 248 389 834 176 377 363 261 381 559 807 689 150 79 154 933 967 
458 517 235 101 982 728 124 239 327 204 277 223 666 205 408 239 570 310 945 55 575 930 132 189 830 351 477 301 74 127 299 148 271 664 741 575 803 301 468 15 955 927 825 576 631 831 247 522 56 430 27 960 988 300 619 560 119 98 925 46 511 667 675 118 47 603 660 616 505 681 23 722 786 175 347 965 598 493 317 674 109 246 209 109 279 13 305 966 340 182 556 455 104 561 279 599 808 730 34 37 177 788 548 772 564 410 96 719 472 298 462 11 513 457 897 463 747 650 159 133 127 947 234 610 546 846 222 354 928 263 958 958 448 82 378 973 804 909 21 57 763 487 423 229 936 377 948 115 518 91 96 617 418 495 660 7 104 645 342 473 723 376 715 544 583 634 800 313 314 201 631 881 147 36 126 531 483 72 79 635 297 34 483 924 179 334 810 223 361 265 374 193 568 201 590 397 762 782 471 977 503 147 981 152 108 217 634 67 0 322 277 155 458 755 368 324 209 558 968 838 518 128 604 9 227 351 507 147 680 357 825 141 681 622 645 570 920 929 409 732 308 878 154 354 155 526 436 578 520 305 146 548 621 321 3 352 685 878 119 617 551 129 336 378 361 685 652 254 739 165 128 495 750 436 69 999 1000 669 553 93 590 541 999 293 995 762 419 335 712 557 658 89 358 530 129 766 567 409 473 205 932 501 628 532 806 937 786 498 619 288 962 934 400 789 877 810 236 875 29 450 927 632 180 888 731 857 394 91 730 136 573 66 36 681 352 315 185 264 831 9 529 959 871 165 291 544 475 138 688 408 406 94 876 619 402 91 858 412 934 121 562 223 488 877 210 842 100 89 834 517 2 282 185 302 990 85 271 214 815 439 148 629 193 996 361 144 736 179 353 610 595 460 84 818 512 140 678 942 154 218 405 671 572 981 60 1000 812 857 485 931 965 12 207 23 899 778 838 678 141 831 769 942 679 655 267 237 372 929 635 487 822 373 855 147 16 738 100 333 11 614 873 781 553 47 986 733 143 174 701 701 568 54 854 341 689 768 382 661 956 746 146 389 775 84 643 344 843 530 272 255 563 212 359 406 340 591 824 955 642 99 662 145 831 495 345 951 591 444 330 716 612 612 691 246 705 578 876 884 971 840 
410 235 828 172 941 348 314 25 907 263 504 522 402 464 996 60 392 367 86 211 5 570 773 590 843 742 135 864 802 544 165 359 505 556 871 201 902 272 804 727 764 896 158 742 57 685 401 223 937 281 708 347 205 402 794 914 871 813 273 348 556 379 504 636 174 918 938 548 786 727 268 846 473 678 223 685 135 671 452 329 785 509 686 607 353 419 11 834 729 972 35 357 983 812 607 805 212 786 0 584 822 925 906 523 725 736 143 951 564 710 441 128 426 600 133 27 985 842 168 891 940 432 572 406 594 112 870 842 322 14 820 637 137 830 630 56 108 530 302 284 389 81 142 308 881 79 834 86 551 636 662 529 765 545 892 725 603 150 262 868 588 691 749 351 772 723 361 106 476 277 105 619 328 952 509 782 864 229 495 521 700 369 86 491 952 201 829 745 828 851 176 300 865 268 364 533 966 970 138 775 68 693 134 262 978 825 773 440 767 979 869 336 721 323 40 692 535 362 592 539 796 44 214 262 806 728 812 531 516 365 150 335 967 157 694 450 972 960 859 976 444 678 249 17 380 216 464 956 33 620 547 246 975 439 733 42 675 968 492 8 748 139 682 22 604 371 906 605 739 498 739 612 624 718 190 523 248 731 549 875 180 865 107 128 145 101 805 791 279 878 481 554 70 221 420 824 51 618 357 267 449 198 287 41 261 232 307 878 61 760 495 565 104 241 15 961 875 403 381 38 629 760 38 472 98 202 736 57 765 684 782 252 731 911 47 563 229 849 375 276 527 391 169 948 371 843 660 239 502 978 787 805 974 223 674 567 513 668 502 225 560 941 831 311 857 583 545 346 756 945 267 975 119 974 689 602 520 84 755 456 184 287 375 460 472 697 675 336 970 489 183 396 708 198 894 717 267 683 906 812 989 809 923 408 430 87 894 956 694 586 862 658 285 965 353 216 70 535 974 796 526 984 889 729 860 375 478 360 799 74 168 199 213 932 20 614 982 177 898 890 189 41 120 802 463 472 277 264 664 515 919 113 972 265 415 873 158 429 61 130 697 123 365 215 940 655 470 664 832 630 113 438 358 348 846 473 197 262 813 734 629 568 795 293 262 823 418 994 761 409 509 180 523 83 808 269 127 512 11 469 
110 951 278 69 949 814 31 110 764 671 160 950 314 316 406 408 127 647 886 421 550 690 841 42 969 741 638 471 867 805 421 153 880 901 617 597 698 759 82 527 53 344 555 283 443 940 255 900 367 163 308 496 886 209 598 548 386 930 795 922 381 461 510 861 654 480 602 690 560 167 613 339 820 977 753 701 290 719 902 840 87 298 494 898 90 955 274 865 161 184 718 291 581 195 302 402 962 730 519 10 793 924 248 42 813 792 374 553 436 91 312 666 217 365 840 314 15 168 88 228 291 162 464 410 815 652 296 129 449 250 281 879 801 308 442 681 291 205 213 7 552 30 900 289 788 112 769 260 173 484 308 119 970 193 252 703 775 631 846 382 410 433 66 558 870 108 303 738 171 573 254 313 949 291 221 278 955 40 235 915 102 381 798 994 720 260 330 528 466 542 114 841 41 437 557 293 723 628 81 131 422 332 718 445 929 23 108 981 216 99 761 955 591 168 982 539 46 157 604 834 39 943 359 502 436 823 11 158 549 667 848 436 378 558 404 774 55 845 681 963 251 760 1000 605 480 454 247 804 284 697 60 355 473 795 801 370 842 643 370 792 808 438 146 918 115 521 680 23 322 955 447 269 145 666 855 412 19 878 990 780 40 619 969 376 1 94 865 389 998 828 952 149 287 363 635 316 228 477 392 567 9 548 67 927 792 750 984 594 395 594 636 697 649 589 148 472 713 860 254 109 284 313 32 247 986 53 826 879 282 988 894 711 807 349 585 940 698 60 361 523 475 581 194 430 638 747 925 719 560 620 751 168 227 185 170 432 308 248 368 658 142 68 529 123 497 472 917 965 865 72 841 91 860 852 39 429 590 269 517 766 385 372 638 861 634 883 673 58 86 84 760 10 406 5 203 324 336 578 731 780 358 953 324 908 166 678 563 94 98 553 319 116 384 741 837 900 106 578 890 802 458 567 756 248 165 7 656 923 162 228 199 511 733 186 987 516 436 353 335 926 737 78 801 51 468 612 371 304 326 21 669 183 951 844 684 982 128 434 137 202 649 71 936 721 582 141 369 883 502 405 656 1 997 849 614 749 791 374 992 653 371 912 348 242 162 114 542 990 767 225 713 441 94 311 885 380 698 878 547 987 
867 32 955 849 722 800 101 908 158 729 660 115 701 332 321 113 956 310 781 754 7 829 666 526 564 433 540 189 930 219 510 64 562 758 868 810 352 774 799 473 583 139 957 304 205 230 619 227 259 508 307 901 755 52 219 793 443 117 526 735 91 416 259 179 583 275 33 121 410 852 545 218 852 671 243 510 168 950 69 779 744 183 568 694 844 682 665 426 176 16 118 417 718 120 764 598 285 45 21 84 91 360 360 636 435 240 739 782 251 246 85 546 668 588 209 367 803 286 343 181 165 600 955 421 95 784 268 176 912 523 748 268 119 569 676 886 425 710 183 783 555 809 369 560 125 884 99 929 980 859 990 990 434 149 842 872 745 198 95 8 298 616 443 891 237 119 521 442 74 506 352 13 390 54 618 409 324 169 888 161 805 752 579 295 529 952 817 743 909 598 235 148 766 613 845 693 253 437 690 691 344 419 643 570 651 882 996 124 199 106 0 825 870 880 429 703 418 356 345 595 852 868 98 697 816 240 443 1000 1 215 346 291 808 988 280 923 331 318 307 675 15 123 352 515 754 934 487 320 93 892 255 305 587 208 589 639 85 578 635 341 726 423 475 956 395 758 636 63 5 656 680 104 153 325 78 319 606 833 368 961 520 39 282 382 764 564 375 509 763 429 111 110 442 510 238 538 372 761 784 28 680 828 994 975 96 63 998 439 234 863 68 644 731 160 290 369 3 990 494 582 453 345 323 985 312 460 943 240 552 424 999 745 942 92 542 133 511 553 695 628 851 18 710 853 119 878 688 29 886 621 77 964 944 957 98 177 776 707 157 746 160 248 263 686 212 360 404 784 266 987 20 45 85 549 252 982 838 57 176 163 345 307 59 348 208 663 716 232 50 557 13 74 396 820 715 536 140 508 609 970 554 353 114 663 800 302 430 642 699 583 997 356 719 46 968 143 936 221 131 381 682 784 52 796 651 275 596 442 287 515 327 219 62 867 78 467 294 228 895 474 485 478 272 784 820 918 78 352 262 233 394 146 220 206 212 564 678 815 412 398 587 298 347 773 675 15 630 569 90 939 37 795 165 646 170 218 811 409 834 726 29 903 150 61 552 950 145 72 155 582 648 82 825 470 24 219 211 386 426 742 
641 907 648 768 304 700 991 144 181 566 887 843 360 538 452 721 592 801 620 784 525 835 819 738 657 585 566 451 93 474 9 784 38 438 592 319 801 909 714 378 881 732 394 261 890 394 819 499 676 53 560 941 931 227 53 886 420 679 409 313 409 352 363 409 434 56 607 953 706 357 676 549 884 652 113 778 497 824 636 418 533 457 791 461 331 91 868 495 187 724 823 568 599 648 128 601 428 741 460 202 635 335 936 581 564 941 846 230 401 379 355 348 41 706 810 139 180 144 279 206 1000 550 854 700 992 657 946 70 36 206 78 373 299 536 603 510 674 845 166 925 867 500 457 199 640 445 999 176 282 60 428 73 343 306 954 130 269 229 210 847 530 586 330 614 724 254 912 289 883 995 694 74 173 891 413 217 488 160 408 493 689 724 350 725 620 980 122 871 260 7 571 621 429 197 233 584 170 420 761 836 417 7 266 585 599 528 613 13 542 230 754 661 972 768 747 329 584 887 317 375 907 48 646 476 210 612 169 25 232 8 32 754 801 25 856 784 322 627 825 275 225 570 405 503 97 544 453 849 86 956 934 325 629 711 535 936 547 379 464 713 65 887 864 344 862 8 413 844 701 908 356 619 270 900 309 491 399 450 227 84 916 363 221 252 836 6 990 382 459 172 445 193 467 736 923 686 307 937 318 81 479 481 616 602 532 360 359 328 939 573 661 284 426 784 762 531 800 794 423 202 365 653 335 757 927 690 109 334 405 858 656 876 263 50 734 797 439 927 121 264 86 224 677 77 910 189 552 541 250 867 341 912 668 721 576 329 960 293 407 861 598 81 84 121 71 332 522 489 626 578 158 217 403 852 129 119 500 74 492 764 701 61 266 174 719 596 423 11 333 122 775 342 278 748 854 243 250 428 317 732 63 595 199 21 567 464 690 621 909 233 869 333 186 268 815 234 555 992 547 877 160 879 698 896 503 969 961 957 427 729 943 666 437 380 647 900 981 14 365 506 431 402 799 730 174 845 969 353 303 447 687 571 866 477 506 396 633 859 896 973 154 843 82 349 475 466 472 879 43 656 12 530 49 709 76 192 139 965 400 357 199 388 113 499 903 606 907 639 787 433 584 514 706 385 503 102 13 704 274 333 
32 852 725 656 336 899 644 474 541 500 203 413 390 10 409 82 148 831 233 859 314 823 152 149 164 259 345 713 338 170 911 698 429 492 936 914 890 940 913 947 320 525 275 7 289 935 561 406 899 87 884 974 705 335 741 474 325 497 664 803 532 591 945 668 403 853 378 149 271 644 347 866 590 43 92 884 400 349 61 171 256 746 576 554 528 982 647 296 447 109 764 921 900 510 684 317 22 560 937 977 856 671 662 334 586 805 634 680 3 381 394 952 555 446 142 217 461 524 858 933 500 10 326 829 922 691 244 479 845 573 123 783 122 94 607 776 741 25 436 895 122 643 520 950 865 844 702 69 181 799 870 618 772 83 228 854 429 382 805 125 542 509 931 77 571 366 183 471 258 784 485 744 741 363 0 103 407 441 363 17 361 357 387 343 497 275 432 510 184 523 607 334 933 995 640 928 212 917 273 920 606 80 76 389 367 870 888 66 471 648 895 221 769 792 354 528 517 671 539 106 192 367 408 575 481 285 533 970 598 119 870 239 817 563 490 406 802 24 449 252 326 390 164 11 357 538 244 727 615 60 393 995 354 264 584 308 738 95 379 476 372 935 551 170 900 876 337 886 969 354 491 765 34 379 216 124 293 767 82 224 938 9 591 769 584 312 904 7 951 843 41 684 259 914 549 188 487 418 955 676 625 537 772 225 25 761 155 636 911 718 1000 495 672 666 296 626 626 951 445 69 506 415 920 898 396 282 132 106 719 697 592 277 206 675 292 18 238 308 110 717 215 661 396 67 235 999 902 671 678 620 61 265 169 251 681 187 307 114 451 899 128 152 39 35 215 327 987 976 870 697 544 779 368 892 97 956 921 903 970 718 283 421 760 256 72 579 373 110 207 315 487 906 59 30 35 999 958 818 981 624 59 739 342 354 975 432 491 222 682 830 735 225 757 650 118 383 514 570 350 676 762 621 812 30 152 386 64 64 136 250 40 109 131 81 976 788 988 255 110 488 509 101 622 656 73 62 755 476 259 932 172 492 838 202 430 233 203 729 936 737 982 129 920 733 272 38 130 800 641 36 646 431 877 326 584 527 348 805 174 944 752 750 673 78 464 823 692 39 143 191 129 655 66 147 862 313 407 978 246 901 
803 943 547 239 730 117 619 862 667 875 491 650 336 881 668 428 857 798 252 60 219 755 289 475 801 655 209 330 624 282 468 680 621 538 367 813 367 874 590 651 701 27 374 829 976 521 332 394 413 614 15 631 931 835 256 808 683 750 246 193 20 669 670 483 360 192 894 122 889 724 228 306 108 827 296 383 553 641 810 318 105 383 568 526 659 784 572 151 166 535 489 286 143 23 821 634 128 753 580 6 694 972 715 748 816 242 481 652 988 773 887 153 280 793 582 559 877 469 185 969 22 135 184 231 804 854 129 684 440 753 46 742 761 875 634 379 990 701 939 236 402 648 226 715 72 101 413 968 525 730 933 970 561 973 921 957 651 672 888 269 482 48 242 170 876 831 961 293 767 841 341 765 50 911 606 70 346 649 31 594 592 661 687 304 114 172 712 344 939 329 400 161 649 378 976 856 100 375 381 343 527 521 880 760 479 64 647 972 709 391 600 156 219 230 951 488 8 583 963 307 136 299 134 645 204 841 646 941 252 567 258 369 377 321 847 808 768 202 821 874 812 638 136 736 688 542 535 625 798 448 487 826 2 470 742 819 838 993 219 674 871 115 722 195 43 96 479 834 511 956 7 548 286 399 337 471 313 733 789 867 56 337 849 926 354 980 158 781 52 106 363 676 607 302 928 241 513 72 240 285 301 626 988 964 540 498 211 19 405 684 265 748 173 674 236 541 53 581 851 475 111 927 356 543 424 2 427 997 628 429 763 754 380 481 769 393 632 400 915 602 604 496 555 147 95 235 296 508 672 839 391 998 183 101 365 517 167 632 887 118 576 968 837 176 463 951 229 956 633 393 839 313 506 111 667 450 960 736 673 963 30 482 755 573 466 907 611 896 366 689 828 936 699 308 302 452 648 876 242 27 607 210 144 297 762 966 391 556 918 68 673 245 124 551 303 593 413 937 584 200 723 166 521 747 550 114 95 906 581 793 884 683 337 3 640 755 213 890 748 45 448 930 356 738 293 585 83 90 718 590 535 89 658 400 253 839 475 208 481 546 877 465 929 997 941 161 430 47 362 208 364 112 589 511 41 230 696 148 319 819 171 244 120 564 59 546 654 124 98 805 704 264 817 801 355 614 900 715 782 609 
197 186 263 417 58 865 806 346 919 381 136 223 146 585 784 668 397 180 926 998 808 474 657 817 306 561 330 571 687 118 836 710 85 606 0 887 799 255 427 190 61 446 253 455 838 131 956 426 203 147 819 34 728 91 546 301 947 462 848 841 831 978 876 577 176 15 241 621 340 304 311 241 241 461 334 900 741 370 951 793 266 520 343 749 703 524 57 228 153 377 456 755 101 840 390 172 182 217 814 572 959 626 312 818 430 929 674 996 805 593 426 429 951 82 566 333 348 96 53 244 760 28 719 395 843 49 316 744 712 498 111 183 302 625 510 753 247 468 433 457 491 226 643 708 856 836 590 905 576 623 587 410 801 113 279 882 497 372 111 813 251 562 586 633 254 669 373 79 863 566 923 194 620 947 825 439 925 788 911 213 492 696 496 904 25 90 760 914 483 232 596 652 808 405 597 751 188 819 104 169 443 889 164 973 302 980 720 740 708 368 786 722 727 666 6 419 744 64 122 143 437 110 376 371 583 446 704 898 441 594 502 340 676 803 737 27 874 575 624 18 707 895 945 565 899 816 780 394 74 824 917 804 970 796 705 10 262 634 626 480 813 43 493 469 440 863 487 928 609 487 73 157 700 994 239 750 726 758 296 499 104 463 215 564 791 821 139 713 826 229 807 329 619 735 307 833 464 525 352 411 415 403 897 341 671 174 29 386 509 992 459 967 704 669 246 491 191 269 705 179 783 15 244 971 584 650 282 617 554 532 490 83 857 209 907 184 988 88 737 479 474 857 645 793 493 609 210 679 742 683 361 554 617 500 572 412 683 810 844 257 674 154 14 46 166 435 506 756 838 570 51 217 894 952 538 180 824 685 403 444 197 677 799 505 49 500 531 829 756 958 94 186 91 438 819 818 702 271 242 870 711 663 117 664 95 529 414 723 777 81 21 163 65 193 735 981 325 766 984 560 264 458 724 650 349 197 366 504 977 260 119 434 865 307 62 283 355 377 115 276 552 581 744 279 258 718 835 933 646 331 191 728 136 37 671 525 849 62 456 553 394 608 798 357 329 24 192 744 918 338 820 416 113 675 347 450 116 846 629 982 488 164 23 111 260 590 446 506 830 984 213 479 672 609 898 136 499 124 502 766 
617 590 429 668 498 136 144 881 673 969 926 733 83 404 721 445 436 332 155 123 293 297 743 473 496 475 677 276 886 495 109 29 528 412 721 313 470 310 399 584 543 180 516 307 244 817 834 393 197 220 562 869 905 713 803 791 348 720 941 969 267 145 650 936 714 533 748 948 548 670 635 438 503 416 849 680 501 3 498 921 222 93 617 142 635 459 659 951 385 948 0 266 164 403 407 296 663 389 717 739 903 117 589 288 749 286 650 278 863 718 507 519 25 279 328 676 867 674 218 715 653 963 93 738 628 232 205 237 519 332 314 782 248 108 640 942 290 11 15 607 664 364 976 89 921 357 697 655 694 152 868 625 886 356 920 928 752 364 81 899 380 464 170 460 921 466 571 970 377 734 557 521 799 144 906 459 565 966 358 803 581 457 844 619 945 922 897 418 746 907 23 348 438 377 22 210 287 454 642 621 393 522 363 885 381 77 374 525 490 452 58 736 117 769 918 39 276 772 473 759 849 939 739 239 50 279 571 180 715 555 412 866 480 958 45 679 470 220 143 398 262 925 966 788 935 236 767 351 815 11 11 3 175 494 254 665 650 517 718 844 714 922 825 104 719 891 172 836 528 276 191 717 917 948 84 465 988 233 21 243 210 824 394 148 920 716 122 342 118 259 713 129 329 772 889 979 462 752 438 835 334 542 445 88 211 676 867 593 445 745 295 225 469 910 723 482 918 548 466 334 628 448 747 274 204 298 629 636 848 932 155 822 195 541 481 974 591 933 509 223 36 218 30 128 532 435 922 446 866 387 220 863 625 7 862 873 820 276 723 538 259 810 183 662 361 12 976 932 391 683 317 636 379 311 906 111 380 528 684 948 288 201 275 566 837 537 521 649 198 753 629 122 787 277 127 245 806 310 294 617 908 345 715 165 245 639 699 974 632 160 823 298 104 698 598 242 935 950 577 233 541 187 394 996 155 86 384 667 813 405 95 476 464 345 381 820 617 566 65 622 841 247 315 371 339 383 718 406 156 829 719 820 781 582 645 210 171 774 610 8 340 963 877 417 221 226 60 293 785 685 304 729 497 205 259 819 734 296 527 284 298 589 868 951 192 101 267 195 882 576 826 19 750 116 358 192 628 497 987 99 
331 487 394 297 844 166 399 681 476 577 47 371 411 608 694 106 666 677 78 624 971 607 526 759 878 541 707 508 824 840 673 907 687 862 681 581 446 50 443 873 313 439 275 931 569 977 324 307 556 645 816 112 288 649 647 38 228 703 706 93 171 838 797 498 635 199 507 838 591 988 325 519 846 916 128 740 281 758 584 514 769 275 857 449 843 69 284 327 130 653 115 34 767 536 635 228 198 541 610 696 873 920 322 44 787 766 348 868 753 624 602 113 122 233 370 67 553 950 432 334 521 921 599 207 809 724 835 140 633 213 694 73 121 447 421 527 394 833 387 93 397 546 472 815 108 274 394 734 782 664 983 458 949 690 378 79 548 460 621 566 230 982 859 270 669 458 222 861 995 353 313 424 98 219 727 419 759 901 18 384 89 241 36 680 237 141 139 643 736 627 937 890 278 344 258 740 107 383 820 467 501 507 239 941 475 403 819 505 680 532 996 730 262 388 290 229 459 154 181 899 497 778 983 720 146 413 895 662 557 871 6 891 389 106 218 774 690 613 238 141 507 145 168 396 462 146 530 225 906 15 923 84 224 426 728 282 653 441 746 818 129 744 391 302 550 548 675 359 980 244 421 907 969 591 645 138 69 916 637 751 876 981 592 775 1 717 429 219 19 267 960 741 521 972 156 690 526 396 853 835 721 75 239 913 121 347 506 804 210 903 828 220 487 72 84 319 829 96 453 710 431 560 427 181 504 891 680 212 500 43 921 356 867 124 868 511 82 818 579 918 988 988 397 466 471 185 592 818 28 988 371 175 92 397 118 146 310 541 165 702 371 717 438 43 655 520 489 3 674 754 403 850 288 495 932 3 864 460 23 261 508 314 871 801 451 378 338 858 744 783 322 711 835 973 261 625 8 34 148 0 662 206 751 866 367 646 502 657 80 389 26 637 22 637 483 861 801 688 156 31 601 370 883 221 365 193 721 823 861 857 850 902 826 929 35 261 78 289 979 640 696 818 842 72 628 35 82 945 966 255 317 794 412 603 800 540 489 149 247 593 260 829 319 253 132 626 129 446 504 951 703 222 100 422 713 848 997 296 116 327 376 811 912 894 428 616 264 15 626 137 599 869 116 117 251 960 426 507 824 477 
740 763 156 705 842 600 839 345 946 967 221 336 617 714 128 311 819 892 101 452 364 739 508 13 977 409 512 201 719 942 309 39 31 428 9 773 147 188 327 781 365 441 128 299 328 526 132 62 333 637 431 705 579 458 827 248 114 227 955 829 7 113 699 457 827 361 31 215 772 87 984 934 824 685 898 904 956 355 392 543 472 265 285 704 569 16 140 448 558 287 864 845 458 97 33 198 392 589 861 31 550 512 63 638 949 488 49 539 697 930 748 882 904 863 899 832 372 836 475 616 681 308 835 356 833 980 440 222 235 716 597 291 68 25 974 632 597 377 902 793 7 294 189 798 941 384 897 472 59 172 784 567 613 742 813 692 137 93 878 26 405 88 871 14 116 975 62 233 637 534 967 918 352 351 242 774 781 441 449 86 218 824 297 519 580 44 308 474 496 330 725 45 370 613 77 997 415 167 644 372 583 527 75 102 678 891 29 82 201 535 516 976 178 668 563 410 185 555 55 805 609 75 285 250 34 859 335 628 494 928 927 995 169 163 346 191 957 841 229 71 226 51 455 931 770 539 657 517 350 570 804 88 951 535 85 273 69 784 744 730 153 977 680 529 304 28 6 979 636 114 934 95 289 362 113 518 451 459 751 240 498 355 823 852 128 340 336 416 95 282 918 950 646 781 697 662 437 685 152 509 679 319 350 807 726 98 822 867 135 765 535 120 545 739 312 577 993 749 277 865 29 938 878 492 976 367 943 932 327 58 873 36 572 180 860 270 642 92 310 875 731 208 583 310 921 660 474 102 254 700 934 255 663 755 952 870 862 214 635 964 787 984 986 578 231 940 726 92 709 741 292 210 88 936 794 222 897 318 608 571 562 435 590 121 84 404 703 624 579 856 286 512 296 648 308 992 268 930 552 385 423 672 616 444 83 123 562 929 856 280 44 731 456 477 395 950 419 491 506 822 78 309 435 957 32 968 309 976 390 285 227 22 816 847 388 233 113 413 813 880 67 395 443 312 726 89 374 405 655 181 202 939 104 189 615 446 169 861 850 325 884 764 320 172 695 334 406 601 994 321 380 688 17 25 836 417 440 690 396 906 258 335 768 828 836 562 379 758 209 431 860 967 477 670 345 309 8 463 418 708 
795 666 484 663 460 411 922 544 653 656 231 914 304 845 181 240 160 991 507 585 428 665 450 851 166 584 6 157 315 824 783 210 34 405 535 975 934 767 958 198 602 620 713 258 388 559 819 418 908 943 884 653 815 394 921 29 694 22 914 460 54 100 30 317 686 406 144 509 577 540 940 387 401 151 529 534 303 52 679 439 366 477 947 374 67 373 446 641 898 761 643 182 459 755 406 855 20 331 426 570 594 313 554 81 184 720 864 292 898 511 54 717 183 214 998 353 240 874 423 57 979 462 175 994 480 370 128 92 207 100 955 163 70 363 64 654 979 105 271 145 736 33 906 22 460 952 450 119 10 891 221 367 79 909 308 44 541 982 271 741 258 910 221 487 611 67 328 335 531 72 177 740 337 179 195 287 309 722 523 643 225 378 968 323 462 468 29 960 793 1 709 313 749 437 641 970 452 177 540 880 643 871 513 658 214 757 437 0 228 77 791 192 237 404 392 641 768 32 917 419 486 492 725 705 772 328 534 6 596 181 606 356 983 756 98 80 162 602 246 513 607 373 779 558 556 856 354 484 317 873 760 437 355 165 3 95 187 912 23 529 59 314 333 222 899 14 710 992 770 653 739 964 617 560 89 180 367 782 645 658 189 994 89 502 847 279 297 281 49 464 424 750 822 887 14 699 652 788 191 655 668 93 461 473 377 747 969 969 675 236 31 981 455 397 727 979 643 280 863 289 95 924 848 100 85 724 840 780 671 567 819 925 461 925 161 533 247 904 830 688 218 721 502 152 506 990 377 319 149 904 702 541 333 712 769 749 999 275 386 194 653 652 46 163 855 420 859 72 942 829 889 114 404 960 940 61 939 418 271 446 166 588 501 759 86 86 899 104 450 537 414 795 622 28 425 555 621 888 117 913 608 184 340 746 219 638 81 193 319 979 697 526 21 8 117 791 591 257 949 389 675 353 347 310 143 783 510 209 670 467 159 620 497 302 166 41 107 855 994 170 522 487 981 843 240 802 310 215 680 951 993 496 583 169 62 807 961 433 412 201 319 1 493 24 590 124 9 556 617 163 635 575 245 74 805 78 742 259 919 70 702 476 327 513 347 292 379 4 934 487 989 606 346 474 599 684 293 668 38 338 
19 460 945 488 811 576 993 259 714 495 609 680 562 382 671 646 890 998 474 695 811 163 49 536 837 918 544 174 196 616 687 139 640 551 248 436 519 540 475 32 621 453 241 375 632 632 382 656 692 999 601 17 186 415 325 392 15 472 26 846 199 97 433 803 161 455 364 515 110 454 307 498 376 279 91 465 735 278 643 402 965 814 268 175 517 784 960 649 43 86 56 232 849 76 781 671 780 15 31 412 970 72 319 362 250 721 123 269 587 420 586 799 875 62 806 344 546 44 847 224 155 185 956 711 282 464 990 835 219 258 240 108 756 509 325 64 38 260 613 535 674 494 943 404 498 864 490 633 886 450 381 457 396 369 989 842 102 309 307 765 311 201 395 648 852 589 807 5 935 393 386 255 33 101 432 136 34 310 875 869 8 571 359 997 784 366 446 753 101 716 829 28 889 86 110 144 437 77 698 162 508 230 594 225 286 944 957 624 226 256 958 763 471 442 427 961 92 107 525 579 362 827 539 879 877 579 424 39 604 90 264 937 793 507 257 151 643 353 307 282 622 954 459 345 934 970 902 965 66 188 706 964 9 181 651 554 578 990 938 232 121 995 158 556 841 309 890 609 154 110 258 146 789 305 340 44 711 983 195 999 343 199 774 948 791 309 958 674 159 4 132 167 922 861 117 400 621 397 745 327 286 945 868 56 416 110 492 402 556 168 134 547 493 451 146 105 33 576 217 939 481 572 129 897 532 394 49 912 403 174 648 747 978 397 435 228 772 211 54 864 983 362 826 934 616 146 304 902 151 918 179 357 891 205 55 278 557 851 909 643 927 720 186 49 708 591 874 403 161 880 76 902 331 267 202 735 502 992 855 499 874 679 157 609 116 699 462 101 572 154 30 739 122 600 274 60 334 294 178 679 562 439 3 467 408 56 837 757 268 248 683 804 485 466 684 851 856 972 889 213 505 352 431 744 389 972 807 485 344 467 959 497 340 405 984 223 483 39 547 440 912 214 481 72 314 576 70 421 127 379 427 728 576 425 231 742 333 959 702 951 293 355 170 87 62 179 365 601 475 765 419 666 702 647 172 227 672 402 41 651 842 805 614 154 736 372 900 287 277 91 85 782 96 960 805 25 194 579 3 161 
602 828 220 954 13 425 889 982 400 349 652 992 694 762 562 592 804 292 178 381 424 49 891 72 481 139 516 854 600 178 766 877 112 759 574 569 903 251 849 383 528 214 518 669 80 855 502 56 944 387 713 306 344 175 459 579 240 680 584 658 230 301 252 994 713 341 61 649 280 745 478 484 472 295 978 968 984 28 918 845 845 428 802 352 186 566 293 498 430 490 747 493 593 778 172 354 131 906 284 788 87 912 562 260 10 108 915 875 123 841 898 39 938 457 621 266 172 204 64 535 298 374 879 463 346 528 219 720 690 871 289 282 777 107 530 516 760 319 284 484 654 71 832 877 21 61 550 348 566 604 36 51 624 672 402 994 738 727 390 132 974 296 992 581 924 743 639 898 369 265 860 766 430 218 991 216 143 194 663 209 823 443 520 48 746 170 865 409 108 496 860 109 885 0 5 205 155 469 609 808 543 816 488 424 135 83 673 199 354 484 61 106 550 106 997 66 459 240 153 242 856 243 939 387 915 541 686 929 622 722 632 964 550 882 796 976 534 777 697 197 260 58 953 771 743 752 359 712 643 66 886 863 61 714 473 496 825 473 0 986 38 773 534 689 217 221 743 559 363 572 205 580 741 467 48 347 101 700 353 275 601 794 193 666 241 968 924 118 159 21 512 602 231 767 494 773 403 970 546 724 111 641 188 534 194 342 649 433 699 429 458 171 251 605 550 760 770 305 790 71 158 533 462 377 873 716 916 182 444 793 348 76 133 992 339 666 146 918 160 205 622 719 693 606 920 250 826 957 80 930 674 710 208 977 749 954 847 7 670 865 475 438 318 622 209 979 784 59 143 485 490 202 155 550 600 121 445 5 423 123 627 755 689 266 866 474 50 76 560 528 122 379 111 94 187 630 984 887 473 674 443 671 833 175 527 285 514 532 895 405 53 53 761 634 911 418 20 380 58 828 902 482 161 142 153 969 762 938 556 591 349 756 698 398 176 778 9 735 41 505 419 353 451 393 987 152 220 650 868 298 395 22 704 178 775 643 584 181 329 515 41 752 111 765 277 253 316 559 751 270 298 879 714 137 353 839 424 284 27 23 667 452 307 853 108 76 124 113 565 4 658 701 414 432 382 118 775 614 419 507 
793 386 783 190 452 781 962 274 711 547 582 629 351 242 84 254 216 122 69 592 474 199 197 6 91 59 855 27 672 178 857 668 553 36 237 249 674 350 757 763 564 594 160 498 749 422 841 496 159 876 150 364 752 652 999 875 934 254 155 600 274 636 948 981 145 144 986 47 923 666 730 311 978 998 690 308 482 669 636 432 659 531 118 515 512 3 637 261 390 968 257 432 807 829 174 771 698 612 530 210 790 830 83 422 791 924 460 229 718 219 580 809 348 98 996 199 114 817 458 362 26 269 192 595 687 491 29 214 190 41 991 380 154 820 257 1 921 288 561 680 688 644 641 840 935 29 931 337 769 489 201 918 421 300 336 262 706 539 527 175 467 69 778 99 631 772 880 703 455 998 500 993 292 808 645 535 525 292 783 605 144 131 397 745 341 835 619 782 238 178 580 873 904 576 510 149 467 444 652 134 371 194 474 963 36 930 370 593 877 205 439 165 860 414 687 161 724 718 423 160 362 382 440 710 549 471 300 496 626 431 435 124 679 905 139 259 141 959 1000 706 811 515 201 618 474 224 851 47 97 962 649 183 589 938 710 304 761 478 482 28 510 414 88 501 731 985 259 694 581 730 873 821 936 628 59 821 640 514 742 651 460 204 818 199 337 610 918 679 549 669 343 979 526 533 846 411 843 999 993 471 614 644 348 930 408 654 430 193 204 475 748 192 928 660 28 470 858 579 46 377 241 924 199 39 788 27 368 986 817 235 485 45 226 318 313 227 899 67 902 63 870 62 187 173 565 724 955 420 332 5 663 752 553 690 306 657 593 359 14 549 609 73 688 708 63 340 972 433 215 97 473 21 257 74 937 411 69 219 72 494 598 828 308 451 489 657 72 930 821 639 730 658 378 186 142 687 402 545 169 437 116 577 136 139 806 417 631 232 503 91 650 50 672 566 659 178 348 638 666 315 45 932 68 804 837 420 937 59 284 520 306 919 836 321 663 769 378 961 70 868 869 880 206 660 296 398 757 334 269 600 830 353 103 113 272 280 539 552 164 506 88 504 874 857 686 984 79 499 606 903 26 136 440 792 124 721 966 620 158 910 817 311 421 972 881 223 90 973 316 700 949 599 391 77 560 409 164 692 975 329 
562 316 276 346 453 195 134 219 675 664 497 493 727 258 958 68 32 4 445 335 688 430 438 555 330 180 884 774 118 53 436 308 612 519 322 570 755 574 593 493 487 293 927 808 329 503 874 925 507 406 213 613 616 982 890 338 25 801 224 918 894 528 230 389 793 296 457 443 846 877 832 492 165 117 844 954 994 634 297 897 829 209 603 951 825 570 13 806 975 31 748 237 421 151 839 334 358 939 555 499 834 212 932 616 537 956 81 799 985 596 35 848 113 855 885 437 77 835 486 879 134 47 15 478 531 280 690 901 951 777 839 573 526 314 76 217 794 207 912 544 652 112 305 576 369 724 552 56 173 740 810 632 338 495 508 682 733 653 580 653 334 789 461 214 468 363 252 631 902 771 765 556 755 351 818 197 46 29 271 399 899 959 2 207 619 285 654 65 614 769 980 738 46 594 78 297 916 143 162 825 108 328 64 5 959 468 870 791 71 497 613 877 754 856 823 250 835 340 614 59 565 180 769 987 116 700 710 28 261 806 216 644 808 485 172 680 35 943 547 757 566 387 146 644 323 242 465 723 369 538 610 996 970 928 717 917 135 688 380 288 682 629 204 610 381 156 441 891 834 505 792 740 803 224 78 476 297 303 286 366 58 602 472 24 338 118 94 912 213 929 439 181 568 757 818 193 529 115 446 294 565 45 376 229 398 717 373 911 203 237 686 805 558 859 100 902 867 632 361 645 795 563 452 0 992 996 654 281 935 488 689 830 696 578 209 927 713 703 776 256 848 231 611 748 881 496 231 973 620 819 654 245 485 154 597 122 803 611 606 562 100 446 889 198 415 562 862 212 935 292 292 403 187 849 736 714 149 977 769 915 543 581 417 563 260 454 101 672 22 144 537 858 943 520 769 299 129 707 421 829 973 841 951 516 195 406 790 23 585 528 608 850 856 244 464 785 347 121 255 31 709 720 705 419 488 687 42 920 794 419 155 640 639 860 517 28 828 967 864 881 808 376 399 271 583 668 986 472 884 225 929 307 444 807 566 367 924 513 860 598 601 259 95 134 834 395 693 217 943 932 636 203 287 961 609 676 54 611 36 227 599 702 289 538 932 278 228 786 70 651 954 299 575 680 636 190 322 690 816 794 
495 237 198 959 50 867 448 690 480 226 24 19 345 639 822 137 767 201 878 399 8 904 216 798 758 884 276 417 362 750 622 67 119 717 662 786 698 284 932 739 286 101 314 98 105 268 672 299 971 238 75 378 277 983 348 846 332 986 292 248 565 377 633 226 773 603 985 991 733 789 516 268 100 121 684 651 832 501 830 913 522 475 31 605 874 751 884 890 216 141 132 36 976 648 871 550 236 355 498 901 874 470 698 354 469 337 500 939 416 646 564 18 740 756 318 422 225 963 264 257 844 531 304 74 767 811 965 874 283 768 121 903 193 862 638 409 475 886 568 586 519 4 840 850 486 358 640 416 249 184 15 333 253 728 170 544 202 621 662 607 381 374 360 905 206 808 638 344 175 416 133 820 674 414 562 397 543 158 574 914 627 661 871 281 893 236 404 845 774 98 189 314 14 622 638 767 591 7 913 553 897 698 35 226 385 830 164 279 532 828 904 947 42 396 374 413 633 151 120 179 791 540 924 527 931 633 647 177 965 731 488 537 459 157 11 287 504 777 154 223 331 530 866 485 920 877 702 885 671 720 440 272 790 135 615 307 184 414 85 169 949 730 507 108 961 126 731 834 531 974 130 491 694 850 65 765 67 303 96 414 237 891 122 649 351 168 625 32 389 633 356 746 143 539 383 701 163 796 227 352 341 366 38 523 967 815 601 440 553 419 502 712 17 484 36 589 226 465 276 166 988 882 877 392 649 608 849 305 454 302 989 203 88 3 893 991 928 705 300 808 224 846 10 712 27 840 737 468 231 434 633 864 11 885 169 871 473 627 644 616 266 733 404 952 998 16 208 591 502 360 808 226 782 171 16 963 486 872 295 218 347 627 241 18 595 652 140 220 99 797 815 846 264 221 78 431 91 507 201 787 643 703 861 404 368 364 377 679 909 196 996 756 468 342 444 523 290 56 911 703 429 974 635 847 832 560 851 627 319 18 217 81 702 731 224 256 312 636 740 133 555 737 777 873 374 74 105 902 37 375 823 378 919 735 956 995 459 436 63 729 458 587 150 920 17 9 349 993 341 541 346 878 366 45 158 729 900 517 235 264 314 690 293 270 836 206 710 545 419 797 386 280 653 247 783 168 979 223 454 946 
174 813 3 928 626 304 800 388 856 68 655 910 111 32 387 816 818 71 396 154 665 782 502 491 474 941 248 491 374 94 816 151 130 951 513 790 957 882 871 758 747 705 344 761 807 915 85 355 340 996 584 109 327 825 736 707 49 156 709 83 965 552 520 232 6 569 18 556 319 150 12 937 324 838 438 435 291 693 936 428 658 276 314 921 519 44 265 961 233 858 423 414 472 67 441 777 489 504 963 942 119 688 951 538 636 762 5 562 745 751 219 570 662 882 851 596 590 65 236 826 42 727 643 66 41 441 465 793 432 972 742 532 534 324 820 595 504 690 675 576 869 666 519 788 989 836 256 590 293 297 317 69 917 792 910 795 458 250 920 134 372 911 26 170 661 875 328 903 109 797 426 872 370 940 311 249 576 842 66 757 870 729 279 636 770 961 425 967 265 183 531 706 2 237 127 855 843 322 223 98 812 773 190 137 847 843 559 948 145 142 789 533 318 884 977 12 689 42 271 225 219 935 953 0 622 34 343 48 435 832 319 874 105 304 71 409 444 146 432 586 438 768 816 40 911 132 692 222 36 174 140 267 522 594 654 147 848 282 396 260 48 422 126 302 46 124 679 810 283 217 452 318 656 436 340 37 512 53 250 257 186 31 171 308 587 866 642 85 874 512 641 343 45 781 974 713 764 560 854 711 111 195 247 5 318 297 143 669 624 721 1000 963 602 521 165 308 583 186 129 250 895 268 142 928 922 834 147 981 511 704 277 858 775 272 449 17 578 583 49 653 481 260 922 475 660 458 924 722 491 470 618 689 298 170 915 490 976 396 875 733 791 156 601 369 501 438 196 826 470 218 325 347 995 251 702 4 66 631 109 181 958 88 903 151 770 717 41 492 157 888 7 526 515 493 18 771 137 966 179 298 166 929 713 433 207 326 917 642 104 169 138 447 870 629 90 277 831 50 379 61 922 96 449 693 211 575 167 859 925 888 242 323 282 34 555 73 686 301 638 735 337 741 521 641 251 634 787 27 855 193 449 148 460 703 217 623 159 850 705 14 33 90 96 866 278 949 785 665 981 486 221 249 975 900 620 35 958 505 636 753 731 394 989 532 406 256 443 45 574 344 7 501 312 750 772 828 781 592 776 418 
684 903 964 223 342 339 725 739 552 741 166 515 888 790 740 974 361 146 887 71 633 350 57 513 45 505 500 378 829 191 661 751 839 438 551 353 931 372 708 800 329 140 504 320 951 466 349 146 734 484 803 751 697 13 242 287 609 32 712 863 559 319 580 305 912 583 886 684 413 36 319 471 332 420 745 194 530 672 619 99 588 608 853 540 625 237 141 700 56 141 853 68 689 909 649 26 790 814 695 988 539 970 981 244 480 313 393 169 221 237 704 66 830 371 776 418 742 33 803 64 914 983 756 473 302 298 52 305 897 755 11 825 812 125 923 288 87 810 115 535 184 640 892 170 466 261 737 472 975 370 192 88 465 107 540 899 698 184 456 321 423 801 843 89 774 307 149 988 211 624 629 378 688 378 785 543 721 153 649 47 267 880 473 89 52 330 73 329 624 957 832 654 103 865 722 543 43 559 932 519 198 506 341 939 366 914 297 938 251 542 393 339 308 36 337 124 575 156 709 459 996 193 687 164 631 548 374 557 528 674 885 417 617 287 330 301 754 880 915 684 470 635 248 822 928 564 230 162 317 495 84 723 535 78 294 968 738 69 778 779 28 441 0 518 382 628 368 508 750 158 72 121 797 654 64 679 310 709 95 353 932 625 116 373 793 321 633 84 607 79 347 975 7 989 357 740 191 626 691 189 751 798 902 875 359 853 397 385 513 396 299 15 858 18 430 100 979 186 407 142 938 700 589 457 956 861 458 730 764 184 589 448 180 440 118 380 638 688 358 327 397 785 166 294 558 934 72 593 841 628 999 301 218 815 203 681 954 180 511 752 353 89 927 10 633 24 654 238 894 909 720 54 403 664 67 980 670 407 1 694 597 234 599 794 307 820 580 878 984 749 456 941 74 276 397 684 206 102 972 602 69 225 280 977 829 975 576 402 545 163 745 83 460 692 219 809 924 499 522 366 833 808 177 685 281 419 138 896 333 943 878 263 23 784 238 516 132 507 231 171 439 44 3 55 215 828 736 214 189 178 976 187 953 428 670 225 110 274 877 560 887 958 945 392 711 758 566 465 712 768 540 366 234 97 933 663 861 47 748 323 34 147 862 353 894 342 822 775 74 992 92 1000 138 132 179 653 991 453 281 140 
845 44 548 528 400 87 833 964 639 557 451 291 558 429 398 354 772 952 607 631 635 434 63 912 266 734 226 202 185 27 938 763 50 48 570 220 740 453 744 993 854 48 72 56 874 711 25 502 678 541 708 20 623 5 488 849 330 639 661 602 644 12 98 321 330 948 894 717 367 476 385 488 447 239 830 455 55 855 360 890 234 220 559 345 74 867 720 767 100 367 917 779 469 753 541 537 826 962 234 559 955 296 54 394 851 650 587 868 482 497 302 67 300 840 923 806 629 97 671 493 664 583 352 54 413 827 532 322 174 953 584 645 923 594 248 48 533 121 315 757 427 754 879 506 765 596 377 856 348 457 649 220 661 345 38 563 739 13 851 693 983 56 409 586 28 328 58 629 710 328 531 99 39 982 540 531 182 428 970 550 769 704 267 554 866 734 848 879 763 834 832 88 207 428 138 920 853 190 784 119 61 413 528 833 368 794 10 16 493 631 430 925 652 143 975 328 295 690 237 232 662 98 890 616 749 649 49 785 691 152 460 25 681 142 718 264 872 931 64 19 90 296 345 941 41 464 484 608 880 762 414 876 56 768 472 543 13 409 38 979 903 479 201 589 647 152 826 546 296 145 703 445 750 259 86 96 528 593 640 532 875 793 967 596 106 351 626 558 335 367 774 887 280 254 800 613 243 534 532 646 85 846 452 222 398 534 745 392 130 191 820 624 37 171 190 708 148 676 183 914 980 95 581 503 951 944 410 944 737 681 381 635 778 736 108 829 161 470 798 417 609 978 522 280 122 865 688 883 262 385 363 138 671 859 116 34 608 608 498 989 154 202 241 100 475 185 794 591 887 772 444 207 571 733 391 863 399 376 964 15 446 31 199 747 28 854 985 381 266 398 215 815 386 904 745 362 365 815 475 648 196 342 743 112 246 580 384 264 389 223 779 706 873 764 914 930 233 341 195 633 385 258 5 698 80 782 713 993 534 92 461 494 736 303 53 640 318 21 632 950 326 381 650 951 102 344 291 978 264 77 931 38 537 732 709 637 424 524 641 167 581 63 421 267 67 279 883 336 726 580 387 620 164 196 47 473 562 13 868 640 766 808 190 67 121 919 575 43 279 979 218 411 149 349 720 733 775 654 499 298 
283 632 833 375 686 608 565 973 184 577 222 227 256 6 141 755 700 318 792 84 272 35 156 14 669 6 342 182 141 37 542 918 740 478 897 992 967 128 828 632 859 339 149 689 63 819 328 357 590 368 725 166 963 698 826 218 293 73 974 406 784 862 705 794 590 61 803 630 916 280 867 280 67 683 288 400 776 691 969 318 408 890 997 419 130 837 102 171 301 332 838 901 80 295 787 583 889 851 223 199 543 895 318 503 713 973 459 536 873 740 741 901 676 346 127 845 680 763 748 875 284 451 253 28 834 993 381 274 959 625 885 613 54 401 336 866 263 457 557 561 610 563 165 83 905 757 361 229 36 728 811 564 736 184 488 344 589 894 252 486 152 136 934 672 443 581 752 633 439 736 979 780 674 304 323 45 338 508 966 465 845 615 138 44 223 459 872 375 550 330 765 518 532 424 819 725 774 469 936 645 933 507 908 731 284 780 237 59 674 115 999 575 576 428 380 161 314 858 361 179 548 166 761 255 204 430 932 123 524 124 328 312 504 97 989 966 782 768 764 160 926 232 493 970 647 64 167 20 188 765 488 530 12 426 770 212 462 819 700 430 132 311 605 855 430 730 8 243 487 370 153 166 268 500 140 478 964 890 658 970 247 308 556 825 6 665 584 498 463 854 209 986 319 950 985 928 677 155 875 834 827 572 316 241 850 416 725 121 830 360 405 425 946 609 743 118 88 563 523 697 426 220 356 780 216 405 1000 486 381 677 34 75 375 527 500 379 567 785 817 121 810 432 687 93 316 812 949 636 975 1000 887 797 74 497 30 532 600 208 900 538 149 731 787 794 337 922 691 332 297 259 373 407 509 135 872 584 540 1 19 135 142 404 389 894 38 178 514 104 438 559 998 856 30 963 648 540 276 500 489 567 319 22 401 556 995 756 712 310 88 446 18 48 606 317 868 699 234 220 794 438 603 427 921 922 799 426 629 964 645 126 444 617 714 521 473 117 553 577 85 816 421 344 196 255 967 901 366 964 322 930 886 646 338 799 508 857 329 236 155 710 7 51 912 482 933 118 409 241 457 190 255 234 827 994 55 608 987 251 679 94 828 193 787 101 590 611 987 66 390 413 615 821 335 866 997 772 93 612 420 925 
997 340 726 827 929 835 913 891 372 965 796 345 261 421 963 552 931 103 775 258 941 301 86 884 159 982 163 250 679 746 459 26 120 493 904 835 557 280 687 236 489 605 486 622 237 547 725 316 817 990 568 147 870 928 604 341 903 818 413 371 302 25 864 912 154 636 516 963 757 963 243 264 136 417 210 716 634 31 389 690 163 153 631 799 969 408 324 971 123 918 986 451 905 618 626 0 415 272 453 507 342 754 654 320 836 53 405 318 94 421 977 762 495 561 39 522 332 877 431 875 176 597 0 724 516 105 866 167 835 578 537 128 766 24 952 539 540 510 531 230 761 548 561 379 785 392 137 274 822 516 806 429 759 348 147 90 781 350 605 761 537 257 785 989 596 339 436 139 121 710 837 407 516 329 55 175 486 538 148 769 559 815 118 136 956 332 828 929 949 523 398 245 54 607 571 717 415 914 920 934 82 828 132 32 111 589 678 378 110 576 544 189 31 636 203 783 839 380 884 284 543 112 174 62 730 152 951 462 560 713 151 475 760 374 805 49 38 742 162 497 301 48 359 593 329 125 47 799 113 598 673 307 400 906 496 223 2 584 470 110 334 500 369 767 502 542 613 701 256 123 934 929 952 431 465 371 667 655 274 543 283 629 518 828 214 152 603 342 873 152 883 700 239 709 676 432 51 230 127 762 502 383 875 509 292 573 980 588 542 316 747 945 782 476 392 882 1000 146 153 978 428 271 593 88 700 457 882 752 228 489 728 868 723 545 195 471 247 22 742 196 459 914 255 920 159 869 614 257 385 830 948 342 814 607 701 388 487 809 427 709 489 206 91 581 559 854 722 574 742 285 877 435 841 586 217 524 624 873 466 628 275 284 623 346 60 754 35 612 255 624 616 327 356 42 252 288 465 582 328 22 360 212 171 516 512 311 796 798 773 297 63 17 689 177 162 40 339 722 654 229 81 847 420 144 207 574 817 257 456 88 927 904 377 487 459 410 433 63 605 890 919 515 746 577 520 540 329 455 954 620 443 763 608 917 519 588 295 337 981 753 885 558 158 479 560 957 57 54 772 176 10 904 761 19 0 299 91 681 744 353 204 620 277 819 560 894 346 114 753 156 980 111 499 707 638 905 721 568 530 207 
67 170 490 927 6 122 746 447 537 598 661 234 320 2 280 620 748 958 223 561 73 568 404 311 785 739 453 253 450 310 223 923 728 1 381 536 555 905 343 497 488 220 533 676 837 353 215 507 507 977 38 295 288 425 465 923 407 88 716 18 523 438 939 119 291 143 1000 294 144 502 653 772 722 206 389 642 256 178 178 662 991 255 679 171 687 808 344 990 357 352 876 93 138 288 619 359 0 255 229 533 652 847 335 11 9 656 376 587 454 323 802 152 844 22 933 487 264 690 589 104 945 235 261 843 400 862 899 722 916 165 960 24 540 194 713 310 755 286 780 123 177 431 61 922 725 828 557 865 496 506 950 101 353 422 290 408 477 560 403 596 370 907 558 652 836 791 544 326 394 414 530 633 953 633 405 597 65 509 906 122 53 466 9 515 614 496 645 1000 977 818 138 422 325 791 18 844 979 517 699 3 332 119 869 166 540 42 265 897 651 563 410 460 31 93 919 337 53 656 532 828 213 800 625 271 457 367 617 20 310 683 101 523 49 580 190 916 596 735 354 681 807 996 520 313 284 587 985 468 686 249 796 655 416 960 625 512 0 400 331 922 89 98 376 739 981 217 76 577 311 919 982 620 92 799 398 983 141 757 236 761 900 64 29 638 377 296 894 959 475 315 103 353 666 637 698 378 454 244 101 652 88 217 322 510 967 363 625 861 653 148 985 114 782 952 888 237 521 248 946 812 62 763 5 439 445 84 883 617 871 441 644 237 826 693 737 296 777 817 543 493 860 402 9 885 907 113 35 91 849 650 856 997 122 773 935 532 168 169 471 151 10 220 627 371 81 777 84 817 949 918 942 846 17 688 717 523 765 696 65 714 666 671 61 405 388 934 913 959 151 194 130 691 752 481 374 20 766 446 515 962 434 574 259 221 744 736 262 665 136 654 667 632 494 678 986 637 428 114 445 240 286 995 41 394 893 318 311 719 568 465 314 245 200 175 86 282 532 859 961 565 216 389 659 575 291 777 985 577 502 376 953 109 696 631 402 735 453 34 856 885 294 214 585 493 426 653 599 87 263 383 881 659 670 721 156 42 219 826 466 293 892 147 338 403 820 363 579 457 887 649 8 706 494 241 204 395 673 129 252 756 
588 497 136 890 583 746 425 800 852 67 33 129 85 18 156 507 403 127 100 797 816 613 286 341 32 3 188 543 633 540 972 741 233 781 325 36 910 844 761 646 94 423 869 92 657 556 395 45 674 496 25 556 693 280 840 129 205 408 13 977 578 502 698 884 323 402 275 65 447 922 133 862 3 650 17 809 662 880 165 190 379 6 118 374 402 316 899 299 707 286 595 748 943 467 598 126 883 548 531 469 117 234 13 180 786 558 753 50 475 518 930 70 960 325 244 725 965 922 820 366 367 878 216 907 399 732 852 94 649 100 539 388 334 149 868 128 835 285 323 427 784 792 442 174 351 723 264 491 435 874 263 296 432 224 997 259 66 130 534 406 782 570 941 449 635 76 703 318 78 343 346 582 684 994 160 984 120 671 998 223 33 320 290 195 104 405 315 81 433 715 993 669 845 321 130 76 310 349 864 506 295 892 316 522 581 721 477 64 79 299 156 359 125 758 876 242 93 927 507 451 256 248 687 384 615 221 574 43 374 450 491 208 3 883 384 900 310 369 337 752 263 313 439 407 170 699 36 429 807 266 255 61 976 467 330 940 936 30 194 789 573 60 828 879 780 604 545 806 349 682 961 281 668 118 629 412 549 601 737 867 925 219 347 821 249 454 248 131 461 862 436 781 780 167 962 131 774 143 424 483 582 193 621 818 16 92 780 901 664 132 346 644 974 851 176 841 733 696 396 801 762 293 176 172 719 351 316 682 311 411 95 357 912 573 849 590 496 992 610 435 655 203 15 883 943 399 286 140 400 847 822 262 651 51 817 335 612 603 8 81 115 540 212 847 656 403 694 333 385 30 115 460 448 169 267 261 586 277 515 776 687 214 161 294 964 890 545 170 203 785 612 107 822 858 335 680 966 818 42 378 412 268 838 157 708 690 493 896 873 823 183 654 557 613 255 324 531 513 213 772 390 139 856 751 960 853 268 742 72 146 816 668 125 696 273 962 321 372 571 824 37 786 779 572 531 846 909 224 151 754 497 917 913 72 411 864 882 411 194 291 455 780 765 231 439 54 570 532 721 560 221 250 880 300 309 7 571 743 379 898 74 389 389 650 599 873 328 865 375 647 249 272 548 248 11 877 795 267 736 24 
614 545 744 857 214 191 596 799 882 357 605 269 724 403 471 228 739 970 595 202 636 71 881 771 967 800 25 329 84 248 350 949 791 249 884 994 972 922 581 183 522 675 576 939 892 543 618 542 470 41 744 588 145 747 269 343 918 570 839 989 250 949 446 794 4 506 136 301 28 914 240 78 245 547 315 61 617 388 834 463 514 94 997 556 853 834 935 571 702 988 703 266 31 237 24 417 590 599 374 34 74 851 886 610 665 757 939 560 902 393 974 295 754 619 108 51 317 796 7 263 737 123 308 84 9 592 677 568 62 781 94 556 707 49 426 514 133 376 941 192 827 931 793 877 996 609 113 92 931 911 163 717 753 907 87 366 222 658 832 932 24 786 507 566 183 228 878 580 454 756 490 349 657 798 845 236 61 918 884 543 513 625 25 84 62 415 189 65 760 629 41 164 791 779 55 988 781 162 202 815 308 752 772 604 733 518 631 219 343 671 770 438 555 833 235 756 489 796 424 636 190 369 373 285 536 388 816 807 956 330 775 222 208 392 773 174 159 842 14 499 254 651 845 249 810 280 4 928 929 980 529 66 864 292 715 645 95 201 562 298 94 310 523 671 678 549 775 114 382 12 14 865 869 986 651 728 550 689 360 493 932 948 394 658 940 407 182 41 284 234 543 126 900 240 225 660 705 535 811 689 814 355 887 586 94 674 405 355 795 137 507 986 273 477 34 259 373 468 314 694 846 73 288 792 179 1 324 845 926 951 454 77 670 290 442 852 298 270 664 807 411 186 184 714 710 771 198 316 512 52 228 495 77 547 359 382 807 100 283 448 167 515 191 132 215 272 81 381 934 777 987 821 706 999 490 795 181 847 593 883 701 800 64 369 562 607 747 966 306 208 703 75 485 288 558 261 142 487 407 319 42 825 19 452 778 548 452 169 27 427 246 805 964 121 643 727 346 867 466 436 451 47 121 662 316 470 900 91 631 537 930 841 656 629 666 752 117 210 690 830 559 910 730 965 874 406 908 510 284 644 832 772 400 960 380 237 506 690 916 808 831 829 773 322 622 597 138 365 27 336 225 279 102 630 667 852 564 126 290 500 568 337 208 1 37 138 79 519 254 560 552 333 245 207 825 427 843 692 58 883 
557 94 2 442 3 9 617 97 187 34 449 590 982 715 143 472 917 298 484 785 628 454 733 90 276 12 428 453 947 648 839 327 372 796 215 605 975 997 742 353 81 126 239 479 725 165 478 42 185 629 244 807 572 561 53 717 441 60 795 876 419 707 268 852 420 849 680 306 644 88 919 89 195 355 560 636 86 497 7 510 213 883 581 371 801 432 220 409 740 732 319 39 529 414 897 677 681 382 930 248 112 153 528 457 271 230 983 689 680 901 396 703 999 262 497 124 298 479 718 800 644 786 962 369 79 895 60 663 924 736 476 203 629 955 913 676 320 554 518 123 457 958 897 997 717 689 763 265 212 287 275 238 540 333 482 941 293 269 15 722 962 246 165 943 811 688 772 815 692 178 84 421 865 707 231 747 945 643 839 23 617 313 167 760 18 830 94 919 217 776 963 638 391 157 938 885 204 129 87 894 690 655 831 154 276 873 925 515 469 560 846 299 90 770 829 494 706 587 209 50 692 941 821 460 706 565 201 120 420 812 530 821 322 742 130 680 633 43 5 936 397 648 139 150 28 343 266 30 393 804 479 332 939 624 471 746 612 211 511 430 579 681 606 94 470 351 568 862 403 192 605 529 33 225 922 981 412 445 184 824 151 211 323 69 996 485 624 718 42 256 324 885 300 632 268 566 539 2 617 863 462 354 551 206 996 736 774 108 774 818 669 953 486 595 901 951 671 19 240 86 588 158 699 152 228 710 711 103 907 913 30 395 47 956 624 148 275 169 271 741 785 510 62 787 335 357 748 29 271 274 661 33 76 638 461 801 776 143 865 689 794 139 558 211 339 382 718 87 944 249 726 966 5 15 885 842 190 549 872 811 623 463 768 162 68 926 835 203 243 693 539 888 914 662 544 649 328 777 774 860 444 92 265 97 392 249 447 365 754 869 474 43 917 146 613 564 12 125 182 520 133 941 586 85 529 354 908 42 463 708 752 992 992 893 146 126 547 482 43 933 662 606 820 579 857 964 515 204 357 837 869 806 701 723 577 943 420 741 947 578 114 620 421 700 684 702 547 112 874 475 522 841 354 657 842 381 379 466 762 793 880 258 554 241 60 116 813 806 803 11 372 67 486 262 988 265 386 113 709 823 
670 533 611 813 850 177 656 62 991 464 199 198 507 637 951 22 782 731 469 317 494 565 227 536 605 595 471 885 8 486 420 561 851 505 276 885 215 200 609 950 777 334 716 723 718 143 849 561 900 760 74 793 219 734 547 852 970 514 946 451 824 25 16 920 624 500 978 613 908 25 17 234 283 376 816 468 90 881 187 292 224 174 874 784 130 836 693 621 869 42 10 45 727 579 932 992 633 57 356 404 845 926 295 265 661 439 98 850 791 573 410 269 390 876 578 169 787 818 723 802 637 612 987 768 994 202 938 674 847 705 177 513 467 677 673 105 398 121 22 734 525 597 545 407 930 283 665 940 396 119 113 473 408 938 583 861 978 650 275 915 304 144 851 362 32 687 172 791 84 516 185 520 45 274 861 465 382 6 466 392 746 77 747 683 387 709 926 476 377 830 557 124 26 192 681 563 117 547 979 61 291 409 17 87 639 446 602 583 518 375 213 218 332 555 467 946 664 315 715 127 173 597 210 507 852 389 553 467 455 454 353 650 546 978 296 577 119 446 76 98 36 690 897 973 804 760 22 579 207 196 106 978 252 314 469 778 188 712 353 720 579 342 385 986 528 993 663 424 213 442 525 787 515 601 891 77 582 492 626 277 374 884 202 720 266 878 899 726 699 542 680 696 69 742 610 394 107 434 338 709 906 495 51 503 112 142 772 949 417 698 972 282 812 440 416 933 295 425 53 912 496 678 385 970 463 941 874 547 398 739 191 928 465 611 453 196 157 131 873 441 443 971 695 107 300 832 647 90 678 900 913 167 934 174 496 310 833 635 299 789 528 415 23 946 983 345 967 874 258 324 940 157 211 777 933 642 331 463 364 29 570 158 899 868 264 726 438 464 171 244 433 28 282 304 853 857 648 907 489 695 590 544 932 521 134 996 820 891 344 449 159 204 419 874 744 450 29 456 525 586 753 581 878 67 848 53 147 222 218 957 133 471 420 792 513 486 154 787 105 814 314 318 642 831 929 995 618 104 836 987 931 542 792 930 689 684 673 515 1000 611 679 980 987 151 702 910 109 861 392 917 538 910 911 52 375 666 754 995 150 524 388 332 691 590 948 716 862 153 639 671 131 928 873 805 182 250 438 867 605 328 
438 193 53 506 515 358 706 851 699 631 102 713 171 719 142 590 568 517 187 131 745 356 891 159 41 27 249 224 102 325 351 25 81 806 87 245 247 273 920 866 760 752 743 49 928 385 360 630 889 875 595 466 410 663 778 567 984 696 554 863 178 893 691 495 203 512 314 185 195 321 131 967 856 571 284 515 195 590 533 773 861 832 838 748 365 192 47 706 465 73 613 224 156 907 86 183 895 391 122 82 220 515 429 412 740 828 811 48 275 27 494 366 352 667 160 97 253 731 908 759 519 277 797 353 608 524 109 847 78 490 222 101 706 343 133 726 466 318 152 660 30 887 603 207 540 857 85 558 581 24 828 886 748 14 765 495 942 736 807 373 59 335 618 475 291 191 731 30 984 143 71 141 966 555 30 917 23 634 103 982 473 959 301 911 581 235 118 760 410 409 704 620 192 737 861 52 865 654 712 807 54 766 916 463 569 19 223 66 586 50 275 363 772 364 452 317 219 198 661 49 677 466 189 692 218 25 95 995 21 927 232 871 11 812 348 51 444 74 427 61 92 947 199 660 946 945 22 165 767 412 263 968 906 248 362 117 479 517 154 828 593 561 851 128 185 855 305 737 355 95 668 959 237 152 266 842 305 670 522 140 650 418 890 373 204 801 200 336 639 695 264 326 326 621 766 930 549 988 927 451 756 944 148 456 637 929 593 793 693 758 339 437 830 729 851 413 916 972 546 368 232 739 841 58 595 905 708 8 593 840 474 562 666 508 327 807 852 559 614 179 229 532 594 411 548 527 795 8 666 982 136 475 965 205 424 864 338 857 473 504 338 833 927 306 279 152 73 513 404 626 286 444 900 653 698 519 334 738 385 879 891 788 782 921 441 989 4 222 232 896 809 264 747 388 57 188 888 443 828 565 515 294 214 909 184 464 148 383 254 480 61 759 571 525 616 944 62 490 36 718 446 240 297 618 432 452 803 580 409 367 369 618 390 893 757 674 868 515 574 429 738 173 711 978 211 823 797 672 309 819 358 548 100 239 91 894 362 350 799 267 100 413 495 400 391 500 826 140 66 908 357 890 957 93 494 390 683 77 241 539 487 602 716 227 874 805 414 99 101 96 107 44 832 110 984 826 906 388 541 326 
110 366 425 554 765 286 745 263 909 274 710 935 600 975 590 851 405 75 327 290 242 994 820 410 534 672 280 7 32 505 802 905 358 262 830 472 230 770 744 124 524 897 981 481 796 127 106 146 632 980 73 852 683 19 406 917 125 291 510 245 433 240 333 986 265 254 717 160 285 559 39 760 279 922 470 123 265 742 753 507 543 588 654 239 702 958 621 675 615 170 689 657 575 408 65 235 51 367 172 776 684 117 763 127 368 107 699 831 753 78 605 109 18 204 584 494 606 114 767 426 367 659 386 584 433 981 581 647 132 49 584 80 297 694 720 828 489 623 942 988 762 453 292 579 793 440 657 683 437 749 243 514 643 310 780 865 551 765 960 790 582 110 575 291 425 586 447 681 25 93 35 110 440 287 68 390 259 322 946 44 355 79 462 600 104 685 580 757 217 303 373 499 725 425 838 240 520 149 160 276 885 227 804 355 386 73 77 339 203 544 885 617 495 871 883 445 309 200 566 472 684 777 715 901 746 218 68 821 661 674 119 15 22 586 308 518 806 794 391 704 652 461 904 283 391 35 967 533 552 756 538 435 338 974 269 855 505 168 14 386 69 890 264 17 297 558 744 644 616 503 243 776 307 141 171 223 723 443 282 67 508 678 599 329 792 211 718 225 827 33 111 87 647 537 149 790 925 525 346 946 183 172 100 194 312 748 719 353 507 1 623 61 941 757 793 236 990 346 780 719 69 206 515 645 723 164 606 728 74 825 871 283 31 657 364 889 247 890 727 827 825 381 851 256 918 901 501 663 434 570 298 456 431 782 310 69 882 304 891 88 814 725 736 714 315 382 617 283 600 898 126 84 517 33 56 175 540 714 224 738 584 860 606 687 526 276 259 810 813 52 81 6 971 372 488 960 435 616 367 873 958 664 657 342 175 204 790 48 738 787 854 900 607 973 467 184 433 628 342 327 467 495 943 382 61 955 188 195 413 246 524 772 151 843 278 800 753 843 295 557 928 45 19 65 205 842 543 74 575 976 329 819 910 50 551 547 986 83 298 583 67 851 293 292 402 27 385 269 261 249 706 165 252 489 488 35 65 940 815 917 470 724 866 533 695 716 3 94 32 256 872 784 533 86 650 482 412 714 187 795 
600 849 706 354 789 65 789 171 131 17 323 18 20 655 544 738 882 440 250 290 728 666 913 55 77 4 523 802 711 877 575 770 116 893 486 230 738 686 265 762 175 990 195 684 991 409 508 408 980 989 812 612 872 646 164 890 861 442 532 856 686 336 598 2 899 928 129 955 299 744 527 864 370 218 221 201 443 830 811 904 892 65 841 2 518 445 792 604 711 149 428 816 364 275 908 322 970 271 848 604 201 524 935 287 197 586 83 442 17 144 307 124 593 917 960 798 788 141 928 519 755 460 139 831 199 33 147 901 123 77 376 403 173 928 200 727 851 791 874 946 564 455 161 792 463 863 684 488 354 950 810 217 25 914 223 536 519 924 187 105 430 771 451 224 448 598 965 685 558 222 40 969 27 164 556 194 783 239 667 41 768 852 897 403 46 272 465 123 833 145 636 747 105 365 254 824 450 561 727 775 585 131 631 405 608 531 455 201 421 744 369 84 967 162 177 358 413 246 130 943 977 73 555 823 131 595 913 662 623 79 105 351 733 624 52 231 755 764 654 979 115 302 469 204 733 158 937 398 431 480 890 101 251 677 339 996 262 168 693 387 579 676 244 841 750 815 954 112 896 244 558 633 249 231 890 206 227 384 687 597 620 460 397 509 805 898 764 895 3 279 61 980 117 510 230 519 995 156 123 651 405 168 574 559 870 230 628 340 236 398 447 836 990 842 357 500 546 190 465 554 590 74 617 438 209 28 943 536 672 113 141 367 840 183 928 697 554 852 117 840 816 545 427 369 921 920 188 142 688 176 399 625 402 989 618 411 991 127 513 900 0 459 877 105 692 139 289 10 416 288 605 832 105 107 95 664 705 780 708 158 188 855 404 320 939 661 159 285 761 774 511 543 218 811 577 55 3 690 920 250 465 333 857 611 702 297 273 515 880 301 124 173 218 668 272 707 451 191 175 280 713 675 786 59 552 631 294 412 293 339 116 365 486 843 504 985 542 393 2 108 263 840 729 590 560 109 42 3 772 534 86 71 144 908 794 403 384 990 621 361 340 290 453 995 808 603 570 158 538 235 88 993 503 808 115 260 968 711 70 622 519 450 427 672 769 811 802 86 515 157 974 979 718 586 94 408 507 921 164 407 
777 307 372 672 871 439 455 313 958 298 442 365 675 173 23 773 28 307 343 476 868 760 894 313 342 216 514 783 56 655 400 248 63 814 703 794 24 952 598 228 840 739 696 57 18 646 246 171 22 639 649 783 109 849 482 981 465 543 487 109 67 497 587 398 291 461 343 772 561 120 978 730 564 289 262 69 765 292 147 951 854 361 562 389 438 543 669 857 807 862 231 180 23 599 329 604 636 770 68 326 844 70 273 466 565 942 464 935 415 108 813 977 437 292 948 43 456 721 671 749 702 551 984 661 487 887 931 131 736 344 892 443 310 218 191 617 663 444 490 74 880 483 37 59 487 542 614 240 822 222 944 8 761 555 235 326 989 477 720 979 550 284 427 392 23 530 806 196 660 423 371 406 462 850 521 744 649 115 149 503 559 96 587 910 989 673 791 885 895 764 341 518 103 307 629 542 556 261 928 747 812 218 363 296 836 551 199 938 127 75 772 670 141 566 482 815 810 135 616 395 805 900 644 323 888 203 810 817 463 957 665 849 811 997 551 298 179 794 884 750 302 345 779 166 626 459 380 615 683 271 493 25 539 893 900 861 30 634 351 65 494 349 484 542 723 578 154 56 194 271 325 86 234 676 116 391 128 688 948 846 276 667 340 219 511 525 641 725 63 129 75 417 597 49 601 67 123 263 838 970 659 991 565 424 187 445 180 618 475 908 712 154 24 114 12 71 821 857 310 610 264 352 467 214 623 43 142 41 987 19 460 593 60 427 126 678 81 808 63 72 564 763 144 815 910 264 287 521 262 212 215 582 121 647 430 432 89 345 414 809 848 348 414 788 947 645 800 771 929 149 263 847 448 799 385 165 95 138 744 210 101 200 384 622 202 132 337 664 258 871 894 616 594 992 389 575 128 253 757 431 252 73 70 629 406 644 596 920 49 668 475 461 786 275 439 270 887 780 976 321 492 425 649 711 550 463 374 552 545 757 844 615 416 745 860 448 866 623 803 859 266 283 142 888 944 586 162 685 17 439 368 976 896 138 819 16 323 158 146 126 938 48 862 273 96 682 798 763 103 690 135 510 381 708 257 40 859 399 837 535 436 245 996 35 396 370 977 24 361 834 422 925 306 291 990 414 962 945 549 667 
985 239 108 558 300 506 218 304 279 41 858 12 377 342 196 927 523 7 395 290 428 420 437 334 839 194 968 716 26 172 268 654 825 324 523 499 359 771 108 706 561 907 664 752 979 2 920 197 401 277 522 97 872 662 182 875 475 660 778 846 288 801 335 533 844 614 116 717 455 598 863 96 834 879 146 95 260 360 189 213 302 558 991 515 523 509 332 318 417 62 877 354 726 531 727 307 1 420 939 760 796 352 765 793 208 314 112 611 500 26 204 735 849 273 300 359 312 773 837 121 397 693 338 716 407 578 637 823 873 220 712 324 825 102 177 549 932 670 795 748 765 357 220 196 839 134 732 75 364 399 315 380 956 727 122 59 66 421 356 953 465 468 563 99 903 415 696 146 927 271 468 261 530 350 687 422 571 26 813 578 467 592 70 284 352 950 911 84 64 222 888 582 206 330 878 233 204 741 936 931 826 310 650 444 350 868 551 559 780 626 969 943 18 573 440 114 501 533 236 251 395 509 492 250 515 719 272 890 810 973 478 133 158 629 130 822 293 349 445 17 830 545 939 742 44 607 595 940 513 709 938 895 82 627 558 787 350 371 142 557 926 426 828 569 499 604 676 485 116 102 442 938 385 122 929 986 813 297 916 269 669 160 136 955 355 946 447 572 837 383 827 407 900 30 912 774 608 974 718 697 787 89 36 922 94 264 168 841 259 664 756 617 543 321 608 720 235 591 411 663 949 381 883 148 27 728 802 720 619 440 837 614 939 348 659 282 219 662 872 191 366 486 509 760 120 794 475 105 622 10 102 727 201 872 363 948 285 754 49 62 284 169 334 755 667 178 470 90 347 279 949 522 142 383 124 318 244 468 678 840 767 558 589 886 370 438 546 430 265 501 322 73 731 353 7 392 702 567 819 111 587 794 496 336 95 868 294 367 612 153 852 546 974 315 263 621 417 986 609 6 914 895 453 950 895 986 228 651 662 827 852 96 61 47 366 491 92 907 391 372 349 616 627 215 172 547 652 79 729 302 830 478 304 563 342 33 337 709 392 661 22 981 793 4 632 212 489 146 987 698 683 271 780 471 640 87 896 707 474 658 584 1000 80 914 315 888 615 357 87 783 584 844 310 324 205 990 386 853 710 749 
416 740 745 398 99 122 554 996 627 764 619 759 499 600 39 47 625 685 584 146 816 733 394 633 790 276 702 830 170 126 827 63 580 633 162 620 124 674 992 857 790 160 48 370 705 827 723 467 574 371 222 214 782 474 328 405 166 794 278 284 666 205 506 93 527 879 969 27 427 301 500 653 875 615 911 405 47 581 267 44 564 195 252 758 322 267 998 805 270 654 139 954 206 963 87 894 599 896 350 101 672 625 884 869 293 476 324 479 307 199 507 837 970 673 412 139 62 627 842 249 658 55 743 942 142 978 79 631 639 752 497 904 980 80 128 773 26 740 389 467 541 781 314 279 430 568 682 934 786 716 12 881 281 827 374 223 595 910 776 414 692 536 165 878 699 453 748 266 864 754 926 877 553 851 235 95 346 481 853 84 163 758 578 526 25 157 788 465 418 331 513 166 974 857 421 57 533 865 714 903 676 561 527 110 689 349 647 92 109 705 874 681 263 991 773 753 121 69 418 542 207 541 370 630 978 556 780 363 938 662 601 692 188 801 985 956 548 504 286 855 678 257 284 245 454 624 906 558 827 768 549 575 497 479 60 228 896 582 723 878 355 32 195 323 580 638 629 545 674 529 965 472 486 550 69 754 481 440 231 431 692 175 765 878 338 719 424 204 162 926 77 793 470 476 203 664 201 862 259 177 651 972 415 102 912 859 169 777 435 25 320 776 289 16 933 449 604 874 775 12 810 468 839 679 402 506 932 190 453 30 725 51 250 633 431 778 82 623 263 710 257 538 532 609 213 755 212 56 374 276 650 378 436 133 35 996 652 915 530 739 631 679 374 940 389 802 103 739 234 934 474 35 474 148 315 162 540 709 922 577 997 243 433 758 761 626 914 467 49 225 20 563 558 741 934 959 320 179 399 550 569 208 571 429 529 978 695 435 834 453 584 729 507 547 444 739 507 863 675 44 791 786 819 105 706 9 144 132 493 992 335 891 718 102 959 287 642 116 160 981 178 896 734 365 65 335 759 527 882 161 588 665 176 540 495 596 771 308 252 582 797 589 1 30 264 776 358 91 838 764 894 65 96 163 325 779 198 105 564 722 93 290 547 843 284 908 672 884 251 167 653 236 706 688 397 37 122 257 201 284 
994 217 735 16 502 882 905 144 49 737 566 172 109 40 79 230 67 423 999 905 18 423 673 689 592 648 452 564 222 664 554 150 313 354 994 504 155 553 311 544 283 815 402 132 253 614 959 466 600 51 271 857 215 525 514 713 175 956 607 630 91 897 681 922 638 250 907 298 485 813 912 354 82 606 798 874 459 756 922 963 364 285 523 909 772 152 99 483 947 178 658 348 861 756 49 162 394 991 590 181 453 985 616 10 857 517 416 139 519 5 46 125 921 880 306 772 928 1 695 482 216 653 724 33 777 523 719 204 317 937 648 449 779 886 163 772 129 716 704 614 140 643 82 257 320 105 771 619 849 592 76 915 679 677 710 858 246 862 483 892 776 281 383 566 426 387 755 645 481 565 747 363 248 596 988 495 320 422 397 396 802 969 825 30 549 232 525 544 848 160 454 521 329 101 918 704 697 522 882 794 539 464 610 202 300 91 225 901 952 266 182 714 689 951 716 47 972 586 71 414 273 696 437 738 784 582 95 214 521 421 37 427 377 299 353 192 96 727 505 255 184 198 867 656 182 200 549 175 10 217 697 326 753 446 30 653 743 163 142 627 634 946 461 634 853 286 765 354 641 379 616 396 747 170 136 116 606 112 554 12 559 415 155 309 274 152 340 486 691 255 327 900 656 994 444 961 405 131 796 326 615 651 433 790 217 616 588 624 2 624 909 950 184 470 718 794 50 503 648 677 461 877 328 620 491 189 232 398 840 904 976 869 542 454 415 136 916 207 67 267 970 828 919 670 563 187 683 188 524 242 176 974 331 366 353 329 45 258 670 565 118 936 431 124 126 525 426 409 701 829 265 756 378 622 747 108 327 597 484 893 888 301 352 73 900 395 591 965 272 521 591 640 150 39 447 544 814 876 849 585 795 395 190 200 61 619 897 697 641 361 267 238 422 124 459 673 391 233 351 469 884 989 332 115 166 298 365 795 280 201 552 847 305 176 157 706 219 306 118 343 47 191 120 361 6 761 918 808 612 331 63 992 226 238 642 648 106 662 87 395 804 831 674 902 13 871 146 785 143 141 734 593 525 300 945 512 822 272 468 536 536 962 924 869 976 678 469 194 297 154 189 159 435 780 811 666 642 570 123 429 
213 921 961 398 302 848 139 637 661 593 919 578 305 970 104 716 695 746 827 937 89 829 563 35 711 66 534 419 606 311 942 386 511 650 49 853 210 253 475 893 36 338 255 9 576 966 298 930 940 941 528 914 418 476 964 728 289 981 172 628 266 873 867 494 55 466 721 720 830 544 257 376 574 910 288 944 303 46 426 882 245 633 446 961 450 551 718 481 856 482 621 161 879 480 110 495 488 372 183 682 341 170 321 570 673 486 18 482 27 559 423 634 244 549 276 177 345 416 734 488 973 315 434 445 679 835 664 950 498 615 235 222 270 461 14 517 372 974 110 567 557 839 857 390 272 974 549 772 884 728 135 284 215 910 407 660 33 448 857 208 924 633 179 361 800 1 922 855 876 524 786 95 987 232 646 400 185 183 967 783 438 693 607 276 906 893 135 803 897 864 580 654 841 227 243 282 776 922 140 533 591 689 667 857 755 462 356 909 762 976 579 414 533 996 102 568 303 506 256 403 731 991 36 889 850 560 907 892 701 91 270 111 770 948 91 719 977 571 433 804 90 11 542 15 658 644 56 605 636 439 481 894 170 804 560 349 416 476 806 569 184 480 649 641 401 283 286 619 670 167 115 123 833 20 220 671 654 876 244 962 606 776 415 212 110 856 357 644 355 32 710 238 621 145 605 843 708 444 800 382 213 996 283 720 191 809 921 753 783 345 325 890 365 826 497 874 726 243 467 808 442 415 270 735 198 810 158 928 664 20 323 575 277 802 717 183 780 846 188 729 964 936 692 948 366 243 30 749 992 444 268 982 376 713 51 844 349 706 419 491 688 381 767 931 405 208 198 390 84 901 232 469 466 16 485 637 274 876 108 195 118 807 6 254 424 878 322 313 441 744 538 509 268 487 315 713 613 315 301 395 836 960 412 641 67 8 202 718 772 530 218 967 911 733 986 957 111 81 787 306 329 138 259 899 769 653 193 775 261 769 246 458 44 814 956 471 221 672 321 959 283 259 941 672 810 409 544 160 850 374 18 111 347 462 430 404 914 158 88 796 802 907 98 173 872 412 148 108 449 485 222 869 908 155 374 743 633 608 431 318 725 41 8 363 778 954 884 554 430 916 332 741 16 205 978 358 34 773 622 721 
785 982 743 212 979 995 611 339 345 754 611 226 795 768 912 969 619 270 805 882 102 345 750 248 974 103 891 49 12 88 406 57 306 588 737 426 12 427 569 822 399 222 730 385 499 209 273 257 574 523 407 312 937 437 906 818 514 342 48 652 681 374 424 251 72 600 201 565 180 457 598 998 216 856 162 902 686 801 279 872 731 39 196 888 607 105 483 254 914 604 498 726 488 589 503 879 644 183 215 380 257 36 20 102 41 876 782 196 748 663 588 877 158 73 42 89 736 489 596 988 984 311 883 265 122 804 524 238 918 199 338 478 330 977 45 608 993 568 359 563 834 245 813 164 108 542 858 940 978 556 185 236 17 412 342 470 141 838 104 108 111 388 846 71 354 612 103 806 39 294 29 303 215 149 640 855 851 737 866 527 93 656 185 44 380 37 553 700 820 709 838 205 124 218 534 168 619 368 878 216 143 648 672 50 458 111 438 51 148 854 591 80 693 686 981 274 585 285 250 596 9 688 351 291 934 738 923 5 802 807 498 244 331 169 630 944 867 500 687 877 514 246 714 378 561 360 353 926 910 80 265 448 267 717 941 689 197 699 757 771 415 557 158 794 880 576 213 160 573 643 64 778 463 605 543 931 874 989 319 977 86 266 676 181 9 742 241 234 848 929 41 542 642 23 824 185 462 824 59 650 401 442 513 605 430 105 730 285 845 126 326 867 209 937 629 985 201 668 20 532 213 944 323 735 121 632 447 542 957 94 360 118 485 335 351 802 334 534 301 223 374 182 726 515 7 552 235 848 778 185 376 38 733 785 429 418 507 415 466 217 561 183 461 978 30 980 548 583 460 422 708 155 387 948 348 93 540 549 954 365 251 954 247 714 601 760 173 156 791 461 860 824 362 757 840 570 230 397 178 670 862 217 951 583 391 162 768 762 276 174 723 33 924 671 909 98 883 609 597 436 781 936 96 565 133 308 333 440 722 334 984 174 797 180 475 444 257 505 718 800 908 483 512 461 491 627 698 790 236 473 711 965 841 808 764 670 608 449 195 142 826 694 589 648 637 73 491 883 621 127 363 490 583 378 852 999 772 945 298 368 713 666 821 941 58 638 599 773 348 953 823 836 808 864 413 450 626 679 899 15 
896 353 544 18 804 157 237 448 839 392 811 273 564 91 819 267 176 875 127 221 68 309 426 814 81 873 81 674 732 635 840 418 857 956 786 651 922 658 658 619 115 787 888 972 803 245 737 268 531 316 126 728 80 869 330 652 12 972 636 380 993 354 747 566 70 558 317 922 434 992 82 131 4 628 416 436 392 131 936 524 614 70 259 426 18 317 478 664 29 862 948 266 189 416 138 340 165 436 375 595 393 778 745 159 193 410 469 681 278 455 510 874 556 494 356 0 830 475 97 527 892 955 163 666 756 32 617 885 24 808 747 621 324 38 502 71 7 717 820 541 339 446 478 729 363 674 587 406 461 149 123 478 751 694 982 732 843 885 964 972 990 417 542 489 277 970 19 857 60 275 108 846 711 380 399 14 170 538 389 123 507 769 615 778 479 125 340 269 279 210 835 834 705 935 72 852 766 267 214 863 648 362 68 503 11 276 177 670 663 218 402 685 186 467 330 699 71 533 802 75 717 521 771 895 517 673 896 337 629 556 987 209 756 520 577 953 954 954 958 907 242 686 215 228 958 338 107 420 227 208 640 338 608 592 436 897 424 151 594 922 999 702 534 391 489 50 23 554 487 23 840 925 421 245 486 123 937 758 856 137 65 142 141 957 354 856 580 520 100 491 76 380 374 369 388 947 384 754 370 60 365 438 211 536 15 622 687 224 489 295 68 833 388 686 28 636 89 376 537 774 470 346 567 275 396 847 644 395 868 53 229 282 322 147 544 795 999 303 865 771 586 120 532 939 290 764 971 249 386 829 785 581 419 639 299 15 357 647 740 531 754 417 886 236 150 275 977 809 568 124 399 254 308 724 204 117 847 219 482 338 672 626 77 108 161 808 865 811 697 172 417 673 573 793 474 562 445 222 314 575 479 688 967 62 996 527 856 205 623 795 753 799 497 164 269 708 492 581 516 620 331 355 872 304 38 642 693 583 717 320 981 398 304 234 519 710 377 949 982 947 209 364 548 99 506 473 234 914 476 268 66 891 442 582 423 469 395 688 182 489 618 969 537 992 207 717 55 621 252 169 928 265 894 900 533 546 418 708 692 557 953 180 610 858 262 568 917 783 736 891 716 585 301 216 692 176 733 335 220 421 
842 808 38 146 242 443 138 827 959 247 195 916 661 82 125 397 343 728 19 497 176 169 965 376 243 880 152 228 671 821 294 54 505 630 210 362 806 160 74 723 844 358 254 106 320 150 536 620 19 946 3 762 33 715 213 512 661 933 334 784 719 731 802 699 533 631 0 985 558 145 186 911 811 405 413 605 883 124 175 994 937 748 511 520 251 157 950 402 459 233 462 917 271 690 671 22 75 283 769 806 395 11 493 62 193 564 826 232 889 738 375 436 776 416 383 709 513 15 643 8 342 979 45 521 739 951 205 568 693 921 766 417 947 299 87 486 342 870 495 985 8 512 203 84 155 944 298 998 727 3 826 936 284 811 329 312 437 961 770 461 702 161 858 229 40 532 540 686 474 633 337 338 681 207 124 557 13 772 577 317 738 710 631 153 486 598 410 855 629 691 982 275 408 976 967 569 270 902 879 51 813 756 398 364 596 219 884 408 42 975 387 582 871 510 379 48 229 866 478 311 575 960 484 674 936 232 139 958 943 978 892 171 592 15 445 725 204 53 833 748 768 38 842 103 546 957 895 773 430 742 712 354 44 896 525 238 855 630 599 26 166 564 58 188 896 535 439 236 812 415 739 734 281 427 643 905 672 25 1 683 100 133 967 546 517 550 162 552 803 42 318 748 955 116 49 942 470 389 756 613 942 353 791 863 482 8 126 823 256 873 582 482 708 866 847 885 202 241 966 173 279 87 305 195 244 663 510 876 530 321 293 289 12 421 694 926 247 905 793 822 58 325 998 114 767 597 118 454 322 688 812 626 722 792 509 413 669 112 189 800 929 890 548 878 370 973 581 372 33 882 734 861 904 892 550 468 544 44 540 347 538 76 692 751 717 188 461 965 620 860 72 96 629 757 6 142 32 622 24 157 311 139 22 985 735 666 285 472 867 345 772 19 848 835 1000 889 426 497 430 416 899 85 199 572 377 784 769 806 653 863 761 880 589 419 976 372 65 591 560 6 752 98 93 184 520 187 609 844 730 563 1 393 419 119 171 215 243 741 285 381 622 509 242 694 242 859 364 29 543 32 340 470 194 599 73 630 357 37 263 697 736 516 195 744 850 324 113 307 846 989 4 505 46 284 454 91 727 692 457 64 
474 195 386 253 647 216 812 558 474 681 8 43 834 949 606 75 464 303 487 803 937 9 416 432 230 759 144 794 210 220 790 288 678 221 747 591 659 269 666 835 620 958 442 821 736 551 194 856 816 352 355 267 73 498 883 931 350 968 409 727 601 830 608 522 958 432 47 62 255 824 234 98 429 751 678 670 439 717 210 307 314 884 189 913 640 136 262 18 469 507 762 896 956 421 548 18 747 196 543 559 650 724 42 610 675 554 657 57 662 345 633 329 391 832 401 793 593 672 312 849 538 944 461 366 122 300 627 40 924 346 6 181 734 279 823 461 637 156 782 816 753 728 537 820 254 100 637 537 202 196 760 408 147 108 711 836 263 252 822 665 897 334 770 526 675 903 63 542 682 108 664 379 557 721 595 560 958 697 346 497 411 190 963 372 299 849 150 447 710 52 937 504 501 193 735 98 129 813 100 317 457 35 250 190 707 288 806 116 272 925 887 213 903 665 88 714 604 776 483 459 835 39 222 507 100 416 426 440 505 315 657 481 678 523 913 676 423 489 872 371 705 636 133 294 34 823 88 601 911 535 637 389 950 601 39 452 553 269 780 211 789 791 228 932 88 1000 665 636 369 852 185 128 697 560 824 147 997 466 175 94 408 986 852 153 580 469 726 63 145 32 458 645 374 13 312 880 838 23 272 277 467 279 712 141 207 286 576 395 249 735 404 974 581 584 739 458 385 519 758 231 417 757 962 79 969 743 245 403 530 429 679 792 980 185 578 553 648 896 641 649 657 793 257 757 641 576 403 337 439 826 911 136 369 853 960 807 354 456 981 748 616 950 298 962 747 479 353 107 74 691 549 623 40 100 933 385 475 902 183 849 92 798 440 426 441 685 455 96 781 593 969 781 2 95 898 99 194 18 824 282 689 774 523 570 588 37 156 275 979 71 525 753 955 209 231 858 823 630 791 861 970 980 758 660 116 326 416 903 370 154 826 31 979 92 3 920 366 651 169 621 501 412 523 68 819 687 480 145 110 285 493 178 903 863 317 969 520 426 74 90 167 218 284 850 729 454 784 778 834 261 435 504 167 924 214 606 197 197 825 211 228 539 455 100 401 599 392 662 821 60 594 581 824 943 931 784 138 991 347 505 
720 14 342 505 48 468 54 90 924 439 201 954 890 608 303 912 454 206 511 969 459 468 785 513 342 115 807 745 117 325 84 109 810 492 666 524 820 591 795 573 84 62 290 836 987 526 353 467 603 994 421 111 664 82 729 725 387 170 494 463 518 381 868 304 805 163 920 996 259 4 92 530 302 323 669 776 926 778 666 153 105 8 285 551 781 613 617 953 365 362 619 1 772 211 572 370 385 467 761 577 165 331 300 58 313 276 922 925 839 116 593 69 514 366 958 896 239 541 235 817 439 518 705 567 481 349 458 530 104 533 378 619 574 300 165 992 514 735 739 737 960 342 973 611 651 139 626 582 497 66 691 601 905 379 946 380 404 423 649 854 593 439 570 905 938 853 189 863 479 189 582 913 342 324 105 713 171 863 579 86 539 877 437 163 233 822 309 945 450 123 506 487 999 208 538 571 725 653 299 25 164 587 287 176 630 335 640 531 172 334 961 45 434 743 525 533 908 936 670 167 904 394 681 604 818 597 529 871 416 809 143 331 604 643 186 528 730 418 722 170 189 185 770 786 234 441 588 402 620 278 245 325 162 158 621 244 12 437 867 616 937 743 886 866 385 575 196 82 661 758 900 532 528 87 291 813 827 234 74 748 957 359 43 520 849 238 165 332 979 386 791 30 116 564 796 552 489 33 361 946 714 844 280 889 652 150 723 352 300 755 190 418 451 184 487 438 793 189 54 263 452 941 600 886 990 146 892 501 692 660 562 730 391 663 616 434 822 551 658 568 441 687 393 405 342 196 17 669 942 728 842 952 138 480 497 10 697 335 350 526 849 205 574 371 522 703 770 984 34 877 796 102 743 908 552 371 470 224 854 847 804 247 278 473 396 554 530 531 413 74 96 199 809 888 128 478 860 539 512 944 320 579 736 920 500 897 967 468 76 513 987 453 733 69 856 658 316 79 868 464 487 535 412 39 794 178 125 380 535 139 360 731 506 58 555 44 337 262 103 700 360 50 819 623 739 943 176 113 150 15 739 522 178 116 984 178 760 114 405 834 37 359 893 763 889 581 972 370 558 165 509 340 643 950 422 984 167 116 246 966 817 294 930 678 943 870 91 343 455 267 892 505 656 871 867 778 199 477 631 842 
881 754 411 161 862 944 976 585 827 5 27 290 935 348 12 384 943 32 578 974 596 464 886 226 426 540 377 361 598 84 607 231 889 537 103 718 638 928 898 760 137 383 282 630 371 407 683 310 914 563 851 749 750 488 890 138 791 730 59 604 485 708 97 721 889 255 268 244 895 577 745 833 135 909 204 775 419 872 612 716 2 843 166 684 619 474 194 829 723 287 307 842 825 982 902 580 715 260 238 978 725 958 852 575 38 231 747 315 242 629 542 969 985 564 484 9 392 943 828 145 50 526 628 354 503 978 115 570 900 710 589 412 76 405 561 425 499 633 766 323 303 751 365 690 469 235 917 248 512 871 24 366 584 686 309 551 813 673 673 348 303 516 134 102 26 955 63 992 979 295 833 485 817 256 57 660 476 208 438 548 907 319 294 435 533 153 854 596 629 435 391 524 338 143 335 153 450 26 289 759 499 222 70 203 768 564 289 12 390 684 786 808 290 827 332 567 716 469 563 124 312 26 230 578 959 639 789 592 653 635 640 80 810 49 144 663 734 460 764 212 28 597 562 500 165 954 119 626 916 786 740 138 86 884 390 791 278 124 590 302 877 683 514 83 879 483 119 52 419 72 400 317 933 953 184 589 895 653 189 661 438 432 223 361 636 13 814 521 499 403 937 326 785 889 883 560 559 288 874 295 181 637 382 653 987 573 996 196 568 272 855 496 675 277 596 371 637 116 384 180 6 203 445 531 723 452 717 128 718 531 599 58 93 155 670 247 423 15 696 320 745 261 699 507 950 344 303 855 826 55 836 64 598 723 278 895 502 323 816 287 76 19 634 737 325 155 403 995 530 192 898 115 309 512 146 177 74 500 929 581 535 69 898 787 134 61 437 566 529 337 300 468 677 125 376 531 212 506 815 676 465 517 996 246 1000 809 907 605 61 910 485 688 989 608 256 215 844 897 385 434 618 64 754 280 408 517 724 833 411 882 834 382 889 273 50 477 440 349 914 265 819 375 417 935 810 145 627 802 998 6 332 352 891 815 315 79 872 224 611 585 170 398 848 42 885 149 79 236 406 270 731 386 697 800 638 406 596 469 877 300 792 255 74 499 294 82 643 642 342 789 272 574 769 973 832 942 121 292 847 146 
459 890 664 705 225 247 154 521 181 450 1000 969 547 255 594 487 80 707 109 376 465 589 416 352 473 601 770 915 343 332 272 61 34 868 800 605 898 183 571 626 531 364 692 844 561 854 165 463 884 662 567 779 981 126 543 507 160 535 348 286 450 776 473 65 213 258 276 353 745 204 100 572 915 379 876 674 765 458 3 219 993 523 386 187 158 923 956 990 419 392 513 158 863 837 595 481 844 10 348 896 387 699 649 465 915 271 508 362 729 229 164 865 704 968 594 751 729 203 150 285 378 980 978 427 480 197 267 357 756 658 318 361 750 820 854 527 183 515 353 254 380 500 569 605 676 959 42 897 292 648 687 706 454 446 589 170 799 921 758 282 993 921 640 941 726 750 425 134 540 638 727 316 699 87 261 890 943 942 857 496 645 140 945 267 911 637 855 744 960 369 301 914 61 265 274 785 679 168 344 900 121 390 432 427 928 452 184 443 891 15 866 779 342 365 734 44 452 26 27 599 776 12 288 17 931 165 802 462 644 13 429 77 2 787 952 97 909 896 470 799 523 539 569 669 664 621 169 680 403 728 706 850 32 910 141 857 638 472 899 344 942 999 340 500 561 236 431 748 743 249 888 491 732 291 701 94 834 651 939 974 441 788 140 700 783 458 432 425 632 212 649 630 309 636 109 885 921 988 619 595 623 753 89 241 995 128 17 590 477 935 54 76 370 133 820 617 579 57 369 146 169 357 725 629 126 752 507 640 939 390 813 971 780 430 658 238 409 69 549 763 976 64 406 420 145 279 616 991 488 985 859 706 102 316 223 795 431 39 920 476 423 253 697 186 927 523 96 22 124 604 623 706 874 44 137 718 300 508 744 269 460 179 953 811 580 682 591 940 501 535 283 178 952 810 844 978 963 2 600 583 843 950 508 788 9 115 166 820 346 984 642 850 317 466 344 75 284 535 596 210 879 420 298 777 10 302 689 972 518 959 649 542 859 124 522 690 134 727 226 331 756 311 60 936 702 269 232 126 558 128 560 680 811 43 683 253 428 335 614 809 461 572 203 369 948 935 600 464 643 10 37 621 539 73 89 747 93 501 662 142 396 311 759 378 237 79 469 2 170 114 408 189 713 236 1 177 557 483 575 575 
930 695 947 785 262 455 590 944 386 805 501 183 284 671 990 462 412 771 74 618 696 184 529 275 68 420 457 73 155 460 156 186 54 150 796 866 606 127 338 259 53 464 892 991 407 885 54 233 774 107 699 768 57 981 949 765 946 711 948 87 822 333 163 544 800 167 303 476 393 591 897 875 706 235 147 147 946 228 54 991 899 840 253 769 798 680 669 836 583 156 435 369 529 997 482 441 467 841 507 369 436 721 259 857 435 817 175 806 832 162 573 593 286 29 222 975 325 128 351 356 168 933 897 384 140 892 650 930 688 499 82 243 106 871 477 361 34 121 734 843 400 346 353 843 456 492 447 165 534 342 722 117 498 747 942 662 536 516 567 716 296 527 325 714 326 924 92 209 713 626 59 760 334 215 129 804 826 502 620 513 285 980 282 858 609 511 732 355 59 704 467 396 582 319 454 963 7 956 968 191 567 54 42 136 197 584 223 797 733 440 371 501 919 704 503 955 567 53 360 268 517 102 986 680 668 617 823 469 36 711 999 102 76 950 224 38 715 343 175 640 43 849 966 39 566 628 395 178 480 345 29 737 199 506 241 660 766 22 231 47 767 993 601 853 335 322 357 802 795 271 196 279 928 901 979 988 69 511 996 17 273 845 398 90 445 326 746 975 469 400 735 174 332 121 868 824 970 647 421 509 427 5 744 733 484 16 576 101 516 691 725 880 4 944 80 739 956 305 990 869 10 204 216 179 254 199 746 880 776 43 15 181 751 85 450 788 40 211 925 904 622 691 255 153 905 663 105 123 666 973 871 39 934 756 837 637 392 199 337 918 672 708 45 729 406 405 710 700 644 743 170 894 410 58 101 858 534 98 67 897 170 773 181 494 444 721 361 71 678 842 734 691 770 641 470 768 448 333 45 518 545 465 403 205 197 978 948 645 445 527 878 532 327 1 384 752 494 584 781 617 825 154 19 593 601 473 73 250 836 169 572 309 326 465 198 623 518 218 635 50 183 773 447 578 126 313 817 755 883 934 226 553 443 23 580 385 913 393 980 836 921 640 311 510 372 504 160 306 903 832 900 147 843 870 488 133 520 226 595 83 339 858 96 944 295 731 557 243 120 117 659 572 810 867 245 55 548 900 539 470 
409 840 831 502 448 313 983 626 5 978 745 264 48 251 608 998 161 865 899 793 144 144 677 524 473 534 559 382 847 982 712 68 247 646 301 969 83 695 728 337 203 291 902 642 908 704 226 143 279 883 902 146 954 350 837 503 140 238 85 234 678 667 916 323 839 435 511 950 38 326 276 171 911 100 633 957 260 49 1000 140 1000 341 566 693 579 410 453 183 237 719 912 612 376 346 340 782 667 167 161 325 644 76 197 285 686 545 464 583 849 297 77 429 989 907 632 439 951 877 827 891 388 374 87 355 739 170 653 175 340 726 867 625 118 215 107 716 124 812 517 922 899 843 17 84 438 633 505 46 872 245 170 308 504 801 629 117 42 428 63 269 298 945 27 964 971 970 218 308 747 999 241 532 746 666 136 206 907 109 422 376 631 509 904 862 592 726 725 360 259 139 653 413 113 131 486 854 659 449 724 877 989 486 419 846 402 857 837 611 113 390 335 789 410 858 515 700 623 696 339 260 618 396 595 208 321 160 849 178 132 568 16 511 199 73 216 766 868 175 642 97 158 335 194 538 144 457 200 392 102 466 714 38 384 221 450 441 925 982 376 595 954 716 611 828 988 433 885 171 869 407 267 634 728 289 661 707 633 603 171 184 814 23 902 27 8 645 111 273 558 740 255 388 267 443 460 861 305 574 479 402 446 637 68 116 379 706 843 351 506 958 311 952 438 231 992 566 521 126 297 206 791 642 13 954 690 408 798 964 848 106 768 859 654 654 932 989 384 792 691 654 406 625 935 506 761 775 258 819 354 625 239 120 856 895 903 292 491 735 517 858 950 631 859 450 994 371 449 770 206 791 524 658 64 432 28 555 381 988 145 234 730 843 607 920 216 726 350 197 47 69 40 766 504 187 511 479 344 964 724 162 691 21 820 677 258 308 864 48 108 53 170 389 558 459 20 750 825 872 387 681 192 170 894 509 308 192 278 723 336 236 344 453 766 408 51 376 633 434 438 151 773 187 858 405 497 782 291 41 596 605 19 932 769 903 883 296 552 461 635 4 2 294 484 780 923 8 352 351 124 417 732 702 927 513 73 449 383 19 793 731 875 660 875 545 569 714 302 77 811 667 109 684 284 469 617 221 970 641 411 84 
92 103 971 862 988 414 511 227 809 390 176 861 734 16 167 613 261 177 914 259 961 175 726 28 562 289 710 858 818 777 420 855 145 871 814 18 729 559 927 744 319 709 603 859 313 682 324 847 163 702 392 963 940 442 942 60 7 951 42 269 297 894 626 251 766 132 290 350 973 841 798 452 305 904 607 277 417 722 9 754 524 112 204 595 595 616 777 26 460 234 45 988 16 210 295 55 188 708 222 219 175 556 226 679 404 725 733 696 281 965 928 629 103 848 949 449 272 452 958 32 163 657 556 490 452 311 489 18 619 147 953 136 594 432 575 395 286 904 205 473 396 473 798 924 405 74 286 123 951 675 918 989 692 523 652 317 260 451 408 673 585 240 290 800 415 22 637 921 332 780 481 160 938 80 55 148 347 498 768 499 104 389 746 794 182 311 68 856 742 422 817 203 182 123 750 610 544 598 242 911 993 799 518 6 864 696 572 45 507 78 361 726 696 257 917 330 234 669 983 96 351 874 1 652 439 981 33 71 111 287 688 669 331 366 817 135 574 959 415 668 333 621 898 877 691 687 122 64 701 173 962 377 809 970 865 863 973 90 262 339 413 476 462 297 722 717 193 709 113 389 394 480 280 394 480 867 66 504 764 876 251 349 794 945 842 589 388 810 410 749 772 924 978 251 321 923 840 548 37 820 754 757 394 990 799 972 186 140 804 8 320 40 85 204 770 997 284 100 701 817 482 517 938 467 909 486 13 246 359 460 118 498 513 767 389 634 65 737 125 223 643 733 700 563 300 309 76 764 501 392 725 791 200 782 825 800 442 457 57 128 410 750 564 974 537 99 138 354 680 810 841 974 551 382 403 968 529 54 620 334 278 694 962 131 936 848 2 571 307 691 888 168 601 446 515 528 942 35 52 843 548 449 818 302 439 594 602 415 711 193 271 875 978 667 271 974 790 340 599 44 973 802 733 647 158 130 153 538 801 667 257 662 928 651 322 329 935 966 948 434 733 174 169 361 556 232 858 215 619 950 487 59 10 915 343 793 464 153 745 544 708 601 393 376 652 146 1 203 75 631 171 377 133 265 662 315 44 993 937 814 586 842 80 835 811 532 473 799 808 403 701 964 884 372 942 797 30 357 115 30 
161 923 575 691 610 715 719 686 571 921 216 864 963 984 263 934 619 293 440 893 262 548 286 198 440 617 109 224 264 173 357 588 222 318 658 309 766 913 570 942 594 627 930 196 940 801 357 371 309 242 144 786 283 900 80 1000 196 748 360 841 946 75 282 212 37 34 816 12 64 450 995 121 414 759 960 609 82 854 916 972 323 61 814 217 465 877 594 397 954 176 824 564 413 648 760 668 527 373 583 480 487 680 428 513 615 713 603 342 844 2 330 414 500 409 445 777 405 687 333 781 692 435 842 225 881 770 125 182 155 943 801 865 947 426 86 19 554 998 511 934 959 245 904 367 936 297 309 346 950 943 945 760 112 768 926 559 272 582 607 543 713 592 373 947 725 785 732 20 557 395 952 541 514 604 50 222 166 812 565 444 494 828 232 622 68 124 836 157 36 662 59 570 661 751 429 139 522 564 987 927 310 313 89 468 286 782 597 782 786 303 535 152 830 128 686 972 51 991 734 619 878 27 927 43 513 166 180 611 679 345 70 68 625 62 905 398 987 784 578 658 596 416 232 795 28 178 440 781 216 756 262 12 421 907 560 659 56 553 102 814 592 477 398 493 276 870 13 50 693 322 782 956 140 759 680 191 232 258 995 361 777 743 235 848 179 860 62 219 367 139 562 570 278 424 886 943 304 814 577 331 847 900 623 776 159 585 576 464 585 625 161 609 852 173 82 659 768 487 683 619 189 94 661 832 1000 104 914 599 385 332 260 982 280 450 33 229 547 59 747 621 388 341 771 11 833 684 814 580 835 943 58 298 862 323 551 122 672 615 922 185 104 997 532 514 544 438 979 32 347 361 497 4 652 309 177 875 560 924 741 690 561 469 783 369 576 837 557 208 237 783 858 519 563 523 394 503 770 846 609 149 307 288 845 622 744 367 531 893 802 709 645 939 985 325 18 754 994 905 991 94 859 273 797 696 610 295 15 9 98 31 446 284 740 669 814 61 473 988 33 655 83 107 666 191 949 894 42 217 327 91 873 497 710 457 426 448 512 572 515 140 699 962 531 811 872 835 554 153 767 539 810 238 274 407 421 391 452 174 637 59 424 627 119 135 934 879 313 403 448 216 351 960 412 189 979 654 568 868 955 64 
996 317 484 639 521 518 289 774 785 41 872 492 698 463 734 32 283 390 917 176 90 506 981 747 759 10 49 307 201 889 131 949 380 139 674 737 59 978 244 41 611 681 14 402 340 672 429 209 169 775 579 828 665 840 986 328 785 234 406 310 111 481 862 978 635 212 19 912 459 109 288 522 760 691 21 907 360 134 78 567 450 839 746 446 646 546 198 238 35 551 658 544 179 989 860 615 954 310 706 677 991 281 764 911 845 414 829 401 702 705 110 411 998 203 336 871 850 370 931 755 364 547 963 941 710 926 632 791 283 741 523 76 184 820 661 981 622 725 92 776 592 920 166 126 958 993 145 634 480 512 585 511 29 996 89 505 589 901 417 607 552 720 319 405 534 789 695 843 342 591 785 485 892 88 683 140 43 629 875 770 283 347 318 553 359 414 928 216 864 937 535 855 138 904 704 597 375 200 248 976 867 620 986 326 155 875 602 644 898 566 712 839 903 138 751 268 602 809 355 963 973 90 244 514 745 538 863 401 628 919 701 35 48 0 585 251 947 281 8 27 971 99 696 491 9 443 747 229 298 670 85 549 215 197 325 802 797 121 208 981 82 507 268 777 504 868 326 497 911 43 12 327 223 583 122 605 911 420 445 792 202 932 509 985 576 113 208 61 775 970 363 923 664 517 41 620 40 485 698 43 211 526 165 807 912 847 830 486 660 937 135 884 567 411 58 123 589 225 984 232 217 362 112 291 562 317 614 724 21 561 21 81 727 955 314 231 988 482 151 131 369 214 272 665 523 205 756 74 425 549 612 545 519 772 212 832 302 264 158 291 306 999 940 130 522 537 628 363 494 617 461 837 285 293 445 601 667 214 684 400 777 513 42 928 135 739 232 511 780 709 458 377 870 370 489 285 927 503 50 222 811 388 342 742 812 930 766 954 309 269 93 702 298 817 632 484 266 447 294 995 546 360 112 387 776 900 794 663 15 564 58 820 764 726 948 765 976 620 491 859 943 708 348 937 873 702 996 511 199 587 314 371 403 825 718 887 236 373 637 589 66 316 579 862 195 188 762 865 919 509 904 585 238 569 482 1000 200 908 579 176 18 14 677 776 132 922 180 558 415 84 886 148 494 742 499 509 860 714 948 633 
206 74 365 835 553 819 888 890 399 95 126 181 541 342 635 793 767 93 853 854 732 830 576 556 704 732 173 115 20 964 147 149 431 860 728 602 257 226 928 45 409 339 605 548 789 821 314 621 254 296 357 210 658 965 317 353 30 828 643 136 957 933 579 424 203 156 118 959 714 498 588 775 48 405 795 468 371 75 33 354 273 937 588 451 287 626 545 47 763 869 204 166 658 313 983 991 465 497 785 251 40 478 761 30 880 347 602 535 101 798 948 179 43 459 148 727 579 688 63 814 900 367 922 788 859 560 908 674 252 771 783 156 616 14 58 381 168 721 352 69 466 588 228 6 232 534 755 261 702 187 395 795 385 834 734 342 865 350 857 490 107 573 226 410 465 193 899 753 176 48 405 310 607 696 775 537 862 144 927 519 191 876 835 950 329 965 177 175 882 417 77 265 45 498 832 354 723 718 822 474 11 767 612 33 998 917 309 144 135 41 135 752 792 406 517 946 597 801 896 751 526 633 996 663 987 93 169 593 181 587 626 592 455 962 939 50 642 557 766 632 913 574 612 107 202 936 641 64 376 52 497 231 64 978 828 118 690 784 547 688 887 750 424 675 238 661 995 3 565 521 473 885 699 824 697 153 964 801 60 430 498 95 445 838 930 918 600 616 765 543 822 895 220 703 825 803 211 466 242 54 400 222 984 314 542 763 752 313 501 437 749 557 581 375 338 966 574 295 748 73 984 519 825 358 956 655 198 785 443 115 206 560 208 513 304 829 532 573 658 34 276 405 27 856 541 27 305 848 340 615 452 326 975 928 709 534 842 327 847 373 815 224 899 130 526 662 945 947 787 117 915 162 356 603 403 914 841 859 714 195 275 359 110 139 633 421 14 848 498 953 646 16 391 308 913 867 919 400 483 680 798 560 790 214 520 231 347 172 358 950 47 543 526 59 577 929 609 399 585 405 723 786 400 478 486 109 948 766 860 840 386 654 867 629 948 226 723 708 925 305 677 353 884 116 228 339 860 843 895 8 781 464 990 327 989 917 257 233 998 920 262 968 743 392 517 877 435 666 622 25 719 528 422 371 948 277 776 818 170 160 320 408 357 135 478 87 843 586 128 829 962 777 992 788 254 811 569 843 378 614 
877 473 186 298 959 155 64 34 309 739 141 236 875 874 409 391 890 325 502 762 750 637 188 707 764 4 831 210 147 429 400 169 959 968 158 299 683 290 260 444 797 198 383 36 767 963 729 397 93 113 447 457 72 322 51 146 610 440 942 440 419 786 998 577 759 877 570 678 338 89 924 783 632 889 249 470 682 198 639 156 85 506 993 499 604 93 306 298 474 736 475 179 611 704 725 928 905 368 69 754 529 77 159 989 717 541 286 556 152 12 600 442 497 271 294 323 659 830 680 35 660 690 275 739 627 972 488 840 79 987 627 647 426 173 222 512 112 160 841 199 919 646 347 812 219 552 233 372 460 868 422 835 753 102 137 839 412 376 47 655 143 113 555 31 220 416 572 172 853 70 622 178 889 584 358 44 649 281 892 43 96 538 579 88 35 910 629 784 986 327 274 125 346 36 762 737 968 636 315 151 470 475 501 209 704 865 216 865 544 230 125 354 286 165 390 269 127 699 478 839 714 135 569 79 728 397 627 150 878 599 581 90 866 686 997 68 852 468 207 897 245 210 658 935 812 720 738 318 229 275 14 273 615 871 504 813 782 708 566 984 274 798 411 819 196 985 943 226 214 446 587 207 601 617 898 414 841 390 419 558 348 704 551 698 443 294 887 886 964 679 514 782 321 81 402 370 937 332 675 942 544 132 966 49 209 776 806 335 348 440 450 713 810 664 462 933 882 527 20 848 625 573 108 691 869 142 735 393 269 291 113 840 614 326 808 234 233 600 671 371 189 413 494 591 159 998 151 931 547 647 207 584 435 283 937 111 396 529 277 553 20 999 237 68 924 746 447 485 942 870 561 18 282 439 406 927 220 433 778 238 832 406 810 2 158 19 891 749 64 910 188 271 198 523 371 179 137 704 577 28 163 10 52 695 706 498 260 627 530 999 555 251 276 439 754 649 675 65 753 23 15 175 449 290 833 208 145 552 268 234 245 65 399 273 317 665 605 950 251 212 345 979 329 769 365 915 474 65 315 108 434 256 959 579 417 999 559 866 577 65 424 610 673 492 500 589 960 187 391 893 713 283 976 13 655 862 655 281 686 536 406 503 921 104 974 296 482 800 92 213 484 462 908 894 170 827 244 272 204 903 
704 976 283 580 943 920 138 281 390 568 848 293 120 282 71 700 472 996 395 338 735 71 761 725 390 655 41 988 541 905 683 378 291 508 127 208 587 413 938 555 171 153 379 156 329 8 66 947 98 249 693 963 953 648 931 450 536 946 409 819 791 455 331 29 297 690 273 741 23 50 3 946 403 517 965 258 883 414 691 636 65 644 227 26 752 694 951 375 707 898 802 517 587 475 511 738 755 668 144 680 125 911 139 932 485 679 590 641 239 93 340 766 71 649 861 532 794 501 375 658 714 428 352 887 167 63 358 676 419 996 721 511 806 387 256 898 499 662 739 197 316 255 850 956 894 800 54 384 921 262 414 590 850 60 242 250 379 638 581 943 137 353 326 897 925 117 629 192 917 148 888 766 429 30 757 404 514 877 455 67 673 959 994 628 225 43 809 371 57 327 929 381 985 804 193 114 836 798 935 6 272 469 225 171 713 217 493 346 348 268 162 837 708 537 514 653 407 924 310 519 856 40 755 117 465 371 708 444 465 832 296 870 898 465 805 272 947 213 619 905 952 268 555 25 458 891 824 744 303 503 64 242 75 159 604 945 888 860 983 591 236 316 101 482 939 648 306 573 447 584 319 14 821 878 98 888 108 596 397 879 257 333 866 666 855 955 219 509 55 37 622 345 230 738 505 635 155 70 681 891 307 492 591 237 313 634 707 17 815 732 579 282 377 313 751 907 866 626 664 373 997 388 956 491 767 733 762 852 337 658 226 653 419 544 25 63 821 980 648 14 660 523 131 691 535 685 168 388 778 81 599 740 820 805 227 9 384 291 526 579 278 947 832 983 559 385 852 934 658 393 374 749 611 34 753 487 580 616 224 273 692 311 327 704 775 752 312 277 532 907 236 202 767 227 850 63 757 702 624 5 916 441 251 411 189 644 476 203 624 462 643 789 36 572 584 74 304 785 224 967 81 495 107 979 80 432 123 233 416 848 817 77 157 148 109 817 613 670 234 360 672 273 754 10 839 793 509 499 952 370 365 493 230 401 533 424 892 234 885 675 775 231 619 716 631 937 701 236 784 473 410 168 537 318 823 451 819 0 430 808 966 149 708 49 872 637 554 235 42 193 405 204 426 569 452 345 487 756 710 475 
761 273 772 806 130 478 350 295 216 999 879 497 580 534 174 159 862 96 17 684 383 996 598 76 178 729 1000 806 710 111 952 973 645 837 190 76 668 766 409 644 594 618 778 828 18 14 788 214 488 452 580 459 97 18 447 727 50 20 361 411 659 347 714 263 58 653 838 445 348 830 773 132 12 793 695 126 17 66 922 625 103 179 833 667 857 288 76 432 3 163 210 724 412 539 982 944 389 412 760 722 508 803 707 115 606 539 556 391 847 727 170 501 786 968 971 908 982 646 475 750 710 725 39 512 937 319 631 298 556 726 39 358 579 887 182 855 105 527 371 133 555 516 656 667 225 571 311 404 732 950 184 739 251 130 694 671 748 506 402 85 603 990 795 423 217 630 428 294 903 312 245 70 259 309 898 735 117 578 571 213 353 353 280 136 515 57 776 924 933 229 874 354 81 664 213 902 714 781 412 888 502 839 367 612 963 877 976 398 553 334 796 123 214 598 309 403 843 120 138 285 785 692 343 214 186 463 101 3 131 304 219 946 809 71 255 760 748 545 476 328 560 916 305 525 13 380 888 120 135 51 836 654 405 702 456 491 878 843 99 98 954 425 354 249 377 125 583 469 583 434 886 44 96 265 166 951 605 262 296 812 249 608 681 239 236 521 802 612 127 267 402 444 631 805 440 545 694 271 619 312 124 83 600 289 280 365 861 487 827 556 489 735 361 530 546 576 61 774 293 493 681 425 584 442 221 834 26 874 875 558 182 282 571 910 568 254 541 499 706 335 736 728 836 217 569 333 21 773 308 55 605 217 563 191 368 192 439 773 83 429 783 624 719 276 749 864 269 784 499 837 441 488 353 72 520 913 455 784 360 616 491 877 104 827 911 948 604 593 341 735 25 615 698 224 375 631 155 668 286 854 690 38 377 683 61 682 925 471 601 762 662 748 190 233 790 693 447 91 492 251 436 7 250 157 3 567 475 795 698 188 580 876 467 256 16 443 955 676 499 934 763 460 228 901 983 619 958 792 493 516 408 814 418 868 954 779 114 869 422 348 623 680 716 736 403 199 331 683 958 246 920 392 728 162 315 888 416 847 178 7 799 85 164 881 674 467 154 786 632 36 590 816 811 137 102 333 489 291 217 460 
845 189 430 538 821 255 79 472 787 214 238 941 915 667 592 875 972 63 914 777 780 728 41 198 415 699 577 81 504 73 723 971 698 103 737 977 176 389 459 296 888 60 154 483 543 732 618 191 276 59 391 401 360 122 772 937 490 672 431 577 258 702 651 502 602 423 480 644 668 374 720 990 815 604 89 468 478 111 736 47 746 257 761 657 205 346 172 802 431 469 891 106 573 973 781 656 631 396 338 456 569 848 564 442 319 555 989 535 931 532 837 558 7 903 338 109 43 729 820 486 851 961 866 560 193 252 665 210 808 103 251 752 482 792 232 583 169 28 685 802 980 918 709 163 604 208 869 962 720 366 292 397 114 549 607 871 150 642 670 438 986 83 408 17 621 201 502 752 839 680 579 571 464 53 530 13 595 23 162 971 965 345 978 95 288 74 68 17 953 950 837 844 73 226 784 553 748 586 21 800 590 590 984 435 119 125 588 912 817 630 666 745 446 971 314 307 932 697 670 100 642 61 591 702 370 731 733 909 670 98 936 107 643 65 652 148 358 545 562 419 170 688 516 803 577 482 380 38 825 868 332 197 505 195 772 133 346 166 31 159 35 608 748 516 998 372 790 48 240 202 715 864 496 825 677 788 501 710 430 439 559 920 551 801 384 74 931 972 336 826 245 744 243 257 167 293 391 251 112 666 769 815 889 325 337 29 194 498 300 639 190 392 977 446 195 347 248 553 634 841 498 385 262 782 50 492 920 218 493 785 826 117 321 164 934 486 877 847 114 794 558 118 997 427 760 385 586 936 94 180 363 464 754 884 184 491 2 899 858 2 578 595 792 152 755 409 911 248 825 897 880 696 820 195 986 422 611 449 797 419 37 79 977 179 118 709 793 225 934 272 208 909 943 733 578 823 887 997 391 843 598 101 774 90 411 895 127 147 839 315 181 323 232 285 897 601 72 42 116 904 569 613 802 242 269 597 924 859 877 748 85 588 45 346 299 548 256 827 282 981 215 440 781 120 967 453 331 380 76 508 243 589 894 782 10 11 419 188 282 657 660 823 184 652 555 971 965 611 999 412 62 434 957 306 912 854 512 241 814 290 451 417 779 724 13 220 663 466 956 479 417 894 677 594 388 221 411 491 216 235 
841 565 487 740 225 54 898 171 704 82 949 498 645 308 163 253 565 276 477 361 151 904 649 267 805 475 483 174 669 565 19 625 495 55 790 510 504 670 437 98 394 997 584 327 369 535 133 345 162 713 774 165 863 538 45 598 47 756 474 439 668 686 397 999 947 327 747 318 343 110 769 972 617 823 659 668 952 429 701 397 143 967 875 333 935 254 334 755 942 816 774 602 862 277 805 339 3 32 168 636 991 6 610 447 209 469 901 448 890 727 405 454 513 862 289 739 412 669 597 486 326 898 19 347 253 366 685 476 594 634 53 883 568 702 394 739 446 708 178 209 69 786 236 480 872 534 504 96 830 806 973 640 267 354 527 563 721 794 296 140 497 502 475 8 100 767 23 600 445 539 281 61 23 623 79 899 480 850 468 445 371 616 346 509 161 878 386 573 182 171 531 963 230 736 780 304 688 109 45 865 482 318 235 43 409 336 343 876 512 259 535 76 197 872 793 526 131 179 338 419 452 681 576 321 193 306 932 516 325 507 72 340 895 73 377 972 578 520 28 353 541 944 484 648 915 642 731 717 734 965 704 470 508 842 188 379 985 619 457 963 871 414 959 945 214 131 776 238 304 85 844 443 928 382 515 841 483 557 310 531 763 169 478 759 127 861 412 649 434 417 395 974 813 423 61 715 402 756 604 909 678 461 606 497 324 715 11 670 472 856 738 774 532 557 157 261 379 754 134 348 684 11 793 985 734 123 827 160 163 315 812 880 539 40 808 243 639 321 1000 576 393 367 156 432 834 70 300 78 980 107 241 975 722 558 847 537 978 916 895 481 59 335 858 580 66 319 829 133 382 253 288 129 785 543 208 579 504 160 401 908 569 434 449 420 936 6 672 779 195 406 712 163 988 62 362 169 791 934 445 636 465 854 506 444 403 625 427 398 850 228 668 593 991 930 236 721 704 709 841 943 663 595 695 540 868 450 816 925 194 981 713 590 773 862 921 445 712 464 819 162 834 259 495 684 383 964 81 385 892 82 231 200 510 513 779 310 845 909 935 760 639 237 865 866 569 894 988 607 610 686 582 245 464 885 713 69 111 367 742 667 190 102 611 671 912 373 477 835 476 594 440 643 239 290 952 363 188 286 789 765 
63 277 525 405 162 23 307 629 566 161 877 440 366 134 607 657 565 621 744 238 693 398 641 611 977 618 657 268 102 311 75 496 677 66 676 978 801 313 605 617 843 893 716 350 45 228 528 64 223 827 587 110 377 439 63 139 531 838 648 715 334 768 980 909 838 723 477 579 163 312 877 845 924 782 503 494 186 13 970 360 3 884 475 602 149 8 403 48 729 644 691 696 674 558 995 489 754 690 614 61 607 849 214 764 168 809 915 720 88 490 121 543 244 1 681 929 747 673 80 64 635 597 36 690 643 640 904 301 468 74 954 589 487 445 89 422 503 9 253 187 259 133 788 801 915 362 195 522 665 251 78 644 330 658 51 487 69 437 589 371 6 284 932 421 544 686 118 834 986 451 562 291 731 210 143 936 165 164 343 381 931 294 157 596 694 366 228 672 129 97 464 191 396 527 852 721 703 32 432 22 927 589 483 945 639 262 286 45 224 495 785 996 278 575 829 330 5 55 284 974 917 102 747 779 213 773 12 847 333 310 67 519 973 12 426 214 450 466 812 867 237 155 66 263 745 431 266 836 336 179 213 460 619 261 440 873 546 126 862 675 565 15 69 202 837 564 814 182 350 396 351 888 725 470 605 788 393 417 657 979 835 833 591 107 646 397 570 777 572 196 972 841 251 2 584 119 587 16 953 157 887 795 656 847 507 950 641 464 862 122 306 371 223 166 622 897 113 673 213 464 620 490 340 325 509 88 923 162 859 459 820 834 586 892 172 711 744 557 586 462 122 152 287 29 900 209 520 116 402 403 180 892 440 318 380 747 408 212 812 892 117 179 484 667 295 487 78 431 652 37 823 202 472 763 835 69 25 42 270 605 953 894 400 32 168 122 767 732 680 905 857 157 114 217 773 860 663 385 453 811 227 420 810 993 110 386 899 183 408 346 947 709 197 802 873 546 794 740 124 998 787 927 524 525 583 133 382 146 581 699 510 645 8 22 244 932 462 782 758 220 154 160 752 843 974 409 69 450 782 95 277 953 897 976 754 17 349 925 704 476 126 590 890 611 299 121 546 469 485 728 718 724 851 502 572 964 301 127 747 411 897 147 516 872 940 278 551 748 856 97 557 912 649 317 884 820 106 148 620 731 
409 461 815 276 765 761 189 268 626 598 637 678 513 741 552 77 632 12 71 562 624 156 20 49 458 108 795 189 681 485 704 29 830 454 859 114 697 549 463 89 370 49 830 114 831 370 217 265 524 721 911 894 29 21 71 662 220 498 741 368 62 859 990 685 264 613 410 29 257 46 991 16 746 112 249 598 211 838 47 53 836 349 174 986 574 913 735 585 205 287 828 725 506 361 634 857 913 352 894 420 736 982 967 339 40 770 340 191 459 276 274 493 886 888 441 292 930 741 391 730 9 909 56 990 805 275 549 874 156 338 749 336 397 427 623 942 836 517 218 188 372 177 245 512 672 246 692 826 490 238 645 121 64 474 535 191 431 839 901 271 455 457 39 796 339 968 739 724 931 745 497 323 798 956 767 973 88 556 729 459 786 634 494 87 215 45 948 963 512 892 204 504 995 355 193 34 573 80 902 856 226 712 841 331 339 842 80 623 278 870 873 932 177 611 806 972 451 194 914 664 130 42 695 371 232 104 2 194 0 105 405 770 962 758 825 367 552 643 513 214 48 765 495 292 833 374 962 911 680 257 643 385 662 298 812 796 635 845 851 396 803 369 312 862 815 394 1 50 55 708 0 611 74 525 708 975 651 413 796 312 429 614 761 133 605 586 271 830 678 711 594 239 768 672 156 581 456 517 948 542 643 483 733 376 718 168 378 910 885 825 447 201 990 416 514 468 263 693 422 569 924 897 104 682 704 358 72 205 942 158 878 585 573 122 940 784 993 560 876 557 917 482 147 502 585 332 925 74 293 991 757 170 375 129 153 372 968 709 392 449 359 427 606 730 774 361 839 316 875 481 563 179 486 827 951 610 708 274 788 45 561 603 545 812 414 590 747 95 843 625 269 296 278 7 144 420 720 155 125 359 664 134 119 686 666 916 991 178 267 308 442 561 713 488 371 237 67 653 199 724 756 900 606 224 729 103 698 581 700 360 557 530 711 8 458 688 781 368 521 717 269 764 727 986 215 154 763 91 636 2 115 406 707 274 370 903 388 730 123 819 859 437 308 330 695 367 184 137 103 186 290 684 56 917 563 436 698 364 100 847 375 520 395 559 47 57 715 87 829 601 919 538 156 963 281 605 108 410 138 364 
268 174 515 443 342 725 692 405 829 479 981 242 17 885 561 585 847 355 81 28 184 327 917 481 636 139 31 642 583 526 748 477 124 629 920 690 77 254 299 275 564 248 145 489 443 886 269 853 593 594 658 244 227 306 118 582 996 138 756 943 847 180 921 669 989 760 797 486 318 337 584 989 998 644 367 845 537 804 80 163 462 791 816 731 957 930 409 433 562 238 508 285 104 887 484 20 703 702 421 168 480 969 206 129 721 814 951 782 489 651 142 775 100 692 429 336 702 502 935 803 918 161 890 363 872 570 239 593 506 927 297 391 812 956 530 339 188 592 436 48 737 733 184 376 574 393 89 300 802 13 132 218 215 685 336 982 335 634 799 671 451 863 651 529 175 413 757 566 528 603 271 50 408 248 388 904 858 527 868 53 915 906 70 536 342 436 615 693 943 284 521 158 397 910 776 850 941 487 202 762 192 150 348 190 191 460 195 795 492 394 997 427 720 317 286 834 344 36 940 551 89 227 820 206 668 545 772 873 476 707 27 858 932 80 321 934 271 296 368 568 366 81 580 799 711 123 531 696 434 358 653 181 477 890 434 658 969 391 336 144 730 765 21 370 661 711 121 75 795 103 421 632 944 817 838 235 727 318 257 655 728 244 184 798 549 564 950 119 184 179 871 158 267 579 676 935 662 602 695 403 61 478 846 286 941 673 319 746 467 848 534 594 850 265 410 854 775 197 81 310 832 452 336 188 129 699 892 177 118 704 23 897 944 142 149 622 289 827 38 701 835 919 852 588 196 909 890 521 6 169 605 92 188 721 62 758 474 474 689 154 510 502 278 487 898 50 323 519 516 126 880 2 724 813 508 392 161 989 531 617 720 202 150 385 858 509 213 805 170 511 210 932 968 611 729 745 15 779 359 834 874 578 587 80 429 669 74 776 147 757 537 681 577 75 788 623 318 241 498 231 405 315 448 973 928 346 46 587 448 602 753 665 613 301 113 201 927 417 246 523 297 883 765 179 788 739 159 37 968 897 230 647 578 835 834 957 238 805 514 897 117 933 125 320 438 148 523 151 482 419 954 344 72 775 869 536 558 757 795 619 736 308 745 725 729 488 75 475 807 357 327 111 98 801 53 179 772 425 461 498 
492 408 569 434 718 144 781 657 518 126 260 268 917 607 124 555 537 452 194 957 918 871 607 670 379 859 737 530 853 797 452 439 968 301 867 578 107 913 451 361 535 812 104 156 674 214 690 548 532 590 663 582 185 844 354 14 893 94 558 68 789 221 777 856 219 473 193 655 273 810 300 796 897 323 429 508 688 98 117 986 376 7 424 177 533 673 283 415 570 919 818 6 331 79 512 572 637 356 117 686 987 768 195 208 750 399 46 486 612 90 837 3 660 623 635 479 120 486 878 526 926 247 805 510 632 520 901 716 420 357 488 332 195 248 126 299 868 456 235 95 96 590 774 77 522 321 545 342 854 611 499 907 209 448 823 9 860 145 822 861 322 498 751 161 641 607 547 636 280 752 61 693 909 660 261 75 176 614 388 377 324 960 659 982 949 431 549 5 496 466 539 211 388 513 748 401 557 915 606 90 436 928 384 123 56 52 494 368 326 346 143 714 491 570 231 689 318 277 276 475 210 659 270 376 512 396 748 615 154 888 614 867 189 711 414 529 101 890 373 695 976 160 677 243 199 177 341 976 64 94 420 788 458 260 990 361 890 749 833 87 137 398 864 544 397 245 256 258 507 349 405 368 812 950 59 938 101 897 121 681 515 49 829 154 918 557 826 323 893 555 289 995 132 128 107 912 279 116 405 554 447 653 797 789 323 121 517 125 136 250 741 442 35 281 749 609 672 622 383 571 326 442 78 894 146 52 550 897 783 123 459 975 36 994 299 44 975 394 243 372 445 787 198 620 488 156 681 336 900 391 380 373 436 455 372 64 466 773 893 178 484 263 965 178 251 827 424 798 118 328 33 140 588 605 768 321 794 280 180 379 94 332 228 71 411 880 173 154 782 869 255 751 73 900 452 103 6 306 947 525 957 600 947 338 234 18 211 320 614 592 109 52 672 903 167 822 861 829 994 262 963 687 969 149 852 483 598 155 407 168 445 467 100 78 228 294 902 128 850 664 9 132 394 599 945 981 47 768 892 921 625 292 903 655 403 277 996 134 110 698 60 498 525 633 699 890 912 646 504 32 787 270 722 630 304 601 5 670 900 692 138 34 955 278 780 85 150 467 11 398 283 567 941 830 849 276 87 15 797 899 
725 333 566 108 586 271 51 587 805 931 252 62 28 1000 60 565 279 975 3 772 719 922 606 401 401 713 81 1 952 609 959 267 635 249 748 385 187 166 869 99 974 970 915 765 153 68 657 997 183 811 209 239 438 844 56 258 505 85 919 533 516 108 930 803 237 944 186 559 797 161 905 949 575 892 261 223 676 870 461 94 637 597 62 228 205 972 646 202 939 645 266 940 361 867 847 661 648 23 317 117 584 941 721 221 714 732 293 935 275 345 270 549 333 587 411 649 961 989 453 190 633 191 118 886 197 134 998 69 735 919 814 499 246 561 898 961 769 599 77 127 385 643 181 801 891 752 842 811 526 538 650 899 929 47 852 3 444 280 369 793 899 840 249 102 163 997 146 784 264 442 97 43 331 582 649 811 165 270 480 860 601 948 554 585 761 436 86 284 595 869 195 826 801 56 752 556 598 608 263 252 537 937 580 665 492 357 181 78 254 40 471 324 908 8 382 694 689 742 602 101 222 692 462 170 852 992 719 303 317 711 266 205 234 208 630 672 914 111 456 776 48 586 945 942 56 642 822 765 242 817 243 157 377 949 437 194 82 182 498 893 821 900 419 954 817 585 369 54 336 968 173 425 807 983 528 769 128 688 408 305 817 530 981 830 103 954 570 720 421 902 444 248 104 472 115 938 561 580 119 86 675 572 829 412 227 958 713 526 437 4 138 792 260 31 404 885 274 890 508 79 610 978 81 607 774 73 45 972 288 282 319 899 721 398 830 766 545 398 533 518 22 858 386 796 261 775 91 921 895 966 736 416 704 812 425 18 734 78 624 625 236 590 867 877 29 989 108 434 883 214 469 565 446 942 44 862 328 87 189 341 170 484 534 277 85 343 870 86 487 243 301 681 545 84 882 858 541 977 973 176 315 480 450 195 24 496 53 156 266 136 899 39 91 82 339 982 0 703 265 804 440 786 457 219 890 86 561 224 503 753 708 988 20 859 295 22 467 439 268 205 237 111 543 954 830 745 110 459 370 948 844 213 184 548 470 526 268 354 872 341 94 584 933 643 656 112 745 153 255 819 22 989 676 66 474 281 483 866 308 146 64 19 728 65 818 946 795 401 620 149 452 546 674 453 540 451 853 684 433 483 
999 954 817 841 156 653 104 587 137 629 187 723 485 745 359 744 599 447 261 34 211 272 318 367 418 836 617 137 340 182 527 725 857 748 427 688 645 824 637 910 196 796 683 360 481 676 397 4 83 522 694 915 716 273 804 635 629 492 555 415 563 403 300 218 328 374 507 541 860 432 250 529 790 729 29 435 847 413 215 775 85 518 392 963 414 790 87 53 321 926 815 504 497 405 676 624 192 598 989 941 947 971 301 917 873 823 482 115 603 223 626 298 563 652 615 147 516 853 837 592 164 795 458 931 245 176 533 310 241 287 195 269 496 465 704 206 827 63 166 143 569 118 427 913 76 978 699 39 405 326 228 975 988 746 658 784 677 489 876 202 31 16 304 593 795 284 263 284 726 856 251 975 578 45 704 476 941 202 947 364 876 140 289 396 33 506 696 270 192 598 386 981 707 945 430 1000 116 151 108 791 64 296 687 752 689 649 43 686 543 927 220 421 589 233 865 571 475 552 543 743 637 541 898 298 757 990 227 468 3 895 361 724 404 967 547 518 465 620 81 256 145 821 473 784 905 779 197 233 881 772 617 938 95 697 261 914 450 705 711 518 452 405 849 249 47 671 513 375 514 798 144 193 313 590 802 592 862 291 923 956 992 482 912 954 957 263 80 411 28 6 406 922 675 716 482 84 688 141 726 162 919 839 124 837 285 6 91 290 474 37 87 672 977 116 70 421 701 72 880 379 825 935 500 13 225 423 149 838 832 797 787 120 205 806 442 182 131 532 896 609 18 632 692 11 211 449 629 481 302 282 803 152 167 588 148 854 440 75 709 337 190 777 618 923 558 133 863 252 747 754 17 497 492 733 341 818 628 117 194 1 137 287 861 221 763 976 453 463 571 293 872 735 3 516 232 592 718 941 289 4 587 951 68 87 935 957 255 166 702 592 955 395 689 659 734 808 463 259 576 290 816 928 283 467 73 880 453 235 20 464 635 466 673 21 339 607 491 633 68 517 488 340 834 136 159 435 891 464 22 711 972 11 122 592 990 310 93 605 220 185 866 647 639 859 338 872 281 880 517 983 347 41 244 465 363 314 730 705 73 301 48 814 325 851 305 529 474 247 436 704 656 91 615 10 369 915 317 633 620 729 
514 634 476 690 660 328 379 367 993 698 590 137 536 638 2 994 398 865 212 350 941 360 455 687 419 497 892 810 46 311 457 16 999 232 492 963 686 643 162 592 577 992 157 473 210 77 206 13 155 517 589 550 395 291 542 38 271 204 528 114 228 765 314 275 590 643 851 122 883 315 967 61 823 338 590 349 202 811 204 526 382 479 744 691 156 174 778 983 535 880 765 614 198 201 403 104 925 579 998 700 970 900 870 12 635 30 139 665 132 204 747 539 610 760 370 678 915 990 466 315 811 815 477 349 851 344 171 356 803 292 298 971 695 825 392 757 806 61 84 126 403 818 148 199 783 234 76 809 232 57 833 848 424 312 878 405 944 302 420 633 993 293 585 124 904 183 413 865 632 220 906 903 603 750 610 469 39 706 671 196 877 236 838 942 337 568 474 529 185 420 25 675 566 882 539 345 19 516 263 498 53 529 398 166 13 307 143 651 966 176 47 332 427 389 904 230 573 317 394 157 836 899 219 80 372 24 17 472 470 333 540 483 494 706 80 943 30 96 166 556 53 781 867 30 621 419 794 37 581 747 826 915 804 835 611 112 726 190 950 890 305 207 80 944 639 549 615 351 608 292 439 620 83 556 687 508 265 810 374 914 181 917 625 101 257 64 866 455 651 605 372 36 628 608 143 984 495 784 813 268 402 444 832 313 245 441 324 999 524 896 996 695 688 691 782 145 738 766 42 867 48 647 627 681 640 891 204 86 574 283 975 401 175 309 754 838 191 726 446 466 360 545 772 863 298 139 386 13 11 176 762 291 993 61 922 466 68 164 323 255 886 932 941 235 576 582 329 189 205 533 605 652 31 223 657 327 855 808 864 4 669 345 298 933 376 689 755 846 443 355 663 484 149 868 398 601 555 261 211 742 693 461 997 723 374 289 531 771 924 644 210 377 457 68 305 937 4 727 99 126 440 649 223 173 310 275 444 116 194 190 650 0 939 677 210 969 608 169 849 185 553 137 640 139 989 905 948 641 803 938 940 284 865 532 204 492 785 853 714 587 750 228 786 86 574 155 427 595 42 17 922 794 367 955 801 211 984 439 672 776 945 976 831 219 49 757 913 466 584 78 228 788 959 864 851 492 482 407 639 773 
226 231 625 697 428 208 938 63 140 61 357 836 148 271 355 255 916 343 783 619 357 583 907 947 835 683 360 394 441 753 399 776 619 209 319 304 577 816 211 562 700 54 748 563 560 189 592 124 376 105 680 527 736 776 960 790 835 947 445 130 614 547 693 979 775 931 219 990 829 830 844 710 820 98 347 374 522 173 438 310 347 19 268 475 993 104 520 538 548 355 277 703 950 567 781 255 960 395 126 118 96 713 455 499 657 846 875 797 409 137 607 785 540 299 908 266 174 805 618 98 1000 583 689 911 828 638 931 46 455 307 914 111 321 347 617 899 658 245 18 655 981 716 224 854 521 498 53 702 420 3 380 660 162 675 234 546 487 156 126 869 552 915 576 485 194 374 141 81 507 721 190 580 506 162 973 998 660 699 934 778 774 112 979 628 292 310 460 125 633 63 555 51 57 960 764 721 425 884 116 369 586 26 550 32 248 40 226 314 690 786 85 312 302 724 646 175 78 537 108 610 253 62 957 511 730 630 412 365 605 307 321 125 636 733 408 648 220 276 20 0 535 898 630 234 146 4 4 639 715 564 99 167 526 120 356 378 521 48 152 108 36 666 497 33 382 219 925 515 506 103 29 105 345 303 814 663 883 268 387 222 198 764 132 662 52 814 420 300 150 408 899 487 513 278 759 535 455 121 35 778 28 391 416 616 446 951 872 108 888 536 488 224 773 46 217 549 548 538 501 274 449 665 873 415 477 341 335 506 95 110 727 321 916 854 164 104 686 244 105 203 531 108 440 997 518 92 894 56 403 709 971 146 175 869 775 224 837 620 299 122 353 219 123 379 579 873 61 635 261 717 85 156 479 51 303 368 747 100 929 793 225 762 101 355 712 164 158 534 453 573 860 922 26 895 650 567 647 982 684 349 247 201 117 835 222 210 680 750 84 52 807 514 985 253 354 30 734 226 382 479 774 311 326 292 157 103 126 169 491 976 314 45 41 688 392 269 699 597 698 576 670 820 639 66 398 716 327 591 957 415 145 929 682 82 715 393 786 262 841 685 126 175 464 644 299 834 509 54 809 111 85 235 593 934 956 385 81 972 784 400 243 667 8 547 132 406 835 654 185 489 625 231 238 183 852 392 649 925 113 614 
638 409 178 103 550 414 940 227 665 776 461 171 231 775 745 681 883 691 586 824 795 594 127 559 262 634 641 832 318 867 773 753 863 498 500 613 308 247 802 970 898 139 898 701 418 951 60 528 257 330 273 353 248 322 134 73 208 87 118 197 688 149 267 19 831 754 978 838 302 997 339 250 210 305 532 441 306 791 52 678 853 47 280 87 523 133 613 887 600 224 371 553 792 490 693 806 663 75 772 992 386 840 626 356 377 405 359 367 728 269 848 47 181 856 666 925 546 182 375 149 892 535 376 607 563 387 327 60 860 582 164 502 12 767 41 408 942 434 320 934 443 270 234 521 166 548 876 285 209 398 736 463 323 54 438 565 249 164 853 796 810 993 953 483 34 466 241 336 416 683 209 690 127 290 16 849 168 735 165 568 834 835 316 50 731 43 112 789 94 659 239 109 942 21 8 698 183 41 357 959 746 514 745 926 296 180 592 933 822 23 358 501 33 451 170 697 293 722 466 527 253 86 706 825 238 827 782 169 843 408 307 166 849 58 311 900 74 909 36 201 341 658 63 173 913 845 335 142 85 7 507 113 680 593 586 967 756 567 636 322 8 433 531 453 829 520 819 695 514 306 691 557 882 245 238 113 131 470 726 502 803 77 608 697 976 807 31 492 201 934 718 702 607 519 493 885 194 928 989 94 141 443 885 953 673 697 715 780 353 895 958 284 720 532 167 673 118 146 786 435 835 993 10 902 82 920 558 766 396 999 638 32 729 296 590 377 873 111 762 905 247 645 473 932 313 422 905 713 368 125 2 299 694 201 726 48 326 501 650 795 749 700 29 638 910 570 16 808 28 879 540 546 969 394 999 914 942 114 546 355 814 143 336 324 748 314 706 268 768 33 604 999 256 617 963 150 588 12 64 149 463 837 945 232 317 217 849 203 824 639 424 568 576 180 488 366 834 754 814 419 577 663 365 771 217 557 693 888 384 707 407 841 36 233 488 299 957 157 416 972 637 56 6 926 442 195 825 224 143 11 715 339 497 878 135 66 180 604 551 614 585 281 932 55 118 464 882 298 421 706 924 0 666 510 816 621 754 616 635 4 367 829 649 966 529 18 607 562 246 584 631 136 639 795 556 204 441 547 810 375 
877 116 861 909 356 706 341 273 914 868 787 402 28 569 643 377 683 642 373 72 741 767 49 804 588 447 72 913 54 511 29 850 176 609 54 233 204 155 702 879 496 996 163 694 189 632 809 388 233 215 335 200 766 618 40 281 784 90 754 541 232 372 925 152 215 222 616 463 573 450 877 17 125 401 137 638 158 614 488 249 549 796 587 279 733 382 447 582 429 855 661 258 649 46 187 27 906 810 565 91 625 72 537 169 463 375 645 569 206 434 134 342 898 110 131 506 620 938 764 215 24 446 515 856 681 914 896 14 218 222 952 463 29 362 584 334 473 982 203 957 563 13 233 195 667 966 602 258 759 27 971 805 785 338 515 415 742 88 556 598 183 23 135 280 680 219 879 940 515 710 803 563 646 818 869 336 75 330 213 520 368 342 995 416 521 477 83 94 995 980 410 490 261 698 450 517 90 309 149 746 838 901 628 157 393 458 519 372 684 203 637 203 931 901 16 100 651 94 986 97 310 314 383 998 922 226 606 184 213 300 573 119 550 757 456 340 474 586 296 650 678 116 592 766 83 815 232 301 931 922 877 528 266 609 552 123 194 546 389 838 661 299 558 695 751 834 973 520 694 322 662 784 520 611 680 14 191 78 931 383 655 294 473 9 938 194 984 960 449 226 308 735 252 163 822 512 906 824 538 29 695 539 118 878 694 765 870 463 700 731 89 38 91 560 482 110 871 246 361 879 622 416 4 531 62 973 405 864 40 864 831 635 980 951 708 228 316 457 231 797 542 580 363 106 160 901 43 738 724 52 947 87 751 448 277 563 50 863 290 211 523 770 852 833 406 90 253 441 616 804 685 569 805 4 167 587 644 503 647 127 7 303 232 810 773 44 320 150 803 786 611 182 511 703 23 281 723 976 313 721 950 657 174 239 617 820 298 734 220 69 106 197 843 534 333 520 952 226 991 552 586 610 258 705 39 326 198 970 542 252 431 462 123 342 195 367 84 677 818 764 526 724 441 554 456 779 132 138 366 61 858 736 555 224 89 575 979 459 139 540 256 816 269 451 123 651 204 806 516 228 28 867 153 752 690 455 297 69 446 387 62 999 956 119 726 78 575 666 741 206 484 144 714 751 371 46 156 142 447 322 
130 37 78 984 159 629 177 404 116 189 766 427 741 399 100 918 204 91 811 765 204 817 687 496 358 319 764 886 795 221 224 739 527 118 861 642 713 388 837 779 727 14 639 271 369 271 574 171 392 602 600 376 376 471 613 479 95 182 248 699 607 664 413 804 571 438 437 477 238 852 451 957 128 573 402 445 788 805 478 126 173 394 375 905 665 922 858 105 509 180 933 689 463 811 679 276 927 166 649 671 779 586 541 64 67 200 344 377 189 68 581 414 844 137 196 740 463 412 733 871 723 929 982 996 5 583 369 136 474 261 500 937 850 576 111 386 151 737 856 920 53 433 425 213 388 133 172 177 137 79 863 186 805 716 179 324 642 388 79 140 101 424 840 970 32 12 689 159 159 260 357 998 168 120 346 159 576 442 726 946 861 307 149 224 281 21 292 191 910 985 148 770 428 857 188 350 552 939 415 147 533 46 777 422 41 376 191 702 271 31 224 52 745 857 333 633 881 278 809 664 378 66 430 133 451 933 172 669 195 730 665 527 273 148 485 50 245 306 998 954 225 655 528 683 944 367 806 309 908 339 99 985 50 973 454 768 701 350 17 345 336 926 937 558 395 392 606 919 661 911 781 974 62 73 251 243 504 365 65 159 282 173 55 182 863 225 108 931 443 803 412 372 505 302 904 928 695 521 49 772 154 533 304 817 167 991 856 509 608 941 256 707 773 62 847 262 984 288 763 898 779 452 245 858 267 948 251 418 571 415 768 549 443 958 205 275 63 202 986 384 497 309 446 895 343 326 531 820 912 191 243 534 318 644 501 140 771 599 788 844 758 67 3 478 426 745 444 337 314 699 472 304 170 901 232 483 542 665 622 780 725 255 409 359 795 873 314 137 372 502 610 564 287 756 200 469 30 17 408 249 521 233 11 523 446 866 403 428 282 550 145 235 128 289 395 598 873 901 152 962 439 195 49 502 561 234 70 105 471 579 450 139 955 97 476 344 608 837 235 844 433 455 469 782 202 940 25 31 849 856 832 86 482 205 355 199 217 496 433 756 660 400 509 450 950 950 907 344 270 736 902 700 858 63 676 995 164 179 265 799 548 269 340 179 981 291 318 790 860 479 951 153 91 848 690 258 241 445 334 903 
131 40 947 573 541 123 307 498 694 0 357 424 115 304 571 71 451 412 889 245 192 559 450 593 407 546 894 396 210 628 645 84 730 213 640 983 133 54 314 57 163 108 768 303 616 606 833 171 406 319 234 137 642 864 986 146 966 103 839 197 132 701 119 301 301 378 6 637 266 695 347 167 970 873 167 154 738 603 44 976 532 868 840 858 395 480 43 267 200 173 387 612 735 404 565 493 313 857 744 735 106 131 31 571 516 204 807 15 583 667 211 99 610 564 202 876 700 525 343 390 148 1 331 653 346 313 555 70 890 838 861 259 928 543 5 609 101 987 21 74 532 137 49 345 847 693 301 311 328 894 103 727 913 295 460 295 430 384 476 410 46 104 17 804 118 192 934 762 280 478 995 313 256 752 488 291 843 766 665 22 197 377 786 923 555 383 663 649 686 541 766 135 10 348 593 484 307 760 353 951 202 146 321 255 618 5 729 441 55 110 832 936 158 427 939 874 682 758 717 920 68 606 308 832 850 472 707 912 673 757 701 291 515 220 33 110 807 882 616 84 501 619 717 176 641 406 289 721 920 325 652 953 523 228 522 135 605 461 32 880 985 512 874 39 531 742 143 427 664 860 973 92 173 828 619 339 892 848 78 345 382 372 656 307 546 69 273 585 37 158 848 962 387 501 181 480 586 478 861 691 533 257 222 938 589 232 167 671 363 728 41 653 313 258 938 775 879 683 170 360 454 108 895 645 289 600 448 948 227 295 879 401 129 47 837 745 683 110 846 228 104 870 952 971 209 368 347 332 673 795 867 436 920 803 117 58 426 183 132 415 4 354 5 696 634 904 687 140 705 842 403 145 562 539 157 899 465 705 481 701 899 463 402 698 600 427 723 857 659 783 923 9 22 747 878 676 825 588 18 204 502 647 573 565 421 284 960 546 52 930 653 639 76 184 928 691 544 578 337 870 74 368 717 415 94 207 142 172 245 423 630 298 970 254 660 229 729 616 40 748 621 230 439 920 776 513 725 630 367 326 839 993 364 881 11 163 463 282 807 843 421 455 933 170 584 783 373 674 471 925 247 7 402 617 243 329 370 732 269 976 935 922 618 143 947 274 857 985 485 792 58 731 971 992 741 216 79 468 917 271 
727 350 51 674 952 928 842 602 934 868 698 6 584 995 850 132 309 467 342 892 47 327 275 63 921 300 407 321 843 433 864 640 373 658 812 235 582 180 733 173 52 633 366 280 641 578 880 953 905 572 634 833 695 347 326 962 839 545 289 57 406 699 240 930 290 65 3 114 987 104 413 2 559 858 456 295 237 959 518 441 129 643 926 258 176 670 306 62 670 281 24 727 157 312 937 911 93 391 392 54 481 685 118 598 867 898 364 566 555 697 3 724 120 747 933 980 652 9 479 113 424 572 69 507 968 820 727 567 930 253 274 309 194 525 436 592 76 37 366 315 354 221 353 562 645 907 518 391 62 340 946 654 631 976 692 838 441 613 308 710 0 291 201 792 270 39 144 34 835 109 484 130 340 552 995 191 477 24 639 741 702 383 622 509 565 976 804 526 521 967 895 229 556 979 461 991 268 404 204 804 328 644 624 253 817 907 910 983 340 923 892 676 55 408 367 622 955 868 401 913 332 609 873 23 412 487 415 544 536 185 242 124 581 908 646 935 752 653 356 379 767 974 421 416 65 481 175 196 230 297 691 842 434 347 437 809 940 11 27 481 360 204 273 547 830 659 666 341 837 951 497 243 219 802 56 635 751 522 821 862 56 734 538 539 13 923 108 682 792 227 461 356 113 649 558 936 890 608 193 94 316 853 536 14 21 714 696 221 656 285 606 560 266 595 251 150 179 711 560 227 893 772 405 152 710 683 871 945 106 112 269 347 941 880 739 551 243 880 770 875 168 775 117 242 183 293 549 839 504 395 973 283 203 4 994 455 151 144 433 851 480 90 440 225 531 209 991 204 395 566 299 708 984 562 932 799 293 724 969 849 246 97 132 520 265 812 70 613 14 479 541 212 641 491 102 123 705 946 606 214 567 671 99 311 723 8 190 478 682 501 514 399 250 999 847 592 127 527 744 270 954 22 8 38 109 804 628 539 341 611 172 378 817 865 8 906 123 98 511 423 751 573 38 448 246 35 625 875 895 623 462 573 408 887 303 590 420 193 725 388 812 644 735 686 350 370 805 310 566 694 418 351 901 586 705 984 794 837 2 774 646 563 209 311 327 872 561 876 441 737 897 639 532 742 103 570 232 333 252 597 
812 304 501 956 612 275 207 183 755 597 354 397 637 78 132 30 714 940 856 731 912 703 74 93 833 903 717 57 489 156 16 16 452 379 775 134 746 445 496 680 885 99 66 435 384 889 538 252 338 24 434 979 231 799 752 598 658 615 686 565 863 134 689 957 468 445 3 311 207 403 220 388 458 384 40 41 460 725 92 543 513 592 108 914 489 82 13 543 490 307 169 68 808 627 888 782 919 751 32 168 287 967 257 523 153 810 820 528 130 840 227 944 892 375 213 594 22 524 132 393 913 118 379 960 712 342 474 396 944 770 135 489 840 47 360 265 330 672 931 179 513 369 149 561 676 647 895 519 381 195 32 783 224 84 802 726 187 62 360 526 132 716 18 561 12 978 560 164 875 409 569 645 364 369 278 991 789 274 504 646 117 752 809 380 892 411 976 70 656 816 939 403 327 237 504 499 221 410 182 958 51 385 697 365 284 7 31 378 506 455 135 923 766 376 719 499 592 28 219 778 129 81 943 194 990 6 947 526 944 531 750 931 62 99 255 65 720 182 984 331 497 13 503 257 886 280 117 118 219 214 335 371 470 322 933 527 315 872 869 441 554 606 79 246 997 59 153 325 133 489 777 308 650 308 970 709 431 492 425 239 311 255 751 404 532 465 595 808 809 735 329 512 420 975 554 718 731 958 126 46 42 345 201 400 408 39 677 235 68 184 102 457 182 231 577 76 943 817 342 549 454 590 907 864 651 302 898 715 569 504 914 564 901 801 464 150 141 738 450 774 564 564 860 516 207 788 518 309 827 550 451 706 884 421 158 884 525 574 638 131 548 648 110 359 120 476 630 975 876 529 828 410 822 203 621 848 940 615 382 35 99 730 800 155 252 372 382 360 912 137 139 798 749 564 64 483 651 596 717 526 337 970 150 825 764 403 316 467 905 601 350 217 142 748 426 751 557 559 164 688 763 394 167 464 854 996 107 827 241 77 314 850 200 20 852 217 867 994 426 898 965 637 453 101 885 32 206 517 949 756 813 475 219 241 571 67 749 347 854 11 94 57 147 237 155 271 681 524 603 934 610 98 194 282 618 688 929 144 513 605 139 210 988 373 827 941 741 726 102 548 968 104 164 979 420 634 168 693 980 736 
884 977 785 688 535 947 62 572 130 551 1 564 455 68 140 649 419 960 8 190 816 154 809 263 368 422 480 208 867 144 706 900 77 192 727 413 479 653 966 609 10 759 59 114 325 617 953 654 277 619 572 635 800 565 546 53 346 923 267 402 686 1000 254 2 654 209 422 41 644 72 301 123 375 744 346 933 673 290 923 753 921 275 777 140 482 469 654 93 19 401 1 630 639 44 980 984 721 392 225 128 318 363 968 396 806 625 642 662 399 226 972 703 573 170 132 242 481 918 258 344 726 402 155 656 770 222 628 386 688 26 247 694 551 163 624 559 860 520 888 523 280 158 801 917 357 407 239 77 793 32 199 209 540 135 973 132 351 912 603 284 896 765 369 612 938 866 967 540 270 547 522 382 344 671 524 507 860 642 222 201 808 297 875 673 668 690 147 973 239 332 763 291 1000 782 108 96 990 231 204 676 233 917 770 812 889 213 198 84 872 304 845 652 972 503 481 82 197 131 191 139 412 938 244 190 959 360 585 392 740 201 752 625 543 314 798 457 623 800 357 983 500 241 802 253 13 104 998 80 954 255 269 721 158 527 221 673 220 343 736 277 181 330 707 464 949 83 884 85 838 564 808 930 172 195 889 308 554 539 58 558 869 173 892 371 521 248 277 346 187 410 436 605 326 944 675 217 472 928 216 39 737 480 539 585 939 193 531 60 405 367 49 833 940 42 796 412 765 301 567 559 810 600 762 498 397 687 391 333 812 17 963 601 712 597 96 402 454 435 43 363 735 782 350 414 444 677 671 784 88 52 915 518 783 217 71 889 440 566 615 752 950 683 81 942 582 240 107 680 712 358 584 244 922 433 53 774 228 742 599 142 42 374 51 88 611 379 460 619 185 33 732 292 673 666 845 19 320 699 718 633 5 665 943 432 884 398 203 540 87 956 805 653 10 658 562 34 885 368 570 215 270 316 611 977 947 349 154 347 119 244 860 719 843 139 836 616 917 465 812 256 883 854 352 223 328 532 256 823 316 953 492 43 894 24 513 511 212 746 777 200 373 792 666 740 583 937 85 241 395 674 723 736 674 113 892 902 943 831 294 88 759 445 78 751 602 113 837 437 470 548 806 563 518 525 925 416 847 290 565 867 
114 819 934 342 896 238 750 474 682 508 934 601 388 249 443 251 368 979 151 265 517 145 935 952 843 657 592 220 593 226 985 454 579 174 755 639 37 366 590 713 394 886 853 13 910 171 644 513 525 27 713 219 693 714 331 194 455 547 453 25 232 520 162 112 660 20 943 653 450 10 407 230 1 915 43 598 629 915 316 39 620 555 772 826 19 391 717 227 480 521 985 243 1000 115 272 198 176 651 275 605 749 292 975 495 984 610 872 815 33 140 955 303 560 62 693 20 822 320 129 472 897 587 965 165 845 941 486 903 315 766 676 438 731 733 51 127 549 709 264 250 310 272 54 159 630 362 912 463 247 791 715 806 460 794 909 235 860 112 740 132 831 478 177 639 928 853 182 829 77 18 4 401 360 165 280 762 380 313 657 355 636 16 701 494 390 414 403 399 633 591 995 643 247 750 12 928 12 27 445 332 467 979 686 157 219 733 187 838 124 820 782 564 986 880 764 789 792 280 365 16 538 64 241 585 840 683 151 242 253 717 549 947 871 158 917 183 558 786 418 207 553 542 431 550 780 64 990 462 212 291 544 641 4 118 369 883 561 740 91 701 493 492 278 252 95 163 574 640 116 754 129 694 753 778 36 790 46 470 240 49 830 179 443 107 713 239 651 394 999 723 467 847 156 527 13 131 356 384 559 805 179 831 451 851 931 7 508 176 677 631 100 264 834 955 881 437 436 979 479 272 750 28 158 142 318 223 283 421 117 893 452 721 175 845 69 738 949 721 90 351 489 469 118 215 166 99 400 246 985 497 33 560 560 936 914 791 467 685 473 175 149 683 1000 90 63 988 65 853 102 323 346 516 873 294 414 490 858 427 45 291 559 125 131 379 146 904 362 947 581 854 160 120 747 787 963 250 145 15 407 426 832 849 98 541 727 392 781 615 85 779 865 877 614 545 181 898 964 727 223 271 904 55 956 99 238 542 286 290 121 95 938 634 426 662 429 81 145 851 464 830 878 643 543 790 214 40 483 150 182 667 747 923 904 771 390 955 238 286 924 637 596 706 140 470 427 982 235 152 81 14 280 32 975 303 820 399 263 0 277 576 129 772 989 218 581 799 137 810 362 249 855 571 637 714 304 598 388 200 44 427 
637 634 245 777 792 618 513 593 754 378 642 90 681 308 490 59 456 659 248 971 100 439 506 421 80 257 216 535 320 799 118 590 770 388 175 401 533 918 227 524 872 638 706 926 397 360 316 154 793 787 269 498 277 373 99 169 143 55 684 864 992 255 707 974 73 663 445 462 759 895 928 401 210 848 6 266 24 198 487 709 790 546 45 825 135 426 514 182 617 482 97 653 267 931 750 3 266 933 827 452 455 611 482 349 727 718 988 895 466 181 416 507 527 48 871 96 559 619 968 178 486 178 360 362 626 350 187 940 688 256 471 273 874 397 414 540 853 23 482 506 38 433 315 92 332 284 535 83 564 12 842 908 337 102 673 326 874 977 765 235 422 109 692 563 86 433 477 454 46 95 923 67 969 35 997 505 675 512 18 473 557 511 508 153 689 302 79 475 375 602 268 561 297 765 648 952 448 378 581 484 342 830 807 475 351 995 904 444 171 593 974 725 428 761 782 171 551 52 501 818 556 545 464 314 141 17 204 910 133 861 734 494 551 456 817 817 439 990 788 700 17 69 587 718 223 953 812 711 346 296 182 485 245 433 522 120 374 435 481 820 400 12 298 242 52 805 233 538 634 14 92 707 894 864 691 352 155 62 612 323 581 432 1 873 853 889 38 343 709 207 430 767 711 23 815 642 733 864 98 120 87 290 309 669 814 189 951 649 245 532 976 816 613 927 773 57 902 678 862 325 858 889 91 145 920 298 199 770 780 322 261 776 329 639 594 969 764 301 246 798 783 86 482 911 563 106 337 20 366 85 895 455 357 220 597 27 316 639 65 4 524 689 6 370 182 46 825 102 148 849 204 359 773 293 578 722 123 587 748 919 528 470 868 581 466 850 155 691 426 0 969 857 400 877 917 806 575 806 502 898 802 816 846 293 782 559 735 848 682 745 413 462 187 369 70 545 387 680 390 954 273 21 305 891 391 69 641 214 156 573 280 630 453 528 329 396 968 258 829 511 281 215 533 95 541 441 802 329 500 327 997 622 577 826 824 272 398 772 970 905 990 221 639 907 319 208 289 633 701 154 596 259 802 389 40 858 396 179 556 487 857 401 183 95 549 208 787 998 834 628 433 961 891 659 32 264 499 775 113 526 
509 461 364 227 576 346 46 929 822 187 174 408 885 590 133 850 785 158 893 304 311 989 971 205 450 123 946 846 287 330 50 900 492 265 214 41 195 730 823 786 231 201 847 328 935 732 630 362 682 755 97 636 611 907 151 88 106 382 634 966 413 759 920 110 422 939 54 898 997 133 802 554 771 20 461 442 691 27 792 372 119 300 777 756 19 377 233 533 189 770 465 76 230 831 681 303 962 347 909 699 229 210 216 803 805 353 292 739 353 267 5 147 146 741 347 793 800 473 287 647 128 250 929 101 611 235 95 829 405 593 20 856 340 276 249 494 286 898 729 883 963 65 11 561 261 517 302 435 44 634 442 860 269 809 192 634 564 235 503 380 4 488 30 608 970 134 4 403 640 53 611 649 765 163 925 538 427 323 610 650 982 422 933 365 255 749 936 35 787 446 745 644 713 663 331 361 636 587 135 949 678 180 835 1000 8 7 94 990 458 658 843 274 344 109 361 670 517 130 528 769 271 747 698 288 539 232 468 408 92 957 911 986 775 417 757 250 332 635 888 861 28 776 673 393 165 545 944 273 269 340 787 172 537 681 640 896 466 735 55 409 690 118 24 713 251 818 245 805 764 268 105 93 892 787 902 643 411 667 958 661 675 967 520 914 279 343 122 31 538 246 213 176 453 565 150 769 941 471 879 923 460 146 535 261 475 376 835 306 175 808 927 929 257 220 578 637 914 241 155 142 559 142 329 305 714 184 669 741 232 233 357 925 880 792 572 972 388 1000 585 629 222 818 174 376 233 199 267 487 457 403 299 601 102 369 678 572 589 657 389 551 875 233 598 557 340 865 757 194 246 650 712 898 108 447 506 118 87 12 526 72 216 886 680 391 708 41 618 37 7 710 208 478 67 757 731 161 668 601 995 859 819 337 563 595 678 379 579 798 484 971 979 150 497 346 837 385 170 677 638 115 585 857 803 31 919 472 360 163 771 416 914 940 997 126 564 290 759 699 722 447 270 404 546 91 29 534 936 729 339 557 799 758 363 26 672 435 117 832 372 647 802 338 310 942 567 583 169 778 344 318 191 80 988 177 669 388 45 356 266 671 328 674 543 186 595 606 236 801 354 444 497 484 893 332 797 759 834 881 720 39 
270 637 186 713 644 211 801 959 827 138 47 275 310 22 157 195 990 262 397 649 223 496 402 566 307 158 950 983 803 809 707 255 728 904 591 122 834 777 30 550 501 318 874 409 23 220 139 277 301 519 618 23 32 571 757 78 946 904 926 712 723 81 691 80 923 233 466 912 36 183 368 996 28 48 557 198 580 382 66 577 636 717 721 214 1 216 852 73 56 627 654 960 661 849 555 825 749 572 140 979 318 710 334 245 846 448 215 431 614 683 410 972 441 758 969 634 53 270 148 880 985 294 864 541 5 744 208 932 337 662 475 257 361 384 515 529 749 411 24 163 83 860 580 997 415 751 418 622 499 953 784 657 466 834 104 675 183 741 741 723 737 810 680 761 380 61 152 414 744 463 660 99 146 741 7 343 807 238 400 591 468 324 622 60 497 696 848 977 516 567 23 674 283 351 486 69 860 25 786 440 895 502 410 517 904 921 123 765 881 151 807 90 613 98 448 731 32 991 327 686 686 939 810 596 15 513 682 828 998 479 208 376 245 614 329 340 698 331 983 464 934 234 80 16 130 364 14 939 350 781 649 504 938 243 388 353 569 165 854 633 262 213 532 932 676 967 716 802 85 280 588 438 58 307 81 358 443 836 786 759 373 156 974 211 541 716 533 388 862 201 563 601 53 863 1 24 171 314 443 203 278 381 78 851 287 682 355 932 512 589 703 872 352 394 273 737 443 185 23 979 549 510 326 510 700 161 507 367 304 604 965 354 583 224 410 179 498 478 512 907 246 485 434 802 293 283 119 701 567 190 531 898 239 476 816 244 797 545 639 738 789 926 841 874 545 608 201 739 481 666 198 230 67 549 551 15 564 460 948 603 30 564 426 907 714 277 815 57 228 314 2 86 30 402 921 712 538 989 138 89 749 610 227 943 510 198 108 608 836 293 997 787 899 201 479 553 109 963 329 650 381 415 762 538 409 276 482 138 595 77 416 251 97 867 188 697 460 366 512 393 893 750 245 898 775 451 715 525 127 613 434 288 653 746 944 318 179 375 412 491 942 185 801 959 912 707 958 401 272 809 695 473 522 837 844 910 361 82 759 385 974 194 551 805 956 891 70 690 969 890 868 624 385 642 809 903 576 398 112 808 
944 26 134 361 444 643 233 618 569 453 46 281 625 516 139 852 863 987 224 111 632 407 724 53 884 172 606 873 399 302 350 924 339 700 735 332 775 492 922 622 321 930 324 496 159 805 547 511 937 414 550 65 868 349 361 549 173 140 816 800 10 847 529 203 761 418 559 44 678 328 420 663 718 702 803 36 498 140 391 125 976 513 571 383 218 667 708 986 426 293 845 423 902 860 981 915 821 180 278 888 681 898 140 439 793 125 954 630 834 221 189 645 315 849 985 504 499 877 873 395 205 624 406 332 326 115 901 374 451 586 184 852 543 440 284 655 769 400 724 708 79 959 463 607 100 254 885 103 823 919 731 393 425 215 782 516 604 732 542 425 128 749 168 805 678 623 963 742 683 516 325 201 923 868 242 3 266 993 54 213 244 383 812 461 534 731 86 871 832 975 426 351 942 866 195 360 942 90 337 674 453 916 99 461 866 163 820 984 947 710 319 516 936 629 169 302 658 899 968 6 674 266 133 603 186 915 666 278 738 933 427 47 125 454 765 960 514 914 828 370 718 568 741 350 980 939 174 858 362 345 550 601 249 531 265 725 285 714 497 687 475 433 956 933 561 157 834 147 936 913 876 912 288 171 161 859 533 349 854 772 79 768 373 273 935 41 630 14 590 484 667 809 485 407 591 621 65 880 461 912 672 208 572 451 968 82 606 371 55 104 313 560 122 466 240 165 822 6 919 448 167 651 14 572 655 10 307 531 650 105 102 198 796 700 365 968 233 579 247 990 966 831 643 387 530 695 132 257 511 547 446 847 462 449 477 352 583 49 405 657 630 292 415 665 565 378 862 100 567 264 970 836 25 345 687 345 427 234 637 879 233 678 373 289 541 115 467 617 697 201 239 304 451 240 669 592 646 173 322 156 798 59 868 705 409 321 19 463 918 984 447 152 903 331 977 214 802 471 584 131 26 940 357 777 119 535 226 583 983 441 146 573 246 64 875 884 243 171 973 398 420 795 230 294 614 917 854 757 454 393 685 21 124 164 102 573 318 630 142 256 514 956 519 453 459 698 495 420 860 481 742 123 55 238 922 889 539 791 507 898 124 64 764 108 553 752 199 789 154 603 735 552 780 312 99 898 970 985 90 252 
723 171 250 277 598 290 424 682 173 642 714 344 504 32 190 286 660 726 869 212 920 535 878 530 703 410 814 420 24 301 693 172 53 756 732 11 809 842 503 717 140 223 913 473 969 496 87 978 816 972 903 359 843 912 922 15 999 811 730 889 868 131 249 907 702 144 322 593 309 104 864 220 670 579 236 152 10 534 127 292 488 187 292 497 690 765 428 38 691 650 976 383 146 725 444 963 39 568 832 321 785 731 349 462 730 394 270 220 169 946 932 893 48 500 61 515 25 52 732 584 354 788 52 451 805 611 729 353 604 231 978 44 323 993 402 547 698 84 802 571 366 752 579 145 249 845 111 961 570 310 235 950 33 737 645 83 20 508 332 658 27 918 85 29 438 450 107 117 323 421 388 586 961 165 621 416 875 779 627 588 202 804 357 611 932 616 556 813 37 633 925 834 806 305 263 840 24 940 286 273 100 322 946 608 497 462 223 894 997 395 642 573 446 465 879 232 708 585 802 180 702 818 297 384 327 745 739 709 376 673 804 55 683 62 993 419 34 765 901 52 958 236 951 360 393 58 498 767 559 172 604 846 522 629 402 498 351 722 69 402 525 920 513 434 801 991 974 480 119 373 74 371 99 130 184 346 402 30 632 775 83 235 530 81 372 92 247 233 232 404 234 52 370 478 928 43 476 813 803 335 701 999 755 780 844 116 278 798 662 873 924 465 277 443 831 181 503 603 459 471 297 171 57 111 894 801 763 687 660 136 633 874 384 960 586 244 776 540 533 200 880 801 377 300 120 17 918 775 882 259 434 271 593 353 144 95 159 291 554 83 331 366 144 775 983 127 843 675 777 603 867 179 446 342 295 562 877 361 67 768 355 655 907 821 128 839 501 962 99 123 897 86 249 3 455 15 886 617 708 688 555 461 378 271 509 518 294 898 710 873 596 308 281 574 24 891 114 810 337 77 50 708 619 299 972 596 177 454 958 306 506 735 691 637 987 23 200 884 777 383 198 958 880 109 96 733 445 117 412 81 462 970 469 475 789 652 993 234 851 188 895 711 541 104 875 106 18 949 873 90 340 525 431 88 396 34 567 516 131 39 570 776 422 640 404 710 442 871 76 754 384 655 880 248 45 306 520 175 633 52 
458 277 307 104 106 902 898 581 967 308 941 840 191 137 734 663 369 417 219 316 540 340 630 402 22 809 852 891 584 52 794 216 789 218 968 15 719 833 139 201 942 359 962 832 151 464 119 856 910 391 14 239 591 667 29 363 853 656 699 562 496 112 647 367 554 775 691 754 196 570 690 244 732 187 792 542 755 744 948 429 2 246 201 790 57 465 935 583 997 982 232 417 820 723 50 640 191 269 67 200 672 621 598 811 95 31 433 363 271 480 344 399 648 374 324 963 353 834 114 610 309 953 928 105 916 288 916 108 319 77 994 911 279 867 664 366 728 832 567 974 87 51 197 191 629 315 652 394 831 64 841 847 341 581 942 251 588 155 292 901 488 410 996 267 311 483 516 231 128 765 727 875 958 445 33 957 256 715 846 12 630 787 609 433 99 730 717 452 711 561 804 863 326 415 800 273 589 320 507 594 988 704 587 751 424 934 193 268 536 749 403 97 429 42 359 813 411 33 477 83 421 115 478 314 943 404 254 691 385 424 465 676 558 429 947 682 418 947 506 721 620 628 454 233 682 551 333 667 356 644 929 636 130 875 583 236 155 309 240 729 729 297 320 116 664 816 935 107 406 917 327 467 315 496 305 43 982 682 988 199 673 690 597 24 435 601 880 275 729 851 111 145 420 352 79 679 590 280 255 446 450 564 464 158 333 803 764 718 845 585 932 914 182 265 306 597 121 548 357 753 952 801 521 149 158 242 737 795 686 38 352 428 224 598 921 404 563 486 214 656 399 121 744 603 937 403 130 403 468 723 293 240 953 820 252 100 515 675 686 62 709 248 324 725 270 497 456 635 212 234 999 640 931 25 3 307 526 935 629 289 958 142 228 433 962 589 565 369 287 817 347 190 130 938 941 685 515 120 718 130 434 150 804 577 230 47 747 944 16 939 749 801 413 322 881 931 851 524 627 208 49 126 387 168 102 395 919 275 580 705 707 61 474 158 557 639 297 82 130 692 191 181 87 38 140 853 107 651 828 348 99 879 153 552 458 128 192 84 778 661 864 830 642 563 20 122 245 714 834 947 795 177 53 641 500 676 343 261 650 145 96 271 324 104 953 119 890 450 143 914 54 444 252 71 296 807 629 537 638 333 
512 749 966 454 58 331 307 440 661 145 245 250 200 727 86 663 967 815 980 167 31 270 871 218 304 170 522 146 490 826 913 323 177 950 153 925 229 561 604 158 818 175 876 834 679 353 854 918 452 785 737 361 6 1000 206 465 802 343 616 796 669 480 294 91 674 326 401 91 637 830 501 418 46 264 770 627 65 613 346 678 964 638 501 917 543 286 251 840 853 486 495 850 695 738 470 32 323 772 634 417 10 977 180 438 664 394 867 334 664 741 780 983 945 727 346 612 114 807 523 629 266 631 952 478 451 340 562 509 883 253 959 580 128 823 287 574 676 71 461 98 663 429 488 328 692 687 259 975 714 773 499 96 148 283 868 344 338 228 946 224 969 997 591 41 98 528 82 459 632 213 324 699 501 586 428 238 621 987 472 148 386 403 98 496 622 166 784 871 307 103 439 688 538 619 37 773 248 174 688 274 83 638 726 835 230 390 184 630 483 76 816 161 827 336 44 996 970 351 727 64 8 364 242 158 738 438 550 368 246 239 287 538 493 511 935 164 844 348 159 117 627 150 586 999 727 604 299 991 357 378 507 497 948 322 981 398 35 898 154 151 752 221 106 415 63 478 310 264 503 282 722 597 318 571 923 56 895 517 844 2 73 729 525 487 778 968 326 986 899 635 279 868 630 574 970 63 493 477 27 531 850 909 759 369 758 62 460 230 469 713 773 754 339 8 159 737 405 810 666 734 112 554 453 318 843 485 687 344 497 925 289 328 652 900 569 756 404 495 35 160 758 297 144 726 964 622 812 870 902 562 282 99 412 507 573 915 945 697 25 612 552 435 237 675 410 334 672 559 137 890 655 554 465 479 976 624 815 798 326 639 981 119 378 768 104 35 873 855 962 299 743 420 661 451 418 319 80 262 115 189 152 873 584 510 40 673 973 256 202 76 963 679 471 919 973 272 795 290 92 848 108 551 231 661 454 304 577 260 767 169 658 643 500 352 559 756 19 936 834 8 168 327 769 932 579 777 828 608 173 169 450 524 548 793 420 261 424 182 587 727 994 805 18 273 483 915 278 663 207 622 587 602 439 312 138 64 551 640 921 188 334 337 859 657 368 520 126 548 580 329 937 564 778 953 827 484 962 487 119 479 
979 454 635 79 333 419 211 208 573 852 624 511 408 865 261 419 841 111 20 237 798 830 250 182 71 868 588 541 866 895 405 957 568 271 898 604 585 902 811 304 380 376 702 425 345 734 520 860 326 773 723 601 587 617 536 61 450 259 18 946 56 963 23 717 660 6 36 976 977 636 881 793 178 268 317 975 794 1 402 703 675 355 714 204 460 126 907 877 232 72 673 415 739 368 687 809 286 423 882 859 79 119 176 423 659 418 728 918 390 767 874 505 296 992 565 295 518 422 852 0 983 723 266 477 254 200 79 534 225 361 50 613 150 726 246 845 983 935 618 995 278 313 154 340 889 660 228 165 997 365 863 114 883 62 372 317 706 813 486 553 172 4 452 994 754 774 957 143 117 803 1000 914 622 80 533 460 906 798 275 652 282 563 47 894 843 197 725 803 617 519 698 116 173 873 528 647 825 124 59 791 789 574 496 295 944 574 208 868 213 180 236 734 365 584 502 924 621 308 55 581 608 477 520 423 272 359 256 191 619 418 528 993 735 691 81 341 646 264 868 198 823 259 852 242 797 449 392 436 874 262 373 388 918 233 844 95 297 598 408 531 716 950 963 788 70 36 4 112 777 109 958 501 23 503 102 598 879 697 158 131 791 557 407 636 844 313 938 566 632 616 421 868 912 467 868 691 489 197 88 608 293 18 365 27 737 199 727 680 474 953 673 523 9 404 539 863 58 987 323 314 931 991 106 750 377 517 339 90 494 929 487 284 38 512 735 340 454 667 175 126 920 377 227 716 66 40 462 684 309 622 995 1 102 814 493 25 504 406 985 89 405 452 604 165 550 312 189 708 466 39 988 188 455 858 804 867 432 200 312 518 938 628 713 773 583 659 123 226 518 581 556 206 486 202 478 82 704 168 805 815 696 548 75 643 658 65 425 204 72 825 349 293 6 844 550 429 717 990 572 793 902 399 965 711 27 993 860 392 595 83 345 211 471 413 780 559 542 472 544 136 324 827 81 854 925 879 971 527 699 337 409 708 834 687 854 575 30 162 64 167 958 903 28 584 310 673 385 613 831 161 658 581 7 19 571 254 399 332 803 82 798 326 743 583 935 514 93 990 821 212 438 211 904 425 826 994 765 894 609 61 
249 907 981 323 999 381 854 127 420 909 75 173 380 689 164 907 288 912 266 305 686 891 307 504 168 519 421 57 491 538 304 794 164 706 660 461 494 31 834 153 28 946 657 183 337 759 616 89 633 853 798 296 428 186 670 901 565 672 106 867 335 130 928 759 31 864 105 100 946 0 247 959 830 242 534 774 331 110 358 526 166 72 446 891 850 89 748 945 344 32 494 484 825 874 139 696 131 400 307 233 998 324 344 311 269 707 959 313 171 261 763 118 994 940 575 45 538 413 593 316 281 680 231 161 61 344 650 614 535 518 302 930 705 359 238 48 438 943 750 73 191 798 873 978 187 403 389 405 787 837 988 82 894 879 618 907 693 738 606 320 536 565 782 487 274 782 250 495 28 981 192 807 301 104 602 90 386 771 828 208 269 139 90 343 893 158 560 610 98 943 842 925 318 629 516 126 701 923 520 84 778 937 461 29 768 723 783 926 318 217 710 440 248 977 191 413 435 81 342 308 795 357 241 467 155 145 924 626 254 191 675 557 121 237 720 328 653 34 839 926 879 315 605 939 900 233 879 911 526 511 789 628 812 813 984 484 661 682 974 369 74 563 843 510 484 61 332 311 736 516 437 176 408 277 999 79 568 787 184 899 276 563 415 784 683 705 805 117 907 777 759 288 595 966 254 954 783 212 319 232 800 822 515 617 109 592 83 876 751 590 637 37 454 180 416 744 69 673 299 839 638 502 677 445 52 666 548 673 497 626 584 810 308 353 706 527 208 870 945 404 853 514 948 115 112 542 883 829 909 85 320 80 936 398 885 356 251 960 829 541 148 453 140 861 597 184 561 30 560 247 732 133 642 606 317 177 27 337 255 192 160 857 362 296 870 512 957 725 994 510 25 211 234 976 528 249 763 871 769 3 600 560 361 771 356 1000 856 228 652 506 837 270 957 131 210 958 34 666 864 406 93 436 800 502 677 858 553 158 148 239 505 223 657 576 169 279 462 678 760 260 355 281 728 446 420 33 528 806 212 497 824 9 450 247 175 807 974 654 165 592 457 405 125 368 892 728 335 42 471 531 367 144 59 127 84 423 481 654 893 809 523 538 453 391 913 42 711 25 545 556 623 415 561 949 706 406 517 111 484 563 
528 116 515 537 935 919 504 932 976 56 959 322 179 290 134 131 156 742 9 290 245 812 654 118 641 522 368 586 266 112 308 847 512 794 766 962 763 560 335 999 754 831 618 732 239 542 719 852 614 749 408 338 341 225 128 657 521 887 939 320 453 943 208 596 349 482 28 516 218 935 891 715 402 319 660 701 453 419 715 101 536 693 298 964 404 539 717 922 938 261 731 394 981 226 446 480 379 466 945 129 856 323 273 864 443 799 425 888 972 631 429 992 900 557 21 625 281 127 239 995 212 164 874 119 272 923 846 6 701 609 1000 966 657 36 375 291 123 770 921 736 991 542 470 118 90 515 114 506 411 437 304 290 70 432 329 106 415 45 233 784 81 657 994 449 304 158 156 816 277 917 446 816 710 187 675 62 823 320 836 923 624 460 485 865 446 768 260 254 736 442 389 375 86 109 904 863 836 65 722 583 975 596 231 921 856 821 21 545 46 450 568 779 527 854 348 606 756 478 234 303 956 939 842 545 910 534 778 283 523 200 421 843 362 5 964 698 981 702 132 883 769 992 457 11 692 697 683 693 207 235 651 366 689 910 126 325 873 183 265 909 803 310 876 785 427 424 97 608 733 39 812 778 479 656 803 173 461 1000 292 540 363 928 570 633 280 241 161 350 339 702 313 663 274 610 694 595 548 348 766 167 779 986 418 992 642 126 389 931 43 227 542 847 79 61 151 265 38 475 164 782 47 371 943 335 329 843 405 677 512 824 651 915 659 748 807 761 42 870 127 271 366 45 27 169 494 73 822 199 760 416 175 368 105 980 971 99 564 476 550 70 783 573 630 230 940 542 357 650 218 920 648 355 721 384 667 977 507 37 76 21 106 905 70 489 454 988 796 151 664 980 198 626 830 493 354 951 313 216 262 994 653 790 231 322 52 722 91 192 764 46 873 581 643 532 88 119 216 311 908 152 271 792 326 406 429 351 611 314 937 609 638 770 318 296 428 402 517 691 728 659 912 70 26 74 617 699 845 654 26 707 584 966 817 503 695 538 807 223 958 919 665 356 75 177 799 39 148 478 62 92 823 754 904 934 650 563 66 10 136 149 873 727 708 868 202 737 338 855 231 460 165 590 295 978 102 654 142 792 269 665 
599 101 93 424 437 965 190 336 549 878 684 911 627 384 518 660 109 296 286 243 901 466 441 66 181 892 690 344 210 184 335 384 447 504 428 921 239 526 243 692 392 105 453 538 924 837 116 664 78 273 335 289 570 569 56 280 898 514 940 883 439 182 467 860 17 853 1 850 811 483 602 352 338 241 755 518 118 628 935 353 847 547 965 777 749 929 233 920 644 378 373 435 22 297 852 912 913 451 311 547 598 190 707 226 204 309 232 992 942 199 628 689 772 250 945 54 645 316 551 923 769 692 78 77 653 321 81 611 360 302 560 829 321 554 271 680 456 702 884 661 84 77 115 310 279 971 378 982 427 947 763 468 394 83 431 373 771 983 988 921 867 999 625 717 879 698 72 267 770 362 468 100 238 442 505 326 54 378 711 346 385 862 105 82 349 758 198 984 495 635 42 435 841 346 698 168 855 556 431 844 845 881 534 779 515 488 219 79 820 313 999 606 289 297 812 658 603 581 732 678 342 439 916 906 134 799 509 596 503 930 364 290 909 838 935 250 56 646 626 433 810 344 10 921 41 651 64 884 937 798 489 360 235 674 629 941 542 556 202 119 495 172 392 916 725 405 664 1 216 783 292 959 233 536 526 259 398 370 432 857 992 919 724 873 981 166 146 406 723 861 862 606 407 731 977 880 960 766 854 830 266 468 112 10 403 905 903 493 62 806 648 127 986 920 812 114 672 953 241 99 752 936 382 830 125 847 172 706 522 465 457 708 472 699 784 821 643 268 535 846 861 660 104 155 161 669 321 296 339 865 871 232 522 276 485 672 488 231 948 754 927 226 627 48 626 976 883 812 404 835 243 25 686 23 99 963 465 502 313 667 343 131 800 740 626 922 835 35 106 468 284 467 449 214 257 552 265 1 28 552 541 259 38 563 331 412 834 62 265 877 656 365 425 769 137 273 910 206 595 204 904 0 508 60 538 698 426 889 300 306 634 270 601 941 402 351 933 599 77 831 339 564 446 241 751 385 794 697 267 552 800 812 659 360 118 656 984 567 739 454 765 305 701 826 860 102 245 414 531 1000 72 25 708 64 623 752 159 920 327 957 144 784 577 650 571 300 832 749 516 193 105 655 300 965 794 14 474 856 480 371 
280 206 804 148 289 1 889 4 60 933 819 573 389 621 953 870 71 607 227 143 400 956 461 730 789 508 66 971 489 996 560 141 422 915 535 234 816 291 823 292 982 424 295 365 869 431 255 935 727 957 907 849 932 860 909 767 816 68 901 889 461 537 2 38 368 286 951 770 460 973 821 561 219 594 236 732 455 760 757 133 953 248 531 206 901 591 144 664 35 24 471 556 351 966 221 269 374 496 817 245 92 919 977 395 478 711 165 772 469 106 235 566 402 881 190 796 890 721 769 226 30 518 16 860 344 347 516 297 560 121 323 383 171 956 42 321 464 332 853 380 164 388 329 943 836 303 770 875 443 325 118 403 661 179 483 214 26 428 56 836 10 101 880 411 777 601 848 334 577 521 912 972 515 930 244 344 456 251 805 697 250 833 923 43 444 488 37 876 751 559 17 675 992 230 840 669 558 333 898 515 637 981 609 782 188 927 430 371 429 215 447 187 810 709 493 382 679 797 693 813 98 825 188 769 402 981 567 600 539 753 761 837 85 239 122 128 639 398 156 595 59 521 577 980 345 133 924 430 344 816 106 780 548 166 65 425 538 226 45 611 336 677 158 593 283 205 413 76 747 249 434 303 320 500 847 553 411 308 468 146 172 736 201 737 975 119 228 129 999 512 247 760 430 33 426 625 161 144 530 855 127 217 836 404 346 410 407 647 432 259 134 603 108 664 458 802 726 609 882 570 282 40 550 362 154 473 302 887 697 407 35 697 275 45 842 955 948 171 159 418 38 393 318 458 429 582 264 990 96 385 360 857 626 922 204 679 817 142 595 328 818 611 747 775 172 470 351 802 787 902 819 512 958 250 365 846 134 669 560 915 564 768 834 104 532 845 840 870 597 853 742 131 762 869 734 898 601 267 946 198 90 612 111 724 914 206 503 227 179 430 963 703 455 849 993 192 441 342 664 542 379 414 511 384 76 601 5 475 232 449 625 641 342 978 495 220 206 433 557 409 552 721 352 490 556 899 727 881 866 977 640 909 80 391 784 348 497 120 926 995 118 370 469 963 695 513 124 194 43 330 564 790 96 619 18 575 761 338 969 125 426 729 746 324 1 879 877 886 897 707 459 846 534 890 426 225 495 88 653 552 
184 953 653 711 516 274 603 605 20 774 330 802 688 791 539 397 657 109 103 574 156 414 832 103 932 389 92 993 428 859 452 802 517 200 454 186 844 707 150 722 536 927 233 369 501 282 346 893 233 759 847 886 606 158 172 644 37 170 718 721 550 851 596 881 568 38 490 603 726 949 149 748 891 404 59 359 591 355 577 853 541 681 658 559 91 712 320 280 506 186 381 68 469 602 196 533 469 343 195 979 104 927 997 848 83 35 146 440 677 164 180 295 62 374 610 33 555 604 915 792 98 283 619 197 402 370 989 355 435 727 857 918 177 794 93 112 950 722 422 151 642 173 147 221 637 325 718 855 370 760 483 199 402 203 421 449 655 906 277 907 55 148 94 993 837 378 140 602 135 480 646 793 71 84 866 587 103 854 398 103 146 338 847 600 357 994 916 219 237 95 263 991 598 787 931 774 595 873 594 378 782 858 264 5 221 547 618 786 313 491 325 574 861 677 887 673 834 941 827 272 178 418 767 952 496 369 150 548 911 29 44 723 164 645 487 592 860 632 521 765 809 363 635 329 136 657 666 110 956 34 900 688 300 872 900 643 185 434 346 494 102 542 232 487 347 672 525 865 36 235 313 463 129 98 183 276 457 560 999 265 436 81 570 455 535 866 771 243 929 67 490 333 353 512 44 225 341 288 935 312 355 558 918 120 643 95 213 57 126 467 633 366 576 5 989 753 461 736 702 91 296 290 791 882 60 246 94 653 539 958 976 627 809 914 765 981 978 985 722 576 293 585 5 143 608 378 108 226 996 230 974 232 261 97 765 730 590 945 91 772 318 31 50 414 105 327 644 635 115 694 617 140 476 584 487 904 594 463 935 758 374 45 291 972 34 484 764 467 43 535 493 136 440 51 601 29 827 486 959 164 670 128 271 650 17 655 467 9 963 5 461 193 663 34 815 709 482 256 781 791 541 11 461 92 58 324 268 791 914 22 484 230 857 333 546 66 665 742 105 476 774 69 797 668 118 403 816 246 667 449 234 527 488 11 250 164 716 103 508 692 262 699 14 446 760 842 258 891 924 591 216 790 543 577 600 38 401 489 924 87 277 185 408 395 539 669 995 952 424 279 555 878 946 729 311 25 725 509 674 237 
348 469 88 35 754 313 716 687 981 339 511 333 429 311 156 244 380 371 410 965 867 347 755 613 800 997 503 53 958 962 274 425 255 175 275 735 922 530 702 104 234 935 387 103 323 643 160 164 86 139 695 447 760 195 135 365 143 142 511 171 392 716 127 733 23 153 78 623 10 107 684 590 985 749 17 346 625 14 736 989 182 974 600 813 21 710 214 572 869 813 973 54 409 281 887 348 519 715 547 714 850 910 366 492 429 42 394 606 354 414 401 630 393 255 954 175 468 682 581 452 971 956 667 538 659 484 105 165 169 657 68 72 55 657 930 617 263 229 338 414 960 199 782 752 700 925 77 877 87 241 488 322 455 900 880 475 978 410 887 858 589 788 658 1000 645 652 789 46 675 154 134 538 202 295 319 927 894 878 71 378 724 888 258 471 454 646 386 571 768 183 291 28 508 575 532 721 515 468 200 548 466 613 660 491 228 431 249 906 407 819 445 702 892 659 151 426 799 26 591 694 134 407 400 47 614 153 645 735 943 553 962 87 701 183 301 75 918 595 467 454 231 487 677 829 218 163 847 618 350 206 767 82 229 843 180 425 983 683 740 441 197 399 338 565 210 558 294 129 668 57 292 221 471 705 9 417 759 904 567 2 806 196 491 159 338 392 779 649 666 881 764 566 760 459 43 846 250 87 332 963 58 78 592 518 894 196 21 498 955 48 276 461 709 929 720 282 875 618 301 13 137 555 413 194 790 614 968 740 816 196 440 757 546 929 183 424 591 537 461 530 856 199 725 174 309 509 24 99 88 702 499 429 1 84 562 333 841 171 704 621 74 268 955 41 116 346 907 331 608 395 164 831 719 671 947 399 168 35 379 110 241 882 51 542 667 573 704 251 512 865 932 659 730 219 25 504 907 271 600 518 300 95 993 501 123 897 324 872 695 832 740 248 155 975 260 195 21 585 486 296 651 75 782 427 223 841 886 381 651 268 682 111 37 669 388 141 321 664 690 577 676 921 453 345 872 952 551 983 487 16 520 16 528 894 855 647 49 577 563 378 247 419 25 225 89 454 840 894 49 813 279 640 82 784 90 88 798 567 437 400 369 957 483 280 858 853 839 763 428 674 996 154 356 548 76 835 825 708 834 490 
829 302 91 456 768 942 433 680 186 803 255 811 680 519 298 886 239 553 629 140 49 79 402 735 837 74 5 664 142 393 638 561 398 181 15 305 425 790 253 19 344 201 868 868 555 50 963 482 84 648 326 953 309 490 556 972 800 162 856 251 256 498 434 585 866 460 573 116 923 724 371 684 28 965 499 382 592 376 489 821 122 484 821 892 984 584 799 152 34 20 209 105 642 6 817 742 999 255 80 745 947 441 419 471 598 887 5 640 90 620 261 73 776 711 676 45 185 349 160 449 182 710 706 977 781 178 666 701 696 464 529 519 517 278 994 880 744 699 294 723 553 564 344 326 343 218 907 878 162 700 569 865 261 63 368 512 26 444 705 129 714 40 315 816 516 464 640 354 707 586 321 459 415 227 473 391 435 893 449 356 877 696 471 983 806 993 495 798 959 147 953 506 502 714 58 37 945 97 978 186 778 86 133 671 778 340 438 845 404 71 316 607 3 517 770 676 829 853 407 168 930 963 214 949 418 804 127 965 806 886 39 403 90 297 275 788 417 432 122 56 986 12 406 741 652 675 182 747 941 512 112 207 519 442 441 142 780 345 139 27 519 974 279 323 959 484 149 641 222 316 381 211 488 17 566 544 854 539 154 93 900 915 857 407 653 790 533 874 261 349 605 507 960 818 53 359 551 950 547 67 550 793 541 441 873 201 467 252 987 855 988 726 276 340 157 339 181 486 932 840 435 466 110 170 728 111 530 105 608 935 601 121 494 628 739 138 543 229 425 839 482 998 620 673 309 38 373 709 0 178 707 932 229 117 740 401 424 984 1000 393 622 810 764 956 960 857 549 17 349 388 240 263 878 467 208 805 860 200 782 305 472 198 926 331 868 360 171 486 161 603 863 392 704 285 215 731 338 721 530 137 139 796 801 906 270 340 239 989 380 51 287 141 283 862 563 844 19 430 538 484 162 442 593 673 869 169 704 951 350 814 960 479 312 378 998 80 222 164 89 35 735 886 393 524 303 848 769 974 163 746 542 873 521 995 831 560 981 342 688 248 719 22 365 303 597 709 723 657 275 9 930 683 694 104 915 588 933 950 496 224 475 896 570 434 237 376 303 391 299 175 75 958 987 566 174 454 291 568 252 18 
36 381 302 146 574 834 699 783 73 682 266 164 186 449 328 465 293 313 985 882 981 519 863 732 204 102 32 67 837 940 24 600 872 599 939 677 937 753 768 95 882 780 484 43 843 556 61 773 61 549 645 772 975 255 93 299 219 351 548 538 219 259 955 795 507 495 507 841 386 549 312 111 989 5 306 2 33 289 507 713 735 504 751 596 462 491 213 205 660 223 5 982 314 421 803 842 87 161 792 22 580 273 510 713 806 823 286 372 851 14 206 853 61 349 93 942 163 385 210 178 890 986 316 208 516 283 879 460 63 297 393 533 942 360 814 636 72 519 189 261 591 991 183 638 448 808 658 34 997 301 351 550 490 893 378 857 344 234 662 741 600 190 863 860 591 350 737 876 715 649 89 947 989 803 301 189 294 885 519 842 814 307 134 912 367 379 560 780 693 302 557 325 272 403 674 367 569 272 547 740 500 688 137 298 176 594 692 656 908 449 70 426 591 552 842 79 163 384 618 23 718 31 327 641 802 583 72 960 889 309 192 493 80 704 984 858 59 443 448 676 829 929 721 824 984 943 587 27 657 854 191 850 873 605 186 927 319 920 436 463 744 714 12 166 531 768 71 162 291 5 654 486 167 281 462 778 887 164 60 849 964 593 970 486 387 546 637 834 373 657 534 429 159 626 195 7 799 155 730 509 490 711 479 335 596 916 584 217 19 263 492 668 691 339 775 921 274 519 15 285 57 886 189 580 236 216 541 118 46 817 386 850 509 849 66 505 532 769 810 323 771 609 965 44 243 787 38 929 476 141 607 655 653 74 409 266 839 491 566 525 438 198 242 733 686 208 435 172 534 688 21 86 839 502 627 245 982 154 781 560 774 351 484 479 561 657 876 252 143 676 569 230 315 117 557 500 48 726 518 280 345 572 595 642 360 127 620 566 43 457 525 903 403 935 316 212 506 1 348 777 923 701 729 31 155 108 463 9 82 590 739 248 846 244 483 318 233 668 692 444 127 63 338 280 196 408 608 488 902 602 499 81 831 847 799 622 638 442 531 904 116 140 138 785 342 900 141 425 881 859 983 509 221 246 610 527 500 203 443 216 126 159 790 130 512 894 39 350 156 163 81 850 773 281 440 512 501 395 48 103 
359 313 517 235 774 930 632 331 736 342 164 643 553 652 6 75 307 975 219 173 923 341 130 552 116 565 722 38 507 391 55 601 390 266 742 741 563 447 235 894 309 803 215 124 103 291 768 766 99 106 288 373 474 859 268 155 279 325 599 852 762 739 471 849 230 318 503 853 521 767 977 110 91 162 350 541 910 855 630 469 994 977 376 684 868 756 749 429 928 334 349 825 760 80 680 388 950 119 811 744 282 869 134 378 780 136 988 975 444 370 411 597 519 14 669 787 837 573 935 498 168 182 159 204 826 406 976 476 869 81 841 615 342 425 273 664 199 920 482 368 777 535 483 409 115 423 410 19 527 632 896 140 419 43 862 228 442 595 250 423 303 673 602 4 780 475 735 28 273 470 486 606 418 315 873 512 654 601 274 508 642 330 364 304 639 705 934 841 864 434 90 623 360 664 199 671 705 144 231 934 104 811 382 244 547 491 72 456 618 243 54 208 502 666 59 146 31 267 21 157 97 613 687 898 704 961 260 715 461 420 259 78 552 829 794 897 297 94 168 492 273 65 924 90 94 179 371 201 945 103 914 354 277 397 260 993 236 342 77 875 957 37 236 606 217 460 880 59 253 798 406 238 332 562 481 105 220 229 25 638 340 924 726 620 158 659 872 140 990 987 876 872 377 353 829 564 433 658 835 346 546 607 288 771 28 872 446 1000 934 235 911 767 490 866 523 95 745 219 604 29 982 824 420 185 463 962 821 135 674 703 587 647 716 196 972 152 721 803 18 263 84 784 337 268 641 611 984 989 481 686 157 229 868 658 951 515 832 120 312 111 744 25 331 286 662 958 410 318 44 359 616 921 457 941 105 330 389 209 45 883 437 197 641 496 125 711 246 274 853 388 520 734 578 824 319 598 156 92 673 154 899 29 553 298 143 429 362 876 83 393 944 2 193 524 736 634 435 42 93 126 169 259 521 271 198 985 879 247 352 906 151 344 585 38 656 329 622 77 368 450 307 531 570 163 725 40 702 475 496 189 543 792 878 214 377 425 812 591 792 920 154 642 518 195 183 506 280 510 414 354 356 480 621 933 932 864 656 162 113 62 351 304 776 392 340 851 244 328 724 204 624 554 376 998 648 107 151 557 176 468 
119 117 795 621 145 202 75 659 839 410 214 362 149 20 764 56 734 474 940 783 843 380 601 378 760 422 756 466 123 482 731 370 711 233 830 9 592 900 883 816 207 743 370 687 332 891 265 237 295 652 855 639 963 84 142 159 202 254 34 740 363 784 746 480 563 688 947 203 717 746 804 674 660 493 370 851 428 567 346 577 720 223 518 402 316 540 779 954 611 14 561 640 902 36 871 622 847 413 339 613 695 669 696 928 424 65 647 821 150 313 348 417 89 291 243 727 23 159 456 760 9 633 451 217 223 450 586 508 434 760 890 748 265 301 592 244 900 509 938 884 706 409 232 375 910 46 453 559 538 730 107 668 789 350 815 926 505 251 14 795 406 768 557 200 34 917 956 573 173 219 887 721 778 984 918 509 382 772 38 45 285 914 249 309 471 676 347 744 798 25 594 170 99 903 526 327 923 581 455 267 457 224 209 896 123 83 591 980 432 517 747 781 763 58 956 701 959 468 670 670 46 105 881 58 661 458 150 405 419 993 334 322 539 306 568 492 537 445 258 158 672 181 206 721 611 217 270 147 967 709 985 521 901 759 891 497 678 541 963 992 839 4 918 464 286 968 18 211 308 802 765 780 580 641 621 679 463 731 101 432 685 612 88 146 34 719 256 77 331 730 710 165 164 929 486 845 308 232 271 527 476 491 643 258 433 879 340 756 141 530 943 857 211 401 163 728 698 132 65 337 481 781 581 32 371 854 514 85 695 512 81 287 591 53 377 92 492 681 604 943 376 352 643 281 333 763 801 415 222 489 896 441 269 545 925 594 993 969 430 335 35 672 268 69 456 313 462 868 393 397 896 755 836 722 373 465 393 802 822 672 57 652 478 40 364 160 51 86 555 120 976 956 168 289 90 749 667 190 980 502 540 423 955 919 861 877 389 114 377 796 11 916 163 747 210 892 12 459 701 459 952 823 406 634 365 622 659 18 877 160 851 750 337 690 667 868 113 45 174 76 354 136 110 910 742 970 747 697 724 490 244 834 986 574 308 828 839 411 340 345 538 36 345 959 272 780 423 401 146 76 120 647 620 596 142 674 929 575 137 449 465 963 959 717 402 767 478 329 793 927 928 894 289 131 847 224 742 665 59 601 
335 773 289 146 475 201 681 666 242 721 985 282 233 209 357 527 48 485 406 200 252 854 150 64 311 769 219 559 794 928 21 383 707 320 6 371 921 37 139 369 589 225 22 963 988 836 407 632 281 152 315 728 114 881 280 303 564 836 790 113 369 719 503 17 231 205 928 106 723 104 117 547 434 460 666 895 411 291 559 683 632 130 22 320 626 43 399 320 274 78 555 135 847 159 143 369 916 414 676 150 947 722 760 711 978 359 889 651 511 437 405 312 433 54 599 492 970 11 687 186 147 812 553 451 419 317 207 418 211 665 607 492 272 675 647 418 16 68 494 310 304 508 707 78 671 574 987 627 477 74 600 764 774 451 874 574 594 111 116 83 943 68 460 745 378 127 654 761 612 226 720 96 534 650 489 210 960 621 209 84 346 212 163 741 703 139 163 867 15 842 758 856 669 263 527 298 759 117 950 440 400 138 553 747 325 893 495 460 142 160 121 257 133 544 520 655 245 37 109 893 989 544 943 251 8 544 949 135 148 219 269 775 616 561 115 240 233 282 78 302 750 653 403 761 966 997 174 602 418 817 188 778 496 112 477 454 845 863 846 366 47 589 824 405 482 168 296 522 265 946 407 274 947 866 585 265 664 176 921 757 417 497 26 232 588 962 892 511 760 560 958 547 435 613 295 240 550 225 490 389 670 283 944 674 562 75 822 564 537 919 468 820 784 131 890 399 873 105 992 665 693 352 612 964 56 489 752 576 881 807 280 571 475 920 669 236 115 693 913 49 600 402 351 660 5 114 338 40 71 471 860 890 820 554 656 404 483 247 200 344 928 333 109 205 304 352 327 23 719 185 895 970 656 513 868 427 848 317 658 816 821 482 575 58 86 746 621 725 250 421 207 94 208 300 118 692 441 948 607 587 387 983 198 470 409 217 351 687 361 927 146 7 140 3 1 658 350 5 768 707 715 16 249 913 59 499 284 32 957 638 255 992 781 109 152 192 167 384 480 107 72 865 377 911 380 210 476 682 579 448 87 92 271 664 536 202 48 625 807 675 331 998 644 544 321 142 837 693 962 600 981 439 389 525 233 435 317 556 348 26 322 49 722 343 318 245 122 910 642 329 13 686 723 831 855 332 120 344 963 771 
208 201 170 857 503 780 903 230 466 667 846 133 717 366 474 17 85 621 364 913 763 872 86 326 880 810 636 41 685 654 727 522 273 8 711 9 105 89 597 208 988 31 192 635 599 250 367 971 223 981 332 617 478 102 611 910 757 430 750 836 769 214 547 361 386 738 548 132 926 549 109 291 364 293 361 184 544 186 325 986 28 167 656 86 752 528 456 855 526 461 197 570 886 148 246 183 248 454 406 531 177 720 237 850 89 508 143 270 995 386 541 286 6 455 168 563 311 615 360 14 401 650 161 899 400 6 784 345 608 141 628 6 50 1 271 618 538 568 66 825 965 855 528 302 280 135 935 528 954 640 820 802 737 565 66 9 864 337 589 428 229 974 859 176 285 980 815 172 213 932 767 280 700 537 185 707 641 136 93 496 559 916 524 335 924 266 925 231 965 469 990 405 474 982 35 900 151 901 431 812 336 687 627 457 889 1 209 18 219 812 846 241 703 500 464 237 177 834 708 961 820 251 745 329 168 905 919 705 880 744 299 244 267 939 722 47 554 382 65 262 500 508 706 552 969 420 245 38 763 981 874 866 838 761 399 700 900 182 348 618 138 19 516 645 815 174 90 299 430 346 358 306 604 330 286 924 999 690 465 566 454 32 188 632 608 848 183 575 346 328 935 828 178 571 477 276 310 498 440 159 57 705 156 198 314 878 490 212 768 997 886 56 667 499 74 699 635 572 99 478 450 306 129 735 103 72 57 996 750 30 936 531 119 749 314 781 393 312 717 666 945 341 210 38 186 631 17 203 755 625 714 674 30 212 774 282 827 204 422 513 109 848 680 980 217 359 918 686 845 999 495 332 819 630 978 193 809 495 72 109 57 834 477 427 195 650 889 591 606 301 897 742 741 311 347 838 117 114 759 705 675 837 814 987 272 805 371 482 8 969 337 985 205 77 517 944 922 714 788 192 155 141 694 840 760 450 252 312 748 220 503 49 535 420 550 197 574 235 179 945 230 54 662 760 925 532 448 300 760 708 188 46 845 321 201 550 115 648 478 229 932 389 171 39 165 173 377 652 238 487 185 452 250 336 438 954 245 587 511 812 323 610 403 409 582 430 49 907 345 495 443 174 496 767 23 734 126 311 974 610 
870 75 500 56 639 894 632 612 515 830 126 318 959 658 516 738 325 712 156 289 510 986 500 81 784 267 153 814 440 170 348 375 113 657 15 196 736 554 124 829 371 935 407 385 954 494 175 23 844 785 887 750 598 516 927 135 704 682 342 145 911 93 752 741 647 179 31 134 545 599 898 252 113 818 476 879 470 431 965 989 242 845 834 187 381 543 553 647 243 287 587 674 699 733 168 178 767 1 842 216 653 574 652 860 924 864 828 729 439 576 440 843 704 52 974 420 568 578 128 167 862 270 748 371 458 58 49 33 703 945 311 79 778 313 17 559 44 504 957 516 809 385 782 1000 780 698 28 428 77 625 207 980 272 464 111 55 737 594 960 349 604 986 32 384 885 367 935 773 356 28 354 509 526 719 841 351 861 753 852 590 827 583 465 255 229 437 672 656 235 461 634 306 703 327 16 344 726 380 490 551 702 823 794 777 165 60 100 128 149 75 902 637 188 945 960 800 661 304 203 236 237 906 955 201 6 256 355 8 55 10 482 465 425 674 611 999 363 99 330 329 81 520 445 406 833 654 0 278 170 434 448 203 446 550 369 866 163 50 764 912 503 865 254 63 354 923 81 57 817 123 645 800 21 199 57 490 920 906 779 839 378 801 524 10 762 623 596 756 440 786 303 194 240 548 200 364 722 700 39 34 54 915 192 265 449 513 211 809 301 233 432 853 285 399 638 911 647 990 751 516 363 898 896 769 870 201 79 523 389 515 645 621 591 42 138 587 758 13 63 549 584 895 876 313 948 923 115 899 992 913 906 718 341 905 601 814 552 688 291 923 363 809 348 895 16 76 142 663 881 908 690 689 233 600 736 377 836 917 704 853 597 439 485 19 387 999 104 47 555 811 954 976 955 757 992 665 313 808 521 158 203 485 999 886 720 762 816 950 972 222 553 146 820 776 323 827 217 26 762 624 148 382 579 541 64 739 287 877 72 933 47 425 916 715 310 978 394 566 749 684 214 472 606 745 954 755 173 601 125 894 118 660 252 884 398 993 856 829 493 724 945 456 939 437 618 301 988 356 18 103 471 493 45 880 8 201 197 682 251 808 648 694 20 836 744 845 382 334 327 548 308 925 513 599 729 764 510 783 237 535 
998 538 254 628 623 508 207 375 187 932 413 808 61 352 392 339 262 444 517 800 428 821 104 946 183 450 123 105 824 194 775 611 277 243 558 266 485 238 528 453 405 196 891 871 255 375 865 703 952 638 84 256 200 47 939 594 944 609 643 162 736 673 955 832 147 740 791 946 874 946 592 133 893 601 4 362 310 626 329 1000 199 114 22 206 189 194 345 122 608 313 156 674 316 765 422 687 240 461 645 946 740 312 187 87 960 977 956 691 235 6 531 81 634 200 495 826 353 257 279 679 750 108 788 238 326 218 927 49 765 669 684 133 132 243 874 194 392 122 337 336 243 975 432 357 270 731 679 475 741 402 541 58 954 331 282 507 796 135 652 792 769 291 503 190 800 776 632 258 957 782 536 868 476 994 989 593 285 429 418 511 565 263 109 931 944 254 252 535 346 371 503 413 476 943 449 341 530 722 52 890 294 88 664 706 995 116 589 92 489 523 805 924 672 179 696 86 793 2 704 762 433 156 433 749 678 524 184 466 808 660 750 221 718 731 760 91 535 412 879 427 157 10 418 288 171 783 115 783 468 961 293 206 943 600 29 241 608 171 173 947 436 342 821 572 368 896 777 941 563 73 646 191 630 539 465 353 667 458 857 602 450 40 164 807 800 763 751 490 804 551 500 507 120 236 346 337 828 298 542 157 970 250 462 560 895 501 5 126 568 268 90 274 602 225 998 643 777 459 254 47 333 595 28 225 960 272 891 548 647 677 547 718 777 499 256 524 127 507 357 779 386 448 234 897 991 485 76 385 883 460 626 801 79 455 924 483 347 628 229 236 311 917 224 429 315 764 913 440 468 747 857 990 335 852 406 795 854 610 167 636 630 441 679 653 61 289 697 374 885 83 610 988 137 752 899 752 412 818 245 77 58 493 373 562 327 301 539 403 273 213 436 821 5 823 337 456 882 491 797 723 680 740 993 285 115 476 802 529 342 304 87 464 117 575 522 439 806 353 789 989 592 189 727 831 289 824 64 539 341 422 291 268 684 955 200 432 191 837 414 149 379 839 330 708 165 370 330 584 612 242 475 310 7 927 700 134 404 540 896 981 888 164 839 778 216 358 814 190 14 742 440 641 500 72 76 746 550 47 504 985 
78 663 913 805 480 134 350 409 977 992 461 796 287 501 339 261 946 751 860 392 208 799 870 213 504 648 76 848 219 537 383 886 678 26 877 713 686 62 135 877 512 17 866 878 358 107 947 598 600 365 282 899 234 431 990 882 309 374 730 624 121 53 778 532 329 952 410 883 484 191 183 107 137 153 842 977 127 801 757 91 429 152 619 408 140 726 587 259 573 885 601 644 708 412 656 390 37 684 883 458 134 529 454 650 824 894 745 18 809 937 638 224 454 843 858 250 285 53 396 514 623 195 920 147 659 622 352 671 568 416 662 32 738 703 743 53 215 189 191 606 874 459 48 702 716 951 109 306 742 724 781 751 16 858 50 437 934 302 246 609 798 84 630 405 686 701 394 384 73 146 621 926 305 997 848 15 680 394 653 314 246 311 945 839 474 668 142 220 867 553 356 569 842 334 23 124 766 960 849 957 213 224 550 887 206 717 320 566 142 213 499 21 745 387 75 695 111 959 205 627 143 323 328 388 565 238 223 241 629 367 896 679 922 134 81 440 694 66 896 764 861 540 687 900 108 168 928 923 598 313 804 51 426 910 580 616 611 216 462 295 616 609 872 145 932 202 469 811 681 368 665 245 308 102 737 952 526 810 878 281 504 334 741 984 134 489 428 766 172 156 809 331 824 828 783 567 17 189 459 296 853 923 905 352 182 158 447 156 721 978 787 332 633 4 147 797 933 81 161 505 91 934 144 527 707 673 592 538 799 689 36 255 617 490 895 126 470 671 766 918 133 340 801 948 16 592 178 796 628 321 411 284 628 594 385 824 596 219 288 628 892 781 395 487 500 116 549 895 571 426 523 444 383 560 338 848 666 848 432 51 440 64 266 480 35 974 865 705 914 554 821 873 11 457 555 296 535 798 477 344 335 323 841 220 652 306 149 275 987 69 204 921 352 787 151 551 882 892 933 309 200 999 970 89 495 883 5 632 309 132 629 870 775 483 896 305 691 893 904 739 199 648 147 812 320 647 882 762 782 926 786 630 656 999 973 203 991 762 76 322 836 934 782 374 460 959 229 202 118 388 576 841 456 132 614 265 124 241 75 57 671 208 286 943 893 608 637 250 232 253 590 828 275 610 524 230 620 706 33 493 
642 768 58 846 52 306 797 576 368 549 651 794 244 788 252 149 224 783 25 130 471 988 873 987 332 311 335 952 216 187 287 768 520 722 983 26 410 470 603 1000 843 806 672 633 479 256 990 741 52 835 354 695 929 881 838 628 727 913 421 876 160 688 773 605 914 141 797 554 858 883 203 858 760 88 283 626 21 890 853 928 814 728 67 450 251 790 182 310 812 749 97 335 746 588 598 211 498 524 905 28 827 430 950 187 460 36 715 427 414 954 371 262 991 638 736 235 964 441 650 271 951 474 164 755 677 986 548 658 816 160 370 22 524 36 815 747 386 756 604 992 737 713 753 311 17 388 184 157 731 331 854 367 294 82 431 735 485 272 456 482 874 519 339 797 834 988 547 157 722 645 316 401 20 820 838 150 72 650 950 124 131 482 643 174 980 262 146 888 543 534 116 438 46 341 753 528 623 342 832 706 998 256 716 476 301 455 834 375 158 623 772 113 197 620 252 413 426 982 176 952 886 567 965 649 634 158 830 139 235 26 720 43 480 227 623 164 173 884 881 590 819 121 602 845 361 966 445 227 241 230 623 681 164 220 894 147 577 258 774 175 538 69 801 421 800 676 222 691 831 394 306 672 93 590 541 887 323 493 315 375 436 7 965 732 54 500 419 675 841 391 888 980 482 669 565 984 315 95 725 842 667 973 659 691 742 400 322 790 388 312 399 873 195 997 33 850 369 390 599 601 146 713 921 988 796 148 215 346 811 670 55 743 896 186 37 83 237 985 126 100 980 634 221 794 424 425 459 635 909 727 658 326 111 968 221 190 507 870 226 515 461 430 859 719 923 913 547 636 387 263 365 907 422 499 517 674 250 136 139 839 246 939 315 823 15 892 104 514 910 264 760 98 620 552 850 980 627 359 267 89 430 111 889 830 464 587 128 948 50 830 634 356 881 608 533 29 953 99 1000 962 291 425 316 395 479 169 186 350 529 480 88 65 350 462 858 87 917 39 751 458 485 312 872 606 502 679 3 309 710 148 259 378 255 516 391 4 862 430 710 429 779 73 389 116 486 342 637 718 297 784 611 981 753 392 167 884 169 407 573 409 145 511 344 793 489 849 219 227 783 672 753 253 855 604 492 434 249 282 766 519 
931 793 860 953 992 288 576 325 665 555 627 116 904 737 158 4 316 988 540 162 826 947 605 957 252 459 870 677 210 877 330 710 339 278 542 43 168 12 551 881 258 520 987 198 696 881 465 717 207 441 755 676 984 987 222 32 848 482 352 115 955 909 912 915 367 996 91 327 547 110 534 347 301 456 609 168 900 27 61 441 570 297 337 40 15 575 610 179 229 824 984 181 416 737 426 587 398 682 970 607 343 749 777 100 260 889 49 541 743 557 20 752 733 545 560 974 685 607 152 933 302 639 130 955 541 635 158 240 364 161 142 762 43 114 96 930 895 729 147 396 499 956 834 633 243 865 778 182 58 43 536 397 562 939 102 303 639 448 358 583 984 705 816 165 625 689 5 754 644 744 932 123 700 888 377 624 984 481 602 847 13 72 554 204 705 681 949 115 459 541 28 154 455 921 919 304 682 777 117 770 53 816 129 45 919 151 19 373 935 809 647 138 229 715 369 196 384 253 643 982 631 849 722 625 704 605 574 460 502 924 774 347 706 890 606 217 220 359 843 93 44 55 41 936 962 666 921 267 482 966 952 340 657 978 744 802 905 877 188 25 480 342 201 615 856 743 936 964 71 488 3 557 338 644 253 389 394 365 880 639 301 629 61 203 198 204 970 811 156 530 32 864 226 990 395 123 22 769 410 274 442 791 738 519 324 295 651 574 451 395 778 685 840 45 728 104 240 243 942 809 906 898 580 975 647 91 617 998 8 235 704 144 383 342 520 489 394 502 776 836 543 320 380 483 316 993 927 792 465 964 86 563 108 805 927 777 391 237 768 260 119 63 53 928 840 901 924 38 525 175 5 709 175 33 24 495 313 351 727 530 35 946 530 819 452 533 23 402 777 542 783 692 791 733 142 246 60 309 268 759 329 668 872 622 24 457 798 312 454 594 166 462 998 167 494 586 25 179 648 216 306 198 983 662 149 994 257 714 379 930 323 675 217 892 158 594 212 893 392 505 459 173 843 779 67 842 760 99 749 20 710 394 328 861 440 817 741 575 144 721 534 502 559 194 846 438 462 56 649 21 392 1000 565 402 214 34 309 477 105 196 819 842 48 369 133 713 263 500 267 80 916 662 522 938 641 225 706 142 406 119 
455 106 683 271 950 189 212 445 626 221 602 497 619 357 861 47 180 879 308 584 928 357 63 222 664 424 641 228 967 429 670 516 622 552 942 939 303 758 307 804 763 545 412 391 887 651 536 806 732 502 737 43 92 11 603 672 447 24 474 386 778 705 827 540 40 601 458 0 594 693 284 960 72 671 179 529 337 297 579 623 635 662 532 198 105 59 658 602 939 165 616 170 451 836 114 779 24 94 971 637 968 759 661 456 870 79 410 61 366 501 10 572 498 564 100 723 999 475 342 958 957 742 25 165 853 109 699 744 861 576 604 985 168 832 300 606 957 15 376 572 628 275 648 636 843 803 142 479 691 17 308 252 400 622 864 651 603 751 920 375 384 213 210 777 614 187 285 890 82 819 8 461 681 687 762 314 768 454 580 801 77 795 944 659 953 853 73 134 50 816 975 55 891 633 463 329 757 690 630 814 118 930 713 314 737 652 420 779 996 47 613 199 874 739 149 876 211 851 928 409 711 3 986 111 235 485 196 567 833 385 139 831 524 453 744 396 724 743 751 571 897 805 647 5 164 90 491 36 427 694 931 8 336 494 415 289 922 153 260 654 366 962 215 301 200 173 773 287 464 667 793 840 458 99 877 730 436 935 959 704 704 771 236 17 20 192 700 420 644 267 267 977 558 790 126 270 429 774 320 541 492 350 307 335 898 726 239 589 324 303 65 30 291 236 556 383 528 226 999 204 138 534 540 382 637 264 156 269 285 312 903 885 530 778 540 389 492 551 190 696 873 868 264 494 132 175 313 997 890 269 219 453 549 501 436 901 580 93 479 272 769 129 741 591 256 806 985 305 235 206 390 691 593 204 129 677 0 379 12 221 644 733 346 900 129 876 429 172 306 72 48 28 1000 52 170 431 574 748 465 585 213 898 253 665 548 556 733 920 401 530 968 96 873 568 51 516 318 632 219 749 356 807 784 313 928 129 55 50 621 123 275 624 679 575 720 837 201 81 205 242 910 178 554 914 995 537 371 967 197 982 125 792 98 215 1000 773 820 861 646 481 936 942 101 797 637 312 455 327 658 578 684 377 29 94 104 98 198 462 157 248 557 512 137 960 833 482 440 875 435 388 770 845 981 496 413 324 736 843 863 371 
385 686 352 599 968 730 131 731 944 402 740 898 474 173 366 623 307 803 42 46 949 220 418 663 676 24 237 368 682 226 206 327 514 559 462 497 495 495 172 84 607 73 187 636 382 636 994 342 309 38 22 492 917 501 853 605 524 673 99 801 926 250 290 716 794 81 250 732 504 534 927 143 197 278 555 846 775 272 366 557 244 314 69 375 369 440 292 968 286 199 550 713 633 147 717 653 194 179 59 262 857 422 23 816 508 11 515 548 446 457 290 224 978 463 129 960 418 92 538 317 456 765 346 696 414 405 971 880 653 141 689 636 847 891 907 749 843 987 884 64 260 85 369 788 208 761 735 848 544 519 212 451 909 38 773 0 585 546 973 288 870 614 397 322 718 274 943 669 479 822 73 425 897 88 925 339 550 652 355 691 207 729 444 765 815 555 249 372 626 890 930 754 475 715 227 357 246 67 557 250 544 296 12 243 362 650 454 26 293 523 358 904 883 805 502 567 795 316 799 405 492 490 359 364 927 314 93 369 48 700 400 262 512 595 130 88 406 372 11 409 83 260 138 93 212 701 243 886 101 586 889 606 434 939 252 824 966 566 338 982 812 915 123 725 432 459 690 826 5 206 527 803 196 196 655 659 952 445 591 197 891 490 849 63 316 960 362 68 794 722 960 895 324 138 900 404 738 441 764 130 272 282 307 276 536 14 768 533 709 640 609 404 878 357 851 110 717 778 548 705 552 170 381 965 59 518 837 539 205 126 793 665 107 68 867 230 851 979 338 721 267 157 989 199 310 64 512 98 579 573 690 965 156 359 985 307 721 110 546 207 897 543 200 384 200 907 691 498 862 691 948 304 226 574 396 574 874 839 437 149 800 778 69 714 439 890 994 737 895 805 778 819 867 351 657 952 988 446 250 536 825 530 739 545 363 75 377 150 543 497 55 101 372 77 683 333 304 69 474 995 44 581 404 512 710 546 674 507 133 623 88 361 427 627 639 342 643 521 843 995 964 534 515 696 742 710 789 922 260 494 273 6 299 853 39 145 777 949 446 632 48 772 662 499 17 58 511 958 134 683 310 603 992 873 938 233 176 369 337 598 434 795 417 732 372 354 404 754 440 601 653 64 68 147 515 827 396 738 469 11 
926 336 496 908 246 997 849 577 775 971 390 567 542 442 796 972 710 846 644 822 998 345 593 682 295 941 103 160 85 565 699 445 676 442 731 864 210 184 765 769 571 49 433 100 908 548 6 988 67 499 137 204 263 87 390 406 194 202 91 231 306 509 466 777 236 35 210 193 376 63 881 867 726 770 347 383 218 183 395 711 852 773 451 727 770 49 936 178 673 215 878 227 894 182 1000 394 532 987 709 11 775 886 112 633 539 817 251 708 322 767 164 530 808 471 752 923 376 359 786 457 368 444 825 471 676 108 64 538 637 761 955 626 267 985 571 596 493 321 687 131 37 894 850 813 627 562 443 65 774 85 769 804 505 157 93 987 584 64 122 438 591 312 755 101 488 502 711 591 887 365 402 646 190 530 196 448 716 646 246 960 750 669 998 429 695 850 980 865 632 780 427 275 396 286 708 76 676 885 908 776 63 397 647 602 751 285 830 586 45 567 550 642 447 100 868 890 100 890 275 406 658 168 714 704 86 619 242 121 235 591 632 609 224 63 461 269 715 617 827 638 639 869 117 569 965 402 259 281 68 256 379 397 76 573 180 744 882 764 649 375 652 48 997 973 851 130 436 101 744 599 621 830 347 951 798 10 223 800 694 972 72 766 638 502 992 283 777 832 870 568 11 864 324 301 701 954 467 342 616 425 734 59 115 752 651 494 977 47 50 107 652 164 968 895 478 906 320 106 591 625 858 254 123 134 916 753 602 48 666 582 537 556 482 790 401 195 570 766 976 789 900 946 582 919 723 449 869 434 51 422 57 759 862 859 787 781 83 274 5 475 58 408 265 261 909 523 618 333 739 73 669 770 552 294 417 398 531 161 548 472 674 863 645 929 283 450 142 226 774 430 530 399 334 488 412 418 724 991 671 562 655 883 329 523 153 25 901 765 605 734 598 710 866 461 178 807 41 394 859 892 598 410 30 529 179 766 675 930 337 211 657 862 298 22 508 567 362 927 154 147 936 300 710 349 829 313 568 827 794 253 984 834 794 809 194 87 764 577 941 605 486 867 672 386 119 338 140 254 992 15 90 762 88 680 682 220 724 80 752 921 625 322 975 747 38 406 196 589 963 698 942 51 809 771 558 647 10 351 76 504 
296 379 633 528 763 925 638 736 316 402 802 263 429 936 435 25 600 632 428 554 332 439 909 328 19 999 122 780 381 337 260 358 209 286 79 726 557 763 493 535 708 549 542 576 857 1 247 329 896 334 42 88 55 732 171 331 690 174 453 812 122 747 745 885 267 69 376 371 695 542 155 505 652 181 420 693 305 809 566 35 32 47 395 811 305 495 166 860 311 500 62 327 242 97 323 143 700 280 51 594 183 234 173 125 819 748 510 362 408 961 724 748 861 47 410 569 992 406 750 577 544 675 870 686 938 138 619 847 973 786 138 754 462 761 42 993 114 333 902 751 913 782 827 673 127 582 9 413 779 672 196 153 595 294 527 131 555 700 898 138 221 241 142 890 371 19 880 736 468 496 9 341 197 62 912 398 684 896 837 4 948 104 581 560 283 560 184 800 899 929 812 797 824 838 95 100 165 420 352 102 957 618 35 550 720 930 380 900 980 935 827 567 151 703 538 379 442 792 625 944 710 290 42 597 780 743 284 360 857 472 654 610 127 144 537 321 84 258 111 492 892 695 993 817 202 691 633 133 700 311 150 162 941 7 368 44 75 566 316 645 267 547 524 965 161 609 43 41 51 445 869 697 568 813 317 132 320 259 972 395 616 1 161 528 102 932 698 142 94 976 163 303 85 289 293 716 720 767 512 531 990 450 610 663 800 736 337 466 182 126 125 115 25 61 725 761 765 843 597 658 108 972 780 991 324 910 301 58 476 301 895 584 126 411 71 368 926 459 215 617 49 62 849 106 371 716 947 383 542 376 777 742 169 308 837 388 26 377 313 138 188 876 878 188 21 267 975 900 72 979 612 171 255 950 256 927 878 513 112 255 5 689 493 356 608 357 252 929 135 524 661 840 247 549 256 568 803 395 279 585 77 649 981 781 953 678 571 32 841 119 108 523 486 625 465 996 949 11 405 920 361 354 646 548 247 941 24 486 181 579 812 334 662 546 329 157 851 617 362 144 482 124 626 33 869 627 500 120 67 230 106 367 284 928 281 957 180 230 706 983 505 503 890 173 293 233 390 182 739 330 938 894 754 569 291 849 769 928 483 295 640 136 331 967 55 909 545 227 188 361 363 278 681 280 163 416 564 322 663 95 
336 571 564 825 379 415 631 651 953 845 539 382 418 327 438 900 659 564 475 845 664 283 821 993 828 728 271 588 321 466 825 781 388 665 682 619 114 829 45 186 68 395 120 28 956 550 13 300 342 643 145 409 991 73 215 981 562 887 154 637 747 555 340 683 144 637 885 26 764 533 423 562 191 536 194 926 51 370 384 533 82 808 618 600 139 125 795 368 413 261 732 173 426 117 676 921 785 854 128 981 644 161 676 187 624 17 379 979 394 64 770 172 87 219 762 510 978 373 461 745 873 446 636 702 104 619 711 833 998 272 416 921 424 126 634 442 12 564 419 85 881 448 305 770 465 569 492 725 215 169 362 5 451 288 327 109 342 528 819 912 113 79 394 315 836 210 214 637 434 907 643 84 148 137 156 900 943 254 708 360 654 888 977 911 276 746 32 628 16 230 566 159 855 191 86 513 472 583 45 819 190 408 517 264 93 478 100 566 692 406 165 197 561 780 581 302 673 223 127 910 668 251 772 3 168 104 838 43 513 35 866 843 541 361 643 615 953 588 79 907 803 675 607 918 710 479 35 519 192 705 914 453 769 163 248 75 240 72 435 47 636 907 60 568 617 5 117 604 66 540 341 996 966 295 363 883 582 739 803 91 544 599 940 367 966 596 579 931 517 917 397 675 212 908 348 895 222 747 171 131 363 850 210 466 507 759 831 718 758 628 904 293 419 682 878 664 573 119 215 946 303 210 889 854 20 847 866 748 883 678 547 359 485 209 262 503 748 864 359 867 557 162 780 133 677 238 79 198 936 309 781 953 667 650 694 48 25 899 45 630 803 761 151 559 188 157 846 896 874 867 894 127 785 763 103 109 474 935 303 911 632 493 200 429 0 904 596 369 476 170 253 631 2 773 833 88 111 737 274 601 645 11 893 981 908 431 834 566 782 252 44 532 116 791 470 208 986 155 820 289 729 320 934 966 892 609 67 155 323 429 140 822 746 99 461 598 358 176 842 663 590 841 534 996 725 626 967 946 328 685 593 519 691 857 705 616 281 78 155 314 69 478 141 890 74 980 447 73 429 759 395 743 181 115 257 157 993 560 59 309 663 69 804 186 299 106 615 512 300 79 678 373 76 211 407 811 332 65 15 866 
761 999 149 499 719 195 480 533 245 393 544 131 630 819 748 644 929 471 715 984 507 108 241 707 588 957 643 110 427 694 880 1 725 865 816 396 64 715 302 506 158 323 787 699 148 469 572 177 66 986 40 902 409 177 680 359 726 102 590 927 163 922 773 236 245 196 856 678 991 433 323 228 763 630 639 159 999 220 622 48 666 401 480 651 155 821 653 488 219 911 401 44 830 368 920 405 861 394 13 599 959 536 725 258 24 294 881 467 666 201 609 732 5 416 730 4 79 634 991 603 486 434 21 116 742 252 963 977 509 752 626 772 615 193 501 830 141 521 532 990 469 857 736 774 642 7 710 811 189 662 703 80 303 351 127 244 553 613 654 777 878 284 807 756 573 564 413 182 169 520 542 11 419 779 988 255 579 915 400 219 988 745 873 128 793 374 920 976 212 158 483 414 422 734 162 763 257 992 988 860 601 467 711 780 928 359 861 230 806 502 432 360 81 695 80 458 186 639 150 115 313 217 939 474 239 158 296 0 704 823 143 945 885 48 24 953 500 957 271 327 640 433 609 267 237 325 412 35 359 735 961 488 764 260 266 271 689 30 606 786 634 164 632 545 647 27 96 917 70 936 610 155 956 336 741 436 762 104 59 463 811 160 33 34 1 441 699 52 974 554 119 22 707 31 469 551 781 251 537 408 505 570 480 914 267 506 921 626 161 604 11 972 89 248 471 458 624 196 559 708 884 114 794 114 149 807 369 972 186 102 765 944 530 213 803 603 973 668 833 149 600 623 882 408 84 901 263 566 864 969 5 557 260 908 980 337 51 815 531 636 19 988 556 349 391 841 854 505 124 539 708 334 806 456 995 185 280 928 180 596 166 74 342 823 155 240 197 315 903 238 285 690 781 590 491 373 359 8 650 483 271 692 416 542 115 171 232 117 976 635 451 820 169 686 399 302 886 284 455 955 596 56 533 948 82 254 160 203 216 161 901 366 509 850 491 111 818 769 996 888 693 643 172 409 612 846 563 222 357 678 649 763 656 774 636 836 797 199 3 888 787 86 64 348 335 747 21 691 829 748 892 534 805 632 294 197 847 172 857 920 730 862 875 654 221 723 902 863 725 785 204 517 515 97 133 690 439 239 581 197 
239 536 851 817 558 633 129 72 267 760 963 906 332 444 539 32 956 54 445 281 3 145 383 636 567 229 805 301 402 769 925 356 926 300 869 943 473 712 201 276 361 125 623 600 409 450 369 261 40 335 263 121 928 402 601 470 674 208 107 333 568 425 340 20 425 1000 555 156 799 919 366 477 685 818 60 414 815 884 146 949 793 356 542 331 708 395 598 136 75 222 426 239 757 276 561 457 629 62 512 592 566 360 949 178 709 709 266 359 311 87 499 109 817 708 706 352 447 834 946 796 404 762 848 502 25 158 982 939 513 205 348 558 271 305 711 787 0 771 701 770 69 802 587 660 837 377 749 159 600 434 757 882 488 264 61 480 271 250 602 414 669 646 609 165 691 697 249 255 773 479 658 699 681 583 64 844 675 653 779 816 659 979 97 389 546 798 24 674 706 496 642 244 525 866 334 331 834 974 764 813 976 639 542 669 253 330 159 25 644 919 796 745 767 518 257 828 14 643 893 845 431 117 441 42 66 311 761 49 278 951 466 195 419 229 807 672 933 74 190 681 128 537 511 316 495 996 217 442 361 924 1000 127 105 338 173 341 937 546 544 800 636 444 305 680 853 585 119 765 664 947 392 526 570 18 499 911 72 751 588 475 263 556 712 762 257 363 418 388 96 254 38 16 425 563 512 557 965 974 940 707 380 568 919 864 312 660 250 109 71 751 403 226 107 228 295 620 3 100 18 565 409 491 548 917 915 382 170 417 802 161 943 801 657 987 55 956 340 429 672 278 156 334 231 93 91 968 426 814 602 847 96 203 87 973 16 582 412 277 778 415 447 381 275 214 464 929 181 719 338 147 567 556 952 358 944 912 771 214 963 177 703 89 102 87 353 533 205 512 281 54 832 475 555 402 408 829 869 472 500 85 595 647 477 642 477 52 884 196 145 686 204 426 438 472 752 120 332 98 652 708 352 581 371 842 259 746 800 728 38 133 231 472 840 94 303 254 198 466 757 54 865 946 795 557 101 259 812 747 832 854 344 600 339 439 847 67 118 633 267 204 600 797 237 391 154 615 163 600 324 897 665 771 402 522 690 399 730 99 921 32 593 743 331 818 880 13 819 262 841 463 998 391 602 341 543 885 996 386 28 933 
211 854 30 938 992 185 170 947 291 930 130 277 429 729 355 182 903 364 886 304 506 633 739 588 643 8 560 310 599 830 319 963 591 564 442 377 414 996 468 784 274 934 378 866 350 779 258 853 556 290 814 572 910 892 757 917 391 214 805 610 321 419 859 714 851 793 209 158 571 889 428 97 717 252 715 330 245 420 182 207 60 299 900 302 276 251 237 92 604 383 233 884 374 928 269 883 920 997 795 461 862 457 162 436 102 211 532 448 764 598 539 966 188 895 643 18 498 456 806 275 926 13 289 164 938 84 547 974 705 27 763 634 252 967 491 89 598 452 653 800 868 106 934 197 141 798 563 751 632 158 639 12 213 57 831 11 84 864 963 743 721 367 293 326 636 794 155 390 643 626 613 999 977 780 828 111 698 110 617 149 484 660 598 614 576 174 163 388 942 891 185 277 62 167 260 556 517 883 875 721 390 179 951 484 603 947 292 278 383 474 196 356 164 885 45 77 202 973 546 695 576 158 403 566 150 43 711 638 139 206 669 611 294 708 991 443 342 727 142 719 872 489 359 430 433 875 697 535 175 211 536 855 454 866 71 721 866 319 127 334 733 85 107 185 869 707 674 837 890 612 974 309 353 305 336 799 71 564 790 735 102 190 879 507 87 188 838 808 125 325 646 408 488 549 913 984 588 48 786 141 54 366 272 667 254 713 732 276 745 446 201 872 761 95 101 164 580 913 268 932 475 200 283 120 162 494 556 715 857 167 608 409 96 292 227 761 531 382 111 887 482 827 314 926 570 378 627 60 522 152 281 702 768 349 412 229 860 247 464 230 968 669 392 9 761 896 158 122 55 636 848 685 216 959 292 310 477 436 361 288 1 732 822 225 508 582 313 32 73 579 687 655 781 360 773 570 18 435 775 412 665 706 912 669 90 64 181 545 227 100 677 696 440 778 88 171 559 544 673 108 128 910 155 40 64 722 845 300 55 614 341 680 996 514 996 11 219 176 777 369 357 49 989 128 207 58 575 948 587 24 408 383 608 751 540 570 688 946 429 584 474 324 76 498 157 699 538 447 221 538 205 539 336 726 50 983 636 336 133 682 178 734 142 547 218 778 20 678 186 327 217 145 219 369 996 705 660 706 923 618 
274 638 732 85 667 350 34 292 631 513 261 371 333 690 262 741 572 829 998 544 882 632 788 863 274 877 546 166 733 167 421 678 139 794 543 202 627 264 962 603 696 440 317 786 216 400 529 138 798 423 282 87 592 129 258 897 51 197 304 102 253 327 423 209 989 332 813 174 187 609 993 499 8 801 455 743 180 43 802 748 413 825 151 549 907 836 548 566 128 921 45 926 819 291 732 34 412 675 307 650 191 123 421 305 899 31 440 592 403 246 139 733 652 128 749 339 57 383 746 668 9 136 745 822 281 767 323 397 932 662 857 910 204 913 637 939 752 495 985 954 130 589 721 354 75 719 715 819 342 42 627 786 531 15 972 632 57 7 486 845 73 239 207 558 387 999 161 609 927 331 251 394 599 313 872 123 327 84 105 361 350 546 373 243 561 540 579 995 763 507 276 836 858 966 939 639 83 653 719 806 674 382 540 663 244 570 39 568 80 439 701 594 466 255 425 250 851 713 736 568 866 238 216 756 859 912 35 852 511 694 683 85 758 598 316 964 207 238 585 676 73 1000 463 962 555 514 287 523 887 169 367 11 845 309 113 167 243 603 706 729 567 440 309 101 413 861 11 110 372 719 863 344 896 653 7 994 646 490 538 365 855 201 928 21 443 935 698 190 808 759 226 677 335 559 350 357 325 160 463 599 806 240 326 286 15 658 91 550 834 328 283 682 485 374 163 280 402 671 486 899 591 480 330 765 804 942 765 180 614 274 237 166 946 769 568 618 529 945 88 326 386 513 331 812 757 958 247 902 163 905 650 760 271 743 706 981 118 219 492 323 594 26 157 626 66 795 513 148 133 240 544 628 719 521 792 851 297 232 634 611 765 298 419 319 425 190 816 58 746 147 776 653 106 819 324 457 240 814 785 4 549 141 991 154 863 313 124 357 118 205 758 132 908 37 152 413 465 585 879 528 169 857 566 401 417 329 374 958 852 127 684 166 171 318 863 788 503 513 892 684 584 600 300 904 78 107 888 122 604 962 526 241 11 146 531 954 451 406 646 964 279 875 154 143 489 879 398 117 925 479 479 937 410 142 368 6 349 542 388 700 285 536 460 744 982 54 317 971 576 777 922 507 546 464 848 795 304 119 349 479 
492 682 849 335 7 282 430 223 617 750 720 989 48 289 373 44 211 297 187 845 261 571 436 941 550 815 813 218 61 52 455 864 598 314 565 478 921 325 507 201 161 973 977 33 471 872 270 894 325 983 537 136 219 328 796 181 549 654 136 515 746 609 723 477 463 11 147 981 941 396 931 718 58 492 520 544 29 372 508 887 605 335 751 954 464 953 812 343 369 509 236 72 627 582 54 115 556 798 934 86 337 250 199 911 210 481 637 848 695 119 149 690 189 106 89 670 864 165 718 912 111 332 176 538 913 840 664 106 694 157 424 616 104 55 591 975 597 260 572 926 442 925 520 225 178 513 480 359 147 522 876 495 803 832 134 594 669 247 795 272 546 207 656 422 56 319 215 356 570 154 696 689 973 491 522 596 686 961 835 794 627 672 739 860 16 494 825 271 753 844 347 64 608 54 291 511 181 533 993 923 808 973 33 458 143 359 125 818 286 128 2 143 101 584 962 358 490 965 685 362 589 289 198 198 729 625 470 897 318 179 857 226 798 186 686 832 44 174 410 813 550 566 983 851 760 198 658 910 309 494 293 361 838 613 46 487 22 439 173 459 306 560 192 585 287 50 355 534 162 187 953 713 26 472 575 930 460 727 574 741 713 750 782 670 322 646 815 733 528 624 241 177 407 623 851 917 571 156 890 170 925 873 873 899 167 645 813 845 61 757 112 684 273 957 223 433 229 39 5 915 999 888 35 505 386 282 556 603 50 26 106 91 99 405 997 681 498 459 869 462 353 474 460 804 441 580 525 818 255 785 390 589 654 135 467 541 947 78 931 828 804 90 647 213 301 815 997 116 677 292 131 775 192 312 968 167 609 107 305 651 428 212 984 741 863 552 879 174 463 293 197 54 415 122 105 604 513 198 623 488 177 324 618 723 68 147 789 109 905 732 292 279 135 390 332 582 941 569 253 913 773 972 277 650 751 776 383 920 180 616 502 360 864 404 596 99 388 618 876 111 37 965 175 603 537 125 456 990 688 536 860 851 225 617 376 390 607 798 389 51 881 182 282 166 81 293 895 373 149 63 555 765 357 113 275 893 92 734 203 415 647 965 230 301 504 372 571 198 637 905 691 105 308 61 336 357 933 795 517 296 
160 369 780 461 257 491 988 819 869 846 707 145 878 394 764 482 419 151 330 71 203 843 135 661 536 879 698 948 361 852 748 999 165 952 591 46 337 194 714 73 19 511 621 943 922 472 938 202 74 448 779 911 183 466 632 111 740 73 317 689 976 870 947 276 510 966 822 543 739 510 893 48 99 993 309 660 178 138 86 716 738 839 162 641 578 917 542 55 673 487 294 144 490 777 980 120 641 748 133 592 214 702 759 998 628 881 34 71 652 403 606 429 815 405 154 821 689 628 768 696 428 974 530 753 149 610 884 466 964 393 60 306 209 806 879 248 720 633 742 9 669 795 331 914 901 143 985 899 331 388 127 167 38 651 322 94 658 959 139 540 562 54 840 497 424 693 512 42 21 937 252 630 809 407 952 325 45 436 218 99 414 596 218 890 947 996 592 479 3 122 481 755 38 789 729 740 147 938 233 353 992 560 238 435 969 730 997 938 241 5 831 189 84 611 207 216 490 749 507 957 928 356 441 162 939 748 959 967 826 284 261 604 882 695 728 151 233 532 405 292 94 119 825 88 230 149 87 253 974 762 853 885 613 488 857 28 386 298 477 341 931 722 976 969 996 932 835 682 180 182 869 135 887 307 656 859 885 260 869 42 318 563 250 504 385 18 266 350 624 836 723 254 567 516 920 429 572 329 804 401 971 697 745 575 471 813 718 203 217 439 450 310 93 312 160 380 691 460 372 591 834 860 466 370 658 480 952 544 238 58 804 585 845 330 686 531 611 111 406 532 732 701 731 548 270 648 401 732 550 196 18 504 237 62 642 381 537 310 732 942 982 101 15 583 832 462 410 719 30 983 719 700 293 522 902 539 228 650 392 900 168 926 635 736 973 226 950 790 49 300 761 888 746 898 868 224 788 470 615 424 612 762 864 958 811 878 94 752 493 694 797 477 941 232 724 404 663 977 699 308 123 92 738 961 352 657 278 150 512 364 349 114 710 297 574 224 630 401 331 864 710 846 828 255 347 127 721 34 526 305 993 511 615 602 722 81 399 504 276 913 220 877 570 924 737 732 597 183 25 775 867 177 257 129 940 860 738 41 392 205 605 157 68 500 418 333 710 768 744 199 432 436 617 672 695 262 170 84 870 652 
903 104 979 998 498 508 353 542 253 298 202 236 209 107 983 701 956 270 96 116 567 391 326 245 594 290 235 708 856 741 60 984 846 620 126 645 216 958 292 763 457 339 965 923 226 947 123 404 462 780 998 140 674 401 844 415 629 425 777 754 437 853 10 848 334 525 356 162 824 490 171 204 362 265 455 574 391 124 822 130 794 468 754 650 380 35 913 574 649 272 535 70 326 578 639 131 976 493 319 681 471 237 786 886 888 770 329 405 961 748 974 631 357 483 786 881 968 260 218 642 402 791 668 174 595 583 234 740 138 765 315 720 911 247 865 163 115 270 62 892 779 910 199 159 623 181 976 353 217 115 569 187 639 703 55 31 720 292 816 497 177 810 84 437 626 602 933 475 141 309 841 876 437 449 349 81 393 208 768 525 86 805 674 427 462 229 498 666 689 227 448 421 252 122 16 449 192 266 138 59 116 532 175 982 159 607 226 312 975 705 84 295 981 990 949 547 808 235 574 126 894 18 926 821 61 539 418 326 525 94 33 120 359 357 811 515 100 204 439 15 148 107 612 369 451 50 811 669 371 146 0 266 604 1000 821 660 281 423 231 280 984 771 614 684 326 242 588 224 533 117 989 721 156 427 960 897 36 472 108 20 404 603 470 721 263 151 339 871 48 327 485 739 572 295 62 627 971 367 878 213 479 633 526 538 245 442 46 788 340 347 141 822 786 427 779 932 381 83 785 136 926 615 746 549 751 488 463 259 69 809 344 777 732 351 253 349 789 130 329 344 877 964 631 641 789 6 193 927 466 174 941 763 307 941 897 415 532 228 409 965 703 277 45 521 150 195 297 155 203 989 555 988 445 202 968 894 501 984 534 859 860 352 883 621 869 866 870 281 40 638 185 894 246 429 569 493 764 857 272 19 409 257 572 788 233 955 370 704 690 452 644 11 814 814 235 249 105 186 702 699 507 717 470 305 253 367 489 115 28 47 597 299 532 911 47 692 381 442 312 988 137 168 641 636 424 102 160 511 413 69 847 516 534 289 932 610 347 825 392 326 765 136 21 817 928 873 847 46 40 599 116 898 882 891 63 438 964 393 367 310 339 151 575 660 522 446 359 74 273 129 214 108 60 939 934 998 665 39 148 17 
344 540 963 672 410 638 593 617 845 570 912 987 171 346 53 121 307 695 906 790 923 893 423 624 137 27 974 473 719 8 254 508 533 269 661 326 483 895 54 281 954 669 642 372 324 190 3 379 635 21 191 368 602 122 62 985 231 995 640 177 403 909 808 227 789 658 415 292 754 917 596 297 585 922 686 333 693 661 624 345 368 828 211 135 872 135 614 503 379 299 854 848 360 768 63 685 834 804 1 3 15 586 881 532 168 977 529 358 180 368 342 829 802 947 532 932 393 63 421 766 152 321 618 34 713 522 841 586 214 542 218 420 738 932 317 411 125 647 482 920 582 906 683 558 105 101 789 888 185 341 506 917 233 992 15 970 670 455 535 471 328 518 888 929 72 371 220 684 880 168 659 267 983 751 983 318 550 312 149 706 414 300 767 18 569 924 77 403 775 399 9 950 855 538 424 124 663 331 183 560 346 466 556 726 846 759 491 579 792 484 914 650 422 374 926 592 373 195 59 674 186 872 57 387 232 409 567 732 56 603 746 629 722 875 795 98 53 786 195 976 54 676 378 62 786 84 819 564 175 696 32 869 928 694 101 677 438 763 835 696 609 527 580 955 280 239 578 795 669 754 562 157 676 7 684 729 679 379 875 863 246 730 4 537 466 762 132 247 112 324 677 439 770 491 711 930 436 135 418 430 563 77 744 391 804 792 500 757 265 390 416 656 335 138 122 230 705 723 804 20 556 503 8 851 939 554 771 146 316 595 701 26 515 60 858 966 111 794 789 401 368 292 179 142 327 160 156 800 626 434 285 114 954 905 211 170 635 480 408 323 626 114 271 459 620 387 669 558 953 809 292 786 497 486 133 327 947 791 937 857 339 583 193 339 488 342 704 133 359 261 185 696 868 921 974 855 759 910 994 890 581 398 716 808 24 594 43 845 162 408 379 117 641 241 520 444 209 241 187 288 346 893 129 471 513 418 293 763 766 603 838 886 784 317 143 898 297 313 410 360 487 930 621 929 735 40 511 157 197 313 285 402 359 227 287 557 38 429 418 352 635 514 437 407 315 49 754 60 390 189 374 598 190 666 617 706 354 215 999 858 544 363 36 980 721 174 436 500 642 111 929 245 636 160 562 481 286 880 501 290 
422 153 208 629 276 700 467 876 844 777 980 559 201 384 513 105 261 372 176 606 222 482 676 54 647 994 702 493 7 672 670 11 238 984 848 628 893 509 617 770 515 853 622 68 26 607 775 183 889 832 70 800 614 520 847 496 271 344 737 587 38 449 541 561 455 986 245 324 278 816 778 920 582 364 803 57 557 35 796 571 156 804 24 801 195 165 134 879 274 239 213 483 705 888 924 657 568 792 258 422 934 932 162 650 300 435 267 589 679 60 900 42 388 324 550 207 631 62 345 90 808 607 14 432 467 369 228 893 855 447 501 999 380 212 680 862 327 425 356 243 201 241 493 821 180 884 26 447 135 997 193 944 474 638 687 943 624 618 403 123 930 940 818 683 382 761 204 860 259 192 230 147 945 870 640 398 499 412 843 122 486 543 446 400 786 471 890 835 829 161 972 209 475 541 439 910 597 801 219 184 339 985 639 296 875 726 80 468 492 112 319 157 664 302 432 877 496 658 850 771 867 760 670 250 507 285 684 446 937 666 842 779 161 324 636 157 325 892 679 419 973 615 452 500 946 934 944 195 108 893 574 584 632 44 522 760 767 388 259 454 526 594 26 384 545 911 319 655 126 492 267 214 216 641 205 885 735 129 816 453 171 200 861 80 398 866 108 303 235 376 457 661 510 661 381 653 799 218 749 460 902 754 386 402 339 127 970 53 388 248 925 340 481 493 278 51 552 854 137 949 57 577 171 711 775 373 993 862 863 517 119 922 653 238 830 723 283 171 885 559 401 507 406 266 948 765 884 800 83 407 50 3 462 904 28 455 552 354 876 457 683 175 972 645 311 921 610 416 685 430 99 205 49 4 813 939 565 441 96 853 694 359 243 691 678 12 803 712 878 30 634 417 152 549 453 350 720 165 749 978 129 919 397 811 510 482 654 720 39 757 475 410 407 835 189 30 863 199 156 602 236 860 739 1000 433 571 415 7 610 490 702 837 125 679 6 569 228 975 689 856 880 897 944 879 232 354 903 878 866 858 162 920 719 747 957 383 76 926 577 629 561 30 895 986 654 859 869 813 573 432 551 599 807 496 691 486 482 935 755 589 651 46 464 112 816 604 119 18 564 133 125 807 174 560 117 510 803 137 34 851 
815 458 954 367 628 3 10 96 718 617 908 790 223 507 49 594 148 654 256 93 968 907 574 299 927 467 957 660 800 655 938 796 796 623 194 481 804 308 367 73 235 571 494 480 617 178 255 83 752 802 200 481 136 121 683 879 295 438 889 92 234 634 787 102 396 26 994 370 434 622 9 765 286 609 399 249 932 479 437 484 118 173 189 239 895 20 706 183 428 774 977 947 873 798 446 135 409 618 928 784 789 217 39 26 794 860 179 176 133 313 293 61 852 399 322 782 601 285 827 587 722 525 461 280 454 912 665 805 268 241 696 569 584 955 95 755 68 710 215 733 717 269 324 514 821 482 686 254 654 977 363 939 592 24 619 977 931 768 502 964 154 451 280 836 467 717 25 411 838 44 473 200 586 863 912 997 524 418 41 656 397 397 304 642 379 338 70 971 363 72 817 502 964 183 589 951 277 758 654 492 694 970 364 429 481 930 562 58 58 817 279 298 705 247 177 491 594 493 910 920 241 652 862 560 820 577 394 960 682 19 84 718 124 459 534 951 29 321 195 400 553 196 723 404 443 263 984 542 551 237 981 559 488 739 906 98 147 611 819 321 460 490 323 230 371 779 307 440 958 769 288 732 27 402 621 943 193 518 109 646 942 983 293 350 822 264 284 425 168 695 521 577 141 46 487 209 968 181 114 573 70 201 32 832 17 225 499 30 801 108 829 427 374 852 608 598 89 74 795 50 847 458 804 982 741 223 566 463 678 352 180 648 345 728 641 387 830 448 270 839 416 437 797 303 572 736 809 740 648 700 13 34 521 290 380 27 770 65 513 237 334 651 812 28 26 179 790 89 531 508 863 58 962 934 119 240 913 929 496 307 497 511 209 663 12 580 850 537 987 664 594 84 199 873 490 225 194 87 815 895 925 422 974 272 46 668 622 367 671 494 506 595 281 319 800 473 658 654 152 666 678 94 679 811 944 905 15 646 942 696 57 731 706 63 40 668 475 691 586 566 418 771 800 516 167 511 314 97 885 645 821 584 26 328 188 825 177 878 376 848 171 835 687 104 279 224 394 633 393 471 680 877 435 965 873 617 970 458 975 366 3 500 672 656 255 227 900 25 768 899 815 133 556 688 615 742 74 17 988 841 
297 487 881 58 867 753 582 369 235 975 492 336 264 334 189 556 598 726 595 737 539 101 977 774 759 13 289 729 942 48 827 371 395 513 752 394 999 368 485 952 456 912 265 482 460 561 454 697 994 208 899 433 751 515 194 753 477 918 592 909 612 175 895 828 975 285 713 719 825 107 102 301 78 518 163 149 460 471 711 19 416 576 443 833 100 823 81 405 582 271 792 431 806 396 383 357 576 715 280 740 777 483 471 95 511 746 790 221 540 246 423 802 275 833 1000 430 254 649 485 874 323 940 64 445 26 237 162 123 72 116 718 277 961 949 299 191 342 450 526 220 230 169 732 768 924 80 314 514 90 62 841 14 648 440 574 380 374 16 687 635 495 357 677 545 451 274 433 587 652 806 631 902 406 425 399 298 810 711 21 184 783 489 305 111 519 456 124 508 986 197 259 562 563 874 584 582 96 331 127 558 861 511 79 973 552 189 371 839 552 81 976 563 298 247 460 118 329 566 762 914 820 659 739 149 257 640 909 340 488 490 580 252 308 395 648 23 802 429 325 24 943 598 811 322 560 507 473 376 451 395 100 96 806 587 357 231 957 939 602 371 582 369 750 694 112 495 885 696 731 664 907 910 701 172 245 42 750 174 752 282 765 829 673 969 531 620 689 25 374 55 935 290 467 54 293 361 418 745 180 420 305 264 217 373 266 467 63 473 372 507 957 568 980 682 927 850 401 911 511 972 479 180 595 543 261 673 923 972 915 635 509 952 949 517 258 740 892 655 830 5 556 285 541 554 466 459 971 543 128 570 185 412 41 863 529 310 364 614 955 189 30 223 839 989 401 924 12 70 452 213 897 927 753 673 783 835 205 89 230 439 901 897 642 346 951 255 173 962 117 591 854 758 22 696 637 372 463 55 362 394 95 255 934 300 400 94 67 551 561 391 198 127 552 538 687 160 688 786 45 483 479 464 148 612 427 721 58 817 797 330 937 735 742 846 641 220 176 463 784 640 520 333 120 55 190 906 347 476 956 641 608 289 840 650 405 533 512 35 114 490 291 962 730 584 207 66 283 595 229 543 493 112 375 29 403 72 513 288 375 202 66 725 446 992 410 348 152 18 694 97 191 791 562 659 875 749 92 414 381 382 
945 385 235 577 684 462 544 781 866 656 29 626 92 968 212 535 659 13 835 982 416 976 310 829 418 391 200 175 395 452 202 843 982 682 785 53 435 515 528 57 255 890 468 16 259 283 151 924 37 395 41 825 259 207 191 766 770 113 786 660 532 786 539 858 200 376 641 179 437 206 287 233 375 369 521 979 59 973 835 489 689 576 617 701 498 526 579 885 381 400 790 841 927 328 50 659 681 293 165 5 540 174 78 135 216 951 534 889 77 191 831 256 465 564 777 679 984 54 975 483 734 184 857 308 989 376 579 138 573 449 308 861 453 777 418 605 170 984 562 96 80 901 757 877 823 899 859 125 225 583 320 203 72 540 560 404 873 847 691 285 146 840 631 446 61 704 909 434 726 153 629 691 199 787 85 447 52 68 776 927 40 639 635 737 22 483 868 709 486 788 486 591 321 371 482 477 447 701 770 345 325 330 271 565 359 502 796 947 613 726 654 427 937 773 653 272 150 344 407 382 971 931 794 350 918 35 33 165 609 868 504 10 157 443 659 398 373 482 43 226 952 219 148 967 338 397 383 54 835 340 601 572 306 410 335 672 310 169 444 61 399 95 731 379 297 439 321 180 85 377 679 326 143 806 621 912 129 66 433 180 810 641 238 588 372 373 174 150 399 397 426 695 492 85 746 852 1 712 749 897 739 504 145 612 72 518 53 381 244 303 782 380 936 4 315 640 721 510 750 235 954 820 81 432 440 904 514 953 104 282 655 150 637 772 936 794 635 938 334 540 800 533 15 302 587 5 94 347 348 202 271 670 487 640 859 829 589 626 904 605 260 204 198 187 720 901 240 483 794 9 995 524 790 610 439 355 595 193 119 878 294 462 377 975 636 789 437 863 103 52 55 821 350 167 6 840 668 925 245 277 535 533 814 53 691 958 863 181 930 471 930 372 199 142 639 457 29 74 676 685 543 885 914 27 725 992 426 815 788 752 582 729 859 783 993 780 872 781 622 743 874 71 335 667 666 965 798 703 102 281 409 621 248 596 898 539 349 996 959 539 238 35 224 155 463 8 944 764 364 341 553 787 117 568 824 117 818 890 144 284 604 706 867 533 89 905 715 170 597 9 894 720 956 102 122 274 91 385 827 274 
486 650 181 934 295 317 243 567 455 78 929 937 533 670 792 216 628 63 536 690 135 807 781 486 354 347 809 953 586 934 611 450 250 826 539 972 11 153 419 976 414 38 72 490 779 89 575 116 661 991 979 120 765 592 503 983 513 644 162 761 585 235 429 663 641 536 818 373 520 648 515 661 582 268 833 386 827 402 490 839 645 253 94 795 613 249 442 775 142 519 111 711 730 991 604 833 137 264 746 852 925 793 976 641 296 12 239 18 999 454 513 346 225 114 822 83 351 653 294 436 385 146 596 919 424 693 811 448 646 707 303 825 457 623 786 527 872 499 247 658 554 956 603 74 721 973 199 326 736 534 461 165 862 921 641 312 658 560 122 865 313 728 459 659 236 183 449 222 301 801 826 763 9 576 876 485 733 827 224 199 227 481 413 206 515 181 347 86 447 642 493 361 983 579 449 501 908 793 222 698 601 925 802 240 842 22 227 648 762 599 85 803 649 99 493 762 917 768 5 485 468 263 30 364 953 958 368 654 153 96 88 288 972 339 204 198 42 829 997 739 561 666 267 28 186 297 680 202 33 858 870 293 167 993 741 401 67 53 737 314 837 568 786 746 772 656 929 477 551 12 323 776 900 367 323 894 483 964 845 374 791 610 753 40 926 911 392 984 648 19 344 637 141 503 297 167 312 816 456 748 119 15 891 284 183 885 625 666 695 613 926 19 515 197 787 855 450 46 0 500 234 999 638 16 605 183 386 612 268 540 590 958 489 648 384 892 518 813 567 766 627 736 212 870 604 575 978 50 749 975 952 331 988 327 326 41 290 968 6 655 82 297 258 977 131 517 477 914 501 803 830 975 14 270 632 127 237 46 329 847 22 793 745 600 480 529 434 708 284 548 67 459 346 62 48 199 482 934 464 238 995 810 869 971 974 777 554 165 183 672 187 242 149 811 846 675 268 325 609 328 93 24 408 566 375 367 525 149 805 643 382 181 947 923 656 96 493 255 427 617 993 38 888 534 688 17 755 636 92 437 893 43 27 51 823 603 727 798 544 707 643 993 137 271 867 437 600 38 439 442 864 48 87 670 230 582 676 245 213 5 822 301 421 876 494 341 145 203 941 756 313 415 671 912 597 628 212 642 646 800 
27 757 998 424 642 327 883 734 139 848 620 281 251 300 999 422 97 945 818 141 153 842 659 365 452 416 10 146 682 405 974 12 507 918 747 299 957 933 301 1 283 97 479 179 192 785 430 997 327 437 826 936 67 24 118 479 701 233 863 718 708 193 498 954 834 845 317 194 661 382 647 672 255 767 871 694 127 304 316 61 715 731 239 672 827 60 602 618 854 918 434 497 640 680 542 485 704 294 575 514 847 971 721 606 516 140 233 662 920 395 425 927 328 888 20 355 819 210 908 756 631 790 13 37 95 680 843 860 30 156 191 666 767 7 717 783 612 383 916 343 153 633 693 432 333 960 607 282 686 970 413 235 369 482 665 70 719 586 756 317 865 564 812 710 969 908 575 483 243 373 576 764 759 359 1 41 434 469 615 963 701 267 302 579 456 190 528 801 238 695 602 573 7 723 220 740 877 204 394 553 309 800 274 935 49 739 749 958 833 924 921 952 98 43 252 232 941 253 569 287 521 922 892 743 829 557 949 998 307 841 353 529 395 948 590 359 235 912 776 347 744 736 287 975 227 17 946 737 530 176 585 358 525 260 204 551 636 262 110 627 423 243 956 749 45 291 678 882 206 290 541 833 763 595 201 9 541 151 633 731 641 509 917 102 442 983 131 925 689 841 699 649 956 660 158 154 296 67 562 829 126 102 281 959 148 999 982 331 76 947 303 899 52 776 125 683 633 616 823 800 438 678 44 722 468 813 114 701 76 343 647 458 704 123 231 606 233 191 487 708 852 809 12 174 974 301 580 327 696 887 634 382 200 152 575 137 288 482 455 14 448 809 675 535 719 86 797 683 609 372 367 572 722 620 713 489 899 148 678 349 787 46 831 440 87 950 94 287 158 872 211 157 82 593 592 676 553 413 496 869 299 948 307 979 62 977 97 613 196 582 92 802 625 71 515 697 351 684 912 501 727 299 24 417 13 594 348 15 205 137 166 228 494 631 559 769 55 514 992 505 373 122 123 922 987 351 977 481 533 272 378 68 732 433 582 792 882 916 237 653 455 897 293 135 485 797 479 957 747 647 509 316 468 962 115 817 951 591 521 250 915 726 890 928 959 634 253 441 662 624 409 156 724 782 178 890 98 14 621 942 
303 473 902 740 639 488 253 964 654 14 519 332 23 291 7 521 213 175 350 61 652 920 652 246 453 927 942 427 572 143 225 866 736 908 81 137 967 58 90 297 488 426 979 511 180 401 153 952 525 453 849 172 134 295 812 439 475 171 619 153 481 148 931 836 831 710 244 860 586 937 172 929 216 950 218 824 979 451 604 89 84 690 611 97 397 970 318 428 863 322 448 258 194 613 675 58 974 630 492 306 563 357 186 782 807 475 821 168 677 177 506 470 846 801 789 656 305 928 759 836 75 544 145 844 103 648 517 970 696 226 992 534 840 644 948 894 489 853 945 876 182 972 496 857 902 397 677 990 36 680 510 889 484 806 431 276 951 813 217 649 507 412 897 177 344 798 516 973 135 893 994 740 523 506 962 498 997 17 176 778 609 429 208 119 697 180 42 630 461 983 541 909 759 739 544 762 374 305 712 114 758 630 647 358 302 261 84 907 686 341 255 353 909 779 527 300 892 965 872 985 3 225 498 939 88 875 999 567 211 650 25 148 96 552 7 111 319 170 510 371 544 872 90 931 339 286 6 106 987 492 400 909 420 75 406 863 430 181 118 384 309 903 47 515 133 937 93 325 612 175 371 528 222 883 734 493 818 212 89 71 107 69 699 766 523 57 152 12 243 161 893 195 524 454 150 259 695 303 36 649 92 370 569 268 292 600 754 600 976 774 489 457 689 547 981 922 213 814 817 689 103 860 838 789 733 586 194 391 836 134 244 69 619 486 623 205 756 52 71 129 359 734 346 625 765 665 813 452 767 447 206 666 681 723 499 191 209 214 174 347 486 629 687 139 705 715 241 406 547 689 481 316 579 417 214 109 839 155 619 918 813 718 991 712 271 375 626 376 512 525 47 843 380 390 638 851 756 384 465 277 978 235 902 587 426 394 179 837 506 690 537 277 7 930 750 13 508 981 226 151 542 706 172 187 405 870 699 424 541 691 860 760 141 313 284 672 887 300 834 127 638 174 89 305 303 456 109 99 729 975 364 734 888 956 725 277 744 934 295 577 731 869 884 352 128 869 541 258 749 396 12 60 669 773 840 355 76 17 200 639 522 736 152 259 304 881 118 193 110 845 897 139 247 449 194 62 935 907 953 537 
956 486 113 427 228 295 425 768 992 574 798 172 734 209 524 550 504 67 518 92 2 354 146 837 363 532 297 739 514 647 460 372 350 513 234 775 942 953 874 789 957 944 930 979 353 72 50 874 538 282 594 502 119 481 595 288 765 780 59 556 937 476 307 123 794 364 475 39 270 602 625 150 94 752 434 769 753 90 192 235 749 133 681 277 551 659 306 73 799 252 855 660 476 525 295 837 455 549 722 661 77 179 306 78 277 626 502 466 133 960 70 111 783 680 95 532 376 359 225 555 639 817 291 834 601 478 369 680 849 891 46 402 746 367 532 64 513 374 295 482 634 39 528 128 931 953 804 836 585 70 993 861 928 309 308 724 54 263 244 517 449 390 714 947 484 933 179 177 420 692 524 240 477 204 920 165 342 497 697 700 376 526 427 667 228 384 256 785 917 147 290 368 280 356 796 90 230 521 651 319 746 330 420 975 338 811 584 110 458 152 869 412 972 644 967 343 93 721 390 234 650 749 55 464 801 246 788 325 738 338 246 611 731 142 581 750 299 5 190 291 323 457 780 288 78 683 614 566 138 295 784 166 952 532 742 746 699 327 588 500 115 526 824 732 70 468 324 828 48 940 419 985 411 457 640 305 190 34 39 342 487 19 284 628 698 135 84 760 405 609 414 188 904 68 764 241 659 169 204 590 966 7 72 124 566 787 860 49 564 513 474 848 704 85 976 939 114 402 187 184 846 676 225 656 399 320 66 960 213 764 174 680 296 33 2 127 212 892 470 487 636 196 707 77 691 670 736 815 86 309 460 218 11 218 345 52 220 596 572 383 670 671 783 964 472 237 470 954 319 851 360 37 131 279 181 196 650 121 620 932 887 650 818 211 725 332 699 441 481 365 586 66 86 867 621 403 900 801 813 409 648 744 135 173 281 678 765 764 824 730 781 417 649 668 674 76 766 816 877 68 931 876 701 57 754 767 82 273 868 315 815 313 530 696 751 733 81 477 38 706 617 568 197 110 470 35 337 277 47 857 656 900 272 346 224 405 849 286 66 365 176 788 595 930 335 38 990 885 118 259 446 354 515 864 585 300 915 87 228 206 739 749 759 921 410 381 783 71 963 132 477 461 821 771 177 509 348 96 564 454 
567 671 341 148 531 235 556 881 462 546 36 647 856 542 518 685 294 630 246 874 44 908 522 416 618 946 257 55 183 391 156 417 613 805 735 933 849 901 882 815 54 249 279 834 895 159 217 64 621 941 334 945 637 163 129 635 44 301 862 583 205 266 983 782 743 932 325 172 950 50 987 473 874 552 986 327 359 572 344 629 978 1 561 96 91 800 416 205 285 153 332 540 991 82 635 336 407 235 837 319 142 245 570 535 120 853 300 742 76 280 473 673 719 864 871 305 538 247 64 16 363 702 854 192 906 22 880 5 765 102 509 185 364 904 736 784 263 427 979 517 48 674 1 682 905 490 539 852 2 404 72 96 610 622 448 219 665 160 781 885 236 980 363 771 415 605 458 215 319 769 950 796 241 182 324 535 680 84 687 774 385 202 611 968 634 112 625 102 374 459 592 996 986 456 772 303 257 284 937 512 551 330 362 98 164 498 282 915 71 198 931 714 540 894 709 970 752 7 369 928 762 303 592 50 720 682 608 123 431 654 363 88 320 37 548 595 637 649 907 829 844 628 356 733 416 736 130 584 292 280 354 999 792 635 91 836 778 223 903 571 444 779 924 885 399 827 398 907 423 93 922 353 381 259 931 792 321 529 191 433 503 903 135 367 667 306 837 676 47 175 758 588 281 287 428 93 396 89 453 177 864 765 994 142 474 518 789 63 26 787 852 158 9 132 330 550 221 737 511 72 298 696 331 351 445 730 997 171 553 597 543 897 895 776 797 466 957 68 235 428 117 242 415 803 771 910 521 667 393 3 634 813 171 917 23 587 665 308 610 536 70 100 349 92 859 136 332 51 690 319 906 870 590 117 635 236 986 489 943 994 607 534 72 910 994 977 175 86 464 921 65 673 618 649 682 698 702 699 998 387 677 404 51 222 500 52 118 673 727 889 368 525 323 362 240 937 171 886 830 57 986 302 792 894 678 721 187 954 740 552 63 787 201 788 26 676 202 636 167 675 503 233 377 545 581 750 39 955 593 502 618 903 283 378 318 482 252 982 82 223 909 936 70 849 109 228 142 387 124 106 741 307 481 513 147 275 880 217 359 5 917 976 915 668 833 845 190 449 858 262 256 990 262 902 782 559 79 95 639 655 
465 54 926 588 522 730 946 931 544 402 759 138 176 852 953 685 960 123 539 191 534 683 521 202 573 644 581 1000 941 135 271 299 953 825 551 333 598 20 123 841 45 632 836 859 103 462 662 376 446 635 658 551 444 176 228 620 140 298 400 157 701 748 769 918 817 166 781 518 851 590 392 176 595 522 447 846 513 479 526 559 614 925 274 281 465 248 33 292 698 800 243 248 302 329 929 320 671 884 465 162 618 291 261 535 491 967 201 105 988 936 944 126 72 652 736 402 289 726 508 289 719 779 160 958 805 14 210 215 26 687 85 894 947 730 551 991 295 104 873 190 542 928 386 946 17 787 465 797 243 610 2 594 884 674 179 185 633 714 851 17 766 977 987 148 10 385 670 175 859 83 691 996 351 995 761 658 244 824 42 9 441 415 372 197 228 539 68 598 421 380 197 16 192 6 134 21 157 415 400 469 610 628 939 140 857 59 938 65 391 246 802 247 27 845 793 584 161 591 351 225 812 73 994 777 229 707 526 485 616 952 597 167 29 99 177 415 310 984 846 163 311 943 857 74 113 826 648 691 992 788 183 404 164 91 179 509 417 67 551 118 748 500 405 820 442 936 284 730 420 542 984 41 589 519 223 934 96 825 436 298 101 333 115 684 556 234 688 478 624 39 427 70 266 49 331 262 772 515 19 406 355 968 575 960 987 786 343 199 106 122 664 8 352 451 466 724 699 480 522 327 694 199 100 432 304 774 274 856 437 805 396 996 392 861 958 479 14 603 668 177 629 786 627 330 384 641 530 205 136 892 173 15 220 62 903 468 299 470 199 793 336 442 764 957 97 733 949 49 893 17 575 8 969 950 775 732 52 694 662 796 418 9 603 257 894 949 680 616 86 288 22 894 631 341 520 2 529 208 503 86 296 889 459 615 134 85 508 428 757 157 450 966 923 22 517 669 704 783 173 609 225 94 647 377 926 786 88 734 499 92 183 742 179 896 860 91 50 863 59 325 913 537 749 459 795 797 765 66 90 719 650 461 822 130 313 835 546 284 26 66 273 378 676 980 893 391 465 817 812 499 628 966 507 209 595 165 855 599 165 51 852 80 450 404 585 609 109 97 960 669 283 526 624 460 440 115 889 598 964 697 
953 926 319 420 415 391 783 250 403 10 203 46 973 907 928 222 503 634 980 237 850 572 635 822 138 419 564 191 162 653 106 805 622 640 571 511 217 244 268 991 0 127 929 524 391 212 517 625 272 401 397 541 252 114 346 352 546 494 251 889 445 435 937 660 973 336 254 706 856 153 256 740 241 913 575 938 516 51 147 448 381 814 2 5 99 879 46 193 421 963 72 528 489 779 958 319 289 508 703 686 274 674 451 270 35 133 459 891 802 744 618 796 608 181 47 828 612 519 369 153 79 164 962 828 309 599 711 357 223 9 327 87 591 887 778 450 3 898 371 280 899 665 812 161 913 713 376 943 858 230 414 952 306 508 764 955 679 712 703 264 424 445 540 590 555 649 907 217 977 440 280 452 845 763 690 742 249 556 433 666 380 409 400 19 445 356 352 97 718 268 490 531 828 794 749 795 936 215 194 251 379 526 255 412 161 527 57 812 25 425 385 999 911 527 671 684 738 987 377 733 685 92 175 477 296 294 969 987 866 649 392 608 96 507 327 486 148 269 780 141 600 417 51 681 209 22 841 775 750 196 494 58 297 25 529 88 704 822 20 357 242 509 717 77 117 399 338 252 666 965 648 220 93 696 345 700 88 182 424 522 536 389 950 585 901 618 463 897 828 297 209 431 990 274 949 386 82 655 887 710 414 690 394 13 163 942 450 70 191 503 207 326 663 797 127 912 991 912 193 301 550 622 30 593 659 625 937 984 839 387 803 416 754 256 321 946 211 141 461 175 291 299 685 938 757 945 809 134 787 139 841 658 417 134 302 487 27 344 150 961 480 40 44 419 269 758 483 357 498 814 566 574 583 602 308 279 664 790 889 125 825 376 771 501 375 941 261 265 47 731 571 95 241 565 866 16 10 671 691 650 906 622 219 510 819 155 171 626 50 654 994 41 905 259 47 615 658 907 83 126 549 563 525 727 827 736 194 428 126 880 321 436 91 770 529 584 423 535 499 200 387 512 452 284 476 726 126 920 513 577 329 415 657 844 880 256 911 320 222 491 161 734 93 31 273 49 634 872 237 515 294 535 190 258 561 296 930 313 747 206 618 518 115 669 497 330 912 155 471 481 387 663 451 471 681 292 86 946 440 123 
283 758 111 818 870 151 444 936 953 887 881 615 947 202 207 239 96 838 302 632 208 890 527 594 33 595 122 225 580 110 54 327 803 295 16 483 331 420 896 190 926 421 4 95 888 695 806 144 822 297 498 15 331 668 207 82 131 561 779 92 400 571 588 978 202 798 805 727 463 183 797 501 264 26 698 592 663 917 209 231 945 905 250 520 254 843 847 484 78 820 391 220 473 640 645 972 558 162 491 493 579 740 623 549 160 501 379 148 239 25 209 306 374 579 185 451 565 386 2 820 688 224 142 740 338 754 505 93 613 703 136 1 153 128 757 828 624 294 724 732 337 632 893 432 271 913 903 850 480 962 68 983 124 201 515 724 447 251 828 464 705 933 123 856 806 205 317 766 427 621 49 839 717 750 79 461 862 347 696 359 859 742 277 321 545 195 554 950 862 424 159 618 724 712 201 683 434 155 768 909 303 815 677 457 541 87 943 517 65 695 41 657 576 100 630 368 426 612 369 769 508 899 188 301 173 746 38 494 932 397 630 607 459 933 886 204 379 681 780 883 102 576 531 657 695 397 108 435 120 24 734 227 867 170 205 332 568 855 25 359 194 997 454 411 416 840 41 739 514 659 476 917 556 26 451 27 373 903 844 509 850 735 962 63 57 102 837 878 45 217 593 84 385 434 853 537 502 840 480 963 169 692 396 659 313 466 76 107 718 859 695 794 144 607 470 144 402 959 91 344 396 698 797 96 832 302 903 449 475 422 259 104 594 597 486 492 443 613 722 262 799 967 311 810 679 338 796 401 437 620 216 894 8 354 505 74 563 261 548 836 800 520 104 516 562 97 68 109 615 258 504 214 704 949 720 531 338 558 744 587 841 442 120 758 708 683 143 138 756 272 674 608 469 426 495 379 621 886 220 352 793 558 443 340 740 317 219 123 402 781 258 213 76 930 48 552 946 558 514 683 511 477 844 369 939 740 943 792 721 338 372 137 536 648 504 866 180 924 529 76 719 963 349 563 946 736 642 372 490 129 362 258 605 191 167 822 136 446 939 560 825 363 150 885 860 365 667 559 566 59 771 541 563 863 548 38 891 612 729 909 208 652 311 136 475 438 145 557 770 168 229 422 351 929 562 866 106 129 920 891 
367 540 507 577 282 430 592 606 951 65 563 33 534 927 250 645 164 161 292 117 456 591 879 770 738 21 163 684 801 268 254 685 269 367 365 447 60 312 46 870 265 149 929 215 826 465 291 989 15 728 587 591 264 165 329 510 734 406 255 257 97 68 468 483 224 595 143 94 324 390 312 549 830 421 634 631 312 473 726 55 798 469 184 27 645 39 918 355 10 842 985 285 483 189 396 728 596 730 932 776 935 147 133 90 39 89 814 115 406 877 306 268 707 2 416 585 909 540 372 394 579 99 724 910 381 39 154 252 32 694 819 458 747 13 695 143 289 863 911 164 697 499 506 411 920 85 270 202 575 527 686 905 605 72 878 78 803 917 347 87 440 854 931 796 960 222 538 982 877 202 398 418 689 817 390 164 463 443 190 303 321 909 613 781 31 531 962 266 184 334 401 504 0 621 393 822 913 10 38 437 603 186 721 94 315 420 691 209 340 617 720 489 444 635 387 796 447 277 329 735 465 208 139 916 164 868 170 629 193 589 626 95 204 29 38 440 586 996 66 948 167 105 883 420 842 168 160 505 324 265 223 831 662 169 342 212 186 162 876 15 42 888 0 530 391 621 383 924 367 42 906 416 410 971 801 340 364 232 564 100 364 62 838 586 531 250 317 638 485 513 172 139 909 170 846 63 356 585 615 697 216 447 301 565 94 552 159 617 835 389 453 394 300 845 770 299 236 81 895 958 468 743 412 2 489 489 918 327 574 64 654 858 851 499 357 955 648 865 439 766 426 388 911 450 64 40 313 371 93 675 495 538 423 996 430 648 393 837 28 556 999 904 970 312 293 534 307 393 377 8 31 427 375 266 181 211 552 105 160 888 547 409 959 240 276 451 800 815 266 47 713 672 200 174 92 794 624 15 71 409 100 997 829 100 154 908 751 509 285 402 724 282 313 154 18 928 181 558 588 507 478 635 598 813 444 920 43 893 92 911 674 753 232 858 637 779 386 556 683 189 772 953 891 728 6 182 930 221 836 591 36 763 913 769 934 955 685 828 381 35 884 258 901 465 825 125 154 844 925 997 503 306 920 395 693 91 169 523 535 965 5 597 900 824 658 827 695 284 962 917 817 492 860 638 953 706 512 705 88 517 
490 641 100 668 411 519 560 575 71 42 257 964 339 45 352 79 33 318 590 225 370 256 455 66 414 640 235 302 497 401 448 571 676 27 956 447 974 411 690 120 490 667 446 98 209 925 943 913 664 581 162 872 756 115 867 127 894 650 139 500 915 419 25 392 8 84 339 603 920 594 149 198 568 367 505 434 724 167 771 732 549 430 892 569 224 510 118 728 975 37 429 619 945 433 775 481 64 266 597 162 337 611 952 717 670 395 574 108 831 950 39 812 237 936 79 699 503 562 180 375 589 365 845 970 697 187 53 311 329 140 633 288 966 252 129 276 347 743 415 125 295 169 689 556 483 890 548 665 36 412 273 729 772 384 65 998 718 140 117 115 674 287 638 262 47 866 383 572 126 475 977 505 65 438 204 811 668 432 698 792 315 49 780 27 537 829 73 449 101 94 175 416 677 349 766 469 481 26 78 154 289 42 387 775 191 453 48 581 580 501 367 665 336 686 248 519 418 390 951 873 677 819 974 153 144 624 785 351 728 838 62 782 577 754 111 896 591 799 805 976 519 975 826 780 619 131 935 393 378 849 756 900 488 987 994 210 565 336 836 109 865 88 562 590 272 918 87 925 299 150 571 432 335 582 986 182 926 981 816 322 990 676 691 914 588 270 503 832 931 625 548 34 18 166 446 663 503 226 109 507 433 131 813 606 363 389 259 807 845 217 106 511 493 795 693 356 717 471 197 130 422 403 922 40 460 627 219 39 607 807 168 291 84 36 697 686 40 35 263 353 631 459 936 763 397 64 682 942 30 654 652 650 175 287 96 639 249 190 513 772 167 749 16 576 688 47 716 478 124 620 737 13 142 944 249 18 695 196 720 619 530 611 7 634 522 469 357 267 878 4 765 126 852 449 996 633 375 387 871 588 702 714 836 761 593 416 352 620 803 111 946 585 278 733 210 847 522 347 914 307 979 965 381 117 789 575 408 630 274 348 364 37 903 928 168 979 421 483 598 962 475 126 216 837 229 766 933 443 307 996 665 72 451 61 759 322 567 758 28 570 194 675 580 795 102 103 444 864 558 136 471 770 912 276 232 335 90 556 391 138 958 866 447 919 476 398 186 571 319 897 227 959 20 967 943 91 160 215 272 48 
615 897 290 485 711 835 769 263 40 742 269 573 366 814 317 825 84 511 106 437 957 196 747 745 896 720 363 324 936 663 399 756 110 541 658 535 825 818 600 457 712 529 303 588 542 44 660 515 66 492 234 733 219 99 51 608 940 793 302 739 203 565 706 552 161 144 512 924 268 499 682 558 782 563 366 208 509 101 168 968 30 508 34 866 66 515 95 119 11 935 381 377 828 764 551 39 711 296 838 1 26 668 490 966 203 174 521 974 84 359 586 265 388 180 540 615 776 916 999 550 289 260 997 383 900 122 962 369 120 416 324 237 890 138 875 492 539 627 233 444 180 443 825 291 809 774 783 652 75 627 315 14 772 952 539 709 630 430 502 645 307 926 731 226 297 761 931 881 264 721 127 870 100 914 40 516 848 753 974 629 972 792 527 428 239 43 520 768 433 170 547 871 356 661 194 53 956 638 815 390 647 207 507 731 630 607 126 809 440 154 914 605 520 447 741 495 172 597 39 580 528 148 163 422 953 500 220 883 399 717 534 761 767 385 203 493 656 358 94 952 500 418 605 869 485 598 57 847 698 941 397 484 825 744 440 977 669 214 258 88 110 572 376 212 437 407 833 832 496 981 619 329 367 491 651 738 457 658 536 4 666 259 942 95 711 648 672 196 38 26 918 530 216 4 476 667 955 905 296 84 898 712 353 512 656 695 143 721 114 789 689 606 969 670 35 367 990 237 461 633 179 655 891 83 604 711 576 850 459 18 198 165 241 392 350 839 989 384 79 817 661 682 0 438 441 262 157 973 853 97 289 389 649 459 410 208 395 886 335 305 913 901 227 783 933 268 472 352 948 960 668 479 785 554 567 528 310 774 921 648 660 316 77 412 465 867 908 34 94 104 849 83 546 877 333 594 724 531 887 566 458 18 908 392 869 725 597 201 879 50 710 548 957 252 692 879 500 749 690 692 625 443 489 786 706 583 649 374 459 115 315 945 660 389 15 809 903 253 470 103 92 618 419 526 531 150 525 578 967 606 206 265 231 743 338 112 157 777 340 817 229 411 244 166 916 59 806 749 597 956 266 571 259 587 904 507 737 490 358 685 30 963 825 611 723 806 989 451 888 457 365 900 257 69 765 390 179 661 159 741 
482 49 114 761 389 461 381 747 132 778 895 147 437 586 871 25 304 570 645 172 14 959 107 850 611 922 378 418 442 754 574 783 889 961 515 620 827 680 114 846 914 239 262 655 206 80 615 222 993 815 648 941 800 285 983 603 102 820 563 378 817 125 434 275 914 723 276 803 750 644 370 258 22 380 766 61 69 287 430 987 39 67 511 347 100 349 348 868 859 332 282 740 896 911 990 556 560 402 287 822 582 600 4 757 884 596 554 367 845 370 341 595 310 190 356 231 313 992 782 785 525 858 11 919 900 211 543 278 552 828 590 484 586 58 311 566 278 403 653 878 983 335 368 52 560 807 854 430 64 729 436 573 159 977 961 123 960 909 621 34 396 797 859 669 52 338 125 925 328 693 174 102 437 360 402 381 937 340 967 302 980 902 31 398 255 986 274 457 912 183 591 992 121 269 344 227 603 710 70 379 635 719 105 501 437 251 666 366 789 72 3 634 142 19 929 564 911 80 782 735 442 982 767 677 260 717 501 700 530 479 56 265 72 920 320 178 203 543 0 836 253 514 856 71 950 885 705 18 137 920 222 766 506 375 185 806 817 303 70 588 814 471 3 995 787 406 390 936 441 160 692 696 350 827 890 968 81 883 231 458 533 402 829 207 638 437 227 472 690 198 303 737 843 809 272 117 501 863 561 86 903 72 139 543 946 913 961 626 637 579 737 26 590 719 712 612 263 313 500 615 190 936 391 873 895 566 521 263 45 215 861 927 68 70 576 570 407 749 291 152 86 495 374 810 836 614 289 230 457 193 102 722 173 165 745 664 804 106 861 883 562 686 441 927 76 108 789 787 538 797 774 230 420 738 510 783 529 761 317 224 652 675 588 251 393 373 146 870 722 164 827 353 70 638 182 663 934 133 814 879 916 928 53 396 521 624 131 311 730 732 690 263 979 661 882 918 195 182 226 461 630 281 687 495 194 153 641 84 690 236 282 736 253 819 627 912 620 417 918 272 491 113 272 495 352 666 200 670 114 367 68 715 764 785 259 483 675 764 619 242 234 323 321 768 418 256 45 967 165 405 103 877 253 175 145 742 263 105 589 311 546 104 763 594 396 408 262 889 123 462 438 834 845 425 179 85 927 347 57 935 
186 756 385 313 329 965 592 527 367 775 230 513 675 147 570 961 447 28 110 53 411 513 657 901 504 298 8 645 30 370 892 698 847 463 640 25 79 308 890 478 85 574 877 218 462 623 329 359 491 831 254 48 553 264 137 167 818 232 778 625 967 455 905 467 439 925 815 938 277 270 1 382 888 325 975 265 2 3 56 846 577 238 128 396 220 605 109 557 593 155 762 618 625 410 304 762 360 592 903 789 208 240 85 530 581 214 577 807 431 93 27 367 937 559 623 410 354 641 597 260 98 848 18 711 513 225 901 578 322 515 738 406 536 908 527 765 965 894 282 298 354 137 300 712 729 897 740 40 170 275 319 173 865 906 953 809 385 763 968 30 770 611 438 849 702 83 905 661 337 267 942 592 692 93 346 503 652 708 849 764 915 58 379 426 46 177 804 949 62 126 920 19 690 878 9 988 168 925 631 595 184 207 193 684 688 833 610 502 730 495 111 320 215 637 145 666 721 395 854 639 188 970 622 811 60 63 522 409 309 287 521 448 195 938 22 830 626 387 939 980 189 53 822 879 467 540 852 519 655 614 729 987 150 314 434 481 746 149 163 162 417 830 805 329 436 55 702 395 793 587 521 836 839 897 560 462 159 1000 304 361 809 150 946 939 229 640 394 228 165 514 515 989 940 429 436 272 60 45 564 271 21 244 342 792 22 322 315 97 982 359 636 46 516 827 303 236 202 814 732 971 438 224 442 237 72 837 67 992 695 646 624 557 866 261 461 283 213 565 40 228 325 221 161 161 406 122 615 53 807 476 789 507 640 847 347 449 94 523 512 661 242 521 243 3 655 372 548 203 163 444 958 126 382 337 586 556 744 505 527 43 617 128 767 720 17 82 411 539 560 781 658 27 934 205 83 116 981 52 910 898 841 105 296 909 754 879 284 333 537 648 425 201 570 129 797 96 414 490 668 27 701 411 94 371 19 963 685 935 156 222 496 565 185 903 405 396 394 134 589 347 60 117 943 565 427 756 738 247 123 657 1000 761 155 9 587 795 973 897 349 771 788 216 356 266 341 958 583 484 266 635 14 919 699 164 165 443 650 344 637 679 598 388 327 701 527 573 440 719 278 449 587 561 45 949 379 718 89 274 31 21 
899 514 145 489 82 257 67 876 48 154 643 248 329 886 713 811 301 594 525 724 918 612 176 668 806 669 853 631 276 867 297 243 374 882 478 872 267 835 871 525 972 739 588 790 551 300 904 670 630 46 943 38 161 669 851 226 491 39 603 550 226 176 427 255 143 38 997 178 703 911 969 426 192 622 268 190 512 207 547 75 733 397 447 210 675 900 263 583 573 530 105 551 63 656 500 871 924 678 149 614 703 191 678 264 839 114 344 526 958 347 318 782 771 313 16 399 987 821 414 811 478 246 425 240 180 200 712 829 672 582 198 805 280 938 154 809 449 146 516 747 794 655 158 585 716 443 843 723 361 834 743 130 951 431 736 436 80 366 344 796 936 90 609 459 365 929 176 610 533 457 302 24 688 234 620 146 639 536 602 267 774 697 463 793 890 543 641 300 217 679 783 278 639 567 784 825 877 804 54 407 506 973 257 279 399 691 837 439 19 687 874 241 36 299 316 559 373 984 295 516 205 464 550 555 860 932 247 869 511 463 791 773 328 638 172 938 518 74 98 850 620 778 961 300 314 377 686 22 191 612 962 84 887 225 441 782 803 631 561 693 327 60 874 639 579 80 519 861 111 138 726 29 400 45 695 104 919 211 771 839 121 63 144 282 762 867 727 611 239 712 925 651 705 398 64 295 678 52 440 441 758 766 930 367 509 807 468 196 692 345 504 831 577 686 676 360 796 601 721 153 339 910 569 898 589 735 729 386 161 642 945 743 872 902 685 876 274 598 806 792 755 912 824 194 988 729 760 104 153 136 808 775 555 336 249 820 718 434 917 227 814 163 304 123 669 593 381 212 89 339 499 155 201 618 221 899 505 933 249 386 433 332 686 832 131 749 908 620 403 710 906 627 907 236 77 940 890 213 342 495 7 19 974 603 636 124 218 951 35 658 343 901 316 465 694 736 78 894 555 300 342 694 96 101 79 374 739 344 5 322 995 686 567 485 470 156 241 425 345 793 51 787 622 657 764 80 391 749 748 559 555 268 578 38 36 155 406 131 642 581 990 34 875 811 528 297 968 481 308 404 269 72 262 520 329 959 979 264 613 909 400 965 64 254 804 825 847 967 46 748 452 794 919 38 239 58 245 408 62 413 
823 278 725 289 18 812 596 913 306 331 909 170 768 480 240 146 412 156 880 908 158 47 101 413 992 177 488 755 809 634 521 137 874 822 177 881 751 322 142 46 760 952 321 797 640 891 885 559 861 436 382 202 867 78 639 903 662 247 895 495 96 43 497 819 792 179 730 983 175 456 483 839 837 810 915 650 793 985 898 60 675 178 182 546 618 623 558 167 596 828 880 602 622 958 536 270 604 653 983 622 787 811 771 299 212 452 5 942 660 316 388 631 639 269 686 581 36 469 429 52 881 873 534 520 410 948 268 102 77 823 38 849 959 60 953 537 957 699 493 305 541 875 563 402 49 35 932 795 246 562 527 963 587 283 781 901 708 754 127 411 719 636 897 541 781 13 130 395 422 488 356 324 598 143 165 536 839 713 952 12 628 875 951 301 476 172 920 627 869 228 924 433 344 17 953 223 133 621 34 850 661 408 263 238 962 620 378 337 729 297 717 358 917 165 283 364 420 1000 438 360 918 941 378 329 66 646 201 501 136 520 600 53 980 61 49 837 380 622 969 216 366 292 442 877 407 976 143 80 482 220 346 223 42 327 178 753 983 213 803 910 933 917 388 888 97 532 76 20 15 88 380 475 893 822 823 931 88 824 587 702 405 719 339 937 615 435 791 676 489 323 214 890 722 172 65 84 692 433 465 79 62 139 749 643 797 173 810 559 724 749 427 422 869 17 594 861 919 745 924 228 235 835 446 842 268 756 974 287 35 959 519 386 122 572 532 226 382 637 812 77 484 3 130 352 65 51 837 694 110 931 788 818 94 995 27 451 264 471 445 841 46 47 645 382 931 791 728 155 97 587 798 731 308 532 604 829 618 122 507 243 737 877 212 26 782 712 647 682 564 855 372 246 524 551 604 608 620 801 158 529 326 1 330 519 594 234 435 208 201 466 286 449 0 757 329 286 161 415 249 850 278 856 994 87 938 574 177 420 359 486 364 145 573 964 913 975 37 562 372 984 673 721 790 428 534 580 961 718 772 612 419 512 292 443 317 671 36 79 540 331 848 934 229 402 500 26 650 966 252 622 689 790 661 495 531 539 885 559 127 884 114 865 526 788 44 625 404 529 21 298 177 699 979 12 348 936 406 240 146 784 
593 447 222 854 833 775 957 977 407 103 403 427 327 307 219 527 321 444 663 657 305 728 909 408 352 494 292 447 819 409 338 875 92 460 707 553 625 339 15 477 37 198 459 432 94 112 113 604 575 93 544 466 166 698 280 990 173 986 213 75 84 51 11 465 64 441 99 650 901 107 356 198 816 427 311 210 613 472 159 405 658 269 588 274 821 863 423 903 142 993 290 332 630 691 83 460 935 419 349 559 565 21 16 659 52 685 658 198 853 645 237 896 479 461 635 832 723 484 911 388 198 724 875 854 354 648 831 614 360 263 54 98 634 908 124 307 587 522 147 931 742 750 581 186 997 260 482 149 160 50 814 670 563 31 568 175 128 719 756 110 489 799 282 864 330 109 695 623 453 718 728 532 878 811 788 351 789 88 668 576 890 398 858 367 102 341 561 404 207 707 145 695 745 364 954 70 540 129 707 325 955 933 777 751 678 612 822 135 613 542 383 828 507 27 679 291 482 506 909 647 407 864 527 739 640 709 747 169 552 544 643 867 403 464 988 193 140 95 7 743 688 242 466 799 461 827 919 212 740 370 177 492 728 184 91 243 650 531 426 359 776 911 703 373 488 230 943 812 529 697 418 274 466 712 433 444 745 112 130 159 191 342 830 957 591 99 620 472 291 783 529 671 518 355 993 785 665 310 737 546 538 21 902 547 123 857 196 65 808 764 559 917 402 33 355 33 491 753 284 385 361 352 15 773 897 980 473 928 158 911 604 559 26 479 250 837 666 264 110 810 548 45 303 462 129 410 969 643 451 651 590 82 27 796 227 859 13 352 827 826 158 824 415 479 299 671 466 471 442 87 695 210 780 607 249 141 446 465 697 402 91 847 914 689 604 222 776 440 332 219 608 286 452 716 344 258 937 671 932 264 143 811 169 903 499 776 822 319 854 558 991 897 742 408 150 225 331 709 123 221 864 198 878 510 866 120 358 705 860 65 893 363 418 126 565 259 304 943 152 754 651 871 868 525 395 619 953 773 23 165 258 854 578 98 747 812 217 978 761 796 358 646 960 568 595 494 909 389 303 83 704 233 587 774 987 727 468 440 716 605 459 803 990 464 703 267 636 447 94 615 264 869 974 519 613 507 989 648 964 489 
655 293 351 881 868 719 998 32 840 385 777 771 491 60 122 813 248 904 851 194 213 712 960 415 591 260 322 711 230 464 64 704 207 23 528 306 413 525 872 67 3 957 132 25 757 868 828 834 183 62 659 630 213 699 23 692 369 953 55 502 658 867 469 564 717 783 79 340 338 325 411 205 970 17 342 952 454 433 210 108 994 679 983 993 908 469 730 884 23 143 12 615 634 401 994 80 263 302 543 90 20 821 363 369 134 294 844 390 130 947 811 980 564 326 974 176 766 349 278 667 479 48 370 721 821 447 996 888 589 907 616 456 36 700 909 60 511 579 728 178 179 594 935 894 591 298 66 758 361 475 300 455 8 118 485 758 185 741 611 946 790 597 272 741 100 689 389 244 199 137 132 469 857 88 527 571 774 584 263 868 759 631 576 246 875 783 661 556 401 439 635 13 398 709 95 556 498 900 926 32 746 541 917 670 396 111 700 447 452 680 50 604 764 59 790 647 218 986 399 252 755 51 532 791 164 502 591 664 885 53 536 794 818 503 989 736 566 561 242 554 537 966 297 253 346 852 344 211 448 155 318 779 491 284 204 624 534 707 413 288 34 679 378 830 517 949 943 880 71 220 233 852 605 144 660 853 741 910 504 782 152 497 517 721 193 909 413 732 63 293 421 752 919 373 274 156 110 718 347 653 840 237 393 987 876 815 331 663 915 164 47 521 434 521 652 461 189 458 216 647 943 692 919 768 956 473 837 115 762 409 415 509 201 153 960 728 178 257 441 191 1 244 132 63 535 903 104 650 163 692 292 285 130 183 780 406 139 372 875 67 107 7 680 421 148 802 259 501 845 180 200 450 124 933 562 590 270 954 882 614 329 680 76 127 497 702 92 219 539 444 566 1000 846 357 446 69 735 587 120 729 422 79 206 462 673 106 598 299 450 806 589 183 875 272 491 515 837 384 391 859 39 680 665 245 887 851 219 32 168 809 991 166 155 861 376 363 849 156 331 975 581 878 606 970 66 255 149 409 215 349 459 468 170 294 803 850 232 553 298 529 664 154 764 315 99 918 298 874 653 633 595 168 420 272 819 971 33 807 784 189 310 848 107 488 642 679 453 212 790 193 154 871 48 443 95 129 922 314 651 922 
29 105 700 926 335 268 224 133 33 396 234 698 639 709 544 906 905 406 219 141 177 495 264 424 94 285 754 643 679 835 805 725 25 409 762 168 24 99 538 366 937 922 377 739 158 524 490 721 616 139 271 947 866 155 62 556 229 407 798 205 713 530 366 177 881 685 456 681 66 878 780 865 57 861 287 581 885 957 317 485 195 247 270 361 940 191 471 166 594 786 399 67 757 812 705 254 801 785 634 307 940 897 19 426 321 586 457 979 604 94 178 304 701 900 347 358 37 836 902 124 260 645 718 35 871 106 700 638 210 607 856 649 111 235 890 178 662 206 24 749 767 249 983 417 91 252 269 345 671 758 818 56 195 499 798 887 33 659 25 420 478 443 692 224 553 5 714 816 650 904 120 466 176 540 997 436 232 568 819 495 18 193 988 212 195 451 874 882 532 226 113 957 635 454 178 906 501 212 718 538 378 570 903 883 105 231 218 905 113 985 41 865 628 796 532 987 403 143 471 384 195 3 943 847 107 36 343 719 765 959 875 739 894 77 372 715 551 20 119 631 487 754 401 177 310 986 616 746 769 507 104 884 606 573 527 801 635 253 554 201 226 91 404 477 333 142 822 996 90 677 882 986 614 678 758 384 331 242 479 605 929 82 909 336 119 91 780 285 616 561 284 246 14 512 670 608 749 700 762 784 595 92 961 211 396 808 455 877 210 483 649 276 541 461 666 479 978 282 785 266 66 232 659 35 411 741 381 232 781 0 45 571 474 739 251 827 508 427 74 815 800 504 863 713 214 486 266 728 741 718 823 605 803 977 410 104 306 303 857 36 668 829 198 437 73 646 444 184 746 895 577 895 298 69 252 98 574 974 566 915 683 300 356 150 733 417 966 6 395 969 312 85 469 712 73 398 169 10 822 362 160 208 588 517 835 493 706 993 768 463 488 261 819 164 201 998 310 924 749 642 968 934 761 370 59 976 94 299 206 187 841 609 387 506 535 877 376 987 772 108 334 279 782 178 130 703 498 542 87 639 423 881 950 104 655 305 937 573 273 641 196 232 107 419 66 740 524 277 756 770 60 675 678 29 881 645 627 412 362 176 685 691 261 237 48 771 269 907 584 913 428 629 412 724 292 629 749 512 446 227 
698 810 496 744 522 420 574 947 658 23 228 827 104 534 996 803 800 306 925 889 73 991 943 816 60 78 935 546 385 966 743 444 897 313 750 513 747 368 235 597 163 432 778 775 818 515 304 513 657 633 977 261 289 745 720 610 739 261 856 825 70 537 815 332 231 862 834 797 528 851 252 979 466 428 540 651 379 441 419 561 795 475 661 977 211 328 718 60 735 467 990 814 7 963 54 957 960 225 552 129 694 773 749 82 525 224 716 729 72 197 425 166 633 517 399 883 693 598 347 346 805 551 466 370 540 564 711 210 771 42 948 3 652 545 827 920 797 444 593 588 671 811 850 125 466 920 789 792 632 761 295 210 666 83 70 182 812 294 495 45 444 920 925 208 295 367 465 9 528 375 518 361 536 724 74 27 601 673 256 856 640 921 631 838 258 738 701 37 17 867 444 982 486 934 846 863 424 597 403 758 569 179 92 263 749 593 868 554 209 586 753 942 644 450 165 883 400 152 700 266 825 226 885 705 823 736 893 623 57 839 996 308 167 480 828 571 731 879 270 828 272 930 612 145 838 446 41 961 196 392 2 751 497 286 487 184 276 504 22 790 690 337 467 934 276 568 283 171 369 997 214 594 804 872 395 141 886 387 371 377 517 788 608 761 749 362 684 577 654 899 919 674 195 363 65 495 506 552 348 493 960 147 918 866 264 286 932 23 690 421 83 282 217 884 998 255 551 723 606 280 888 737 939 590 715 39 147 611 895 47 822 935 229 209 815 156 155 133 181 399 364 831 897 196 346 80 682 591 699 911 304 935 768 674 953 312 465 323 433 52 802 124 91 86 821 842 880 41 183 163 307 85 366 438 444 34 492 813 506 949 251 121 753 921 944 532 694 949 97 204 664 129 702 444 160 943 821 871 400 916 911 657 841 744 781 931 796 222 746 560 535 659 539 139 850 474 451 906 620 455 807 586 742 125 203 463 186 859 107 58 470 694 207 994 779 185 262 375 906 867 756 418 581 604 866 449 793 477 599 375 420 870 159 963 669 926 479 392 923 643 274 728 263 871 591 742 970 7 497 506 775 978 992 292 607 320 175 591 708 208 783 543 687 430 964 880 902 651 996 81 301 133 896 395 378 182 510 997 444 909 
482 29 686 868 796 185 337 945 72 753 98 974 280 36 436 586 839 898 131 608 834 746 631 302 328 376 217 908 402 189 809 588 597 751 475 683 872 488 853 481 239 781 847 675 471 804 651 91 132 499 133 860 317 35 687 715 821 775 230 259 727 20 421 581 565 437 672 915 256 609 787 336 52 714 249 500 670 376 516 814 313 287 718 331 627 946 75 42 561 766 303 586 182 245 651 749 509 398 823 122 661 258 855 217 987 614 891 781 676 450 683 835 903 665 75 18 781 311 932 511 186 872 743 315 235 177 371 749 739 280 802 497 99 654 783 731 48 858 507 237 453 175 282 796 311 840 502 646 161 472 350 397 913 334 900 174 237 760 689 601 465 802 941 746 516 396 166 349 441 283 319 765 6 496 745 967 446 860 978 961 178 456 768 958 369 538 411 535 125 198 901 279 699 589 646 177 159 7 526 141 480 215 114 841 486 443 399 361 429 774 520 83 188 712 290 579 387 870 207 284 506 830 362 934 635 902 927 50 78 191 627 412 744 146 794 289 183 604 365 834 480 250 504 500 301 102 585 175 853 104 508 481 720 658 265 368 130 50 658 141 193 837 808 195 456 641 913 685 468 373 955 18 380 753 450 307 589 515 606 882 2 9 34 812 196 199 507 453 941 162 463 138 840 635 219 391 967 636 605 965 419 636 677 369 144 974 167 740 715 14 1 819 406 635 978 491 49 710 326 853 259 184 268 869 223 225 473 402 964 620 256 309 495 729 802 215 281 404 190 239 340 692 506 849 907 118 127 673 84 843 731 394 883 186 305 285 776 285 914 431 945 418 999 450 170 10 56 97 317 11 356 93 249 689 745 353 436 979 351 728 565 264 40 642 627 928 574 820 782 636 863 575 580 797 410 420 925 100 581 939 468 99 463 49 444 53 814 868 67 994 222 728 207 354 685 580 204 757 648 270 944 746 609 971 124 785 112 945 619 420 882 132 124 241 630 215 241 933 521 214 334 569 305 359 380 114 682 645 989 476 267 367 265 885 66 386 572 574 37 390 339 787 984 514 97 333 820 261 763 580 996 556 921 277 879 154 899 771 601 514 448 228 449 894 945 228 787 995 732 256 271 908 950 931 834 478 792 671 824 593 
986 9 713 893 496 43 296 371 297 286 704 92 878 946 889 192 479 118 650 537 705 605 42 801 107 755 155 388 248 25 539 871 846 498 13 342 641 128 324 871 640 383 66 421 165 478 746 379 463 501 813 732 64 882 861 745 444 958 681 65 514 163 145 676 475 510 786 679 823 70 46 329 501 668 580 749 323 977 604 621 726 403 924 661 216 701 789 897 457 302 325 360 628 468 229 59 533 528 290 404 962 771 917 822 145 592 792 670 499 121 307 881 278 851 981 923 977 594 465 100 437 276 392 21 339 776 654 694 493 49 304 824 501 44 664 134 946 23 979 277 928 363 222 625 962 21 735 467 823 987 598 502 479 40 569 6 895 74 909 539 599 803 924 416 971 336 315 905 519 356 244 15 129 87 97 244 503 265 580 957 902 426 358 465 317 948 372 332 351 272 870 696 94 981 426 148 846 832 704 369 525 274 116 223 907 611 323 603 748 514 919 26 232 142 166 440 878 552 76 555 287 555 622 558 768 988 599 751 945 887 483 962 255 526 605 377 914 736 890 813 282 920 758 629 740 193 386 666 183 553 136 407 532 28 140 429 998 740 958 365 748 962 20 858 703 610 829 706 660 15 571 719 50 401 427 967 629 925 903 438 383 922 494 107 883 114 504 87 177 443 824 685 578 94 453 794 745 343 285 480 215 115 334 232 170 290 758 36 42 85 249 167 978 232 32 259 931 470 506 224 977 246 849 161 947 781 41 900 854 510 314 987 56 121 544 547 891 682 595 109 880 493 137 128 549 634 909 793 268 746 80 423 78 122 82 626 980 828 738 159 950 336 134 150 195 510 341 28 298 920 802 427 429 746 232 878 163 788 439 648 29 14 730 304 171 848 359 437 474 532 882 288 752 388 934 475 427 791 433 906 435 912 183 264 129 931 996 652 101 867 618 746 45 847 276 38 77 823 567 383 57 860 936 396 519 646 521 962 725 983 819 135 238 867 177 615 920 827 532 414 563 852 281 169 450 379 382 402 402 176 689 866 962 56 585 524 404 154 868 897 530 384 512 647 375 91 415 426 224 408 821 818 480 778 231 812 556 712 367 708 42 130 691 471 914 744 20 478 150 249 570 561 194 557 378 49 666 418 795 84 
749 508 748 534 326 888 392 507 533 734 163 76 416 929 556 437 952 477 467 740 88 445 747 986 796 315 294 735 782 195 811 389 80 65 55 749 368 683 97 196 519 571 544 171 675 588 180 890 904 681 259 561 725 702 546 802 68 596 48 151 159 319 966 807 582 475 732 639 86 743 118 3 589 325 321 191 774 890 983 874 854 383 669 552 595 314 589 999 835 752 208 873 398 879 975 812 86 323 552 572 112 556 339 851 948 609 927 98 690 539 558 903 913 833 285 409 128 722 449 592 781 975 922 531 835 709 787 992 336 675 51 386 214 964 590 317 354 516 507 551 140 899 323 33 866 630 364 722 796 128 229 472 176 389 136 354 867 300 918 858 543 505 972 983 239 637 942 447 35 765 286 206 877 770 340 66 873 849 206 491 830 947 876 712 663 174 962 955 461 187 838 736 816 448 38 790 292 514 367 630 842 190 56 393 155 204 688 854 43 318 95 548 809 849 729 385 61 696 552 110 163 496 7 531 882 36 475 621 263 932 187 872 413 127 756 936 985 147 444 820 569 786 344 140 717 869 729 854 820 135 508 855 685 347 450 26 328 917 173 728 499 534 164 907 924 852 642 188 716 361 174 992 609 429 400 138 728 495 78 2 824 565 301 117 96 946 513 291 2 370 52 728 360 719 435 718 367 342 378 485 769 992 524 631 285 259 451 398 169 165 788 449 603 324 858 535 547 192 765 638 704 72 800 740 536 792 157 704 277 549 819 581 150 869 70 623 481 545 434 49 704 961 772 364 876 309 987 238 401 200 624 196 6 420 413 833 836 3 509 336 257 128 448 591 98 414 471 166 335 112 132 869 157 894 905 131 995 64 497 116 250 568 490 640 674 992 50 793 524 692 197 593 93 908 177 897 149 906 481 736 946 667 860 610 45 182 573 583 762 355 234 789 986 419 332 814 226 596 887 62 343 192 353 58 174 434 922 686 668 799 222 526 851 20 473 369 885 932 277 480 96 984 358 137 574 742 372 611 21 644 538 734 736 961 384 918 543 473 124 750 572 53 522 195 742 26 581 675 873 988 389 912 506 710 333 528 304 640 809 405 341 755 161 33 680 239 403 916 102 577 475 113 510 680 287 373 913 537 812 857 
701 557 619 730 212 898 196 737 963 562 257 883 614 228 602 362 995 854 217 568 341 182 438 859 927 100 813 462 471 118 850 422 305 673 35 402 264 506 289 123 965 423 197 890 137 116 718 410 793 78 740 337 411 711 428 842 20 473 154 169 986 991 171 489 358 327 685 699 341 511 345 810 595 36 444 939 872 451 223 719 275 737 216 492 794 408 421 521 308 733 175 580 502 985 547 788 970 600 388 663 637 628 866 512 179 838 304 34 336 762 621 952 70 470 121 295 452 314 705 776 385 3 343 559 681 259 192 136 734 748 129 681 653 904 444 603 570 599 131 76 32 603 833 995 720 475 22 220 675 869 398 466 296 633 313 766 5 792 272 499 958 48 923 842 349 458 240 203 799 714 163 998 516 615 190 400 288 468 601 618 801 480 148 424 154 11 325 80 283 173 666 780 188 111 493 895 633 807 258 908 398 313 49 393 831 697 839 315 379 19 531 360 729 740 712 536 639 723 136 111 359 557 102 303 561 919 115 682 96 657 276 896 612 623 819 746 56 634 945 13 228 946 861 934 148 847 373 663 506 129 32 354 742 211 392 129 278 88 41 775 27 37 651 710 664 512 481 218 209 611 216 539 210 604 422 950 671 5 957 401 802 691 614 842 144 771 631 997 700 518 194 528 858 275 972 276 463 372 695 876 293 171 679 317 254 269 405 84 757 700 57 853 153 374 708 613 683 564 46 17 383 845 885 166 266 896 340 239 248 966 815 687 461 528 428 143 378 7 914 226 496 248 838 455 961 754 414 24 10 440 496 589 21 437 548 528 176 439 122 488 268 893 631 438 640 672 890 660 690 985 263 131 502 797 858 912 923 781 370 739 697 878 209 120 234 34 392 880 19 950 789 330 689 251 265 811 643 992 258 597 356 26 43 494 947 191 826 243 405 246 737 752 678 331 891 934 492 53 482 995 501 588 861 71 188 201 90 455 70 867 203 391 478 374 313 793 956 702 530 786 833 219 98 617 757 854 819 695 174 85 512 223 349 118 124 806 265 847 145 651 266 387 520 481 532 507 500 112 805 979 246 48 987 609 218 927 568 797 317 525 659 16 668 922 299 467 74 509 737 572 253 57 969 247 251 6 634 216 241 778 
15 514 223 869 862 724 431 382 797 131 807 667 282 904 568 776 558 213 73 14 642 977 942 209 317 855 475 135 704 966 787 361 93 352 90 667 984 959 90 459 507 690 727 943 295 801 983 552 380 991 351 95 571 372 972 156 8 931 572 171 626 382 457 391 164 916 379 76 618 59 234 734 85 85 264 690 932 169 966 992 274 485 577 69 606 973 898 935 446 247 250 487 79 786 69 110 710 319 784 982 991 356 979 774 543 772 351 610 384 35 391 54 505 247 992 246 649 429 546 733 454 30 531 87 857 517 611 958 766 880 441 480 70 725 496 817 651 863 412 147 733 882 447 769 878 438 548 827 686 379 593 470 383 856 842 625 1 108 941 933 350 744 156 295 184 47 295 460 223 583 26 313 574 700 998 232 367 1 439 128 758 427 977 200 204 108 317 274 844 310 371 656 433 373 896 903 961 209 583 643 770 761 915 47 416 860 791 752 302 873 794 404 367 735 800 768 524 213 507 970 384 493 257 762 983 287 808 547 593 47 336 440 434 21 757 255 601 802 492 690 817 339 546 52 465 768 891 524 26 980 118 109 267 731 521 306 212 673 782 21 365 128 551 213 468 708 198 346 85 299 469 421 836 533 575 776 171 197 318 731 157 276 26 989 456 14 646 617 45 790 538 666 797 24 167 185 611 465 835 343 947 381 512 465 230 280 58 996 728 78 490 464 456 854 726 585 925 567 278 778 151 274 844 533 150 368 47 925 840 526 8 62 657 266 469 984 864 871 963 27 99 4 832 671 896 455 982 120 542 292 476 543 320 160 554 956 792 96 482 136 430 746 901 720 899 373 989 12 955 961 661 579 88 113 659 151 474 461 977 515 606 64 536 724 158 908 119 675 694 5 922 693 4 979 152 460 499 53 257 447 808 844 518 922 400 96 593 156 172 871 606 943 667 909 373 396 588 908 343 627 84 476 583 864 853 660 29 708 698 856 508 371 295 754 447 241 71 469 888 353 335 569 948 907 829 678 862 877 439 413 943 124 777 473 685 17 406 480 397 368 855 366 795 553 510 256 549 733 449 934 628 421 313 761 697 183 304 208 235 62 211 405 312 779 128 717 452 479 563 637 157 843 879 340 148 623 317 668 23 637 
293 542 779 213 336 344 938 420 648 761 282 15 286 243 889 680 492 968 294 460 938 878 573 211 694 157 69 319 96 492 382 497 281 838 380 155 125 222 490 549 846 819 167 671 336 79 771 903 945 594 116 235 739 945 199 618 407 867 38 35 7 837 458 155 968 845 25 959 626 687 833 750 322 995 450 419 912 113 58 858 523 752 821 484 20 341 225 474 188 112 453 892 589 458 805 692 766 270 453 649 166 198 677 471 307 927 529 569 65 647 774 427 484 717 919 964 221 942 394 569 515 490 401 395 375 405 691 552 263 992 874 164 134 531 619 972 2 768 450 189 967 825 519 647 288 737 820 434 600 46 750 240 146 603 711 848 592 83 966 323 82 659 692 808 957 431 587 88 168 727 791 268 540 977 304 872 621 451 787 234 499 398 624 158 113 777 702 538 559 752 663 935 395 827 310 839 142 690 853 794 363 638 970 356 588 81 922 626 95 753 379 676 282 718 47 794 344 754 721 735 55 264 804 530 581 544 268 354 519 8 189 116 838 166 591 396 493 500 681 696 114 2 170 136 126 142 844 744 193 485 419 521 838 601 926 58 805 514 866 923 110 328 215 653 515 655 138 925 10 793 219 451 624 725 500 618 438 625 395 241 198 952 953 795 552 953 298 884 842 599 279 827 515 600 326 781 98 275 790 563 697 422 701 321 74 471 637 779 556 957 237 608 843 342 471 767 674 789 849 747 987 812 801 256 348 553 468 355 349 430 442 385 353 232 376 790 631 335 313 654 628 825 137 878 75 859 600 797 410 157 859 88 576 164 437 968 670 435 864 832 494 161 836 860 289 523 760 371 617 256 664 423 752 59 988 655 843 449 798 516 437 786 960 486 795 655 674 10 687 912 713 385 277 606 756 543 440 274 337 253 451 29 155 493 775 150 995 250 309 214 211 901 215 249 997 274 523 879 127 8 965 341 478 784 433 362 493 580 456 592 333 215 935 948 835 369 967 984 215 400 70 850 850 766 671 414 355 69 963 712 979 194 684 673 975 457 645 890 769 637 36 290 826 674 39 563 365 828 513 261 431 137 449 665 759 858 104 749 391 742 154 495 21 861 469 301 949 118 595 988 348 465 630 356 335 956 56 932 938 194 
941 553 515 672 377 528 39 205 430 663 767 358 795 935 285 197 403 478 702 109 352 970 428 791 156 298 648 553 763 413 550 0 285 3 939 398 645 222 480 565 977 986 89 302 161 992 445 436 727 756 834 303 102 959 844 449 543 674 916 710 992 41 429 81 25 552 225 933 537 864 14 508 735 201 241 342 234 454 363 866 964 738 979 668 972 370 861 620 756 983 773 654 366 525 633 837 363 259 932 620 717 34 347 73 123 581 81 56 173 496 957 371 101 527 103 950 744 245 818 788 539 976 607 218 358 197 110 103 411 885 685 167 471 78 930 261 870 146 385 148 58 204 887 624 121 73 675 204 371 602 806 121 583 648 841 457 666 725 707 671 699 581 810 80 276 382 190 152 107 134 952 733 204 820 281 184 636 63 139 646 800 197 922 690 703 913 405 809 833 930 186 334 601 820 347 222 768 292 116 529 285 131 24 750 252 272 116 183 139 390 214 628 106 349 31 734 891 873 274 946 141 367 998 395 421 93 782 349 82 126 655 34 328 917 949 848 205 735 761 76 481 160 993 632 756 792 173 355 440 427 863 976 570 169 992 786 307 392 463 490 656 181 533 898 67 968 894 817 638 538 655 59 46 124 281 438 718 564 927 606 183 311 933 838 936 13 70 168 586 925 942 739 234 932 527 457 786 459 814 873 429 218 926 659 973 441 527 335 764 948 206 867 393 855 302 710 370 812 636 658 74 501 697 758 541 37 610 769 686 894 786 134 296 463 614 659 453 149 665 439 661 457 458 890 116 499 261 266 803 657 443 288 207 199 484 126 212 83 187 635 669 432 578 28 609 700 846 684 766 779 264 522 751 378 722 185 195 642 317 492 260 408 773 696 93 327 126 925 581 66 70 902 77 171 596 208 602 107 199 143 120 468 921 785 430 944 503 413 472 580 470 556 788 647 972 131 779 43 453 382 547 647 152 230 288 708 967 974 44 735 809 316 949 239 431 70 676 113 743 215 237 518 313 604 425 330 171 463 771 130 777 422 139 738 181 337 534 798 667 52 517 800 572 420 935 763 219 835 694 564 616 252 144 378 680 543 648 365 808 913 722 345 283 668 305 397 791 477 458 565 136 393 988 635 996 911 480 421 362 268 
224 160 607 756 349 126 572 104 24 962 864 424 259 440 119 686 837 685 204 711 970 717 828 670 330 209 916 532 104 405 435 346 51 367 147 2 905 867 332 95 335 3 988 763 742 917 479 932 740 981 746 438 219 369 610 932 722 594 93 403 169 755 282 723 32 618 869 133 498 17 703 36 289 71 348 806 228 418 663 348 103 686 667 931 476 911 831 980 595 665 760 165 444 884 139 243 916 576 645 668 836 744 496 406 775 152 329 522 246 567 986 665 752 99 843 46 416 910 84 628 517 149 592 153 667 825 124 315 819 257 732 237 37 154 417 339 980 889 690 162 799 866 177 857 203 16 589 89 156 36 716 257 251 348 633 10 265 633 234 850 201 594 229 516 477 319 783 791 749 836 899 61 736 806 799 986 841 135 471 480 379 974 815 828 981 432 364 463 384 134 281 591 221 859 678 376 554 357 992 752 476 447 469 805 430 639 940 1 557 796 134 998 1 690 606 424 119 914 543 787 698 772 36 690 226 340 469 712 263 638 1 822 42 920 559 60 468 562 587 154 994 548 344 295 512 177 383 719 495 794 840 127 818 492 89 955 77 104 118 944 462 718 514 173 843 378 265 884 33 828 45 438 577 633 863 530 671 818 755 692 75 432 421 443 613 564 206 137 337 866 163 852 258 635 479 815 613 106 145 739 86 165 107 319 395 899 470 767 679 295 598 898 321 123 921 969 885 815 869 711 182 588 574 536 46 492 931 662 698 70 318 571 766 387 461 407 858 528 961 79 629 887 266 523 761 732 500 699 422 954 123 572 304 2 212 390 198 192 278 434 847 374 55 492 241 766 575 989 392 165 392 273 908 872 147 341 639 406 707 651 444 729 264 781 141 249 217 296 515 319 953 66 506 852 614 858 818 122 163 345 74 976 996 490 360 410 47 675 808 530 161 529 831 361 341 423 525 410 344 301 11 31 560 659 245 424 494 846 706 771 253 809 480 41 66 541 341 304 770 765 781 136 739 375 16 162 48 36 861 363 634 869 493 128 416 33 347 96 354 328 635 839 462 255 236 993 398 95 702 367 304 87 416 828 411 436 161 814 700 370 40 155 637 994 98 223 798 633 48 774 64 261 965 725 943 146 202 855 154 979 
521 248 886 9 640 766 342 126 511 504 930 457 97 203 202 241 117 675 948 25 888 163 264 587 103 926 315 557 245 112 72 88 230 403 55 650 814 171 120 712 397 58 748 266 791 71 711 753 592 620 969 329 419 483 58 522 433 859 10 39 432 169 231 249 563 411 561 511 836 723 952 779 654 578 346 666 100 133 679 420 255 949 746 217 89 180 883 181 964 769 361 940 939 375 662 538 671 385 355 533 652 991 652 274 253 546 254 157 578 212 737 916 990 911 269 184 127 665 262 370 309 206 69 485 718 196 557 659 21 689 587 874 729 24 791 241 570 865 462 497 225 841 62 621 88 398 509 175 864 720 212 54 246 169 283 643 455 746 895 160 62 217 11 39 39 169 295 343 17 257 447 222 806 42 610 6 700 563 266 168 967 180 717 206 21 106 257 752 949 817 14 883 117 522 685 340 706 957 59 394 309 192 958 333 265 16 853 713 356 453 771 462 228 619 694 613 217 534 743 926 131 344 410 16 718 409 836 98 302 706 379 352 721 809 573 139 88 91 602 699 254 468 429 496 278 575 432 712 911 835 811 514 180 257 693 754 362 303 226 28 694 587 801 889 420 486 517 794 432 471 913 442 628 579 880 908 484 824 299 745 795 407 411 129 951 551 573 566 453 822 307 752 892 862 119 927 574 284 882 405 735 980 763 248 204 246 217 602 301 561 368 29 559 843 284 305 6 197 533 77 524 786 984 881 574 687 120 970 408 157 952 583 679 430 615 250 119 79 420 373 969 392 183 675 524 554 104 733 786 832 291 658 838 262 779 124 556 405 934 339 874 910 517 565 549 256 557 211 765 25 288 347 588 534 186 886 254 930 85 409 554 131 960 202 780 121 942 699 43 121 389 512 624 43 677 294 754 347 108 864 683 618 245 767 169 2 61 734 433 838 639 820 38 250 518 684 730 98 546 267 914 164 775 563 611 568 429 356 273 840 467 667 980 820 789 532 73 387 592 200 228 314 253 849 333 251 551 198 818 598 542 797 171 496 133 558 544 577 518 822 294 603 414 833 219 508 693 986 267 840 300 507 311 486 23 242 850 178 462 622 369 636 595 454 743 933 229 35 516 477 645 204 68 223 888 549 497 518 127 845 
911 84 411 388 501 831 396 270 662 640 865 235 491 704 997 429 591 229 513 363 770 662 186 351 223 652 746 639 894 983 23 971 922 451 96 950 66 642 951 702 661 476 46 35 119 547 646 872 957 824 890 239 899 275 48 336 538 622 601 81 754 617 179 927 726 674 913 730 72 392 491 379 945 433 300 194 411 837 515 817 196 674 740 190 356 515 759 882 489 75 373 124 315 503 864 412 143 369 870 71 926 177 172 485 454 469 377 795 790 204 480 457 642 772 884 808 716 293 965 994 221 688 702 640 806 689 862 931 792 360 891 355 407 306 118 910 855 524 323 782 219 66 977 112 356 110 230 399 835 713 647 979 656 38 552 466 756 918 344 740 938 769 679 903 790 969 97 589 455 833 653 45 531 334 517 701 744 437 234 680 301 203 409 943 647 333 610 49 965 202 857 32 712 279 911 285 310 271 5 456 895 886 516 858 135 121 142 550 252 236 12 54 159 273 47 510 729 454 925 43 337 753 964 140 234 623 68 556 599 601 981 112 968 535 94 647 94 885 531 247 42 765 429 533 678 63 19 443 108 168 791 291 645 452 432 664 46 818 596 558 602 88 920 900 715 575 750 246 97 203 387 14 47 261 57 424 709 423 909 418 898 735 412 566 217 265 14 624 426 850 408 671 644 92 831 420 178 433 217 712 523 344 437 128 694 535 215 849 124 577 925 298 88 911 599 263 272 212 263 499 79 665 867 186 878 443 1 220 767 140 899 839 905 53 545 49 288 498 753 327 397 502 680 830 146 166 964 577 265 858 258 548 783 362 274 803 973 828 979 11 864 638 63 223 237 317 412 313 826 636 678 844 648 615 410 457 509 833 903 539 614 672 536 490 220 246 111 124 129 740 321 578 723 525 599 123 541 842 471 75 502 318 898 418 217 332 430 439 251 865 371 333 996 665 136 621 644 797 524 308 188 421 641 581 523 745 674 81 679 962 675 365 469 889 679 645 170 340 360 811 736 191 56 900 779 412 802 615 365 179 865 41 532 820 175 959 170 76 180 168 585 313 744 634 789 801 994 428 420 339 338 144 438 260 125 616 424 86 497 760 653 504 193 226 288 156 719 540 406 267 719 836 691 101 181 263 394 760 247 277 
136 578 954 622 96 388 637 300 561 60 621 725 479 595 954 949 64 786 52 31 200 815 791 797 799 609 537 958 606 626 466 766 454 391 880 657 314 802 156 930 785 401 539 418 790 920 184 464 776 671 262 28 981 238 709 125 695 808 442 761 473 134 925 627 881 361 229 829 555 36 890 412 869 192 848 460 478 82 484 89 714 222 956 847 416 501 398 898 633 456 879 898 172 808 234 115 448 86 694 734 750 550 129 419 50 845 805 977 34 452 266 838 756 642 196 768 408 141 458 710 14 104 583 309 299 637 725 291 525 349 673 478 227 725 203 478 541 882 972 638 503 554 873 367 326 517 169 378 919 762 752 444 284 830 912 239 895 439 213 898 420 532 759 860 248 128 180 839 20 135 942 994 275 405 317 21 872 680 357 984 189 298 532 794 379 798 481 810 216 177 494 421 820 262 691 89 975 401 63 164 239 306 689 344 413 520 827 585 608 553 827 980 745 573 493 161 444 408 577 988 60 740 183 386 839 485 431 671 627 795 631 889 431 794 464 194 137 689 53 334 149 210 513 89 58 868 776 442 326 967 369 209 779 696 530 331 448 268 188 705 529 723 666 366 437 845 450 895 921 411 474 537 484 830 614 115 672 544 170 463 843 63 55 15 479 829 716 909 33 414 547 907 604 834 213 691 189 173 723 381 74 566 207 549 19 746 293 292 746 163 162 357 818 468 758 388 531 459 571 997 107 233 312 869 273 529 122 993 747 357 155 197 281 475 334 941 213 187 801 80 41 15 47 889 477 478 873 906 967 417 747 500 750 658 617 634 19 823 408 371 296 84 607 777 867 366 37 78 867 582 98 368 731 486 691 399 543 752 98 824 289 408 245 387 266 982 224 490 265 645 786 395 856 600 432 677 851 666 136 464 192 545 336 209 109 311 977 39 975 474 675 500 112 695 849 306 722 587 10 764 639 254 514 947 557 820 526 43 75 769 899 60 763 419 934 553 590 468 232 132 758 860 86 105 671 169 887 876 156 283 33 645 965 191 822 773 221 877 997 862 121 262 72 811 88 662 616 827 501 977 875 548 719 262 987 470 501 823 614 837 931 494 89 996 875 926 647 326 110 54 248 159 97 732 31 495 14 363 864 587 
616 104 432 734 372 786 956 400 337 288 273 486 191 307 655 146 894 992 440 748 203 150 664 36 616 339 662 817 249 807 64 467 20 889 969 902 550 904 282 802 11 301 669 127 918 656 476 211 792 655 61 379 690 493 764 203 519 593 511 588 375 112 854 602 855 693 350 454 742 63 180 632 269 681 711 66 643 844 702 950 805 143 896 114 815 257 214 377 343 411 486 25 656 943 622 982 542 734 758 44 964 288 970 701 835 761 553 909 972 246 106 362 923 764 280 996 77 0 132 661 890 929 185 867 245 794 974 913 447 462 66 668 826 666 55 590 188 691 874 144 673 877 536 744 679 388 776 383 684 81 69 368 536 230 983 628 120 712 16 49 503 174 704 736 551 309 703 307 318 275 805 740 535 146 260 112 905 452 821 772 689 90 550 741 861 124 4 610 110 528 215 8 717 230 483 853 285 105 620 620 740 826 869 487 676 484 526 515 359 518 720 756 951 452 804 973 612 70 94 329 50 980 341 469 199 931 31 514 148 12 990 800 490 560 76 968 978 20 244 811 515 552 312 0 721 599 710 960 441 500 827 215 597 485 168 462 933 648 471 238 563 916 305 525 344 483 936 207 750 133 629 444 206 534 550 148 962 415 434 377 237 142 68 832 779 912 405 303 784 97 477 1 871 504 851 792 532 628 877 546 431 502 650 960 680 144 93 667 3 538 141 188 438 994 348 125 71 962 10 137 605 907 6 406 306 945 563 704 250 959 701 286 493 190 356 142 16 781 975 307 414 443 207 587 786 249 331 597 214 104 122 743 288 689 836 179 686 431 220 275 157 443 341 845 214 542 166 279 211 713 882 866 274 154 614 605 399 430 974 926 311 814 949 783 872 510 637 6 86 236 753 334 709 954 104 803 403 789 193 864 5 335 900 432 29 432 756 637 313 389 90 66 391 306 723 800 518 788 790 594 465 201 210 407 649 833 572 798 186 9 180 310 193 666 523 896 296 648 293 361 240 358 744 506 724 107 495 841 682 951 188 520 221 777 199 257 562 555 718 652 202 444 749 902 184 632 235 465 900 315 936 942 932 585 759 703 135 470 423 904 185 231 845 391 792 684 831 923 876 531 533 556 409 898 241 90 961 230 449 839 
218 827 650 58 248 664 323 704 888 350 303 306 259 388 526 150 767 304 335 153 18 906 973 847 608 975 871 14 441 79 929 635 403 892 687 973 658 259 782 250 84 79 228 83 237 873 623 20 521 123 76 502 620 944 210 798 664 457 737 738 753 985 460 201 263 452 266 683 27 140 937 579 861 653 298 588 517 143 620 759 353 817 830 90 193 189 620 495 693 415 910 547 257 270 124 977 183 814 988 516 712 906 290 448 374 165 465 421 432 484 475 682 146 587 915 152 679 101 414 799 333 532 183 92 61 980 781 392 876 741 793 120 366 719 225 919 972 83 751 214 65 947 217 359 299 952 715 323 269 81 317 97 211 679 572 683 492 189 87 550 62 275 948 492 2 93 940 419 457 281 28 802 467 962 871 554 464 705 870 430 81 732 161 675 489 967 971 516 172 69 915 376 729 316 576 409 534 422 2 966 722 732 800 236 89 312 730 468 665 925 441 44 896 800 322 480 524 473 484 15 812 114 237 176 911 210 138 385 471 241 412 524 508 287 220 859 129 105 889 3 850 762 739 145 29 954 534 507 347 866 623 385 434 444 79 340 647 962 645 654 578 706 233 479 629 117 424 812 196 995 959 95 748 835 261 315 788 378 352 292 258 188 239 822 796 89 643 601 456 903 279 459 305 646 284 429 339 564 653 901 824 14 972 166 847 510 114 72 533 557 273 786 599 128 508 693 417 930 995 488 852 31 302 259 804 228 617 116 853 577 545 842 472 381 331 198 174 359 765 212 849 453 449 448 601 412 188 284 540 529 381 315 609 716 366 6 199 8 726 96 45 176 979 112 743 213 213 851 529 690 467 946 818 363 987 324 482 843 970 438 19 277 612 651 324 516 628 537 245 984 427 469 754 12 864 236 885 208 804 772 537 992 857 255 241 352 460 367 482 693 193 210 127 581 762 136 706 881 371 943 253 219 908 165 885 722 317 266 382 485 648 271 581 133 170 215 568 232 360 287 57 903 307 28 972 40 792 263 50 557 758 82 908 256 954 937 888 733 498 546 398 389 276 72 841 861 633 607 253 166 360 845 967 135 241 798 970 110 20 272 362 758 199 55 514 914 291 865 463 867 846 839 60 394 104 314 138 930 142 395 
159 865 993 361 991 736 336 418 297 391 376 968 930 53 276 676 294 831 43 100 294 139 868 374 832 77 177 785 230 39 331 788 883 382 687 145 289 984 232 374 723 508 908 210 497 305 423 157 444 948 80 583 902 239 479 315 959 957 821 566 717 391 815 308 145 981 480 4 102 508 168 684 0 681 741 750 891 416 178 411 64 675 426 150 241 208 916 244 883 822 785 420 546 184 690 813 766 855 27 137 565 278 557 610 352 510 401 795 537 759 793 592 857 511 215 755 43 677 151 553 813 104 708 175 19 324 118 624 911 245 605 626 232 185 911 285 270 796 767 101 21 603 193 810 376 997 465 257 797 290 589 279 456 625 808 916 787 188 662 230 732 443 474 599 619 140 751 322 481 759 607 648 867 660 671 116 417 134 962 396 822 195 727 29 793 575 427 316 855 875 431 940 337 593 198 67 435 685 14 914 164 413 737 36 265 557 822 387 454 616 583 694 155 467 137 532 603 570 942 887 90 479 831 109 973 297 984 151 10 219 940 568 783 151 929 918 188 189 573 656 996 905 371 609 596 219 631 712 163 462 16 44 717 615 802 9 472 148 380 927 875 550 325 181 34 702 107 153 71 47 650 96 862 106 707 733 102 504 114 407 332 264 994 485 798 775 99 48 686 320 979 145 193 198 255 552 421 208 764 614 122 739 776 632 515 309 132 256 584 326 266 888 347 254 137 452 967 185 584 509 926 931 186 502 25 276 814 549 450 763 724 262 485 845 941 211 225 575 781 802 632 205 955 852 375 9 750 605 401 560 882 537 693 160 563 542 397 898 591 873 144 39 369 344 278 327 256 527 774 775 385 317 41 58 936 143 747 225 387 512 740 846 512 416 323 290 375 156 880 541 912 188 996 597 367 915 70 523 381 517 729 899 639 785 137 231 221 489 85 337 93 766 190 618 836 778 399 269 641 781 860 686 875 925 419 188 774 547 960 662 207 985 23 550 847 102 621 29 144 974 12 229 788 217 21 88 355 676 173 926 180 371 124 10 153 289 735 849 349 785 346 641 278 217 647 754 746 771 75 929 512 334 816 294 740 281 492 177 449 305 843 113 972 722 428 705 712 978 564 368 818 927 78 207 882 51 61 214 838 135 
964 226 507 24 259 92 590 270 554 862 504 873 427 82 751 931 729 351 444 449 278 379 138 962 85 502 743 582 354 485 613 588 820 874 222 959 83 114 924 669 241 313 951 46 100 130 404 888 526 132 409 277 643 986 589 69 77 177 751 484 250 85 613 739 211 673 302 326 381 567 333 560 157 327 582 889 138 854 795 301 375 322 306 556 515 411 625 327 747 568 791 340 699 823 192 28 896 832 497 516 970 561 194 543 295 503 888 109 708 366 285 236 252 398 933 679 508 15 739 221 936 611 980 343 161 257 373 28 896 956 172 162 650 611 911 12 124 544 585 384 765 415 867 435 108 272 50 742 954 228 378 364 242 655 990 819 29 147 96 984 299 157 530 455 564 987 227 829 647 304 304 170 232 142 536 622 118 507 52 230 799 1 461 619 8 69 196 892 218 200 48 677 635 391 703 113 892 668 566 852 328 85 924 93 79 604 777 915 306 788 446 177 331 92 738 376 371 78 837 93 895 835 835 929 814 716 860 329 455 192 311 83 760 198 879 233 837 744 95 508 577 68 180 651 380 607 334 203 308 482 814 51 253 447 90 644 738 785 703 811 525 825 613 763 119 695 334 687 217 531 421 603 110 129 798 973 269 44 668 204 96 487 957 981 338 71 160 79 716 455 144 450 135 944 165 796 992 170 583 838 93 352 346 513 881 965 715 855 107 133 365 711 884 529 251 76 995 326 937 123 14 330 431 878 548 689 920 977 924 480 265 798 814 392 896 256 83 839 108 451 937 861 25 975 513 591 998 203 330 720 476 246 483 857 470 563 777 424 118 412 795 633 86 623 625 552 828 570 994 861 809 374 580 362 737 379 496 978 582 922 89 350 113 139 387 810 2 743 609 488 837 826 917 13 763 123 390 576 241 865 945 808 545 450 868 675 483 230 750 40 415 158 386 768 381 733 558 375 642 149 640 112 51 949 555 425 613 462 423 345 3 199 665 498 151 363 186 959 72 193 783 54 902 776 451 921 846 58 558 969 689 573 672 118 168 430 41 68 412 165 368 413 777 423 214 421 214 301 786 503 574 782 967 428 864 702 891 55 780 107 462 651 928 751 404 992 393 741 760 45 847 623 754 308 408 631 237 237 158 641 
570 179 177 757 703 624 800 81 468 275 858 429 129 739 560 228 539 902 790 59 222 640 287 660 490 556 284 320 322 348 335 749 254 12 354 704 58 771 528 482 769 316 757 779 359 657 218 868 291 662 609 256 613 596 254 996 237 777 623 637 27 257 9 927 476 619 220 791 318 989 28 602 364 448 563 614 183 101 31 257 178 985 299 756 511 219 550 134 334 813 690 728 646 442 551 978 949 71 464 228 476 201 299 608 386 793 426 221 415 866 403 754 177 656 240 107 639 770 715 770 762 36 111 459 204 696 658 967 68 448 362 280 720 104 617 797 679 411 726 799 464 14 192 608 877 502 213 64 159 666 259 697 402 590 7 227 272 111 653 597 739 160 728 70 246 842 221 97 758 271 897 707 839 999 69 869 218 428 734 323 687 246 87 293 722 738 789 362 440 293 500 674 842 954 378 215 889 655 603 620 679 385 79 535 466 353 837 851 742 624 581 248 768 702 326 2 116 121 456 562 157 793 396 770 32 618 596 542 73 728 673 605 1 855 244 779 433 770 950 598 748 539 317 351 273 266 528 864 310 574 354 334 97 369 959 21 380 169 644 421 326 278 953 590 697 837 390 971 255 451 56 895 703 685 690 586 982 234 600 533 164 922 443 40 118 82 932 855 470 702 702 53 173 388 998 804 997 732 338 577 391 582 539 559 996 266 64 772 891 18 881 684 720 775 252 506 837 970 290 259 283 711 220 21 30 221 536 196 890 487 878 662 318 599 112 571 692 309 58 281 225 346 484 7 604 489 484 548 716 110 98 766 138 334 169 359 417 442 996 715 987 648 346 888 645 905 231 18 481 660 126 99 300 567 684 949 649 544 912 546 692 0 311 258 931 808 110 512 165 602 456 249 62 888 706 867 284 342 826 185 894 671 353 483 705 885 62 254 806 997 475 577 583 922 923 238 607 201 400 78 379 670 324 423 181 457 597 743 717 474 73 833 255 219 285 406 197 58 503 428 349 624 861 672 831 897 55 905 302 528 717 291 796 247 597 71 456 538 206 966 444 964 870 661 602 23 803 406 912 923 843 765 577 66 149 667 721 964 15 868 354 506 978 61 9 35 158 331 753 284 24 730 780 141 664 642 916 414 511 76 
576 308 648 624 317 967 114 151 933 716 496 158 40 608 48 2 560 491 626 980 279 283 726 283 92 360 325 655 110 744 253 2 814 857 606 903 452 399 840 628 201 148 511 638 465 726 490 526 848 315 982 916 748 193 947 14 718 784 863 344 553 896 216 395 735 141 103 221 630 24 580 714 741 810 976 711 247 776 234 24 837 59 8 836 625 750 174 49 786 965 151 900 784 822 492 49 70 431 804 546 404 151 656 770 329 174 828 83 326 707 762 728 410 829 936 56 518 137 965 926 573 533 727 506 841 572 376 64 531 505 844 975 802 327 583 418 404 419 880 62 51 621 388 834 11 26 124 315 525 668 950 683 560 350 197 243 734 97 0 550 195 962 591 509 118 686 450 176 167 516 408 46 934 468 962 384 174 118 582 239 389 331 919 542 660 264 26 400 81 89 405 481 176 138 628 586 168 593 996 641 448 641 962 552 470 604 597 560 761 730 3 501 59 136 2 783 138 650 550 887 427 403 135 956 175 43 989 67 437 980 193 301 592 184 149 259 314 283 432 915 74 585 723 274 253 38 611 467 588 173 398 399 802 424 642 297 1 962 147 104 975 51 75 278 341 252 479 981 35 158 122 282 586 794 521 4 95 424 393 768 916 761 818 568 703 160 696 327 175 469 23 147 814 411 4 304 969 354 444 326 243 779 160 280 18 921 878 317 319 853 360 833 233 990 455 465 981 348 978 149 89 892 516 754 922 130 910 340 926 618 732 718 75 238 868 887 933 524 810 273 411 394 742 566 886 241 952 90 47 997 574 620 272 591 986 309 735 611 523 598 876 55 692 740 518 109 920 222 682 75 855 172 736 493 713 381 59 533 517 695 173 919 920 840 610 761 581 731 436 182 318 246 64 928 406 213 511 96 993 482 271 401 333 468 114 741 243 377 515 334 553 810 674 308 248 521 261 101 789 448 226 267 706 302 289 807 199 672 169 334 457 120 812 678 261 326 171 518 220 7 783 161 313 203 523 998 841 302 402 262 112 567 388 688 363 705 662 676 963 708 432 663 981 695 943 37 156 811 220 983 377 86 959 599 474 388 269 635 133 282 921 401 183 250 500 29 866 736 205 38 49 42 559 153 761 126 203 797 738 505 
185 497 538 149 285 38 800 882 595 940 530 555 533 845 99 217 581 514 13 369 441 915 1000 392 566 139 824 678 158 241 610 437 564 75 914 297 118 77 427 181 490 606 249 395 320 997 201 6 676 183 327 728 857 517 994 219 47 136 462 867 578 303 722 979 972 546 292 999 39 123 165 653 470 491 708 17 230 639 499 269 412 499 913 581 381 512 824 965 146 585 253 172 280 975 959 329 226 922 916 865 563 19 17 137 534 583 441 981 255 979 397 773 833 801 710 181 969 380 377 339 40 50 478 874 813 372 887 378 42 220 112 897 77 956 141 9 680 374 509 974 45 122 903 773 257 338 814 957 259 178 142 492 562 54 120 131 559 805 673 418 269 691 414 777 144 376 51 320 853 716 613 844 870 576 743 994 35 888 41 64 39 981 84 614 359 688 303 810 875 37 764 824 922 404 51 195 710 648 371 383 600 784 744 658 596 885 358 232 36 382 614 849 131 821 562 266 353 581 424 869 205 36 848 377 456 543 641 616 577 573 193 467 753 495 421 653 189 295 475 511 530 156 542 520 87 615 289 208 78 423 453 371 337 90 77 274 740 629 958 299 82 816 93 183 965 411 626 109 387 845 25 883 930 753 655 385 887 148 261 838 223 176 353 806 615 79 500 93 8 575 447 234 410 757 528 602 271 113 950 618 409 294 365 526 966 238 873 573 989 343 130 981 844 902 916 511 272 567 982 288 417 180 524 363 451 926 981 764 911 355 607 166 166 300 641 905 226 54 787 247 150 562 23 612 878 359 540 901 704 826 237 860 225 600 316 135 72 872 842 955 989 984 663 343 544 441 822 895 636 288 582 677 691 982 343 745 862 115 84 281 271 322 404 836 441 107 811 262 316 968 611 314 3 160 425 637 119 436 646 928 410 857 651 309 739 397 841 704 612 730 75 920 499 44 283 490 464 765 155 998 370 256 691 852 175 210 400 656 589 888 850 114 470 812 675 999 683 831 691 662 324 80 49 597 122 538 891 986 453 253 318 346 986 900 271 593 931 164 489 188 507 504 518 19 162 281 462 414 102 293 94 159 494 731 668 167 220 28 954 638 413 812 11 782 889 695 834 990 807 478 576 485 337 124 240 677 907 414 920 172 
945 73 174 933 696 983 58 566 856 625 28 880 364 76 790 113 187 577 391 859 977 950 837 66 361 755 534 348 518 696 732 510 781 980 248 534 574 429 653 672 824 93 282 94 850 955 886 380 171 70 806 599 329 961 795 269 92 116 114 555 14 637 939 337 709 562 197 63 75 275 708 718 594 705 154 777 803 799 389 288 267 323 663 272 228 20 89 65 982 913 158 158 278 266 306 875 183 147 204 440 224 260 817 5 381 371 727 455 823 766 444 368 869 11 15 943 892 197 964 847 759 360 935 136 725 25 46 317 794 542 154 209 674 291 574 722 119 71 629 668 891 741 499 207 509 763 587 427 425 496 797 135 618 504 526 773 880 929 276 272 83 823 950 65 753 733 798 124 135 685 962 911 917 194 139 274 201 89 771 394 280 257 559 332 586 4 799 209 283 458 287 299 452 604 824 820 712 247 6 571 978 345 602 92 248 966 742 941 659 124 506 43 591 308 724 369 504 768 278 453 189 565 34 823 574 864 414 236 881 11 507 77 775 282 149 361 756 635 229 591 797 230 440 484 800 5 783 571 1000 859 141 376 218 817 509 15 712 290 668 651 956 10 264 918 188 888 793 90 368 306 798 833 115 940 322 570 939 286 395 677 540 848 566 719 750 524 789 830 959 233 946 169 506 724 963 742 339 299 704 507 352 506 495 630 651 961 371 279 230 470 760 721 526 556 951 26 876 630 323 252 932 160 697 810 134 721 63 940 882 615 376 907 789 817 47 320 642 423 440 951 770 517 288 357 925 346 341 99 259 408 509 513 723 777 825 912 181 328 292 137 873 83 275 691 624 872 402 134 239 392 164 945 123 673 37 197 513 231 164 766 54 358 345 441 0 558 743 242 249 669 792 280 376 458 283 776 312 194 170 903 340 106 294 895 100 457 825 730 89 287 222 942 463 584 520 186 766 728 231 347 799 228 633 911 876 394 750 672 192 693 981 427 399 202 896 260 48 909 940 54 414 997 840 928 857 893 17 267 265 798 78 320 252 705 465 719 464 906 318 485 647 689 563 339 240 134 342 787 128 398 301 59 963 193 157 519 295 265 713 708 907 307 79 758 133 952 752 252 96 856 710 924 722 372 667 835 542 2 917 427 
232 805 383 285 556 58 729 857 926 869 267 371 936 516 610 279 789 813 417 747 461 255 879 352 33 180 750 204 436 325 28 384 741 701 237 793 59 799 744 853 177 591 152 863 279 720 753 50 719 404 582 329 228 258 662 174 526 254 206 907 36 465 120 251 522 224 476 168 21 447 615 534 597 718 428 828 843 145 586 845 68 1 14 848 127 610 0 538 194 126 746 394 737 231 432 928 661 816 764 79 984 326 5 847 214 798 702 182 303 292 902 898 872 102 32 747 690 69 600 667 505 591 579 918 550 669 639 400 555 479 814 941 392 345 200 602 414 481 754 90 682 235 322 529 720 721 488 847 202 779 639 905 204 846 957 637 296 892 608 576 4 975 290 518 237 133 239 916 329 732 441 28 224 589 687 269 56 758 115 170 694 320 394 321 573 415 465 76 760 116 929 156 896 62 761 962 126 693 698 770 851 61 305 770 663 287 604 881 665 821 223 952 696 36 618 612 205 740 994 70 412 563 456 929 407 312 215 339 872 304 737 824 669 962 417 974 404 692 647 680 766 370 704 33 553 385 240 36 10 811 785 737 1 923 999 798 878 498 813 92 741 934 971 9 989 250 273 710 255 681 886 274 180 813 924 893 79 3 476 873 234 212 44 420 649 918 98 782 870 500 881 729 311 663 672 336 204 20 72 313 593 108 930 117 242 203 772 437 165 487 85 874 668 701 409 256 161 484 218 277 83 720 385 560 543 431 724 151 536 778 835 215 452 511 213 823 702 839 65 171 216 783 257 863 462 88 523 308 227 702 169 1000 800 598 102 823 406 622 780 433 109 415 206 236 549 630 182 150 211 720 208 886 964 755 901 79 761 779 241 477 358 508 135 901 758 879 782 516 346 894 321 874 835 197 475 221 171 336 880 868 588 971 329 973 857 274 38 304 316 204 787 478 232 155 740 853 82 552 91 806 26 602 289 258 173 5 662 311 343 368 424 876 791 185 993 906 367 98 23 181 744 642 23 975 744 958 634 143 943 238 523 847 48 169 462 972 1 57 543 188 479 405 904 525 366 990 293 848 947 382 202 132 499 392 709 915 238 591 881 717 167 712 532 269 334 678 232 345 940 31 176 460 280 9 151 298 778 463 122 261 
675 82 509 827 65 347 495 214 68 58 16 928 116 719 80 345 374 294 143 243 976 948 227 993 701 255 769 370 744 412 381 698 543 267 389 879 572 270 852 569 262 236 138 399 889 350 450 843 194 293 596 258 526 627 88 111 776 949 114 792 13 398 535 554 247 22 99 704 797 390 786 308 33 911 6 909 175 473 430 129 846 600 759 178 838 195 27 597 873 598 925 785 603 302 34 825 186 647 831 360 842 446 328 50 517 8 158 199 167 299 637 625 207 939 509 681 383 507 405 746 906 353 407 718 178 511 229 502 394 699 632 834 575 34 754 135 412 654 795 566 859 654 965 824 309 768 954 307 342 352 396 303 114 572 534 819 368 224 801 90 942 39 753 223 12 700 422 626 155 321 207 646 44 334 731 845 501 908 786 456 793 773 826 345 138 1000 155 825 292 785 774 700 514 149 718 22 559 149 736 864 753 426 753 960 816 514 641 378 691 163 355 862 723 696 758 857 946 647 587 448 434 855 398 98 934 180 149 621 773 489 810 435 447 287 649 459 255 965 925 103 248 603 513 432 611 766 748 65 378 167 476 781 861 469 329 510 927 709 276 797 532 685 119 12 360 922 206 641 332 681 455 984 841 448 907 129 183 194 873 871 563 919 389 63 298 44 558 690 935 758 385 718 180 534 117 991 33 672 991 10 90 492 731 261 609 985 156 401 500 829 389 570 1000 664 358 476 622 985 916 952 210 820 712 662 129 787 148 272 250 508 386 812 632 570 740 38 634 181 907 734 422 562 950 701 979 741 222 213 996 837 698 207 508 804 591 885 318 217 540 255 601 568 985 36 161 676 226 647 286 583 89 455 583 700 606 504 260 145 566 294 729 219 973 99 615 304 385 651 113 188 890 164 242 469 875 116 856 637 619 31 587 612 51 889 627 391 181 545 567 360 851 765 172 827 450 890 423 878 838 853 845 326 573 614 708 624 717 12 7 167 283 250 120 63 59 464 104 68 417 624 390 212 912 719 66 319 299 77 1 400 687 330 961 975 914 360 427 47 584 87 910 189 439 222 951 897 365 275 346 634 550 373 858 496 848 444 833 379 382 743 263 847 316 289 662 443 721 492 679 443 710 183 196 508 529 152 717 905 189 392 
665 863 41 728 387 791 292 416 812 21 979 75 448 358 909 18 418 784 941 633 218 991 134 671 942 188 190 795 964 854 465 989 150 182 446 918 363 707 252 43 472 57 231 11 419 422 175 871 836 515 328 974 553 701 140 968 999 698 151 944 425 302 538 853 553 616 436 399 627 255 338 805 643 47 703 174 972 936 162 388 871 950 386 504 235 225 633 504 397 625 725 592 35 291 993 821 197 178 902 313 836 61 216 530 340 935 160 800 761 181 883 208 632 581 298 504 60 71 639 927 464 948 904 187 410 338 237 939 525 630 961 117 354 227 132 942 253 530 378 200 802 883 59 756 2 769 557 182 344 682 205 553 150 821 972 962 760 677 731 761 104 745 642 98 774 456 709 172 14 90 636 726 728 398 10 777 627 649 977 881 921 307 713 542 654 255 539 404 380 876 582 232 166 278 553 185 388 707 180 205 777 865 885 333 32 876 445 254 890 370 709 234 484 83 495 370 490 682 621 931 301 789 594 754 435 971 933 37 931 859 608 635 99 722 788 135 281 816 291 245 697 30 985 426 258 915 317 932 999 155 427 781 352 92 188 342 798 656 306 489 509 691 99 595 950 490 554 869 558 769 491 911 35 528 988 785 192 83 425 533 65 770 681 552 125 260 414 78 211 493 680 293 747 547 70 806 482 632 385 501 467 140 337 132 884 672 763 74 584 155 952 277 682 616 50 464 627 246 86 697 940 858 326 770 488 130 606 927 47 784 214 297 267 547 377 618 448 144 223 456 817 995 524 288 231 816 666 277 896 159 707 188 934 982 46 284 515 602 226 971 787 390 960 307 586 915 261 49 464 270 113 408 705 127 114 108 573 923 8 536 337 301 917 580 127 469 925 530 1 495 60 855 52 865 435 954 194 18 169 285 318 455 919 473 528 40 77 516 277 324 517 726 306 474 361 319 604 7 999 407 12 468 250 342 551 937 274 684 208 411 593 170 479 145 519 147 140 830 875 961 962 602 371 236 237 812 45 595 565 625 223 473 270 42 228 390 850 635 717 766 108 176 920 11 497 341 894 843 211 496 58 731 154 557 524 204 520 62 920 48 702 830 66 113 321 70 865 138 100 899 124 346 214 743 13 357 570 642 945 779 
180 257 156 573 862 624 871 867 60 360 194 654 529 193 7 302 494 149 877 427 298 505 288 52 572 872 962 746 222 503 979 881 672 349 897 376 752 720 74 589 782 360 156 389 414 180 887 428 696 166 422 978 958 676 337 451 539 341 344 682 104 208 177 481 105 511 211 193 591 356 753 541 715 40 453 158 404 452 959 474 839 625 413 66 791 615 663 752 99 732 623 179 966 487 155 819 854 288 995 117 498 315 503 821 277 837 992 554 384 435 580 85 895 884 479 279 907 72 973 963 85 558 338 560 599 440 260 621 266 323 596 304 384 973 935 31 392 874 608 376 882 586 272 699 92 179 519 621 727 157 55 552 655 122 566 202 218 29 610 188 652 989 367 705 935 220 932 258 568 684 813 887 983 105 458 599 590 916 249 756 359 660 101 992 639 698 436 694 676 845 774 521 101 349 622 875 434 80 6 819 601 282 832 860 361 777 459 790 623 846 17 709 266 704 147 325 516 445 299 304 37 468 552 216 362 996 829 119 782 696 132 638 981 427 318 220 183 202 653 455 347 920 844 970 510 867 674 402 278 549 676 538 175 746 978 247 858 399 169 274 649 272 704 370 554 533 907 892 57 651 760 354 382 430 273 832 837 354 23 653 562 122 919 690 108 866 654 377 696 384 762 944 443 343 751 817 194 321 672 647 272 841 180 812 313 775 829 822 969 579 282 775 874 565 541 451 184 488 503 560 453 746 661 214 10 819 916 348 346 459 455 798 92 646 523 863 876 90 834 970 373 64 262 12 213 734 52 889 625 968 207 443 593 777 337 8 317 169 120 412 290 598 427 490 741 67 928 970 588 887 232 472 406 143 468 774 412 595 598 406 241 78 3 36 660 121 595 150 709 406 219 124 337 798 582 932 189 714 638 276 249 462 735 787 104 175 317 742 295 783 445 961 416 274 176 779 223 47 244 829 960 588 486 215 846 998 153 537 800 466 871 616 670 741 224 782 388 738 459 412 802 234 29 772 681 393 581 937 595 267 216 324 863 429 584 560 590 493 291 877 890 73 356 882 949 927 0 406 714 937 626 460 49 193 693 936 198 712 189 130 412 32 269 369 436 262 916 852 643 873 489 914 803 952 508 28 138 417 93 353 
37 589 890 526 718 303 112 326 847 936 667 300 810 172 308 699 412 780 959 723 91 957 816 705 91 97 516 948 166 770 329 504 623 18 999 898 69 430 49 435 303 447 285 246 872 933 300 790 403 542 492 138 749 921 787 26 615 376 750 349 262 573 102 644 172 919 407 922 578 861 661 986 61 184 999 249 600 959 410 824 475 34 272 352 558 685 184 171 453 931 720 439 219 300 696 398 877 981 377 219 290 908 585 460 0 81 767 539 208 613 278 197 596 414 357 255 496 969 935 582 299 124 698 112 782 547 240 277 697 753 101 889 507 838 319 667 538 971 923 61 798 935 105 434 348 87 541 208 205 546 515 143 173 110 469 326 489 877 979 313 558 885 422 36 506 358 649 8 317 191 251 717 153 797 390 654 177 278 732 143 686 712 191 539 153 19 472 645 235 280 907 156 590 291 148 18 251 274 206 265 23 944 145 278 882 232 826 379 238 472 374 431 522 961 417 146 348 214 366 634 174 608 394 945 991 228 233 562 425 310 968 101 40 956 4 646 629 82 120 52 907 169 539 108 899 912 178 18 458 523 798 658 92 736 635 405 945 850 369 568 74 875 769 75 161 587 28 921 824 621 922 661 636 536 961 65 501 973 978 141 602 644 736 559 482 782 326 736 546 229 903 623 339 342 839 963 438 746 203 812 409 380 154 531 681 809 835 855 926 91 137 777 775 600 443 695 156 387 278 729 299 988 926 391 496 952 787 603 948 726 239 690 875 283 723 798 931 632 201 595 52 960 334 26 99 148 455 289 203 560 508 258 576 56 169 314 236 252 29 748 503 129 281 223 559 947 80 910 269 13 641 627 316 466 813 179 879 655 280 170 409 962 330 79 868 354 855 986 32 482 992 501 210 449 335 690 284 664 433 649 699 918 362 869 680 849 12 1 550 578 444 985 780 358 247 252 578 260 727 369 536 76 391 261 349 791 797 521 682 936 79 279 71 810 934 744 118 497 944 498 427 407 571 892 849 356 839 369 1 817 432 210 433 165 927 9 360 96 535 400 225 799 199 722 595 756 891 606 811 413 936 950 930 114 353 30 894 787 87 443 459 406 647 523 97 664 989 617 652 724 474 820 365 825 370 626 678 181 678 980 
806 392 477 126 107 654 874 366 91 782 457 284 66 352 179 191 490 957 275 909 536 795 288 436 73 218 202 442 926 663 462 475 345 310 470 716 495 714 907 796 92 457 920 295 894 148 503 171 791 914 335 781 673 123 622 579 285 804 225 860 859 282 365 916 1000 445 607 208 918 608 442 786 836 530 406 200 970 96 145 643 671 319 11 735 201 644 291 271 334 990 78 370 592 674 201 437 243 819 990 132 801 982 100 519 506 579 499 880 939 154 344 183 842 656 905 248 230 758 734 570 203 260 924 729 421 445 703 24 548 50 764 84 303 868 668 387 596 545 970 908 328 970 739 307 632 594 650 452 427 297 496 502 218 514 841 811 852 933 589 799 969 955 3 880 365 409 594 807 600 78 907 148 925 851 451 724 17 486 997 812 454 134 339 815 420 158 152 661 209 506 803 452 821 930 447 61 117 827 365 83 653 237 408 139 219 897 167 927 404 602 436 337 320 201 299 526 188 630 415 157 484 63 277 314 132 698 532 998 55 524 225 51 521 969 819 526 860 164 460 728 178 751 263 543 217 99 674 630 320 28 736 503 872 658 560 358 619 272 534 51 404 585 637 72 748 444 802 518 950 266 792 707 989 709 199 556 575 755 966 734 133 74 361 401 191 753 487 676 632 873 66 191 734 60 75 971 467 363 65 327 185 997 823 424 997 655 235 967 564 619 371 520 104 95 848 639 272 682 225 538 759 338 976 658 374 185 394 289 621 931 33 187 469 531 899 510 113 837 943 372 555 570 602 150 225 30 696 982 478 397 86 588 875 998 284 479 897 933 212 121 437 98 883 613 605 758 335 241 291 853 391 297 128 331 538 333 376 290 159 337 346 508 4 736 265 293 54 4 150 842 673 716 767 44 827 649 850 794 425 386 922 613 170 758 828 789 976 87 806 700 884 606 250 818 540 984 95 180 470 441 946 796 138 49 424 636 162 388 226 277 472 110 395 863 547 363 997 948 251 584 87 454 16 239 446 730 837 807 491 483 689 80 740 537 377 148 10 101 254 152 354 731 761 421 275 983 410 106 582 861 57 805 250 697 217 256 730 958 101 789 288 725 660 863 44 492 293 23 441 872 459 173 791 366 970 872 307 470 621 73 
227 67 400 543 994 162 802 872 898 228 581 98 238 661 614 894 606 873 998 41 644 278 487 425 631 954 449 97 170 420 156 114 66 68 857 400 852 763 974 483 170 328 548 42 2 99 64 720 490 598 346 514 305 554 301 820 583 610 86 411 863 309 514 163 659 797 377 770 500 959 748 740 167 676 974 233 282 413 397 440 284 227 901 488 333 20 791 798 667 960 69 663 892 817 748 330 475 370 915 20 945 322 571 944 304 607 504 11 951 388 920 290 772 930 669 242 611 979 312 464 213 2 875 6 62 890 568 158 734 233 449 161 511 110 695 497 421 603 432 47 561 349 506 915 772 953 965 268 749 937 583 451 264 31 304 795 424 525 19 468 847 262 912 195 110 308 204 434 967 328 348 364 676 331 589 476 634 335 212 569 163 446 85 145 580 720 36 77 936 610 169 739 757 581 555 866 117 402 316 31 467 697 536 375 556 134 524 113 164 950 489 481 404 121 466 598 678 999 595 498 388 877 572 714 25 161 562 826 991 653 378 537 304 779 434 720 867 277 413 745 878 415 946 845 965 497 280 387 628 679 589 143 146 611 846 502 497 944 222 392 485 356 899 136 116 847 993 22 34 342 249 90 854 372 359 414 923 205 706 786 510 252 484 440 982 388 511 758 191 794 216 748 907 840 719 103 392 823 352 458 930 868 32 88 697 118 96 730 444 386 492 988 339 560 178 775 72 320 555 222 479 357 223 485 118 146 366 938 577 285 740 415 235 861 497 823 745 739 520 814 149 240 159 387 231 315 972 485 683 762 6 504 720 336 293 314 548 699 95 519 285 457 545 692 411 775 459 234 85 55 353 185 282 412 973 738 902 977 563 946 636 301 528 445 995 780 3 574 129 686 600 97 41 129 719 735 980 964 760 572 324 509 384 454 503 929 463 594 196 775 154 204 967 979 312 647 86 458 831 229 474 879 410 70 935 159 306 527 761 391 351 129 981 337 571 667 504 111 14 956 271 239 481 569 445 61 852 149 981 362 203 130 963 464 343 568 161 534 922 183 465 354 416 370 443 228 880 49 783 512 382 955 378 986 460 421 769 186 27 358 503 776 690 423 238 788 621 71 702 626 848 856 873 987 469 114 833 130 601 923 
70 911 681 538 555 7 333 209 970 723 780 401 526 558 62 223 190 25 576 968 457 569 183 560 360 63 120 425 87 862 848 890 729 508 35 638 542 741 325 922 294 500 196 864 207 20 679 984 531 210 164 31 743 879 184 106 974 213 611 1000 410 12 695 20 771 691 40 528 849 201 716 291 83 989 171 907 843 858 429 694 450 869 819 470 584 659 765 200 121 228 481 44 796 66 453 12 804 785 846 716 798 882 216 178 590 859 213 930 900 124 564 411 375 820 339 586 142 381 386 383 806 316 279 469 805 480 445 523 148 760 835 457 95 552 513 194 137 565 59 963 565 164 57 881 592 675 998 30 395 806 565 308 236 914 485 358 566 761 478 11 419 801 784 784 91 130 186 902 660 13 760 863 232 839 556 92 454 265 478 712 403 669 753 218 565 251 213 434 655 189 510 995 124 249 426 130 751 189 670 453 915 263 436 213 921 502 273 635 329 897 560 15 931 784 858 156 4 56 750 94 854 343 187 337 642 638 402 198 248 698 737 183 581 627 888 955 245 418 815 287 935 316 969 380 138 309 178 773 542 5 282 19 773 316 858 498 655 669 227 385 463 633 46 779 612 784 847 473 289 400 453 119 43 166 609 670 93 953 954 292 980 111 919 609 622 991 421 428 746 668 487 24 845 982 386 236 550 45 562 2 665 756 716 638 63 778 726 864 833 583 367 438 294 475 291 120 149 165 625 394 125 323 816 810 176 609 517 212 535 896 92 791 934 711 513 751 723 44 454 520 570 968 176 391 416 373 210 208 815 776 576 60 564 449 448 593 540 33 437 989 317 924 326 825 510 196 143 232 760 464 374 111 489 558 567 919 389 488 621 191 511 116 423 857 172 915 176 561 982 617 4 779 564 685 10 634 644 374 708 891 337 505 358 373 580 978 907 571 88 158 949 679 796 689 473 794 699 680 315 843 746 198 945 955 345 557 795 567 764 242 24 956 729 383 596 591 926 637 167 8 727 226 118 174 943 493 633 647 448 389 430 719 453 98 669 565 218 239 195 639 818 153 880 847 268 126 367 34 831 119 349 348 214 888 889 658 29 41 622 945 517 724 431 445 446 850 675 498 425 710 769 340 401 585 859 610 286 866 192 576 
954 43 612 906 710 824 874 751 34 882 308 778 302 86 420 443 183 425 711 78 250 498 608 645 398 553 827 825 111 626 476 738 174 872 238 810 187 665 339 753 624 267 195 280 809 981 181 13 253 587 710 236 948 904 248 88 512 838 58 453 753 132 706 841 463 307 865 352 486 364 864 190 660 850 985 814 257 39 447 287 563 116 731 394 472 366 571 95 189 956 933 222 604 585 906 160 845 633 175 895 97 346 954 849 468 112 451 24 892 708 855 969 222 119 670 319 194 426 927 502 562 635 102 894 446 96 833 456 771 978 538 420 572 812 294 281 642 136 966 713 252 300 590 112 20 242 125 745 214 21 39 766 371 496 72 888 784 905 665 778 676 80 489 40 35 909 552 687 653 910 387 913 522 555 199 954 782 513 784 605 209 124 699 181 468 231 221 39 992 787 337 695 324 947 126 356 917 11 291 982 635 865 689 848 307 451 473 69 783 337 204 52 941 364 895 968 733 882 680 480 254 805 955 988 927 252 880 838 72 384 102 55 632 818 998 310 440 782 63 221 479 735 103 894 211 217 63 777 174 5 738 260 275 771 634 121 106 702 891 66 375 245 5 264 908 323 862 585 63 562 932 480 417 500 546 70 164 553 257 554 839 444 920 903 213 531 122 672 438 934 445 646 956 320 404 380 815 619 521 228 209 956 831 264 46 3 551 672 997 405 275 426 441 911 286 809 517 237 367 811 795 702 881 456 643 371 598 54 829 863 271 132 248 803 766 321 156 968 332 472 691 944 481 439 505 373 27 53 634 943 342 549 578 469 798 202 328 986 812 211 3 67 286 535 952 939 237 512 433 639 59 842 297 730 109 725 442 33 186 904 298 978 947 253 104 521 730 547 445 71 243 527 972 360 632 104 315 175 398 445 145 214 880 634 406 321 45 426 530 108 4 708 925 656 887 701 133 910 137 821 739 84 424 78 675 535 684 416 547 923 650 904 929 69 862 838 974 160 143 573 440 379 381 933 398 450 326 264 419 391 860 839 949 338 771 135 652 517 881 654 637 821 839 529 800 524 375 904 571 383 6 442 706 963 447 524 975 357 38 600 98 301 878 919 947 795 651 289 84 636 231 521 616 815 560 342 969 535 432 447 
3 563 241 422 812 513 307 629 255 963 180 914 429 671 169 865 260 921 280 395 420 480 843 745 519 409 896 494 174 455 473 340 859 632 790 647 100 479 567 256 327 349 8 914 876 532 908 163 750 621 350 932 5 216 602 617 552 421 973 916 105 242 152 62 956 100 337 388 17 821 709 238 166 796 912 883 919 558 316 656 674 362 602 150 447 663 387 656 61 47 525 650 337 991 217 592 413 918 536 957 280 490 12 867 359 83 462 951 331 994 480 136 361 864 46 12 208 529 50 806 392 615 246 965 947 832 148 668 286 246 410 53 350 652 879 502 975 745 609 219 419 118 519 28 498 146 699 247 791 540 247 197 719 368 883 631 980 313 629 622 450 905 99 60 179 519 551 395 16 334 190 81 390 73 602 371 96 256 18 641 73 550 935 202 199 544 681 547 137 749 396 477 908 831 120 752 818 520 274 212 911 945 248 82 776 424 531 879 486 401 354 114 864 23 525 228 869 441 448 189 610 728 337 879 712 159 587 710 575 295 741 899 890 982 730 802 271 565 94 808 460 474 619 284 963 278 848 968 930 810 432 186 739 979 783 538 295 671 192 567 623 863 765 540 48 283 436 273 4 489 448 121 530 27 53 972 37 650 744 980 608 635 286 447 833 544 690 925 975 341 557 406 33 575 901 218 293 108 137 213 681 694 651 177 931 359 15 848 912 440 785 938 880 850 220 872 61 558 831 779 918 6 965 299 105 677 739 35 79 531 627 884 704 586 203 848 108 198 97 530 68 821 231 400 964 459 652 865 71 220 587 75 35 904 198 641 831 540 234 657 917 686 792 481 522 683 919 765 32 753 418 863 173 525 644 179 278 463 805 465 975 916 279 323 760 467 800 817 17 765 167 798 864 979 601 108 986 405 198 362 455 215 533 145 796 996 130 513 244 351 702 571 552 120 9 721 430 859 8 342 769 347 103 944 435 775 966 583 398 777 473 989 76 556 847 397 688 129 505 755 911 195 791 205 38 8 918 775 230 8 410 362 769 967 591 62 173 761 73 137 426 556 31 577 773 147 813 594 152 224 88 83 24 954 609 323 940 668 261 272 559 764 119 566 863 822 838 76 29 76 197 591 131 561 481 504 512 372 509 529 
879 490 15 15 682 911 136 540 311 610 453 536 740 655 235 638 188 196 65 341 471 817 72 643 42 991 385 927 409 931 650 398 74 232 91 495 278 693 689 835 992 104 82 786 689 843 969 69 613 68 87 753 189 47 666 743 367 144 697 148 169 231 391 208 404 687 932 232 592 170 95 400 171 416 428 196 284 923 238 777 214 287 156 879 275 28 446 462 263 595 447 272 236 949 52 609 869 820 657 923 803 609 185 976 824 191 814 439 958 71 654 694 89 117 989 548 250 576 364 380 285 506 926 565 561 590 141 514 13 569 717 743 4 380 198 206 938 870 581 367 572 879 584 46 420 752 942 34 996 119 200 128 577 44 318 837 509 192 880 943 725 232 613 834 533 625 379 591 461 552 800 716 440 324 869 232 591 293 81 404 39 910 782 434 123 573 151 343 907 747 866 85 881 256 888 341 281 100 795 365 232 317 490 939 956 647 504 125 900 82 761 339 911 540 473 277 153 847 870 655 273 852 531 380 360 962 788 322 292 807 285 937 387 776 303 434 370 661 414 901 263 920 169 497 426 85 352 779 41 143 799 916 965 954 567 175 40 322 689 375 65 62 998 861 190 472 605 551 96 48 710 542 337 478 453 915 132 613 425 367 358 452 674 842 93 143 582 159 30 328 635 711 24 323 512 903 221 609 1000 391 982 315 38 544 287 200 966 681 580 581 386 327 922 983 484 163 165 145 971 103 264 253 319 40 335 461 749 975 312 859 7 198 532 446 788 627 271 316 621 324 2 44 449 194 427 936 839 77 475 22 922 756 447 810 718 564 415 201 19 901 339 687 291 526 306 969 364 111 231 576 538 384 95 23 211 185 401 478 589 810 733 554 353 630 909 350 917 927 873 571 937 209 577 636 17 45 877 256 200 482 729 504 324 810 408 802 682 691 694 590 503 807 503 839 334 601 623 407 134 741 64 379 149 957 480 262 271 673 886 455 313 383 7 494 711 73 148 79 278 536 898 309 925 773 451 22 196 986 910 599 281 794 552 130 887 828 5 642 63 799 98 826 879 748 760 992 158 345 768 295 34 868 407 22 201 480 170 913 709 13 833 614 482 854 757 589 721 158 271 876 78 418 780 984 916 334 391 13 765 349 
901 700 972 730 491 799 709 140 917 96 76 928 135 985 853 676 947 906 71 166 36 831 65 295 125 645 975 469 137 454 332 542 769 729 405 153 729 532 715 867 148 348 749 542 548 707 390 886 309 204 694 237 103 366 291 654 333 430 34 179 708 954 765 594 556 113 924 280 296 176 561 105 545 291 137 354 639 474 504 145 996 709 251 704 162 415 259 812 139 664 931 740 208 54 352 608 250 379 612 514 923 188 47 318 315 416 996 364 302 318 691 906 388 947 276 895 11 384 81 67 460 25 240 545 466 75 923 815 215 810 89 493 22 221 186 40 431 868 126 798 717 673 545 555 472 469 950 618 823 582 49 511 682 637 804 980 768 385 490 698 596 670 394 420 797 291 423 699 917 369 745 13 943 728 354 988 399 509 385 593 338 966 194 385 85 506 95 377 447 827 92 472 319 26 514 489 379 343 486 894 781 528 732 437 814 193 696 44 285 903 985 728 534 227 124 72 540 170 236 643 529 487 5 764 327 445 625 179 606 973 635 631 734 29 800 310 72 996 903 801 248 0 876 262 986 52 981 407 62 918 849 92 43 281 578 199 931 740 374 55 43 266 201 369 67 380 19 581 164 338 126 844 814 922 190 93 40 193 293 255 552 395 148 499 151 40 128 424 189 246 94 611 953 275 718 675 471 148 131 751 636 918 161 459 714 190 710 708 308 756 793 289 66 744 361 698 377 29 17 779 976 813 943 16 475 707 971 147 558 676 446 611 948 152 236 17 300 585 938 49 55 527 502 47 582 11 465 555 483 884 251 689 554 192 400 775 62 240 930 98 114 713 529 799 171 110 535 704 154 640 271 243 33 833 13 167 808 20 675 5 856 750 525 653 694 764 902 999 777 218 894 205 791 386 532 71 589 894 705 246 109 962 31 384 429 743 325 770 818 823 131 182 217 473 740 266 465 394 473 578 331 805 135 129 729 313 141 803 954 579 944 638 50 168 406 431 33 150 145 872 75 40 509 1 326 171 101 969 422 551 34 374 103 554 159 629 417 230 619 123 545 634 446 902 805 203 218 583 513 75 949 829 807 321 538 780 285 15 369 490 106 433 465 38 54 126 827 691 557 466 891 442 923 517 432 507 255 720 186 910 
854 871 492 654 525 561 733 485 576 49 641 105 944 858 721 362 199 888 763 5 657 711 207 429 998 989 513 557 643 72 830 645 981 300 229 486 366 813 756 316 561 634 960 775 179 269 898 724 675 157 303 603 788 595 303 80 840 895 339 103 856 281 269 470 329 103 491 376 353 997 447 713 482 338 887 495 99 265 687 679 431 49 642 897 667 728 476 790 148 657 311 580 857 479 104 978 647 520 531 345 908 578 506 830 195 870 105 551 678 248 9 518 177 804 379 150 328 692 62 570 280 27 374 976 728 741 215 696 961 560 139 883 995 828 657 384 712 421 798 591 257 651 920 311 318 491 606 613 630 247 822 23 991 184 631 757 657 278 423 994 896 451 66 448 931 409 569 384 812 311 657 767 519 985 570 345 657 781 53 701 658 766 164 824 933 712 993 571 662 858 642 113 377 365 483 478 581 963 529 436 440 563 314 372 507 526 101 156 241 986 559 275 90 488 56 224 603 290 630 897 839 630 556 599 406 636 431 397 185 906 864 359 774 151 52 772 19 894 620 282 175 717 970 350 674 379 404 503 430 749 680 268 368 350 735 887 192 872 498 527 869 693 157 400 0 468 683 473 151 27 578 97 400 782 626 520 211 705 934 653 418 984 817 916 190 695 226 857 347 373 477 11 456 804 812 594 378 246 813 372 161 920 316 745 384 154 696 89 575 102 988 115 666 975 664 546 68 971 970 793 147 683 627 233 215 701 711 669 100 162 202 876 803 211 596 972 613 485 536 334 219 885 881 499 111 452 885 274 843 312 496 147 217 810 937 502 709 63 542 492 262 73 838 443 849 972 673 603 802 944 837 952 906 311 795 1000 768 470 90 1000 708 609 949 938 7 862 947 893 565 684 938 651 152 591 191 987 248 790 670 248 845 906 378 99 708 571 676 388 775 340 509 293 20 314 489 269 736 847 200 961 784 237 6 548 323 656 645 962 447 639 129 104 219 655 288 720 192 310 962 569 900 295 449 848 713 528 287 675 893 82 712 881 347 23 665 33 422 674 152 590 800 84 704 152 407 579 448 755 782 285 186 407 471 696 676 816 742 44 343 501 611 441 265 986 54 819 392 17 572 468 278 574 866 868 0 558 719 893 924 642 
657 593 279 694 990 613 929 60 316 676 953 657 969 516 10 700 760 994 35 469 554 121 860 679 56 788 681 1 651 962 106 41 155 6 178 863 486 663 914 190 75 106 313 798 925 52 670 335 132 360 489 65 781 398 609 390 407 454 894 3 185 684 475 17 442 117 978 636 466 506 742 589 562 704 402 878 324 644 51 671 459 54 706 372 229 779 773 91 309 783 516 664 944 455 7 682 598 579 415 510 728 557 50 235 105 447 172 149 61 551 723 305 35 928 495 141 53 542 431 584 265 703 667 579 505 937 747 632 754 332 100 207 195 703 858 802 686 222 525 972 30 480 558 255 701 914 611 85 454 163 449 760 619 17 835 198 926 625 12 993 38 811 383 926 456 763 645 553 331 663 44 511 324 855 93 951 541 342 331 427 61 946 766 999 551 914 118 959 577 481 465 972 958 17 562 787 594 563 892 11 377 980 589 79 901 169 561 884 780 525 310 599 481 9 298 977 112 561 172 32 616 455 797 726 620 245 57 999 160 141 90 13 66 136 503 591 932 798 130 644 962 504 182 584 568 264 727 982 634 833 848 803 671 243 2 490 1000 51 945 851 540 766 76 232 459 61 632 305 68 137 926 625 558 546 669 905 890 774 860 136 60 769 764 38 950 93 902 699 322 588 961 925 591 263 27 269 20 506 479 486 855 703 135 889 435 63 745 186 0 990 745 196 654 981 280 339 470 977 526 776 957 2 342 685 761 380 917 274 677 686 185 784 385 742 532 805 523 269 950 234 625 620 129 859 510 335 597 887 720 841 501 754 229 530 979 117 497 96 21 674 208 402 744 301 771 77 443 46 451 781 951 33 893 578 585 339 448 611 331 599 272 948 742 760 505 211 827 227 861 118 118 464 813 323 215 183 723 662 323 199 132 601 860 401 676 107 313 400 414 929 19 768 553 950 164 145 931 962 575 551 56 384 435 171 638 737 111 415 879 691 331 491 735 263 870 65 299 235 788 1000 272 352 949 141 883 424 291 936 937 476 266 60 311 840 143 276 746 207 356 116 675 322 133 98 629 433 412 504 820 70 575 478 839 443 48 177 4 28 535 968 350 673 704 174 775 960 810 320 778 568 786 207 53 431 634 409 908 145 140 544 
148 149 976 559 443 543 95 855 951 514 830 302 173 696 341 909 628 371 965 488 411 973 860 641 478 52 213 224 210 814 995 556 810 193 634 367 39 529 437 902 113 555 190 146 529 897 478 197 563 948 810 489 145 509 967 409 447 901 514 335 167 268 960 970 468 792 103 905 594 308 794 970 741 93 949 551 199 20 454 257 462 462 637 7 536 618 265 69 151 648 413 412 330 753 972 545 29 976 320 727 875 781 393 496 316 837 298 260 632 680 269 892 670 357 883 724 677 664 535 698 266 8 638 753 775 288 310 850 570 167 125 815 443 802 213 657 986 373 75 923 636 876 120 113 716 291 855 462 917 7 152 21 833 715 123 116 467 11 199 892 981 252 339 46 571 493 726 615 442 972 721 130 813 943 623 818 700 119 836 197 501 922 0 742 90 751 436 797 328 310 625 693 93 574 943 243 736 817 745 961 472 909 522 930 566 311 41 481 171 907 520 362 699 28 867 31 22 511 544 230 835 189 122 309 16 427 762 287 599 922 352 120 724 126 708 740 264 60 670 600 749 357 478 695 177 646 385 84 652 325 467 84 806 645 824 836 266 820 454 764 697 850 40 393 769 370 411 361 873 454 595 679 154 301 468 365 908 937 401 667 396 299 285 782 676 666 859 667 229 621 637 414 277 562 1 289 390 184 705 647 622 659 839 582 508 340 954 69 131 543 971 533 457 298 155 559 575 893 206 806 490 594 440 445 746 662 852 144 86 798 370 799 712 457 191 763 229 676 120 503 843 551 714 134 178 846 439 197 103 799 998 761 177 382 802 814 97 71 90 309 5 617 664 167 529 48 686 18 658 759 328 587 469 695 952 775 640 424 718 379 866 661 587 318 730 731 496 881 347 528 663 990 383 329 766 767 495 929 404 780 806 161 815 777 588 238 894 363 8 420 718 13 695 792 439 143 855 755 180 753 251 835 399 64 689 324 820 8 990 188 157 67 23 51 54 331 944 439 20 833 145 663 562 847 207 348 910 346 14 894 606 553 931 48 703 564 979 580 944 137 950 995 93 702 205 445 121 89 416 72 541 238 143 803 937 776 842 554 42 43 943 709 183 243 89 708 578 497 102 792 398 94 641 412 5 50 815 712 850 558 
330 737 9 246 832 522 3 25 125 106 452 48 931 971 731 478 48 939 733 814 203 38 72 144 682 594 234 614 671 744 835 374 524 831 261 811 464 645 605 26 151 572 365 144 176 370 444 844 455 587 99 104 481 557 868 684 212 388 611 409 575 172 217 392 225 404 954 257 253 885 53 980 132 919 836 699 350 104 800 861 844 407 822 607 383 130 504 849 264 60 334 587 464 218 127 492 32 598 155 398 656 438 433 150 198 283 149 191 968 424 877 809 855 18 229 209 48 335 47 645 257 847 452 663 322 328 275 718 823 252 999 634 837 187 879 997 688 741 617 512 81 371 963 12 990 218 476 397 752 868 100 203 901 665 696 441 662 450 22 65 900 138 222 974 976 220 182 316 474 357 311 437 788 54 663 555 970 131 256 394 849 508 493 192 842 989 22 521 488 711 401 984 561 246 213 654 600 941 18 729 498 330 737 434 728 588 838 254 209 698 931 894 127 430 816 557 252 634 60 446 321 478 983 857 691 746 387 850 744 395 887 9 78 395 989 787 161 305 172 878 172 688 655 399 829 676 463 829 64 843 272 755 352 890 114 828 884 944 382 625 551 842 665 808 705 680 536 798 447 920 301 349 946 603 60 811 632 548 210 524 445 929 610 39 721 68 85 860 63 328 197 255 154 516 553 434 861 119 716 879 627 978 142 808 632 19 306 744 262 322 846 420 706 137 923 765 839 422 334 892 407 928 109 501 97 569 929 7 708 358 240 817 65 480 529 615 86 359 814 542 262 147 847 3 927 870 605 988 288 351 443 366 370 20 858 373 133 79 792 691 413 178 704 695 978 56 765 37 692 906 83 933 655 628 871 467 139 461 964 166 571 662 397 194 713 531 828 932 491 751 899 106 76 421 389 459 102 887 349 194 735 825 940 910 94 632 811 813 715 536 767 450 198 559 890 759 328 261 724 63 386 983 258 604 299 790 241 88 17 593 634 767 67 497 768 862 708 256 886 962 94 672 38 943 196 966 5 127 292 923 951 548 487 674 742 598 522 109 297 817 500 361 225 260 931 820 344 931 545 23 436 609 828 661 519 416 995 77 369 724 246 501 329 993 341 844 705 69 97 497 622 927 975 573 793 790 477 748 675 957 
133 39 642 27 902 204 723 738 860 18 341 853 445 869 279 73 509 523 740 867 631 297 7 779 724 673 87 35 707 368 116 249 153 881 364 226 379 342 83 96 996 399 785 771 241 472 697 579 624 859 643 742 415 112 768 735 880 65 495 937 279 825 733 158 946 249 957 894 993 808 92 141 248 759 388 538 387 939 78 939 916 574 280 54 545 219 317 871 341 376 363 142 989 628 499 275 648 131 785 141 273 913 430 673 635 235 555 420 703 64 339 566 294 979 941 892 5 448 225 223 523 297 628 196 59 864 427 758 402 375 658 236 901 686 459 306 704 936 685 283 741 84 890 701 854 621 73 638 276 644 529 359 858 447 671 638 729 824 205 433 19 725 797 809 982 452 5 37 801 471 191 867 746 486 343 711 246 416 635 215 439 676 822 764 836 594 542 954 771 869 215 768 620 208 726 242 615 869 578 791 620 927 956 979 348 136 149 666 209 712 708 529 997 454 190 486 255 192 926 190 262 634 128 270 699 233 835 514 804 647 149 452 131 730 513 844 416 513 66 153 634 645 556 769 13 762 765 729 894 843 167 172 250 922 79 70 344 61 597 176 604 91 947 149 12 705 62 249 586 371 207 425 896 298 753 303 729 455 95 65 512 521 65 934 295 671 394 199 609 162 115 245 420 936 708 741 952 802 234 444 367 753 137 393 56 316 530 892 857 750 59 659 848 871 341 492 950 576 25 415 467 338 876 789 840 683 147 580 994 568 778 911 2 813 405 965 952 969 292 453 656 447 133 436 296 553 954 625 790 331 187 881 988 875 444 333 448 428 829 935 752 765 145 129 694 319 218 287 197 755 76 199 946 312 687 964 22 320 76 953 634 59 521 85 476 604 621 317 977 107 761 243 48 615 702 896 378 444 225 35 473 772 400 610 173 729 413 985 553 728 357 145 165 698 116 389 953 36 936 679 208 340 858 817 787 305 868 182 670 350 592 613 751 897 282 810 603 335 942 840 80 813 974 307 100 605 983 172 496 184 410 56 485 353 417 70 822 226 96 372 358 156 596 198 828 303 442 975 760 618 16 551 837 1000 705 539 405 487 334 272 87 996 984 29 66 116 773 948 226 552 306 222 194 634 242 688 238 567 976 280 
506 568 598 797 851 773 200 10 26 603 988 837 587 147 917 516 345 62 851 658 469 880 722 764 4 548 635 366 458 110 653 56 970 542 429 799 292 371 885 599 799 513 562 921 803 327 741 60 473 972 688 32 662 10 745 390 814 789 617 341 810 486 99 268 987 275 745 784 256 57 411 929 674 79 588 891 388 381 118 209 354 417 726 681 404 392 468 978 781 358 916 71 130 893 821 343 990 790 283 958 642 916 672 450 314 531 89 102 991 830 824 52 964 766 739 980 101 109 848 832 585 849 279 991 872 704 798 394 646 931 419 313 562 741 468 19 595 990 105 947 277 918 71 448 726 591 317 273 431 727 339 910 500 148 34 452 709 763 196 364 170 450 396 735 310 229 949 334 908 653 984 445 33 688 484 154 103 532 987 476 786 655 952 108 912 534 249 512 96 771 423 35 415 259 328 452 832 91 484 866 918 453 574 369 463 875 665 149 449 216 495 499 353 775 502 206 644 734 493 541 976 231 17 547 979 459 898 774 620 632 272 288 25 500 998 919 628 951 936 839 30 248 924 209 991 325 141 286 458 172 690 638 551 473 962 248 963 745 800 202 413 798 955 836 505 747 528 455 74 637 782 859 620 440 449 469 832 60 965 748 62 848 82 166 940 965 922 8 604 217 810 384 294 67 625 852 626 301 704 349 441 408 605 513 214 508 644 323 555 708 801 919 358 522 217 206 921 603 350 38 694 108 91 187 799 610 947 238 58 825 270 79 226 603 408 834 823 693 975 66 316 16 605 360 255 50 626 69 230 145 400 9 409 264 42 157 666 424 508 805 486 609 560 123 239 215 13 470 639 381 971 491 992 125 398 115 700 549 134 448 494 784 365 391 15 425 106 831 848 305 925 571 702 951 939 407 489 202 322 818 614 689 411 525 719 798 764 17 9 10 248 516 63 501 951 763 492 125 919 516 525 122 571 82 907 455 931 733 221 420 152 941 782 302 515 631 101 275 64 154 183 237 399 526 225 902 603 192 192 542 718 633 166 402 947 55 658 727 70 329 183 490 211 625 476 806 289 463 627 716 989 655 644 199 160 961 453 109 762 289 806 549 87 343 364 29 217 375 283 816 518 564 857 739 715 711 365 256 996 30 
444 69 403 422 742 981 656 598 666 599 847 437 328 73 111 406 648 337 286 676 388 939 281 686 402 825 565 914 442 699 975 191 924 159 348 144 827 885 248 621 472 543 240 849 427 153 107 285 497 606 484 668 229 143 567 776 945 747 734 146 370 95 404 346 13 826 640 715 961 155 145 570 592 707 377 842 853 991 669 984 107 279 667 771 360 179 181 49 767 277 251 181 66 901 148 961 293 788 756 412 154 380 234 116 545 211 835 1 253 722 340 338 799 912 590 366 123 447 866 985 302 744 251 647 166 16 848 788 903 666 584 255 643 809 908 197 73 655 739 285 648 243 848 943 34 726 158 580 938 738 768 632 525 829 600 55 851 521 248 640 722 928 955 438 797 169 16 326 794 635 269 52 467 93 423 56 721 791 95 772 264 547 153 648 23 993 950 129 189 395 726 440 985 740 358 213 113 486 779 453 573 827 741 442 445 774 349 775 456 292 770 986 820 663 678 700 123 870 801 588 252 869 305 207 329 938 593 138 901 154 5 517 423 147 764 72 411 39 714 985 366 271 969 642 210 817 829 585 344 896 723 488 566 422 954 33 523 184 393 140 351 389 749 349 142 328 911 402 936 877 565 816 146 30 375 384 965 268 806 672 905 173 181 95 88 146 240 542 202 183 54 411 802 57 555 608 318 23 247 146 474 79 967 838 719 994 948 224 310 422 183 177 484 413 812 424 476 383 422 212 436 302 612 968 150 741 976 358 507 422 657 622 35 227 135 221 158 257 345 910 110 988 333 906 660 875 554 742 446 193 355 453 427 380 32 585 261 303 654 391 503 362 333 35 538 220 85 864 180 816 969 219 354 42 805 670 279 77 57 548 826 829 478 995 465 372 190 222 544 456 906 48 954 625 659 473 228 407 862 805 220 784 383 398 950 426 430 858 556 148 567 732 518 795 362 204 167 967 649 188 2 235 193 797 551 537 610 653 994 368 542 516 832 640 287 762 641 220 504 728 520 742 321 992 672 603 563 964 544 500 190 239 768 403 850 247 600 508 967 429 333 342 504 997 480 666 127 4 284 541 730 167 820 763 539 101 421 496 841 553 374 452 372 139 833 45 967 764 175 78 82 622 200 151 8 317 92 971 489 78 
399 640 840 972 892 851 312 973 79 342 564 137 408 696 954 335 351 624 287 725 905 132 540 950 632 857 786 967 827 237 645 149 84 286 142 805 571 282 233 387 484 880 796 58 694 216 90 134 292 118 181 496 643 371 92 912 339 982 677 381 823 533 220 146 286 732 665 229 77 251 329 771 980 358 588 7 475 284 990 948 753 159 259 866 269 622 44 849 236 937 668 845 515 16 522 777 86 907 437 219 509 296 723 520 593 520 483 81 151 121 278 471 987 372 529 948 916 712 179 527 365 175 455 777 46 861 175 572 270 489 202 421 380 155 697 252 709 653 121 329 225 124 655 676 972 254 871 892 770 358 737 209 762 334 448 400 71 100 378 629 740 240 301 819 961 578 529 947 544 116 727 980 797 8 778 889 287 356 442 83 814 354 540 912 886 546 861 890 259 400 359 182 619 351 186 650 672 607 162 651 921 224 660 768 73 588 628 917 354 5 65 236 523 569 729 981 333 23 738 973 829 18 629 624 472 87 835 180 981 559 337 120 495 842 237 515 460 611 977 36 202 392 963 365 332 414 26 928 28 445 503 969 337 892 184 683 483 771 371 91 463 338 137 193 721 543 328 802 421 63 142 683 26 351 399 768 447 368 577 45 898 89 495 900 198 507 511 142 19 222 938 293 293 370 595 688 238 566 423 385 642 155 952 172 254 167 117 769 937 821 920 323 650 303 821 229 680 592 374 889 917 513 16 346 546 339 588 842 801 618 891 331 838 147 62 346 480 646 209 875 288 146 911 785 942 435 837 309 939 204 337 468 689 28 519 851 830 6 116 340 751 386 916 665 45 773 308 38 341 296 434 87 840 427 294 847 61 223 198 379 960 102 890 185 231 730 211 681 705 273 230 816 584 564 698 103 80 814 421 76 76 258 128 931 161 829 152 269 52 549 79 315 219 21 778 343 932 599 706 406 119 481 808 929 237 74 491 199 102 385 338 665 76 244 439 85 48 142 343 966 855 654 934 868 526 976 351 543 199 651 270 346 223 657 287 9 937 232 146 572 273 523 484 196 809 217 295 174 985 704 352 328 138 731 259 527 815 896 568 430 844 624 963 110 606 148 519 234 100 739 246 218 184 785 565 540 837 116 69 368 
976 393 859 920 772 494 225 971 803 509 304 569 903 347 469 690 997 368 445 898 397 440 12 694 321 819 857 54 309 759 425 32 255 283 352 379 7 299 328 906 44 997 323 369 548 549 609 777 19 440 870 330 565 749 595 37 211 105 423 912 746 426 871 848 603 900 839 918 65 511 461 353 413 892 175 398 832 704 417 708 819 906 423 364 581 736 192 500 642 974 741 122 753 501 905 81 550 927 119 308 162 23 60 91 506 557 806 628 119 677 334 171 576 388 794 235 251 542 203 651 627 775 804 789 649 659 559 48 111 683 992 967 336 372 323 195 519 795 542 563 492 983 64 21 404 254 410 356 431 206 546 26 400 994 667 840 110 254 400 44 390 364 561 438 261 496 68 214 4 30 570 214 36 153 677 632 919 677 431 519 202 849 282 713 812 856 207 121 195 234 691 586 95 471 118 991 442 843 85 49 662 416 198 950 403 634 536 198 645 258 690 513 213 727 786 341 578 42 417 392 566 182 863 216 716 468 173 971 174 421 330 792 425 435 209 979 611 41 260 212 85 572 71 5 824 702 109 525 502 890 543 762 363 309 854 899 392 105 353 730 441 88 914 938 789 216 636 473 6 309 808 285 489 648 709 819 829 914 888 136 279 607 488 383 60 817 506 79 786 398 676 31 764 579 661 746 244 222 830 927 480 809 403 668 909 96 992 736 204 540 137 642 307 114 217 655 192 55 367 581 225 267 981 328 209 500 794 741 99 278 318 189 657 393 558 867 813 463 601 203 167 383 830 195 249 201 537 668 665 675 56 581 509 720 610 160 90 43 300 182 442 848 627 483 601 511 306 342 852 621 403 697 393 372 593 580 224 937 725 43 875 779 857 891 933 598 323 102 461 373 674 612 99 610 62 657 753 588 267 844 291 534 801 88 140 228 437 280 920 484 84 724 983 506 980 909 165 615 348 660 90 118 39 810 492 120 958 457 956 369 874 704 434 423 322 65 235 675 860 22 638 393 613 405 527 633 980 637 678 438 955 430 989 364 277 830 743 625 223 832 567 940 197 762 422 451 556 246 325 116 420 410 522 75 520 913 463 328 343 378 284 670 567 373 508 315 92 625 465 71 135 119 774 281 323 904 1000 582 814 751 
44 235 362 139 906 992 223 642 554 739 82 715 551 791 839 622 760 426 171 688 900 343 925 120 279 549 0 101 164 148 111 494 274 918 988 650 992 560 248 962 96 966 647 407 841 560 845 696 970 725 404 250 243 824 725 145 386 535 412 830 372 719 951 994 506 506 451 644 925 386 809 958 204 141 317 47 964 9 890 441 882 186 889 640 542 283 366 624 842 537 7 135 361 495 952 373 810 756 363 851 167 569 897 174 203 342 571 765 286 530 927 850 933 858 482 429 23 871 723 560 49 691 82 339 459 532 698 297 539 692 480 932 578 264 0 579 384 133 363 521 506 396 386 484 206 105 681 257 371 279 170 671 656 1000 372 504 862 944 147 926 574 413 613 985 631 78 502 896 499 79 236 11 423 477 543 17 651 719 992 47 974 423 862 663 897 86 831 211 798 947 143 820 984 779 886 758 644 675 430 402 708 329 946 249 164 72 764 945 980 840 971 852 352 732 127 92 40 373 815 452 255 11 328 298 107 60 144 240 362 88 82 880 157 15 80 993 843 446 466 440 862 457 969 313 795 571 550 246 690 67 48 237 408 192 100 881 768 956 245 538 425 789 959 588 144 165 514 761 615 714 998 692 348 187 523 55 525 121 845 485 873 91 328 221 612 333 27 158 864 523 298 165 503 663 358 9 969 952 69 654 994 121 412 235 349 566 793 867 611 518 594 439 421 675 506 707 978 355 959 998 787 147 793 439 271 827 965 25 28 808 227 773 950 515 917 126 38 39 9 327 882 273 623 10 662 826 96 850 340 463 894 849 87 464 635 340 835 850 304 215 673 393 975 665 844 453 378 345 580 121 777 361 191 280 637 850 917 54 116 378 36 729 921 918 969 548 743 916 163 326 536 618 754 277 671 125 281 152 140 206 598 57 454 606 893 973 624 911 317 368 597 230 426 455 82 500 246 182 632 488 774 458 237 223 212 28 732 859 453 716 16 13 513 290 420 75 952 117 183 282 979 481 462 891 951 743 690 830 392 558 794 703 195 585 626 335 838 307 545 802 597 608 588 666 863 80 865 729 330 839 417 762 642 805 163 476 150 293 187 72 329 357 63 203 697 708 22 709 952 562 829 865 466 971 778 322 791 707 717 450 
278 327 377 31 136 449 374 389 380 205 855 381 812 565 121 876 946 16 430 590 54 783 799 379 758 310 831 79 944 452 431 425 698 819 932 834 296 572 831 283 623 152 342 403 288 69 592 69 965 870 949 516 214 323 455 740 476 36 405 183 927 39 412 84 563 187 786 855 290 149 254 116 465 738 979 237 132 531 169 328 173 149 412 829 289 757 592 113 341 430 993 545 510 678 195 672 184 478 147 735 413 430 388 73 950 797 687 532 434 609 533 666 428 635 699 74 719 542 73 877 313 259 370 66 169 816 189 421 699 956 239 820 148 413 508 903 678 806 422 530 522 410 286 194 770 515 317 221 468 347 186 313 132 660 426 415 516 971 719 423 94 665 601 94 907 936 110 950 744 964 558 243 694 143 207 402 231 602 170 199 747 270 93 452 669 15 616 624 967 526 537 245 160 391 851 916 204 401 971 67 38 39 318 531 976 390 843 831 100 801 83 696 504 483 173 662 17 331 791 62 209 403 405 510 550 146 220 254 912 322 775 105 463 975 910 835 212 86 712 123 790 583 396 923 302 4 381 688 849 169 369 63 567 358 890 247 641 176 526 633 145 138 38 665 266 330 440 738 114 127 792 352 58 725 832 202 203 508 415 622 840 521 437 131 769 376 545 880 249 809 12 804 560 625 698 562 795 206 548 1000 167 125 685 26 692 12 5 809 541 99 100 131 296 590 814 935 730 684 970 116 144 351 999 767 668 829 812 665 300 180 122 486 561 456 441 579 563 555 294 293 82 995 594 70 405 900 510 167 452 960 286 504 312 440 170 409 289 184 328 478 558 408 904 836 5 529 68 613 167 675 229 313 167 337 688 118 290 440 945 978 96 109 990 388 467 864 922 624 483 683 390 978 942 500 912 49 620 430 523 450 881 423 286 200 830 475 946 338 583 568 899 923 808 651 33 999 333 567 8 593 993 933 322 992 921 47 377 941 6 719 360 787 362 889 302 980 331 596 342 142 82 49 448 128 348 725 241 885 7 80 801 64 659 163 464 977 332 485 245 918 974 904 573 941 893 279 750 201 386 966 297 465 303 548 348 592 481 88 510 406 539 190 354 723 586 408 955 809 494 512 792 377 332 871 663 51 566 340 250 868 
66 564 842 681 172 909 892 796 273 211 137 613 775 931 269 295 578 374 780 478 951 37 639 751 789 703 707 101 363 590 658 349 590 105 990 530 232 493 422 993 751 342 789 493 491 685 159 591 980 950 968 203 994 468 310 591 871 100 364 18 591 636 497 951 799 481 173 895 353 626 832 665 265 129 232 769 883 890 152 478 120 327 477 739 251 154 448 692 286 88 99 41 469 370 58 255 644 658 86 940 292 817 856 901 870 59 263 95 818 961 4 141 886 752 260 390 860 122 919 737 527 189 759 479 921 470 859 656 385 664 35 445 60 963 641 625 602 712 160 292 9 956 9 355 0 635 774 479 663 946 815 851 994 655 947 653 943 174 114 251 580 742 406 583 655 828 475 274 753 386 989 998 862 953 811 302 373 570 648 853 213 343 868 529 842 92 655 121 116 251 373 20 142 474 23 410 666 641 478 454 731 889 507 331 425 31 176 696 595 482 347 35 20 645 904 985 637 55 741 304 699 675 569 40 351 846 342 243 351 925 539 913 618 804 789 185 210 128 731 143 148 933 215 351 469 62 178 776 812 808 531 282 348 120 640 758 584 34 962 578 429 63 843 84 58 516 43 591 281 268 593 333 201 626 939 566 935 827 468 143 376 49 87 563 945 291 488 860 152 480 415 495 904 790 329 79 252 228 576 629 193 778 823 797 601 869 95 948 90 614 462 981 577 807 54 581 655 564 371 505 287 365 923 745 580 910 149 150 622 961 702 591 485 786 540 949 682 822 209 375 497 887 466 252 8 332 273 405 527 478 255 483 768 996 943 683 347 477 889 295 598 648 94 480 913 389 433 112 360 329 67 583 211 189 83 293 797 318 250 733 911 255 271 780 478 50 129 548 437 49 457 651 588 929 966 544 266 677 117 967 261 530 826 573 660 496 758 627 352 60 758 198 109 308 235 356 835 633 144 280 959 300 244 90 900 909 659 285 482 939 463 638 790 945 941 883 598 858 74 708 98 352 541 415 279 370 993 906 177 825 688 405 210 267 432 289 602 6 133 163 883 771 665 324 669 247 649 77 863 347 482 594 287 706 508 912 713 629 909 80 363 501 578 268 142 551 916 458 320 439 879 908 943 941 512 328 311 810 673 129 
713 56 103 200 105 913 980 917 515 582 731 717 418 937 668 490 806 306 138 274 224 637 94 196 667 978 326 729 727 178 646 452 927 365 424 386 239 566 347 358 407 692 971 923 92 914 308 354 475 278 915 579 675 802 117 127 109 607 878 829 896 440 648 544 850 705 110 166 880 290 805 390 836 335 151 891 995 681 997 559 656 266 18 277 67 108 719 231 277 41 846 623 792 198 602 307 18 8 168 529 703 232 216 620 207 230 877 220 13 291 169 446 589 439 685 717 46 112 500 859 731 385 128 403 521 301 375 842 392 374 632 422 899 933 203 345 630 286 182 454 811 294 188 252 317 828 412 415 605 280 214 366 171 861 20 557 968 147 28 660 520 549 346 611 108 641 623 836 822 85 315 710 547 374 490 715 834 488 432 363 247 209 207 579 140 51 869 857 93 58 61 867 559 655 917 223 494 139 985 525 390 27 246 573 721 520 896 238 941 643 904 608 854 686 533 478 12 950 130 807 402 591 746 597 201 75 141 970 638 862 652 596 599 890 678 111 559 289 17 102 864 42 675 763 413 898 233 902 544 221 216 278 179 802 972 885 704 923 250 809 167 517 457 261 325 817 117 294 70 17 995 136 270 269 865 269 472 599 485 35 72 111 5 644 282 129 947 369 187 699 354 473 461 684 617 290 543 843 53 179 488 909 845 322 235 646 488 935 629 54 538 19 943 965 945 534 422 812 954 585 216 29 760 323 621 31 481 24 77 973 185 139 479 459 45 850 403 707 309 458 673 568 823 923 954 151 5 323 474 409 484 540 539 819 495 914 817 552 959 768 315 611 790 76 519 777 432 112 43 734 149 24 544 329 34 216 586 19 557 947 883 742 236 824 56 318 905 818 446 98 277 699 598 42 398 757 738 975 227 246 335 441 445 408 974 10 545 82 224 121 886 166 442 961 841 878 884 673 720 261 523 835 137 983 911 788 215 127 500 752 317 48 218 931 56 460 696 164 270 795 539 39 369 456 160 386 556 706 776 50 188 13 525 967 740 83 956 615 268 449 182 244 657 62 55 826 215 604 568 0 266 625 653 879 712 750 393 900 465 481 910 81 572 538 473 62 905 375 131 663 475 695 300 248 658 990 429 357 133 397 
984 609 444 581 527 917 916 354 93 239 173 825 339 159 759 84 899 551 967 78 60 674 42 530 706 467 652 766 925 334 807 303 817 692 216 595 178 677 532 777 873 662 857 438 575 667 655 725 178 245 877 444 727 541 714 503 674 270 574 925 607 689 372 806 243 7 240 998 234 92 732 719 265 716 261 47 660 432 810 372 414 118 355 26 547 65 252 902 585 663 877 876 191 475 251 490 937 122 208 8 631 358 451 822 343 254 90 928 641 156 605 930 13 338 451 400 510 824 459 827 678 896 732 898 62 71 404 280 222 118 570 267 966 150 706 705 32 154 695 771 761 132 867 8 840 163 371 600 614 882 936 800 995 350 864 513 693 294 764 449 143 958 746 908 23 6 244 664 474 534 332 99 395 466 793 428 289 179 918 72 187 7 22 371 232 468 282 661 263 83 132 401 29 721 112 175 174 128 62 707 277 968 818 496 39 815 932 250 150 480 176 683 476 964 92 97 967 324 840 685 720 433 513 126 532 81 408 486 202 274 750 665 761 737 848 681 521 956 783 873 616 15 524 670 664 211 791 446 800 273 180 573 603 442 464 51 765 685 187 120 50 575 537 204 419 521 879 207 748 970 466 361 262 832 514 666 811 802 371 400 771 913 653 877 78 346 711 454 594 805 222 416 573 418 132 636 440 414 912 656 707 976 91 379 402 171 961 262 895 182 336 917 342 679 123 915 192 132 619 933 176 822 565 395 334 993 872 684 99 785 553 347 165 238 913 447 429 308 160 652 128 277 928 448 154 568 861 461 658 828 114 322 810 285 796 577 359 952 565 699 510 767 23 944 625 467 39 558 312 56 761 302 506 517 601 915 110 670 441 908 44 74 950 864 732 74 879 431 414 502 705 845 604 426 55 475 218 353 525 585 805 605 383 482 654 472 610 686 860 441 264 907 167 521 298 836 312 656 386 304 376 87 63 363 204 802 263 530 72 289 49 151 508 613 640 249 886 579 57 368 393 500 656 829 340 401 1 57 744 87 401 171 932 477 930 158 82 105 43 321 535 898 989 469 409 949 450 551 300 207 819 69 629 550 825 942 296 655 605 784 979 945 608 93 360 229 589 803 992 562 633 388 293 627 85 25 304 821 754 816 
489 995 104 183 815 127 760 79 443 541 538 631 285 225 258 589 576 891 979 250 649 781 130 577 766 847 240 694 967 359 521 846 686 760 922 894 13 132 743 794 357 376 98 231 943 922 808 209 281 888 511 448 93 3 125 564 865 513 89 993 218 946 421 949 129 460 636 998 936 542 976 300 740 537 346 248 817 478 958 845 676 253 760 742 278 166 632 591 79 800 981 90 917 993 190 50 478 296 310 164 810 906 11 755 203 220 21 326 211 123 469 368 517 381 788 816 552 574 606 462 685 769 59 932 968 865 653 955 524 423 918 119 148 749 255 71 392 782 349 646 790 785 908 985 511 706 975 994 254 762 134 93 701 712 885 193 653 576 635 14 434 10 345 527 229 834 236 477 18 404 946 902 381 225 413 838 452 694 482 515 100 13 675 860 322 505 764 798 394 139 442 177 733 485 62 767 531 992 832 537 761 83 873 481 601 779 471 39 164 4 931 913 831 792 596 990 223 992 839 508 153 265 774 618 678 104 396 447 224 597 379 709 289 923 229 601 290 149 88 373 979 777 649 89 293 455 575 671 532 902 843 305 179 419 407 873 20 653 506 339 420 5 568 109 38 776 659 804 901 838 979 118 128 245 903 89 965 762 457 507 552 853 861 495 509 839 175 376 437 782 523 28 265 339 756 89 998 183 927 411 18 310 958 615 706 459 517 654 833 591 146 520 785 239 207 486 385 471 201 558 431 132 490 392 648 994 498 756 750 902 927 327 646 994 504 147 476 790 910 405 658 217 187 874 143 158 698 370 692 968 682 474 80 489 312 959 689 627 351 236 408 1 686 117 346 563 317 506 51 289 331 658 741 169 920 620 248 590 250 722 116 997 544 100 2 89 777 360 684 677 324 2 20 66 598 927 407 29 728 226 174 899 302 980 591 298 517 362 276 909 53 448 178 915 672 740 69 438 397 86 278 892 541 469 828 838 658 98 355 544 722 555 942 277 762 279 612 443 241 800 785 1 643 247 8 96 632 664 720 93 263 762 562 714 960 173 421 368 438 644 41 540 594 305 983 864 207 742 588 94 291 282 649 710 470 815 751 630 354 105 230 551 966 565 300 552 929 844 262 548 614 612 485 831 85 667 659 695 358 271 
472 235 250 637 992 301 989 311 353 241 574 501 543 30 534 385 338 427 450 308 999 757 932 566 286 586 998 960 640 325 307 336 964 607 540 638 326 711 740 864 43 432 919 188 304 3 672 409 822 834 986 354 818 524 897 39 788 658 503 447 495 462 208 496 899 517 409 792 670 171 773 295 268 892 749 221 947 181 938 648 917 394 209 254 130 372 391 721 701 158 665 910 296 530 188 132 448 365 721 480 851 685 495 592 953 611 208 417 871 836 901 93 504 890 164 731 640 374 13 761 167 743 467 788 9 38 855 141 397 719 18 30 261 108 622 563 177 317 869 870 664 792 687 817 993 567 318 788 89 749 634 634 330 767 70 52 527 588 413 435 941 545 654 808 683 459 916 26 836 354 871 301 887 420 913 670 332 660 965 36 659 446 476 299 829 377 882 384 33 458 503 715 78 194 867 710 479 554 26 134 675 886 967 9 661 721 962 164 392 342 794 827 359 961 20 275 215 972 862 872 526 679 777 482 194 743 351 738 571 336 985 935 9 270 335 963 932 808 607 187 317 996 429 600 712 801 6 41 413 290 143 963 47 419 851 87 712 851 302 105 835 657 136 840 162 285 324 257 6 794 847 318 544 322 775 480 139 360 397 318 896 871 480 445 561 662 997 223 345 668 938 100 156 941 344 790 445 541 41 865 824 427 304 325 330 605 67 156 264 170 241 222 870 563 913 76 404 634 442 106 676 500 381 304 438 220 249 524 124 145 841 20 744 208 948 536 252 108 624 144 950 291 858 520 812 711 227 579 305 508 46 707 211 605 68 28 740 41 287 522 596 143 796 608 248 110 62 500 377 384 581 338 737 929 508 985 56 565 806 245 688 271 664 280 586 117 331 566 498 689 819 517 732 488 398 171 121 809 789 156 362 966 239 130 429 415 900 480 504 408 995 662 439 904 722 458 880 809 340 332 589 744 28 279 427 633 468 322 894 470 180 730 373 86 514 728 564 205 832 493 886 136 139 239 850 858 113 399 154 895 635 649 689 234 321 815 55 167 650 791 487 400 879 24 521 870 541 924 150 698 720 29 426 35 779 859 786 383 85 498 719 766 673 828 525 358 146 132 694 138 970 354 154 149 674 878 436 453 990 848 
733 994 292 985 385 745 107 273 893 200 624 561 263 475 489 674 98 811 389 792 9 258 370 612 345 0 726 845 559 537 168 637 632 385 380 679 314 623 510 188 426 853 720 180 972 582 65 613 561 711 43 899 515 929 519 583 161 374 909 795 114 373 428 886 298 681 52 736 727 152 723 404 979 381 625 17 141 946 632 516 251 427 661 4 630 738 526 695 805 686 399 839 160 531 379 701 504 433 189 435 714 233 811 378 684 142 95 290 635 832 719 27 527 301 407 50 765 627 3 567 679 566 805 900 752 558 256 183 875 512 124 727 536 109 372 261 248 494 543 438 300 945 151 989 856 984 558 268 281 609 368 717 7 819 725 79 729 366 907 694 767 835 269 242 743 90 212 291 229 693 308 654 202 737 456 840 513 376 314 740 930 635 180 576 974 89 260 863 587 84 649 657 773 840 611 701 515 545 983 783 216 548 318 744 790 326 464 645 609 924 832 787 515 781 83 123 812 220 156 419 973 108 260 340 470 118 63 123 923 918 810 60 299 916 137 591 462 540 764 327 421 937 845 331 772 398 503 144 917 159 107 805 2 1 764 260 518 395 553 759 911 370 676 746 841 290 277 726 545 341 277 562 604 224 35 146 923 363 988 139 937 824 363 852 857 140 946 636 764 976 366 0 923 706 422 653 942 290 45 402 909 587 477 263 542 668 441 58 802 108 400 722 864 179 834 706 477 726 126 955 145 155 15 548 151 60 363 797 975 119 430 238 634 229 251 470 908 679 737 439 682 287 679 906 849 998 569 368 199 83 819 62 240 3 290 404 824 898 249 363 152 398 250 311 445 876 889 624 243 478 638 17 493 148 230 917 312 434 446 755 924 576 445 589 297 433 538 556 740 631 150 751 854 313 248 790 511 678 126 665 362 835 332 284 1 700 318 115 673 135 238 662 9 280 722 128 592 383 117 295 43 912 3 128 737 905 279 638 714 337 707 826 349 86 17 504 179 440 722 870 181 273 342 717 749 172 546 877 638 478 888 303 282 138 388 365 900 264 145 45 724 48 675 22 544 720 821 421 781 314 265 706 575 405 479 724 733 11 572 657 570 563 222 275 349 372 492 232 696 283 401 718 973 437 817 728 796 408 814 418 
246 165 236 48 441 290 822 302 489 682 904 968 52 502 196 271 466 679 56 720 221 976 909 362 486 413 940 496 504 269 322 580 546 369 725 474 26 752 445 869 508 121 886 73 789 283 500 671 791 818 118 13 845 344 949 666 633 51 233 960 716 697 387 757 90 207 906 74 20 943 369 701 917 549 967 738 431 926 972 88 609 87 665 893 305 656 435 589 956 349 767 96 45 371 795 841 464 844 660 876 822 85 861 420 185 275 387 274 7 331 647 580 156 535 314 677 165 213 780 613 577 502 794 614 750 23 785 365 211 822 610 941 190 556 514 839 990 865 474 137 786 886 982 667 271 539 193 842 111 849 105 935 168 282 696 28 441 949 928 229 298 928 849 481 926 749 647 226 54 293 38 338 609 520 120 199 859 125 986 248 948 833 829 575 867 665 150 858 492 606 691 407 294 322 442 23 221 204 563 554 845 220 553 488 127 641 19 93 4 816 304 99 686 973 938 490 967 698 785 694 154 883 486 937 53 591 715 661 683 948 612 420 374 865 949 646 57 24 995 644 445 633 792 308 589 816 953 336 435 687 157 567 648 533 686 46 503 229 295 373 551 171 588 235 520 493 610 592 480 829 636 756 733 846 603 125 120 208 68 729 541 699 185 598 437 388 916 450 291 519 897 262 893 316 810 814 361 440 920 802 950 812 737 33 585 442 102 411 271 216 557 810 832 222 401 923 425 951 824 299 581 290 30 912 974 571 825 982 357 335 805 19 612 4 34 745 32 557 95 676 421 45 943 38 222 246 903 978 359 793 556 729 706 593 431 787 136 879 128 651 828 142 969 679 621 990 104 791 657 313 179 912 623 92 615 0 421 16 541 42 503 465 691 747 929 956 867 252 338 267 609 571 228 567 555 565 483 30 838 856 240 40 20 450 734 222 57 436 318 435 488 627 682 288 48 852 267 982 455 401 464 533 669 624 570 3 342 62 503 346 360 370 554 604 763 640 531 658 547 419 478 244 62 847 307 101 523 13 834 473 282 981 869 918 791 994 490 406 908 47 117 245 777 808 797 750 832 529 762 400 491 295 554 751 236 157 209 49 715 224 251 795 912 100 42 688 17 565 408 447 434 417 46 73 302 883 707 285 117 346 
718 792 917 17 956 423 0 799 379 712 746 946 83 347 993 539 141 267 360 733 901 681 933 909 718 155 364 110 179 945 493 666 494 78 611 484 393 26 757 425 798 317 831 894 470 291 377 838 289 802 422 669 995 706 250 645 370 717 872 910 707 27 315 239 115 750 514 504 367 235 322 427 31 176 351 780 170 885 290 409 335 521 770 400 58 740 453 716 243 837 144 89 944 935 103 132 541 365 819 664 760 393 931 67 613 337 652 31 123 948 937 291 368 423 985 429 62 629 470 185 219 432 266 170 322 484 302 84 869 19 804 838 467 436 629 411 861 631 451 527 674 650 486 870 763 586 751 777 65 581 529 939 104 574 330 188 641 997 984 251 707 389 731 307 42 837 182 165 692 298 851 136 958 638 816 133 155 730 621 348 741 473 265 538 770 909 903 581 625 812 289 998 708 339 580 67 972 218 141 402 779 275 463 832 972 958 313 902 149 955 329 834 671 734 249 714 311 122 884 133 930 249 429 268 196 772 562 793 376 24 87 942 905 899 713 629 184 149 599 730 745 891 168 438 243 887 987 71 268 690 234 34 176 367 616 327 215 901 923 529 275 99 610 198 11 277 641 415 978 257 875 430 391 562 725 153 948 825 28 548 907 879 60 721 318 449 243 26 883 856 497 726 547 212 331 654 748 835 848 533 304 340 14 547 37 53 625 116 791 78 838 471 262 485 55 132 719 836 564 337 473 451 314 405 469 698 175 430 962 703 145 434 675 281 37 446 291 775 204 271 252 258 475 853 410 815 95 718 120 976 146 115 509 217 909 891 472 878 286 819 565 291 848 743 376 325 771 320 20 654 912 423 389 243 871 318 114 545 354 207 580 559 749 380 723 767 472 291 866 128 412 528 650 21 309 887 288 780 677 608 432 956 990 411 513 826 851 426 790 541 751 126 123 850 18 392 316 886 277 290 353 988 696 160 692 137 43 670 865 446 108 129 915 991 980 37 687 540 291 148 514 709 412 344 780 855 365 303 539 647 961 970 72 538 162 249 587 818 122 566 309 398 746 537 343 926 941 858 718 434 576 262 667 946 977 81 951 729 979 108 214 249 666 267 196 109 821 844 581 656 715 878 220 714 150 84 754 73 463 59 
469 386 456 384 207 437 695 657 845 71 606 159 735 987 352 964 590 379 329 380 710 575 73 388 892 610 45 224 602 849 904 691 894 77 920 823 283 984 216 598 596 973 419 473 724 569 636 245 608 180 615 260 242 628 18 313 318 745 898 223 863 592 238 689 983 808 51 428 220 591 814 647 517 534 353 513 326 435 457 232 208 621 209 768 815 161 487 420 219 247 30 1000 192 877 13 852 405 896 630 883 585 667 399 883 326 546 457 668 495 306 924 894 419 920 637 896 569 508 614 453 69 342 89 54 190 328 638 363 254 35 812 115 607 227 227 154 589 932 66 296 517 998 553 879 395 538 957 837 369 457 137 339 279 949 529 279 509 520 914 945 598 767 276 205 359 987 298 494 490 268 114 910 271 905 594 633 468 577 979 660 618 377 180 952 146 659 232 467 595 358 343 543 567 381 119 110 295 766 954 108 104 414 98 484 454 282 979 239 890 969 819 282 483 312 169 590 315 800 588 473 24 597 302 513 412 752 437 456 632 577 667 314 168 559 874 173 388 880 505 677 806 440 12 991 13 373 257 608 952 212 781 889 150 778 808 294 943 34 693 386 68 953 280 19 581 644 237 884 867 203 167 148 496 736 138 174 750 735 439 458 872 310 412 106 184 346 323 423 544 800 503 357 206 335 693 368 564 440 420 227 651 446 58 727 222 797 899 184 439 121 779 726 922 849 826 500 346 676 944 944 544 141 156 108 34 849 388 281 358 545 916 793 50 749 545 484 241 902 288 805 957 311 819 516 178 645 222 245 395 825 59 440 535 603 769 548 3 454 335 67 282 467 451 601 881 907 396 562 553 263 995 516 35 998 762 107 458 75 803 184 989 852 526 908 371 155 762 189 976 109 7 652 692 723 658 367 232 99 549 790 350 289 85 824 35 877 116 834 715 766 723 349 952 629 638 442 896 602 521 490 917 572 468 273 61 312 753 28 114 471 499 766 278 17 883 849 977 220 775 265 168 198 995 44 506 664 287 570 68 899 962 332 788 915 967 623 228 66 229 399 134 618 867 111 207 689 542 988 485 640 840 380 19 942 284 815 551 167 230 60 842 672 868 624 700 290 868 905 427 671 996 377 32 967 610 83 147 266 764 61 
987 658 511 572 594 651 479 851 358 908 943 175 654 444 243 92 272 99 667 756 865 312 484 40 876 775 594 844 596 769 732 362 869 147 519 504 32 425 584 805 202 964 12 648 737 184 611 173 582 376 853 188 646 235 47 61 609 700 623 63 940 832 106 457 724 264 849 271 613 684 408 585 803 501 518 568 902 897 406 580 154 82 674 837 252 623 600 840 456 238 428 413 447 81 280 856 12 199 139 551 837 357 575 578 90 118 91 137 586 209 953 96 501 621 698 777 582 571 589 282 513 797 988 923 525 473 339 242 811 410 389 133 492 794 210 217 564 224 182 555 324 148 967 36 49 627 791 49 256 780 914 859 509 88 560 533 993 301 144 768 854 347 533 768 869 632 660 621 559 458 778 514 181 692 301 59 439 437 737 773 492 896 303 258 752 39 537 708 558 4 781 183 314 681 178 747 67 350 548 544 948 853 718 837 392 828 628 225 801 527 695 684 738 309 449 616 806 478 733 855 587 941 430 429 845 646 951 4 496 800 597 391 242 568 159 466 199 351 198 171 768 444 586 542 416 483 338 380 874 742 378 487 827 967 757 269 708 456 353 755 130 505 310 322 496 365 409 736 553 508 455 205 92 89 829 521 176 183 887 486 862 373 737 27 470 981 454 625 571 92 154 113 375 541 806 164 243 230 246 761 136 448 693 332 357 239 172 779 829 112 136 842 26 133 702 524 604 0 200 341 818 825 945 106 398 384 85 607 348 785 849 51 974 793 888 824 150 371 118 273 601 704 413 8 93 263 509 25 357 692 486 180 812 711 601 302 689 393 745 200 838 566 316 234 573 739 169 127 432 946 108 773 562 39 284 199 681 481 859 163 384 862 455 820 705 404 97 85 936 751 88 103 718 543 756 778 566 690 294 772 673 615 145 801 258 983 903 420 619 760 668 184 41 885 941 593 185 683 839 43 417 452 547 399 447 692 908 973 994 425 826 485 836 80 791 609 774 329 208 321 339 836 551 858 94 122 368 726 86 611 760 461 697 253 242 325 931 730 779 971 522 112 160 979 939 348 492 585 699 723 904 50 299 284 34 987 328 886 374 516 339 918 610 619 361 752 585 558 52 486 638 107 776 727 73 531 429 818 13 393 
899 379 790 628 912 669 294 581 467 476 36 63 344 746 491 773 845 351 473 438 444 795 88 188 234 752 426 548 412 113 743 624 191 796 489 979 356 750 45 250 49 716 851 530 344 732 197 683 34 833 378 433 695 701 407 852 320 862 459 923 673 61 864 999 281 212 399 216 564 280 492 69 406 48 709 652 145 281 0 712 783 690 834 889 677 71 679 735 719 708 430 690 53 204 433 26 343 750 748 419 358 516 140 584 150 68 197 278 416 371 101 246 377 865 532 511 511 796 610 160 327 562 188 508 746 488 547 718 225 830 490 387 543 652 222 48 80 715 242 67 958 567 733 935 126 793 401 886 117 803 912 69 854 288 98 419 116 434 879 142 137 231 477 330 44 832 951 858 671 218 833 455 27 987 430 904 89 484 432 368 84 757 226 278 310 318 226 993 211 903 677 626 844 290 498 341 936 911 934 194 572 327 506 831 653 215 896 827 345 346 801 574 300 732 826 692 431 905 522 725 425 220 628 545 189 282 818 883 788 450 334 599 858 310 660 988 582 269 814 783 772 232 833 130 332 996 596 247 891 281 143 93 814 520 397 379 559 889 952 345 415 624 443 646 738 583 350 897 12 582 54 969 863 23 704 104 664 724 901 138 985 749 517 478 683 5 341 508 419 705 853 188 812 580 75 898 706 458 756 476 668 827 60 981 129 566 165 831 396 477 427 774 247 417 469 875 915 294 73 903 261 570 383 438 273 463 791 329 954 298 313 647 650 641 907 847 215 487 393 85 113 987 733 609 920 817 346 77 953 673 351 994 63 560 400 543 733 134 218 29 526 508 868 12 156 762 594 103 473 284 656 939 221 564 364 795 501 271 698 264 5 808 753 965 924 765 691 732 194 413 258 59 245 139 499 86 877 571 664 999 305 823 576 791 294 267 536 112 606 306 193 848 646 626 383 674 500 483 385 321 372 222 458 637 60 525 281 4 600 960 125 670 534 75 716 504 342 852 262 211 94 264 109 326 200 725 912 928 611 177 232 383 728 300 824 256 968 114 40 566 660 74 481 300 927 410 597 66 646 367 849 417 560 550 635 808 324 401 932 528 575 284 107 839 64 819 287 344 259 737 40 538 692 906 536 908 63 585 575 658 
595 693 444 920 57 304 597 322 977 318 47 821 957 579 554 222 346 659 618 894 26 733 431 543 323 866 717 752 210 394 693 158 167 496 625 81 64 737 156 422 779 775 224 599 686 109 704 215 468 891 654 673 420 822 819 844 928 623 581 571 929 150 108 223 617 816 267 226 389 34 434 640 61 974 953 444 862 724 384 561 286 507 399 969 735 232 982 399 717 959 232 829 727 979 349 611 130 560 611 815 998 685 221 663 936 465 684 360 34 363 718 614 127 639 967 369 281 198 186 356 735 167 479 462 794 187 821 924 519 759 229 768 400 387 899 591 788 742 651 946 33 280 768 874 419 940 323 769 518 696 423 421 823 481 34 764 345 682 732 874 76 670 36 903 673 309 460 654 90 823 32 280 66 585 403 451 906 291 226 337 124 46 707 117 30 411 585 857 106 949 734 437 343 223 352 695 230 772 348 242 635 42 932 368 218 397 512 55 290 558 189 55 881 810 663 397 767 754 653 548 826 395 418 783 888 817 993 270 978 466 863 929 363 87 54 978 931 526 396 93 823 552 982 651 163 694 953 320 966 404 227 220 47 569 56 962 134 750 240 885 544 875 935 836 366 349 784 884 913 377 747 775 423 116 535 730 208 609 192 80 728 845 39 422 719 727 968 751 22 650 1000 22 601 911 234 383 531 766 377 892 866 24 206 499 487 93 94 10 876 517 721 342 688 187 110 35 313 751 815 912 254 632 820 600 951 115 358 618 787 277 211 357 625 537 183 603 497 543 97 886 128 159 121 785 726 235 911 194 76 483 21 888 270 648 899 580 453 401 536 246 730 274 313 364 752 241 937 806 741 580 288 589 290 861 302 621 98 472 254 63 624 155 671 524 53 944 43 660 73 17 745 254 58 611 678 812 726 863 84 234 245 39 17 349 424 21 840 907 624 421 215 730 83 736 726 878 561 745 543 310 321 64 846 620 871 101 516 955 838 460 531 925 749 412 240 515 978 444 714 123 930 970 210 561 207 457 929 14 717 836 310 894 535 920 61 72 477 217 708 832 210 578 594 52 579 166 529 667 359 686 286 6 721 897 663 169 728 946 580 501 193 522 408 944 412 336 576 329 285 600 992 516 789 361 548 476 702 366 754 361 
507 42 119 480 679 394 609 284 596 23 787 418 320 811 962 898 802 243 879 644 409 372 680 838 766 264 261 821 918 366 813 88 474 66 241 254 414 126 700 85 994 375 952 836 598 114 165 322 461 31 494 638 532 384 324 542 524 323 477 603 922 969 442 347 593 681 899 36 88 593 837 710 578 386 640 983 941 268 361 579 112 864 597 820 806 955 941 54 898 333 925 232 911 714 335 495 809 302 951 704 723 881 188 142 550 0 196 317 681 626 698 422 229 802 755 483 564 309 640 117 785 856 856 242 182 448 454 458 892 973 388 474 243 431 149 227 879 80 858 857 493 829 261 804 849 262 206 51 682 590 566 302 230 157 481 945 871 217 575 525 2 238 229 948 678 634 705 954 356 900 299 594 136 88 772 946 795 999 838 876 563 45 886 919 604 872 833 992 802 271 54 680 194 961 101 974 542 855 846 787 509 974 175 57 876 51 149 881 218 989 621 763 206 601 667 697 695 701 562 497 258 508 465 907 796 55 851 698 951 148 567 281 81 669 462 693 821 878 245 264 172 789 895 446 507 226 194 306 693 694 134 5 360 240 714 966 852 835 266 795 142 941 388 483 121 449 979 286 611 140 742 870 388 16 286 556 333 837 644 174 277 505 787 731 206 367 706 559 813 143 79 848 321 410 828 966 670 653 693 391 524 847 363 691 194 176 914 223 294 511 449 968 322 89 152 845 656 263 44 537 333 86 392 222 571 14 313 288 753 850 347 867 796 299 751 779 360 663 791 129 675 23 298 280 594 422 701 738 542 898 361 242 167 971 548 480 528 998 150 864 38 430 689 174 155 855 547 353 441 680 406 244 573 320 660 553 469 38 115 753 838 136 452 300 85 585 725 531 106 471 842 665 776 392 305 185 85 758 817 993 343 599 451 502 915 200 120 855 589 207 818 714 510 645 913 92 509 135 177 830 615 35 206 444 595 909 731 920 779 322 323 997 17 304 131 790 892 370 578 423 552 608 897 265 476 194 688 895 705 532 412 682 536 433 577 107 939 362 414 32 89 475 826 614 932 638 11 784 302 335 463 117 576 42 265 316 314 432 626 739 304 641 237 221 345 294 337 74 595 512 143 759 310 516 231 310 946 996 980 263 
926 173 913 909 133 374 280 753 452 478 345 716 57 46 513 900 529 474 956 216 208 453 580 845 973 434 713 97 598 957 67 911 164 347 966 61 845 31 904 453 931 944 836 92 510 812 569 297 239 500 167 351 417 706 194 397 825 709 889 398 981 91 647 592 609 76 834 578 122 43 833 810 497 109 929 972 699 697 290 442 371 861 546 308 781 9 898 76 483 357 751 630 658 281 912 754 756 882 382 870 708 616 385 753 655 10 810 875 307 706 446 800 983 354 285 666 621 627 483 840 923 255 323 124 171 61 239 896 595 148 65 998 982 773 863 221 721 421 614 585 422 145 300 370 173 978 45 806 703 666 858 305 981 409 414 49 116 435 17 423 655 765 180 664 289 924 896 893 101 26 37 74 785 957 442 756 888 75 351 216 464 299 53 262 512 374 228 137 827 24 444 132 141 319 696 992 770 230 667 941 192 482 218 195 257 441 658 413 547 293 191 551 820 81 855 954 498 783 654 780 277 515 681 779 826 520 806 767 992 501 372 382 168 283 689 799 118 349 432 997 550 979 948 219 38 65 60 140 650 87 685 366 687 950 646 173 221 109 875 701 890 371 637 297 35 40 69 723 960 933 937 662 471 320 793 974 770 899 402 370 410 168 756 981 792 936 189 720 534 89 529 814 425 393 394 857 480 905 154 722 560 176 201 934 344 400 469 684 413 404 337 717 391 941 14 193 860 960 402 507 80 688 519 523 736 250 420 82 652 809 823 960 35 298 398 201 171 827 118 225 197 336 279 370 871 713 581 853 384 627 682 77 127 215 748 268 247 207 248 843 258 423 986 141 290 200 461 565 331 787 594 792 896 34 638 497 4 616 939 182 651 681 453 940 948 467 174 184 888 831 346 723 910 351 674 478 496 197 984 43 964 178 122 116 762 580 922 857 761 998 815 124 124 920 723 843 5 804 206 334 65 570 557 773 245 297 845 567 118 963 952 69 181 710 738 603 461 766 891 282 731 42 308 570 969 81 840 468 506 787 920 976 791 902 682 565 871 560 922 508 730 847 682 628 673 40 433 467 589 794 400 256 487 445 933 551 296 28 332 656 952 452 240 335 984 54 409 638 211 833 66 746 183 764 658 56 997 415 764 264 
387 286 713 818 868 732 953 569 116 185 71 341 930 840 691 912 569 991 685 279 218 4 692 349 265 877 199 246 688 879 362 876 476 928 455 717 763 884 309 797 682 462 161 306 794 935 700 782 61 426 686 765 284 650 118 306 653 523 358 162 543 31 679 819 506 258 293 472 366 809 593 629 54 300 245 579 817 472 542 447 119 105 982 25 545 515 134 864 837 827 628 960 469 748 666 117 375 991 998 761 122 550 985 474 341 442 694 927 212 727 321 977 184 299 632 438 349 438 899 975 67 804 628 603 623 579 421 571 413 371 583 328 783 611 916 294 800 822 363 385 488 609 896 244 211 39 598 214 956 285 615 860 753 558 702 645 303 930 72 362 732 870 223 912 663 428 285 311 662 258 340 57 3 932 954 467 341 463 581 884 786 146 464 661 740 969 22 947 177 85 858 522 881 132 682 636 776 250 538 490 95 993 721 227 577 650 306 219 459 387 651 511 299 538 180 458 787 316 760 316 699 374 43 993 841 430 91 228 213 217 360 544 685 149 87 747 455 293 719 940 958 951 561 109 393 993 341 735 127 800 389 982 483 788 794 88 58 30 224 113 439 564 815 752 451 113 678 605 817 316 302 185 533 172 359 132 309 22 407 185 250 380 826 537 143 188 588 411 525 871 92 564 731 276 681 734 104 179 678 162 328 32 679 874 166 6 531 919 510 786 728 306 1000 66 700 751 645 791 721 2 180 459 748 633 368 274 913 386 639 977 857 410 856 745 886 704 448 536 433 672 864 573 650 741 286 966 911 651 197 222 257 584 477 930 942 159 276 300 419 32 888 336 740 238 589 735 798 919 361 660 913 837 240 455 924 237 747 853 871 57 245 447 834 552 739 240 629 744 105 79 996 505 598 363 35 319 129 133 933 452 781 215 892 175 337 416 274 790 159 135 407 615 40 910 60 987 738 733 883 788 69 649 235 959 22 13 170 488 613 129 574 629 619 488 720 935 363 920 38 55 384 892 937 595 148 90 926 800 897 570 754 564 929 825 56 796 516 148 919 91 965 761 89 828 971 710 179 196 882 655 101 70 43 992 720 490 266 860 864 572 749 144 742 624 810 124 166 412 788 934 723 634 595 790 19 117 716 475 230 413 
823 906 507 909 675 722 162 904 865 181 666 544 38 689 355 463 398 881 188 559 983 88 283 29 372 872 487 114 313 502 459 216 357 987 988 817 969 106 840 642 370 485 367 370 861 974 588 868 169 642 729 567 191 396 360 177 941 546 459 785 300 783 292 822 214 391 46 649 408 447 449 857 928 962 91 969 565 767 727 995 783 800 8 264 977 827 536 656 518 547 820 244 302 518 508 160 804 205 325 630 73 584 953 735 221 386 782 4 241 850 456 531 501 682 33 260 267 679 164 653 922 655 221 932 394 336 819 657 242 646 853 480 841 32 590 252 64 754 902 89 318 357 851 418 903 554 953 349 358 865 622 893 963 837 599 280 928 203 697 561 994 550 236 21 976 417 380 225 781 867 655 255 440 764 732 11 877 335 910 245 613 630 531 521 762 292 599 322 867 128 957 9 355 682 563 851 89 849 167 930 40 454 751 869 246 999 241 285 364 36 113 223 664 963 991 352 676 192 769 301 735 865 59 680 475 407 39 778 814 539 247 8 500 593 330 162 4 376 799 438 329 708 31 303 374 957 503 304 230 32 816 760 128 700 126 795 387 961 279 132 613 72 53 580 697 668 710 852 128 887 273 443 187 159 508 257 426 785 381 92 752 243 813 73 31 998 120 722 3 84 728 108 778 691 999 81 65 442 933 392 469 36 178 28 698 458 368 141 289 726 333 50 344 169 314 823 585 550 479 292 842 634 730 565 866 248 725 938 578 678 984 310 173 321 950 569 161 460 156 107 696 257 870 66 237 774 610 508 480 873 244 915 341 123 618 669 993 466 358 160 995 409 265 267 210 146 46 757 562 788 577 557 337 227 652 743 851 513 419 716 922 702 96 985 20 231 790 596 633 890 927 301 160 11 756 423 512 822 176 885 549 257 82 436 956 425 91 163 413 95 39 193 334 456 668 459 879 659 494 290 144 172 274 848 172 910 519 471 945 833 183 954 253 841 167 81 756 479 396 123 991 244 530 884 269 646 460 808 587 321 865 511 747 63 728 773 112 196 833 419 442 256 577 47 523 437 752 751 231 518 649 299 466 769 196 464 514 709 485 231 711 70 910 407 428 913 400 383 928 645 139 226 898 406 342 811 762 708 256 788 
949 428 538 889 982 603 491 58 502 148 903 766 153 60 422 953 322 731 269 283 457 323 336 792 363 621 298 602 655 603 414 789 859 646 683 976 363 739 504 471 556 822 340 468 255 709 80 916 372 335 669 965 221 395 324 35 496 118 325 612 930 872 159 555 335 940 180 664 455 440 477 647 114 524 162 81 419 45 418 643 961 261 233 261 851 834 235 379 497 468 514 407 292 397 89 767 670 471 501 680 939 429 403 697 102 212 463 865 881 46 437 282 367 970 318 795 63 641 453 56 393 150 772 405 807 268 694 203 36 684 577 51 10 18 47 735 492 787 182 223 283 912 140 149 809 728 437 37 371 727 711 478 173 448 334 460 70 636 247 913 405 962 732 178 262 542 755 979 84 544 137 587 288 127 518 598 263 242 553 912 790 2 378 703 5 415 663 136 125 545 237 121 707 673 235 139 133 867 597 198 429 34 803 142 345 824 385 218 24 283 332 112 975 400 523 851 842 393 901 822 970 517 164 759 831 696 371 686 564 885 604 959 578 766 923 866 82 982 288 388 777 943 651 705 980 583 494 873 73 28 385 556 195 164 456 925 79 216 558 271 512 909 548 214 65 778 129 96 73 982 343 170 576 203 792 252 809 239 820 871 836 234 910 754 300 938 904 709 908 477 685 526 861 524 118 715 448 30 281 646 426 966 585 997 395 914 351 810 791 429 743 326 441 360 906 437 337 506 526 904 938 891 860 697 112 321 299 178 912 276 658 401 118 976 401 457 453 112 985 652 572 224 95 278 65 497 469 281 891 248 641 334 241 692 197 462 940 902 358 971 160 172 463 181 409 884 169 426 274 525 15 127 459 901 143 836 631 668 655 850 838 726 392 619 942 406 436 552 708 231 116 815 897 918 366 885 682 837 385 489 163 323 414 346 894 572 359 553 614 28 147 112 624 300 339 305 682 264 292 730 708 493 56 848 263 603 699 277 857 930 793 977 926 40 398 513 96 894 571 856 315 749 193 741 461 748 361 438 547 245 867 705 871 17 522 461 447 837 767 118 311 230 36 413 189 820 520 525 633 291 222 727 713 994 104 612 499 739 492 880 417 217 464 117 776 133 659 387 206 960 469 516 420 910 843 117 83 127 838 883 
25 657 560 681 243 482 416 396 689 778 432 348 416 391 749 376 954 676 564 95 658 213 34 404 801 353 994 910 557 527 596 479 697 613 649 924 367 133 330 951 292 609 401 693 99 700 632 464 229 914 922 930 414 756 27 309 358 31 521 336 400 979 53 35 875 693 832 306 65 954 471 624 182 332 606 931 166 705 607 934 304 160 574 521 754 290 342 251 441 652 164 94 199 39 173 298 3 941 167 775 958 522 622 699 724 544 303 216 442 444 572 631 461 823 482 896 499 593 304 622 656 324 505 216 346 528 909 900 775 569 3 877 69 445 819 559 752 268 78 247 74 865 225 209 428 417 348 414 744 910 722 291 253 504 990 150 357 288 295 977 382 845 419 20 44 541 257 522 850 518 277 714 843 30 598 585 606 961 103 929 813 613 486 803 253 338 595 441 356 665 518 244 4 793 4 502 126 821 3 664 930 344 547 300 378 715 404 382 669 712 107 427 249 13 297 443 374 660 377 71 343 262 237 580 887 20 871 982 706 712 709 34 236 226 945 71 860 820 431 637 284 229 664 241 489 255 140 573 431 737 878 87 345 861 573 907 774 740 823 47 36 732 676 358 402 138 485 370 390 374 380 613 936 386 958 297 970 387 416 759 210 269 907 392 467 49 727 640 54 901 994 245 497 874 905 705 150 47 808 723 197 446 156 35 893 499 856 637 767 362 584 58 610 138 329 993 690 511 444 913 152 368 760 339 11 281 973 213 412 143 104 240 305 291 919 101 572 297 235 412 522 565 15 177 663 888 237 84 409 661 890 630 624 377 206 409 504 581 539 693 530 753 234 396 465 453 382 605 221 214 774 818 106 856 905 92 604 336 279 992 826 140 568 826 737 492 913 769 731 933 813 245 55 107 364 529 99 741 393 234 380 990 711 259 750 810 162 499 782 593 342 591 762 579 858 225 948 435 557 664 912 867 637 514 80 4 969 666 38 775 716 271 280 831 438 606 574 561 356 182 376 455 107 828 579 467 546 238 662 599 163 636 586 420 320 7 401 145 805 704 13 336 565 520 715 123 573 929 740 274 847 944 868 974 256 947 269 265 241 420 995 438 982 947 508 781 33 874 262 71 870 230 379 266 527 816 30 213 40 167 
267 241 930 763 368 393 53 482 765 873 399 259 696 935 581 540 222 132 626 657 592 407 740 996 176 225 992 478 145 618 247 510 488 254 30 781 106 996 294 943 564 544 529 168 577 518 469 413 692 365 180 847 658 843 70 206 96 449 901 835 60 845 405 401 533 871 53 10 286 862 882 876 627 145 350 486 159 916 97 485 556 928 116 679 91 549 202 561 977 658 405 451 351 737 685 813 290 830 462 532 210 34 344 712 599 979 802 277 831 91 306 564 772 521 322 768 726 815 445 60 254 372 136 661 72 828 10 121 772 249 159 701 690 628 726 815 943 683 98 793 387 641 8 907 844 376 3 178 215 98 399 782 842 799 228 785 108 983 746 867 852 483 984 81 511 995 573 693 828 243 200 493 655 802 649 398 739 110 895 204 191 901 455 619 227 591 889 26 898 487 150 453 479 488 195 921 383 19 444 250 856 750 497 419 370 889 561 556 494 340 444 524 128 516 659 242 66 886 790 743 388 35 328 946 117 918 268 648 962 594 646 197 486 783 709 52 98 869 972 533 302 619 399 927 375 935 453 372 433 220 274 343 423 198 767 7 312 529 255 259 881 808 966 351 187 125 612 154 65 218 616 713 873 131 782 570 288 644 633 125 652 529 213 560 251 668 256 212 896 233 29 640 776 77 925 533 753 562 296 104 948 823 864 723 680 177 495 538 131 92 243 755 189 66 341 563 549 645 637 266 721 720 946 740 300 468 439 329 319 998 464 788 761 701 183 193 57 443 8 712 921 729 237 426 50 303 669 34 110 838 149 550 0 184 881 731 922 64 501 682 317 893 650 843 333 480 916 192 97 990 942 354 524 400 557 580 617 668 973 45 26 692 54 333 892 909 817 384 388 299 681 99 842 970 837 809 256 388 153 726 341 495 898 701 254 275 303 475 231 4 569 43 156 625 811 705 406 868 467 910 20 236 880 631 151 453 459 34 488 490 314 527 898 612 905 409 22 910 50 53 565 226 330 441 588 445 727 157 949 815 342 864 802 957 829 695 405 958 371 330 84 457 635 747 765 862 328 188 596 522 899 14 552 618 344 123 532 115 422 347 49 560 730 930 0 711 19 659 544 98 412 539 783 620 442 709 898 52 286 574 
729 644 233 926 790 22 872 457 23 405 12 559 660 221 482 955 758 958 553 86 314 932 1 396 506 43 516 505 432 956 897 93 346 872 466 312 71 334 981 573 123 692 972 204 149 541 658 236 76 768 287 395 482 547 773 794 905 297 20 470 538 476 607 79 682 361 417 450 867 752 591 151 740 83 743 107 256 29 421 211 61 394 228 210 160 276 686 104 956 940 484 287 396 446 434 452 744 841 849 703 508 444 355 473 236 723 163 229 667 481 691 403 842 148 45 106 939 232 547 486 837 572 797 273 227 338 80 574 157 244 549 877 249 843 873 71 452 317 634 774 513 699 834 84 762 179 183 7 602 343 20 787 968 950 587 193 984 709 686 151 977 866 700 168 773 466 381 363 480 560 269 890 834 926 350 856 427 684 821 523 665 913 734 754 906 780 498 260 351 252 0 424 133 781 356 854 308 348 982 255 638 837 410 808 710 116 0 278 356 707 469 449 18 865 489 212 10 851 3 787 340 890 393 6 438 42 629 870 674 365 287 988 621 315 745 506 431 630 255 757 381 353 130 445 146 879 683 133 216 137 833 45 950 599 718 918 103 721 502 683 695 421 853 50 465 598 406 534 369 328 520 447 766 796 254 636 882 226 350 519 326 251 464 992 884 936 154 605 743 316 64 229 944 397 599 274 794 881 441 521 381 166 122 600 362 649 543 170 831 1000 134 888 390 600 405 963 135 226 579 553 949 736 275 655 836 853 654 801 671 377 856 641 472 651 213 193 632 9 680 249 356 77 143 199 363 476 740 216 336 469 308 647 60 21 901 754 172 79 964 178 729 294 580 388 866 547 856 473 914 958 80 72 709 292 742 957 578 352 233 922 896 527 903 569 965 539 527 717 772 704 150 732 986 440 113 406 604 321 347 350 358 788 370 731 585 80 293 329 455 677 960 801 952 477 905 805 207 77 105 736 233 688 861 543 260 374 236 392 139 842 922 205 545 705 3 337 209 194 851 864 629 515 147 459 724 393 37 556 578 559 531 19 407 123 423 133 726 138 624 407 750 496 940 860 653 789 75 362 962 203 33 609 628 753 565 195 595 895 750 927 677 435 140 341 859 936 926 859 666 348 453 554 332 26 648 739 973 40 188 59 
873 702 976 415 978 846 183 408 505 530 661 382 458 581 522 541 782 418 712 782 593 968 18 125 114 321 791 890 97 957 996 488 824 199 297 700 765 659 328 725 109 666 134 979 737 242 409 327 731 134 660 593 318 893 714 199 940 477 655 530 969 10 574 242 221 244 409 152 928 776 601 506 745 172 508 182 418 804 691 601 72 887 119 22 244 924 22 542 309 758 728 321 517 3 204 236 970 840 11 235 218 850 479 773 782 369 863 204 87 918 924 89 302 131 331 212 82 251 341 374 137 808 578 409 895 442 81 533 285 683 792 732 719 51 687 24 697 328 756 623 12 625 584 250 688 37 852 919 979 905 804 559 561 509 232 503 555 67 624 905 529 202 588 502 356 469 785 909 752 637 86 632 570 385 809 375 402 353 94 729 444 817 997 623 720 202 129 871 235 961 126 865 609 21 856 149 723 588 935 496 755 858 934 436 358 149 557 72 597 458 66 639 330 469 413 368 617 128 947 428 48 174 166 118 143 527 983 176 285 77 687 439 855 905 216 396 809 312 566 973 667 394 911 633 130 908 918 499 168 975 795 439 509 191 64 91 100 414 802 70 980 538 958 873 192 419 990 865 232 589 381 146 81 245 144 146 568 961 172 61 584 254 206 943 58 359 947 424 491 883 28 118 831 588 391 13 969 337 488 431 855 391 843 90 748 864 469 865 701 907 839 755 893 904 655 947 50 224 394 131 822 406 918 854 482 760 455 395 733 445 147 628 6 375 746 7 91 283 236 860 640 848 722 406 146 828 410 114 862 603 566 55 640 177 765 651 801 45 280 589 385 339 810 640 227 874 399 112 431 435 945 829 506 933 369 787 986 38 298 254 994 225 396 78 349 555 924 138 734 833 215 216 464 288 167 212 782 902 607 593 293 734 991 365 701 249 21 958 839 548 360 823 956 656 310 707 47 104 817 329 821 264 985 191 216 727 801 688 876 322 242 819 882 686 560 265 492 756 341 53 584 440 463 723 477 777 942 633 956 917 201 608 828 376 261 890 139 701 408 907 385 48 929 519 963 242 327 477 547 573 730 616 203 521 479 391 458 101 472 881 433 953 789 524 562 774 525 233 943 714 788 846 838 127 47 621 794 583 985 693 
913 996 338 415 854 799 205 758 755 754 149 772 455 59 827 254 13 445 46 487 558 960 550 58 635 619 707 446 992 792 685 868 157 12 944 779 578 526 260 465 202 583 537 390 257 829 428 76 936 643 754 63 908 522 606 312 750 287 736 978 240 134 364 459 491 347 940 932 174 802 889 836 83 527 550 289 944 139 453 480 933 410 999 801 593 195 888 562 350 957 715 944 937 933 70 561 287 264 763 731 423 481 339 555 252 965 960 323 292 408 526 224 763 506 453 938 274 509 7 207 313 272 977 89 919 983 586 15 279 374 397 711 517 126 267 258 295 217 914 314 294 126 380 452 559 338 362 302 630 237 358 730 72 499 440 467 145 614 78 349 460 408 482 42 889 588 698 853 488 213 236 323 634 441 786 241 806 532 592 8 145 353 549 293 198 178 432 614 340 694 405 658 164 53 58 436 451 322 9 96 641 790 836 97 273 497 233 831 342 650 818 961 865 434 949 902 834 761 457 886 357 648 254 458 42 226 777 49 61 445 967 39 61 282 911 272 285 622 232 873 615 116 920 26 604 489 333 965 552 658 252 610 292 814 788 254 989 407 558 614 542 716 884 673 297 595 221 413 663 758 39 832 209 738 463 866 72 842 389 12 340 911 241 195 222 460 786 275 115 719 250 820 383 660 523 96 750 358 523 670 558 962 851 646 846 197 939 599 960 681 754 368 45 352 258 608 404 242 73 983 689 133 666 231 367 782 256 147 647 907 269 236 534 594 211 627 99 381 135 259 95 676 773 558 169 662 297 214 747 885 51 750 1 370 364 658 130 92 667 923 191 348 367 92 813 963 173 197 281 905 425 297 7 505 669 957 192 754 295 903 110 469 195 574 119 193 712 949 651 247 159 681 503 840 118 701 823 686 483 326 174 234 442 326 77 425 91 708 315 613 251 601 584 714 926 824 765 614 862 428 572 645 244 474 389 235 167 785 487 138 909 769 296 182 987 305 765 955 627 180 103 994 651 157 698 180 548 976 941 556 327 1000 493 669 628 561 564 571 915 712 9 882 389 435 159 870 727 544 657 549 274 582 233 195 50 783 190 887 727 616 363 792 580 385 472 93 890 9 10 978 3 820 146 139 271 797 962 52 126 311 
675 85 816 574 287 707 292 315 26 701 810 848 973 703 354 303 40 40 432 713 457 119 569 820 295 91 107 240 899 284 353 791 890 824 579 111 155 308 807 84 442 339 798 577 751 625 353 858 248 493 341 572 425 375 713 179 470 908 756 233 681 404 805 266 306 656 521 659 133 733 182 312 872 366 765 723 308 703 771 547 69 222 843 125 785 918 690 257 848 265 631 786 403 959 785 360 250 362 882 751 30 576 44 237 284 204 877 433 648 970 548 871 794 951 714 312 722 68 674 112 855 154 362 265 480 641 630 123 835 795 486 772 178 905 930 533 609 871 283 97 562 763 897 916 962 976 181 419 588 107 165 214 931 441 601 389 252 451 775 826 450 436 839 546 757 603 471 732 637 263 803 434 635 324 930 845 128 710 627 70 378 531 303 181 524 251 49 198 520 889 970 100 265 58 994 103 699 821 506 787 236 537 703 801 14 862 227 576 155 781 113 693 694 993 703 329 833 831 642 692 804 476 307 753 716 533 589 387 859 876 41 38 943 745 580 80 596 816 78 528 616 403 199 40 414 625 308 596 182 984 157 231 736 469 17 275 515 702 39 354 425 169 419 822 889 180 437 201 889 33 69 670 113 142 659 269 692 198 78 234 907 277 433 433 186 546 487 471 439 887 967 328 963 701 436 286 198 797 294 160 872 726 385 287 621 291 788 508 296 840 255 678 376 665 643 343 540 672 877 960 809 633 256 954 89 447 73 338 834 722 754 776 512 109 812 301 815 181 86 457 508 672 587 484 384 885 973 396 610 409 814 34 744 731 600 52 103 643 644 348 278 817 309 852 711 343 341 406 261 532 663 417 492 99 508 235 264 403 284 218 102 50 664 262 990 176 8 204 878 472 392 406 582 890 906 152 784 909 746 856 804 242 884 956 921 571 108 106 589 937 303 289 398 867 574 691 722 747 571 800 641 445 433 892 246 109 777 333 592 954 115 264 357 31 901 68 45 355 881 608 56 577 359 206 191 214 861 517 368 354 865 604 489 337 44 543 571 624 843 905 906 968 83 516 321 422 533 10 248 415 898 901 542 26 131 8 446 159 712 969 289 380 245 784 465 675 989 773 147 233 495 341 486 607 436 117 100 690 220 757 
78 474 982 485 135 312 943 45 676 438 80 560 427 360 710 279 721 954 980 841 547 495 306 486 959 831 255 95 410 956 635 333 275 639 212 564 174 783 673 809 406 844 918 81 410 911 570 168 427 658 108 676 934 75 233 211 90 555 902 534 358 203 793 282 176 803 717 992 750 635 937 60 955 594 494 164 598 941 305 870 34 5 986 216 795 501 632 302 938 517 824 436 950 755 218 623 823 573 378 101 156 696 426 290 132 765 829 208 231 870 918 935 854 907 775 543 688 884 328 714 775 171 708 876 54 784 108 642 110 970 571 452 326 943 119 678 420 152 671 305 896 146 145 722 333 479 669 645 804 670 548 290 522 743 892 202 938 443 727 716 223 15 264 84 318 813 288 257 203 671 347 228 224 826 294 985 480 381 711 817 562 226 317 536 379 274 272 429 915 616 770 403 980 695 288 347 495 687 462 13 937 576 966 359 599 969 401 989 114 830 487 985 514 699 852 507 713 557 247 569 197 407 447 179 696 723 595 554 646 261 868 224 969 673 392 410 754 482 558 513 488 182 440 377 544 388 103 348 312 117 596 212 652 936 999 959 188 983 795 116 470 694 555 774 78 372 908 60 88 871 273 615 357 656 131 27 492 216 839 570 33 401 65 705 635 272 468 91 430 501 327 827 134 505 976 853 333 854 289 123 481 223 744 63 834 300 674 107 600 326 935 805 135 675 443 979 382 271 711 726 278 405 833 830 409 967 165 613 812 432 220 359 596 884 577 254 984 976 641 196 381 612 99 951 767 380 239 518 950 56 781 412 216 570 370 633 989 387 336 729 490 817 374 229 709 411 710 763 495 690 613 708 71 192 713 765 676 46 653 523 608 484 886 809 267 284 478 610 862 905 450 662 533 490 583 816 719 847 8 503 756 200 358 354 815 331 82 325 987 751 824 465 177 412 542 680 1 551 975 22 166 678 425 709 181 448 926 612 131 740 57 872 430 431 174 822 394 185 134 159 888 177 312 853 730 25 185 584 780 542 714 84 857 5 734 525 537 838 164 344 158 646 506 612 382 27 105 960 290 39 550 533 957 425 553 694 678 466 422 220 422 392 212 678 945 707 926 16 965 364 586 391 364 967 988 957 611 606 994 168 
793 680 781 902 228 943 217 107 736 915 393 578 284 192 750 282 356 573 306 128 761 542 907 493 815 833 489 412 751 218 910 987 100 394 493 9 393 889 107 556 801 710 964 280 963 409 818 574 600 656 982 9 462 18 758 950 439 701 880 748 526 165 621 874 455 785 215 311 351 664 992 104 522 693 412 54 274 557 424 524 658 730 977 656 285 619 387 785 880 883 513 702 940 1 600 912 49 212 16 615 659 190 39 379 319 17 642 654 186 29 773 347 36 529 898 859 961 742 615 768 539 181 478 772 551 195 666 580 864 92 711 427 849 462 899 951 778 505 966 793 84 319 140 63 72 681 153 974 154 368 8 838 979 120 427 540 614 878 513 637 633 970 386 908 523 879 611 757 299 845 557 731 762 690 599 57 874 853 546 855 508 194 616 964 928 627 550 132 201 259 397 693 685 433 626 267 613 176 987 711 8 689 200 136 196 443 761 997 195 957 292 443 858 402 168 390 4 305 200 814 991 172 806 900 757 14 594 387 253 512 80 196 899 973 765 630 152 684 950 428 368 827 798 796 900 28 163 418 398 37 403 729 862 107 109 186 859 35 975 526 52 829 955 636 140 415 785 889 306 504 742 510 268 403 384 68 62 385 201 812 78 760 975 41 749 781 134 552 391 923 477 373 839 805 448 615 114 378 976 484 14 933 676 750 988 29 538 105 102 239 531 330 872 598 700 934 880 902 101 969 233 68 237 915 269 27 249 298 64 340 185 48 594 872 667 232 606 902 291 934 491 223 901 495 900 798 558 353 595 78 690 296 532 197 977 188 50 536 64 522 621 547 537 111 493 697 627 709 937 980 394 707 668 347 822 542 528 57 589 925 891 768 324 234 136 515 483 85 966 63 573 669 145 117 582 583 962 393 450 324 664 941 220 335 856 946 212 986 371 945 297 686 555 17 884 461 702 54 680 785 683 564 685 910 727 743 292 95 707 537 433 815 366 117 957 161 671 61 713 301 227 10 182 232 596 771 599 270 140 475 480 226 488 538 75 679 826 166 392 261 507 248 223 107 75 633 14 218 754 637 67 352 869 599 305 874 889 569 206 571 263 737 413 682 662 830 855 344 728 682 329 906 938 785 319 433 62 420 171 918 
552 494 92 375 536 788 978 510 138 757 439 132 274 559 396 549 573 335 341 55 15 753 325 432 333 715 893 836 116 337 134 499 305 990 928 448 843 900 924 372 722 645 895 530 146 153 547 734 1 108 374 813 811 942 682 480 789 906 692 20 703 35 25 596 673 454 846 487 734 883 11 373 80 608 262 802 20 853 181 104 760 378 637 416 704 398 450 782 416 650 841 922 912 554 916 639 617 412 55 863 98 152 980 468 39 696 231 401 517 291 876 737 261 734 973 652 335 312 160 367 645 494 738 398 3 273 603 959 315 833 627 815 41 610 318 998 446 63 302 762 421 830 501 856 563 848 493 409 450 208 323 154 886 99 985 16 903 347 883 227 635 837 737 409 527 681 991 760 750 664 550 294 564 71 461 551 947 130 10 857 531 330 131 277 584 17 446 207 55 75 93 343 25 153 253 279 134 562 917 702 830 469 448 522 287 206 716 756 972 211 531 318 230 767 671 396 805 963 237 585 148 139 145 259 35 170 232 682 377 802 122 273 388 862 562 168 192 155 877 339 190 763 913 747 337 302 705 489 743 562 675 130 765 997 46 152 239 843 340 67 756 319 161 389 229 733 565 609 396 268 909 25 895 258 896 471 845 812 332 860 732 438 322 669 532 608 426 433 870 922 203 497 13 116 573 961 511 347 173 42 68 896 408 652 100 938 325 305 655 761 516 5 58 838 877 702 398 895 340 311 993 50 110 659 520 841 280 637 910 521 48 547 788 946 561 864 265 406 281 139 444 219 380 154 823 917 709 248 917 274 304 101 68 255 592 358 79 486 164 157 571 837 31 153 326 261 245 968 738 409 450 938 450 471 260 919 187 725 693 161 505 485 86 630 399 125 899 682 191 921 857 52 2 997 576 562 658 195 327 760 972 950 749 247 672 50 910 516 425 196 129 761 318 880 476 720 900 537 37 853 502 434 331 904 598 663 14 862 87 107 1000 651 318 240 99 219 852 761 568 777 741 970 86 235 87 394 328 26 504 495 234 92 366 594 344 579 583 296 207 382 279 273 403 941 321 786 627 900 781 439 512 966 444 199 959 642 56 179 208 248 494 586 267 655 416 1000 538 218 0 457 107 947 142 898 888 523 848 188 169 682 
757 114 917 787 805 179 238 280 888 649 427 459 764 172 358 356 703 246 322 0 575 333 452 696 768 340 461 237 193 194 252 739 74 194 394 920 786 583 888 467 162 990 292 672 463 313 922 497 358 183 883 357 243 336 730 835 537 925 102 941 297 759 505 536 110 161 793 533 334 862 304 525 150 224 161 33 871 60 850 432 575 841 340 164 915 215 416 289 205 978 365 985 32 457 225 527 28 212 981 618 733 944 352 989 830 570 826 183 678 491 208 767 527 113 741 498 942 874 183 973 922 294 315 391 33 144 613 825 716 57 647 623 280 697 303 332 403 91 958 489 311 746 671 941 352 361 268 953 115 395 123 354 80 331 467 475 363 381 798 85 594 141 819 132 650 901 469 130 941 997 422 735 627 169 484 738 304 62 163 797 731 928 580 41 696 776 116 781 313 729 761 608 715 922 84 678 642 944 917 585 824 958 989 490 805 753 467 932 43 986 543 582 314 739 69 812 537 957 519 27 979 59 931 860 736 85 411 548 171 76 868 406 18 502 590 118 612 598 469 281 444 120 447 106 356 519 347 879 933 427 336 858 634 446 247 883 630 559 861 481 662 852 374 656 734 28 848 758 477 893 931 623 830 712 846 975 643 494 864 536 197 532 998 694 696 33 933 123 222 791 959 499 190 193 447 52 221 241 705 806 270 621 976 167 115 526 442 978 925 538 845 411 805 203 61 6 308 903 399 34 647 885 7 269 35 589 424 542 866 452 586 443 661 514 85 777 761 435 84 288 917 62 605 256 810 938 414 835 758 874 76 235 48 325 473 860 217 474 933 793 219 14 807 110 477 568 430 420 313 125 171 632 904 983 401 72 987 822 760 62 238 672 767 613 314 22 32 514 142 978 248 182 74 331 429 610 299 654 164 706 667 386 360 461 413 902 727 113 669 209 96 195 861 686 512 390 558 254 673 450 723 658 629 350 468 397 726 272 724 134 285 878 248 822 59 682 981 743 728 538 444 432 103 498 949 411 925 867 168 365 608 7 428 776 883 486 371 909 54 160 61 740 295 737 974 73 357 404 779 977 156 780 180 355 6 319 326 981 232 859 411 492 518 239 251 408 54 265 346 798 785 766 388 317 469 72 470 174 263 563 
772 709 219 375 262 763 77 679 32 988 221 502 576 149 628 943 191 960 713 218 312 509 377 760 709 381 585 969 732 516 854 329 122 311 56 492 553 16 402 443 853 112 467 352 316 464 457 797 34 131 907 125 534 836 93 185 399 999 441 93 138 429 766 442 678 462 585 925 314 33 965 332 639 847 608 306 167 142 332 440 255 526 519 622 199 91 829 816 314 32 715 266 130 143 749 533 683 43 650 424 153 460 712 778 80 342 763 541 771 122 747 814 656 42 850 79 81 64 680 61 116 650 945 923 160 935 749 344 704 871 233 610 886 779 248 939 190 209 243 303 711 797 272 591 583 479 864 500 869 697 185 185 122 368 350 322 736 299 773 942 145 671 851 130 212 397 948 976 586 521 427 248 211 442 673 478 159 390 20 734 193 457 537 465 309 517 903 324 127 258 210 126 823 420 765 783 649 122 189 12 57 724 169 735 340 989 435 52 34 677 398 855 262 346 601 191 639 218 809 457 172 266 581 271 396 954 740 124 755 718 137 876 328 785 737 369 841 584 974 828 558 30 985 866 89 609 662 799 4 812 565 855 313 415 675 374 526 0 16 999 350 548 412 964 892 315 672 168 125 208 600 618 150 950 878 541 263 982 400 792 633 914 385 148 35 368 686 680 191 314 242 392 766 689 948 21 338 749 628 738 748 735 996 912 141 103 535 511 431 942 43 746 438 845 11 632 1000 537 499 522 604 354 975 519 101 831 163 995 658 935 846 524 141 326 705 575 384 348 678 677 270 987 686 722 912 385 154 182 466 3 760 378 580 620 995 511 199 769 975 222 184 406 860 536 636 413 503 302 883 166 69 440 206 85 878 103 626 868 680 618 978 223 930 739 35 648 979 170 740 266 204 133 204 20 195 174 895 293 318 719 753 359 604 429 162 877 285 385 396 329 152 635 666 312 776 605 324 170 950 529 645 498 330 944 754 938 287 71 87 35 16 412 522 850 570 222 706 914 743 579 870 56 551 809 771 86 505 822 898 770 781 396 308 283 384 11 783 434 354 887 585 388 193 96 752 840 667 41 348 733 152 564 341 415 308 978 659 668 161 511 462 522 668 590 250 914 197 732 338 703 115 223 525 989 472 418 724 516 286 285 
536 45 701 305 614 756 850 475 583 598 955 503 79 329 768 683 517 116 586 568 698 252 67 751 617 610 5 23 900 544 814 788 215 229 728 428 759 422 782 612 209 130 550 840 542 237 183 870 470 322 125 523 756 782 966 708 148 415 580 484 913 829 819 875 511 112 593 519 968 109 522 264 644 36 290 385 207 605 608 43 317 47 121 455 914 984 975 265 281 758 506 476 420 57 57 362 737 643 602 211 606 942 836 19 856 544 522 81 813 144 550 118 157 909 187 694 430 888 479 617 672 561 79 75 763 319 761 899 453 453 953 824 484 594 654 766 273 45 606 461 451 310 657 323 748 62 780 612 933 459 219 308 331 407 850 784 613 432 284 956 987 317 704 838 106 413 132 273 693 182 430 678 248 185 570 598 560 666 106 146 964 568 804 605 806 113 382 572 754 128 304 1000 372 165 247 757 626 35 201 172 866 918 691 216 516 248 140 928 924 629 162 11 184 785 40 158 228 342 208 821 226 975 196 682 804 806 962 678 272 826 834 94 315 14 877 238 508 150 652 444 788 69 634 553 400 136 313 572 402 307 288 684 277 581 621 39 177 413 845 67 697 108 476 153 625 564 120 345 191 571 831 492 507 285 448 963 976 624 76 737 697 452 465 442 198 877 51 472 955 237 877 211 795 501 489 440 438 840 896 154 718 430 750 842 921 60 534 235 222 232 249 601 367 774 218 318 537 284 139 276 422 113 139 960 638 599 717 117 547 41 201 538 413 112 529 300 658 223 308 806 603 835 328 583 999 259 683 915 187 143 579 509 687 251 829 700 930 888 264 64 393 197 640 489 940 648 366 500 315 876 975 136 550 270 576 349 133 545 48 49 637 65 67 430 189 118 485 368 636 165 834 533 684 819 189 795 200 443 764 259 455 109 728 324 408 139 328 809 957 557 470 553 596 362 438 841 103 613 785 938 234 276 281 255 404 933 31 217 76 508 70 3 266 445 222 926 206 444 921 842 706 314 704 924 698 377 800 26 177 993 218 230 213 110 940 843 278 671 380 351 574 360 648 178 940 357 568 721 301 349 552 620 837 631 297 95 139 96 926 915 61 229 545 751 879 77 746 260 344 928 794 807 688 479 691 800 796 796 209 867 
581 117 314 206 577 480 62 51 410 913 729 786 272 710 108 495 764 906 613 263 193 399 939 454 768 935 359 624 166 976 246 668 364 699 831 480 394 728 610 950 572 440 577 628 850 115 900 236 679 788 262 353 5 34 726 745 960 247 521 482 393 22 402 214 544 975 281 388 331 5 576 688 356 935 962 202 150 459 797 633 431 558 569 747 859 137 556 535 206 615 12 859 819 536 87 983 23 832 476 385 195 94 860 599 698 910 115 830 496 256 530 255 134 433 64 156 906 723 539 808 467 790 719 211 198 260 681 308 803 451 887 243 377 383 228 494 551 5 88 65 302 870 197 526 471 42 495 772 362 355 833 791 477 504 918 664 800 514 504 215 22 676 667 193 284 940 261 237 867 692 368 462 75 977 113 235 353 694 821 766 505 929 298 520 43 40 333 997 226 260 107 880 973 224 836 354 695 473 704 779 279 818 955 959 797 236 956 884 106 102 560 339 999 97 52 610 408 172 635 836 503 466 318 742 773 737 411 801 133 898 575 359 656 555 702 826 532 232 417 595 782 93 346 359 215 422 174 536 650 94 648 948 51 183 772 691 149 951 242 767 483 412 519 27 626 414 515 368 145 74 717 118 312 29 246 54 124 80 226 236 128 26 232 225 608 955 803 593 321 262 465 932 460 647 507 338 399 559 826 280 204 422 145 251 954 303 967 162 714 248 9 184 375 736 2 778 248 475 270 708 545 943 265 148 809 607 799 448 314 517 368 744 617 272 943 565 41 997 795 497 726 578 808 86 565 141 378 114 686 413 840 935 760 799 494 273 302 790 570 754 619 781 554 36 521 405 102 291 587 531 20 719 962 401 20 396 760 84 42 481 644 46 232 747 425 541 944 507 613 829 395 200 819 636 563 113 662 478 656 592 66 372 918 931 88 573 392 79 549 651 407 690 386 734 90 182 116 911 534 553 923 561 225 422 959 647 775 667 653 409 316 897 717 155 776 978 156 26 483 626 102 910 484 686 319 337 705 53 833 170 229 957 61 985 989 856 549 302 43 60 619 402 50 923 553 766 320 344 722 647 477 796 11 341 984 790 963 407 377 496 716 127 495 454 770 332 360 481 893 761 41 785 341 706 484 148 360 860 426 912 
894 676 129 607 68 21 231 970 346 399 53 953 858 502 817 222 31 163 795 649 468 715 286 7 522 652 415 593 58 397 699 751 103 306 894 398 529 835 110 173 273 10 453 379 166 323 969 343 725 96 363 203 600 497 785 962 303 677 992 758 371 429 571 704 980 455 221 655 581 804 14 652 32 808 990 342 968 751 137 44 433 405 159 209 211 503 187 485 959 158 409 378 362 213 871 371 154 64 716 726 795 994 384 80 433 663 388 629 978 866 839 462 733 95 993 696 679 506 720 943 140 474 250 455 185 937 571 88 69 295 579 160 208 199 417 320 595 991 720 788 60 248 614 799 55 806 863 487 45 567 942 181 823 992 167 616 458 624 323 831 565 927 586 717 322 97 970 655 879 677 917 27 84 709 923 237 445 428 339 191 795 42 380 457 789 801 358 240 722 297 714 749 765 556 144 301 232 38 472 133 179 877 767 312 751 15 315 89 783 672 705 812 985 568 758 924 848 734 515 344 803 178 869 88 410 306 256 918 713 677 768 843 197 21 971 810 111 675 755 854 463 322 366 347 987 130 751 70 306 738 694 429 830 605 891 658 245 663 885 736 735 963 288 810 695 525 794 570 760 756 815 74 53 395 207 944 319 217 560 464 0 528 788 170 930 112 977 256 894 360 229 507 40 178 168 448 312 893 693 637 905 858 524 314 763 397 306 804 543 758 860 414 875 814 780 739 741 301 815 792 103 961 828 750 207 248 66 750 992 994 819 783 914 190 118 915 786 891 178 403 596 836 68 59 752 230 16 233 34 167 43 701 382 62 214 426 8 925 893 911 936 292 790 400 542 684 704 250 567 915 98 467 501 292 703 538 949 553 984 117 331 151 938 251 822 92 390 838 172 121 729 723 7 869 768 335 342 605 224 407 149 299 169 165 427 370 970 699 572 462 77 757 84 629 218 133 139 533 970 697 646 456 271 19 17 322 23 391 16 275 312 105 227 66 892 12 401 306 437 854 132 588 431 169 859 358 635 113 938 515 221 991 364 248 988 564 932 391 781 130 503 178 460 55 965 516 396 861 905 587 957 920 616 557 681 929 910 506 766 794 109 9 850 493 30 841 945 302 447 706 238 361 692 389 92 776 811 503 864 466 
482 838 779 198 988 328 596 104 763 219 730 776 168 463 629 895 403 640 365 626 526 105 602 480 936 709 688 820 717 560 201 46 691 446 278 838 834 284 811 816 912 68 634 124 551 757 178 635 160 149 992 336 958 99 306 557 323 392 493 612 775 914 409 735 891 514 710 330 772 626 493 282 269 888 523 391 849 582 146 769 765 614 610 652 323 22 357 856 313 477 185 661 647 3 68 340 244 404 556 218 223 444 661 216 302 381 156 587 663 181 346 865 675 563 329 220 326 52 277 992 205 696 924 254 817 975 971 626 681 528 721 283 821 391 766 679 895 454 837 172 297 79 554 914 425 731 437 327 191 568 445 982 443 187 545 161 296 429 442 922 334 542 729 951 587 241 971 196 377 470 450 831 494 785 355 330 189 565 159 712 513 838 663 597 734 769 705 587 133 947 708 832 231 724 972 772 934 696 989 377 703 333 115 30 420 799 492 108 686 385 762 173 412 579 291 448 440 960 428 180 953 943 309 35 765 791 975 597 181 647 518 328 238 147 626 321 918 656 609 729 296 823 34 424 920 509 737 610 309 808 409 86 368 970 822 383 905 650 821 174 773 478 178 715 59 25 33 69 498 87 393 177 440 219 292 991 473 254 593 33 197 630 453 881 703 96 297 661 363 732 628 939 162 446 83 545 124 958 301 725 486 175 28 413 969 799 421 634 670 875 826 978 748 806 853 994 898 618 934 400 619 943 813 955 987 149 787 915 394 863 375 336 661 525 545 149 996 155 164 370 429 124 57 615 393 391 906 548 133 512 97 382 422 804 151 595 235 975 96 765 569 17 668 802 783 307 320 717 447 942 121 318 86 752 275 476 919 205 999 989 601 235 902 756 215 570 617 891 225 489 818 394 30 139 730 285 870 905 295 146 230 720 412 672 183 849 74 968 985 151 814 853 851 908 659 83 705 795 754 198 886 26 378 400 927 351 262 203 364 767 190 813 4 517 218 663 810 889 992 354 412 70 683 430 481 700 804 648 976 937 128 902 241 654 672 891 307 271 869 449 9 549 151 906 477 561 47 151 93 765 473 0 233 802 995 623 921 634 788 766 559 919 616 269 192 354 465 906 658 577 27 450 689 631 730 596 733 528 858 890 
382 838 759 200 986 194 544 867 523 506 681 309 329 620 1 347 923 702 687 746 971 108 852 612 106 848 519 897 982 606 80 24 529 850 545 686 723 522 289 990 520 906 317 846 808 223 69 800 692 227 238 978 172 733 891 480 406 219 652 918 676 407 335 630 136 431 515 255 966 718 281 594 890 486 267 133 874 787 917 747 501 330 963 419 432 655 652 121 831 741 121 941 598 97 131 266 202 135 880 211 877 830 396 622 474 547 206 282 804 617 577 99 819 442 190 168 888 816 117 562 526 507 659 139 438 652 597 785 614 397 822 55 896 849 58 887 402 557 174 733 744 428 133 731 50 41 345 965 688 757 580 605 609 410 103 747 613 49 710 323 138 134 336 297 345 569 192 634 68 818 972 654 851 117 744 135 987 21 112 352 246 732 898 709 55 667 219 148 742 513 462 367 988 297 662 319 683 780 183 425 320 341 789 991 956 672 614 781 139 474 848 782 817 69 258 733 693 254 850 114 37 625 164 983 342 879 71 222 730 833 672 39 60 459 957 213 437 550 217 360 44 120 478 541 96 338 939 438 13 998 729 2 284 80 804 695 130 806 730 476 980 848 1000 651 679 535 445 714 52 567 21 74 115 130 914 191 95 214 116 225 274 505 165 558 165 655 170 134 381 715 658 701 366 156 809 188 170 761 443 908 572 289 743 594 541 570 490 855 303 170 320 709 607 576 63 659 947 678 845 918 59 890 272 744 167 953 461 749 878 554 260 924 576 736 452 902 612 852 517 520 860 52 724 738 506 537 4 642 269 202 737 142 190 20 789 487 436 394 677 652 42 13 312 469 166 948 373 766 404 82 695 134 479 174 351 490 168 145 277 44 843 110 901 471 706 60 820 476 471 116 716 826 932 164 294 109 566 520 742 449 886 284 708 270 813 98 469 520 918 706 336 515 997 138 73 361 633 131 174 463 164 96 421 231 263 544 286 38 687 330 402 551 113 130 431 389 683 511 299 831 604 198 395 786 138 74 553 830 72 47 643 576 98 850 148 995 463 116 998 68 272 67 682 821 59 382 966 611 560 669 194 24 495 105 14 593 332 996 490 864 505 692 37 138 300 375 707 860 876 776 903 402 877 298 601 406 978 618 662 486 
134 365 261 125 625 86 421 853 315 43 322 617 731 952 221 878 126 290 423 167 314 450 640 156 219 827 722 891 897 325 473 631 609 692 189 525 523 792 899 723 307 403 408 607 716 100 565 902 212 853 116 335 91 44 291 400 308 902 142 718 211 164 84 424 176 674 311 93 174 378 362 427 867 802 13 917 287 688 821 423 143 28 943 358 42 364 449 39 919 635 415 125 290 523 538 861 916 272 425 979 517 109 531 446 562 777 23 382 667 455 361 645 12 345 224 731 762 263 471 665 287 635 209 112 480 254 919 974 823 545 358 109 303 799 456 159 442 365 654 721 903 647 596 166 282 855 680 211 984 679 88 196 169 186 721 970 608 626 473 840 895 52 599 570 66 917 2 765 341 2 781 784 686 507 218 937 586 295 530 727 205 754 770 452 770 23 303 348 556 763 158 590 423 927 880 810 851 821 93 532 953 799 859 592 552 152 460 969 332 992 997 827 891 328 264 301 442 278 136 278 832 525 254 532 87 319 632 156 991 744 498 872 645 872 957 203 459 683 910 800 41 239 59 236 955 876 830 91 801 250 379 205 486 882 327 489 582 555 131 183 78 353 560 78 898 676 262 464 235 463 197 948 36 299 603 839 279 762 379 485 445 563 732 13 798 978 750 948 553 454 178 990 986 175 395 117 610 855 976 691 381 203 738 627 86 767 239 668 960 621 868 110 647 513 533 533 352 161 167 315 629 951 233 102 56 622 777 238 380 692 189 782 351 261 450 878 842 24 729 596 440 909 99 571 81 124 685 530 430 835 0 70 634 425 994 846 744 546 239 65 780 851 959 344 161 360 97 265 301 785 16 798 879 767 527 167 507 578 767 278 363 553 268 947 797 564 805 314 867 37 150 104 432 287 390 503 954 511 890 87 857 467 129 912 740 975 718 457 345 397 832 771 54 375 997 426 373 304 204 474 397 15 867 778 478 443 191 425 394 713 489 13 568 669 663 1000 369 501 472 752 522 485 457 833 639 360 209 438 497 26 48 899 637 161 95 17 173 705 569 327 757 513 671 453 428 739 10 547 729 564 413 136 999 139 69 415 716 366 580 380 201 563 83 117 546 807 470 400 466 575 431 923 318 278 522 827 536 206 623 656 
294 311 563 986 877 180 873 397 324 442 138 958 770 275 453 193 171 396 979 468 18 586 487 597 629 182 414 851 663 211 280 486 190 27 816 325 381 29 462 427 384 398 930 879 680 333 0 859 789 957 580 942 782 354 493 962 453 939 445 734 875 787 843 214 573 647 254 9 734 305 725 248 647 35 627 68 193 200 377 238 612 500 264 237 756 67 945 461 409 993 262 158 747 535 640 720 173 658 458 919 264 921 81 949 48 773 394 836 975 282 139 887 829 965 641 61 757 890 359 291 550 262 568 731 561 569 671 392 408 681 380 251 89 303 713 915 566 386 926 877 583 136 970 903 329 103 890 857 892 747 728 730 204 539 501 86 10 983 63 932 230 430 785 368 298 640 285 584 323 283 634 896 446 994 73 566 425 17 439 754 418 349 344 242 25 398 209 43 432 570 386 168 218 67 98 700 688 819 408 372 683 286 491 377 673 812 0 862 481 817 271 334 319 499 693 851 453 597 644 415 95 853 351 510 333 408 953 388 358 674 844 429 890 363 341 388 408 287 613 906 738 544 443 645 789 854 138 909 399 981 859 190 507 938 221 143 893 265 193 41 930 701 492 730 836 384 222 511 734 96 1 843 774 189 785 23 164 17 237 566 787 299 442 947 560 872 892 360 271 473 720 824 999 20 519 87 934 499 408 587 165 463 215 206 569 476 259 592 808 73 893 558 597 464 822 539 328 432 25 608 199 91 331 627 694 229 779 734 132 945 427 78 344 993 430 206 354 727 781 18 155 880 169 173 144 695 331 453 35 176 838 733 264 62 368 842 395 578 15 428 51 847 936 497 601 461 115 880 356 211 129 918 669 123 972 336 60 481 314 104 912 721 207 187 214 224 818 641 337 330 988 682 368 281 855 37 219 975 905 201 93 800 579 942 39 91 283 685 645 280 562 562 929 912 412 656 881 691 862 822 187 500 373 6 91 776 881 716 94 636 233 771 712 116 423 319 637 807 346 604 531 713 702 193 306 403 418 256 196 942 627 554 133 243 429 764 542 696 867 429 778 807 239 183 755 850 326 128 774 744 377 929 883 954 236 975 62 272 612 377 609 315 997 631 362 139 764 762 475 381 655 167 571 956 569 275 873 298 217 41 
570 118 102 300 467 969 26 213 30 326 900 441 862 456 83 509 576 937 517 870 238 548 131 156 881 537 670 516 87 396 644 916 481 981 527 125 130 624 192 537 920 403 895 470 951 479 966 977 422 156 929 20 571 415 757 710 167 845 290 768 979 191 837 291 465 248 153 155 716 147 911 282 718 693 465 385 668 654 507 105 183 697 494 601 587 809 982 665 457 589 923 926 940 970 849 662 289 914 279 251 966 643 330 612 617 179 508 325 914 51 555 566 671 117 493 303 519 656 599 807 139 418 177 160 447 719 729 39 357 779 492 760 216 602 589 14 423 550 966 336 19 80 879 980 380 678 806 613 601 909 716 557 85 555 107 445 382 880 740 889 979 926 768 606 853 876 270 936 874 632 494 81 222 236 149 868 795 241 40 876 392 1 137 877 887 254 202 897 518 327 77 883 775 655 717 127 150 502 528 712 650 433 811 85 329 183 679 631 517 345 202 441 298 283 274 390 577 556 238 456 399 51 609 897 713 5 494 718 484 221 785 514 616 689 755 953 915 117 14 792 217 59 295 15 873 448 988 286 583 95 832 807 596 242 453 232 85 292 362 66 898 733 158 822 884 228 664 188 268 564 504 415 869 123 202 572 619 850 170 974 762 212 619 300 954 607 625 87 272 726 381 575 608 580 93 792 604 102 99 355 396 850 234 23 707 61 404 635 133 786 681 334 402 931 99 103 669 926 514 330 65 107 433 221 503 975 846 82 419 553 643 831 138 776 939 922 647 310 949 268 715 916 998 808 775 670 699 267 167 781 25 61 426 348 287 94 183 844 529 952 951 774 863 742 935 89 532 336 477 512 228 944 618 248 445 706 6 668 495 494 689 564 857 904 903 198 128 681 661 21 105 896 319 445 11 76 32 216 643 145 744 724 861 149 639 511 793 696 757 631 872 301 894 823 893 419 838 932 408 114 100 728 993 15 327 193 311 560 796 696 420 811 450 714 705 536 351 574 638 473 339 810 84 310 495 313 254 825 120 420 803 891 605 492 197 381 939 541 218 656 267 8 165 73 515 355 34 393 128 397 426 618 625 253 419 78 430 311 359 368 986 169 482 96 605 522 454 868 380 466 180 80 15 188 307 663 626 906 484 512 
39 445 381 335 442 807 239 302 358 341 864 937 764 862 538 54 177 477 31 360 381 299 515 45 639 539 695 558 217 48 251 824 295 709 959 833 784 377 517 961 334 78 705 635 297 883 288 91 179 198 535 863 762 652 306 416 566 550 944 966 574 879 670 150 95 622 754 146 88 816 401 725 707 996 206 250 518 925 587 20 214 574 530 64 228 750 973 741 920 695 99 912 357 206 737 410 403 833 877 238 902 911 904 484 230 738 17 722 515 437 316 491 940 275 99 405 820 574 798 887 391 842 1 743 821 427 706 329 864 983 402 585 511 786 654 773 294 119 227 915 504 521 492 43 293 799 219 552 605 884 633 979 633 559 140 7 434 180 802 198 810 382 953 710 60 395 775 360 299 596 30 698 716 465 517 352 737 744 83 957 821 393 72 409 232 558 718 177 26 962 969 271 337 228 921 610 99 655 650 973 35 643 47 328 925 450 571 713 774 587 714 712 987 398 431 138 205 543 390 903 803 657 402 820 134 963 148 449 453 909 735 548 60 603 163 132 480 81 190 557 993 292 557 846 636 808 866 454 109 746 345 397 502 861 567 954 589 774 21 24 220 802 146 878 129 990 115 182 391 757 291 432 89 942 392 438 32 674 934 565 361 276 995 594 989 889 804 148 671 302 128 175 343 837 800 878 344 512 5 934 229 386 250 904 70 873 142 547 779 458 165 923 596 909 179 282 94 504 827 574 736 668 483 265 397 522 712 813 89 13 700 283 508 354 467 727 376 728 556 51 824 678 894 686 162 722 75 388 244 358 434 666 418 491 599 684 908 578 18 205 147 700 942 420 222 801 798 396 818 685 523 45 51 659 522 236 156 209 954 855 876 523 43 778 416 944 108 582 609 105 24 529 255 698 173 826 692 300 919 476 881 474 565 272 923 877 250 597 993 395 965 588 482 468 732 815 874 705 46 676 470 451 749 268 420 967 651 911 51 290 704 181 108 135 118 533 963 963 332 122 216 659 775 982 798 629 194 76 857 91 265 825 7 298 512 178 3 497 478 824 376 911 552 103 748 785 785 68 400 713 146 843 613 879 484 688 236 367 24 981 564 810 607 331 918 938 321 681 317 630 63 836 847 765 713 849 407 748 69 577 
688 819 902 502 495 62 276 403 574 915 374 35 633 876 580 561 698 503 884 458 598 872 218 767 583 593 402 526 252 817 180 176 690 38 341 14 152 666 271 869 5 421 895 376 22 868 739 61 304 861 534 25 854 230 982 302 686 304 780 632 958 359 217 937 768 777 750 290 408 697 212 241 316 278 800 900 824 389 288 783 225 698 784 370 741 823 774 872 259 107 337 408 846 566 489 427 901 435 894 549 254 717 864 54 424 360 244 857 154 570 126 833 255 710 116 932 935 578 3 309 293 662 580 112 742 154 224 482 145 222 211 886 9 990 845 764 575 977 650 924 647 644 110 458 851 524 123 565 311 803 662 308 514 20 778 104 523 994 127 749 975 691 423 713 645 712 820 834 823 502 613 258 972 644 776 287 640 845 235 236 272 271 275 287 110 813 920 918 644 942 406 676 879 779 351 987 161 94 874 444 461 305 230 253 917 214 964 620 429 196 907 402 587 563 793 564 947 703 534 932 799 404 357 612 664 253 521 646 573 146 253 394 33 791 376 484 769 271 555 193 17 342 448 797 997 964 131 695 223 457 9 436 492 638 778 65 819 132 846 349 886 497 48 424 19 216 100 651 731 577 173 577 311 54 642 570 206 896 962 500 616 669 571 870 576 229 481 182 155 301 379 326 540 15 40 486 156 814 16 588 837 20 983 405 626 486 28 264 205 706 506 71 2 578 450 128 611 979 172 555 518 440 927 225 767 342 563 210 864 663 361 899 641 775 203 806 699 66 876 431 605 847 401 627 563 432 795 9 263 719 791 407 259 812 842 15 511 501 506 912 874 219 187 26 545 848 174 277 958 451 795 69 378 958 622 597 514 445 399 818 49 8 504 797 94 806 367 326 233 17 411 329 532 5 442 894 977 148 167 79 308 630 938 314 189 600 922 678 809 156 0 313 323 638 300 977 245 850 981 298 935 815 782 623 15 11 356 812 650 962 525 281 93 105 445 793 393 238 611 243 145 160 725 920 571 956 729 692 478 759 723 308 87 520 398 363 86 741 253 866 9 112 607 558 220 676 266 86 835 50 590 727 555 668 212 462 245 117 795 721 803 768 99 983 112 118 824 874 14 923 87 232 414 59 158 199 10 804 415 106 
607 163 294 127 362 168 603 902 595 558 15 185 93 513 455 154 352 139 411 366 674 103 850 399 586 184 230 296 137 843 949 297 562 131 112 716 734 724 168 450 665 877 952 90 875 45 922 763 862 74 599 202 803 466 358 356 658 154 729 437 225 667 888 324 308 479 194 522 97 406 302 200 678 680 771 8 894 460 141 212 314 535 377 652 248 147 43 776 200 274 632 48 803 355 35 217 884 524 871 720 555 980 233 700 969 94 445 2 297 580 833 145 538 304 641 95 625 887 117 775 966 591 842 850 413 29 507 106 146 353 144 425 299 149 156 22 440 701 91 882 981 759 376 528 473 380 531 121 684 84 584 939 365 935 332 155 331 524 57 516 404 789 341 882 949 540 792 581 887 358 980 698 26 899 493 497 54 961 395 700 18 701 609 587 686 923 192 270 738 407 737 692 682 239 714 500 198 603 368 43 960 863 810 207 142 797 179 423 844 172 251 626 653 46 174 693 993 445 654 938 157 595 52 527 373 625 582 225 3 168 447 424 599 195 523 556 325 833 624 808 164 293 522 11 900 73 903 904 111 375 877 241 522 691 963 381 263 617 896 651 540 501 428 630 543 590 540 725 848 602 439 402 736 993 292 361 760 535 111 16 459 25 377 625 153 543 319 194 660 960 504 160 354 463 437 636 776 52 235 433 776 594 359 332 618 420 794 811 735 229 582 987 306 623 686 255 596 833 584 7 933 913 489 628 876 187 487 202 451 24 680 381 114 314 124 578 246 948 49 230 884 974 611 303 353 822 196 866 700 68 39 247 711 783 34 263 575 805 400 922 202 262 773 931 119 920 478 64 558 309 690 810 213 520 478 997 751 908 872 867 736 934 843 754 897 118 683 932 188 291 868 829 890 212 9 425 342 554 134 775 579 670 109 961 664 14 900 330 726 652 946 2 243 879 324 559 684 528 818 285 180 864 893 750 784 30 395 767 245 321 510 813 417 595 961 657 492 932 402 387 796 693 527 849 826 111 850 367 230 890 965 455 827 394 858 116 841 439 751 201 305 745 170 38 291 95 599 419 951 469 284 412 868 250 639 467 248 75 417 642 600 292 315 67 729 426 592 95 397 812 473 777 951 240 954 149 252 863 12 635 
381 670 860 581 912 287 479 120 935 724 91 169 150 996 341 106 466 908 372 375 449 588 959 321 984 544 886 580 503 986 319 892 999 984 240 336 463 306 484 745 95 809 565 153 344 841 373 44 253 887 400 842 380 828 909 2 170 914 753 29 412 469 923 936 199 280 845 374 269 386 109 332 738 559 227 953 765 855 869 596 87 585 504 236 387 954 447 664 874 449 377 872 596 749 409 573 66 482 13 609 453 601 301 87 223 74 15 903 264 966 550 832 295 475 678 769 704 827 583 823 166 711 863 198 495 470 137 673 471 422 611 461 654 855 853 883 179 999 874 759 639 65 9 215 291 486 831 926 947 101 529 53 570 322 886 70 223 749 180 246 917 842 833 552 652 940 989 580 44 377 563 706 401 673 515 922 683 710 838 894 720 427 786 421 670 717 627 906 120 615 471 434 983 752 722 77 87 801 738 259 130 106 574 558 308 448 113 594 586 960 834 651 716 416 44 134 700 250 3 133 661 583 788 983 617 775 862 266 75 142 150 936 813 975 96 422 457 894 647 915 368 200 482 715 386 218 892 641 456 549 159 202 698 238 745 50 403 764 693 697 762 668 325 223 133 220 483 448 734 713 680 164 868 831 426 455 986 459 559 471 739 998 897 783 674 663 890 122 100 486 648 380 735 21 936 881 206 196 868 809 347 780 874 966 860 534 594 936 528 398 300 258 13 226 513 239 50 580 649 510 695 743 558 525 249 779 29 386 780 859 324 119 729 126 617 521 654 846 521 652 167 176 628 170 591 765 628 481 272 769 417 7 421 82 541 911 391 70 986 349 570 259 900 990 955 744 105 599 740 243 197 604 936 691 602 703 684 842 458 588 448 715 222 519 133 491 911 506 121 860 371 990 588 235 257 679 996 305 686 3 521 356 140 284 400 503 857 94 419 259 123 928 689 519 164 393 138 849 153 346 138 545 15 323 804 856 346 415 332 67 99 679 54 795 91 908 979 341 309 351 544 426 134 600 231 241 207 769 378 584 619 291 127 569 109 482 48 287 47 223 690 861 264 268 913 52 401 822 255 456 539 734 243 943 90 291 707 831 284 853 380 924 19 377 561 799 220 119 358 828 831 488 114 947 806 746 487 762 413 771 
241 729 188 448 419 790 725 227 761 12 568 806 372 415 875 21 916 421 629 491 588 246 512 780 610 413 562 693 512 878 447 10 317 754 0 104 527 721 782 354 281 484 974 556 509 91 245 129 535 214 363 287 326 69 210 65 128 553 132 850 844 467 641 285 404 823 207 962 778 626 489 51 904 524 549 600 326 597 911 602 268 130 474 987 262 549 322 26 538 803 464 321 267 907 343 893 992 5 637 460 174 203 498 602 408 93 236 250 228 808 900 55 480 252 527 11 157 106 666 471 247 677 810 945 928 612 745 712 412 705 601 756 419 307 982 556 560 136 108 235 576 329 687 36 374 392 434 772 763 64 300 621 704 41 788 906 307 498 632 758 674 465 303 157 658 960 96 335 301 466 421 235 243 235 918 810 53 282 696 614 128 354 607 688 922 943 872 719 626 169 192 5 462 529 491 172 11 544 209 875 106 728 134 839 171 423 246 978 485 244 29 327 10 669 457 838 901 126 50 478 456 776 994 567 557 768 697 949 683 997 240 648 275 452 815 756 615 938 487 79 923 156 628 556 4 698 90 724 972 675 379 12 753 983 30 650 806 862 833 570 284 711 625 613 365 383 288 83 216 732 507 239 949 161 525 322 84 489 201 5 819 897 500 121 811 897 239 797 99 181 159 982 976 881 710 717 820 884 588 649 716 277 455 680 837 483 201 544 285 46 771 489 863 182 211 211 909 886 853 926 581 185 403 418 325 856 418 697 310 127 951 346 432 573 807 289 131 48 721 412 881 806 378 328 13 701 722 790 476 590 395 326 471 128 556 481 263 156 37 972 920 886 35 134 637 468 411 754 175 49 294 926 160 525 815 946 792 75 791 911 932 689 877 436 846 242 497 23 591 633 182 42 845 207 677 928 163 849 390 204 448 961 208 652 4 9 919 944 202 63 807 745 992 882 849 991 904 740 348 618 209 80 764 464 603 38 127 494 67 549 882 744 878 968 449 873 684 205 991 668 353 57 457 259 337 203 157 748 677 610 657 204 562 895 671 897 54 558 252 929 539 850 14 838 347 637 571 470 271 914 88 993 15 783 319 769 690 693 634 966 691 430 652 745 813 424 882 705 316 416 317 577 203 497 615 313 624 217 205 669 
817 802 153 914 19 603 918 832 205 288 331 856 612 942 416 732 180 204 896 380 855 973 355 341 693 45 57 789 402 39 242 19 52 449 0 130 893 174 502 103 641 127 636 60 833 315 621 80 901 154 382 129 187 229 765 784 581 159 320 901 348 80 552 16 593 41 507 739 24 851 514 340 49 972 868 310 69 719 931 902 105 635 205 46 615 402 652 717 386 889 938 241 815 638 920 736 18 76 777 702 205 610 850 861 209 691 200 891 585 634 873 308 364 157 412 82 401 163 521 23 232 588 172 54 873 361 790 682 854 849 196 822 571 847 303 253 947 789 813 587 930 430 353 328 816 744 833 264 93 923 629 522 855 144 954 259 287 30 105 506 141 639 703 734 813 566 782 416 893 732 148 67 178 892 665 568 339 26 247 863 377 71 339 463 401 446 830 652 942 422 433 501 199 280 414 906 371 733 742 382 768 248 907 740 836 948 593 871 40 441 744 3 583 907 991 474 241 703 825 495 309 722 305 616 913 578 497 891 319 979 78 352 464 277 361 411 374 373 758 191 569 547 292 757 802 8 809 446 305 492 151 417 665 921 859 830 216 404 88 100 316 380 767 693 800 845 223 391 272 799 132 145 808 652 767 910 793 618 243 887 793 102 685 77 833 857 690 646 306 373 238 515 3 229 359 347 711 717 632 498 743 536 97 671 21 413 463 871 961 600 345 120 761 537 896 698 628 635 265 318 30 288 881 34 929 382 883 326 382 74 972 811 654 485 975 299 400 646 927 946 840 348 144 452 607 39 168 148 438 334 612 47 549 933 288 111 28 780 825 417 160 55 938 846 117 665 341 559 371 182 241 219 731 325 794 306 721 607 609 601 430 865 201 413 323 595 122 401 272 817 519 77 457 283 619 925 926 14 964 7 55 715 840 461 691 380 445 334 309 20 444 714 425 193 316 428 37 948 809 701 69 814 998 492 949 599 882 817 905 989 519 526 920 871 685 878 342 773 498 947 749 276 420 299 3 409 440 100 207 604 847 408 510 473 429 593 11 881 924 512 211 318 177 417 874 187 477 357 406 503 82 12 140 225 509 389 183 392 13 235 545 688 619 5 76 923 114 125 584 270 269 967 128 15 310 902 412 774 813 688 
255 748 817 468 260 88 954 904 541 207 95 151 316 612 259 259 419 835 36 232 367 993 889 355 312 961 506 520 808 993 375 107 354 68 587 56 780 377 335 87 236 893 613 888 382 413 402 603 842 897 851 272 843 833 929 909 393 927 864 614 340 110 466 559 735 378 988 414 582 244 219 135 233 846 508 742 998 742 910 424 610 342 580 565 304 434 410 490 26 663 709 890 903 187 457 746 716 432 269 907 340 673 737 511 656 9 408 26 506 383 226 54 602 930 175 650 734 267 946 13 623 114 379 4 934 253 395 672 729 892 779 287 882 48 236 494 524 390 454 257 274 682 750 139 481 56 262 243 843 697 95 32 914 342 994 764 180 50 352 875 887 714 267 489 321 44 750 301 183 426 900 88 202 757 334 268 234 842 543 938 763 622 396 97 186 951 107 574 451 40 199 571 942 12 752 821 464 45 682 666 230 583 882 50 29 293 710 983 219 453 49 239 407 828 769 873 743 670 644 358 896 553 260 134 321 835 442 21 111 220 669 772 288 621 661 758 279 275 979 545 451 680 643 290 671 509 72 45 827 679 72 840 119 933 785 160 984 810 463 119 381 840 944 711 117 559 82 915 950 419 530 751 989 10 987 534 334 471 440 947 233 935 790 1000 843 493 477 295 834 859 871 958 812 968 178 750 662 684 909 783 593 865 251 527 555 8 212 660 128 936 411 550 38 438 481 771 282 100 79 676 962 206 681 283 629 538 317 110 626 814 981 617 871 379 499 208 64 809 442 779 898 590 423 337 381 989 37 314 280 482 784 800 846 714 944 265 692 544 736 816 723 694 879 43 716 441 910 158 786 913 742 481 578 749 773 979 628 164 400 653 780 357 291 842 17 746 964 523 589 842 440 30 168 876 686 472 24 984 810 452 192 737 84 660 127 790 844 834 155 187 265 609 51 375 376 446 836 916 436 989 673 121 415 892 542 915 986 497 834 884 717 353 8 107 287 580 122 498 224 879 84 817 20 550 68 833 167 764 45 927 281 220 723 984 495 832 714 807 900 39 867 451 233 19 696 863 284 338 630 71 580 530 564 265 569 258 677 483 212 59 964 991 778 25 508 268 535 573 718 103 966 676 936 543 239 117 646 822 126 411 
323 649 853 695 785 302 625 813 290 674 20 468 433 945 84 757 294 149 544 510 801 406 757 30 302 870 410 226 839 84 843 291 177 294 407 471 968 296 705 432 312 784 736 753 249 583 60 15 481 469 420 602 654 68 410 897 37 862 900 273 434 517 104 682 80 13 32 650 965 847 25 729 463 630 962 345 238 434 191 796 202 252 425 849 463 176 831 156 467 192 74 286 956 718 558 78 997 82 31 339 86 35 573 697 8 306 197 753 102 55 125 407 60 935 181 315 530 625 246 124 913 537 74 854 602 324 118 283 675 323 376 776 505 940 270 771 956 975 531 774 370 311 339 903 214 57 125 333 202 128 428 864 989 816 405 15 981 592 970 446 889 401 667 358 200 69 795 862 135 339 607 344 792 521 617 577 171 4 103 861 289 239 64 905 330 598 498 649 499 776 209 515 787 546 507 129 996 592 206 990 794 50 895 370 680 849 443 289 829 622 426 535 80 536 687 264 766 300 1000 395 383 366 316 520 795 761 417 424 698 616 904 31 740 680 190 387 479 976 384 763 788 499 69 747 322 454 101 755 561 729 154 387 420 308 199 950 217 429 26 767 370 959 587 17 949 669 13 221 383 975 632 519 585 75 466 949 877 716 569 927 900 271 902 773 603 781 797 891 483 814 720 267 633 849 636 289 661 43 3 766 702 146 256 626 14 629 123 737 616 301 637 149 71 755 364 527 529 211 255 160 27 681 542 430 605 601 551 173 458 332 299 532 948 132 198 141 962 269 920 332 222 860 254 393 965 871 269 817 508 14 566 978 502 819 982 729 48 823 528 176 783 367 505 126 119 66 540 692 646 591 222 123 178 842 323 43 641 781 256 24 231 370 620 572 437 418 745 564 469 91 790 589 562 594 283 714 411 29 751 558 449 763 999 263 356 196 632 225 26 569 589 777 312 94 868 708 940 359 392 907 845 582 300 973 729 541 36 799 609 920 238 406 987 213 471 132 633 632 42 580 400 852 568 459 47 343 972 904 502 220 579 573 537 677 806 90 4 859 807 778 605 565 751 881 319 585 574 715 953 947 883 294 213 845 553 821 99 353 412 507 255 673 749 32 171 57 222 769 645 17 409 340 893 74 820 735 591 992 763 772 
13 331 691 634 627 555 585 99 368 268 688 975 262 35 679 797 56 70 10 127 798 868 76 828 912 323 49 754 741 801 555 444 930 668 187 566 946 639 895 507 797 756 608 874 705 476 172 751 382 344 976 368 351 970 248 650 320 26 794 487 82 9 778 429 805 324 457 390 561 397 845 328 85 203 3 273 988 494 315 423 632 102 557 61 766 454 547 781 251 18 886 265 694 823 959 198 879 116 746 232 770 193 80 388 13 757 394 734 374 985 809 636 127 666 96 835 663 729 909 262 116 854 879 345 706 983 951 717 581 172 827 329 985 418 997 1 224 756 613 90 500 904 870 368 46 447 728 742 579 45 745 877 275 824 603 361 821 134 383 263 962 506 200 138 959 123 117 838 386 603 559 75 952 532 136 519 334 105 686 749 311 628 504 911 453 414 401 409 795 614 231 702 169 574 49 200 533 314 862 595 166 392 328 911 690 475 393 269 632 53 0 433 599 303 598 789 890 581 588 469 212 978 503 960 91 406 471 255 92 173 467 705 680 585 836 958 799 279 843 478 105 379 171 667 196 32 163 397 607 744 587 628 915 839 88 960 59 483 310 365 60 780 444 259 644 538 831 989 133 157 454 142 588 316 922 175 612 383 224 460 794 846 98 480 109 746 629 747 191 981 172 126 22 63 763 904 947 583 448 701 737 690 513 557 715 862 340 724 323 662 227 612 532 521 668 808 630 677 847 755 145 944 538 730 319 390 645 341 49 789 906 212 984 837 203 554 835 455 185 657 733 84 143 641 167 846 218 632 371 467 521 294 411 360 151 384 911 472 255 441 819 632 905 623 385 27 894 527 723 689 137 565 376 626 219 764 612 550 293 558 719 71 567 764 246 387 896 118 570 985 819 384 571 497 182 414 708 517 974 415 94 291 970 169 928 748 860 698 177 734 709 136 847 789 423 805 927 344 6 883 789 919 695 664 321 319 165 274 985 495 765 343 718 200 975 77 352 604 806 664 944 508 580 799 293 971 292 332 461 359 887 77 494 424 761 354 821 491 458 17 354 210 335 51 505 208 417 426 772 492 126 976 208 190 274 36 174 451 405 502 255 769 607 243 373 584 88 613 899 591 470 768 996 801 870 982 903 705 882 572 
506 20 839 510 895 763 368 693 496 215 496 421 903 69 520 784 958 736 779 910 386 605 41 360 651 141 20 415 781 183 280 322 337 46 632 724 426 334 691 626 537 571 767 149 721 832 508 702 214 11 189 720 515 254 427 456 904 367 634 479 539 638 550 896 956 827 431 73 426 965 730 819 609 286 576 269 683 91 841 271 4 41 828 897 687 7 422 684 394 526 774 749 930 369 708 530 651 337 835 310 644 147 392 578 261 976 24 514 287 212 201 564 432 912 353 585 345 767 242 749 721 69 488 840 392 328 348 205 203 233 778 651 657 150 14 86 357 823 731 897 530 284 379 942 993 743 516 123 626 372 508 258 834 44 343 929 695 191 64 793 323 11 875 95 869 374 268 155 502 262 793 526 448 452 981 99 206 408 303 516 178 871 62 383 401 182 352 335 47 67 735 535 614 386 401 685 570 448 631 621 358 211 214 551 84 627 551 649 737 777 564 68 244 549 372 433 860 306 88 51 805 223 967 231 445 151 507 539 373 515 708 180 967 744 317 255 218 742 564 174 824 177 377 379 585 810 461 835 608 861 962 748 234 735 455 266 635 279 360 34 299 363 782 854 307 110 495 447 289 557 955 910 753 603 811 964 891 526 440 858 307 331 734 598 655 516 270 895 659 56 133 269 710 478 801 450 348 274 480 311 104 378 397 727 888 512 367 704 805 697 373 17 143 577 908 280 539 778 942 105 168 528 335 687 453 944 175 914 539 239 706 370 482 127 952 982 584 594 78 722 280 800 963 418 684 913 47 668 573 297 738 85 293 67 614 234 729 499 794 557 267 757 893 744 249 73 890 117 645 550 524 346 469 108 152 965 974 923 138 408 812 380 349 163 877 992 255 238 505 395 709 916 838 39 620 559 180 922 787 498 882 311 15 240 859 368 321 60 324 913 307 874 548 176 868 125 870 165 211 80 791 411 58 710 99 633 127 228 599 367 748 123 993 154 437 414 912 58 641 348 944 755 977 387 505 260 261 560 204 182 932 398 318 932 104 136 870 32 51 884 232 320 894 575 703 870 912 438 628 805 971 685 714 265 62 951 760 166 868 794 589 866 922 59 621 370 711 615 268 497 992 199 785 244 813 835 552 792 211 331 
546 560 152 397 791 506 469 693 521 577 740 740 250 431 432 46 168 983 458 961 966 288 538 223 24 163 812 430 66 425 814 65 813 241 566 303 381 917 86 590 581 449 625 708 793 39 682 165 994 79 980 829 308 318 535 986 425 321 139 496 175 994 39 244 964 464 479 996 371 296 766 931 172 262 437 578 882 690 178 431 137 424 999 229 428 85 256 867 517 122 886 346 872 645 506 674 238 501 728 596 716 756 132 839 602 576 847 56 148 22 937 229 598 810 488 214 224 473 786 109 359 844 334 63 79 391 96 617 643 594 860 160 221 412 886 923 733 40 296 233 754 159 893 732 290 330 3 328 726 684 937 956 816 36 601 646 435 743 19 282 973 924 408 314 74 87 641 675 620 340 280 174 782 480 744 352 551 946 784 993 290 326 258 350 492 218 519 575 103 735 240 364 874 699 235 182 28 329 163 996 461 300 464 353 540 884 40 30 715 86 376 343 418 855 134 467 190 462 459 816 689 205 611 763 59 111 857 201 702 642 940 944 516 561 378 558 955 557 600 120 50 88 752 319 171 345 633 271 908 107 919 46 216 44 620 459 990 122 158 259 924 106 967 658 324 890 877 830 309 886 823 669 807 316 570 498 711 669 751 988 146 741 541 959 620 398 38 727 517 327 911 239 215 66 402 258 854 52 907 288 251 22 275 957 952 560 990 993 443 608 12 535 674 337 745 56 107 519 960 456 429 89 233 176 261 633 909 153 17 42 129 103 557 527 869 591 415 149 141 49 703 484 42 98 895 534 360 766 214 247 889 778 0 42 763 769 981 907 199 869 4 559 185 928 884 230 352 86 100 400 134 37 752 999 216 241 241 840 353 149 290 517 640 517 483 932 465 682 704 962 893 531 114 693 660 188 268 519 921 372 315 904 821 376 583 101 870 699 838 686 761 547 56 664 781 554 42 402 668 599 208 518 283 968 488 229 592 283 484 643 997 971 507 365 104 142 259 758 749 232 256 646 728 65 614 126 596 913 700 283 581 986 294 0 863 650 702 368 833 680 638 881 996 533 365 234 204 407 532 190 305 846 178 456 139 300 441 9 536 246 43 321 548 854 253 119 751 553 704 677 998 285 508 210 26 992 31 526 195 616 
415 481 521 501 231 649 69 239 335 379 643 117 422 483 327 158 225 794 387 421 820 65 148 179 976 952 282 454 460 711 740 662 239 505 983 867 627 90 7 128 129 941 615 389 62 521 54 750 942 892 585 254 557 870 429 967 317 427 672 683 634 91 662 425 787 567 873 328 457 327 497 809 227 480 437 621 784 603 148 142 199 178 637 256 876 302 924 604 589 785 357 937 388 713 991 544 289 126 751 143 796 408 260 814 807 788 783 405 463 566 596 536 986 635 414 830 382 469 851 528 407 577 655 661 501 110 754 669 485 619 213 659 82 624 797 668 612 828 275 635 527 200 951 10 588 48 265 9 385 655 336 821 842 312 133 625 263 651 379 318 888 572 421 357 821 934 632 439 739 812 455 775 3 901 984 690 77 101 856 900 235 657 678 431 999 892 784 235 408 844 235 928 368 993 603 143 744 630 725 29 918 769 11 289 116 395 545 369 784 247 893 616 195 196 554 410 601 74 445 748 518 431 855 52 942 495 997 504 403 543 443 935 429 374 531 928 800 66 418 732 728 623 882 889 936 573 817 477 593 896 862 813 417 648 591 632 237 30 804 581 321 579 178 786 926 241 743 665 777 289 694 272 453 794 19 625 519 720 374 433 354 835 968 279 990 156 202 299 22 234 258 559 267 486 343 563 157 123 808 155 685 182 640 192 219 237 906 523 585 801 760 105 247 663 173 262 429 509 546 422 346 647 279 567 124 250 115 621 485 79 810 807 411 711 172 654 975 679 619 384 367 372 584 761 791 234 671 60 877 778 466 405 285 875 83 679 640 902 797 390 888 475 857 472 203 945 36 640 170 703 793 596 851 977 417 129 774 87 649 237 677 315 601 532 368 57 246 770 459 818 347 927 465 803 120 295 155 642 143 4 235 595 192 11 51 546 292 592 234 717 490 199 939 119 769 202 391 209 607 51 356 862 941 256 421 148 332 847 87 435 997 28 691 475 796 975 419 966 297 872 87 113 772 558 420 554 130 680 677 523 769 842 189 24 469 546 366 224 109 96 174 146 249 370 643 807 750 852 974 89 690 107 128 536 427 819 247 740 243 376 865 751 878 19 329 281 490 104 227 793 508 169 785 750 829 408 426 937 108 545 
728 563 631 547 575 79 620 153 975 958 794 612 845 607 118 337 758 808 81 17 160 964 541 123 798 821 286 749 953 638 792 314 481 220 388 441 277 201 335 871 874 551 797 751 324 867 24 331 353 577 849 763 679 261 595 985 953 173 669 627 920 754 256 513 959 698 20 100 924 556 424 514 440 99 251 845 75 272 229 854 607 12 989 522 979 281 72 445 860 269 225 808 342 714 364 459 290 677 252 619 319 381 234 974 175 515 13 348 344 876 327 406 822 471 521 245 644 469 824 323 808 745 777 80 136 137 571 377 34 67 971 132 812 254 710 211 970 597 830 939 209 718 777 185 281 469 359 301 789 496 149 991 885 132 873 33 105 330 282 549 206 932 193 94 681 342 399 228 94 26 252 770 893 838 253 397 530 875 12 824 301 758 107 51 273 266 1000 940 934 589 324 953 925 491 729 236 609 969 340 86 259 565 421 883 453 164 290 297 612 280 947 332 342 437 12 931 509 612 985 993 291 624 161 158 556 798 608 188 967 836 147 681 706 908 861 730 236 979 196 487 685 860 625 783 526 553 131 950 756 307 460 709 219 746 821 597 656 795 254 37 729 752 3 594 33 239 311 265 291 144 128 876 491 513 312 201 654 456 443 972 406 267 865 291 336 854 389 681 393 290 153 2 260 162 127 683 491 563 818 363 583 595 173 61 308 593 884 188 266 76 554 720 926 446 111 835 273 287 926 887 385 416 470 469 178 271 565 579 124 900 316 869 528 988 347 361 619 783 919 443 809 666 140 470 421 898 309 424 26 118 128 100 607 554 416 566 571 138 306 263 507 321 832 235 482 187 991 666 602 9 222 5 303 901 554 777 824 328 144 430 826 638 178 828 749 886 556 502 433 419 378 818 887 671 206 841 770 554 255 666 512 187 63 491 944 829 726 428 164 605 188 885 551 748 197 432 688 769 87 871 932 651 971 823 385 321 28 32 291 914 161 557 44 956 86 521 285 250 238 754 103 826 378 526 93 91 568 781 999 390 834 909 151 383 20 454 710 27 57 548 827 582 479 331 14 893 314 2 971 842 860 14 208 918 522 969 656 629 149 316 348 274 36 61 507 321 386 452 785 79 397 143 152 304 718 26 13 77 436 747 
480 888 898 157 333 818 774 38 432 374 569 353 200 424 849 761 53 256 926 354 514 552 957 891 506 88 128 575 344 417 754 552 609 135 525 4 76 576 102 844 980 334 445 122 324 467 542 347 996 189 503 643 631 217 433 392 229 526 627 324 212 152 376 390 871 103 641 750 144 213 248 35 575 587 540 489 246 136 167 960 541 387 721 694 631 373 52 319 143 588 25 791 530 206 197 432 624 689 252 972 271 695 497 832 478 189 340 694 175 679 872 111 299 388 782 989 90 743 563 365 478 18 740 826 333 628 751 434 753 387 799 1000 282 377 757 555 191 937 629 770 719 467 50 317 985 939 420 729 188 118 110 526 182 784 972 992 71 403 404 754 474 341 799 924 12 877 668 543 489 786 498 694 623 399 591 642 873 281 964 715 901 786 429 406 895 179 999 213 299 398 474 150 642 732 37 926 264 237 959 617 227 212 490 938 538 639 834 652 703 900 921 579 428 858 211 721 61 598 121 129 792 51 651 258 931 232 435 146 803 352 156 415 534 977 357 888 899 632 274 449 366 782 768 192 197 352 799 133 742 690 512 365 671 848 579 163 642 545 918 587 180 285 11 121 360 909 898 836 236 966 345 742 741 262 715 495 81 58 411 922 744 568 760 491 815 476 223 443 150 998 116 788 130 804 857 2 585 860 646 681 336 558 26 879 201 228 688 880 425 196 42 232 422 492 399 255 353 804 180 972 356 40 342 84 933 443 568 615 794 185 691 835 113 937 239 824 746 499 301 451 793 10 583 508 549 653 755 374 13 321 290 887 188 198 662 368 13 628 601 838 896 810 653 53 285 129 530 475 904 939 391 929 334 325 267 69 382 640 544 644 709 385 220 175 665 459 118 503 809 690 429 255 279 984 634 505 589 141 111 331 962 536 221 542 621 380 811 826 587 556 134 576 727 51 961 149 472 333 928 35 792 74 587 550 433 708 560 490 31 709 220 551 289 448 164 588 308 921 314 220 313 878 208 394 141 414 466 240 769 410 608 568 679 565 143 712 485 99 576 338 265 367 677 780 481 870 530 122 919 89 968 828 71 235 914 948 675 47 957 333 19 743 520 558 702 265 170 433 167 865 95 504 416 574 85 889 128 182 29 698 
568 889 370 701 396 762 683 860 386 316 95 601 191 564 547 464 592 884 779 301 748 968 986 171 519 343 253 296 877 203 918 501 947 362 295 706 148 70 4 442 887 322 561 392 336 282 586 650 998 723 4 282 879 104 229 192 245 795 795 926 18 389 467 637 439 597 78 731 780 166 349 36 9 60 776 509 51 825 747 868 178 979 104 228 943 400 992 321 808 839 589 936 841 496 234 746 855 706 272 939 816 719 954 228 275 51 943 177 126 762 91 870 576 72 530 825 363 231 833 505 321 882 374 440 872 2 720 570 842 389 379 139 783 358 649 542 253 636 846 974 415 851 815 135 534 709 946 985 582 360 873 76 634 948 886 681 134 406 533 349 661 513 73 172 744 888 275 424 376 268 442 6 186 505 723 280 566 544 882 186 22 196 99 98 495 212 680 288 206 23 981 311 993 14 216 442 443 845 396 919 194 927 324 167 57 433 611 886 853 645 66 187 881 226 678 391 744 274 282 980 311 970 84 811 377 671 750 630 338 712 873 215 405 327 270 650 992 496 770 144 467 191 198 905 832 67 268 324 762 468 924 958 943 217 997 543 231 407 941 661 472 520 787 489 708 320 121 754 5 267 424 649 826 250 51 279 488 435 180 454 913 751 250 299 153 275 546 965 89 249 778 396 727 326 910 167 373 201 940 932 440 146 965 44 505 170 320 744 963 922 697 896 174 230 223 64 514 195 293 822 529 931 682 603 224 357 592 506 976 883 381 710 470 182 639 801 79 370 230 97 896 669 457 943 122 661 166 316 904 457 384 262 453 440 720 395 581 511 80 504 109 583 612 718 289 16 286 691 84 638 94 338 671 840 881 290 653 873 568 871 339 756 125 621 617 233 313 309 351 405 941 584 843 936 766 399 500 31 366 605 975 855 128 685 484 405 802 745 984 406 458 163 217 619 966 603 50 705 266 766 865 660 864 602 324 951 137 332 271 17 811 507 898 827 348 465 631 947 155 997 915 177 375 303 638 745 657 109 546 495 501 885 986 612 795 896 544 835 570 240 532 527 600 407 158 235 30 23 579 59 840 123 221 546 694 468 79 609 964 380 593 998 451 574 590 117 681 798 43 99 55 519 69 276 11 561 414 152 987 743 
306 659 635 0 985 174 815 207 469 297 204 588 821 35 605 777 373 703 346 724 607 519 163 467 194 75 848 747 450 324 943 289 508 932 448 270 784 685 456 904 785 885 453 621 560 355 899 989 891 857 300 939 585 957 618 260 170 271 754 38 185 229 408 376 852 397 973 903 910 799 793 18 123 15 17 980 675 321 98 297 126 639 597 713 0 70 238 304 191 130 185 604 837 639 392 8 595 834 677 24 970 144 827 740 101 113 440 605 567 620 913 412 459 451 987 462 514 526 613 833 931 919 796 903 306 80 114 896 857 186 629 873 860 778 417 64 98 664 851 842 305 60 619 777 833 971 899 199 361 463 915 659 261 456 251 10 158 245 271 182 240 474 500 653 511 925 16 107 210 486 701 260 210 711 403 699 861 859 719 535 489 364 640 53 651 503 610 575 969 402 337 28 312 170 125 317 914 198 615 261 937 635 540 592 607 752 884 249 364 869 876 425 536 659 669 784 616 836 39 80 510 985 187 428 499 690 673 936 469 794 947 42 752 694 473 627 720 323 365 811 788 615 977 523 200 732 132 598 64 517 656 872 463 126 764 995 416 3 153 438 936 870 739 903 196 564 363 953 106 102 429 621 89 916 815 946 996 916 891 126 148 473 336 974 229 754 638 750 310 85 954 918 666 45 397 722 949 508 369 546 109 831 175 816 525 414 872 263 671 700 530 911 847 737 790 946 371 749 851 505 54 363 772 434 952 112 697 973 147 150 81 250 102 837 766 221 244 465 22 759 373 772 872 551 186 125 943 723 263 797 735 830 168 365 163 592 162 633 570 798 0 72 548 636 69 699 462 900 296 721 191 91 749 222 192 323 649 897 412 729 689 535 442 686 372 634 145 933 246 243 597 688 463 152 855 500 101 672 719 982 528 510 132 651 130 750 81 10 871 870 159 249 241 382 348 157 705 495 183 317 985 277 114 649 335 420 131 56 702 701 434 379 525 262 511 982 651 312 228 208 512 383 261 154 365 939 212 636 963 736 408 580 658 973 225 936 29 161 428 600 397 607 303 651 539 860 200 829 5 184 932 769 738 503 102 580 716 353 684 900 873 594 810 136 939 27 495 557 441 703 112 787 753 439 857 267 778 485 143 188 
952 13 788 276 658 511 787 580 508 397 95 497 913 951 777 177 308 158 377 810 175 997 621 677 796 980 506 7 460 614 992 536 124 918 804 830 217 90 138 344 229 148 327 718 611 175 267 274 268 880 311 993 567 261 229 678 228 801 149 444 597 769 487 651 935 874 290 861 985 635 281 297 779 690 905 683 754 234 361 290 928 916 792 548 397 412 150 143 746 101 411 138 368 925 163 360 637 706 372 250 105 668 374 896 709 559 36 859 507 767 643 480 104 699 740 628 250 832 608 312 274 463 556 895 71 127 585 665 155 378 544 909 178 27 777 14 461 85 861 747 635 297 351 84 973 837 641 317 42 440 437 637 861 833 594 375 232 863 903 636 3 532 461 368 291 838 564 236 339 878 619 537 218 309 801 881 559 145 467 529 407 980 899 511 217 184 265 326 547 320 534 779 649 100 493 67 759 707 511 569 920 421 382 278 896 584 344 484 398 363 25 437 20 384 619 344 8 102 202 658 837 339 248 361 630 723 780 482 107 482 433 582 977 983 29 427 180 712 552 514 778 859 166 511 113 76 14 978 997 623 746 405 650 110 621 659 321 250 343 282 574 466 901 596 537 989 161 3 106 219 891 366 766 644 16 603 208 915 887 488 654 529 402 744 74 989 165 631 143 961 669 317 909 971 383 100 361 332 224 10 665 896 228 852 352 68 829 282 276 922 858 62 327 510 248 344 356 164 26 576 412 641 628 615 788 551 630 686 378 216 101 299 491 798 541 959 693 618 224 51 958 458 405 785 578 871 164 759 90 391 890 79 689 624 48 886 391 151 853 782 631 504 386 949 657 914 870 235 923 393 870 770 924 220 696 264 142 54 790 525 959 118 62 918 341 70 742 187 728 100 840 762 872 465 412 745 707 987 879 217 936 175 843 142 17 539 101 396 638 96 313 768 77 390 701 59 905 465 477 707 852 15 373 925 431 828 827 674 250 385 228 93 648 210 644 982 473 513 253 423 868 246 328 379 421 525 682 170 353 656 783 118 858 618 929 837 269 685 356 583 838 426 744 656 654 884 846 37 431 499 746 469 466 457 37 647 789 810 132 998 72 228 426 903 520 292 199 688 75 779 135 517 824 830 977 502 912 83 561 357 
795 26 306 969 452 388 799 959 33 205 49 935 335 230 871 481 512 347 366 924 6 157 578 838 378 351 533 41 991 393 709 895 713 309 146 290 693 555 540 989 307 758 755 611 344 776 385 805 498 89 245 232 232 161 436 955 861 848 336 36 84 608 301 761 605 108 458 594 223 364 396 201 200 817 956 475 842 91 633 59 782 277 597 739 717 926 671 374 554 367 746 748 418 811 174 860 169 767 335 975 842 274 650 642 823 354 707 820 634 794 988 428 460 533 885 4 700 799 402 660 554 289 721 457 258 569 795 177 200 584 708 658 287 525 456 966 876 28 973 165 776 70 153 535 885 651 951 451 862 537 501 280 446 15 55 878 276 924 550 727 949 227 393 6 867 862 744 435 111 841 570 477 632 367 367 140 308 779 948 362 569 451 120 49 346 583 722 183 68 6 591 806 382 811 993 979 44 197 215 726 707 917 265 664 394 354 664 762 689 15 387 650 510 324 950 571 610 615 27 390 358 700 450 798 818 752 904 875 819 296 451 512 577 711 210 366 110 997 237 7 257 178 421 149 309 832 558 380 920 103 642 624 64 985 875 398 531 652 212 693 937 871 783 319 86 71 740 314 278 262 198 387 263 659 568 256 114 810 117 676 181 428 336 186 108 110 556 81 222 134 960 38 499 84 631 45 901 654 226 360 355 245 206 346 185 475 640 509 371 217 58 571 194 843 520 642 632 672 176 911 616 185 448 922 117 133 560 494 259 820 119 634 18 727 960 1 409 435 400 708 256 500 472 810 162 787 568 150 603 559 658 18 340 485 806 399 435 556 629 19 939 80 609 142 862 899 479 487 132 418 618 707 833 611 816 930 816 382 741 997 203 804 768 70 568 1000 906 468 679 95 845 201 189 967 772 420 552 186 674 364 815 574 384 972 248 726 856 238 13 334 881 174 162 778 737 843 361 162 376 839 375 793 281 522 203 28 121 554 437 444 805 213 355 152 458 945 36 280 857 792 846 193 230 273 782 294 754 562 201 510 239 871 240 655 913 572 829 247 74 144 434 299 300 947 797 211 792 853 262 616 741 222 137 947 639 380 383 787 956 807 190 590 66 135 785 800 112 220 11 686 668 171 444 644 761 878 676 59 289 599 
335 321 113 509 886 8 336 866 920 4 576 602 790 10 31 976 545 72 504 478 358 508 807 958 92 13 413 589 300 276 577 637 858 81 250 202 184 264 104 981 172 216 927 217 963 884 853 472 779 942 45 629 447 672 968 802 942 670 172 707 597 792 857 927 878 570 426 730 768 647 192 839 43 117 981 925 58 159 470 166 982 929 483 543 426 140 972 354 214 703 557 949 647 956 849 820 546 278 929 515 52 534 868 382 661 127 295 429 475 252 153 869 285 558 590 20 394 768 487 119 203 335 455 574 429 199 511 30 875 115 791 433 175 933 195 429 887 490 131 669 110 216 114 387 869 719 472 452 515 684 82 539 621 805 938 396 558 603 949 327 869 60 559 613 988 613 308 525 300 217 745 962 924 427 252 264 840 401 326 686 756 196 60 279 167 846 939 939 817 821 630 317 869 101 405 704 204 585 666 109 431 944 316 776 974 867 333 753 450 785 364 987 301 648 294 462 242 541 706 148 867 588 24 953 683 218 180 727 748 441 833 684 880 772 171 384 838 595 640 665 90 233 616 929 112 402 221 866 426 345 318 583 172 724 652 70 823 181 200 515 81 128 517 717 511 796 955 313 476 377 893 672 622 616 260 898 727 184 511 4 124 637 515 184 159 326 404 277 255 591 819 798 406 957 222 866 664 890 403 886 323 11 536 541 189 34 91 819 62 853 532 703 261 142 927 798 624 8 433 408 240 866 931 599 44 149 838 600 808 882 921 1 430 62 50 889 916 741 544 853 458 119 715 935 712 827 562 643 448 130 371 435 112 170 430 166 908 360 9 152 503 75 952 408 186 730 463 813 827 190 122 806 275 248 670 634 120 889 482 5 775 741 234 732 887 176 16 993 730 797 781 33 175 142 536 903 820 858 543 502 883 999 496 60 919 757 317 236 497 405 31 260 365 875 740 487 121 328 218 961 882 248 463 148 730 608 263 796 91 59 239 567 169 554 45 628 819 801 968 911 774 28 225 754 493 374 468 942 810 943 991 13 952 932 152 933 659 749 699 765 396 180 133 664 523 274 712 945 805 230 438 321 633 515 173 230 517 381 678 432 560 682 110 891 56 601 378 141 289 210 166 665 596 579 362 502 254 50 782 588 
818 889 720 863 39 980 57 941 729 887 373 927 22 838 683 202 403 625 679 539 428 757 709 699 178 130 484 52 296 936 843 224 545 618 400 204 858 462 802 813 859 100 199 295 759 673 0 9 643 742 996 237 896 134 297 815 109 339 389 821 631 156 847 550 283 456 289 283 997 191 768 515 95 527 570 172 458 355 897 130 496 227 383 540 296 262 468 373 15 925 73 258 532 382 935 781 598 734 300 248 564 953 70 750 902 923 175 394 509 818 659 243 111 595 377 91 85 771 894 854 56 26 895 888 820 500 337 99 401 368 482 153 130 65 424 993 390 984 685 340 962 950 302 598 536 145 796 81 258 737 293 85 434 266 351 682 610 960 792 888 138 329 568 217 296 376 428 898 952 339 662 172 826 730 108 175 254 779 68 131 291 406 870 145 146 705 65 902 453 385 220 190 473 701 377 440 721 821 841 5 727 570 348 720 520 295 604 291 845 593 106 417 436 999 443 539 724 34 524 676 775 123 184 628 572 742 663 204 929 566 483 440 609 657 428 847 679 573 224 617 968 570 965 715 202 605 363 751 47 706 122 294 74 593 588 291 401 251 856 194 111 441 563 316 587 323 627 357 341 570 205 17 620 827 488 946 225 852 224 512 144 811 52 827 400 685 766 639 730 480 674 245 398 126 982 424 887 178 209 87 55 23 247 382 300 842 915 459 218 261 709 809 171 590 782 30 367 691 442 971 952 410 287 131 6 245 912 956 819 617 710 361 584 767 831 419 280 182 785 404 323 37 350 437 118 240 474 418 190 305 300 140 834 853 494 447 898 984 890 36 601 74 535 38 806 225 601 435 725 183 54 53 533 854 535 807 726 978 400 850 294 459 426 341 854 498 470 785 658 663 761 695 695 947 620 505 421 491 74 662 69 795 327 450 924 289 674 880 855 229 153 748 268 201 303 474 51 47 54 210 320 150 533 48 467 676 122 147 748 589 69 638 55 441 653 368 599 537 360 167 303 305 160 312 563 996 645 960 764 171 344 871 468 609 32 187 359 758 555 818 431 914 222 972 220 515 953 575 817 312 482 336 846 631 745 412 719 475 3 600 23 245 46 437 521 47 778 653 351 31 392 401 178 269 81 305 595 737 53 447 
129 673 719 549 68 775 751 186 362 616 214 97 427 290 566 327 54 214 13 244 923 169 805 137 538 369 644 93 716 70 571 185 615 445 657 991 880 49 282 509 916 681 147 225 630 244 477 668 131 543 415 323 783 930 31 873 209 948 254 582 18 314 482 355 491 823 464 227 217 698 18 175 46 421 6 378 457 985 796 330 679 320 622 827 734 544 487 836 299 786 206 27 402 686 172 329 325 254 5 190 355 14 66 874 722 603 914 478 186 425 572 47 143 202 513 6 697 55 768 250 431 104 707 566 859 436 747 781 675 467 949 235 579 1000 894 779 444 666 186 228 544 534 353 652 139 570 697 353 913 243 607 275 15 893 567 108 213 472 120 568 298 83 543 477 500 839 713 214 139 239 261 155 28 74 992 278 398 903 527 722 441 269 952 873 99 434 916 264 112 946 78 614 552 707 594 177 683 876 822 888 375 837 198 836 942 28 268 392 710 537 977 309 295 782 20 44 938 632 679 441 50 742 156 675 518 393 271 359 411 452 395 180 713 477 922 959 200 524 129 426 582 47 620 43 279 271 953 943 576 606 134 282 950 825 614 708 97 797 403 143 980 744 949 565 516 416 322 420 50 106 126 387 384 94 614 164 908 358 716 329 617 972 326 648 516 331 61 288 296 965 341 533 520 659 648 659 993 934 216 213 546 1000 15 994 836 519 519 180 630 608 480 878 823 509 722 243 22 456 631 936 30 906 124 348 828 704 985 695 981 173 537 191 353 781 74 681 203 89 579 761 260 72 968 978 735 667 788 982 211 215 319 580 798 940 840 288 759 203 383 806 464 769 626 869 956 960 283 301 417 802 596 162 326 148 986 524 786 954 57 539 904 976 120 208 667 587 961 648 953 274 863 944 617 18 643 271 585 134 917 909 87 830 982 140 502 997 871 114 942 617 245 405 789 79 671 617 928 447 235 434 524 214 300 573 827 614 42 491 23 938 451 946 55 383 671 690 9 736 797 280 924 123 236 525 627 49 880 219 404 924 783 810 592 194 515 828 270 22 273 740 450 715 469 534 768 2 342 865 52 293 983 821 662 665 833 281 889 577 505 273 190 98 373 486 28 564 668 495 868 631 196 143 307 209 279 619 255 189 648 590 
802 982 503 250 743 906 294 771 791 560 976 66 189 511 95 261 202 750 517 679 998 549 965 950 9 193 595 436 432 686 244 468 302 307 31 791 794 124 314 934 74 73 999 213 21 158 848 991 388 292 396 586 595 991 749 816 420 291 35 952 749 622 253 148 339 704 198 169 37 193 233 976 602 673 814 784 683 680 812 892 329 903 761 672 300 801 346 944 930 450 119 754 355 497 144 440 39 489 999 892 538 181 819 502 214 392 627 583 43 660 181 960 777 218 278 916 573 389 512 52 674 162 895 933 861 697 153 651 225 489 226 671 813 886 126 415 69 674 494 157 399 139 974 352 79 294 355 586 164 642 953 974 556 539 608 618 215 541 783 633 787 655 16 584 399 107 837 582 157 788 993 588 75 405 895 716 484 211 844 874 198 364 546 580 933 704 183 569 837 780 768 885 957 447 259 496 880 628 178 50 759 277 404 481 500 92 386 629 435 370 396 37 81 947 589 30 379 672 970 44 245 69 628 122 844 856 417 881 292 189 553 898 472 656 499 986 253 262 141 771 470 434 157 354 682 71 482 754 168 955 961 61 179 570 267 495 625 131 232 852 269 848 169 634 465 872 63 511 143 994 234 820 303 494 532 681 802 665 19 866 700 247 181 35 321 548 972 612 838 436 890 670 363 785 815 453 477 693 884 743 239 237 775 454 214 93 919 959 207 82 870 494 767 509 838 829 541 500 394 9 352 626 897 163 420 182 70 689 502 986 122 875 548 968 191 880 624 524 952 986 103 383 555 458 200 555 692 143 279 411 76 955 519 931 673 778 94 887 980 786 504 817 1000 285 6 27 79 321 3 603 32 147 773 369 91 123 231 843 574 152 872 617 444 964 628 127 448 618 909 8 413 14 774 296 923 888 742 393 737 497 435 195 499 469 819 208 548 387 680 758 357 70 349 703 546 29 736 156 126 849 869 863 567 937 927 74 140 179 870 60 153 864 856 591 621 871 854 823 369 487 192 901 247 880 626 927 718 697 601 722 981 376 870 480 644 115 759 244 747 108 963 770 224 548 422 88 832 815 0 147 926 680 621 616 701 593 243 200 966 689 400 619 51 836 32 501 525 843 530 959 696 621 433 142 330 419 6 297 92 416 
814 390 475 590 50 534 204 74 720 34 758 419 341 899 741 843 921 218 739 136 894 604 700 156 744 754 557 866 829 263 391 447 721 847 819 294 42 851 11 27 381 884 292 703 374 696 256 27 707 592 843 399 726 539 282 85 967 282 148 560 842 394 65 404 628 42 595 985 492 655 99 159 976 990 916 332 53 749 98 200 920 306 572 42 993 13 757 548 247 223 207 947 548 587 677 409 329 980 22 65 697 722 682 227 731 945 329 221 158 155 63 120 479 67 367 623 519 707 709 46 303 866 208 806 26 220 49 344 434 546 216 558 80 902 698 874 414 869 470 692 417 681 356 768 596 368 547 372 632 693 45 433 942 635 225 748 961 611 241 932 939 862 192 220 910 115 65 116 59 646 252 868 150 422 276 293 0 546 201 474 269 161 225 558 967 434 533 947 266 315 382 16 0 254 158 12 709 556 219 218 6 152 506 991 47 8 719 893 64 957 694 761 533 93 179 870 567 188 297 765 675 20 167 919 613 136 445 519 55 982 679 619 328 103 951 567 445 228 776 462 785 474 9 465 26 645 391 269 593 549 527 470 974 817 513 983 953 282 530 699 404 87 124 311 415 741 307 83 85 50 62 919 670 1000 953 210 331 830 576 37 867 437 368 874 573 697 308 898 481 648 56 777 418 106 452 189 862 118 764 40 777 833 458 271 473 990 323 637 227 746 281 220 108 252 578 482 383 245 868 664 799 730 570 887 37 833 552 312 664 61 161 648 578 312 164 266 644 733 257 409 339 781 235 478 190 267 696 501 993 127 267 760 459 324 734 708 848 493 517 412 517 999 512 352 729 565 166 672 75 791 916 528 663 86 764 5 522 114 738 307 556 882 423 200 182 320 111 230 480 113 588 794 809 931 928 894 161 654 397 604 440 893 975 23 178 716 200 38 106 388 642 197 458 62 469 497 759 557 731 759 139 778 699 227 799 201 112 306 726 7 952 839 978 925 97 98 194 794 635 404 424 243 968 103 779 670 281 994 247 813 72 522 872 884 302 412 911 582 598 263 20 320 587 918 665 419 523 577 158 333 76 162 405 606 314 221 409 667 385 108 147 665 860 570 823 400 23 193 549 221 664 179 460 336 269 586 460 522 852 492 
961 692 860 684 870 701 716 980 98 97 445 728 903 11 436 854 986 86 108 815 264 220 118 420 276 151 747 915 414 755 493 302 72 85 559 348 141 590 381 436 746 731 699 28 587 600 805 395 50 722 658 919 263 710 255 305 743 105 517 707 678 780 498 581 591 749 902 210 410 653 983 252 705 184 746 209 331 190 381 283 355 129 163 141 884 534 431 464 950 679 137 584 140 724 388 613 361 155 802 158 988 928 891 213 8 24 678 643 701 652 478 471 882 92 224 718 857 749 199 20 388 678 489 844 6 696 798 835 81 186 154 724 439 738 999 70 924 546 406 872 579 857 588 254 418 61 626 749 995 289 59 574 982 918 517 65 613 786 303 609 584 142 619 557 36 450 527 902 833 189 696 15 124 867 162 304 757 552 726 384 439 614 379 13 211 148 150 554 501 290 153 942 43 54 761 169 389 253 365 607 459 461 707 736 407 38 437 864 753 562 337 864 540 272 834 707 931 387 679 315 676 122 471 2 760 488 953 349 953 606 905 212 881 663 513 550 125 873 58 940 365 960 621 191 516 218 428 773 16 695 215 784 437 697 822 707 323 147 598 829 133 163 607 311 112 447 600 467 898 283 456 432 81 422 585 89 158 140 536 794 85 655 592 446 133 449 613 748 734 484 440 618 929 741 392 25 498 933 623 237 46 865 126 674 185 642 2 407 710 928 998 15 554 922 192 683 803 323 33 708 140 112 713 420 624 788 841 538 488 581 986 870 528 529 492 646 828 319 206 782 260 439 432 304 880 496 441 167 21 713 495 862 166 343 605 792 425 349 695 708 94 990 721 98 896 246 803 186 732 820 605 928 532 198 891 893 514 507 877 157 680 323 707 19 906 530 90 532 640 396 178 972 592 906 959 694 469 979 451 340 178 616 983 857 97 184 531 545 925 381 354 935 630 425 912 820 590 798 485 781 975 501 220 277 877 664 149 645 204 119 811 150 810 210 316 851 814 527 753 486 933 829 129 336 353 407 160 906 799 627 845 606 92 386 807 290 538 430 219 131 861 63 223 769 409 657 397 859 95 842 213 424 50 303 924 152 694 784 442 206 725 554 508 938 74 705 727 828 496 166 940 488 849 994 732 830 25 365 313 774 
662 340 113 480 76 116 206 164 657 728 591 994 126 841 53 140 544 832 631 714 637 871 666 297 323 607 232 857 576 199 742 184 887 553 736 276 747 210 728 452 70 293 180 204 454 806 643 619 522 545 678 857 78 255 694 498 480 631 998 495 317 737 902 290 964 379 135 382 598 964 375 928 522 599 356 221 652 31 534 787 976 440 508 941 26 91 237 82 137 416 185 384 543 769 752 294 706 583 967 250 96 950 897 390 706 765 400 156 661 846 338 74 668 559 379 574 789 101 560 137 123 783 558 495 588 820 405 614 995 798 8 587 230 663 214 819 555 185 515 420 528 993 633 267 182 703 941 714 724 352 844 195 96 127 973 7 571 519 399 135 140 292 699 862 438 650 40 505 719 684 864 76 397 539 403 197 658 781 579 997 199 791 48 975 445 356 528 686 609 487 658 574 480 512 512 746 927 49 878 961 79 458 711 644 527 635 673 349 185 698 967 287 595 51 224 813 745 731 299 984 809 730 225 608 892 686 386 238 625 377 891 292 438 302 360 504 519 701 146 571 57 966 389 570 973 614 280 682 245 823 377 781 344 358 587 133 114 777 443 520 187 721 479 836 727 447 713 920 740 504 621 373 146 408 742 68 243 616 341 57 985 634 161 660 916 103 361 855 912 865 818 151 773 436 489 640 410 936 657 539 531 921 113 952 770 995 716 850 742 314 972 42 481 761 427 956 273 452 751 290 432 880 834 388 835 289 990 573 107 625 683 397 250 80 136 725 208 475 642 803 135 282 968 414 859 238 907 392 503 105 815 808 92 244 87 546 516 373 205 254 164 461 761 298 543 448 150 231 280 305 544 1000 415 737 645 333 5 770 283 359 93 71 848 968 413 636 614 629 612 94 85 279 724 733 624 148 608 426 885 242 103 881 701 695 7 681 481 974 682 586 620 387 153 82 528 805 451 712 956 472 811 977 839 214 101 538 100 766 888 64 605 740 616 835 209 396 50 939 274 555 483 871 914 135 200 226 677 821 457 139 883 99 928 982 935 838 959 79 122 693 460 220 484 161 755 947 766 206 178 763 805 388 6 130 331 0 840 218 660 555 272 859 389 265 989 114 958 902 217 138 148 707 594 593 593 500 489 819 216 914 
116 223 578 94 840 571 209 413 130 39 888 266 129 490 721 488 209 325 203 230 189 61 68 921 825 820 344 296 761 52 121 160 172 851 981 245 298 917 586 232 753 69 310 357 558 836 50 287 18 966 935 633 744 668 310 251 738 984 677 341 728 766 187 766 897 357 348 214 689 706 110 127 666 545 875 106 334 140 537 629 528 797 437 714 203 968 703 428 352 350 40 241 627 95 77 706 241 901 512 247 187 319 204 928 394 719 641 25 566 455 667 225 736 706 603 302 477 951 861 983 326 876 815 758 370 799 694 640 747 199 950 829 417 351 511 368 31 692 320 395 644 454 590 699 760 39 708 6 96 475 900 312 146 867 143 372 381 234 810 702 802 588 61 317 747 554 414 234 362 402 796 241 45 834 853 905 981 539 151 29 308 213 242 285 662 615 662 397 174 479 809 251 362 914 835 851 251 427 891 171 275 118 389 992 183 729 940 607 279 302 582 176 697 226 466 851 227 469 972 750 14 378 40 916 225 648 431 510 933 418 648 64 487 112 642 574 747 968 744 877 10 325 687 486 623 510 444 406 30 776 442 697 770 438 243 428 728 569 186 247 100 652 235 393 977 629 76 311 786 634 654 768 395 744 572 501 440 253 408 936 309 519 823 471 255 67 603 123 623 827 315 674 933 516 50 332 983 347 151 253 644 252 561 130 394 28 872 363 67 441 219 583 522 299 629 121 723 282 490 318 764 169 395 676 522 531 77 992 340 953 354 722 960 919 277 396 359 19 699 382 853 693 709 942 840 189 764 675 884 764 909 41 340 496 395 868 541 965 525 309 701 80 334 211 560 977 388 993 300 908 0 997 864 455 469 776 892 66 926 474 322 279 710 696 59 636 130 95 439 36 727 621 259 254 94 237 129 54 627 957 667 225 297 528 826 763 80 423 293 763 459 631 671 860 403 985 952 879 346 428 79 251 131 305 633 81 447 635 645 298 847 641 753 964 953 887 77 710 657 105 139 711 298 512 394 157 787 925 872 984 793 953 347 736 576 286 167 96 895 685 5 63 68 939 759 653 473 734 343 934 132 18 156 351 869 864 739 722 679 871 223 223 800 190 439 541 879 427 916 179 495 670 325 818 373 536 168 131 479 68 
59 904 919 639 832 40 274 444 38 228 573 139 217 771 463 540 894 483 545 216 152 238 130 880 567 130 72 157 844 629 605 12 996 77 658 193 106 1000 169 647 587 199 64 938 750 58 396 243 170 649 78 311 782 644 929 634 807 208 196 45 737 882 510 382 726 112 67 232 994 111 865 848 263 282 506 445 203 947 122 559 187 102 712 991 984 572 99 243 125 372 621 623 896 107 875 776 470 934 591 612 773 263 846 477 787 807 168 602 479 807 40 607 982 853 455 248 648 175 86 68 817 510 925 27 7 8 67 62 589 4 993 775 330 182 719 967 673 234 523 911 540 334 54 360 622 237 529 278 896 152 661 252 526 390 77 501 591 525 233 294 763 511 676 723 552 573 812 873 880 621 576 426 975 888 294 470 729 723 113 93 443 256 900 274 532 11 924 709 605 535 409 9 637 983 257 872 980 304 427 726 866 560 173 633 998 880 863 575 847 258 10 69 476 768 569 286 819 125 491 411 757 184 461 4 242 829 68 116 484 526 383 395 553 912 603 567 710 629 696 549 218 865 140 973 799 242 631 571 484 554 217 565 509 901 368 805 850 780 110 657 447 203 97 410 847 199 847 370 354 255 831 510 561 861 325 748 250 671 372 322 195 650 180 519 132 162 423 690 422 167 941 506 600 808 434 563 905 887 43 894 47 878 771 498 193 141 719 404 455 133 690 912 712 550 575 47 162 30 980 149 933 530 570 134 958 548 17 937 409 983 763 632 349 991 900 831 110 835 452 916 809 192 397 174 233 904 659 193 862 400 54 387 906 419 236 503 977 761 956 986 872 4 616 79 726 849 219 300 904 469 966 994 162 441 225 479 976 60 970 310 630 47 986 159 386 280 999 332 602 249 238 719 295 52 61 699 442 625 662 445 896 845 221 558 695 929 34 890 982 83 369 980 427 3 218 926 103 992 317 279 211 794 99 693 831 944 808 543 566 519 995 470 705 945 287 641 656 889 760 681 292 590 544 599 336 818 305 972 127 237 927 385 504 112 688 756 741 674 967 536 641 781 278 355 995 548 887 905 871 548 911 383 83 650 383 937 958 543 37 769 612 836 241 699 599 33 371 237 595 447 298 538 372 422 488 593 45 966 34 726 
880 994 911 173 983 132 171 757 646 451 736 21 371 877 538 809 397 255 313 766 536 491 352 896 323 833 160 59 29 908 448 650 73 781 11 309 657 57 506 789 819 641 668 271 552 5 394 358 249 381 766 908 352 147 357 808 654 179 208 444 276 83 531 174 12 374 236 184 750 787 337 716 561 289 80 965 92 959 335 984 147 818 925 869 616 217 819 694 341 556 852 143 406 570 214 908 965 798 11 188 789 661 192 709 573 333 935 260 614 519 515 991 241 729 563 443 434 883 503 699 228 340 253 845 734 360 450 84 686 281 617 918 911 13 880 550 4 986 683 162 94 212 244 570 234 445 338 604 621 527 552 428 254 778 684 944 51 764 380 744 804 626 384 389 205 23 729 375 259 741 576 652 947 918 45 704 931 766 454 91 736 705 904 523 458 767 613 228 227 992 527 133 417 852 479 238 832 358 624 869 44 225 642 683 373 327 905 615 203 870 320 963 524 406 749 770 858 422 463 543 518 678 457 732 990 427 166 501 166 832 775 376 63 350 194 711 170 387 517 563 117 185 426 789 465 240 74 330 88 944 871 396 29 539 204 436 537 745 900 472 484 690 200 728 5 445 681 663 901 539 420 708 601 333 450 863 262 866 848 784 392 665 513 234 944 378 740 258 472 33 808 941 14 373 964 839 638 794 630 162 281 370 681 117 674 837 105 93 436 450 275 298 481 483 354 135 396 994 234 278 918 495 873 835 726 666 155 393 990 854 153 526 878 888 59 706 844 515 476 971 686 973 788 448 177 258 596 350 746 288 620 47 298 656 394 245 54 217 84 401 297 660 636 1 481 904 411 676 509 487 354 8 622 749 365 502 819 925 261 909 522 833 879 88 557 404 416 199 790 114 51 620 838 718 21 594 665 428 67 309 167 754 266 839 158 1000 426 944 934 955 737 660 993 420 795 45 760 472 189 818 316 317 63 503 862 252 634 987 945 764 43 412 404 490 159 136 44 674 835 619 466 887 754 699 442 207 982 438 21 319 679 825 206 352 615 583 17 543 412 424 791 583 657 845 639 670 398 314 525 980 992 78 268 106 506 481 797 816 61 879 342 665 306 109 754 911 655 716 180 641 840 665 186 855 43 916 267 729 660 924 
273 601 261 704 319 0 795 27 869 176 21 835 974 330 344 908 323 576 654 246 685 359 740 45 906 16 235 699 475 843 970 876 670 169 825 728 826 734 803 994 479 429 331 912 224 289 603 292 604 61 45 982 985 121 766 944 437 405 980 796 145 923 909 158 192 323 459 670 990 499 520 804 81 538 834 279 219 853 154 326 843 162 30 905 352 411 362 505 616 170 127 901 198 230 102 364 219 630 800 740 754 776 999 479 95 699 908 667 305 146 640 457 81 829 203 386 881 292 739 977 394 288 952 550 479 945 2 803 567 322 304 114 468 650 394 610 805 938 854 330 269 429 23 603 926 42 612 24 349 739 586 905 784 1000 741 367 938 351 270 273 52 922 421 706 826 368 525 724 924 15 491 249 609 901 791 453 406 859 825 53 211 922 223 744 728 659 277 668 541 862 967 192 188 87 969 732 280 449 269 402 874 826 640 474 932 947 344 290 816 468 725 636 439 534 795 343 321 923 472 611 893 355 677 300 970 704 129 553 38 868 781 769 376 205 906 511 86 61 740 80 117 143 926 732 765 896 437 386 443 193 752 746 134 681 88 424 713 553 835 89 111 245 736 896 931 504 81 459 293 749 239 433 205 358 648 84 7 684 132 354 260 339 300 456 472 954 905 94 882 818 453 191 332 802 42 290 376 703 508 111 664 820 549 410 212 288 896 914 12 411 82 364 983 427 944 936 252 588 265 568 381 448 486 469 984 522 369 952 318 594 610 218 659 650 568 804 890 625 55 529 523 202 351 561 878 793 258 693 813 405 67 887 721 899 469 862 486 494 805 30 563 245 386 183 241 96 506 570 624 513 621 463 695 295 161 798 309 897 353 201 402 458 538 82 786 990 534 990 241 705 296 66 122 239 71 317 400 124 892 901 975 20 44 588 817 467 6 860 95 315 228 632 891 832 402 694 493 832 1000 878 41 673 354 479 623 458 498 680 968 876 64 993 443 488 929 556 793 14 632 475 587 952 153 198 636 36 371 389 485 224 724 817 519 192 146 207 743 765 576 440 553 691 855 523 145 252 810 696 997 789 138 561 47 183 187 717 597 63 188 611 356 127 73 385 669 390 349 95 931 870 115 523 107 836 237 229 427 404 894 244 
314 737 751 183 846 860 122 823 963 202 92 402 266 3 350 357 57 309 232 236 652 112 959 754 743 415 395 468 243 648 837 87 364 827 342 307 91 674 595 355 418 823 736 93 939 469 335 434 914 708 423 935 637 690 60 668 491 1000 343 736 743 661 549 52 462 653 747 498 885 198 198 979 459 445 29 472 147 448 136 349 164 835 966 551 37 627 75 589 333 356 228 334 948 552 785 244 987 853 684 302 73 496 200 667 61 199 308 631 515 133 595 28 124 176 598 438 109 848 808 174 219 732 917 614 984 84 703 716 501 580 77 873 930 858 806 566 835 789 850 168 55 852 254 766 486 859 636 825 80 828 656 475 687 873 816 18 381 199 760 497 252 920 599 902 765 273 609 562 398 728 186 69 4 457 759 138 582 563 241 127 341 575 227 811 477 440 952 467 625 339 756 638 50 963 452 944 146 744 83 101 731 50 180 312 227 739 915 394 665 256 309 703 278 561 969 74 103 751 957 73 103 407 955 667 295 910 658 406 690 586 498 760 254 767 22 963 922 178 288 443 472 199 156 206 612 512 272 927 811 351 605 328 802 458 140 571 810 120 934 122 251 518 159 269 374 997 32 833 728 467 829 461 128 565 570 82 330 315 869 424 696 190 199 554 85 741 785 553 301 185 426 518 670 197 71 936 808 372 703 436 822 892 458 115 969 535 833 691 308 948 73 266 49 940 964 503 350 675 57 479 992 508 876 84 670 26 143 453 915 763 256 686 353 529 212 862 747 992 176 437 689 729 242 482 195 688 930 211 710 769 539 813 471 210 369 930 291 833 971 140 68 797 453 408 704 737 795 972 643 765 107 752 273 342 97 572 429 400 429 595 574 124 395 843 574 322 315 980 466 82 998 561 34 0 507 956 603 615 49 770 191 173 408 853 850 864 180 636 274 734 784 411 310 334 559 974 901 360 572 50 351 777 256 181 470 429 935 740 706 389 506 759 397 829 50 700 226 729 450 854 519 423 77 684 469 16 765 92 574 102 696 727 976 189 477 701 811 776 787 559 85 371 618 44 288 324 408 447 705 506 700 756 213 274 913 243 464 232 513 449 128 482 162 361 104 848 692 905 624 696 986 531 312 172 469 931 900 79 858 658 
435 237 558 203 447 733 962 366 140 816 321 916 657 341 456 812 181 678 390 968 56 761 70 711 900 121 804 99 105 381 337 915 313 998 561 330 734 762 900 632 281 464 142 306 968 724 969 353 699 437 907 863 135 250 149 722 269 911 4 678 281 63 238 708 195 689 60 283 455 340 297 73 54 140 803 126 904 952 426 542 486 25 16 370 256 230 346 284 907 37 767 569 277 311 282 870 759 556 309 32 693 660 635 769 300 91 223 507 694 414 982 515 222 7 436 386 810 91 841 742 944 378 367 943 460 819 63 755 718 51 739 715 768 482 466 851 225 536 496 540 945 603 1 786 572 939 3 41 990 461 671 618 478 232 759 446 216 70 50 18 705 689 361 446 529 281 912 545 282 437 382 414 308 906 598 453 492 264 724 836 764 955 911 27 574 902 679 57 887 898 159 387 223 416 148 341 260 685 513 878 360 831 259 745 132 272 913 365 266 684 188 601 751 726 415 779 747 188 859 53 668 254 529 952 769 964 483 823 650 652 385 732 192 8 39 648 876 692 287 506 621 359 10 698 757 254 198 451 28 537 441 469 334 491 259 284 732 861 23 525 935 81 395 989 407 936 611 792 105 448 456 846 206 300 160 730 552 418 774 84 357 62 63 782 491 533 151 45 240 205 204 431 124 486 846 529 779 494 409 893 123 18 486 294 166 153 660 338 231 914 918 61 4 167 202 6 856 285 75 162 915 455 483 540 256 45 238 23 532 483 816 789 638 866 617 323 792 482 421 848 328 33 998 660 9 543 896 472 801 122 720 785 125 208 674 122 772 410 32 953 475 238 99 300 922 0 433 545 266 342 116 789 207 54 628 62 59 685 71 545 40 92 375 907 101 596 825 441 516 144 643 903 786 894 501 267 214 45 526 207 31 230 237 783 845 941 958 59 146 943 3 731 933 381 514 776 20 280 252 201 312 389 357 451 582 443 470 598 526 914 251 986 568 183 619 207 992 996 564 696 25 670 746 61 52 885 21 954 403 926 848 315 518 17 217 13 555 396 964 556 741 954 129 690 188 870 494 978 543 353 661 248 786 142 774 501 418 35 186 505 919 327 807 76 752 807 27 457 961 532 75 847 320 727 54 885 772 909 538 789 
992 866 143 2 606 767 817 419 469 675 200 769 109 601 45 310 748 165 74 280 613 313 233 177 125 244 775 864 969 790 633 803 697 120 593 616 666 706 447 110 699 311 398 622 397 844 237 925 506 171 415 355 926 391 171 708 782 709 744 909 722 824 691 728 729 719 856 810 172 650 20 902 4 896 437 82 898 256 565 338 920 199 790 325 216 712 930 593 175 969 364 802 694 260 719 834 731 642 986 858 82 72 226 351 261 817 674 311 81 568 855 525 783 889 478 731 761 914 248 530 996 193 960 560 936 571 28 48 339 200 23 525 805 586 573 405 885 271 206 982 422 10 422 33 683 137 513 811 220 366 473 821 996 57 659 22 232 125 455 452 811 985 342 224 882 7 63 292 259 782 485 86 107 992 434 644 742 998 356 430 714 317 987 198 906 188 894 695 440 225 301 11 366 744 377 904 27 370 563 624 285 883 129 820 706 503 628 617 114 352 280 798 388 777 182 571 646 44 340 641 707 286 88 620 905 654 422 967 67 554 842 565 855 876 352 194 921 763 5 415 20 618 179 992 663 586 48 670 63 313 547 873 573 675 995 837 88 67 634 533 433 779 65 3 179 800 530 338 972 163 893 422 186 328 204 728 320 47 894 457 871 183 977 203 802 815 339 883 201 267 747 331 602 876 845 876 113 249 418 554 343 883 134 659 84 211 287 141 281 816 717 514 390 773 407 63 117 293 985 610 175 997 175 344 556 468 983 641 967 386 745 238 118 594 691 417 208 485 614 225 445 970 654 515 529 77 703 835 667 746 991 68 697 609 87 274 287 170 71 943 806 38 938 660 934 488 63 378 508 823 605 401 537 128 50 943 288 716 330 434 91 414 20 293 632 120 119 33 523 581 157 860 180 385 503 889 78 429 46 875 243 227 514 757 379 609 967 985 460 725 275 547 722 70 120 935 580 150 834 854 229 978 322 259 686 171 935 972 54 507 274 832 15 490 730 852 105 68 80 632 476 463 788 880 449 314 563 576 262 521 668 316 684 341 802 297 141 623 388 2 26 373 174 765 689 223 479 40 773 479 10 821 522 808 906 82 546 132 71 498 42 552 725 807 500 850 166 535 760 49 24 345 767 270 290 367 193 938 985 42 
917 910 336 26 298 358 330 435 382 718 728 23 723 658 564 564 850 433 574 331 457 591 827 527 999 899 858 262 527 360 318 429 385 862 845 998 710 465 377 18 527 639 613 263 153 514 861 369 554 98 269 391 174 58 262 214 37 82 624 435 861 290 677 227 313 713 70 955 83 13 158 119 231 223 219 260 707 728 97 108 664 344 813 538 363 691 324 642 728 193 673 859 737 458 265 744 745 586 731 415 850 491 49 244 134 499 208 46 95 230 813 456 442 374 97 31 418 188 82 834 14 508 677 927 922 378 407 855 657 954 895 191 725 80 966 811 98 720 884 419 6 831 953 745 666 757 15 287 130 725 302 971 455 940 195 277 587 88 355 950 29 127 910 394 967 485 654 22 112 146 607 469 477 774 483 921 94 19 446 407 853 488 138 691 996 479 315 710 721 892 259 883 224 751 951 294 897 154 193 272 874 178 350 10 101 31 203 718 405 727 722 728 250 683 503 267 725 187 611 903 729 908 530 703 355 645 770 279 410 768 87 889 482 189 273 615 670 826 328 897 56 640 154 538 429 292 182 292 613 801 644 11 605 838 361 571 870 553 815 872 672 313 918 420 417 374 729 294 764 866 238 768 1 82 780 249 689 261 337 636 495 487 632 129 378 68 550 664 225 272 748 584 465 64 467 592 633 380 257 92 643 888 436 932 378 826 327 864 960 441 917 1000 929 163 997 317 963 226 600 965 784 602 877 773 404 539 86 609 148 107 273 654 81 461 623 729 870 476 71 324 164 865 410 649 905 398 681 616 952 589 106 866 380 10 7 53 898 885 91 321 153 994 208 643 674 798 322 785 216 817 177 483 892 426 723 355 74 705 862 975 601 111 48 385 791 523 700 504 691 952 475 681 519 234 450 333 580 553 263 263 73 902 833 524 577 202 420 514 591 935 723 729 689 422 139 334 894 828 492 798 603 422 638 639 42 615 506 704 325 677 99 894 174 135 538 623 617 419 324 558 568 485 11 347 180 78 34 976 982 631 179 232 235 691 645 817 468 54 101 159 612 958 95 444 318 266 183 287 292 157 124 895 645 585 618 900 687 273 167 811 457 599 185 570 815 67 611 477 325 598 307 351 504 828 248 404 131 517 36 143 
693 167 151 839 162 121 537 14 614 13 564 166 708 490 526 7 914 859 778 497 25 759 9 561 752 807 869 323 536 396 691 189 485 712 694 959 583 417 950 598 322 714 660 992 237 673 899 360 472 677 65 230 441 805 259 637 961 550 15 12 853 263 553 596 454 504 97 291 659 730 178 588 655 523 570 870 372 999 197 254 230 844 631 767 655 706 733 193 37 148 510 528 986 15 635 289 581 251 710 762 85 664 119 366 657 148 813 824 684 140 796 339 374 811 795 377 600 532 310 839 516 777 369 55 757 126 279 744 353 564 758 628 731 447 125 204 556 271 876 419 747 305 801 637 987 994 240 854 408 856 147 70 153 50 243 801 825 2 230 848 738 560 677 10 270 858 660 49 929 505 801 994 898 561 176 562 415 206 308 939 308 353 430 697 450 747 697 331 355 522 191 483 529 774 159 648 407 553 650 644 486 910 694 166 182 482 678 386 137 914 426 862 131 990 123 622 388 136 834 748 578 623 660 839 776 773 500 694 423 207 444 971 739 411 516 547 49 967 721 483 318 923 349 207 585 708 725 558 909 708 761 195 155 315 12 255 314 563 952 359 912 796 368 765 822 63 937 624 83 142 594 387 114 582 237 952 430 695 932 306 841 206 863 724 305 549 279 42 481 149 577 997 931 498 310 26 100 280 828 107 807 736 194 572 655 595 249 550 164 402 536 449 266 611 341 833 308 458 421 121 267 554 497 427 928 660 66 189 94 701 9 322 236 819 371 7 995 993 277 78 484 92 474 257 777 570 35 132 75 413 671 600 409 984 731 435 242 874 160 783 471 346 423 721 231 961 442 367 658 238 345 935 373 645 207 260 25 160 597 418 498 8 405 624 250 343 608 762 646 701 81 213 999 202 729 473 437 731 79 18 855 664 6 212 904 671 783 90 96 226 563 968 970 538 185 669 222 337 775 44 838 322 456 412 691 866 234 606 628 930 192 7 163 712 360 764 855 552 213 834 70 791 963 524 975 885 85 779 373 521 728 860 192 580 783 308 21 132 758 298 131 782 350 544 100 663 566 387 768 462 390 634 493 425 240 761 912 797 500 448 161 403 566 143 686 359 769 852 126 857 590 314 877 241 691 238 496 729 772 35 
461 769 739 378 864 912 593 130 271 126 310 983 1000 974 662 26 362 469 843 620 26 377 287 567 67 112 944 280 350 555 697 439 631 338 870 847 522 117 579 959 71 719 344 268 401 36 970 697 224 771 827 573 659 86 482 586 193 441 62 272 258 985 678 420 413 110 921 308 674 532 548 356 27 625 616 233 9 853 761 656 142 373 881 956 635 407 856 558 696 635 366 873 566 368 549 609 435 353 972 128 15 521 305 261 875 489 663 288 136 334 174 697 702 879 614 508 776 230 42 545 736 789 94 206 511 289 783 723 853 979 978 187 747 179 241 596 669 443 822 383 368 433 798 327 531 863 693 671 324 689 968 30 384 56 49 304 249 191 165 498 154 12 695 730 244 13 42 59 988 26 329 18 176 140 5 901 378 596 796 398 24 44 655 272 924 275 948 713 659 247 878 337 701 360 461 783 148 69 469 314 948 438 263 60 91 144 645 700 469 790 81 931 303 266 285 678 485 357 717 644 203 378 631 939 755 767 749 897 885 638 360 643 308 453 66 463 820 870 747 221 873 192 640 737 178 26 189 679 339 479 92 915 468 703 164 586 703 330 693 884 625 719 856 937 1 351 563 601 84 587 217 418 348 42 612 992 500 639 666 568 812 36 985 696 859 837 738 195 936 728 260 633 974 705 39 316 173 183 889 792 514 536 810 556 268 825 936 409 771 377 297 963 971 189 930 526 227 393 37 710 925 22 341 571 414 490 615 148 702 780 597 585 129 714 48 572 443 890 952 264 688 678 547 826 45 446 304 751 645 67 595 637 715 406 911 666 272 328 183 931 846 922 565 297 34 688 889 940 887 44 888 806 528 922 385 827 498 170 753 359 287 384 882 661 179 415 78 426 228 259 59 202 905 824 366 900 769 610 333 880 28 609 990 582 282 380 550 271 296 675 392 474 169 20 923 189 260 384 977 167 731 36 1000 647 76 923 480 199 95 762 932 289 179 878 457 850 55 915 912 566 481 156 295 612 366 962 493 566 954 454 160 94 567 764 80 98 651 56 796 391 553 86 333 650 372 839 735 691 374 843 318 470 222 590 524 295 437 206 493 600 762 908 42 92 475 160 448 718 873 640 983 481 431 862 601 608 459 542 683 511 
902 356 27 277 54 998 24 379 541 831 406 121 252 255 687 990 956 463 753 334 478 779 335 265 263 103 358 620 778 817 127 427 223 461 742 43 64 280 855 905 290 995 759 299 165 38 818 935 939 617 9 733 139 839 663 62 134 923 217 452 645 214 257 243 235 570 724 360 934 203 410 635 380 831 658 981 804 857 321 149 549 805 242 841 971 562 983 2 933 368 68 420 296 312 373 935 196 348 530 651 711 992 867 856 292 622 979 268 136 582 335 834 821 453 787 191 946 242 154 87 244 595 24 329 261 370 309 208 578 838 830 559 545 501 957 612 70 199 770 333 803 958 642 794 161 597 84 381 712 905 996 299 584 404 340 79 630 865 462 806 723 276 161 596 225 713 374 358 182 943 387 248 12 261 850 561 593 853 694 334 140 803 174 665 192 636 764 358 901 203 345 152 426 431 546 196 720 354 3 461 88 610 43 107 375 294 58 471 727 256 424 973 571 133 586 400 362 853 660 762 204 877 441 656 14 359 148 687 29 721 401 476 497 157 152 100 454 465 291 593 499 402 578 934 394 715 906 486 543 91 760 951 743 671 312 290 700 501 24 764 881 397 243 391 3 644 890 297 385 884 490 949 379 579 408 496 882 579 12 499 263 634 464 40 444 502 506 338 875 510 482 459 995 567 130 914 390 840 896 8 1 419 180 17 49 90 6 974 588 415 423 120 514 726 274 986 28 861 354 101 106 354 665 445 245 315 497 543 267 395 53 889 214 80 955 50 834 518 947 217 54 817 945 410 674 461 499 610 964 555 914 855 687 330 674 62 44 469 982 312 905 669 320 961 919 166 556 734 384 680 223 599 937 675 804 711 715 396 406 167 675 758 731 956 933 649 398 510 319 892 984 237 406 553 134 221 304 496 684 738 58 810 18 681 17 699 310 980 655 7 674 355 997 223 353 878 436 888 135 10 729 399 857 157 892 216 561 216 127 898 140 675 567 556 362 910 633 627 879 798 506 706 209 528 882 546 283 896 992 232 578 44 942 812 914 68 630 367 907 940 942 960 750 568 118 165 157 77 469 827 812 552 13 704 807 371 421 90 362 913 461 220 134 867 813 693 682 686 555 168 796 118 611 841 808 11 956 856 212 437 
245 769 80 151 893 253 62 548 353 97 509 836 547 410 921 974 772 189 912 221 557 250 685 405 483 349 850 41 103 878 997 95 52 313 223 676 708 484 493 144 905 469 228 215 421 401 22 561 981 326 303 738 174 352 240 852 514 748 48 568 649 347 522 803 151 507 570 140 986 567 517 124 518 160 615 556 408 721 437 991 620 563 364 234 900 837 686 40 479 78 769 812 926 412 756 812 478 866 736 462 989 70 605 801 2 654 857 338 184 218 870 458 793 103 362 347 136 215 117 199 159 302 832 787 157 109 931 9 400 801 734 976 683 40 5 206 76 205 292 575 72 607 687 809 129 662 628 513 969 27 584 967 84 94 610 729 297 678 841 414 65 727 138 431 917 662 435 946 622 250 864 745 49 932 758 902 426 48 567 331 811 561 738 966 223 827 464 147 61 24 300 827 739 137 362 537 428 131 403 676 599 321 879 985 436 49 282 212 78 954 579 763 527 215 777 843 252 612 54 345 141 225 298 605 687 842 626 90 594 641 526 501 556 974 333 953 532 656 734 170 414 180 936 767 812 280 554 722 734 350 617 252 902 809 759 416 895 44 450 35 806 35 991 666 163 367 943 50 386 249 788 152 933 598 726 250 245 301 726 753 608 895 850 123 758 56 326 536 696 750 259 721 542 582 101 112 812 849 852 544 200 944 58 100 223 821 30 397 428 327 233 734 158 428 582 901 826 268 918 235 620 872 922 575 11 693 331 195 466 317 649 333 668 464 448 353 225 554 965 78 800 101 224 168 410 203 750 454 134 298 652 199 186 339 284 866 7 230 766 32 357 688 300 752 723 775 942 172 395 124 324 553 323 564 576 288 798 178 584 999 98 931 352 849 67 728 840 464 814 646 449 963 347 403 510 64 66 861 941 187 286 171 234 576 81 593 80 327 229 569 708 983 904 525 93 808 786 7 977 646 388 588 937 757 328 623 385 219 58 277 196 618 379 365 530 801 632 73 637 911 490 963 551 777 780 90 38 343 521 132 632 331 885 514 619 692 987 785 866 322 757 246 130 277 445 167 424 530 584 242 354 12 73 286 691 717 402 263 60 65 371 282 94 735 468 930 686 253 895 922 230 156 757 421 902 399 480 591 579 579 
215 900 639 170 543 489 446 61 598 350 311 465 713 227 789 854 374 81 919 428 302 819 404 287 9 957 476 447 807 947 270 277 576 854 791 878 733 482 21 67 897 852 980 637 145 786 937 736 979 522 558 856 350 0 115 525 503 375 744 694 717 413 968 38 453 877 918 901 800 824 221 654 731 228 871 245 738 342 671 679 247 344 570 744 50 742 186 335 57 131 706 882 514 961 135 182 347 608 0 872 819 738 811 818 284 525 213 889 238 207 978 871 775 840 339 869 685 242 400 887 742 452 472 575 310 251 896 941 272 537 22 695 424 207 875 302 241 589 334 676 180 811 247 837 552 47 805 97 61 653 545 958 239 985 896 354 780 821 829 521 208 901 734 64 613 607 43 189 721 453 352 503 198 907 836 729 957 792 47 780 80 74 879 779 879 480 875 17 411 33 815 44 514 434 792 689 843 327 58 328 115 960 348 601 838 585 470 747 691 48 579 686 738 781 333 398 978 287 511 780 257 63 313 947 86 860 880 721 334 131 787 903 442 92 855 164 816 990 416 842 128 273 168 54 235 849 856 866 936 33 922 152 748 808 255 477 874 294 213 695 845 137 451 123 869 128 111 620 24 599 245 217 324 771 833 285 359 626 301 654 709 195 190 705 464 740 321 112 367 278 974 126 479 86 490 204 867 824 57 935 923 736 851 630 840 684 387 304 844 915 730 390 160 347 589 578 73 241 297 76 889 256 574 427 788 750 221 454 971 515 667 985 858 430 134 25 318 214 180 469 711 141 576 762 540 444 571 70 323 364 791 411 146 296 789 26 226 386 814 113 454 436 618 241 742 627 839 986 439 636 645 977 54 84 861 196 399 102 246 678 338 980 368 16 311 114 121 77 847 471 910 845 457 547 332 126 285 93 118 432 546 608 383 948 755 484 988 700 29 924 728 299 358 172 293 276 15 455 981 380 371 421 954 129 14 471 792 806 670 740 704 949 754 382 751 684 294 174 339 290 975 296 407 117 352 427 731 477 702 239 466 289 725 140 478 670 43 183 623 829 618 556 778 66 108 715 289 460 411 261 972 55 459 910 216 133 357 174 660 414 856 637 391 99 459 16 360 374 718 809 107 989 557 976 533 47 216 553 416 868 
878 281 827 790 377 227 771 690 710 660 255 804 6 40 871 17 96 72 211 173 286 648 657 738 424 612 611 974 10 332 839 958 721 578 97 874 68 86 520 867 631 977 559 487 614 784 398 831 603 702 129 340 986 936 846 277 22 294 297 983 855 288 432 551 908 537 751 159 574 91 742 478 59 174 6 794 456 32 95 277 337 672 633 474 928 240 326 479 435 339 239 511 821 590 648 248 341 745 82 611 166 778 644 828 644 356 261 904 211 721 462 931 27 603 429 97 151 858 110 282 846 337 288 359 404 250 353 780 831 290 511 563 573 266 410 888 347 689 425 15 936 463 39 744 479 781 139 607 89 241 315 938 788 783 799 451 903 333 978 626 13 43 983 699 329 992 85 860 193 829 691 111 529 524 331 444 96 560 749 133 109 972 621 568 766 570 919 221 98 858 876 525 651 872 902 482 639 498 59 57 991 871 420 559 63 980 756 757 524 282 822 449 508 151 662 547 985 179 48 124 449 377 196 553 310 892 339 240 487 556 191 294 857 504 331 492 364 423 343 925 349 911 562 890 323 681 656 726 220 327 411 547 978 355 977 346 346 331 143 847 124 98 321 908 941 709 568 537 448 274 608 156 428 482 794 631 128 615 629 747 963 674 271 710 552 11 905 65 906 867 889 700 445 897 779 781 717 530 10 939 144 106 395 611 880 361 880 189 850 896 797 22 795 417 522 60 822 101 449 174 120 662 254 401 715 81 670 673 395 285 596 894 968 534 666 626 447 14 737 97 560 343 748 435 441 340 507 748 830 432 540 234 116 283 701 594 833 140 901 172 227 23 694 894 332 113 878 487 878 57 373 785 198 964 192 131 425 383 289 545 121 514 353 426 658 95 670 524 294 896 319 897 556 550 454 455 247 266 480 68 978 443 854 410 708 183 569 877 616 340 309 341 107 842 422 897 111 346 892 811 632 917 555 566 20 137 219 111 514 833 87 891 114 531 97 28 68 790 529 879 870 530 199 617 713 675 368 575 148 197 240 978 373 895 945 914 431 525 171 717 255 259 785 384 733 84 568 97 566 661 530 890 902 89 34 202 616 679 157 241 982 960 706 613 731 491 252 921 171 195 306 277 825 919 9 322 905 520 19 251 
578 457 486 331 516 1 602 838 232 287 733 291 822 715 198 379 6 561 538 735 704 988 726 560 684 38 833 490 655 14 92 494 77 890 568 328 430 626 110 22 355 597 958 924 119 695 948 531 74 371 563 287 372 554 662 402 39 186 464 39 868 401 710 406 276 332 378 134 202 548 668 999 617 196 600 41 235 893 794 809 548 686 346 187 904 170 534 556 789 712 502 812 907 334 442 845 901 944 519 341 346 313 655 978 996 191 357 991 978 899 114 550 763 553 165 797 568 676 229 941 909 370 141 251 588 961 855 262 625 385 526 574 601 831 727 509 711 203 916 799 785 620 979 745 552 290 569 785 338 226 878 722 131 846 636 686 652 795 155 39 828 727 370 445 38 620 188 460 413 336 294 507 885 445 588 18 811 884 301 631 537 464 823 71 512 74 158 479 52 482 301 35 320 138 960 680 67 225 252 283 107 956 684 8 773 266 57 583 960 793 149 748 622 795 961 94 844 391 929 748 325 5 663 139 430 893 800 364 269 485 908 488 385 368 647 399 446 675 709 310 109 578 37 182 564 286 733 427 65 379 970 936 525 660 622 643 842 270 792 750 858 337 522 950 925 642 897 253 208 367 979 483 716 368 503 593 945 664 184 230 854 492 563 707 731 335 186 334 950 707 809 869 985 712 282 785 590 587 51 769 691 420 821 786 70 714 918 326 372 103 120 467 599 962 539 680 258 728 892 37 324 767 810 976 485 741 854 124 787 861 699 409 660 468 695 386 124 554 117 619 850 933 758 439 185 764 141 297 950 525 282 688 756 787 927 629 760 746 319 53 623 708 494 296 279 468 306 409 439 922 135 254 269 423 722 653 322 254 247 29 781 890 515 416 641 880 0 801 862 949 286 608 742 853 243 803 150 820 17 195 252 117 668 4 158 754 104 292 275 597 536 671 639 740 103 183 351 390 319 879 442 533 281 187 458 637 158 644 1 567 426 836 481 146 592 317 903 310 39 255 681 415 463 218 552 432 722 946 982 821 850 81 838 157 102 725 195 185 378 140 23 606 590 792 50 740 71 840 232 318 71 116 160 632 795 315 603 102 614 227 400 597 64 980 562 935 167 742 445 524 965 881 742 474 135 280 807 177 123 900 
31 254 407 689 667 803 662 102 768 621 345 345 540 986 295 348 344 721 917 323 928 761 664 623 114 943 150 650 394 788 981 33 758 158 806 696 670 384 586 448 458 328 80 154 293 234 706 163 332 9 824 41 785 30 332 390 332 16 958 233 977 939 96 141 103 77 519 416 344 927 652 439 170 511 507 488 498 811 763 519 525 397 529 288 385 994 652 357 932 910 868 817 152 645 788 537 593 714 879 102 206 329 197 133 544 864 774 265 64 457 383 930 271 431 540 89 189 9 588 736 754 267 187 814 214 288 421 481 552 435 272 433 515 852 927 30 26 512 780 869 161 532 745 572 272 339 903 90 138 315 985 744 101 957 578 34 105 126 968 516 482 985 702 498 151 749 362 972 131 684 148 443 671 422 958 923 103 515 422 173 77 401 47 722 730 238 741 664 411 159 60 150 270 121 303 336 897 81 689 579 8 867 670 969 399 386 936 303 997 395 377 530 197 343 235 333 826 534 18 95 253 92 409 763 653 174 752 482 815 573 640 818 988 393 401 896 462 750 384 518 107 256 185 409 785 232 184 19 681 142 512 844 681 37 296 896 240 866 536 337 489 863 97 422 486 816 48 992 513 202 660 755 682 121 987 118 780 431 705 61 516 54 131 211 398 138 264 313 774 727 233 324 975 670 345 789 196 676 857 918 281 189 883 247 423 533 544 802 69 685 277 93 207 231 163 77 710 772 813 800 556 328 140 142 836 466 697 389 742 154 718 877 50 463 611 278 374 764 833 449 474 853 311 462 72 748 743 732 405 521 885 201 438 778 895 64 796 728 699 404 991 79 143 765 753 376 621 246 301 513 814 669 658 836 551 302 4 863 994 127 510 982 951 554 574 716 300 127 993 382 3 286 55 98 658 792 650 534 8 548 327 170 656 297 689 627 589 644 345 467 697 143 393 146 790 807 749 841 866 445 339 410 453 547 806 389 377 809 143 578 951 681 651 896 698 425 192 766 752 974 187 638 367 392 8 28 840 998 124 591 998 728 99 997 594 151 89 446 123 203 235 461 913 657 138 447 964 858 733 666 779 316 182 717 889 591 175 359 226 860 889 185 164 685 587 62 765 172 412 736 644 460 958 981 524 356 91 634 954 651 
676 295 561 60 7 758 290 664 300 715 266 994 38 666 215 916 524 938 400 221 536 466 132 134 878 90 833 490 35 344 137 560 159 884 414 830 658 359 139 566 508 230 94 808 138 629 420 581 427 660 426 23 660 527 342 238 665 94 136 982 932 469 214 710 162 183 527 256 667 284 575 687 252 527 500 970 797 169 737 434 789 577 99 267 546 600 879 85 750 848 686 807 932 691 593 658 142 412 721 860 227 347 334 284 601 403 608 60 920 480 270 669 440 544 671 54 908 323 179 973 295 651 186 197 662 140 38 474 16 446 411 960 384 408 430 190 627 219 681 322 632 160 862 529 140 549 629 928 193 334 336 197 810 733 527 912 331 292 232 842 781 623 961 70 391 305 657 939 580 910 652 825 734 543 88 832 339 849 237 409 403 979 19 816 820 994 572 227 390 634 532 930 350 720 224 707 111 438 878 244 405 548 297 746 585 575 310 748 477 544 608 487 330 389 703 958 300 336 827 298 834 506 161 873 996 575 819 54 383 498 161 846 385 51 356 898 362 435 543 289 152 325 835 899 635 596 720 953 368 373 740 906 646 775 868 576 266 364 25 443 296 642 231 923 998 382 770 271 447 281 208 450 280 984 442 120 948 631 731 19 75 786 157 525 364 96 286 947 791 757 241 232 315 836 893 775 581 34 888 0 642 969 679 81 957 676 805 464 318 562 45 836 673 687 814 587 481 758 205 652 874 424 270 325 517 922 367 564 301 78 69 537 796 914 923 100 559 595 299 452 494 557 841 74 539 566 610 828 490 409 507 891 190 241 757 25 948 465 57 486 570 286 918 350 330 24 754 756 998 723 193 500 23 815 65 804 931 220 534 754 789 216 621 288 578 62 259 635 982 858 806 268 806 89 6 475 380 659 320 708 313 826 485 763 786 726 889 498 765 543 428 793 553 414 720 243 506 143 773 638 291 480 68 476 772 392 827 308 604 169 479 399 431 214 357 480 801 490 316 783 795 970 33 660 373 562 195 541 285 496 95 662 674 478 192 684 421 789 173 592 53 729 28 437 402 126 602 390 703 67 86 610 600 377 494 41 849 136 81 534 209 567 332 385 896 164 586 247 841 589 225 422 146 483 25 498 729 91 770 947 
656 188 650 817 60 119 848 19 701 540 667 208 802 983 837 143 661 750 200 709 569 172 26 406 418 42 63 833 435 343 668 103 327 499 792 38 46 551 366 240 128 697 758 554 198 465 771 438 394 754 971 558 341 928 372 195 618 816 349 670 604 416 531 655 976 276 587 333 228 775 255 582 539 670 221 34 9 465 583 170 485 304 348 927 749 500 326 517 401 838 71 782 44 619 431 685 854 206 218 134 727 166 858 284 534 399 23 126 599 983 4 383 937 202 99 906 474 204 682 620 98 740 780 906 226 142 18 868 313 212 16 512 316 196 744 986 536 459 764 246 448 257 278 390 278 672 751 268 660 226 495 573 558 585 44 280 461 68 645 719 886 618 576 291 139 928 230 21 30 788 433 560 400 660 58 412 765 204 141 67 574 713 98 840 800 57 523 834 523 821 381 422 99 843 13 299 863 445 889 585 325 611 309 657 347 186 209 498 776 170 617 825 296 422 712 358 826 543 816 361 511 437 970 495 226 297 282 119 185 681 463 108 710 422 525 13 893 954 508 772 497 914 371 459 72 245 238 651 873 32 93 200 841 965 542 763 392 344 784 240 94 672 15 611 417 795 714 289 804 279 225 185 900 846 963 354 751 929 203 577 221 321 915 764 185 422 9 443 540 885 154 450 773 708 404 901 633 917 568 621 191 230 418 154 141 474 599 685 535 736 421 201 204 525 699 672 929 271 672 497 881 703 739 803 695 225 193 889 415 101 305 435 463 111 424 884 883 587 161 963 351 756 576 897 30 969 444 275 334 820 501 185 278 667 99 627 979 6 246 333 739 893 393 57 268 789 489 414 959 766 845 311 684 559 778 184 894 329 313 74 346 197 558 972 351 926 971 740 66 650 527 448 849 465 213 457 587 485 584 447 39 91 382 297 970 442 906 268 14 654 185 539 462 436 150 280 594 6 796 299 520 292 916 464 44 469 154 696 248 199 422 946 639 982 162 199 782 652 272 856 44 660 558 989 8 312 86 814 231 478 297 390 465 501 305 34 965 384 466 742 654 568 11 608 239 509 581 856 430 270 645 791 480 937 623 902 899 970 488 187 860 549 332 820 878 601 604 897 382 275 244 212 210 679 836 477 747 98 445 636 
908 790 875 991 680 970 129 669 626 854 513 556 521 213 588 828 484 38 817 352 862 515 0 463 0 748 175 725 62 662 741 39 358 978 622 787 615 705 7 556 251 671 540 688 31 462 475 499 657 988 700 377 699 974 114 909 493 362 908 942 231 729 482 562 725 204 154 992 666 712 762 582 675 63 159 615 109 686 410 4 18 257 386 938 377 161 833 478 645 365 884 661 586 188 883 283 762 840 768 328 669 957 17 667 98 716 220 113 68 258 227 218 872 59 11 866 156 510 680 743 618 320 304 869 406 178 291 610 241 593 745 887 397 5 420 534 450 718 901 591 309 461 458 846 1 24 810 220 732 478 483 796 427 424 978 390 332 168 870 934 471 108 367 497 896 514 881 563 545 251 700 614 840 471 667 727 890 542 578 887 965 52 299 654 733 920 779 870 150 337 39 66 958 265 164 684 961 803 310 433 138 890 263 145 442 635 180 891 115 507 279 714 638 842 325 967 28 28 456 344 303 287 695 462 577 310 761 757 816 168 275 454 119 784 730 222 310 809 441 168 553 142 259 10 925 709 640 860 449 394 557 692 73 699 921 572 769 475 257 13 627 299 147 773 610 961 228 116 761 698 148 967 753 233 609 628 561 319 849 691 289 912 483 86 242 581 971 835 970 421 946 893 399 532 75 766 230 897 269 57 796 559 486 961 572 507 115 196 491 623 321 687 965 802 637 864 75 716 646 240 619 368 614 198 991 729 639 226 463 795 798 957 253 239 507 941 388 174 507 152 258 842 509 649 142 386 216 264 550 318 105 409 91 654 186 893 879 210 393 367 886 62 870 251 563 382 177 165 676 987 685 511 124 241 705 694 140 545 7 54 55 858 584 433 184 585 971 879 315 602 322 704 368 210 341 363 44 678 913 761 578 480 973 608 14 427 952 78 616 714 177 200 876 900 478 820 746 948 753 246 236 449 48 464 745 249 536 416 619 766 815 733 655 804 945 195 658 167 713 296 417 217 685 303 904 864 895 313 559 66 605 933 182 428 999 494 504 752 805 63 529 286 95 590 672 228 231 367 582 230 534 605 38 861 234 958 179 571 500 458 555 533 573 256 258 645 497 130 973 753 108 568 10 980 959 113 975 306 686 13 
554 952 196 60 584 781 4 427 920 541 712 520 858 55 829 355 805 215 477 196 710 397 582 778 259 547 705 121 865 785 114 167 133 577 587 821 451 50 168 835 74 377 561 603 946 579 636 854 54 816 718 975 155 181 22 39 93 670 937 510 517 749 620 697 75 62 486 166 631 912 81 27 637 242 419 465 300 630 711 967 767 90 17 963 634 9 418 856 686 69 443 601 281 575 803 634 604 607 530 403 624 952 612 565 499 115 332 252 216 777 984 501 87 228 316 162 215 972 165 735 548 676 592 491 556 996 617 433 815 302 24 19 25 669 636 407 652 460 566 395 628 612 373 344 389 377 532 341 698 522 899 265 783 3 615 672 398 67 530 782 998 32 293 464 87 302 404 376 2 190 401 914 613 189 63 572 284 221 589 114 583 168 737 623 692 799 2 792 518 796 82 852 195 413 865 293 991 56 32 894 22 183 705 190 102 382 54 443 683 545 103 452 586 373 837 435 229 210 297 463 166 526 572 978 768 94 2 30 948 621 328 238 855 147 650 414 412 16 217 48 362 944 79 690 884 620 336 980 302 338 114 705 811 996 394 494 467 743 384 845 197 423 170 786 904 232 482 395 857 583 890 341 711 856 751 460 480 403 364 971 580 880 516 508 455 277 936 889 629 835 39 658 853 748 165 203 19 937 177 978 324 601 524 31 388 921 401 79 442 164 944 224 822 469 825 575 932 108 536 796 182 340 98 488 766 482 129 230 465 916 12 499 948 902 87 914 708 982 826 867 967 756 993 231 720 49 120 989 210 887 75 751 806 686 889 902 257 507 937 824 315 613 330 636 837 296 873 577 68 95 663 559 128 280 747 651 491 879 311 810 414 491 617 637 101 665 372 624 547 464 224 717 625 353 514 609 889 998 864 21 581 799 227 674 701 79 340 856 316 231 231 546 989 648 289 130 210 146 740 468 632 461 910 963 499 38 97 631 453 621 45 545 375 137 718 40 920 400 757 575 768 844 652 962 26 569 256 848 414 688 53 980 210 558 122 567 200 287 205 458 500 633 57 194 8 464 917 7 71 568 251 803 516 986 60 272 791 2 982 524 702 337 857 863 935 169 761 306 36 129 998 836 138 445 226 679 326 18 501 740 
416 528 783 561 575 855 688 558 263 403 809 255 542 837 586 494 126 994 808 684 998 160 678 85 148 404 758 439 375 753 480 266 349 975 298 196 998 816 153 260 971 263 246 544 788 168 625 527 778 553 1000 405 252 342 910 490 163 805 772 524 863 542 160 902 91 382 183 640 33 87 489 998 300 136 645 267 397 803 573 273 590 24 658 143 240 66 801 890 108 884 815 230 286 906 694 429 625 88 113 97 336 509 883 358 951 794 808 354 854 989 509 970 508 145 733 632 914 905 945 923 808 0 167 755 341 308 291 531 620 455 759 637 85 291 785 604 720 349 95 846 557 715 18 755 260 93 160 164 865 357 943 711 112 595 940 270 996 655 87 484 372 332 939 643 969 639 776 968 990 224 619 301 852 279 932 665 315 727 76 335 697 929 419 511 772 833 738 651 25 185 923 960 330 105 339 463 434 974 345 782 895 938 497 830 561 498 432 966 348 746 488 298 559 766 537 652 149 754 939 765 446 711 969 717 823 545 387 175 852 707 570 90 311 89 0 820 274 191 401 234 89 712 854 507 626 910 982 714 48 234 302 249 960 229 754 933 79 297 187 545 835 268 865 991 397 314 421 287 40 539 991 155 426 188 218 862 130 941 599 399 548 232 819 424 559 203 87 474 304 159 587 852 800 96 116 476 831 528 250 132 309 383 966 445 170 537 44 143 855 353 866 237 349 116 814 578 679 635 345 626 382 949 555 222 136 680 665 68 146 861 776 588 971 522 510 5 955 551 565 28 804 7 272 746 972 449 938 983 724 937 617 53 692 97 243 248 662 624 157 464 772 684 607 7 890 877 787 303 471 322 782 321 635 574 373 699 384 974 390 491 954 460 269 659 176 887 827 13 123 742 214 208 80 345 555 683 526 236 200 177 431 46 32 358 72 528 836 263 732 356 942 299 513 562 159 674 751 189 264 824 981 734 344 331 775 530 886 987 396 503 21 962 111 761 258 11 133 855 971 856 267 351 922 964 361 130 13 392 837 378 478 286 607 477 124 892 525 467 166 374 959 617 135 319 415 764 295 69 465 61 68 819 685 733 950 749 805 93 754 353 331 259 873 152 255 857 557 376 54 814 298 114 935 99 773 84 293 313 177 612 
247 313 533 42 977 297 77 72 854 133 469 889 234 783 934 307 681 428 275 469 483 532 135 465 770 142 712 884 819 609 486 863 743 654 143 352 507 614 949 194 200 182 66 46 889 433 425 332 401 343 881 518 423 389 422 957 140 674 964 698 202 923 675 993 74 53 609 727 18 868 345 797 714 76 696 8 62 68 20 315 450 618 30 978 952 309 880 303 731 259 531 655 920 741 190 648 788 393 214 919 532 406 678 894 274 18 399 515 36 521 549 325 200 579 109 332 121 315 120 324 664 646 867 622 310 922 510 283 904 461 299 347 558 300 939 825 529 374 758 584 589 467 151 928 501 369 36 465 21 1 843 439 264 855 886 750 433 75 730 13 617 446 679 157 245 556 909 165 307 219 577 182 550 50 475 346 653 24 236 991 928 372 518 737 426 175 110 763 522 861 21 307 313 913 648 922 121 748 281 333 90 289 493 395 530 197 174 830 358 73 414 369 396 573 729 917 515 447 597 974 816 12 181 173 41 380 557 473 669 862 617 632 117 298 363 696 294 74 346 271 337 756 90 464 386 154 463 819 797 141 661 847 731 409 653 170 299 815 679 417 809 718 6 203 628 948 92 479 824 17 394 618 393 302 544 534 902 877 632 67 794 606 750 476 350 300 946 18 875 708 774 541 253 172 585 672 865 771 974 665 544 907 961 42 796 317 793 674 365 11 200 325 382 835 72 75 626 501 914 163 41 661 833 110 444 558 334 329 526 136 567 563 134 796 293 282 26 413 747 368 196 843 943 599 766 593 583 296 101 593 719 140 625 974 328 35 577 320 615 897 955 216 211 472 254 492 779 330 20 178 911 804 362 561 216 138 149 319 913 532 423 456 827 948 69 562 952 50 708 310 37 167 256 805 527 309 263 542 681 712 228 859 66 955 247 656 751 158 425 263 556 723 445 79 671 764 610 629 756 112 81 929 392 186 826 562 820 6 344 888 197 66 17 750 474 87 558 430 173 662 342 921 369 376 342 243 174 559 360 875 595 578 505 398 142 2 589 867 385 538 870 228 806 679 2 26 288 307 814 662 490 296 82 238 795 942 544 129 196 983 163 219 338 217 995 201 21 183 712 828 683 662 991 543 474 552 162 512 618 78 
355 558 820 707 7 865 307 632 329 231 623 380 389 784 27 271 618 137 392 849 169 650 860 619 895 943 913 839 412 401 186 856 768 705 319 999 574 447 202 714 986 484 699 270 315 703 941 647 134 673 204 706 966 208 330 44 853 481 310 255 425 115 915 261 82 894 399 312 311 365 299 402 883 132 880 619 639 904 640 618 552 776 269 820 726 920 100 57 887 356 504 7 381 561 40 979 743 594 258 629 626 289 638 352 86 942 269 132 951 436 830 164 349 828 119 999 758 715 135 966 318 711 917 195 840 839 759 228 853 1000 592 655 377 579 335 926 794 413 502 715 799 897 361 93 552 910 891 366 106 944 540 315 242 668 64 481 244 25 431 472 956 909 791 707 16 743 542 178 1 678 205 229 7 903 838 828 377 432 600 319 274 103 980 657 789 818 13 135 743 719 978 943 347 131 528 669 500 375 846 786 997 5 173 803 517 803 243 835 302 456 857 804 248 749 179 428 614 654 402 955 716 739 470 581 51 569 652 625 133 929 485 75 759 781 853 99 177 829 136 674 816 128 846 107 360 179 280 397 299 915 956 978 451 323 885 454 658 835 761 309 768 719 456 551 523 956 509 725 994 653 974 746 302 755 80 366 514 109 963 465 203 145 479 139 368 470 386 890 854 838 875 281 772 879 289 284 868 502 762 239 65 183 272 296 349 792 167 604 207 330 218 687 792 568 360 703 842 825 487 490 527 334 407 791 311 323 754 224 721 556 504 865 303 611 904 26 59 390 678 472 76 398 611 332 855 162 675 43 248 145 562 41 807 547 925 820 271 495 318 958 53 166 35 223 588 408 446 440 453 720 553 840 756 866 659 371 326 126 494 492 836 667 452 690 113 524 450 585 40 192 676 226 473 977 63 606 907 927 613 119 782 390 209 361 397 688 210 618 105 526 979 607 639 352 542 836 763 836 490 442 370 353 721 360 574 315 628 234 224 296 959 855 578 500 116 316 762 43 495 605 710 228 497 108 176 147 590 825 314 846 502 173 409 950 964 889 360 372 955 257 143 190 433 661 328 365 709 582 950 248 841 758 996 992 17 548 159 550 75 284 397 67 964 757 25 671 958 277 321 671 80 967 521 953 693 555 277 927 618 190 
215 30 952 170 617 862 524 120 543 790 176 560 792 885 854 729 939 352 139 595 768 937 763 795 585 659 112 666 754 328 102 714 800 42 364 753 480 10 776 130 368 730 946 209 188 471 656 788 610 877 217 203 421 24 448 817 357 107 145 265 227 421 460 824 493 881 537 10 533 129 970 80 928 171 420 956 928 533 165 934 880 275 977 472 922 896 483 351 694 590 274 618 86 935 541 480 283 524 294 93 440 47 179 188 752 210 86 961 896 331 149 338 150 568 224 970 513 574 509 274 378 681 43 98 705 41 5 825 167 957 270 55 526 535 22 505 429 743 75 126 477 45 731 621 726 765 502 458 120 612 949 918 640 665 826 862 576 57 241 74 348 233 363 176 507 552 272 226 186 246 184 874 328 742 834 118 60 628 868 857 503 487 27 503 804 947 283 42 71 952 725 386 513 434 701 230 499 177 299 609 4 917 475 236 763 493 403 125 508 646 481 640 527 801 51 513 722 390 225 294 421 377 239 522 2 295 122 741 167 806 49 826 363 13 711 124 558 291 628 639 137 821 544 404 44 828 951 911 348 186 961 375 238 291 951 582 897 832 619 593 507 324 849 818 664 709 946 647 610 277 245 806 837 661 577 184 496 753 453 697 762 772 980 843 305 926 303 534 819 315 373 459 320 889 524 900 800 91 795 532 184 82 400 903 259 255 417 204 380 392 552 484 358 585 878 79 528 838 163 738 760 869 322 657 738 772 198 273 267 596 260 681 587 602 169 527 880 679 961 340 563 123 970 287 878 375 64 729 256 350 117 516 948 856 929 72 856 356 235 848 990 216 828 817 595 416 825 586 836 61 371 384 537 466 498 266 349 287 701 634 305 688 908 634 937 386 322 461 531 689 552 763 578 985 711 837 979 470 797 29 26 634 782 552 92 821 153 162 78 660 440 590 607 999 946 429 596 586 521 809 267 890 568 775 756 932 35 36 333 112 272 153 852 301 860 282 484 132 230 977 385 635 716 840 490 65 58 390 760 260 694 322 755 191 117 75 870 820 242 292 265 508 835 237 746 791 494 646 280 434 258 880 422 570 404 431 268 163 389 693 446 918 84 639 764 498 574 810 732 245 564 317 181 504 963 266 624 223 441 884 
159 602 472 787 97 17 416 995 913 467 14 360 783 719 811 494 541 599 743 17 799 629 871 189 224 939 66 654 691 487 498 144 696 766 857 494 973 610 401 287 276 412 850 792 925 129 516 285 233 807 530 202 33 437 591 610 881 238 772 371 152 620 802 433 321 972 678 194 596 166 338 522 497 788 88 501 169 777 862 73 730 453 547 134 242 977 242 458 660 718 844 309 191 926 481 603 214 720 20 129 891 507 296 353 40 120 438 499 219 554 67 782 397 490 251 840 741 774 490 254 21 995 229 55 540 649 113 702 102 770 900 515 57 220 798 376 800 804 451 702 402 181 400 799 7 794 658 684 502 919 912 227 662 255 19 728 911 728 87 791 970 167 545 566 238 117 45 518 892 215 289 832 12 215 741 537 429 765 943 740 969 217 725 305 827 942 710 401 895 509 828 458 555 131 342 297 719 991 167 555 930 609 484 393 395 791 963 229 350 283 949 187 633 453 691 196 3 478 9 471 751 48 114 530 398 660 271 911 603 299 529 2 657 918 509 751 813 207 161 736 416 509 729 669 506 877 112 482 152 503 370 958 489 272 166 644 502 533 542 481 993 405 570 192 531 978 282 67 703 393 257 483 630 513 546 712 693 259 440 241 471 861 750 690 139 50 729 697 745 95 749 873 817 356 324 365 492 895 981 778 26 264 719 699 594 474 543 537 986 673 484 945 544 518 210 970 401 635 469 719 462 309 347 93 530 690 636 51 833 285 536 983 527 781 806 363 540 208 202 516 618 431 347 719 203 570 928 447 143 16 610 350 839 630 900 93 511 225 363 919 238 27 3 548 687 435 519 17 587 709 573 604 107 410 442 698 957 625 99 421 96 574 24 805 261 137 948 154 42 383 587 233 330 655 195 679 645 253 413 954 32 976 86 846 401 361 381 489 58 918 43 196 324 431 324 920 136 912 349 915 85 100 132 638 403 335 901 689 568 85 109 290 399 217 226 455 833 445 782 860 978 431 143 82 362 336 561 643 378 924 297 130 219 944 347 158 71 679 545 248 715 919 359 243 604 946 732 254 147 270 224 941 327 736 911 882 893 879 403 470 474 905 768 402 640 495 62 659 964 243 802 42 576 223 813 246 885 912 702 749 
328 625 853 370 831 582 289 178 387 872 949 721 547 147 641 877 174 187 790 595 61 636 213 379 583 10 338 809 985 788 1000 306 932 698 821 783 141 253 367 869 10 859 185 280 755 174 202 387 96 806 656 672 97 862 558 291 585 51 828 197 529 271 183 780 434 282 520 22 791 57 359 928 939 334 894 376 124 449 509 137 384 306 518 311 509 891 790 598 189 335 454 182 130 982 953 830 893 546 609 281 357 554 255 599 938 484 951 659 867 878 911 678 331 624 526 336 640 746 392 90 192 150 857 345 824 831 935 635 495 345 932 92 980 697 575 162 886 765 617 726 639 405 409 539 236 783 433 293 280 581 933 467 723 199 24 726 694 499 69 603 431 311 937 586 301 429 547 152 571 55 116 470 326 840 418 106 597 507 891 858 357 448 604 310 247 447 64 376 598 832 667 869 895 606 399 704 137 970 148 472 83 341 944 292 562 724 813 49 950 445 0 845 41 453 259 884 477 950 527 270 814 277 847 681 148 525 580 335 888 117 754 512 802 536 265 397 282 388 333 384 396 238 448 216 855 368 68 531 952 726 628 179 430 127 900 349 718 156 724 672 757 250 241 312 851 731 567 175 323 519 234 958 187 894 430 652 753 294 362 946 761 673 245 589 207 422 397 973 600 835 205 905 529 900 938 13 460 601 740 346 270 628 608 682 282 386 154 595 256 602 502 203 840 674 195 694 573 960 980 342 27 207 284 846 336 283 453 454 79 543 854 863 28 327 239 746 268 235 92 490 944 67 226 858 972 820 375 520 691 627 512 635 941 334 105 582 183 111 544 387 538 642 556 294 355 891 712 815 559 933 76 295 237 688 287 551 364 798 321 959 842 631 662 26 51 224 610 219 857 600 228 155 884 514 3 276 804 780 662 48 628 178 808 913 823 255 255 556 108 486 135 539 357 56 129 794 347 341 105 142 215 488 587 364 250 688 857 511 297 489 313 763 644 145 290 26 348 678 279 996 726 743 221 451 244 34 5 387 632 520 182 386 838 864 26 590 640 412 660 895 247 589 189 978 625 578 353 459 726 708 245 274 485 567 516 123 90 421 526 165 659 5 205 882 127 436 856 522 244 706 885 215 173 24 446 409 631 989 652 290 
591 931 604 581 452 498 988 127 291 538 117 398 323 754 274 212 929 948 409 508 380 529 342 974 850 704 722 769 740 102 979 765 343 406 89 881 715 114 358 449 587 756 463 801 645 307 538 82 906 687 422 295 823 336 927 276 708 251 849 733 73 253 800 609 824 433 865 762 137 624 184 834 898 18 627 535 977 320 720 781 154 564 890 424 593 830 496 100 445 277 432 274 486 937 609 511 921 14 414 758 443 131 335 549 255 259 223 23 924 860 830 148 374 34 358 323 821 224 743 81 55 684 636 913 704 374 734 788 242 697 347 604 783 852 267 808 435 18 378 62 159 502 9 82 265 725 347 298 840 83 784 821 583 725 190 667 270 646 254 968 654 420 997 323 655 727 8 180 217 294 893 751 326 997 3 479 809 920 487 584 919 106 209 493 942 100 82 207 821 999 454 127 609 713 733 433 683 299 90 982 241 570 310 850 410 699 652 515 645 787 173 274 476 308 489 626 275 833 572 121 142 612 238 68 32 651 616 577 666 355 92 774 676 13 855 787 778 288 327 639 553 562 452 472 138 491 131 618 678 628 298 623 322 34 44 288 526 20 359 423 413 277 457 822 887 594 355 584 988 578 704 643 653 559 103 483 63 132 382 910 654 843 668 382 543 937 216 979 46 220 483 282 102 774 720 776 691 216 510 273 713 831 626 24 119 397 844 270 292 199 459 794 625 827 564 967 955 5 397 693 961 432 320 814 314 453 520 716 400 687 635 53 154 906 539 394 92 90 692 784 672 254 717 604 944 972 498 349 752 863 748 367 999 137 755 300 960 977 455 767 460 882 582 406 214 220 303 522 692 299 454 318 776 298 320 577 745 895 200 514 598 964 731 702 181 68 815 37 668 642 194 486 848 703 573 546 689 434 411 366 800 839 291 573 139 66 177 224 886 313 414 734 530 67 853 748 354 214 923 627 387 615 45 420 74 163 343 462 145 658 268 633 224 140 326 17 178 753 107 573 487 204 962 282 958 292 900 352 545 970 172 923 852 442 379 73 170 471 26 744 198 771 205 432 446 420 637 195 787 45 170 50 681 504 879 650 24 835 156 950 53 274 683 154 714 579 506 791 997 135 117 460 54 500 355 482 821 809 867 591 
291 650 844 712 604 8 537 402 740 308 945 315 163 26 331 442 365 58 872 688 332 349 952 404 94 396 110 603 227 776 250 982 140 97 753 849 275 707 151 212 902 304 52 983 93 869 512 257 219 262 840 768 242 469 819 813 695 876 389 385 166 342 100 421 996 28 701 407 955 155 366 935 515 233 164 633 338 102 218 319 10 994 968 234 106 95 643 984 429 85 171 528 160 568 876 595 927 331 200 758 5 358 755 36 261 575 459 58 61 511 938 7 289 975 688 685 700 938 675 350 49 789 280 472 661 694 219 427 929 884 450 910 498 530 812 404 732 613 700 594 432 260 65 89 837 362 30 791 750 281 540 914 435 824 510 404 215 615 602 288 902 761 462 72 2 106 262 254 638 616 116 67 860 204 115 729 594 231 296 304 128 619 91 560 848 343 897 552 491 7 369 465 150 294 357 995 183 646 421 229 336 257 161 6 890 62 919 807 623 634 23 743 829 940 753 949 506 677 531 161 666 674 755 380 153 232 450 797 140 418 512 14 781 470 167 424 16 860 786 667 857 273 799 449 159 526 362 389 164 370 2 749 507 258 647 209 456 172 431 549 130 786 439 751 589 80 175 650 306 423 420 949 254 922 12 317 44 317 302 936 879 77 374 843 874 478 242 237 473 319 80 808 67 732 190 616 672 802 79 1 186 812 317 917 542 415 790 661 247 851 269 830 282 114 568 49 83 157 222 806 865 251 234 483 637 755 445 908 945 44 258 794 871 803 130 506 884 295 356 955 966 800 608 419 316 448 347 716 607 56 719 602 602 467 717 640 963 467 457 904 509 149 19 399 338 540 270 526 107 239 789 648 6 368 165 161 253 971 97 706 474 350 844 219 738 301 822 242 312 145 946 45 510 785 858 500 242 374 940 54 100 773 666 52 165 703 176 30 138 172 347 969 609 126 905 23 541 735 126 697 258 569 715 909 425 910 883 500 949 605 810 87 616 438 951 299 285 90 710 679 831 721 868 112 37 738 505 932 908 382 643 465 359 696 848 522 711 885 153 312 660 444 565 97 383 63 300 707 947 548 869 628 974 466 129 393 824 636 849 837 421 507 295 591 619 517 595 914 788 924 815 434 12 628 193 696 511 47 998 594 
612 492 779 276 465 204 78 923 645 309 617 892 923 521 886 613 547 769 941 118 32 336 764 604 776 921 974 99 292 237 871 516 75 652 723 673 74 217 334 19 39 432 511 197 969 418 160 518 469 705 261 693 369 749 253 611 899 452 400 894 203 743 53 677 155 243 379 239 649 765 426 621 473 410 24 822 498 389 295 143 114 453 792 517 963 208 239 454 424 824 91 163 219 338 735 176 704 298 598 714 36 774 562 461 557 608 162 67 862 224 927 963 958 361 8 157 308 585 933 170 787 755 768 150 390 221 654 49 354 986 940 717 979 456 749 370 186 85 521 469 283 393 88 959 910 236 862 361 304 88 330 217 657 1 808 677 120 895 524 404 217 135 610 180 337 769 190 633 230 242 66 822 532 214 306 1 829 24 513 51 566 958 338 428 907 979 416 22 43 916 268 943 884 459 196 260 63 926 796 946 270 605 312 191 492 842 147 43 315 163 98 397 521 953 277 547 834 433 439 681 164 157 210 334 224 905 161 446 571 567 451 133 139 34 64 506 410 352 343 11 666 769 841 763 270 775 944 792 982 338 504 780 242 105 765 799 973 610 515 520 142 83 432 139 749 5 489 609 281 993 904 523 909 773 341 232 929 1 968 905 905 875 771 329 461 806 739 685 501 75 396 972 739 739 993 694 30 687 901 766 722 404 66 549 777 287 357 129 693 284 302 820 938 579 390 482 167 658 304 7 919 718 819 180 431 717 999 332 887 142 4 964 462 238 173 216 311 532 781 290 650 917 494 507 676 590 511 563 698 690 729 33 330 701 40 237 538 829 744 393 941 500 828 492 783 233 542 480 772 205 355 933 568 655 554 161 238 659 405 272 61 279 571 104 620 400 392 60 942 374 4 750 607 772 208 747 323 421 405 254 810 897 726 656 471 60 617 889 237 221 659 756 481 725 703 198 277 460 127 486 534 383 477 398 256 11 239 532 495 630 80 849 798 413 240 546 902 41 399 227 22 994 23 956 535 819 443 163 595 907 619 471 904 532 922 769 336 414 877 928 379 335 632 642 999 980 657 93 551 271 978 988 237 535 949 425 744 459 957 534 728 538 881 827 495 666 785 156 145 597 163 796 644 776 302 344 143 897 849 589 
633 976 841 60 371 387 800 512 915 615 63 51 898 816 682 91 494 362 477 604 645 112 566 2 877 945 563 332 613 468 914 597 453 76 247 726 416 142 311 184 590 333 245 127 927 800 127 364 284 815 250 641 966 472 109 169 625 457 764 806 416 650 555 318 884 289 917 536 158 871 367 792 846 914 647 872 770 321 415 563 547 782 875 121 26 453 113 316 496 592 963 15 748 52 512 903 522 455 770 774 744 810 159 824 643 754 81 361 322 149 747 245 766 114 623 195 527 500 251 99 14 927 388 211 672 256 855 688 149 948 45 167 1000 960 108 124 238 440 140 977 731 347 923 176 331 746 873 672 254 782 164 787 614 329 127 694 843 376 382 722 514 449 715 598 152 513 195 345 590 819 451 773 207 58 906 767 851 177 900 566 258 616 950 362 219 81 686 482 199 682 489 773 247 139 713 496 879 808 762 612 219 577 939 88 828 596 483 899 992 907 312 708 294 159 154 471 915 572 655 599 78 218 579 353 68 579 823 290 83 278 44 669 939 162 622 183 600 225 760 595 806 206 646 474 998 276 691 491 720 421 965 166 54 208 965 632 425 243 660 541 437 251 424 717 672 167 331 44 716 497 333 100 365 103 449 772 285 606 341 483 221 525 684 196 845 424 782 219 23 12 415 310 271 136 502 898 640 790 438 903 822 386 401 713 641 854 158 94 370 926 922 381 616 875 668 91 194 33 240 160 272 761 156 895 989 583 963 381 176 398 640 389 825 228 394 792 563 51 910 255 672 121 852 1 271 296 774 641 295 707 217 283 217 177 837 1000 605 52 729 436 682 954 32 348 221 611 809 222 386 204 554 659 945 566 841 861 121 802 191 490 418 170 917 716 622 702 915 756 945 280 129 72 34 788 112 836 515 885 580 825 274 354 180 505 945 782 426 735 600 623 467 689 97 274 195 157 129 52 593 688 69 251 133 383 12 235 438 158 586 544 717 723 207 409 758 560 667 803 967 704 6 533 218 437 377 481 751 672 212 31 470 682 373 547 343 364 871 99 23 578 889 893 131 209 283 770 120 786 196 131 865 113 892 844 956 779 367 491 467 26 520 610 267 690 27 141 457 163 71 607 163 910 45 456 523 697 349 58 949 853 
418 539 221 869 113 939 929 803 324 968 369 841 177 869 295 316 807 166 431 328 507 366 192 963 405 851 220 302 845 614 278 777 874 741 827 389 93 540 983 122 100 426 606 50 316 902 645 547 63 637 322 151 433 287 671 248 718 5 641 297 523 9 400 820 772 925 434 104 71 808 586 76 328 701 368 525 325 73 907 112 5 254 122 997 515 415 108 327 83 37 792 973 185 795 491 161 44 884 847 918 188 490 261 274 332 461 332 793 616 316 956 152 913 67 30 245 832 531 865 759 19 871 691 79 443 418 415 753 595 937 442 771 930 885 182 480 895 452 994 347 878 948 305 701 244 667 593 842 924 171 10 598 766 37 829 561 536 462 659 328 202 109 180 216 804 610 324 215 211 492 698 196 807 953 877 70 17 489 420 199 929 114 970 378 55 197 37 85 8 74 400 343 691 550 694 205 7 649 262 924 68 567 257 311 303 95 320 59 952 523 705 972 488 590 828 634 372 73 492 865 337 795 243 514 166 384 77 740 356 692 542 221 74 957 676 638 15 936 137 712 266 912 797 891 188 993 539 189 933 921 14 393 192 599 970 814 345 609 242 958 307 210 316 945 164 308 363 99 499 839 312 393 164 900 778 356 655 80 598 535 603 561 608 736 346 541 386 437 473 696 968 801 339 573 264 75 368 887 193 855 96 643 234 67 73 432 142 956 650 207 987 958 210 287 175 908 532 629 501 603 259 136 258 995 889 545 957 252 530 506 744 242 799 960 411 583 936 799 622 157 479 86 765 192 441 87 385 636 307 710 67 673 535 577 255 682 270 291 184 602 172 505 719 750 519 420 538 878 843 33 563 751 17 614 548 971 221 919 316 578 845 849 364 90 16 903 105 934 997 893 698 230 304 365 993 25 378 324 260 305 213 611 263 309 882 717 58 51 192 423 744 771 665 959 685 199 596 157 222 724 756 880 886 773 305 166 72 550 601 236 890 428 975 432 724 329 484 678 753 369 639 710 33 674 944 308 278 49 724 682 258 229 16 725 891 578 74 883 254 735 478 739 30 956 744 152 396 412 698 935 191 44 447 741 570 948 850 435 410 753 280 70 606 752 389 113 494 921 644 686 696 137 91 897 782 108 758 673 214 34 
254 999 830 547 216 837 861 917 661 688 134 410 633 567 728 296 49 189 765 221 290 389 563 53 62 514 691 962 682 923 116 206 803 577 564 226 667 506 950 55 146 408 436 930 604 15 142 884 770 82 80 270 973 817 754 728 809 327 380 24 907 169 963 364 332 455 609 18 933 36 867 261 552 47 662 711 932 365 50 646 1000 620 851 497 227 438 927 269 82 1 465 378 470 7 340 464 456 739 597 625 800 806 69 73 725 296 796 228 787 696 435 713 394 476 629 813 451 778 302 812 51 771 940 864 575 909 72 408 588 115 824 722 947 304 727 327 628 331 844 432 622 479 806 935 836 357 329 873 313 897 410 372 36 919 937 445 480 403 811 264 168 529 7 235 112 834 624 2 322 470 807 936 568 568 15 885 201 37 623 970 613 10 246 749 72 136 854 307 720 726 968 28 112 653 609 821 446 425 728 878 682 190 862 171 885 341 791 185 139 466 878 139 439 412 297 927 573 337 434 362 503 195 457 469 498 730 92 555 624 484 841 727 279 675 847 20 215 947 693 421 302 12 240 292 959 810 393 454 150 481 210 40 324 361 859 108 68 760 633 290 792 86 492 195 971 419 267 885 768 529 714 547 92 269 0 409 611 787 233 349 799 6 67 867 29 498 920 555 154 774 319 930 572 236 0 374 983 681 553 502 270 8 856 450 354 670 474 976 483 45 910 420 317 196 772 191 406 762 722 627 339 254 497 100 521 915 100 866 592 604 526 141 695 611 207 546 708 816 517 677 190 493 812 961 285 707 50 473 14 543 618 493 537 897 167 82 250 608 290 201 210 360 943 843 525 308 986 774 868 778 242 617 861 689 206 295 617 779 287 707 374 3 373 439 453 672 821 617 751 328 621 356 9 643 749 801 57 909 767 729 999 382 287 679 272 65 118 684 159 347 998 875 301 431 555 646 929 338 506 338 303 513 555 24 500 356 496 228 384 650 264 831 618 408 912 413 423 379 841 250 879 227 319 289 586 722 139 533 370 921 646 423 292 980 413 553 979 940 545 52 963 576 305 804 520 286 381 562 143 585 988 272 667 81 965 639 670 290 143 257 590 274 914 185 935 879 503 264 512 350 933 923 641 580 746 492 448 217 9 478 
820 376 356 427 343 611 747 199 651 442 362 284 134 709 442 699 824 665 745 929 885 323 881 330 870 721 471 579 972 851 447 640 960 850 788 646 280 180 250 819 512 506 828 417 268 741 413 99 119 566 529 26 502 643 226 353 625 781 421 437 14 850 811 715 428 376 261 706 300 110 434 622 724 318 189 422 801 270 958 87 272 3 424 688 954 836 361 146 842 502 940 466 974 624 519 116 13 70 968 757 380 982 727 266 548 152 3 53 318 383 387 608 483 113 605 235 69 189 84 310 659 19 737 929 637 619 94 132 978 166 796 318 800 696 535 88 390 76 2 693 585 440 425 192 800 821 661 5 634 766 287 40 644 618 440 274 195 627 544 618 193 730 507 893 279 240 709 414 992 264 345 190 957 632 292 560 227 684 207 994 479 505 991 355 883 673 673 455 172 824 722 18 929 300 395 624 872 713 783 135 345 76 535 546 824 991 835 882 646 913 694 962 816 947 225 557 480 885 808 583 820 709 90 328 126 478 982 473 122 29 633 727 198 916 487 90 321 598 772 348 447 812 696 172 998 405 42 844 588 504 248 318 891 93 45 394 856 682 6 500 709 734 316 755 400 470 4 56 292 160 56 384 866 434 529 488 473 80 392 470 541 173 234 799 990 857 404 179 883 511 45 645 237 580 770 777 89 546 459 0 481 225 605 773 43 952 446 963 440 844 2 461 815 343 6 669 683 167 871 146 27 898 963 142 402 812 994 816 871 360 541 844 361 824 746 977 55 661 790 608 661 32 917 124 637 569 990 160 137 736 559 142 806 503 835 548 588 355 506 262 575 16 770 116 288 176 528 122 771 585 457 725 602 376 953 211 642 959 743 919 470 645 182 717 87 530 45 798 673 65 13 542 434 978 767 180 898 661 192 625 826 587 943 45 667 892 416 105 610 283 167 674 571 257 694 348 891 80 426 160 395 161 785 148 867 835 508 229 809 920 43 530 956 153 282 195 82 420 321 349 339 283 426 482 189 176 497 981 602 168 998 976 840 543 921 245 976 484 347 392 620 896 378 686 27 895 768 325 515 653 26 421 368 358 409 565 826 995 125 789 756 249 662 83 992 515 773 255 902 539 420 821 610 117 273 337 332 835 397 760 
629 280 332 655 296 387 36 157 357 320 432 783 12 724 672 33 316 105 168 948 85 210 155 807 832 334 728 458 874 315 637 674 398 863 808 897 832 391 938 527 934 469 547 155 779 620 823 846 155 699 588 961 175 193 74 301 870 338 77 54 411 59 417 868 430 182 598 429 139 215 757 990 662 694 967 29 344 638 439 708 720 224 528 587 903 69 124 414 109 348 164 685 373 778 887 677 81 595 436 942 807 144 565 553 396 94 424 88 983 418 394 809 533 295 34 895 971 736 205 876 624 720 392 853 509 68 113 275 230 589 637 763 73 471 816 972 910 414 480 414 750 265 262 711 887 929 656 394 573 194 803 933 885 392 519 937 41 193 252 499 859 418 823 942 889 845 602 796 732 889 383 786 843 238 55 944 662 274 177 14 743 961 957 511 642 257 940 92 36 457 978 370 45 481 717 423 58 276 803 447 32 332 793 602 484 501 77 392 947 649 588 494 401 729 747 117 145 451 369 227 725 70 115 272 374 532 467 951 157 383 452 425 463 50 244 40 223 476 217 211 212 551 425 112 685 427 870 6 881 359 425 636 903 182 444 98 913 855 989 979 954 452 360 726 795 582 730 615 889 962 316 49 299 92 185 178 150 422 575 299 266 380 276 438 89 194 968 577 480 823 903 620 490 925 655 140 533 817 674 336 513 130 848 79 232 563 460 403 759 267 249 478 386 766 40 750 353 257 436 820 916 416 952 281 517 200 168 435 745 925 379 791 266 577 956 829 550 493 234 727 29 376 509 208 627 588 138 925 613 872 912 45 778 698 798 334 162 333 705 94 846 305 279 962 422 338 954 547 931 79 637 398 343 421 193 525 716 472 31 37 567 529 275 561 103 726 273 363 772 4 597 902 214 445 499 631 171 399 934 131 315 350 182 419 743 124 794 169 810 848 503 439 676 36 286 713 409 48 405 368 829 983 496 741 555 959 812 987 556 978 486 571 901 421 441 225 189 259 184 621 561 140 510 965 599 818 872 116 886 779 271 408 103 627 540 858 111 13 361 665 418 155 230 284 59 788 594 561 71 125 643 944 122 858 675 991 260 612 992 239 918 537 106 447 417 530 704 321 142 684 517 102 622 107 716 563 382 682 246 780 
702 962 61 754 138 300 285 169 848 625 153 705 46 569 218 47 446 768 633 132 861 252 128 773 720 748 99 403 855 489 561 383 502 530 651 42 703 452 886 522 165 786 523 131 496 238 891 710 438 911 760 837 361 88 158 60 439 733 161 756 799 295 477 390 851 797 147 462 683 677 33 752 423 620 365 343 9 861 520 73 895 160 803 193 566 955 315 4 628 200 331 377 855 965 86 972 845 363 451 831 896 22 786 802 992 660 68 344 936 820 836 330 896 386 894 927 708 802 860 901 793 902 179 208 681 869 326 58 659 360 616 635 853 164 124 862 181 891 983 767 867 898 245 284 685 174 859 376 313 993 966 64 383 955 975 30 939 597 735 957 854 6 418 1 669 245 870 665 886 503 998 200 129 561 633 724 715 919 480 958 102 105 468 362 887 12 106 247 593 914 174 243 594 464 106 237 881 451 694 85 177 991 83 870 534 181 910 836 226 844 285 918 662 520 96 239 832 909 936 128 437 61 991 987 141 768 648 788 339 786 952 310 111 248 797 546 583 467 332 222 690 59 702 481 255 551 92 25 958 105 484 44 934 410 296 337 625 412 661 935 126 709 378 199 563 874 483 528 175 383 501 415 336 689 916 450 679 702 284 542 454 96 313 13 751 494 4 872 253 727 904 553 323 601 721 690 914 44 928 80 186 327 122 544 639 807 140 595 284 752 833 381 254 361 596 6 372 224 752 486 89 880 623 742 852 321 29 53 126 822 249 623 377 217 94 520 607 643 564 457 974 668 123 477 294 718 311 794 120 246 791 326 998 250 881 699 834 653 143 108 281 984 649 30 834 547 815 930 246 53 316 92 163 135 339 740 403 651 924 888 839 600 290 261 380 862 174 887 283 496 423 509 595 421 827 120 714 4 775 140 530 995 304 186 648 194 303 82 825 999 261 899 453 598 20 966 939 429 354 315 56 503 287 148 195 326 756 169 981 663 415 614 496 200 86 50 250 237 216 253 171 332 771 994 555 965 146 33 322 840 200 10 849 501 236 433 904 719 504 532 911 452 565 600 720 486 628 756 388 601 795 39 286 675 305 574 139 831 390 437 115 898 723 49 935 768 612 875 616 219 76 737 902 18 791 120 524 493 313 629 
735 867 295 67 569 551 764 863 115 758 725 324 599 29 757 677 788 602 720 904 797 467 778 139 653 852 570 217 602 619 542 836 816 221 554 3 177 506 25 417 794 579 699 443 868 853 425 118 602 21 793 891 743 345 84 649 995 378 51 196 446 45 352 299 146 825 488 713 383 696 805 84 600 470 164 566 373 783 184 668 366 734 955 382 467 833 379 693 998 132 977 547 209 230 805 900 130 708 384 57 23 109 327 529 352 48 307 673 538 610 467 554 342 36 264 623 33 379 750 160 531 226 488 251 106 352 877 817 83 177 243 965 953 324 404 187 503 790 935 84 76 454 20 361 137 541 739 133 442 831 698 156 908 71 830 386 379 888 103 295 166 821 477 874 30 142 675 41 728 68 801 860 373 75 28 988 10 894 624 1000 902 944 13 511 478 849 636 908 745 135 867 394 184 957 978 5 674 768 559 43 797 275 557 371 706 492 998 402 493 581 336 506 184 553 111 161 86 981 187 390 401 657 624 52 256 377 644 182 161 783 217 407 403 308 982 454 936 62 988 107 787 926 751 815 928 56 819 916 325 645 27 933 617 778 721 227 433 513 878 17 961 973 839 179 770 690 911 437 895 776 484 388 401 227 477 445 302 565 365 493 462 827 831 470 574 363 90 410 349 53 946 688 798 948 882 792 962 171 400 158 75 753 427 456 401 923 537 868 601 629 575 95 781 50 677 616 386 99 18 703 38 153 660 951 931 120 940 30 34 70 360 471 796 73 274 119 923 938 198 383 106 591 832 158 930 654 666 716 156 571 565 426 507 899 444 590 697 328 706 318 616 829 522 687 256 393 453 716 645 439 754 159 686 992 283 382 62 816 523 975 61 922 587 34 197 736 998 167 122 111 146 261 291 201 624 317 624 329 69 951 435 169 222 563 628 128 370 491 979 270 476 228 259 619 911 1000 783 442 845 738 711 924 82 266 907 54 330 674 237 845 736 23 432 595 625 208 275 253 81 578 430 15 455 426 138 733 508 593 580 327 555 441 531 863 430 796 318 353 378 133 306 781 422 561 855 882 528 381 79 64 138 511 108 877 859 744 565 698 501 126 281 438 812 498 953 929 953 314 433 996 611 308 50 137 794 227 599 176 890 368 
427 574 841 312 450 231 179 445 917 79 316 602 55 878 952 749 761 578 137 27 883 813 842 173 418 202 135 50 923 2 562 273 92 533 991 658 725 244 357 475 319 795 671 125 712 533 913 931 598 519 387 913 515 242 614 620 903 434 301 752 444 279 601 402 104 527 188 788 860 504 440 676 760 101 236 807 471 621 592 302 583 959 23 929 875 131 513 228 688 246 212 65 969 885 622 943 814 167 857 607 450 113 48 272 541 542 927 718 240 585 539 197 498 570 621 794 559 96 324 342 760 466 927 259 836 25 575 147 260 324 388 648 491 183 706 338 633 27 637 576 909 781 312 606 834 887 77 321 211 753 487 849 666 36 268 385 558 111 898 666 461 162 673 341 210 751 694 954 968 448 526 726 575 147 147 719 95 44 517 44 487 120 459 910 426 434 588 789 14 90 836 844 3 674 513 527 393 154 397 492 938 822 632 227 20 195 613 306 900 407 370 685 299 306 318 980 311 419 774 964 270 378 327 79 426 328 678 730 788 244 82 510 310 500 19 952 910 24 935 906 773 269 295 57 584 810 11 274 661 284 840 534 826 202 787 755 722 127 681 606 911 888 344 708 56 291 489 361 700 807 796 138 596 937 877 101 919 980 327 172 211 116 213 448 766 835 987 451 976 520 587 579 853 274 838 344 881 410 325 852 365 737 222 670 469 307 652 378 637 654 576 535 49 863 896 401 509 592 880 891 214 273 845 535 965 898 594 471 743 312 258 556 545 884 472 752 75 691 744 529 608 267 892 960 391 733 813 49 283 822 358 488 159 56 45 982 329 527 433 459 864 638 813 549 627 247 0 310 582 925 886 636 672 956 463 621 874 20 118 936 493 347 173 352 172 195 567 648 293 199 39 542 444 776 92 959 801 441 786 255 987 923 796 235 349 609 426 666 201 390 452 976 115 636 275 702 372 35 925 853 840 110 30 219 232 870 678 812 177 275 756 179 976 49 671 252 628 503 896 113 441 520 942 360 524 210 133 541 175 13 771 669 142 591 72 645 931 570 234 511 346 360 94 655 22 235 578 947 720 460 686 105 132 755 117 729 280 415 300 998 592 772 874 304 280 63 0 531 478 1 970 532 678 756 547 301 335 382 654 390 
853 148 482 298 47 768 407 210 597 916 560 934 16 114 719 431 559 625 620 21 539 945 2 205 501 59 851 450 573 203 979 502 722 406 440 774 146 606 920 332 250 151 180 845 284 881 467 401 214 138 639 764 832 665 951 875 38 987 128 982 662 951 889 457 220 150 422 448 677 602 291 942 93 422 199 944 473 499 514 729 885 203 846 389 920 535 837 468 39 241 784 227 475 375 131 538 108 808 581 296 489 986 335 886 808 148 323 846 787 308 840 26 175 228 987 773 323 759 439 769 772 557 392 404 760 50 909 583 970 940 235 160 34 870 336 221 77 26 478 110 212 862 270 827 601 881 942 634 303 385 537 794 55 83 833 279 607 259 366 429 423 88 383 694 333 394 879 525 394 581 350 312 405 726 337 345 230 223 939 553 513 37 77 962 454 546 96 567 683 669 78 429 86 564 493 609 589 781 811 455 189 708 597 284 105 867 525 837 112 571 641 678 154 998 254 781 947 551 881 431 694 626 753 354 849 31 391 711 386 927 751 273 993 163 669 957 544 57 887 670 129 455 370 988 935 27 898 978 992 67 969 906 8 630 795 195 326 412 583 658 495 340 69 835 476 563 184 539 255 612 564 603 630 43 844 277 400 748 180 160 540 738 133 708 734 462 149 70 9 464 659 921 821 503 548 639 104 734 391 945 626 99 176 396 90 178 191 174 915 762 295 266 232 435 903 702 535 540 632 440 828 333 158 122 146 778 966 695 266 181 566 92 623 417 839 756 59 294 317 150 92 173 313 480 691 254 121 231 914 486 158 764 755 712 277 706 910 730 729 23 642 151 465 457 924 832 989 480 437 326 802 633 532 47 278 531 931 958 568 279 456 35 243 901 28 729 638 935 443 884 108 101 100 152 552 298 198 733 901 799 251 508 143 31 673 897 830 31 591 610 933 788 356 731 105 136 791 876 593 561 386 578 843 503 152 253 220 421 943 883 868 532 911 772 911 822 154 291 413 70 776 472 888 651 351 612 662 853 143 688 850 233 244 479 210 816 613 232 695 930 941 324 633 434 321 468 101 607 620 513 960 149 565 430 693 192 998 672 1 481 155 76 203 438 701 546 130 86 290 848 913 723 903 712 151 572 464 434 280 283 
568 281 606 576 10 472 689 574 242 233 874 81 862 193 611 109 334 906 111 186 587 106 832 918 971 247 518 612 797 960 141 291 830 132 118 766 42 223 612 917 553 151 222 756 120 373 222 595 170 937 889 46 600 515 937 921 281 850 331 208 503 842 372 345 417 869 397 51 683 20 657 702 942 995 50 684 519 459 174 323 126 542 768 474 147 289 627 584 496 873 541 358 334 523 335 242 769 613 273 858 470 288 832 241 413 604 389 317 233 116 354 406 526 826 211 649 324 335 129 303 540 755 456 960 877 802 699 589 779 307 676 831 497 958 659 718 339 148 95 120 907 799 188 961 432 431 356 710 837 738 955 122 549 26 15 280 995 408 320 430 193 881 843 86 389 835 9 581 361 37 444 27 96 491 50 672 224 722 930 165 194 34 254 234 999 326 10 872 96 162 736 714 60 153 551 284 631 854 734 948 560 45 796 16 591 582 737 865 528 501 171 689 621 5 303 994 854 277 262 494 512 738 94 376 476 44 127 672 765 313 370 679 21 195 430 870 638 847 329 129 639 11 599 266 995 979 639 596 632 85 828 984 0 377 525 546 705 285 288 406 40 245 523 776 14 158 294 746 479 905 207 167 276 847 874 424 514 314 671 449 740 523 733 155 659 727 839 627 262 346 515 133 95 295 864 683 99 57 171 358 160 153 429 43 903 630 219 553 197 125 275 702 900 62 116 144 35 671 890 235 550 702 839 672 980 322 14 692 125 189 671 781 747 720 839 865 783 730 370 74 902 729 284 145 320 117 919 462 516 648 602 350 180 855 280 622 71 987 168 398 413 103 137 204 542 745 206 862 965 203 154 823 947 168 690 929 309 490 197 430 951 429 286 176 827 953 718 374 34 79 867 827 91 439 194 757 754 701 972 611 599 102 392 654 235 51 889 352 1000 310 186 709 400 378 7 333 678 810 902 119 453 539 731 988 581 680 625 140 545 510 646 411 874 362 890 899 392 514 238 418 63 615 184 993 222 298 727 879 399 163 484 512 969 545 220 323 961 47 987 661 728 575 903 739 668 961 77 977 60 379 744 302 679 147 974 567 359 951 332 912 132 972 854 585 411 27 340 222 569 915 609 287 375 906 876 963 137 900 614 544 
965 10 392 459 896 282 437 424 64 327 881 838 552 201 908 45 740 177 304 884 62 913 818 354 580 179 653 389 957 498 826 520 136 10 880 85 711 71 844 966 393 419 403 434 511 165 807 886 396 849 882 132 430 785 381 155 368 280 581 182 317 580 904 777 698 742 691 382 142 814 969 126 665 862 697 187 823 677 359 557 706 325 556 683 580 115 581 608 543 131 159 913 399 198 476 752 620 649 239 321 563 108 692 871 510 17 738 856 230 440 120 863 319 7 974 561 373 372 333 460 200 404 919 328 123 965 687 315 671 682 485 987 399 502 160 253 592 830 360 157 642 107 561 914 367 438 643 55 357 368 913 215 11 193 241 390 599 260 286 962 583 211 142 746 438 761 928 827 891 144 506 601 861 180 152 801 982 393 798 900 568 954 474 403 51 739 37 253 187 942 853 460 687 727 931 966 335 212 223 922 170 830 20 140 272 585 313 547 389 126 933 214 442 388 492 109 231 317 83 98 832 684 651 275 368 701 978 896 35 844 329 475 625 923 247 181 619 265 58 145 220 684 427 284 145 220 638 806 425 316 37 432 224 95 313 820 675 216 710 18 368 288 934 148 19 1 997 57 553 168 816 559 230 982 37 97 81 892 947 134 513 467 501 366 661 491 54 153 947 364 517 897 543 818 934 550 728 774 57 919 881 540 896 442 628 936 187 943 668 54 125 594 777 576 287 655 771 503 258 199 269 477 435 650 129 423 699 701 822 290 149 63 343 73 836 54 681 861 422 677 914 431 164 494 631 981 383 613 776 289 887 612 819 811 143 264 298 285 692 458 137 940 912 252 713 776 767 669 5 659 769 140 50 983 891 577 476 346 285 72 700 254 331 290 866 407 419 493 324 107 857 363 604 353 42 204 639 28 540 319 789 123 531 480 976 185 286 12 266 27 291 307 995 348 108 484 601 917 963 302 111 420 521 380 481 769 793 947 323 161 142 871 94 380 648 14 100 439 302 658 513 127 160 225 391 842 893 902 64 669 771 38 492 484 789 982 375 870 601 796 77 608 931 485 553 737 639 657 273 86 813 762 618 12 531 560 668 830 800 247 432 656 286 554 806 873 208 61 527 496 118 527 69 516 476 164 93 871 380 257 
277 40 9 210 104 822 31 144 788 14 304 699 791 484 436 305 911 218 859 576 427 411 262 536 8 894 65 887 262 578 66 975 353 803 240 870 570 164 168 529 60 451 580 49 73 209 163 56 982 960 549 733 687 40 427 258 902 285 222 121 339 199 1000 903 89 527 411 714 966 759 917 741 45 765 79 831 498 371 818 591 816 687 437 360 87 688 702 497 551 306 915 217 653 703 691 585 209 761 17 991 487 320 822 984 45 641 477 993 204 923 510 94 798 172 738 256 444 155 180 338 746 90 265 401 919 37 660 630 44 769 888 37 588 0 536 297 991 407 30 349 872 953 863 416 93 585 731 609 796 227 75 597 288 155 863 355 100 842 328 863 71 113 470 187 692 2 14 628 664 336 88 945 111 774 298 283 223 593 488 95 723 998 356 877 337 78 338 672 711 147 690 32 234 201 190 787 182 375 879 462 866 219 889 78 234 716 45 828 557 86 115 881 801 61 542 292 716 172 984 867 723 212 147 222 9 652 858 830 172 362 845 605 623 305 296 5 803 501 329 264 662 604 535 97 160 793 624 623 13 372 735 32 338 74 692 394 310 951 716 214 24 963 406 293 331 637 716 606 569 327 380 470 208 246 873 10 329 944 374 544 114 316 844 645 771 347 7 541 54 164 400 385 491 464 352 221 701 544 483 542 763 454 881 458 486 307 251 598 979 2 858 694 0 1 874 383 607 562 955 259 716 210 549 504 274 692 803 706 464 910 64 561 256 970 887 576 709 949 46 768 385 79 588 6 95 788 103 150 702 587 936 528 96 196 892 452 6 290 302 845 608 541 429 898 181 397 323 434 543 767 538 739 153 568 345 710 343 118 2 48 258 286 927 402 228 282 913 830 561 2 519 339 661 365 771 354 478 425 70 718 598 882 723 649 890 682 102 98 204 817 71 397 51 411 871 629 927 231 138 899 376 825 615 755 705 59 993 410 341 409 220 49 354 156 69 922 289 717 641 629 84 656 268 786 4 97 386 6 599 529 824 980 613 702 41 875 720 203 119 181 530 15 405 283 843 886 190 695 619 803 259 228 732 698 828 876 912 438 355 241 870 537 636 70 679 333 97 590 853 608 479 674 614 160 686 538 617 474 193 698 
134 829 601 364 344 889 86 216 606 617 354 987 14 160 195 431 919 230 472 220 719 386 175 598 975 216 777 592 754 191 746 223 235 291 781 202 857 461 614 898 663 342 419 435 280 3 839 301 221 221 572 847 555 461 116 304 115 343 466 215 771 649 220 12 189 970 630 882 415 673 84 256 1 111 17 60 804 653 69 725 477 181 543 949 739 117 896 280 862 66 623 996 696 172 245 433 300 918 474 446 125 933 662 491 541 620 911 535 611 727 802 672 342 627 238 213 503 668 372 152 852 927 611 964 184 30 907 45 122 793 504 720 592 140 583 883 461 485 378 19 524 950 937 347 167 766 827 985 222 663 429 581 528 280 104 216 859 223 152 965 574 911 788 426 883 209 902 54 333 496 637 500 487 10 982 907 974 995 831 327 860 925 827 126 478 532 618 769 639 488 850 589 408 667 932 421 77 382 621 269 533 305 304 646 766 319 492 33 5 96 491 933 589 937 655 710 530 956 620 142 281 84 368 562 556 542 685 36 459 713 634 278 707 613 23 990 203 129 411 959 389 209 979 936 51 251 680 68 700 840 243 165 86 7 337 512 457 352 671 133 281 69 588 989 332 975 799 242 340 110 387 692 962 563 272 790 452 972 930 534 984 706 363 310 329 674 279 17 702 263 33 523 686 555 469 778 39 387 104 820 54 314 547 819 926 959 366 823 187 50 651 281 611 645 599 574 408 297 310 422 102 862 938 457 577 44 604 663 786 431 758 174 920 862 77 687 292 984 46 674 759 355 935 659 483 271 989 997 445 750 878 32 203 351 613 99 694 120 317 890 466 69 734 544 938 883 372 858 66 307 830 143 528 98 280 621 477 989 640 956 674 158 680 331 349 673 1000 878 10 954 658 928 477 740 174 72 877 28 172 410 894 748 524 366 399 620 46 242 105 679 121 672 628 382 270 743 878 198 589 699 766 133 604 584 982 950 690 970 78 517 628 229 907 278 834 698 58 559 988 933 512 449 419 112 20 270 61 724 27 254 606 358 164 649 801 817 498 882 988 244 758 411 745 962 202 669 997 115 893 377 422 994 37 615 793 52 476 837 45 136 265 444 410 282 25 232 276 13 308 236 18 315 893 465 535 724 698 15 71 882 
700 815 630 951 753 503 420 704 699 494 416 939 745 120 81 993 100 790 424 142 394 627 741 592 486 913 434 498 111 768 631 78 18 174 744 949 444 314 159 243 359 10 782 634 381 307 848 71 681 357 706 781 768 633 826 426 15 799 296 916 566 143 241 986 708 676 57 674 664 832 472 916 452 656 116 83 868 851 157 637 743 59 34 653 547 982 483 695 728 963 712 221 383 340 276 552 22 737 857 420 489 108 990 994 833 275 524 726 930 390 421 324 861 230 789 463 114 906 227 578 294 44 796 651 888 137 571 267 305 549 196 306 321 330 135 803 322 991 879 174 14 882 755 119 955 752 810 995 176 428 411 963 267 186 387 565 725 558 8 982 807 628 22 502 372 998 504 903 554 805 112 157 601 342 454 998 72 130 281 815 799 802 203 914 829 235 579 579 971 664 103 577 940 595 856 617 738 451 724 397 180 240 639 678 875 383 703 908 330 55 666 233 802 997 684 893 305 960 615 634 732 734 159 14 704 654 369 291 262 337 108 974 851 405 461 31 775 885 232 432 829 328 52 106 285 685 997 265 761 855 740 265 323 910 912 464 832 20 965 511 19 543 184 789 350 418 198 49 22 643 860 122 299 748 638 556 89 965 98 405 724 379 152 296 135 275 294 340 310 278 221 456 971 417 701 568 751 803 955 342 930 375 524 293 825 935 791 226 566 755 154 438 617 706 580 884 127 757 275 971 854 577 949 920 959 972 698 912 440 680 724 417 501 917 682 617 354 570 201 117 151 78 206 24 888 607 832 459 462 312 391 718 633 511 890 102 17 286 620 842 773 440 302 172 125 445 902 540 110 579 476 353 364 536 892 556 817 191 888 744 73 420 196 824 152 388 422 747 658 343 302 870 622 920 688 59 55 371 870 532 55 518 147 511 350 427 994 749 886 462 78 297 886 593 986 350 291 695 611 635 445 365 943 775 771 878 73 175 746 43 644 249 614 900 667 713 467 374 218 816 618 900 260 439 408 579 859 64 229 409 399 539 904 977 736 587 963 823 35 5 148 263 875 526 676 82 146 689 566 161 774 979 462 868 22 947 298 797 628 655 391 949 230 183 134 429 357 391 533 437 855 420 328 48 694 589 184 19 493 704 
906 265 57 13 771 964 678 56 691 350 535 3 374 450 571 517 531 922 44 970 635 110 769 990 731 456 350 146 366 547 503 3 301 463 554 779 763 374 203 691 445 894 275 66 155 398 756 298 690 747 321 429 926 489 639 972 651 817 180 167 380 971 646 618 747 190 576 601 890 714 718 868 682 258 326 458 375 519 206 946 731 950 44 396 422 711 665 238 757 371 698 247 903 15 879 738 814 555 13 75 975 230 346 788 975 933 224 161 193 303 514 926 33 644 704 527 731 66 836 418 75 320 943 213 601 308 925 295 155 711 87 39 751 781 553 390 554 245 179 378 696 590 320 24 746 214 559 855 232 348 576 896 745 732 346 521 358 125 772 410 211 612 39 543 716 36 742 827 434 57 831 992 852 349 880 793 544 683 832 32 941 616 748 26 555 458 594 550 614 894 474 237 256 67 459 674 197 773 286 542 601 102 741 293 280 164 423 60 634 70 911 63 552 234 277 595 297 197 966 287 82 57 532 719 220 980 353 528 193 237 834 732 774 700 842 2 924 603 60 3 368 709 580 654 177 263 865 226 852 363 630 326 317 479 350 799 177 612 582 526 657 679 893 105 244 189 710 347 402 215 287 357 19 298 522 644 10 518 672 887 960 796 662 516 517 496 32 546 692 671 496 178 576 823 824 708 100 474 184 923 171 464 588 941 648 336 732 885 636 217 426 607 626 10 826 904 364 43 157 449 336 584 352 825 657 129 939 132 489 970 256 392 12 551 267 523 51 188 138 744 354 223 326 984 947 344 86 429 529 329 583 998 684 804 14 308 227 126 529 533 833 856 156 812 141 81 480 429 788 433 257 624 22 146 444 579 698 583 155 200 916 376 340 723 565 519 225 690 413 364 190 400 53 598 335 484 149 912 94 76 831 317 692 429 718 89 614 434 851 617 373 584 469 166 154 529 474 800 553 936 265 941 538 791 684 708 709 68 747 5 584 541 611 60 694 541 365 91 796 258 115 697 450 728 515 126 535 401 516 125 489 911 388 367 174 301 210 658 365 20 915 34 868 864 739 925 73 682 447 471 10 47 553 798 777 510 159 743 572 508 829 781 671 629 134 447 640 743 319 354 988 27 843 477 317 236 269 860 782 332 
335 711 99 93 350 871 744 422 833 936 439 315 174 862 715 114 466 271 88 900 90 34 145 311 558 746 959 323 479 651 665 51 120 273 258 607 592 415 704 15 166 258 678 19 36 949 275 855 953 540 237 879 116 198 520 810 95 759 94 85 734 99 466 535 548 329 11 790 932 381 741 60 380 169 113 572 59 808 235 194 833 561 439 913 337 109 862 343 146 483 503 993 57 57 417 657 874 901 523 219 348 123 692 535 288 651 360 599 748 65 84 237 678 552 210 65 821 335 470 880 262 61 732 163 839 947 701 614 690 186 970 410 62 5 655 56 964 684 254 164 821 479 740 13 235 564 266 501 537 65 148 387 223 245 235 748 393 541 108 315 966 85 392 673 591 603 121 595 92 685 92 162 105 470 626 737 86 26 700 844 447 123 615 844 607 72 58 461 92 881 578 612 646 89 468 593 326 860 845 754 654 961 350 492 328 701 710 710 834 123 302 453 194 569 809 969 783 327 854 336 892 663 61 707 754 898 747 998 970 585 594 616 231 16 610 12 500 726 581 789 464 690 762 206 862 658 391 782 662 727 936 308 583 588 171 181 65 625 882 371 231 56 281 506 470 958 866 192 700 965 429 394 283 263 28 100 518 3 872 26 907 247 833 856 32 683 775 790 398 379 790 704 706 63 736 480 125 734 19 59 317 967 977 377 682 766 476 962 120 624 346 258 988 468 48 85 396 569 713 160 478 659 724 454 154 848 420 601 565 466 653 804 401 938 319 332 515 223 13 972 992 928 368 862 565 55 952 308 126 355 740 515 501 125 912 627 88 943 287 114 803 766 494 545 492 746 551 285 961 814 469 644 266 555 630 679 574 362 937 779 463 939 975 276 787 71 709 550 703 323 882 926 864 559 484 510 546 345 239 795 652 312 166 911 444 655 238 625 263 68 462 804 790 409 69 312 783 715 787 669 531 279 201 825 611 144 142 39 145 489 570 443 5 312 675 781 347 218 6 853 989 235 879 219 200 863 115 369 626 965 763 779 870 441 829 896 234 632 269 669 296 664 634 84 214 367 380 115 198 317 858 86 441 649 972 149 783 147 880 288 849 437 645 629 775 655 751 945 192 585 902 610 733 508 991 421 167 615 211 786 
201 869 249 734 152 304 157 271 21 39 562 233 541 496 707 681 316 605 330 852 513 211 938 69 921 605 541 541 666 458 883 453 524 692 715 808 712 599 924 657 358 707 264 409 353 568 976 734 753 179 37 899 606 202 298 96 547 125 720 201 616 341 286 682 21 36 660 764 267 662 143 975 927 555 102 700 634 410 392 677 27 141 508 28 834 580 254 728 649 895 923 612 309 751 707 706 895 321 493 594 789 438 428 310 395 913 32 979 861 627 220 347 428 829 813 522 347 359 546 576 671 669 660 235 825 604 449 494 737 995 136 841 212 906 3 476 53 758 481 847 528 672 878 811 928 984 258 679 209 448 548 172 291 258 535 457 799 224 18 506 362 714 388 483 413 1000 912 552 124 234 488 412 980 978 882 278 871 605 679 916 949 265 422 634 873 698 384 541 698 782 794 864 318 563 57 826 226 170 197 535 913 85 359 701 11 575 578 535 337 667 349 32 685 539 693 964 527 52 601 329 851 635 904 114 169 338 346 917 183 672 632 529 375 316 295 921 481 915 300 198 360 65 981 76 766 867 721 144 245 148 649 770 152 273 9 613 294 478 260 451 113 982 145 123 56 715 252 642 435 604 949 788 651 724 490 231 471 741 203 8 332 149 859 137 921 150 167 701 995 654 871 713 661 413 322 802 373 799 866 452 378 311 617 306 649 825 946 793 987 115 627 88 397 238 322 169 297 875 800 418 548 889 95 184 182 16 155 983 851 246 334 167 620 708 218 639 4 170 181 5 530 402 529 74 635 436 682 593 458 429 834 897 357 961 180 80 248 498 534 400 102 346 720 981 315 622 489 642 957 625 548 435 476 710 65 9 14 527 646 880 61 906 409 925 16 747 366 61 895 315 796 503 41 870 681 283 666 699 258 881 464 335 858 235 703 986 879 824 781 755 889 163 570 641 870 171 651 333 617 971 973 152 847 298 368 569 817 756 406 108 513 554 555 319 311 770 134 436 66 650 347 588 286 155 38 263 882 718 98 76 519 11 460 431 610 32 67 119 236 849 407 738 88 389 20 94 94 505 80 223 858 674 996 445 662 558 721 509 189 294 193 71 859 118 149 195 456 64 620 515 746 269 456 837 929 946 548 939 507 160 
239 607 156 885 6 698 236 63 548 909 286 247 404 188 594 679 778 643 383 974 230 932 995 568 701 376 246 952 909 349 284 840 756 391 185 883 694 283 420 500 437 498 161 602 657 116 407 613 148 850 454 647 657 342 336 898 356 786 767 780 647 80 76 571 773 305 578 417 422 958 871 12 928 263 297 25 186 826 795 550 846 541 904 134 33 956 337 152 707 918 548 335 890 733 662 601 489 567 162 157 706 798 590 266 407 57 841 669 349 634 0 823 132 249 317 144 506 544 169 718 759 599 890 363 162 728 357 928 472 392 192 333 807 351 219 495 850 438 441 992 733 777 622 341 690 674 270 868 629 202 987 839 657 486 802 762 769 988 544 302 798 898 204 758 432 462 618 510 323 386 104 993 687 750 539 150 288 597 369 191 562 960 668 939 270 934 452 653 348 235 37 746 380 903 991 62 301 418 742 413 879 496 454 194 578 810 660 881 686 158 864 411 479 876 445 517 609 838 540 49 590 780 234 976 145 641 317 713 166 561 17 620 305 958 458 132 714 559 253 532 944 975 155 298 817 488 27 372 491 336 213 146 311 59 788 756 321 68 971 977 583 262 562 868 787 547 57 728 246 872 682 305 348 80 820 324 28 204 95 461 996 129 632 715 157 911 207 991 868 846 124 30 594 924 567 890 392 660 204 90 131 583 310 487 437 316 163 993 827 648 152 51 750 137 724 6 832 393 522 786 986 450 827 373 731 155 400 242 711 947 79 194 490 716 646 659 432 235 539 846 937 841 18 491 628 683 783 70 454 509 152 144 418 340 863 405 710 111 919 390 854 853 492 316 105 214 743 292 760 533 462 29 625 966 615 537 232 797 537 339 338 88 781 907 402 718 958 825 579 241 829 570 726 962 46 478 437 621 407 917 37 220 796 751 580 111 562 341 343 465 392 466 790 816 893 256 920 836 210 789 690 650 425 812 423 134 728 352 923 780 450 396 764 71 856 714 436 414 973 264 359 928 897 460 741 847 689 243 898 864 610 633 275 418 974 786 559 397 600 246 386 577 940 960 697 93 14 58 892 887 145 200 787 391 295 617 805 155 327 670 787 868 576 857 233 203 744 278 584 420 974 440 944 741 716 681 319 605 816 80 
522 886 69 470 669 860 48 858 741 788 323 609 827 866 373 542 185 991 258 297 840 486 684 182 444 870 137 636 198 187 705 940 251 889 937 179 543 463 714 785 965 473 266 133 157 762 729 551 533 697 791 836 554 684 845 850 283 483 502 296 982 589 930 573 562 633 972 253 862 32 552 599 492 907 615 426 475 668 422 546 93 644 619 922 174 399 415 612 627 911 843 322 536 48 385 612 767 34 545 913 874 445 933 967 762 307 188 348 987 243 151 124 573 940 738 58 375 733 445 103 484 611 942 510 780 723 524 751 266 423 436 547 388 489 138 772 705 740 270 473 12 588 949 652 573 999 795 871 460 939 397 723 811 995 217 575 718 68 83 906 841 261 418 436 48 660 835 324 432 322 662 320 685 670 67 924 882 691 974 916 65 686 393 727 653 611 671 779 226 133 719 111 479 921 294 861 255 478 601 612 14 929 891 925 639 982 376 117 203 781 983 607 699 66 542 668 211 559 954 375 957 236 804 205 398 771 587 305 380 720 924 555 188 360 633 955 706 360 672 779 666 376 268 389 863 356 842 755 32 353 907 142 201 597 270 943 23 106 465 75 351 838 431 774 479 575 986 782 713 343 598 217 282 345 580 921 179 877 440 356 858 653 435 516 433 358 419 863 13 690 225 660 27 781 835 700 189 352 717 495 363 898 141 908 117 669 23 906 815 808 98 579 597 264 243 933 807 547 359 318 812 92 670 854 237 677 677 906 196 481 32 897 676 829 341 830 130 876 954 745 221 0 356 766 341 291 129 580 589 41 341 484 696 546 960 573 832 112 723 261 313 386 980 256 127 915 604 597 531 691 29 799 789 952 333 312 31 163 180 771 922 962 510 954 474 610 749 38 886 184 930 191 830 727 607 763 318 102 4 948 686 362 754 287 818 196 492 908 865 880 212 309 893 135 102 480 908 252 315 141 374 631 384 27 812 541 92 893 155 858 337 33 433 235 493 679 159 807 31 323 282 509 212 125 609 781 497 700 177 246 438 833 482 222 665 560 200 154 241 946 841 722 977 934 167 255 426 565 927 803 997 310 503 51 934 773 902 754 712 806 340 696 586 117 158 356 493 917 375 635 251 28 311 154 15 365 519 80 849 553 
779 34 55 2 156 87 803 143 922 288 876 850 613 478 913 966 718 388 704 239 417 498 505 690 194 102 251 302 659 985 302 348 518 974 64 982 483 178 948 775 309 359 671 464 322 156 943 492 938 372 923 658 332 422 684 173 264 404 307 771 660 573 310 939 162 399 680 749 99 155 230 198 894 145 158 791 187 467 978 966 733 258 511 584 137 816 667 695 943 966 539 455 796 153 950 886 267 941 484 314 781 807 854 582 802 436 643 598 126 859 308 470 32 973 701 806 429 675 421 517 88 359 1 351 217 854 175 345 516 523 771 523 951 26 786 424 253 842 738 216 381 819 357 820 7 505 854 58 993 945 927 637 859 439 335 717 857 827 94 823 655 307 157 179 248 915 953 368 58 348 343 511 503 353 729 554 341 632 146 301 144 634 701 666 567 26 897 289 255 718 718 881 772 199 334 543 148 205 722 507 564 906 972 201 941 7 250 233 420 198 535 228 260 875 53 711 917 546 385 331 462 772 682 404 789 991 500 420 22 133 833 612 857 935 575 312 589 610 503 545 870 237 836 33 406 726 627 894 525 434 775 643 898 600 190 960 392 681 752 628 854 939 918 870 46 653 779 419 832 795 629 551 953 20 993 397 963 445 863 686 273 906 299 736 607 466 959 672 998 980 287 271 889 323 509 374 101 632 538 586 976 340 188 830 334 141 678 58 235 440 401 244 26 830 293 243 910 161 378 684 969 178 876 172 29 55 376 481 706 76 644 969 154 137 542 3 511 790 560 910 954 970 121 747 70 492 44 665 927 776 331 783 832 540 460 391 849 21 495 184 57 247 599 58 426 126 242 738 438 709 278 24 757 334 537 624 757 704 817 652 79 15 568 623 361 550 227 769 109 390 346 335 864 525 903 189 71 232 143 697 935 875 943 223 604 638 959 739 338 770 381 40 209 15 127 961 941 143 322 177 696 719 32 85 95 462 495 654 752 402 997 356 524 660 47 505 491 283 371 812 976 959 264 766 373 378 902 324 178 79 152 484 229 571 781 570 674 17 384 562 819 960 334 670 78 779 289 721 222 220 590 568 930 376 141 585 660 228 259 747 922 785 974 364 894 995 317 432 644 698 61 653 589 347 780 738 511 753 94 155 
869 734 753 963 365 715 936 646 0 320 456 332 217 716 931 966 759 853 449 351 242 873 433 422 395 294 9 147 369 173 313 1000 29 531 77 558 750 102 300 515 200 89 866 739 514 323 311 175 612 308 564 925 491 745 312 914 715 371 672 526 889 59 35 123 761 808 979 586 319 825 716 11 574 57 471 653 102 756 132 521 593 18 756 969 572 819 777 710 460 336 744 414 583 585 871 241 850 605 245 181 0 709 140 752 32 37 817 231 158 300 572 96 34 403 106 70 412 939 814 548 476 262 887 691 839 70 559 34 753 746 103 463 873 990 642 107 350 233 706 274 816 875 200 82 761 863 1 966 360 329 908 581 216 853 961 92 285 692 465 609 294 768 178 775 10 239 349 623 98 173 642 186 661 258 800 187 826 233 17 158 536 172 327 859 112 738 750 503 282 457 153 624 305 888 785 538 592 987 900 46 592 688 878 638 257 916 695 326 58 554 215 50 633 934 505 349 64 125 327 898 364 267 750 632 980 852 464 411 208 417 735 879 262 22 806 860 352 138 438 747 381 752 418 400 897 253 483 342 894 370 193 755 969 464 559 834 117 824 296 174 749 801 408 70 928 161 524 248 348 393 557 699 676 372 454 113 978 520 60 641 531 492 981 11 441 789 825 239 801 834 872 785 530 359 380 799 669 3 248 743 454 809 398 719 462 396 450 763 416 795 458 433 320 597 789 876 609 679 590 564 95 770 193 225 347 413 703 157 115 891 781 941 54 36 298 434 355 470 109 255 831 372 594 694 910 443 907 971 653 746 469 634 763 631 270 973 471 606 880 785 440 102 106 30 34 83 955 843 485 250 231 625 385 663 221 175 592 554 137 617 421 918 372 64 36 503 755 433 39 266 238 955 838 209 314 52 72 495 167 907 810 294 984 232 853 642 828 261 59 840 944 88 785 636 422 871 226 857 974 93 254 931 629 172 63 548 740 568 590 815 558 325 398 329 821 790 522 271 489 968 858 35 987 895 514 130 800 364 608 206 328 752 165 404 275 168 316 596 403 420 987 580 497 226 787 507 612 725 761 671 280 212 182 22 272 419 144 998 102 99 59 704 46 659 511 302 815 685 732 91 255 235 171 609 838 258 147 212 25 756 
173 942 37 527 580 26 219 876 464 944 507 880 333 736 367 114 680 493 430 721 893 592 949 811 56 339 290 622 593 784 296 190 712 2 565 4 510 184 35 802 814 886 687 746 290 335 753 769 636 348 413 550 922 706 304 383 85 785 581 779 480 257 784 800 31 164 503 452 738 892 79 381 894 9 545 680 866 779 851 414 632 120 114 727 292 476 451 287 683 703 349 208 827 435 183 267 148 410 273 929 370 739 375 891 458 341 968 544 115 961 611 481 668 482 557 331 129 109 77 855 876 829 745 613 955 687 528 497 925 562 74 720 424 748 563 254 258 306 698 875 198 936 319 617 171 53 638 311 782 780 24 751 886 740 926 415 690 2 445 189 942 906 945 988 477 298 209 960 453 794 765 522 460 424 337 696 978 192 818 818 985 795 705 659 774 76 828 238 366 484 653 162 881 168 528 484 771 243 685 681 517 41 955 644 23 834 537 44 137 540 183 993 217 982 39 85 444 524 342 122 175 663 563 9 760 978 173 957 128 199 987 346 777 373 348 778 135 338 984 13 518 424 6 508 17 705 198 664 762 412 231 698 753 114 127 59 520 743 29 808 694 155 50 729 158 462 841 334 568 27 187 922 897 420 590 470 127 21 849 94 878 218 967 217 556 0 896 350 114 248 914 945 450 404 821 98 190 102 922 671 159 581 302 969 8 780 903 274 259 213 10 353 28 484 515 254 278 146 809 21 298 462 722 50 339 518 588 50 603 202 974 578 878 299 417 491 673 764 167 434 730 671 29 651 269 596 286 286 841 276 981 5 105 215 857 138 678 76 159 952 694 290 375 818 507 327 153 809 785 495 114 567 49 981 810 982 579 595 399 936 444 50 608 745 105 757 13 220 316 866 514 678 22 615 249 47 383 841 15 463 943 957 678 479 289 641 502 210 601 516 643 134 297 340 636 334 97 939 509 259 803 681 740 123 708 492 545 984 640 852 879 383 887 339 633 938 810 546 72 658 808 774 24 967 625 911 483 901 245 81 120 459 532 672 37 37 510 320 683 865 166 291 114 604 137 492 347 656 817 815 35 1 838 726 518 946 58 185 149 824 949 516 554 393 708 639 87 468 279 70 862 979 552 587 335 720 756 136 924 266 
202 287 29 66 827 998 382 309 27 995 403 740 46 837 56 584 9 554 744 568 990 813 168 455 429 971 832 562 908 838 495 437 361 39 516 187 496 471 496 654 18 725 478 11 829 855 819 352 344 664 422 295 278 581 371 223 343 123 934 418 91 710 494 10 756 760 693 290 591 279 541 429 83 857 830 955 757 282 791 422 959 901 365 145 750 63 963 865 735 209 645 418 334 2 311 803 705 771 240 637 922 459 365 764 10 979 944 275 543 264 720 846 468 108 982 947 571 712 404 100 810 832 941 903 445 881 630 226 682 929 986 182 770 112 286 622 300 333 474 671 537 246 963 199 113 109 388 169 494 51 588 397 934 663 348 588 947 818 699 613 300 225 279 475 453 832 573 272 795 741 314 524 952 120 382 876 166 386 116 427 963 504 613 431 353 630 500 712 402 103 676 549 760 643 229 199 517 651 398 384 582 219 837 552 589 131 938 322 102 751 210 171 224 371 830 525 531 520 560 776 675 175 989 358 827 313 48 640 124 968 173 56 707 837 698 56 221 825 818 352 831 138 475 245 559 195 679 11 881 295 854 442 942 574 240 502 166 765 105 116 815 765 636 707 391 503 781 817 27 426 399 24 244 709 66 66 757 2 704 266 314 533 965 588 18 630 944 806 255 60 262 916 50 917 299 598 97 440 569 551 510 88 598 802 982 63 58 778 71 147 382 435 499 15 719 144 799 709 779 675 924 101 442 359 154 977 725 401 965 342 899 426 860 95 27 834 862 60 289 312 219 21 447 640 798 856 359 337 674 586 919 497 443 727 640 745 611 371 213 872 775 96 193 272 143 706 253 855 90 350 630 319 596 986 895 911 844 200 327 821 345 974 487 360 384 593 530 151 458 874 239 582 427 12 466 854 405 709 749 804 727 515 323 640 174 100 656 584 409 676 637 734 690 290 355 313 266 25 673 792 138 906 957 224 369 308 834 233 558 645 753 982 752 47 703 721 509 217 670 596 76 945 813 365 575 131 135 222 354 438 759 754 954 101 143 883 929 738 344 84 527 119 989 263 433 815 511 591 364 804 621 451 52 21 997 180 211 795 204 94 111 107 920 247 857 748 16 187 105 581 563 373 374 56 474 248 218 620 349 907 
679 187 388 26 777 492 199 672 68 504 562 932 822 268 899 88 291 798 832 316 208 957 572 918 315 833 822 253 661 747 146 713 190 724 194 972 727 174 290 330 367 746 902 227 556 269 766 548 788 551 188 978 244 346 324 961 701 134 863 636 530 100 326 630 376 575 27 346 930 424 595 750 943 215 681 239 595 334 116 887 110 489 939 403 161 242 349 560 326 164 957 291 685 122 574 427 99 103 54 917 778 266 289 949 553 137 698 329 798 203 50 917 63 111 900 898 530 178 311 400 554 468 24 958 151 592 734 506 736 250 504 12 844 936 975 86 833 355 47 907 263 106 302 831 433 510 527 166 216 106 194 2 562 160 818 460 65 896 635 715 725 183 675 728 647 751 645 812 953 174 948 647 816 289 657 453 690 104 226 839 131 274 362 178 154 275 747 286 416 765 0 969 209 71 251 844 241 862 926 384 30 155 7 371 777 902 405 895 948 229 290 856 706 492 259 493 89 645 809 852 337 344 209 34 298 273 334 829 229 628 447 773 286 855 698 29 917 928 806 608 498 149 320 531 304 742 996 499 876 756 911 824 495 325 766 178 48 834 421 229 655 709 422 990 811 530 139 36 852 59 380 557 881 662 858 548 105 623 63 721 269 268 264 701 823 50 152 418 34 170 305 497 760 654 324 445 453 809 404 483 62 100 469 654 808 35 164 479 688 701 122 136 880 808 817 962 672 616 919 943 767 902 381 361 870 246 856 972 331 40 788 64 404 270 142 697 542 327 666 876 275 206 331 242 805 117 840 482 358 343 424 521 837 599 767 674 978 757 323 539 663 436 961 750 90 89 442 386 254 425 247 603 280 437 533 136 484 497 669 822 520 299 173 309 795 176 433 951 831 33 928 754 608 739 533 634 110 916 815 134 820 237 358 576 503 548 393 397 498 652 384 381 259 3 718 854 167 6 665 361 949 959 265 554 437 907 831 250 593 935 165 262 263 917 849 386 437 718 335 158 423 583 557 182 698 994 821 749 545 343 439 461 853 92 334 416 311 262 969 103 269 858 684 751 824 274 296 977 100 183 332 372 321 846 525 52 707 209 603 983 660 784 314 286 659 867 260 529 322 914 233 590 536 473 201 800 990 262 669 382 
610 843 284 284 418 646 730 100 692 840 505 361 669 376 605 847 162 231 316 289 339 515 990 904 994 192 122 757 329 159 651 464 325 575 969 152 513 341 634 504 851 734 248 880 527 701 433 560 370 58 986 667 380 964 908 241 666 695 313 706 290 173 297 768 41 259 755 234 775 398 870 754 154 417 22 847 682 621 717 561 631 864 435 561 182 219 854 718 447 97 463 548 604 184 986 983 548 871 559 969 106 51 685 170 823 307 7 162 90 425 628 495 147 989 707 320 23 891 725 542 530 39 410 705 781 908 814 219 308 266 999 420 699 128 49 967 439 958 175 353 628 565 350 605 244 958 424 145 84 163 357 893 376 665 705 497 747 405 812 390 322 113 830 715 930 871 177 886 301 733 635 414 926 750 380 933 845 585 925 873 516 852 86 250 467 824 629 409 365 501 814 228 324 276 690 7 411 703 415 27 363 744 237 161 903 402 306 327 572 787 234 349 692 819 567 794 265 351 399 405 496 188 127 196 27 227 383 62 402 174 392 143 53 829 577 305 402 728 622 600 644 435 776 231 368 511 563 950 937 334 19 527 419 35 815 248 197 341 403 69 428 960 639 601 14 918 604 680 733 4 33 975 665 253 923 106 44 352 669 324 831 727 440 772 615 231 377 967 818 139 158 534 28 518 914 411 514 67 542 293 233 969 662 949 648 600 128 628 39 0 630 557 247 887 332 882 967 589 977 529 399 39 61 794 868 584 382 394 432 14 929 73 473 243 746 858 219 883 99 815 954 992 371 301 942 341 778 981 517 936 60 508 330 109 924 894 240 714 298 820 655 555 68 885 382 723 605 474 14 470 812 654 233 52 101 680 108 115 697 362 505 242 695 942 602 549 303 268 342 614 298 693 35 907 2 733 106 197 519 386 623 543 503 484 798 324 124 867 97 135 762 862 61 663 246 253 747 268 345 98 241 909 135 183 933 809 582 503 909 864 969 982 758 935 82 172 713 745 994 692 302 297 141 231 740 236 201 358 353 616 655 215 3 16 910 858 32 779 259 116 122 959 756 735 770 851 348 810 34 268 899 660 74 571 981 14 605 441 270 487 485 896 604 130 680 857 617 62 40 442 669 695 911 515 867 445 481 526 674 384 
198 886 126 903 781 733 343 928 875 695 537 207 902 406 59 581 210 117 701 768 773 816 150 882 324 447 128 878 575 254 913 164 930 114 531 966 943 391 631 404 744 524 549 92 450 260 141 200 885 698 490 200 359 542 822 951 170 810 552 916 835 867 186 743 838 309 670 625 450 190 445 121 661 243 257 161 17 58 239 768 713 497 616 830 975 711 551 276 366 502 294 211 593 714 324 474 466 279 507 578 916 314 599 867 160 394 429 641 162 396 643 346 769 113 565 686 779 565 814 587 189 203 498 900 29 152 340 621 151 310 172 404 246 761 329 535 339 308 669 74 285 586 56 132 463 466 60 236 593 80 282 306 346 51 852 363 942 623 957 76 488 312 865 115 406 976 930 346 742 814 587 125 596 989 590 776 586 804 645 848 884 556 211 472 136 650 604 388 978 478 433 221 845 975 120 596 735 664 189 46 365 573 538 90 572 175 45 338 108 156 142 525 273 409 467 644 246 153 757 399 920 591 173 975 349 549 702 605 747 301 57 250 917 813 464 406 712 329 797 660 455 319 579 980 303 401 496 517 142 616 586 544 207 966 448 800 619 776 388 335 935 156 525 953 451 188 67 197 654 891 475 413 495 575 663 518 5 541 702 828 467 247 769 702 323 34 831 988 480 589 354 710 314 468 793 638 672 476 473 979 142 674 648 37 503 273 787 27 309 49 2 857 123 0 106 432 861 190 577 136 614 440 227 127 26 20 958 566 259 558 763 968 483 309 792 307 886 730 763 731 30 46 826 740 149 542 176 441 616 764 614 651 818 348 613 377 133 901 113 819 8 498 652 927 20 589 719 52 465 995 474 564 324 175 506 990 501 899 556 789 67 360 963 991 800 901 770 905 840 361 309 6 253 193 678 832 687 455 181 184 472 792 209 667 548 13 713 436 840 980 391 976 557 538 121 274 999 378 550 147 43 41 928 67 303 583 186 162 547 84 781 249 809 608 28 898 787 793 716 533 241 601 443 133 509 801 784 970 886 332 170 138 161 951 98 428 693 94 52 864 181 326 609 349 143 944 838 707 237 673 520 269 501 644 244 433 773 175 538 414 270 232 716 80 960 108 121 564 184 465 85 352 37 675 316 150 77 946 350 447 
608 372 438 38 281 809 385 970 691 150 307 921 194 670 191 78 78 505 12 170 284 201 58 652 565 509 791 537 197 581 301 204 99 477 704 401 179 217 307 220 975 100 276 882 150 581 907 765 179 569 761 22 721 192 148 721 373 94 656 940 820 553 515 814 220 8 528 102 831 377 406 517 832 662 617 295 37 223 533 637 271 841 930 568 341 524 548 481 953 879 321 921 367 520 642 893 199 863 223 614 778 130 940 713 437 341 189 433 306 811 761 13 220 493 483 638 984 383 327 250 324 257 912 64 947 849 706 870 765 878 101 105 607 768 567 408 83 436 651 621 99 956 526 856 996 35 904 604 181 62 81 438 149 645 290 981 827 689 262 757 569 978 687 347 737 194 806 500 11 969 761 549 190 498 291 916 369 720 603 409 486 18 954 484 680 344 361 657 575 87 965 340 524 30 171 639 327 83 778 510 13 133 582 89 979 372 628 595 988 150 887 472 7 935 623 562 743 726 109 287 823 267 21 307 796 499 938 464 284 786 129 960 27 948 899 976 226 128 662 789 192 475 532 280 856 926 915 679 772 283 984 955 935 510 39 771 96 383 519 686 356 705 566 354 215 295 580 321 814 451 265 867 260 162 3 659 167 718 112 329 888 880 604 810 358 953 975 236 952 48 447 932 444 575 838 270 557 842 485 159 36 808 997 878 996 257 882 291 998 801 279 954 858 518 604 63 391 887 357 644 908 813 402 843 898 200 708 756 8 39 38 904 704 574 726 960 201 4 596 806 415 79 849 285 460 940 656 428 521 261 134 833 68 593 647 493 957 453 108 846 879 357 581 797 992 99 483 304 849 527 546 603 420 505 492 575 722 671 423 30 498 762 341 160 240 60 432 653 657 636 992 339 285 21 520 561 413 401 339 373 971 579 603 318 28 436 151 192 535 659 205 515 139 519 252 732 151 510 833 488 185 784 695 273 764 754 394 134 278 498 557 120 348 169 670 534 892 151 532 535 703 212 963 89 271 775 264 933 123 79 520 977 643 799 736 902 645 410 722 222 474 117 166 159 973 0 684 311 108 292 7 699 160 819 979 410 286 15 441 890 852 944 592 742 39 49 945 508 186 637 908 527 257 937 539 983 741 714 243 919 
1 333 22 528 491 256 464 478 675 364 194 260 454 511 656 297 943 53 528 664 412 32 501 974 433 416 995 379 1 159 899 59 239 897 597 537 650 488 270 958 831 825 363 871 322 238 980 154 20 442 223 952 402 256 398 857 202 844 292 366 638 337 259 147 463 851 64 275 57 501 52 105 297 414 240 999 872 229 672 394 389 871 843 858 55 853 33 212 226 830 976 416 884 700 732 979 853 568 868 271 197 195 700 5 956 72 413 300 700 330 220 352 19 636 84 651 908 144 833 352 956 486 534 436 29 720 601 193 437 59 792 51 101 801 503 356 238 278 376 547 228 943 547 947 692 12 419 715 846 843 912 537 23 680 996 713 403 668 27 229 491 251 414 600 847 140 714 975 686 651 514 708 780 643 380 317 776 37 179 309 538 562 252 177 437 841 230 719 992 850 495 242 136 588 630 340 490 3 876 458 665 989 486 141 319 126 504 388 579 952 871 619 576 915 126 527 637 709 604 817 350 585 729 467 807 43 209 467 749 510 425 601 924 671 251 480 806 973 883 21 939 682 407 288 301 653 552 547 241 816 802 661 110 50 607 371 900 805 913 582 288 410 164 632 172 597 747 976 984 931 291 388 489 939 536 595 524 775 280 548 116 548 840 888 987 940 70 607 991 305 183 526 689 281 155 581 512 48 570 906 587 548 480 477 303 665 990 450 210 226 107 365 786 638 753 301 957 638 106 106 726 424 368 568 700 603 198 122 988 655 376 789 64 765 18 446 231 17 250 490 875 139 574 66 348 920 602 420 857 269 511 629 303 418 352 668 998 525 437 993 10 756 746 288 998 255 861 608 256 655 165 714 446 876 838 827 702 165 314 597 481 919 331 490 696 217 581 48 663 296 733 839 543 190 761 900 288 328 802 806 891 912 934 165 369 731 433 280 673 621 883 932 319 696 558 406 743 548 325 414 29 771 71 860 437 202 8 299 70 998 828 720 720 73 470 693 910 568 7 281 327 643 537 33 389 45 267 545 251 456 811 408 208 523 938 474 967 405 656 97 830 822 383 5 581 728 971 672 814 548 359 630 506 958 279 189 207 617 568 767 383 250 53 357 947 115 705 146 458 186 139 604 302 779 529 256 743 22 53 829 
550 891 488 373 441 719 628 847 899 9 319 443 24 692 776 555 349 112 68 322 226 120 968 365 736 440 507 717 67 381 200 304 446 976 511 461 817 823 54 751 388 59 15 655 681 885 611 714 278 70 762 696 850 1 555 756 73 327 735 908 323 478 37 249 302 700 998 933 103 219 130 453 580 513 31 295 769 781 864 926 983 69 7 379 661 460 760 136 976 997 272 52 978 987 479 494 8 433 273 422 136 248 705 455 506 407 32 241 785 835 305 591 190 658 915 638 194 946 545 804 445 805 231 519 238 497 245 26 763 933 802 118 195 504 214 587 70 78 329 555 980 994 218 558 291 189 310 352 469 742 422 897 177 969 169 459 353 491 453 186 133 241 826 503 736 225 974 825 126 712 711 720 212 464 36 674 470 538 893 29 562 701 321 520 103 296 559 631 992 423 121 445 251 276 363 919 53 357 460 942 992 474 436 34 92 21 231 125 852 593 649 99 322 44 410 136 677 695 275 724 363 281 823 649 968 749 383 628 306 616 318 295 292 450 251 364 54 689 304 343 451 432 264 922 391 90 46 654 295 29 10 909 865 457 512 816 628 691 98 581 67 982 59 230 713 572 133 952 667 513 954 429 897 483 69 879 674 982 79 211 899 878 15 33 461 658 91 610 153 655 780 192 344 610 197 684 220 442 935 604 563 196 849 459 971 86 357 724 725 694 892 480 630 779 715 445 960 8 799 313 954 58 323 8 470 365 528 226 715 743 959 393 779 321 258 466 319 290 111 865 388 589 460 653 378 937 127 992 755 481 542 670 96 923 751 166 387 126 544 551 427 572 33 79 780 183 190 780 625 121 389 325 799 858 928 497 183 193 745 771 656 841 535 285 226 153 458 529 234 442 201 89 847 390 726 662 83 704 97 170 445 149 663 942 962 347 473 646 192 410 604 985 546 538 428 308 450 941 408 976 672 78 197 18 103 729 44 894 713 671 586 657 897 700 134 520 756 682 258 275 110 452 871 5 247 490 204 335 750 195 142 170 319 48 355 748 733 100 579 230 968 900 135 603 854 795 40 140 614 360 25 912 821 112 937 756 350 251 187 363 999 905 115 899 515 34 33 61 872 226 320 901 540 679 326 739 313 551 174 866 
256 588 154 310 542 633 455 237 718 368 361 86 853 99 286 745 387 34 786 529 395 584 341 329 643 667 371 764 251 534 752 509 164 557 751 937 208 487 561 476 282 943 762 835 850 100 5 961 552 527 990 381 242 321 805 928 793 491 725 452 254 118 542 318 255 23 545 727 571 661 736 929 887 57 62 493 713 547 371 883 163 425 459 24 706 256 767 634 488 810 984 544 511 841 563 196 136 375 980 108 140 894 498 887 157 797 380 794 945 386 191 767 329 565 778 525 953 999 988 198 145 443 266 342 707 234 313 741 959 517 615 78 916 231 896 682 263 617 359 183 106 510 252 397 42 459 151 991 211 386 675 829 153 530 283 129 860 780 509 14 961 29 209 365 496 17 532 152 854 244 827 714 200 164 577 961 132 541 568 816 86 669 403 79 781 91 105 977 731 851 230 130 746 339 909 225 642 316 648 787 578 384 136 235 379 655 650 839 865 733 876 542 823 362 851 126 120 190 267 297 29 57 475 364 672 60 552 368 436 467 499 423 662 601 52 285 538 137 995 672 227 254 61 701 970 706 42 237 602 814 908 395 945 827 225 916 981 616 307 164 987 784 809 46 726 394 929 433 642 534 644 705 614 609 21 449 483 383 522 971 772 34 723 14 69 44 352 643 456 761 348 82 605 237 929 79 112 546 133 150 381 41 803 952 749 788 495 747 330 252 179 595 266 351 389 803 617 620 480 8 235 383 99 568 502 614 924 767 752 400 443 81 604 251 32 246 902 34 104 945 828 877 761 233 12 904 449 303 477 289 629 770 652 738 342 521 614 571 618 460 862 517 150 213 12 771 39 209 519 999 797 863 329 632 764 812 907 435 849 639 570 479 546 645 482 920 560 67 3 330 836 328 435 100 273 301 179 576 902 650 891 979 298 886 211 582 118 189 423 70 357 317 902 529 430 230 802 283 317 841 557 558 539 269 620 677 417 220 636 146 219 421 445 674 548 49 890 757 412 314 355 133 952 683 86 790 167 593 611 884 801 201 886 667 430 655 223 90 995 255 701 598 624 676 361 516 663 929 707 962 384 255 331 899 558 80 90 433 995 770 412 330 586 900 561 237 323 206 347 466 563 408 871 548 604 445 545 164 901 866 
218 267 261 415 818 957 591 980 135 93 162 372 2 790 552 274 34 346 985 193 132 244 384 869 597 993 925 810 407 827 173 887 909 615 161 841 179 113 478 746 801 583 804 221 909 352 582 383 232 80 380 930 847 339 649 211 58 7 100 520 709 928 974 477 474 365 763 453 458 776 522 341 839 794 317 894 385 129 454 293 101 277 16 118 204 622 217 687 771 203 719 384 429 311 437 683 596 788 670 725 369 149 568 522 863 258 987 886 971 881 720 753 80 680 638 414 431 117 820 282 632 51 735 343 868 886 122 473 780 508 762 276 897 118 898 918 332 403 771 707 485 40 482 530 900 224 646 19 486 899 393 427 180 442 594 678 438 549 881 251 998 908 624 821 53 647 252 581 324 355 769 784 631 34 613 720 964 956 522 399 19 375 257 813 473 639 618 218 198 141 890 3 606 248 988 834 627 9 690 904 333 368 575 695 537 813 987 275 516 508 682 491 223 114 617 6 285 897 622 90 918 202 559 735 594 904 135 894 526 897 887 630 623 821 344 138 472 774 629 610 693 758 904 863 680 579 787 862 766 419 36 419 572 270 397 195 699 690 681 837 963 183 345 992 769 792 743 761 557 212 270 109 76 978 636 19 766 940 723 190 73 227 203 209 499 472 501 141 24 231 322 667 447 257 319 236 173 943 416 604 72 615 581 954 99 153 215 824 225 297 617 38 434 35 383 87 321 74 876 68 607 933 888 892 686 91 298 394 794 728 414 473 719 17 552 847 84 553 880 853 266 504 865 315 276 821 550 54 836 308 535 528 144 169 773 828 152 331 7 757 979 138 872 715 87 415 289 701 605 547 291 170 888 92 219 247 689 951 825 677 995 935 628 295 739 874 436 990 547 678 455 333 763 574 453 141 379 907 895 235 217 578 408 292 125 961 521 453 402 906 898 515 905 9 429 679 54 62 91 28 775 172 623 399 817 461 669 972 334 696 573 478 93 683 970 537 31 188 622 505 134 629 962 177 762 414 221 743 371 407 244 51 339 130 476 719 784 192 746 699 819 611 901 573 904 501 586 490 814 98 903 294 813 736 991 443 550 654 639 664 975 368 420 191 924 292 243 25 567 139 992 81 902 365 555 35 239 976 535 930 
892 228 739 117 830 849 684 641 156 781 923 696 756 618 421 131 893 544 129 897 788 748 542 416 798 902 905 132 134 444 333 549 525 846 316 97 966 175 996 36 288 248 354 803 197 567 346 729 599 527 726 397 377 75 755 41 69 669 290 28 149 519 994 478 68 304 60 526 754 359 233 890 755 568 888 324 242 693 750 767 322 777 139 13 871 280 826 448 516 750 650 497 698 674 266 944 718 585 413 384 10 997 996 968 539 811 768 525 401 737 171 400 642 209 754 538 881 800 965 132 156 353 446 812 135 337 619 759 169 908 394 210 385 881 646 903 919 495 526 478 24 458 118 474 618 179 782 232 927 119 944 329 626 393 242 125 426 584 731 304 578 428 946 329 625 986 479 198 528 407 417 459 963 838 85 404 739 7 577 160 914 499 588 954 394 413 937 673 614 841 640 164 465 228 751 782 462 265 67 851 487 834 208 1000 30 253 944 392 229 311 116 222 258 786 1000 817 56 876 898 10 979 235 315 712 817 97 487 85 116 731 284 674 604 610 748 246 11 398 497 583 815 59 857 28 634 711 900 72 603 860 714 938 815 276 403 776 500 608 93 687 982 848 578 352 994 940 410 24 570 855 183 750 297 151 1 821 351 151 638 184 376 478 238 100 662 112 807 551 85 867 3 510 65 479 509 865 845 14 677 849 825 783 272 494 69 789 285 117 480 843 425 161 940 209 35 44 220 44 335 873 722 107 140 258 273 42 435 921 368 427 316 896 450 914 409 528 144 397 507 143 487 638 180 838 571 314 437 368 198 544 387 621 519 905 161 711 906 656 19 170 182 444 74 776 309 570 460 495 440 678 912 712 731 985 849 240 797 77 428 364 287 332 241 958 241 713 893 80 581 324 624 198 837 869 755 761 471 17 609 129 126 73 924 405 695 789 730 82 931 955 325 758 369 886 225 542 457 863 123 594 741 336 109 877 39 613 446 492 178 509 797 960 413 538 655 959 568 910 465 37 242 410 679 31 793 294 552 914 780 894 61 824 698 725 444 258 426 244 945 988 821 351 426 403 722 602 516 958 82 889 500 903 805 316 112 698 264 920 325 185 869 991 929 292 836 724 617 443 69 605 324 600 610 129 586 511 880 300 953 341 
198 18 808 324 309 844 819 674 130 887 632 938 450 898 928 97 155 742 821 747 530 904 396 126 993 948 548 895 505 383 910 62 693 632 295 567 464 208 189 713 658 206 127 16 691 193 188 572 580 312 816 22 553 254 15 151 370 174 528 252 701 287 834 583 440 486 594 535 394 563 559 531 365 987 75 499 946 680 411 265 642 104 499 451 515 32 970 321 843 562 921 757 663 892 994 669 756 829 818 30 789 750 912 4 655 338 776 375 778 543 967 818 339 967 486 151 292 968 340 571 381 463 79 175 266 635 904 347 993 673 657 731 861 812 960 529 493 281 798 317 562 949 1000 601 168 103 719 301 133 265 591 349 883 826 960 225 711 813 537 270 777 968 328 716 887 635 682 255 16 605 576 123 453 554 80 659 772 460 756 307 119 567 251 211 922 559 926 400 610 749 987 378 704 610 379 260 772 225 19 684 486 855 847 817 791 279 190 405 533 379 343 77 960 434 709 585 485 364 484 670 456 746 601 701 64 9 936 979 282 460 559 948 417 788 502 918 57 374 669 253 352 971 35 108 91 697 962 612 244 371 378 376 335 940 373 578 247 616 950 895 113 296 352 784 592 958 269 756 241 979 63 462 463 126 201 445 897 975 693 600 621 163 369 120 264 383 718 315 464 503 656 702 958 48 368 805 85 303 945 812 217 689 390 372 24 103 84 894 363 142 795 360 48 429 791 544 452 97 145 162 989 212 401 846 207 375 803 907 196 89 41 736 410 928 914 640 847 266 428 396 877 641 331 874 726 730 892 245 340 616 966 705 99 830 658 941 277 548 899 983 60 820 176 337 246 389 934 814 978 930 731 672 758 62 884 775 155 563 257 655 286 578 663 284 412 584 700 411 110 164 159 561 91 764 53 268 212 262 267 770 623 329 223 377 999 285 223 86 213 318 541 124 214 782 869 848 305 441 649 669 586 351 497 162 245 996 578 730 412 666 252 416 119 986 754 202 632 669 644 892 536 49 254 242 937 531 69 42 292 591 414 160 155 978 756 310 846 703 999 450 238 697 209 872 650 464 609 439 223 91 857 846 571 172 622 169 322 747 142 645 134 996 866 293 187 290 395 542 595 135 533 199 211 709 618 348 359 498 211 970 
75 921 610 989 133 727 880 792 17 949 984 405 405 699 323 153 22 778 841 681 311 685 440 783 735 501 631 568 773 962 583 794 262 767 379 667 239 83 448 440 298 487 555 190 71 689 239 228 227 81 394 558 480 922 314 807 833 724 157 70 941 383 775 220 604 68 981 247 29 730 6 523 865 369 401 444 191 931 609 480 887 636 126 735 336 377 27 409 725 641 33 792 459 1 20 704 766 826 500 159 106 774 917 592 175 308 824 465 874 236 983 545 657 656 951 477 860 682 681 493 461 715 676 111 850 91 801 259 438 487 219 42 362 667 301 625 572 440 211 241 478 784 423 996 859 523 251 474 781 414 786 611 906 101 554 300 726 538 641 479 478 616 499 844 385 301 189 655 640 948 198 818 386 811 272 666 21 442 727 78 692 726 705 145 169 518 758 545 852 342 892 874 598 257 567 976 930 459 529 245 781 880 199 402 143 655 459 748 184 930 525 350 366 419 128 106 298 589 32 103 296 949 268 260 441 161 695 421 900 229 324 429 92 326 699 173 923 482 716 692 170 498 216 438 903 646 920 963 181 448 163 925 206 465 467 755 339 497 880 406 727 97 223 540 881 656 472 380 703 84 659 72 902 507 371 734 564 455 567 956 452 183 183 566 397 546 972 975 631 891 263 820 430 498 492 483 610 196 127 242 538 302 361 321 538 331 542 258 6 749 831 354 577 354 201 62 1000 630 852 637 336 357 533 535 481 255 464 350 981 743 62 640 920 511 504 227 802 617 692 392 102 585 754 718 502 653 506 925 529 108 317 992 923 695 636 460 614 400 421 769 900 892 19 465 101 297 437 62 414 308 875 496 973 327 280 672 123 120 577 682 715 950 939 294 747 502 861 15 91 282 926 67 724 150 250 763 968 992 602 289 946 714 379 51 384 17 787 366 686 136 572 425 13 732 213 525 616 868 232 695 171 749 501 109 293 234 557 894 217 89 109 923 905 334 152 57 776 509 321 436 291 834 181 381 475 438 157 127 126 742 122 949 882 705 847 144 402 826 114 940 242 557 319 203 478 793 556 603 59 741 102 556 595 601 764 180 583 302 468 365 81 469 345 722 292 893 4 305 987 498 41 82 971 152 955 459 435 737 46 841 
422 289 101 582 564 350 385 214 325 939 307 967 491 674 269 768 465 255 328 53 106 94 194 775 585 925 973 752 252 362 126 430 233 816 226 798 895 741 138 152 984 65 666 911 334 789 939 492 795 421 723 503 523 25 361 304 717 278 709 41 768 406 369 687 369 382 252 743 739 317 492 366 427 357 27 422 70 829 154 5 228 339 275 175 95 966 168 60 296 625 534 325 541 531 935 681 750 352 876 831 428 757 758 59 559 593 175 385 427 456 912 134 464 888 669 802 573 290 192 413 460 922 599 905 12 1 190 638 569 861 161 846 32 997 935 83 129 656 56 92 857 139 520 883 13 393 169 391 250 397 143 378 635 128 482 474 699 150 159 654 609 478 372 417 738 93 552 146 358 441 190 993 472 652 887 527 706 143 670 659 663 169 167 287 401 549 3 844 6 826 415 147 403 398 386 7 899 306 232 658 761 904 713 117 774 817 189 815 580 292 743 939 841 928 702 733 362 480 997 642 762 236 551 194 409 654 380 316 199 223 532 220 39 914 136 978 543 412 159 980 545 375 597 527 866 286 457 563 905 117 259 483 760 53 512 681 78 20 31 625 462 14 506 421 557 951 715 993 121 593 239 339 34 276 224 866 727 286 469 442 501 59 97 639 770 10 559 657 695 827 951 374 634 168 386 197 339 839 344 116 131 195 424 841 126 692 874 589 317 253 983 297 459 662 878 198 537 743 738 910 802 793 786 586 82 462 562 381 773 507 892 985 896 592 185 104 504 482 445 581 296 552 793 177 672 424 503 513 701 370 917 205 439 416 860 10 586 920 73 416 393 535 601 987 194 785 958 443 620 752 151 729 19 744 389 699 762 363 61 883 678 382 707 727 204 393 385 883 662 929 592 803 35 314 922 608 684 506 802 754 26 575 381 346 412 835 414 31 2 386 777 141 67 353 609 33 584 2 630 751 637 829 156 139 547 656 87 231 620 598 441 150 692 725 870 782 239 342 118 626 132 754 221 698 540 565 986 407 325 372 659 616 390 913 3 916 816 610 515 4 324 84 392 223 772 814 666 674 81 353 843 389 370 310 36 160 693 401 245 479 60 151 251 102 459 209 686 7 564 528 655 354 131 271 274 273 433 922 636 733 
101 596 79 416 934 669 172 730 76 388 813 758 914 1000 986 902 243 901 160 555 462 281 191 924 974 464 215 323 590 155 733 974 919 251 679 44 388 452 782 361 520 957 559 735 95 842 241 799 353 872 695 33 979 846 214 230 792 932 706 331 79 860 787 761 494 447 968 123 171 808 244 621 261 851 93 628 28 828 218 344 616 786 97 697 985 732 962 291 115 646 444 599 949 854 504 496 574 799 179 399 358 777 625 891 101 40 818 344 889 532 545 171 134 463 955 302 690 417 277 519 348 155 963 432 508 32 51 321 861 357 432 31 848 976 127 855 614 63 471 483 143 808 823 303 746 178 336 984 26 939 188 329 915 871 569 118 145 222 695 754 618 101 863 356 244 167 673 909 550 330 1 620 378 174 957 563 404 923 747 792 237 334 837 247 261 619 163 919 169 585 719 375 374 985 756 559 780 971 588 808 248 852 413 734 11 674 668 187 722 312 984 374 548 975 311 451 647 976 345 360 899 148 591 748 985 690 158 165 998 993 3 841 293 115 785 388 954 701 905 461 577 550 959 961 550 89 880 737 222 836 126 390 432 36 615 675 929 140 339 656 966 706 764 9 931 44 591 792 24 63 939 947 211 539 651 433 236 516 424 514 878 421 642 609 683 581 57 856 639 89 196 105 649 432 328 421 857 766 264 447 129 490 532 187 306 754 900 128 797 564 815 117 913 55 648 579 500 660 776 995 380 756 79 511 297 278 994 622 82 643 553 539 309 897 576 821 805 955 732 517 830 863 240 536 920 342 650 531 943 167 277 365 416 214 329 162 347 915 204 462 545 46 294 250 938 579 790 273 829 638 987 594 411 860 496 178 730 207 454 700 250 920 689 334 169 319 724 512 360 138 54 883 53 92 676 853 326 699 469 419 434 555 587 405 275 885 100 552 643 217 973 573 938 586 827 327 988 1000 375 770 463 8 18 716 207 884 314 672 745 99 32 595 342 638 164 791 889 236 239 927 914 57 914 326 59 641 584 559 141 274 849 683 646 56 393 889 770 106 956 240 394 351 716 763 264 212 19 648 149 802 304 919 730 801 702 332 532 720 518 804 383 44 271 47 947 799 93 220 671 563 595 182 757 248 811 228 633 33 3 382 
313 204 351 947 101 699 454 667 119 935 602 371 211 494 616 441 126 145 558 883 141 866 48 20 857 768 156 821 766 529 122 668 643 590 268 785 972 48 210 132 88 943 10 724 62 629 625 9 160 46 477 348 682 497 930 511 782 645 297 266 688 947 423 418 690 201 12 640 282 238 191 26 499 859 797 536 49 637 981 483 740 31 832 896 127 501 580 962 764 944 97 923 514 376 437 926 753 121 138 482 916 685 530 175 105 686 516 963 296 235 248 467 898 326 115 954 839 879 251 216 468 315 135 751 591 190 420 58 713 6 356 859 141 71 851 674 65 371 206 852 389 132 779 55 685 115 815 363 300 690 298 721 519 910 976 593 963 946 186 954 205 708 579 754 151 949 885 687 128 371 871 145 737 954 456 124 64 512 390 244 953 738 25 453 603 670 468 663 518 626 959 252 165 988 402 618 971 782 453 544 696 763 347 153 497 696 826 579 685 746 750 267 40 813 11 925 471 489 144 167 623 333 831 441 46 457 570 796 212 812 512 365 323 147 442 745 903 286 952 999 946 720 424 112 432 421 676 815 332 16 899 382 472 665 864 925 180 252 179 689 699 823 275 171 148 840 779 662 554 56 187 129 827 759 313 510 221 762 199 355 280 822 905 926 412 338 948 604 677 614 858 553 637 128 496 75 509 314 601 482 536 386 37 308 246 594 795 995 173 130 27 182 8 110 232 950 605 576 313 451 273 723 973 957 686 606 622 204 404 732 935 528 703 121 445 981 535 8 148 915 540 484 557 771 14 316 787 68 267 330 977 610 202 911 677 583 400 942 115 49 289 256 769 466 230 207 817 114 476 414 531 177 238 625 266 760 377 104 36 927 416 471 999 920 260 772 695 311 664 669 933 730 677 940 935 409 960 47 82 281 61 594 311 121 819 664 298 680 908 664 115 51 183 908 504 17 508 525 582 178 904 234 773 682 700 70 636 597 203 438 436 112 784 52 701 497 273 766 446 705 972 623 677 965 158 273 448 540 214 375 447 557 444 586 35 738 156 321 47 381 513 399 918 534 349 558 914 333 345 197 428 537 898 886 657 445 63 405 996 550 577 672 291 254 713 706 243 885 240 499 859 963 658 817 8 784 709 441 358 37 
951 995 512 296 920 766 151 478 80 773 596 111 631 544 446 982 118 885 213 74 658 531 596 30 775 601 278 746 277 134 82 469 524 981 560 211 124 957 931 917 921 70 890 935 625 861 787 411 228 962 497 545 260 380 129 768 530 400 239 247 697 466 623 113 626 227 822 236 537 653 920 668 345 425 161 475 311 888 576 953 915 794 938 771 687 872 550 758 337 977 353 538 332 639 62 812 873 201 792 400 712 325 148 997 765 184 543 342 137 433 791 397 944 48 829 648 71 677 20 892 632 803 908 37 259 114 246 954 240 9 606 906 811 634 272 214 311 694 102 107 747 205 918 447 536 239 827 826 910 392 584 958 362 4 848 101 865 193 790 316 128 701 842 340 916 74 142 0 898 392 21 836 30 952 463 677 489 62 896 221 526 258 704 341 7 447 613 692 434 312 61 60 128 184 234 549 933 327 482 661 345 142 749 927 752 266 103 378 525 851 769 458 253 710 804 567 584 725 950 154 969 942 400 113 717 615 33 280 657 712 331 488 442 504 541 401 886 808 738 960 818 195 487 906 706 922 238 372 466 287 377 487 635 605 988 630 691 234 312 929 706 548 135 835 95 643 192 516 987 976 816 239 202 392 629 824 223 251 160 236 783 547 956 161 555 97 241 671 388 527 401 702 817 327 490 855 444 872 999 110 288 850 203 147 585 807 446 331 489 152 715 893 948 773 289 4 540 484 136 690 254 840 307 621 681 497 670 457 693 44 523 681 932 550 423 820 682 710 151 4 709 274 736 56 237 605 19 108 200 80 492 181 992 222 384 375 983 732 368 511 6 587 931 604 282 849 394 740 244 415 1000 922 544 685 760 586 367 336 319 295 276 843 341 513 312 454 263 247 584 132 419 808 697 940 610 725 203 545 957 960 848 584 89 281 929 332 760 47 61 222 904 719 897 249 793 842 890 836 547 63 908 7 0 378 833 23 707 261 349 157 775 961 369 588 255 74 586 826 913 506 407 642 47 1000 670 650 826 909 447 874 868 212 69 235 215 511 117 212 705 664 487 153 844 624 618 321 974 196 455 596 737 0 286 362 917 800 50 88 124 977 788 428 887 404 208 352 373 588 759 383 713 299 347 681 840 648 239 161 30 600 
778 565 294 433 105 277 650 626 49 784 922 828 462 774 392 320 49 658 637 342 26 931 731 751 348 267 400 410 423 678 310 133 558 900 477 547 565 721 116 340 35 522 767 993 449 74 53 409 128 201 68 640 168 167 750 703 925 634 914 855 430 603 998 562 258 410 328 908 811 633 893 343 362 750 73 246 590 769 162 265 812 144 198 614 75 682 893 566 833 130 454 212 489 436 972 108 364 467 19 147 501 85 686 538 805 581 440 720 595 49 947 556 96 749 845 862 313 593 168 561 640 988 790 61 224 722 706 286 851 367 533 556 380 151 7 491 554 336 966 304 192 970 7 392 704 127 858 12 558 937 805 350 175 426 700 386 562 546 626 283 386 366 664 837 149 134 29 63 377 710 436 276 574 843 509 694 429 198 548 621 669 339 822 246 295 473 726 887 646 418 940 549 917 461 386 733 398 102 240 812 231 716 778 503 278 480 794 326 620 361 107 291 4 935 389 988 637 570 789 264 344 440 27 938 472 515 594 939 49 548 528 390 891 123 934 820 712 480 308 337 658 506 449 113 108 808 783 183 677 700 756 797 523 635 362 369 327 13 929 281 124 605 93 823 317 708 167 684 601 79 457 239 702 471 3 518 81 578 837 38 487 500 864 159 247 353 552 98 897 96 249 80 618 654 559 471 17 631 508 493 188 303 945 162 769 118 786 90 958 838 546 153 400 31 577 408 502 3 421 555 91 315 696 542 270 267 166 148 469 307 160 710 960 277 835 652 114 326 93 156 848 960 440 795 675 357 572 865 218 560 809 317 529 888 621 381 665 366 174 992 433 398 22 938 832 301 942 963 745 801 160 487 160 615 910 878 289 996 334 625 718 425 310 825 383 2 101 786 900 932 43 282 908 902 303 449 758 921 831 88 712 641 614 770 198 110 800 171 824 940 886 113 938 659 477 32 951 477 324 439 718 866 492 241 61 668 901 83 487 1000 1000 206 47 158 6 127 151 264 687 896 190 146 794 30 97 185 649 229 142 45 467 604 48 466 739 219 10 254 422 77 81 361 820 453 9 353 373 488 961 783 18 776 215 135 135 275 143 720 20 993 205 745 53 921 396 705 84 340 953 105 525 228 478 276 422 714 954 761 206 224 
268 688 380 538 971 316 658 752 895 510 694 539 886 530 462 842 993 270 40 239 586 494 959 141 374 357 792 731 832 715 696 537 912 568 613 531 374 610 262 466 130 103 378 832 577 380 732 708 764 226 599 587 86 444 777 521 366 962 636 956 465 243 586 917 116 835 723 433 955 151 826 70 470 304 347 516 438 326 756 154 277 403 251 942 454 376 344 194 918 436 221 667 576 641 169 179 627 342 426 598 378 831 329 735 794 757 862 228 609 170 32 862 236 709 145 536 732 89 587 132 923 931 545 921 655 755 78 234 407 119 341 509 138 281 362 394 366 804 934 51 232 195 18 34 636 990 622 113 742 906 524 552 100 455 363 38 176 615 625 163 437 53 586 958 66 273 958 738 829 414 551 602 67 198 234 218 509 397 595 54 540 44 700 487 208 114 269 692 32 835 785 714 233 693 154 49 223 62 421 8 856 128 323 115 978 807 971 894 151 139 233 365 170 963 423 163 991 218 283 507 782 755 127 846 356 99 566 879 298 101 129 784 895 915 566 125 618 686 343 426 96 230 513 330 138 765 612 301 224 844 622 857 329 602 239 476 230 147 327 901 836 371 139 630 234 859 629 542 245 666 872 262 124 474 119 711 359 362 362 207 273 50 721 485 81 157 265 393 247 442 770 292 829 809 366 148 920 95 61 944 199 237 192 353 441 908 642 570 240 239 110 768 594 591 920 259 973 347 268 134 457 580 320 492 658 81 433 878 346 315 800 486 56 764 495 795 569 551 875 133 811 266 571 788 29 306 464 665 866 153 780 857 799 467 194 231 239 404 908 785 98 585 422 778 559 382 281 865 717 572 42 899 787 408 368 902 491 565 774 555 69 120 281 680 581 125 468 74 406 57 407 388 670 151 94 671 459 120 232 538 558 354 866 756 857 358 243 71 463 216 226 919 102 710 781 970 827 707 827 932 0 183 576 150 605 38 633 330 616 34 969 897 932 569 930 106 272 30 832 487 704 413 990 264 265 679 613 411 284 944 648 784 223 387 550 784 373 760 480 649 581 712 901 545 230 853 730 243 639 437 320 635 556 411 337 750 6 735 747 623 66 609 959 205 632 960 63 564 73 739 288 903 814 6 369 496 510 339 441 708 
519 890 366 54 878 12 99 325 807 759 809 953 687 555 138 787 864 828 254 931 231 229 692 910 185 634 313 456 595 380 821 150 24 482 571 94 658 566 254 802 894 975 600 930 220 353 114 199 0 416 666 350 489 365 336 444 866 390 248 561 146 740 860 579 259 771 89 158 382 193 22 558 547 409 864 243 707 465 271 407 578 833 493 805 174 701 962 829 768 767 467 689 995 305 526 656 170 680 695 634 52 519 726 262 892 423 141 938 506 957 180 229 622 822 211 925 367 869 727 397 633 497 708 103 550 180 616 384 94 600 971 239 145 749 645 531 830 507 966 234 834 217 733 385 870 322 425 29 199 107 412 113 816 169 685 851 639 659 719 108 296 499 406 44 208 818 894 407 233 98 56 203 119 93 808 444 27 210 341 340 250 50 113 163 552 940 239 652 761 267 767 323 219 43 896 386 897 638 214 928 373 197 531 276 296 485 712 281 457 756 322 115 94 445 688 961 155 632 771 373 820 673 88 487 792 220 456 936 820 358 908 344 906 220 28 193 480 649 265 884 590 740 922 447 890 194 848 75 805 248 253 161 313 173 563 696 540 9 516 809 265 770 625 944 814 962 77 22 704 991 783 447 738 548 27 745 106 749 49 668 30 470 363 259 616 82 684 259 915 887 600 129 542 687 212 795 704 848 599 381 51 242 405 304 691 478 214 373 426 359 343 504 254 823 397 155 917 307 258 48 96 64 345 990 415 119 2 958 335 613 269 103 148 891 814 480 931 991 923 251 91 462 342 235 905 674 18 616 907 992 657 390 279 501 60 468 651 121 169 912 505 283 188 194 365 325 217 279 293 22 22 879 50 309 568 337 179 791 359 760 269 904 556 582 376 201 428 174 544 648 600 402 614 79 464 902 747 541 178 101 25 511 113 35 561 531 663 775 30 491 14 771 815 979 25 554 986 279 9 149 772 425 107 131 842 457 485 226 33 609 497 503 894 403 76 780 910 255 147 247 181 958 871 527 37 904 637 761 165 106 440 985 120 386 570 528 931 23 604 475 723 873 513 777 388 807 187 126 23 997 663 680 589 469 552 425 810 795 371 8 66 994 688 99 38 237 738 490 183 283 42 90 914 371 433 0 960 401 863 494 
570 743 850 305 470 37 242 996 164 267 908 953 640 321 791 172 472 152 645 573 960 982 868 878 731 979 376 128 326 152 440 971 391 90 794 815 27 15 304 26 287 414 952 228 76 139 744 32 682 17 512 643 46 684 949 227 626 481 197 276 856 873 964 919 439 377 294 783 912 577 273 988 871 913 761 329 372 91 246 25 938 89 308 777 305 165 417 86 858 182 176 258 736 446 79 421 112 197 652 943 115 496 187 957 0 873 599 81 410 612 12 299 171 131 496 468 949 549 673 167 977 524 235 275 666 573 165 211 268 400 649 365 893 461 144 534 180 194 959 328 541 162 279 886 817 167 844 87 460 814 526 64 603 808 852 388 576 804 440 106 470 407 328 70 351 262 863 784 323 381 400 780 303 501 308 13 292 476 883 184 324 62 942 423 717 514 245 807 513 794 694 863 329 194 723 162 60 254 835 631 103 242 48 774 57 122 851 889 299 780 619 121 216 104 689 373 985 70 790 439 503 415 35 374 176 102 227 428 636 434 881 192 331 801 552 850 197 893 964 715 387 969 732 636 241 867 916 226 551 348 527 550 778 953 656 1 450 658 544 876 59 3 836 369 790 919 848 942 48 143 524 446 647 466 861 159 814 241 528 368 900 940 964 525 519 342 481 952 485 729 233 605 736 9 846 10 933 47 342 736 580 283 802 906 556 369 918 501 558 684 540 918 215 873 423 796 819 217 118 345 714 352 81 593 910 837 762 480 152 499 241 820 932 453 703 660 752 565 80 711 430 560 116 662 135 642 610 29 265 524 444 149 919 572 367 177 841 910 205 600 189 963 157 569 539 306 367 152 396 348 877 373 800 444 922 123 726 786 769 11 589 634 879 300 758 81 739 685 948 641 144 25 777 474 914 902 457 958 750 297 459 528 330 334 981 740 684 839 848 115 826 702 378 28 417 882 948 928 647 476 844 925 317 481 431 535 778 448 639 713 160 161 688 786 37 752 973 885 990 676 91 994 152 433 977 303 455 502 168 621 95 209 713 306 206 352 583 53 484 873 27 615 139 17 199 316 638 501 63 104 559 650 600 226 128 24 23 669 681 84 406 184 901 816 506 22 43 279 43 521 327 868 322 935 798 198 482 821 384 906 
913 554 539 843 100 9 618 687 172 43 896 62 569 302 192 697 892 476 896 296 982 99 226 58 300 754 533 263 543 89 409 508 661 126 352 488 410 152 544 95 143 90 599 672 711 764 802 150 499 470 718 183 896 564 287 963 753 491 410 994 441 399 594 439 293 258 731 903 626 61 283 466 731 542 383 909 617 451 531 594 226 996 704 721 762 720 8 185 981 752 427 898 357 17 533 360 876 99 312 40 212 953 986 708 922 945 194 527 973 128 893 504 359 69 614 424 75 931 629 95 877 974 32 203 21 218 886 135 113 297 587 631 955 848 282 897 964 700 174 410 18 851 807 840 689 944 749 560 73 751 362 297 154 797 498 683 257 952 307 206 929 176 224 220 710 87 189 299 233 682 516 958 906 285 18 775 311 230 301 558 250 16 301 385 763 630 509 295 954 565 506 210 391 176 955 728 874 748 480 739 355 682 150 109 853 345 929 122 547 702 450 973 743 90 432 290 808 191 779 810 176 564 231 739 716 537 999 463 737 772 685 53 691 248 189 987 765 669 694 87 195 165 131 686 889 613 606 782 301 95 305 761 694 447 18 643 48 43 41 89 843 250 932 982 450 812 318 636 106 271 168 354 832 910 7 31 277 855 961 50 815 639 663 760 444 888 933 981 400 389 326 750 870 494 551 664 949 250 274 117 628 793 126 187 496 801 931 378 55 787 222 241 54 107 0 988 774 415 611 66 550 734 370 668 984 453 49 583 968 38 92 177 465 634 151 331 657 823 166 173 66 4 655 949 353 970 792 23 416 423 148 514 208 42 227 832 232 857 804 513 861 453 154 142 453 210 518 518 869 90 279 156 111 702 683 531 367 937 707 980 270 110 592 90 208 624 145 396 858 868 119 596 862 776 284 687 541 43 861 77 772 753 506 669 438 687 308 744 904 694 628 667 101 242 288 611 387 162 960 94 433 346 592 348 879 130 434 752 974 987 518 639 699 190 182 522 199 298 769 969 674 817 667 980 788 534 893 811 731 51 403 75 748 12 523 33 356 356 478 516 24 902 493 59 509 120 109 788 528 780 823 847 409 976 735 476 206 370 145 637 151 496 734 979 250 959 727 673 289 853 725 884 950 559 789 382 534 307 659 767 
60 460 212 392 57 333 391 522 971 290 873 916 232 515 287 452 746 854 568 480 365 993 893 428 484 755 738 427 979 724 259 44 810 728 597 510 885 239 93 557 298 423 536 871 124 66 542 733 431 967 457 457 531 452 112 430 106 106 59 980 529 947 341 257 609 174 552 687 881 664 279 225 823 583 209 90 874 288 39 29 576 535 834 24 113 665 233 802 958 177 603 325 258 950 142 547 434 28 293 663 1000 342 116 912 619 778 416 333 761 91 320 531 953 261 751 182 514 556 196 27 843 500 933 25 944 505 233 943 755 763 803 464 577 164 368 934 961 656 118 155 852 63 715 804 295 186 944 45 876 312 599 390 823 194 254 514 536 56 637 31 749 989 275 613 926 483 570 542 137 938 644 940 44 961 755 270 760 242 24 437 359 243 475 825 386 436 93 82 598 809 635 217 554 917 387 297 379 272 343 54 552 412 460 62 5 589 320 733 72 191 930 945 750 34 141 123 356 573 372 742 105 3 237 542 26 719 175 89 704 154 124 553 393 27 829 91 335 233 568 853 423 982 610 170 629 524 810 102 695 393 168 75 301 731 564 704 197 642 806 593 295 460 606 683 774 407 408 408 305 934 702 714 859 545 239 648 633 599 412 317 395 630 211 781 673 237 874 553 116 164 711 578 464 107 799 251 2 289 779 475 538 53 704 591 916 703 314 863 819 643 463 923 397 368 127 718 729 972 366 167 144 434 947 779 171 349 871 351 37 201 686 177 219 174 82 57 298 612 917 972 129 207 125 318 471 392 37 424 190 976 985 198 742 879 670 96 356 879 779 889 746 929 507 636 930 41 48 724 601 122 826 303 359 226 901 701 554 215 713 211 530 667 727 549 147 32 739 66 435 224 963 111 219 350 249 578 787 912 827 767 183 526 705 315 320 503 902 842 875 49 520 79 667 595 882 914 911 516 989 55 69 287 813 460 214 634 588 927 881 437 381 398 186 883 399 643 155 378 488 816 953 35 286 704 558 655 241 210 193 726 814 519 67 557 365 127 548 249 815 510 380 599 143 340 682 184 647 170 914 166 138 633 527 339 158 557 946 412 353 647 134 826 43 904 797 145 444 310 814 868 386 732 71 547 114 140 371 205 446 977 
248 212 351 370 917 590 214 459 218 319 121 698 38 324 33 301 96 511 242 362 532 73 111 81 623 795 734 341 874 643 194 337 786 819 521 901 24 298 363 912 740 898 901 999 66 116 396 628 982 459 262 339 653 512 635 817 101 553 575 524 39 336 110 152 706 840 922 123 903 198 992 967 874 767 578 500 508 872 564 387 738 151 291 642 335 141 97 112 923 810 978 240 219 468 846 222 316 215 476 353 298 590 926 718 226 904 372 177 383 983 630 757 187 6 768 797 872 119 327 525 60 122 264 234 942 136 361 24 273 204 751 808 403 927 233 209 907 155 780 237 759 335 871 605 637 255 830 446 903 229 394 293 293 539 419 502 384 504 445 852 972 49 374 959 708 164 34 596 162 648 987 298 470 584 120 859 862 478 13 779 599 634 644 896 755 729 384 340 570 868 856 81 826 16 918 948 398 922 403 360 277 734 133 171 775 817 719 224 980 739 281 591 505 597 33 847 26 226 699 137 761 506 371 694 974 836 56 829 371 971 307 179 892 52 142 869 302 470 708 840 485 490 956 447 597 276 553 523 521 14 354 610 971 818 773 129 0 566 985 214 87 673 506 256 829 623 132 649 979 44 841 819 418 932 339 407 251 706 801 131 600 342 894 755 834 388 84 371 543 758 189 913 734 234 632 889 763 89 613 473 975 297 360 447 375 440 849 552 765 640 130 125 161 436 123 375 143 276 650 104 378 951 356 441 880 915 257 527 323 617 307 102 853 528 76 976 49 367 122 377 259 178 908 693 905 63 204 22 834 443 221 725 522 689 192 7 968 145 669 954 879 539 342 875 156 905 72 536 551 674 777 873 637 656 501 100 384 932 350 475 898 254 808 229 792 981 556 859 19 53 260 691 352 426 365 475 591 126 102 966 754 696 330 774 890 423 857 244 97 662 500 983 82 800 49 374 404 715 374 245 708 265 249 857 936 856 771 8 638 98 6 362 419 776 803 202 490 652 677 83 699 375 247 561 270 172 164 331 48 763 601 90 714 382 213 302 130 121 700 875 903 135 484 336 343 487 786 32 792 81 513 997 319 905 411 102 746 444 653 267 379 349 627 904 94 490 198 5 748 443 815 273 463 42 546 753 554 246 503 105 
652 873 877 235 885 624 439 947 941 201 961 909 184 14 793 368 450 414 250 631 602 449 31 845 798 140 389 626 48 485 161 687 406 954 692 2 508 847 394 108 446 673 500 977 753 509 679 617 473 689 676 359 469 998 882 408 255 178 741 42 565 331 257 697 459 987 744 732 693 811 981 733 891 147 8 753 152 688 560 53 983 733 561 156 2 36 899 960 720 575 611 921 848 685 658 463 990 383 667 693 746 865 790 3 779 73 291 290 46 18 239 850 558 674 411 695 869 366 775 842 653 774 743 361 827 141 56 127 91 601 34 778 336 593 251 519 32 157 835 784 532 504 177 683 688 890 547 585 515 997 720 11 279 724 764 756 748 788 483 669 652 347 928 353 288 658 251 755 624 220 429 157 853 234 492 653 91 681 405 10 715 257 624 475 601 994 780 841 322 3 675 979 976 738 844 73 888 35 535 370 764 585 934 406 647 802 965 723 84 550 318 491 721 50 321 610 997 383 246 386 330 412 33 647 984 324 620 206 835 8 968 272 76 207 973 593 435 851 26 718 981 154 625 987 342 664 192 608 560 873 237 746 620 701 806 613 812 703 466 201 775 327 80 307 91 445 241 26 445 869 368 419 780 172 691 616 344 693 215 551 355 941 738 366 881 230 26 189 883 130 753 309 208 696 758 436 217 956 421 450 837 543 572 281 426 260 504 205 851 550 950 568 330 921 576 784 188 687 637 948 117 838 471 659 284 37 99 395 253 332 221 365 937 314 383 335 290 379 279 558 713 789 576 477 630 114 680 108 612 758 103 665 306 45 488 783 733 720 974 672 311 233 744 923 655 608 336 764 360 193 304 156 942 292 136 188 241 854 274 626 387 467 366 771 31 430 719 286 502 408 131 677 378 615 154 722 983 737 868 446 72 903 417 710 609 180 1000 739 262 242 735 30 67 529 645 280 461 461 487 710 282 703 184 283 931 217 783 733 871 200 656 15 942 363 45 358 457 101 51 530 277 48 296 951 99 378 878 46 288 445 307 594 968 29 294 358 377 517 197 399 770 909 369 690 751 413 730 332 51 26 354 784 561 386 187 234 820 547 626 896 848 733 143 493 148 922 553 532 43 457 466 633 882 439 441 87 849 985 908 804 
777 435 171 345 541 68 595 910 529 757 504 340 573 825 60 981 663 281 25 47 626 805 165 107 324 353 522 598 98 272 544 742 72 232 108 176 925 595 748 422 154 347 249 690 263 757 802 454 992 297 20 471 213 573 499 407 411 941 727 169 421 570 780 708 280 421 334 358 943 376 758 883 735 443 498 537 846 419 189 988 557 342 597 0 252 850 844 903 233 526 655 510 671 348 84 927 606 922 421 164 526 274 232 438 655 441 718 419 453 665 998 69 851 458 803 364 986 278 231 938 311 593 140 151 252 531 177 459 836 851 141 924 88 313 281 565 20 656 136 166 352 335 840 670 271 520 684 533 805 388 505 643 246 341 5 852 53 49 288 198 284 370 683 722 228 702 407 404 68 797 818 375 980 717 579 129 302 167 741 430 781 413 825 225 668 230 548 794 420 88 570 427 596 19 655 752 880 284 584 449 989 800 749 797 400 126 690 965 916 894 348 622 727 133 797 553 721 984 917 34 309 890 942 518 216 777 821 335 647 215 800 586 492 845 453 123 734 240 47 707 973 395 513 653 602 212 145 299 722 306 448 271 438 559 755 819 338 895 724 246 666 865 675 507 313 92 987 360 389 509 784 976 345 43 921 734 3 657 294 373 1000 134 551 610 139 654 680 126 67 699 384 328 560 709 236 824 217 968 763 918 554 283 829 953 895 622 241 689 406 76 332 796 955 531 817 295 883 256 944 724 830 145 606 403 544 750 633 619 179 354 349 355 643 594 588 426 691 643 125 242 777 441 454 698 440 643 920 439 913 147 663 45 880 925 686 522 571 477 187 73 758 993 609 862 303 542 184 220 933 506 899 19 391 334 576 399 556 747 533 500 945 927 256 682 447 486 171 307 384 69 955 880 328 129 313 215 957 402 605 42 998 110 289 264 651 513 426 729 400 171 364 230 39 471 172 71 42 510 885 610 910 585 244 350 471 653 61 552 405 439 314 482 608 667 155 641 106 477 839 907 661 732 776 430 315 480 295 457 925 440 176 548 998 1000 485 650 576 19 721 567 364 557 582 856 630 302 653 720 249 5 896 278 381 856 705 59 88 335 370 987 194 64 78 127 683 981 143 603 375 996 42 897 276 799 256 571 547 53 121 547 
330 49 403 24 448 814 609 461 951 877 956 701 104 414 758 488 534 262 841 85 452 280 223 199 928 976 297 663 874 458 814 915 544 863 315 434 194 991 0 2 645 930 286 612 785 612 886 639 931 583 128 917 97 661 20 75 860 785 183 729 116 88 159 919 58 8 461 121 45 794 386 297 786 392 992 502 491 470 648 591 775 141 121 16 161 98 102 508 703 932 156 742 751 285 607 447 249 328 575 720 226 322 627 262 61 352 106 260 566 949 892 297 895 428 359 642 336 610 281 679 837 510 786 835 934 166 954 230 233 264 749 48 873 533 264 359 148 897 699 494 710 517 255 344 346 292 329 277 658 112 456 569 552 191 731 96 928 928 142 705 228 628 288 313 729 231 738 763 939 208 411 405 798 527 261 834 75 857 691 564 670 666 855 907 304 562 283 928 715 856 909 548 445 10 493 219 94 632 208 359 681 661 340 542 424 427 380 352 379 862 89 625 915 650 247 117 776 276 427 54 806 758 712 822 261 752 391 633 173 459 626 730 622 68 635 877 648 567 43 522 208 20 573 817 707 420 88 827 645 724 37 196 713 371 54 984 364 292 961 319 921 877 552 730 696 102 688 549 506 995 95 176 410 549 571 362 520 104 629 318 198 724 356 994 455 98 865 49 700 878 774 492 758 608 493 385 122 662 713 634 308 585 655 519 839 409 229 222 109 831 532 665 657 734 881 270 59 470 57 704 903 962 324 205 799 651 221 815 738 972 320 647 574 504 52 707 744 134 773 559 557 121 483 182 387 392 445 491 984 791 471 848 546 547 567 758 788 161 8 590 141 230 129 397 837 95 625 998 944 939 211 53 588 101 701 289 238 850 726 672 418 872 631 825 79 984 395 539 1 77 472 347 585 535 172 211 80 96 441 441 207 557 213 127 904 475 534 710 527 14 340 168 712 881 378 881 786 31 407 56 720 869 344 716 762 584 565 263 760 917 904 628 697 140 532 633 561 566 581 110 851 880 552 797 360 983 246 329 866 737 691 726 180 399 477 206 955 450 488 416 462 720 387 599 466 8 818 947 139 99 554 672 304 213 271 525 51 620 350 579 496 659 100 31 389 976 156 879 956 931 52 578 597 941 69 440 204 874 69 785 
280 368 964 490 330 861 464 138 664 531 720 327 259 413 93 634 699 425 376 932 837 754 605 152 267 590 859 536 522 297 144 651 555 562 543 507 992 88 826 87 796 961 330 680 966 39 843 307 963 694 326 599 272 762 551 700 247 2 977 246 404 877 478 892 378 857 267 421 191 192 491 41 856 428 865 41 281 594 513 461 329 67 492 952 916 440 717 364 548 837 277 413 983 180 556 854 365 374 185 693 566 724 445 352 85 108 428 871 679 246 257 193 901 840 106 165 167 457 660 311 452 884 981 314 939 450 689 850 317 656 777 855 51 430 612 297 903 911 32 231 369 27 304 685 133 963 681 348 335 622 761 790 416 841 157 890 790 41 246 548 149 168 303 97 26 235 220 297 171 399 544 807 681 384 181 740 221 712 308 952 537 597 359 520 191 553 629 523 163 256 755 366 522 419 74 338 817 998 812 822 840 424 967 779 146 788 722 745 921 593 90 400 494 304 658 535 529 998 505 512 695 507 574 260 484 59 670 996 883 798 257 972 184 705 80 236 37 168 141 206 629 705 260 336 356 411 182 961 9 879 263 644 399 118 160 182 119 147 343 851 433 693 748 802 725 159 608 882 258 369 546 284 266 330 908 744 562 672 900 890 124 266 820 673 998 603 529 436 176 130 532 152 974 897 867 407 510 95 606 641 749 859 576 88 936 823 130 461 69 789 563 54 979 555 537 748 354 913 16 194 496 870 517 469 705 124 51 871 877 317 904 714 600 41 706 783 634 746 633 347 540 672 818 270 302 769 870 321 235 874 747 874 619 490 836 906 641 326 250 989 852 329 94 826 16 166 448 760 1 973 207 941 746 963 202 121 429 27 857 126 639 331 758 546 326 17 837 674 240 8 404 614 678 495 806 215 488 890 866 52 275 434 104 126 74 534 795 879 892 594 910 539 872 569 317 833 63 685 610 69 456 373 778 799 101 514 653 203 698 663 433 354 521 433 54 566 836 51 477 639 905 901 237 545 998 174 891 644 285 513 735 604 880 324 730 182 587 134 378 275 258 892 602 59 949 764 217 389 942 990 524 821 304 928 719 3 899 521 247 474 422 136 541 481 798 865 207 669 720 176 106 423 404 916 689 890 742 234 156 59 
964 320 205 457 855 482 852 222 35 682 363 296 979 932 740 989 730 990 476 324 832 755 833 437 369 704 217 48 896 904 919 246 374 61 373 476 355 862 373 53 198 725 70 676 0 687 899 278 370 130 859 261 896 854 710 690 291 730 633 778 289 167 98 919 38 756 705 886 172 468 427 9 477 994 419 461 372 216 285 976 460 612 746 162 23 493 705 497 661 436 790 544 444 512 294 431 294 262 42 659 662 363 202 93 293 568 272 352 617 52 787 377 645 171 8 241 964 43 802 984 155 286 575 793 25 25 391 879 926 435 281 712 679 56 108 955 678 415 744 923 331 789 106 718 640 35 553 38 200 927 227 436 303 409 197 117 817 985 829 748 117 862 508 50 995 966 915 859 84 413 169 996 69 599 183 918 464 70 552 547 293 527 721 392 406 56 589 593 386 406 756 774 56 242 352 580 654 412 37 733 722 80 891 121 419 901 775 679 47 693 887 678 998 791 415 58 994 695 254 152 68 932 652 670 878 472 262 502 409 937 717 814 195 589 731 331 395 919 192 712 463 257 628 426 122 828 952 262 513 59 863 902 822 173 664 514 605 198 566 868 723 354 999 436 81 458 228 778 694 565 262 836 953 815 54 758 425 399 141 866 297 619 549 860 463 655 413 344 166 732 169 389 770 498 750 310 17 564 462 565 616 748 331 251 328 783 489 589 268 600 801 743 523 884 783 490 783 264 760 354 346 841 307 347 688 107 703 877 152 992 960 413 721 132 300 994 144 819 241 367 668 675 448 619 154 51 981 929 592 108 4 386 293 783 346 257 958 12 195 661 868 282 746 240 518 729 701 462 789 214 945 955 748 779 862 874 96 981 895 896 266 597 373 914 708 619 677 674 503 990 73 199 783 885 44 77 523 611 291 418 778 972 834 816 270 899 688 378 234 275 642 649 615 341 13 511 630 833 626 146 836 820 977 824 632 548 531 960 585 678 730 555 600 331 332 184 634 406 89 322 471 169 227 109 836 10 834 749 982 367 994 993 847 691 425 48 908 867 880 435 477 138 769 193 971 524 16 707 417 636 251 878 371 989 1000 894 797 125 482 652 866 540 409 363 810 915 508 70 431 434 916 732 395 539 777 561 157 452 220 499 
803 819 882 611 949 841 818 925 32 438 647 684 564 242 798 315 667 871 580 97 280 37 891 596 347 245 946 344 966 15 200 661 445 73 500 541 163 469 738 916 353 390 595 317 499 734 553 897 362 173 764 565 58 187 490 527 533 175 14 551 983 561 164 314 821 84 404 850 271 507 149 979 283 648 105 142 785 764 363 139 537 471 720 471 927 654 917 661 995 829 877 866 356 967 524 817 933 996 315 766 384 533 823 631 645 795 901 73 174 806 33 995 975 772 361 500 0 737 347 811 359 487 678 807 371 578 398 241 32 112 908 401 384 372 382 227 470 607 936 677 397 226 500 108 367 552 499 667 128 516 451 562 812 166 263 511 161 332 824 908 95 978 188 53 226 585 447 201 384 591 998 718 873 295 931 253 400 465 197 859 252 999 743 558 574 598 272 71 86 565 827 412 694 403 294 131 572 680 287 537 574 22 452 892 84 700 599 359 731 964 721 716 10 863 186 651 285 273 719 384 22 464 832 560 886 554 888 344 424 473 724 181 749 822 766 798 975 357 235 939 194 616 890 430 312 192 706 100 677 484 407 100 194 136 524 701 168 400 919 177 444 132 873 897 357 181 779 332 374 739 362 302 652 239 6 32 754 221 242 164 46 462 918 486 854 659 941 211 466 282 868 831 660 966 476 742 496 671 379 423 510 969 681 814 8 838 753 465 913 635 366 148 175 477 604 326 416 981 590 620 599 120 514 305 661 633 732 32 870 207 822 187 695 609 730 751 682 173 300 24 975 767 861 873 956 917 212 797 325 787 224 87 631 729 713 940 522 412 650 405 641 58 19 661 100 111 157 408 831 691 533 683 619 539 494 883 717 595 278 280 753 748 982 792 372 886 296 630 26 795 340 312 19 735 950 351 650 776 890 453 375 232 6 657 333 353 970 361 624 231 781 394 759 502 297 513 51 5 731 709 60 605 32 33 44 441 113 305 939 96 251 704 882 648 835 39 686 323 76 895 551 249 46 688 262 595 880 674 984 558 857 569 381 204 953 144 526 815 261 390 521 288 965 774 38 455 338 249 229 551 2 4 758 856 779 302 440 557 169 912 897 827 457 473 313 829 423 272 57 95 861 109 192 359 689 411 313 38 878 857 
667 748 976 19 408 654 793 520 978 721 131 91 867 864 238 387 748 387 37 319 518 336 581 534 886 56 71 106 523 930 526 308 232 672 219 507 124 191 397 336 869 408 909 225 260 834 538 235 752 988 660 342 405 81 469 927 11 625 589 154 203 526 845 988 689 988 622 242 127 557 126 544 462 772 240 862 111 827 734 910 405 253 553 427 765 170 693 778 274 880 105 747 832 874 866 880 440 549 22 972 748 953 587 51 963 553 245 351 391 566 385 737 163 592 796 949 337 156 455 362 4 483 643 281 194 505 428 106 713 213 943 449 754 920 407 984 464 979 254 716 652 222 898 276 222 243 763 921 628 556 633 977 464 625 866 833 375 912 125 666 665 148 441 867 256 159 131 650 274 667 124 959 231 534 155 848 340 67 335 846 289 5 585 304 666 326 241 207 50 182 930 850 991 572 257 377 471 228 197 802 756 813 946 480 151 785 37 242 738 671 763 473 599 996 614 194 190 274 311 627 123 297 72 415 888 181 521 764 272 524 797 376 792 101 240 679 551 60 141 974 798 848 882 438 933 913 4 346 75 884 429 432 545 173 36 977 217 129 466 73 780 39 491 341 767 41 234 719 937 985 114 652 757 9 19 618 546 874 916 977 251 262 641 747 422 571 202 741 434 159 111 262 254 191 718 965 249 376 487 817 95 254 308 909 471 713 608 282 519 900 500 903 44 605 514 756 882 370 716 637 425 747 707 94 724 136 384 533 533 896 98 929 861 129 307 40 679 654 140 742 336 238 420 229 131 465 905 592 54 200 466 372 758 860 468 464 755 251 705 614 126 123 49 3 205 487 210 688 399 144 104 220 449 696 83 764 990 88 881 763 839 166 674 510 440 296 253 964 522 528 97 430 460 25 451 12 945 275 460 103 150 188 259 223 594 236 433 310 828 459 757 304 5 904 310 641 509 104 400 588 333 204 662 227 397 328 525 27 347 180 804 711 729 380 37 183 419 694 102 533 901 560 717 396 298 246 608 709 930 427 144 295 976 848 528 922 667 388 274 916 174 472 509 985 48 287 884 480 279 59 109 613 882 891 133 157 367 851 90 43 670 355 71 894 413 925 939 754 256 921 700 293 209 37 231 622 987 720 820 921 
608 964 747 541 733 926 544 851 947 182 860 664 531 756 908 782 728 72 219 801 36 498 540 48 309 497 380 563 220 448 886 189 822 832 469 54 761 395 367 709 996 920 249 67 798 538 767 555 333 482 585 739 872 784 443 808 671 96 221 951 790 839 261 812 753 636 205 269 558 914 682 40 280 323 467 35 640 761 615 383 752 978 91 457 100 56 724 182 386 303 391 413 719 629 525 538 418 406 841 931 669 469 179 13 885 130 831 845 749 844 821 568 563 101 808 788 292 935 13 214 826 682 291 260 662 789 599 397 880 24 535 491 839 558 264 143 779 579 203 141 497 500 389 124 687 328 914 537 478 996 980 456 399 316 589 304 118 802 936 162 144 816 424 294 603 467 589 921 457 26 758 896 858 99 260 768 73 980 449 976 172 186 172 628 857 955 529 725 846 943 126 599 615 593 934 507 792 840 792 935 433 268 253 326 871 268 501 847 30 725 340 596 24 751 630 599 23 231 844 407 92 845 162 606 419 763 403 896 755 204 347 531 806 801 593 505 635 906 385 707 869 781 703 128 489 642 266 469 343 262 759 358 578 39 960 839 136 652 281 389 986 724 102 893 865 156 529 917 114 833 445 804 94 762 225 176 470 922 47 206 38 754 381 831 530 565 301 661 489 389 722 827 551 861 767 359 422 65 895 939 881 658 345 360 697 947 599 559 114 970 730 796 230 547 987 618 936 177 499 393 873 289 343 608 324 611 259 131 40 893 83 764 7 692 409 571 236 471 24 845 45 476 902 74 499 998 66 321 329 535 888 894 493 512 159 133 561 226 0 475 673 754 225 196 889 472 177 133 462 448 717 371 67 57 17 857 646 161 583 536 369 754 845 846 531 280 583 967 572 302 370 793 659 600 157 468 155 228 510 257 181 644 609 987 127 175 695 918 127 801 772 413 504 568 722 479 845 869 997 636 574 507 991 83 766 667 262 569 375 948 819 294 819 168 399 260 865 406 908 503 63 106 790 650 468 383 242 735 109 501 346 988 660 470 216 544 324 690 931 252 95 120 329 636 937 603 447 911 193 426 433 500 712 742 831 726 905 34 220 847 58 901 95 330 708 394 305 156 436 542 454 646 280 421 169 349 647 15 618 635 
724 45 790 114 32 2 103 909 813 717 906 554 241 370 127 238 59 632 163 212 732 661 401 217 439 936 676 680 894 579 126 140 166 54 910 170 316 619 729 917 910 171 844 345 634 556 894 145 292 391 769 148 962 44 860 975 506 508 205 13 298 873 496 797 526 210 300 707 686 652 667 506 883 705 77 159 959 603 537 389 569 170 536 915 725 783 445 3 613 586 280 868 43 204 812 609 596 163 83 175 896 674 848 751 967 869 855 0 367 611 461 218 841 186 619 433 398 224 448 164 260 576 594 892 17 703 69 113 561 202 277 538 63 15 768 84 671 77 738 376 194 116 436 148 966 724 693 927 133 765 216 671 188 610 234 999 805 123 611 485 350 521 92 78 735 326 870 85 896 796 972 539 90 17 663 924 710 585 479 291 355 378 739 422 88 56 337 237 291 709 367 400 938 516 508 94 380 512 895 189 626 423 352 821 641 91 701 321 911 747 407 165 73 745 331 578 188 458 167 104 817 656 295 501 372 949 324 194 438 942 622 343 852 173 358 532 51 249 165 896 203 187 699 776 283 351 563 64 377 676 64 164 633 317 670 289 245 703 578 630 354 341 831 620 52 637 193 378 551 544 899 866 370 789 476 578 924 9 170 840 435 866 393 779 86 413 87 456 276 851 173 99 237 106 505 304 160 861 891 721 816 166 524 838 49 389 852 138 216 709 65 792 630 448 344 306 349 610 14 97 95 41 476 273 901 939 461 976 648 806 203 594 565 948 980 613 173 50 656 375 958 815 830 244 260 205 200 346 832 422 192 688 317 932 403 692 704 967 359 171 654 537 0 295 948 239 294 27 137 172 58 76 217 501 82 75 483 433 59 96 668 45 336 459 407 834 896 73 180 399 96 872 629 921 941 969 708 409 841 61 331 954 429 163 459 838 885 6 253 457 135 358 968 304 228 296 453 901 609 164 561 203 9 307 57 536 445 326 794 203 390 571 722 622 303 653 648 715 809 572 570 370 635 440 488 915 918 463 998 963 42 332 278 764 520 499 597 73 472 299 63 457 742 323 440 593 7 698 987 537 662 408 809 142 246 119 117 388 609 625 983 53 316 556 244 277 553 583 523 670 554 535 92 841 811 152 311 925 696 541 
315 148 711 186 447 490 71 832 258 216 837 389 5 578 313 390 911 683 959 955 862 991 373 258 617 161 334 405 890 20 195 87 549 591 126 959 124 6 826 873 945 340 205 468 303 101 688 200 144 862 101 690 127 962 117 457 507 406 325 285 201 465 91 618 496 961 672 159 547 830 530 752 112 639 659 922 763 507 532 159 835 38 534 49 227 642 204 420 428 166 229 715 17 541 395 692 817 422 649 566 487 796 789 784 380 71 447 902 572 306 686 575 428 79 199 528 276 201 299 242 872 453 380 62 147 458 695 522 339 785 752 489 375 488 716 334 775 932 167 975 363 943 14 827 350 336 47 991 318 667 364 998 472 128 892 317 58 11 31 76 555 413 342 775 35 28 617 177 353 846 188 98 309 806 388 606 266 920 51 249 349 937 615 441 25 760 19 877 170 586 406 381 515 832 551 869 533 452 955 688 821 894 380 970 275 206 544 187 119 181 16 490 459 770 948 668 550 520 181 745 922 229 95 616 452 384 645 199 801 287 565 944 425 890 65 908 526 284 8 303 642 338 816 472 938 523 991 786 504 822 250 213 998 715 874 309 971 519 476 577 610 420 635 210 562 147 99 554 493 187 758 97 712 414 757 228 785 770 357 34 892 279 410 42 972 599 214 135 141 777 18 909 118 336 426 147 779 664 252 601 503 767 993 419 124 396 58 375 282 822 880 366 777 515 414 696 433 828 125 541 202 850 497 653 388 228 443 613 810 992 85 36 281 146 332 703 610 510 396 239 731 184 168 130 261 508 439 344 569 782 2 934 678 717 257 217 288 926 195 905 320 689 961 52 612 6 940 434 351 675 588 148 198 770 174 377 560 555 470 389 591 27 26 60 366 524 292 891 478 783 514 25 142 855 728 757 60 95 932 83 279 652 695 963 312 734 406 181 849 167 257 897 867 168 141 31 295 911 971 151 83 658 517 38 545 1 185 336 504 73 429 51 170 25 53 63 312 45 113 535 94 148 792 364 966 474 989 522 238 70 979 384 687 775 190 724 670 0 962 648 375 628 754 616 224 79 374 788 188 992 450 708 175 738 916 393 233 914 206 562 645 532 420 297 562 786 677 734 428 485 253 873 661 437 803 708 940 868 433 609 
88 818 636 650 611 647 202 38 799 463 719 848 179 61 64 852 455 668 722 747 185 580 729 969 386 732 194 141 206 524 654 799 784 488 861 207 228 631 712 818 739 151 249 434 316 841 797 43 918 23 989 868 641 302 335 392 832 73 148 778 913 478 947 723 540 103 219 848 271 143 335 68 777 231 597 970 864 483 7 430 264 941 45 687 176 752 484 741 24 866 316 684 571 508 653 624 701 3 652 528 557 375 161 58 136 154 1 625 634 325 85 76 47 30 59 897 471 753 188 632 971 438 505 178 509 761 661 320 395 827 613 584 695 616 213 276 622 718 543 559 704 714 415 304 279 464 703 746 247 4 352 428 39 591 96 486 378 661 856 423 892 377 285 21 97 212 923 817 522 462 74 695 593 656 877 423 36 6 673 144 623 131 841 194 982 805 89 93 101 925 364 213 667 736 307 101 197 129 21 914 87 764 82 603 892 79 335 885 685 636 663 361 4 504 591 408 749 900 346 678 64 358 432 828 174 662 913 516 616 538 500 386 60 212 479 66 789 755 292 273 720 527 683 946 439 50 240 30 595 331 60 284 851 539 978 233 616 548 964 674 976 652 600 659 14 903 43 655 739 770 166 539 321 231 381 128 934 37 729 317 465 112 551 917 707 766 713 467 702 266 192 459 182 373 213 664 593 287 467 328 980 900 977 830 30 735 250 905 645 973 856 407 27 360 691 939 778 761 721 941 584 553 608 144 720 777 821 36 134 893 951 193 62 16 112 607 625 931 360 939 136 830 874 434 730 605 240 263 480 821 104 465 502 329 699 103 559 827 589 722 31 676 385 934 217 384 46 2 892 709 852 373 666 94 764 541 876 282 191 202 240 480 60 29 168 975 527 492 67 475 6 648 359 829 33 983 223 20 543 862 810 694 707 759 258 294 76 441 156 650 140 518 334 676 86 693 454 312 632 672 718 498 476 155 231 445 506 730 921 454 478 276 662 15 517 94 365 574 326 542 19 781 224 232 923 483 998 343 414 795 453 162 194 387 690 666 822 254 220 678 531 622 47 489 621 312 63 122 243 916 490 343 767 776 564 849 282 502 986 692 501 399 354 648 542 744 770 343 299 171 361 961 936 23 830 971 620 518 860 668 
821 622 710 196 548 656 675 155 980 496 322 93 600 911 715 838 67 942 404 713 174 375 177 280 612 34 680 465 501 607 58 984 256 416 356 874 885 399 352 917 644 733 553 2 581 141 376 50 67 273 418 499 540 163 390 942 943 859 601 173 563 640 630 649 310 946 473 786 777 11 290 190 905 206 651 728 145 784 855 501 805 955 750 153 482 236 165 608 685 617 502 892 971 721 340 671 920 559 845 109 480 854 774 558 383 156 178 353 294 648 57 219 715 551 247 777 778 325 233 591 72 804 198 298 555 367 977 476 812 385 522 433 179 123 975 84 402 853 656 611 296 499 597 948 409 434 73 626 603 948 193 960 353 620 427 283 808 167 506 796 99 355 613 615 802 35 155 393 591 445 345 523 120 98 763 671 51 759 745 336 813 148 483 215 140 891 909 589 510 683 69 773 646 284 96 638 233 516 104 778 198 715 395 182 664 529 103 670 759 185 657 422 697 651 228 494 746 574 476 96 873 696 824 859 102 183 612 875 683 856 680 430 754 257 319 815 88 370 918 621 190 363 444 665 102 619 298 443 710 421 293 24 528 631 796 796 843 173 534 516 947 371 498 956 373 955 897 73 814 519 375 802 700 762 721 166 634 879 906 563 345 79 569 729 624 307 72 47 938 738 298 180 133 905 793 830 720 770 875 242 311 785 932 181 480 387 609 235 476 68 142 905 462 447 253 924 305 203 805 547 267 334 227 810 123 592 32 183 910 930 267 309 611 619 564 396 617 715 875 284 544 954 711 259 98 606 15 560 451 401 9 938 770 793 542 755 675 460 518 664 650 258 252 935 765 724 774 362 272 368 190 640 976 499 521 661 520 807 101 621 675 204 257 57 846 840 40 401 458 814 347 428 77 867 748 602 272 138 614 885 711 456 504 525 641 418 29 56 407 312 644 382 363 995 272 56 688 560 143 180 413 375 918 432 615 859 177 788 908 788 760 50 472 648 194 989 361 69 354 780 709 385 288 584 968 223 671 182 459 417 431 995 985 573 878 770 861 794 429 13 971 320 458 438 628 231 617 971 194 862 330 656 163 156 531 938 783 122 186 940 317 813 807 531 93 124 416 704 804 745 946 383 709 971 511 963 312 717 751 685 
655 327 107 61 487 903 82 593 323 324 109 746 221 389 324 234 630 707 481 343 513 963 63 948 281 344 698 34 715 968 729 688 674 131 16 762 815 923 61 451 294 262 396 518 76 220 349 55 907 604 792 460 381 822 429 32 689 800 92 408 932 646 740 827 708 807 640 794 270 730 172 839 711 135 505 549 124 877 631 780 75 473 616 349 881 77 700 365 999 563 163 643 613 195 833 732 48 117 439 235 846 865 379 615 454 940 757 730 663 447 224 466 241 490 160 219 86 602 258 153 92 454 638 424 5 482 418 608 682 711 242 341 456 339 617 501 740 738 860 990 562 627 396 17 443 346 269 323 774 291 983 650 752 869 611 409 765 378 748 753 461 593 806 183 33 104 53 502 190 73 177 37 471 391 279 407 278 324 9 834 200 754 457 943 551 226 105 417 522 625 228 862 832 944 383 484 982 687 493 186 328 580 983 713 297 567 503 835 192 181 816 490 409 768 759 298 682 201 289 397 899 402 948 880 516 810 755 374 276 110 93 739 929 343 642 416 508 677 616 997 58 975 501 812 151 93 958 627 510 266 77 407 284 376 430 924 364 966 30 1 803 563 659 355 591 102 823 858 786 600 940 148 946 171 625 712 155 934 462 510 713 894 488 35 76 646 158 133 7 83 964 389 185 50 635 866 816 190 142 144 329 49 633 934 14 979 272 855 923 473 546 63 125 331 843 22 751 976 289 453 886 667 696 437 442 769 855 812 538 34 719 330 135 230 41 446 241 274 321 968 851 342 129 329 312 403 683 373 738 838 647 198 948 647 74 516 662 608 129 887 172 859 141 790 632 303 507 0 579 927 493 395 855 706 740 691 397 401 218 368 442 506 412 479 526 989 158 352 186 902 461 595 675 626 504 687 47 471 158 603 84 793 659 609 152 191 385 779 644 598 979 638 506 702 238 208 566 820 633 546 135 23 467 793 908 935 560 726 693 721 650 972 393 60 910 994 873 783 700 982 468 582 339 776 615 114 919 400 95 877 650 546 632 63 206 579 179 474 591 482 996 782 33 826 338 497 144 39 219 330 287 368 113 548 871 762 719 921 975 777 227 490 301 419 10 21 2 129 580 208 297 396 274 157 339 905 918 652 313 926 
208 736 638 253 668 554 66 808 240 274 554 689 490 374 110 128 289 362 542 867 440 656 836 880 696 130 616 128 612 648 991 338 540 104 370 933 268 765 624 887 713 192 434 92 91 529 921 694 795 182 23 660 541 603 641 524 542 47 939 897 613 854 934 216 112 269 455 100 23 939 246 490 1 181 265 494 858 794 359 998 953 793 305 913 808 670 227 131 597 299 548 965 31 23 31 261 645 273 255 306 552 165 368 365 930 628 848 574 692 414 463 444 246 620 163 204 36 313 612 475 726 357 197 720 759 49 69 419 681 74 859 967 440 650 79 269 92 352 351 115 264 310 838 900 823 276 422 735 473 340 657 706 298 171 34 179 999 804 614 892 329 836 14 28 660 394 23 988 746 837 385 887 731 980 117 279 91 236 22 136 491 557 673 628 748 683 562 872 45 364 453 640 483 639 334 372 522 832 409 831 250 940 378 30 650 466 48 660 676 354 942 826 22 255 537 997 668 134 841 735 601 374 918 105 176 3 418 843 320 803 520 857 841 264 40 246 437 486 114 678 352 491 688 139 461 231 265 176 512 954 508 346 623 195 488 845 212 401 756 264 789 679 769 202 301 578 684 536 260 578 113 355 452 491 561 853 431 612 202 240 873 385 79 324 490 77 744 867 319 342 36 91 306 651 249 621 669 539 493 633 653 912 209 731 570 545 707 791 734 275 98 728 856 286 995 244 88 462 783 671 862 563 371 948 744 871 447 907 102 289 902 909 476 948 404 232 644 180 812 769 172 160 884 352 726 749 346 946 674 232 667 776 495 285 844 74 618 665 141 416 679 406 168 17 640 648 453 713 627 199 232 386 325 455 394 1000 435 304 109 505 229 367 888 996 1000 68 196 858 861 147 386 613 847 918 101 430 986 558 663 286 438 608 883 372 916 617 169 197 516 445 123 660 163 468 506 414 181 296 464 768 242 474 412 484 406 800 447 449 197 367 39 15 238 878 896 349 798 852 359 454 141 571 438 246 988 373 586 6 245 106 164 204 762 743 715 135 654 78 888 935 576 60 488 831 563 81 232 251 639 551 499 848 848 290 6 10 350 508 812 592 519 878 686 422 581 427 401 993 398 585 851 180 131 810 682 6 317 640 519 204 
559 949 343 541 746 406 757 733 749 641 919 213 188 171 701 23 760 637 340 941 195 489 258 946 245 187 604 110 269 406 632 505 325 678 402 74 323 755 446 551 526 985 379 666 808 431 744 746 692 974 844 306 363 480 160 138 744 762 43 255 829 530 325 439 58 514 295 30 215 567 715 317 509 878 50 669 188 194 919 65 174 524 725 750 881 387 671 156 355 309 868 347 672 88 392 434 784 506 218 677 48 155 740 466 590 649 286 602 743 874 945 697 853 874 552 392 18 281 825 470 283 245 887 236 480 230 482 681 671 116 70 127 921 548 724 369 943 380 6 244 715 626 132 682 282 644 915 563 375 604 687 189 873 864 295 778 688 407 37 272 774 314 993 81 703 555 972 402 828 844 603 934 813 886 995 387 467 955 821 541 975 469 562 652 607 71 667 888 570 493 982 556 115 275 763 153 989 904 138 342 939 399 423 120 901 575 946 49 986 50 865 943 392 17 35 402 347 864 567 324 846 540 825 389 627 929 33 400 540 260 59 573 698 307 285 224 921 918 462 505 653 594 331 270 828 428 669 940 658 219 766 652 940 214 905 381 376 16 266 37 403 508 229 309 95 52 625 183 23 336 256 903 631 583 427 114 144 133 233 658 619 201 697 748 31 383 322 70 786 447 457 956 431 486 443 903 167 132 77 152 596 667 470 116 745 214 654 237 456 604 904 139 85 505 949 734 840 210 429 772 342 289 960 126 51 499 712 713 459 643 228 925 71 524 269 478 383 416 598 811 685 683 914 583 183 34 405 230 371 132 688 486 628 740 865 143 284 389 455 856 318 211 325 722 802 456 195 964 305 826 471 60 712 82 927 87 983 567 496 855 881 819 208 810 232 718 462 573 414 262 174 71 178 872 858 627 198 315 485 907 706 345 984 662 986 692 118 518 960 478 520 237 247 887 72 538 334 260 835 451 273 373 265 565 652 24 5 43 735 549 528 812 787 142 358 972 761 908 538 940 675 268 939 228 782 829 606 475 520 336 819 895 536 27 21 408 888 200 753 295 847 213 683 394 972 657 893 987 933 650 274 196 313 552 159 531 781 772 67 23 754 325 867 533 635 182 549 61 805 149 887 952 568 174 961 962 550 625 446 391 
199 646 772 696 522 15 608 363 988 454 100 810 915 247 275 590 469 68 481 570 301 647 970 280 362 677 288 93 646 788 651 254 605 569 720 147 49 702 741 594 601 713 192 265 534 307 364 351 151 108 465 404 602 87 968 12 548 94 773 142 341 944 116 134 11 467 82 230 352 135 284 484 456 245 289 651 850 939 480 888 96 658 869 689 498 230 337 382 552 66 346 155 461 925 211 916 624 680 424 305 497 843 140 782 62 473 355 444 925 18 783 694 259 330 447 677 416 690 229 366 618 879 23 723 407 634 604 378 244 783 840 14 760 93 833 926 36 10 235 601 638 975 805 54 228 355 694 515 426 829 955 199 619 147 900 171 367 477 219 194 134 865 821 920 745 409 333 747 202 106 326 530 331 483 26 934 873 521 825 234 432 380 302 99 86 583 313 832 819 423 38 307 7 504 331 979 133 908 383 689 722 520 889 864 391 584 945 100 716 130 868 371 724 16 186 321 896 886 45 963 216 166 233 188 190 108 81 482 751 394 201 164 737 525 717 10 964 378 700 378 851 782 866 508 417 1 923 905 949 152 614 347 84 766 438 126 27 464 990 380 205 923 260 864 390 779 147 495 812 215 219 630 307 1000 259 98 115 1000 499 592 825 193 727 116 706 824 678 291 1000 291 73 192 379 144 611 89 190 146 234 766 754 777 890 430 45 102 315 359 650 423 829 190 478 614 620 340 380 846 876 362 335 226 143 782 700 61 288 745 465 990 439 338 295 942 603 663 346 670 630 230 583 728 46 224 613 74 319 554 284 783 485 634 112 778 707 510 637 682 297 667 294 298 460 239 140 615 308 935 800 818 678 944 890 603 569 212 800 298 37 928 726 50 725 767 380 635 976 667 581 71 242 249 627 854 580 827 379 873 429 298 725 50 726 958 485 104 582 882 334 30 254 99 933 55 764 793 808 469 851 979 763 984 564 719 368 578 64 232 666 17 557 308 465 129 515 755 662 637 551 861 793 631 439 33 877 187 490 331 96 938 798 3 266 820 117 204 717 794 130 331 355 537 818 204 563 114 544 621 563 904 379 540 110 44 953 94 496 181 251 32 590 483 629 718 774 971 557 980 566 21 295 188 357 147 279 541 604 347 622 957 
194 633 979 829 215 598 211 189 364 692 495 76 236 538 710 264 44 619 755 281 832 634 485 763 696 669 861 346 46 605 841 255 34 608 366 661 162 843 729 434 168 565 445 337 9 823 6 610 905 766 207 801 977 202 209 450 665 222 531 546 295 789 741 575 439 564 455 803 762 566 711 498 425 748 646 924 630 150 807 498 125 868 304 634 355 436 339 293 431 994 348 999 907 594 102 267 10 567 626 457 812 715 709 375 406 619 770 461 163 133 818 358 396 684 386 897 120 487 730 489 555 916 212 575 409 84 330 410 313 837 660 875 824 194 217 764 890 723 633 118 935 193 473 751 589 216 773 427 251 263 34 751 169 226 555 862 891 333 480 160 995 662 534 819 750 718 976 235 439 973 916 595 806 824 472 598 402 164 171 741 24 53 6 659 854 74 612 924 268 349 603 48 945 696 145 782 128 818 640 97 472 308 489 490 115 763 951 261 66 438 397 410 875 651 867 748 199 735 361 695 240 247 590 187 810 127 208 118 501 977 351 682 456 980 143 978 241 198 170 487 904 9 47 207 980 352 47 917 308 765 676 451 116 249 445 266 899 429 584 231 749 563 737 384 620 921 421 706 806 97 923 594 468 728 146 651 267 493 522 49 313 862 638 144 482 441 827 322 406 576 612 600 959 772 117 875 262 511 110 314 25 454 737 147 56 537 811 645 361 859 526 363 633 384 415 232 558 264 30 59 162 750 468 590 169 132 789 382 681 148 57 822 744 959 988 529 440 165 460 250 413 307 768 597 434 3 934 262 742 963 818 48 861 646 398 496 177 59 939 213 889 255 810 971 823 27 238 16 765 289 652 985 975 872 555 427 156 461 87 170 669 656 322 693 762 457 271 929 849 876 421 513 565 823 558 706 841 531 357 90 74 320 619 885 170 207 959 398 513 75 298 552 137 213 96 267 45 866 445 302 434 227 127 712 508 162 648 820 18 237 806 214 509 954 852 268 495 197 5 465 770 102 166 713 581 235 110 729 42 929 236 83 540 392 834 824 956 759 936 890 810 593 472 335 101 107 806 598 176 655 33 158 478 378 305 818 422 368 66 661 447 378 192 512 310 269 556 778 149 541 678 953 944 762 732 525 302 721 121 753 
18 493 889 865 664 653 46 730 509 282 632 206 312 64 742 536 714 689 154 468 999 481 987 862 609 994 76 790 263 563 68 757 597 543 308 567 683 931 216 806 970 647 940 971 735 94 481 362 852 570 990 301 633 522 172 218 382 198 754 69 879 890 517 904 540 337 947 901 822 494 955 552 542 767 57 230 320 216 755 72 557 879 502 146 689 901 833 293 565 816 702 987 28 439 794 69 894 425 144 412 942 376 381 554 910 468 521 424 528 399 481 718 363 768 787 670 35 145 498 569 91 844 169 506 682 163 224 151 715 151 292 202 397 494 921 561 230 629 943 884 155 925 487 33 866 600 867 527 556 185 435 325 185 263 920 939 439 961 892 762 525 84 975 662 766 799 417 236 736 564 372 608 826 57 920 193 784 847 203 746 251 12 843 534 706 54 263 1000 598 688 871 74 373 234 112 283 251 193 91 912 750 404 484 282 546 26 831 55 777 535 443 926 806 361 865 572 607 553 897 370 425 836 744 933 762 367 83 404 640 102 617 441 162 564 128 874 578 638 706 363 193 457 857 57 43 446 467 702 150 214 704 799 390 156 382 296 686 940 137 290 544 780 254 902 261 885 36 799 167 740 787 121 870 535 605 609 805 354 190 232 13 608 771 137 907 583 416 240 137 800 985 250 747 449 777 890 821 41 960 571 181 414 923 360 23 307 688 885 807 545 139 192 903 157 471 354 736 825 703 459 741 631 203 62 892 460 642 177 336 385 646 708 744 472 502 26 875 933 419 403 336 784 154 619 118 494 488 28 782 239 246 895 950 797 523 720 304 16 560 71 851 76 453 198 600 726 50 673 722 645 994 375 93 563 643 892 551 805 955 907 642 702 922 584 273 322 616 400 770 334 153 642 382 72 693 954 257 972 727 421 457 253 788 615 998 727 342 404 785 904 827 831 191 333 691 746 572 679 67 868 665 237 103 452 350 994 748 223 639 60 263 646 722 377 103 333 486 567 849 295 648 398 164 850 868 963 700 876 592 837 995 423 471 307 871 543 387 445 509 783 417 878 120 630 376 765 970 943 51 807 832 285 766 218 501 551 446 701 395 125 445 434 800 380 268 706 132 256 972 10 652 83 695 588 561 935 195 395 966 283 
849 918 66 104 446 128 777 128 811 577 758 111 39 455 967 103 213 875 249 517 470 571 58 647 645 726 877 209 39 223 11 514 562 341 759 911 368 893 442 343 863 273 716 425 907 360 372 758 144 955 526 83 623 446 588 642 136 755 219 844 81 713 27 47 688 979 783 959 944 904 690 247 517 960 786 730 147 700 976 394 568 300 39 152 337 225 406 103 375 151 159 310 968 407 952 882 62 454 300 149 470 213 985 516 336 846 935 471 625 101 419 915 521 198 662 660 2 215 787 848 95 896 903 799 257 708 134 664 197 871 559 749 563 655 531 562 937 333 819 864 902 551 750 475 926 946 726 650 582 971 786 94 378 575 108 202 174 591 282 433 789 820 435 298 386 970 686 481 640 673 910 556 675 944 505 559 285 763 713 365 22 809 101 357 973 978 277 807 193 279 981 972 567 336 319 597 967 814 858 251 211 332 591 349 184 557 725 20 789 863 17 260 603 368 221 861 100 342 67 227 934 663 195 923 982 594 347 845 380 84 805 380 789 846 249 599 201 516 715 897 303 8 826 2 437 749 421 647 466 280 72 856 286 672 130 555 748 357 159 946 215 941 586 401 389 882 474 6 956 953 168 515 565 554 94 220 44 364 518 26 538 213 872 461 10 153 990 436 618 124 628 67 326 215 827 500 948 749 870 4 552 211 813 158 931 2 670 750 539 431 473 843 338 149 454 642 722 347 494 189 981 775 178 934 590 677 822 984 49 49 19 326 509 341 497 251 543 452 789 306 844 281 55 91 874 35 174 263 935 792 459 802 109 392 197 754 811 386 603 876 280 123 901 948 213 632 12 325 154 99 34 398 604 454 266 213 155 784 173 720 62 347 632 76 218 464 971 626 366 964 316 786 792 827 742 343 733 167 418 794 209 524 887 216 185 492 941 941 513 564 97 448 653 117 688 351 131 816 383 137 512 953 998 895 921 630 259 801 445 846 339 672 585 982 678 404 749 648 447 401 507 82 69 753 831 866 553 706 143 39 588 508 87 385 729 799 293 895 837 371 632 697 386 957 317 238 312 905 248 149 529 548 40 387 120 547 700 662 540 334 181 865 338 487 850 858 665 913 321 743 567 888 737 260 882 829 128 343 503 29 
589 667 645 161 338 192 115 55 588 322 961 975 641 626 459 922 390 933 721 26 522 77 266 767 934 74 698 953 946 555 556 851 265 453 60 442 920 967 662 219 30 433 281 304 472 296 864 62 733 182 112 174 160 578 317 135 921 925 82 251 862 645 109 766 776 663 887 929 667 597 977 910 982 364 87 846 62 349 33 745 384 417 530 661 839 574 212 601 306 254 9 980 534 27 206 870 472 91 371 297 720 242 815 479 473 547 16 353 15 591 180 154 679 718 535 513 152 335 111 726 270 325 437 705 102 480 444 88 778 300 846 798 116 36 445 91 940 129 569 471 631 5 32 802 616 519 809 256 957 152 38 330 59 320 183 763 193 185 4 63 322 664 600 637 448 929 916 978 187 53 100 549 595 428 85 50 446 268 68 160 835 204 941 713 263 456 88 771 561 229 878 475 628 580 131 489 820 498 757 87 67 133 366 239 42 771 844 229 885 99 299 314 28 338 128 364 712 885 898 238 999 990 513 570 442 189 652 99 881 830 895 179 671 19 479 697 776 908 443 386 650 184 394 759 704 441 887 441 473 772 682 580 272 321 37 379 437 670 479 594 261 75 857 567 516 14 91 67 202 872 486 588 943 194 973 809 983 904 709 363 180 156 278 93 588 752 510 101 318 350 174 745 890 612 565 117 144 723 770 842 762 564 780 681 618 665 649 438 107 885 358 590 813 608 56 350 874 332 354 941 325 224 646 46 88 69 754 417 932 320 332 423 454 454 863 828 317 579 487 915 432 96 557 337 667 728 661 150 390 470 924 532 480 448 888 547 326 450 612 162 209 137 21 48 83 721 167 379 281 376 499 631 506 199 895 539 376 833 501 403 795 86 229 183 647 59 548 237 62 52 239 366 370 59 952 920 637 74 787 90 806 976 319 266 453 427 218 859 307 537 258 600 505 663 367 29 466 678 941 864 811 319 411 433 566 487 900 552 942 312 575 431 465 443 566 635 387 839 844 35 736 184 671 187 553 79 970 609 91 253 252 723 532 815 410 822 728 419 353 486 106 584 837 972 339 58 240 639 963 862 71 58 417 414 216 178 887 130 127 141 100 735 12 49 29 759 291 875 47 710 458 437 63 249 330 735 656 438 146 916 
140 939 71 998 403 296 482 287 956 368 13 475 877 813 323 76 382 551 832 419 664 179 723 714 144 846 187 311 952 629 253 749 636 648 683 834 293 575 930 670 455 520 288 354 288 738 369 709 721 576 66 883 783 654 560 709 679 441 763 715 480 799 629 421 221 440 838 315 371 591 60 797 953 380 886 693 399 464 105 16 937 255 811 53 819 180 274 809 584 932 430 27 313 151 390 215 956 447 468 200 884 174 651 232 991 446 43 957 225 39 676 953 137 616 187 268 949 682 851 317 191 19 198 772 190 642 979 424 840 455 211 316 189 899 609 162 79 915 621 32 160 179 10 917 79 971 33 641 455 384 373 43 769 821 303 977 486 104 457 694 114 895 108 508 949 955 539 653 467 272 207 865 997 145 452 925 533 739 821 275 310 78 86 865 560 35 110 791 478 357 780 30 926 513 516 738 129 76 232 424 154 479 166 902 229 362 260 523 999 965 506 802 653 770 845 103 974 343 862 39 316 213 962 303 191 559 484 328 278 573 573 199 430 702 789 301 282 625 971 353 576 130 761 350 940 495 453 552 570 113 709 372 143 104 742 856 492 225 93 475 6 896 330 894 173 545 20 213 598 660 397 363 351 797 131 22 332 739 990 687 156 10 20 783 749 345 580 702 938 503 961 820 556 41 793 737 164 710 339 459 295 142 943 996 268 134 681 367 27 743 807 666 330 803 953 625 950 810 644 41 713 590 767 803 425 624 533 213 494 16 208 344 33 851 919 867 779 157 753 766 113 635 581 655 171 757 585 351 640 719 70 224 671 560 428 416 683 621 704 947 583 826 680 476 894 964 76 340 29 966 750 526 494 291 784 301 729 920 633 191 842 339 299 759 708 159 228 308 855 94 484 868 427 116 723 629 674 418 960 780 985 330 622 173 994 602 399 27 936 401 657 404 135 80 57 23 478 707 270 653 831 904 740 16 172 919 402 46 339 459 837 229 799 512 974 858 717 807 434 418 728 526 808 733 165 102 378 265 533 474 832 521 568 489 747 325 634 527 489 177 696 463 322 19 712 658 67 352 156 912 596 884 7 243 967 549 850 746 937 248 471 822 127 385 685 332 745 290 676 468 890 567 724 622 430 563 666 256 560 531 
28 822 325 599 229 268 800 70 763 892 196 445 210 530 880 300 234 313 837 706 593 520 46 985 883 188 261 860 774 328 475 159 416 86 830 174 388 918 468 171 843 583 345 300 653 5 951 358 454 792 537 190 781 203 565 565 946 304 369 93 74 242 268 699 468 869 387 352 18 517 846 913 977 557 408 10 348 933 701 763 205 133 18 188 477 297 955 205 954 326 174 398 757 379 822 198 544 615 129 719 231 917 682 209 125 161 940 76 558 544 113 278 165 487 470 851 860 765 772 350 586 200 930 773 798 266 695 11 582 652 730 626 266 290 358 3 444 186 170 53 539 225 718 268 780 169 801 453 726 689 196 937 745 217 157 545 414 601 600 293 681 782 781 712 407 890 194 515 606 440 152 189 844 277 164 809 244 332 827 316 657 938 233 244 579 589 785 987 781 448 209 829 112 79 851 847 880 650 649 666 282 202 226 182 830 702 217 869 140 320 756 51 117 147 749 248 613 950 887 445 725 276 996 56 588 272 96 519 625 733 852 892 238 740 416 274 514 978 254 189 449 516 309 297 822 896 640 509 846 45 591 418 739 838 733 57 879 656 850 451 156 195 225 112 751 209 534 15 905 766 671 306 842 435 986 768 380 896 648 331 638 788 222 616 430 403 541 438 171 587 303 585 304 767 157 310 978 404 643 760 558 68 953 97 131 647 814 576 797 436 322 579 934 459 877 671 279 244 28 846 458 757 207 370 882 402 50 950 33 921 678 92 687 51 318 933 821 645 234 501 434 138 984 408 658 279 722 127 974 813 17 23 483 453 690 174 202 267 259 43 117 441 739 329 637 708 776 43 221 928 171 118 93 814 160 260 567 587 165 269 964 310 455 263 169 6 417 624 226 341 514 284 593 6 12 344 789 372 916 740 791 460 569 328 624 69 844 58 173 956 358 117 929 203 214 146 528 249 588 836 296 992 880 523 275 56 362 331 161 514 226 453 197 814 958 508 271 463 182 619 423 597 300 889 57 977 766 793 903 576 689 373 854 739 192 555 647 278 228 512 569 14 993 308 272 86 709 969 374 569 457 296 205 350 60 375 241 517 335 195 989 134 498 861 267 432 332 209 528 640 389 859 910 131 404 672 672 583 510 668 
905 214 116 213 981 588 706 257 722 875 718 446 617 233 90 76 274 109 385 680 527 514 231 406 50 339 886 683 949 70 61 565 187 168 627 928 706 82 541 308 911 842 747 357 543 656 301 447 247 266 485 725 772 513 585 243 99 687 271 740 725 285 293 125 405 556 671 432 491 386 731 759 357 660 971 253 400 43 445 276 427 337 38 214 544 503 750 532 345 65 97 619 226 493 676 431 440 70 99 721 517 464 831 137 599 522 145 906 247 677 915 599 703 709 112 363 524 761 595 576 535 858 12 744 924 227 908 82 958 43 161 815 660 610 981 727 108 667 99 75 919 682 464 142 741 932 335 691 85 984 461 286 703 507 398 960 514 881 631 376 683 388 911 329 580 711 963 336 321 90 505 623 391 775 644 247 870 361 784 729 916 429 555 601 515 959 308 7 719 270 508 848 636 253 448 924 803 415 554 865 523 197 835 870 607 953 82 369 331 486 965 154 119 267 639 394 365 224 958 599 774 367 645 27 801 209 804 292 126 698 736 518 354 194 236 69 483 503 891 494 569 105 1 498 199 149 80 510 785 555 86 867 772 993 913 880 95 839 640 384 74 990 400 624 921 398 514 402 788 426 604 483 496 587 504 963 717 865 826 414 287 582 746 110 736 866 61 551 747 114 212 992 850 194 983 949 244 186 161 129 779 766 381 515 99 857 506 948 241 622 493 260 333 128 790 174 445 31 883 266 846 709 270 621 994 287 388 886 139 45 181 898 706 862 401 815 279 461 451 906 852 241 888 489 516 721 739 522 149 931 702 814 409 929 768 572 755 640 25 955 959 257 44 905 871 934 925 138 894 194 712 733 735 614 70 123 6 779 354 279 620 155 45 50 428 751 588 464 485 665 926 535 698 825 449 245 925 531 340 320 118 710 610 480 212 931 801 2 225 638 66 502 121 745 333 92 76 401 361 899 245 435 87 170 685 886 727 277 440 360 168 500 978 862 378 497 802 987 323 767 406 985 181 906 429 322 434 412 701 800 161 182 520 464 248 570 489 16 819 647 946 410 896 744 954 910 475 130 756 3 498 254 285 762 624 565 433 494 165 702 544 844 657 404 800 76 902 404 789 350 503 700 702 731 206 556 461 293 690 635 
77 998 391 282 303 76 592 46 334 632 518 857 864 529 743 713 477 567 335 347 117 883 711 710 473 636 155 304 604 150 758 757 437 49 98 92 778 40 975 237 851 680 95 705 343 576 554 125 639 424 630 761 86 387 45 353 209 24 559 725 985 467 634 443 658 652 834 948 872 382 833 261 760 981 910 994 893 227 249 241 76 809 629 746 858 755 806 561 83 759 342 391 545 335 316 228 261 34 750 422 486 209 377 120 268 431 574 323 814 87 94 991 389 130 844 132 124 647 586 607 420 115 202 366 861 595 63 58 461 49 937 313 717 987 51 472 213 970 729 241 559 459 760 60 59 959 112 638 387 524 901 123 429 775 315 974 664 961 697 201 930 16 414 376 564 106 942 496 951 283 284 900 587 114 991 712 291 303 411 153 94 331 715 691 25 330 456 220 412 116 815 318 570 727 430 122 315 55 812 894 631 856 775 200 370 452 446 660 887 254 844 627 867 93 609 439 285 13 445 777 228 280 193 483 20 817 64 333 474 442 799 861 345 707 284 85 275 57 528 121 927 834 282 462 536 559 418 67 605 271 827 882 641 856 470 43 550 471 181 298 966 86 590 938 390 54 693 369 182 699 110 879 61 730 838 33 317 223 901 102 727 799 290 626 50 404 368 936 220 10 760 924 973 698 318 865 856 914 415 633 230 841 166 354 592 588 218 548 982 751 521 652 785 994 296 843 834 651 552 972 293 64 344 329 429 795 501 8 914 478 707 994 945 564 408 174 395 437 124 956 332 558 695 582 12 627 644 331 70 825 757 315 748 940 241 823 88 178 429 206 106 477 827 500 984 932 355 351 881 465 876 298 413 554 456 548 787 202 705 142 744 801 643 784 375 102 374 772 353 964 483 723 394 565 619 678 898 220 166 389 515 328 717 606 976 413 525 11 400 645 742 814 270 979 121 994 489 678 43 444 523 550 537 323 746 319 396 154 209 43 114 297 366 163 361 512 971 829 50 484 523 693 332 989 384 648 594 591 342 964 144 284 849 168 376 628 6 16 963 831 339 335 516 676 151 103 97 603 676 942 481 315 265 10 870 159 645 896 293 220 944 184 905 391 549 485 741 722 12 78 26 462 452 613 716 681 784 841 332 50 
341 881 603 628 112 161 416 821 992 184 384 984 471 961 207 148 586 814 103 710 249 620 889 741 393 2 926 623 391 343 871 642 642 339 827 230 745 271 527 862 610 230 51 720 942 548 853 326 602 951 144 317 566 944 924 516 376 26 600 909 703 791 734 5 148 500 88 485 894 749 196 401 708 43 905 447 813 624 993 533 954 404 497 559 110 529 450 344 16 654 246 493 129 625 953 360 24 470 901 157 951 444 829 402 56 591 824 710 350 411 357 806 750 822 248 771 899 826 417 549 916 966 557 396 257 148 802 554 401 431 842 366 265 74 165 438 185 300 667 771 325 619 899 264 585 34 992 691 235 637 161 298 403 376 926 733 713 934 164 162 779 20 918 659 992 107 933 612 307 932 373 839 119 306 137 290 658 210 631 595 332 309 466 448 238 934 823 301 763 57 101 96 270 470 494 279 71 601 637 512 973 261 11 24 538 671 625 98 514 511 638 674 271 632 820 456 497 370 809 97 590 889 465 812 763 577 390 228 539 56 918 659 872 116 593 109 297 54 181 71 510 777 734 879 293 259 16 431 140 284 11 279 187 91 326 585 310 724 417 81 823 403 28 767 443 823 41 803 43 822 197 124 241 890 572 312 758 117 108 130 446 778 828 400 400 187 857 241 84 248 19 274 903 270 281 105 277 886 188 569 782 687 608 713 653 410 440 594 105 112 177 410 112 205 657 570 8 520 365 505 990 118 293 427 783 753 863 526 693 107 737 236 465 692 521 608 518 221 165 401 878 711 563 702 747 734 429 22 928 627 583 145 724 778 124 756 25 540 139 838 756 705 659 403 641 665 400 490 175 78 756 197 810 367 48 976 341 142 148 551 818 295 336 278 82 871 737 862 631 660 535 943 841 448 124 76 324 619 779 746 857 712 790 567 494 528 615 162 211 905 382 85 585 701 809 904 115 604 876 139 836 686 658 559 163 853 417 400 838 273 342 908 774 503 470 864 602 382 554 320 342 322 64 803 602 36 884 578 733 164 347 449 969 446 110 526 324 981 935 811 388 517 593 74 531 500 301 486 617 857 886 530 947 205 836 526 618 353 870 488 294 930 678 485 297 738 883 216 644 484 655 270 836 970 394 133 539 232 268 134 
331 229 170 415 808 76 74 610 305 795 244 211 604 582 407 378 506 49 545 826 969 268 935 451 533 406 618 436 909 425 232 424 422 212 147 844 408 949 249 596 713 506 256 39 827 83 857 423 602 103 268 285 769 758 997 305 37 877 699 189 733 922 885 876 511 931 907 439 492 896 26 453 677 699 54 529 375 855 566 491 873 528 898 389 997 967 184 833 65 976 560 166 428 133 774 740 699 832 302 494 624 596 971 613 94 694 195 794 110 688 734 952 173 734 840 431 780 179 118 411 896 999 593 988 389 455 146 845 95 479 267 857 16 469 481 622 258 192 367 892 752 596 158 867 871 908 125 545 114 539 523 902 699 370 46 678 798 14 8 627 790 59 943 415 835 480 394 421 117 801 166 442 49 255 618 805 779 218 905 33 982 912 856 65 496 477 346 276 601 398 308 330 967 946 36 615 457 651 507 464 798 657 538 902 387 293 744 696 487 719 23 904 413 589 363 262 632 898 261 79 875 606 331 580 978 650 411 194 434 171 398 738 373 483 152 97 232 506 660 70 484 400 14 430 550 974 627 668 587 981 459 270 492 461 887 464 31 790 520 232 977 173 614 186 183 918 846 76 972 536 127 658 688 63 770 998 137 372 216 640 980 537 268 687 559 44 656 139 78 50 474 270 736 575 547 615 13 843 508 454 675 11 896 284 541 819 276 179 843 163 380 503 565 39 131 989 975 121 661 127 532 90 676 769 645 480 853 874 519 343 378 804 358 633 759 996 995 309 538 178 937 321 628 847 68 991 829 83 417 284 744 627 199 722 120 829 655 345 411 308 470 733 738 577 280 58 347 205 138 51 727 559 344 986 663 868 270 935 138 980 66 438 673 615 950 958 415 730 569 555 748 163 431 276 385 741 886 382 159 717 942 354 173 879 699 710 541 158 347 135 195 795 80 844 372 508 497 796 790 359 739 240 121 585 262 704 623 3 931 309 690 947 980 74 402 382 315 690 351 122 609 104 440 364 687 27 279 159 395 825 992 928 505 635 539 875 324 107 414 315 447 624 681 756 989 812 439 109 643 213 862 425 587 825 732 868 819 403 292 518 803 522 555 635 527 703 946 45 458 854 91 601 562 982 995 969 634 391 672 97 
187 658 885 581 543 359 424 176 331 148 906 222 521 948 293 119 894 615 581 540 758 597 237 499 338 965 295 300 685 521 890 305 364 789 376 43 35 70 81 548 179 643 238 909 858 528 56 47 739 323 892 212 811 477 746 108 832 581 589 188 408 917 883 767 120 171 11 455 423 58 484 83 436 257 480 838 288 337 540 302 663 793 779 90 399 118 595 527 680 125 117 921 522 702 214 601 850 408 891 339 985 100 46 894 66 54 787 565 666 967 422 990 656 727 128 500 163 551 631 426 634 875 117 151 484 80 386 565 162 237 428 897 3 340 982 787 889 57 564 756 351 396 46 489 864 478 642 617 92 784 387 641 764 723 855 909 335 392 952 213 347 486 271 596 36 408 730 72 551 13 759 941 385 897 750 225 361 816 659 796 448 606 570 158 481 587 149 897 609 555 616 842 832 996 747 258 587 216 747 668 39 489 420 291 136 179 454 311 483 546 295 466 631 805 925 377 911 217 846 831 518 311 618 991 878 420 109 152 834 779 17 272 422 933 710 737 281 627 428 773 423 918 232 788 571 804 574 700 666 871 562 899 888 197 631 525 550 318 530 732 394 179 316 995 798 988 320 434 326 439 803 515 400 853 917 815 634 636 52 733 493 720 26 703 413 609 830 890 32 841 752 246 477 451 330 476 448 187 285 162 970 416 268 901 998 142 46 271 768 763 809 235 970 975 731 341 498 408 206 112 214 392 981 251 809 27 307 947 644 677 395 803 616 376 702 466 449 565 212 933 55 56 88 448 636 542 401 160 351 756 712 884 838 801 245 528 830 91 31 443 810 971 668 346 279 479 243 585 828 954 84 961 859 779 990 347 493 834 869 351 696 634 618 163 574 930 646 286 246 997 669 297 48 947 621 362 493 225 857 209 920 759 896 886 918 734 345 384 546 872 480 260 431 369 595 48 72 333 745 280 798 414 368 978 674 278 541 676 697 400 372 891 314 616 243 175 431 844 121 958 983 132 461 5 459 580 687 180 488 551 317 972 647 731 472 274 112 337 949 876 445 285 631 652 825 307 477 164 763 959 968 384 636 342 74 776 965 594 564 559 450 313 767 623 773 62 113 428 119 630 588 951 354 544 531 40 506 666 460 298 
863 401 2 582 344 592 976 45 949 577 210 901 363 826 600 734 561 658 730 516 173 437 537 516 920 17 757 96 856 125 361 322 417 159 176 87 226 129 195 56 548 227 481 28 924 874 422 734 695 85 35 780 861 114 57 125 961 594 151 119 475 50 731 275 296 19 445 319 219 305 747 583 550 178 507 731 930 222 383 439 378 508 26 997 857 928 14 840 533 958 483 759 617 892 466 503 99 135 530 544 628 323 111 770 61 549 337 757 179 740 166 160 745 894 692 439 860 115 597 216 822 951 649 672 838 57 523 606 107 901 739 498 465 613 771 297 20 515 489 905 58 132 796 452 91 763 72 253 237 169 277 314 820 523 639 539 115 941 584 293 434 318 759 540 207 919 74 222 418 917 313 119 804 310 796 528 946 360 724 438 154 759 240 598 817 630 233 509 10 834 309 246 503 933 410 676 349 602 558 790 749 994 575 357 886 951 783 181 703 513 106 6 83 789 541 462 303 383 931 203 664 413 125 579 355 11 299 168 751 107 854 540 234 525 339 795 47 96 972 1 68 274 833 199 547 201 415 161 983 895 641 933 797 825 497 534 351 423 878 449 500 421 797 14 727 719 470 963 235 232 44 852 401 990 926 826 458 474 357 456 775 451 136 806 153 3 433 376 897 613 34 478 433 15 35 653 552 843 756 578 446 313 953 681 463 816 109 827 93 743 331 866 557 154 995 165 938 134 287 620 238 454 652 193 640 626 355 206 651 992 823 159 484 319 23 232 425 504 596 367 969 17 913 587 81 229 601 952 383 476 536 170 458 749 758 948 931 904 118 322 883 651 696 648 645 543 787 398 269 124 662 666 701 435 238 331 298 220 516 15 585 17 631 48 394 131 687 284 226 33 592 868 812 285 445 594 355 755 207 882 96 452 496 427 743 451 235 497 561 167 684 247 863 930 937 558 702 555 300 934 443 450 18 949 847 437 816 882 937 322 258 132 262 108 264 27 195 839 201 130 436 813 529 528 656 405 870 844 359 692 782 339 642 118 331 767 233 164 136 211 496 474 219 673 642 626 158 127 329 36 412 197 493 209 951 632 508 270 990 100 890 755 228 814 180 501 752 734 570 984 423 111 755 830 325 562 588 297 849 843 
26 114 954 971 225 62 58 289 776 394 591 909 276 443 599 382 992 58 878 748 454 794 659 135 546 437 952 170 691 328 819 915 767 349 749 349 882 303 156 111 541 393 887 298 893 736 334 827 626 138 47 459 15 857 88 1 165 962 675 500 975 424 867 334 988 716 834 57 159 79 949 128 352 844 626 168 125 615 351 411 521 853 608 768 738 376 816 231 518 270 394 965 827 813 299 259 804 843 778 3 623 665 45 658 746 1000 703 370 332 822 593 711 692 47 873 441 723 600 34 549 931 732 760 150 446 765 681 5 236 795 783 89 703 325 148 934 260 94 870 903 970 954 822 949 943 985 382 707 557 712 143 254 583 262 913 603 621 484 550 376 551 561 602 546 868 232 760 502 560 211 971 326 770 698 190 842 722 84 341 807 705 172 543 617 816 893 386 782 432 322 57 346 885 734 378 334 97 30 813 920 728 32 183 719 526 418 342 404 113 665 167 978 722 253 675 361 410 247 889 321 542 826 989 892 500 281 529 921 289 342 385 376 849 533 304 920 957 694 204 544 554 763 74 899 808 867 502 227 370 963 735 750 730 410 898 838 393 771 965 126 15 943 323 766 543 945 335 208 859 457 163 300 843 175 154 115 575 134 611 442 76 92 245 398 476 716 783 852 932 337 55 1000 381 373 3 772 313 281 144 522 705 897 209 391 104 841 905 616 325 403 705 876 98 169 715 533 839 207 953 772 476 902 79 404 231 244 114 835 306 507 496 604 918 976 442 808 468 439 505 303 651 274 664 636 881 744 578 236 978 494 408 381 238 162 837 494 47 278 819 257 76 587 731 644 838 211 113 553 427 383 988 353 19 232 172 849 947 975 117 33 4 127 752 628 165 881 80 313 952 315 26 121 761 771 65 624 706 238 277 864 286 82 416 808 452 526 25 531 46 670 307 735 421 737 132 914 834 934 775 475 907 83 621 553 286 794 389 208 705 10 135 885 532 39 889 510 243 996 438 110 517 175 600 238 908 250 128 112 736 975 84 219 378 681 924 747 444 266 388 992 656 651 932 367 325 215 720 962 256 54 393 377 614 653 44 53 159 748 961 742 979 792 202 258 828 94 487 329 681 942 578 671 333 428 142 874 310 330 706 956 
855 344 356 26 790 88 412 113 9 928 603 456 261 147 658 737 436 499 290 112 183 70 221 602 326 435 844 984 250 36 788 221 429 256 823 943 847 777 238 907 400 21 178 909 919 564 241 223 747 820 579 595 827 454 663 167 600 239 869 617 313 496 62 867 249 673 178 60 522 887 384 598 726 374 897 672 882 93 607 152 590 803 684 654 437 273 992 45 13 500 297 705 340 444 303 161 863 612 727 953 34 829 596 127 97 282 857 86 102 420 172 932 83 647 683 474 55 772 303 216 776 40 380 88 135 326 830 444 533 935 783 523 836 935 752 79 233 476 494 709 947 163 759 729 265 779 919 170 469 737 620 784 433 305 963 266 603 790 787 812 481 647 166 102 926 135 707 847 730 603 40 64 498 550 97 446 904 749 502 513 134 270 360 724 599 550 413 941 571 129 66 280 333 11 106 260 385 998 667 905 598 151 948 802 750 192 829 564 861 662 152 75 373 492 199 101 904 806 495 910 478 906 441 203 690 492 598 100 635 525 465 458 304 503 165 471 491 557 963 874 107 39 42 754 211 33 632 841 740 227 895 14 569 87 41 540 606 513 788 989 617 813 604 420 627 609 389 892 746 194 727 176 554 830 331 138 304 72 288 860 61 959 251 596 466 645 427 877 730 254 453 71 593 314 148 799 234 938 364 821 754 864 734 760 734 558 440 270 524 625 996 758 150 944 612 627 911 451 248 508 489 113 163 548 454 953 909 528 355 261 452 560 822 902 300 617 504 550 725 412 117 864 224 443 692 983 372 167 132 262 1000 36 589 77 23 218 613 812 267 564 456 224 512 482 291 226 367 836 28 895 387 572 82 691 517 761 671 741 569 254 264 603 991 44 261 588 464 789 822 958 506 852 205 621 664 42 13 231 14 126 425 486 187 642 141 602 936 342 129 691 740 609 227 526 657 507 47 326 213 204 339 840 8 891 635 97 159 87 395 797 907 773 394 30 111 538 368 989 913 761 954 639 646 266 722 819 586 202 144 593 415 936 492 112 621 719 217 386 419 70 221 659 109 128 28 979 146 639 58 965 976 96 22 368 125 425 792 148 93 209 36 64 241 661 998 736 144 223 517 599 949 685 867 989 824 366 372 996 999 83 
897 361 545 520 648 433 629 110 482 386 118 888 856 850 10 439 907 899 324 551 566 671 63 114 274 102 584 176 944 898 284 10 795 445 835 409 185 705 61 239 838 755 666 312 705 627 249 531 76 317 367 162 127 330 569 991 361 730 363 980 980 841 2 235 863 671 744 768 804 762 497 921 230 679 712 155 475 308 353 302 406 407 427 998 908 629 411 266 859 394 125 819 14 852 4 410 215 386 39 959 587 177 531 818 404 522 6 266 829 896 796 682 227 654 308 409 751 476 859 651 740 843 455 3 26 300 999 728 837 836 92 105 94 366 406 817 830 696 986 75 636 691 237 419 665 336 719 315 873 295 393 994 414 233 928 92 302 461 140 533 326 324 812 853 279 369 199 990 739 212 328 1000 239 566 837 804 210 357 678 344 971 125 10 379 946 649 71 836 0 819 851 775 75 543 286 668 4 377 427 331 779 411 809 969 175 40 6 814 579 842 149 864 335 865 174 997 32 670 825 87 53 875 409 241 183 569 97 971 739 397 51 401 251 783 695 552 334 791 569 575 59 274 259 256 791 197 17 844 309 882 576 483 418 747 926 196 759 696 213 402 639 455 561 734 260 923 47 987 354 342 556 116 965 912 401 431 836 959 892 347 408 828 535 591 41 979 63 754 586 947 211 553 760 117 272 678 745 248 55 407 819 690 786 574 284 882 222 584 319 492 438 901 303 530 405 869 150 632 576 231 589 876 611 682 750 68 167 977 106 131 939 46 147 641 20 451 616 862 881 529 609 68 985 308 940 796 729 625 515 190 781 863 878 681 362 335 369 10 419 125 914 906 13 421 327 93 333 930 418 531 500 121 747 669 725 182 667 606 981 881 363 48 551 149 976 582 700 743 662 522 124 854 158 0 675 232 540 509 230 467 807 793 101 704 110 489 23 554 44 63 747 382 80 13 624 680 277 883 658 984 601 214 232 938 218 454 838 233 828 505 555 529 529 750 259 389 442 967 296 197 391 514 570 837 922 803 300 951 817 290 14 282 539 336 90 894 361 935 868 516 273 687 453 68 997 576 378 391 225 826 100 576 625 109 719 665 533 150 17 475 729 973 644 381 45 802 589 395 602 296 786 133 723 526 412 270 878 341 287 333 
229 225 666 505 117 270 904 478 733 491 903 550 836 353 250 1 947 671 795 230 107 793 599 774 77 355 47 970 186 118 790 380 16 808 83 735 213 299 464 8 948 433 810 644 977 650 720 658 71 379 429 343 769 859 291 472 361 272 847 12 731 256 455 579 295 399 120 191 409 440 523 935 370 168 186 135 436 942 698 892 724 856 421 114 99 47 773 638 867 764 676 232 724 746 676 49 519 161 725 517 333 82 842 608 45 481 349 489 888 12 664 311 312 368 122 21 594 549 953 324 93 492 197 836 203 281 156 456 554 479 748 431 235 27 907 522 392 676 679 5 42 590 783 804 925 457 667 328 172 401 787 537 515 802 604 191 162 238 349 330 80 117 884 715 186 241 336 242 554 69 720 815 579 158 248 174 228 107 962 247 576 277 625 317 996 552 477 869 203 418 155 311 620 167 726 252 987 17 861 950 836 95 639 798 740 302 10 813 395 694 5 282 586 102 493 307 655 159 984 935 311 517 449 807 349 40 922 125 635 518 28 218 919 830 747 17 124 703 541 135 404 939 234 98 553 676 875 751 540 119 766 531 694 796 273 94 88 972 307 756 71 582 534 240 229 489 422 18 296 347 201 988 413 389 262 349 5 505 209 604 261 503 129 721 507 971 504 282 307 596 662 87 643 898 98 414 283 107 466 869 211 643 762 636 105 520 709 911 186 358 421 58 243 652 938 712 460 322 548 221 184 862 309 937 395 265 169 950 651 817 75 961 772 50 879 489 660 311 437 383 832 673 987 132 811 462 725 824 478 826 814 60 628 248 441 483 335 975 823 201 350 991 915 150 749 413 65 27 961 993 17 928 506 13 537 348 678 966 941 166 128 203 31 823 845 63 549 957 455 483 180 35 569 744 734 254 986 783 66 620 522 153 937 2 374 967 266 786 403 849 880 810 167 434 186 528 141 853 58 817 952 27 205 286 861 941 804 930 864 38 199 872 205 304 849 981 68 570 189 61 185 436 787 474 240 119 313 77 856 864 343 498 858 693 576 737 72 482 872 616 730 425 491 425 969 94 611 284 481 534 488 466 581 128 47 459 810 512 733 831 1 21 192 164 497 205 147 474 478 249 302 857 651 64 444 769 463 798 722 185 
355 556 327 872 404 436 444 915 763 634 524 648 212 172 596 389 871 668 928 375 20 501 888 942 649 632 911 640 434 4 647 462 392 963 125 689 289 554 934 888 40 301 464 186 923 685 146 14 840 881 496 237 332 402 807 426 53 429 24 142 284 963 440 644 564 156 736 781 746 554 477 592 991 311 907 750 925 462 808 307 919 653 298 726 268 259 636 965 12 444 585 828 75 812 441 818 304 571 267 696 109 825 163 459 41 769 101 854 862 625 560 30 231 5 158 150 195 725 670 444 83 329 171 59 958 952 266 343 756 469 860 62 304 448 132 615 242 903 841 395 273 225 139 300 747 957 59 455 123 657 623 809 334 591 311 362 280 916 485 665 331 832 191 515 851 903 702 626 151 201 998 420 915 223 56 518 273 306 194 486 874 801 271 852 413 752 382 284 481 126 263 725 394 784 359 506 514 967 956 567 412 991 551 404 865 293 389 823 553 912 487 923 347 521 251 78 558 286 809 124 786 923 728 154 45 300 500 401 446 148 382 868 861 582 624 403 716 636 655 740 201 837 368 936 40 380 633 468 855 437 528 258 494 255 548 950 41 739 308 7 581 654 643 623 550 995 310 185 130 798 207 742 632 45 757 985 960 893 633 631 121 924 652 939 694 802 519 669 385 514 56 157 796 380 846 67 236 484 874 613 738 96 537 291 524 596 314 378 745 612 705 948 995 569 191 46 409 843 115 418 634 817 588 79 233 302 556 558 801 666 995 350 425 356 24 17 90 333 976 589 50 532 971 946 709 241 844 211 24 91 681 77 139 0 397 195 311 903 305 111 223 787 316 767 999 963 430 292 317 731 683 398 595 619 710 491 738 87 832 315 354 641 352 467 944 437 615 462 353 645 58 242 822 974 552 770 609 709 660 210 830 363 813 753 854 46 241 3 505 843 517 551 990 904 357 559 663 170 341 900 252 504 542 280 766 638 68 416 362 95 482 848 355 866 437 31 49 79 254 810 968 701 276 632 951 300 849 704 120 524 107 734 808 311 660 364 360 332 52 612 53 754 713 733 741 10 500 308 995 851 676 118 643 710 491 972 660 924 605 218 739 22 802 966 840 133 71 380 74 709 74 994 738 35 308 482 820 229 510 243 
246 594 937 717 396 225 225 789 32 958 374 353 632 937 764 942 533 358 619 934 782 558 746 17 309 182 9 807 552 380 337 770 343 211 647 206 85 440 354 108 839 48 636 978 435 489 66 80 209 367 449 384 788 996 572 226 712 533 387 654 548 90 428 950 928 721 721 754 595 773 427 794 705 741 14 525 763 255 65 38 683 693 693 871 163 785 508 422 599 406 788 562 837 233 44 766 813 759 993 19 561 730 240 534 27 76 286 454 36 969 52 935 450 314 439 260 682 412 580 895 217 918 196 809 791 172 671 299 764 714 831 103 887 733 280 304 450 772 795 40 198 527 1000 104 699 165 194 117 278 272 71 453 206 544 945 471 884 150 753 719 360 268 962 306 500 549 336 419 988 284 784 964 19 256 631 497 809 50 206 919 39 762 854 739 254 551 156 461 204 568 789 751 108 53 823 744 535 110 895 745 12 891 565 578 12 970 675 589 741 417 110 788 699 337 44 141 924 411 269 926 352 23 164 360 940 653 465 292 1 681 948 14 738 988 805 336 172 632 310 714 17 262 98 167 658 746 332 173 664 984 527 906 18 195 394 81 826 262 495 826 105 686 902 608 626 583 646 629 145 37 374 537 398 102 377 539 39 254 765 976 776 517 267 356 886 29 800 504 127 949 377 68 492 782 512 110 641 671 328 663 948 264 43 671 313 527 201 316 247 603 622 694 78 723 49 895 770 531 582 276 769 26 40 705 15 213 261 99 231 889 420 36 342 333 468 865 729 774 245 121 645 533 129 497 486 244 937 673 615 52 94 770 992 338 692 102 745 714 163 200 394 237 963 314 32 217 103 705 812 689 567 919 826 990 212 873 226 679 789 984 243 364 92 313 99 944 922 773 173 518 25 13 546 211 438 56 593 224 749 271 983 524 435 534 598 623 718 324 23 621 531 318 160 696 408 449 228 324 536 292 690 697 568 657 893 708 424 44 713 440 627 708 433 599 288 617 461 153 516 251 782 897 71 683 333 52 221 594 442 89 862 644 292 857 128 258 813 757 702 894 591 174 238 219 250 294 806 231 844 233 17 589 504 67 991 136 940 69 678 526 290 776 529 547 791 614 348 903 674 845 326 545 739 645 760 780 60 703 199 119 
379 226 354 745 246 157 964 551 171 523 323 686 512 929 428 748 875 345 565 489 977 338 386 709 54 299 111 272 902 123 526 681 761 34 498 573 624 573 830 914 308 684 325 197 81 843 233 315 831 792 576 797 153 543 986 131 357 318 963 387 318 987 554 435 790 331 547 77 142 771 772 878 894 30 924 740 990 54 982 9 966 162 229 119 331 475 585 318 743 998 852 710 426 6 199 441 832 774 153 611 448 234 905 878 149 263 237 610 462 127 633 623 303 139 725 227 428 988 611 952 823 483 270 759 1000 472 320 526 917 339 968 195 408 578 651 844 68 702 759 381 274 511 984 979 167 810 646 346 69 823 20 645 5 890 573 522 980 283 526 442 27 779 676 120 638 259 663 402 987 23 639 988 37 666 2 900 350 978 872 153 524 51 920 339 978 796 180 935 92 837 275 287 230 608 279 804 466 676 652 2 897 619 936 223 650 378 497 931 165 150 279 431 580 223 668 911 599 897 325 938 798 385 832 589 234 876 177 949 424 343 229 53 224 971 676 629 769 33 785 867 373 380 792 906 979 144 203 808 89 798 833 710 988 333 628 655 503 820 688 577 877 993 353 141 906 372 199 468 574 746 613 577 224 616 11 420 767 395 334 895 260 644 65 212 919 560 212 409 715 538 425 235 615 900 747 17 366 871 818 507 137 975 640 533 421 654 669 850 295 483 914 970 109 707 766 126 31 989 984 188 500 784 396 237 422 643 290 112 644 160 116 968 414 93 337 823 619 33 983 148 673 116 142 797 720 735 711 158 942 716 368 239 488 150 158 944 836 831 895 652 904 809 259 637 561 294 256 552 508 16 63 291 787 984 923 518 976 131 32 482 295 887 544 968 680 179 37 834 114 225 383 18 154 291 139 727 894 318 453 383 29 260 79 799 523 905 607 950 867 357 453 207 496 230 728 414 455 441 16 58 528 269 89 786 814 457 143 259 650 300 265 681 92 245 854 332 346 284 755 510 299 73 403 656 491 808 952 647 858 373 917 541 514 384 933 27 827 993 793 733 424 75 888 846 67 602 177 195 764 637 478 129 638 425 311 235 665 708 756 264 739 56 828 846 835 96 305 331 89 57 337 679 415 235 578 793 449 230 380 581 
976 647 420 169 516 667 116 807 535 167 16 752 257 34 265 998 294 46 569 645 340 50 52 675 264 331 554 240 39 256 702 689 679 928 589 222 337 894 882 491 731 639 530 866 477 271 844 323 956 441 405 144 714 632 567 806 375 565 301 195 905 307 437 135 925 880 359 77 851 988 778 703 283 165 804 237 418 774 192 131 562 306 815 493 520 348 696 918 638 351 253 748 691 963 532 420 727 553 791 899 468 527 71 505 17 404 25 615 99 71 622 299 280 530 144 428 246 257 438 741 101 986 932 655 834 134 63 443 776 552 420 988 1000 587 561 915 233 155 194 668 136 753 549 755 605 968 727 621 288 223 196 471 663 736 581 576 163 499 354 411 100 619 25 579 272 504 225 249 252 650 509 116 57 390 355 558 196 188 473 181 234 585 366 840 107 606 282 590 506 281 537 513 345 695 116 955 856 381 876 578 89 661 657 708 578 779 39 663 164 324 178 528 562 197 925 492 44 25 710 382 910 740 504 75 741 910 833 169 972 84 513 291 651 51 294 273 481 822 680 171 428 393 650 409 924 892 634 101 279 171 42 743 936 256 532 608 387 781 29 311 820 137 801 740 268 745 612 413 681 293 180 193 97 477 906 274 840 128 296 20 128 276 650 932 818 261 616 952 900 247 799 391 448 538 162 535 464 73 466 311 999 841 749 220 924 225 46 796 686 17 125 619 673 495 620 314 326 380 730 86 316 307 14 525 467 391 687 731 310 230 370 948 168 44 741 558 145 376 532 400 162 260 700 110 449 450 932 790 713 282 283 208 17 215 597 226 291 369 633 722 815 669 444 847 483 167 780 742 317 258 725 6 76 920 866 690 20 948 667 865 769 77 863 134 630 980 698 438 582 78 97 821 867 938 211 720 892 318 765 379 363 779 915 714 948 501 652 534 439 663 93 830 428 860 945 221 583 803 353 746 849 407 808 647 944 965 460 585 594 220 203 540 636 79 896 574 985 912 201 996 676 614 28 541 59 513 332 277 1 20 49 654 354 885 339 462 236 604 724 573 203 908 446 861 185 592 229 498 78 649 401 535 595 95 883 444 727 832 982 481 444 976 659 518 439 146 927 355 908 690 83 210 289 519 704 496 558 543 783 665 
436 657 218 287 659 876 765 53 886 823 336 743 251 558 154 148 172 153 278 582 629 86 162 309 877 912 76 241 626 184 931 559 407 475 202 406 68 767 203 675 839 802 133 478 694 387 963 268 341 195 569 556 670 207 855 714 816 801 311 872 163 826 473 729 815 960 54 381 590 148 854 930 223 604 203 296 247 891 8 650 98 729 478 229 197 102 436 915 988 931 542 370 720 80 338 899 840 97 760 416 481 279 844 276 146 36 154 409 121 54 441 814 826 761 15 203 869 714 751 32 826 435 814 349 939 153 180 418 512 691 990 416 225 677 342 556 673 905 821 495 731 45 608 900 270 88 584 919 815 576 862 771 864 668 156 795 393 653 228 31 869 117 88 171 979 595 149 365 918 96 917 934 355 880 708 537 46 822 402 599 753 362 387 683 690 851 762 785 225 225 754 838 740 994 652 773 924 38 278 869 13 904 316 337 373 790 376 611 770 59 941 51 852 838 14 952 961 112 673 773 79 652 754 818 235 481 638 985 505 778 722 121 123 473 406 222 339 361 442 793 326 160 423 404 712 581 724 235 697 109 316 932 750 214 779 774 341 369 390 493 815 649 755 164 880 634 263 729 448 32 801 305 515 661 417 477 68 274 926 999 169 971 618 17 445 898 668 495 285 255 42 623 726 17 810 660 334 695 195 883 262 977 757 848 150 665 201 866 350 388 944 272 67 979 813 443 617 413 519 487 606 418 638 325 926 124 498 40 385 597 577 739 453 814 901 759 234 122 371 191 528 922 182 488 609 310 900 427 645 532 636 878 8 477 305 648 445 20 211 402 626 708 814 133 381 493 308 6 436 449 168 160 323 729 81 249 861 668 39 56 220 460 622 98 233 457 844 11 5 644 514 484 11 178 473 115 330 300 865 317 616 700 889 301 202 966 27 935 142 483 114 536 739 308 391 469 931 95 77 931 625 461 122 887 126 173 284 547 648 863 582 947 944 334 996 387 787 334 272 190 951 713 660 71 856 234 342 214 62 310 652 202 9 721 850 6 789 783 691 768 27 347 828 192 625 23 909 873 125 798 192 440 40 158 138 73 346 310 809 700 936 473 36 454 335 899 984 971 27 8 420 375 125 844 768 844 50 496 133 534 
990 631 904 136 821 948 978 627 325 534 37 944 710 792 871 21 69 565 957 421 908 635 397 678 397 819 152 431 78 616 102 653 280 434 955 541 218 276 283 882 564 891 300 568 360 662 262 402 869 552 521 885 397 697 386 550 751 272 30 531 776 851 471 254 326 662 749 443 857 164 439 512 708 669 485 482 360 711 485 761 859 732 440 399 698 5 97 52 324 324 462 133 418 75 523 356 140 599 563 148 142 343 253 917 892 393 671 449 588 426 145 132 636 518 34 627 576 532 704 65 157 191 81 203 920 841 789 83 394 358 601 912 275 110 727 340 183 17 982 991 394 315 931 596 38 181 623 213 339 555 517 285 463 368 887 3 320 585 749 390 403 133 619 97 563 789 928 198 517 877 390 261 139 248 769 677 759 841 883 966 540 312 410 979 190 69 163 211 509 291 30 405 636 634 576 134 185 417 123 612 796 753 636 188 573 314 661 50 894 534 251 931 489 911 448 687 521 184 908 979 893 706 329 700 710 62 178 159 367 350 117 808 626 92 950 456 921 594 1000 672 80 924 230 793 566 439 376 480 238 785 697 751 683 435 268 362 984 202 391 749 654 603 743 426 511 636 492 881 534 529 356 84 238 55 749 833 896 612 129 6 166 436 416 229 935 25 308 587 585 333 845 705 815 816 171 170 580 529 211 88 596 289 69 645 489 324 646 880 942 147 612 982 921 193 653 100 35 809 772 848 476 944 490 898 252 216 644 913 695 879 727 51 47 552 871 568 44 429 707 512 426 5 989 940 461 33 51 182 863 129 292 537 873 139 357 940 206 428 921 6 139 639 619 410 730 150 135 752 826 814 868 91 414 24 311 485 981 487 241 564 608 134 320 191 415 441 130 789 217 647 509 804 657 50 846 636 937 110 631 677 105 780 233 911 558 910 526 998 106 649 946 867 291 579 733 667 874 326 87 251 837 173 936 947 287 612 62 902 939 766 219 976 404 81 534 501 715 885 143 264 695 452 779 975 999 853 612 733 950 475 590 107 82 216 393 739 325 814 322 640 157 722 218 33 33 224 759 682 51 699 19 870 904 461 927 865 935 196 540 924 870 11 511 363 83 171 789 200 626 325 945 107 232 402 582 49 913 950 717 449 
715 780 986 335 855 998 765 989 618 514 578 72 970 48 130 408 406 206 895 518 73 14 623 828 816 271 268 222 60 574 278 656 505 240 35 437 560 931 870 707 824 858 871 792 208 574 742 149 398 684 650 297 882 607 842 423 653 931 676 191 344 570 905 156 1 293 68 580 40 300 959 966 801 315 481 426 758 930 791 508 392 211 366 929 21 888 763 179 708 125 312 154 790 100 349 818 571 48 827 951 537 539 457 918 708 142 632 592 682 783 976 872 718 523 913 791 350 268 343 498 638 742 893 886 965 355 411 654 512 746 272 992 993 296 988 854 64 303 377 664 523 659 838 394 938 72 265 71 241 239 619 91 444 680 259 144 717 871 38 645 161 302 94 787 202 407 729 698 392 176 636 373 491 443 208 139 813 157 40 590 346 468 859 752 999 832 839 207 832 100 27 823 920 78 229 882 875 623 256 344 463 307 500 76 811 802 774 578 519 485 553 548 686 259 400 602 292 525 368 146 598 349 324 169 700 591 396 385 754 819 205 756 421 146 896 841 934 79 258 932 618 413 822 409 606 667 594 404 129 729 342 963 933 223 87 401 963 831 158 124 683 26 318 72 228 895 690 638 537 610 394 47 587 776 460 729 874 536 479 848 207 115 48 482 213 204 411 606 322 670 912 196 158 688 942 120 540 97 508 671 365 604 493 24 455 930 724 749 451 501 975 916 272 664 611 356 872 280 89 775 815 784 693 27 901 68 449 893 730 734 516 634 581 713 765 628 793 60 565 734 358 737 261 485 143 596 560 213 20 995 750 12 229 589 51 585 900 741 467 402 409 742 942 611 823 1000 264 39 678 21 361 808 865 126 841 713 86 978 12 568 864 759 475 46 266 391 959 553 969 566 59 319 242 478 992 963 744 332 704 350 47 529 641 739 919 416 514 797 299 735 112 843 8 689 799 564 994 894 659 805 565 217 758 476 437 871 364 707 975 583 274 402 199 185 428 923 484 347 243 352 7 243 491 56 168 558 127 868 847 394 1000 32 754 958 922 398 606 763 288 736 583 651 392 976 895 402 442 569 181 924 673 470 398 291 827 1 26 612 516 598 407 193 427 114 594 492 428 628 371 523 549 601 340 45 347 919 76 433 185 239 
702 750 599 851 456 751 259 526 856 77 263 983 801 539 585 750 968 354 266 565 514 763 143 943 733 282 313 828 444 156 233 577 770 238 162 107 292 203 127 414 545 68 946 246 82 23 298 440 963 781 966 226 532 639 672 870 409 463 321 82 828 146 173 677 493 764 413 120 448 235 944 203 612 537 569 974 570 516 937 699 431 756 155 888 85 666 560 376 964 666 477 994 832 992 368 8 700 464 832 550 752 872 854 472 451 591 386 213 802 267 595 350 719 206 12 581 285 747 416 746 178 357 473 398 52 357 926 668 125 409 466 8 858 342 274 56 555 175 307 845 998 790 627 319 214 957 825 491 746 207 331 839 344 576 86 706 230 382 704 228 460 557 790 928 130 79 888 947 470 175 780 774 193 591 488 477 456 903 306 224 338 227 416 936 617 893 756 510 951 492 498 362 523 62 232 931 544 334 299 143 271 241 607 992 541 942 722 418 220 984 990 687 398 444 41 73 104 981 159 200 873 986 618 268 249 912 838 734 334 742 567 290 913 199 176 354 433 578 766 87 684 357 523 502 327 938 668 655 177 90 107 808 984 187 333 924 934 930 317 980 696 62 120 722 29 397 234 739 16 742 590 487 734 939 498 827 983 212 803 236 367 705 562 196 512 997 260 713 828 550 73 860 704 39 848 376 572 982 387 129 954 652 405 54 726 868 928 152 650 469 456 993 977 438 234 240 456 571 673 29 312 309 760 953 73 275 313 472 332 79 56 719 9 902 166 93 652 909 559 549 539 27 437 790 804 497 605 855 477 109 72 174 477 203 312 660 622 933 9 501 7 457 229 386 997 390 138 72 81 54 865 141 69 269 576 569 666 565 688 780 580 984 485 983 514 418 779 41 81 442 517 697 216 954 555 139 981 449 55 982 586 290 497 758 961 379 162 912 886 528 169 240 839 439 834 181 915 261 979 810 751 911 555 449 356 919 712 339 219 941 519 306 540 503 255 102 279 489 587 44 32 985 160 344 307 764 224 922 917 915 811 383 614 465 634 151 760 395 231 155 936 167 175 69 358 467 561 230 133 616 306 24 513 746 578 898 420 171 170 456 956 691 800 845 175 585 385 528 416 834 244 198 224 35 235 360 74 468 183 286 
300 48 441 17 63 522 529 104 332 819 38 823 107 779 56 688 295 805 6 123 753 560 827 627 618 566 66 118 101 424 776 194 148 161 623 200 604 816 846 768 833 837 131 384 949 2 438 682 178 995 525 781 501 728 569 946 518 693 35 45 361 837 420 333 438 849 487 300 201 64 523 811 487 957 296 622 492 363 464 366 955 787 642 475 736 893 874 49 300 440 117 887 520 464 88 648 739 322 555 220 896 449 400 412 774 801 309 241 862 611 114 478 610 771 787 22 859 943 617 314 617 355 544 764 412 752 328 912 675 100 347 205 977 597 825 378 904 921 595 257 18 475 685 293 997 699 379 346 346 150 346 366 94 185 26 26 965 977 928 250 182 616 326 870 518 933 454 424 648 33 207 793 366 38 705 369 963 786 490 55 565 452 548 110 929 605 856 482 293 993 203 316 998 59 849 84 455 227 836 200 104 36 323 874 634 460 977 379 82 334 880 688 294 287 945 445 214 461 283 685 987 890 918 845 86 218 346 160 739 643 54 673 108 897 225 231 945 959 472 734 352 469 230 79 199 461 337 286 901 295 653 537 565 576 678 984 169 146 820 328 272 933 669 864 64 414 679 453 5 58 911 120 91 939 146 544 861 986 454 454 762 712 495 804 442 728 598 240 748 463 974 695 907 435 744 757 732 85 148 847 471 149 39 116 996 168 402 778 425 187 704 748 109 170 402 279 329 329 844 283 800 75 919 341 525 782 933 829 330 210 410 19 135 657 104 254 932 488 127 358 225 325 836 268 595 682 24 553 427 905 217 761 644 517 745 571 883 545 960 422 33 754 974 432 69 16 590 232 778 328 118 530 9 591 601 675 38 423 411 849 479 826 923 56 531 277 64 418 326 836 53 473 891 27 977 519 721 714 227 710 197 988 54 596 315 741 453 884 68 335 552 838 629 385 54 579 672 706 406 412 722 587 452 46 891 688 473 411 197 94 187 6 449 817 538 551 877 168 552 78 751 817 960 581 119 745 41 782 725 585 208 874 473 456 902 198 871 563 374 786 369 51 719 524 454 140 742 560 988 729 771 69 800 160 99 682 607 508 870 904 55 717 299 27 729 443 617 453 685 418 694 45 956 356 312 145 629 814 433 24 
45 535 94 35 308 76 982 737 913 13 580 445 510 933 294 981 24 758 393 162 453 493 997 872 806 407 842 359 665 775 232 784 801 87 761 922 649 823 225 810 961 505 580 871 106 634 448 310 354 109 584 834 332 708 374 900 712 597 10 267 556 21 687 526 149 994 449 625 215 495 877 887 598 507 968 883 58 485 237 61 883 613 448 402 849 931 582 879 487 238 630 405 811 143 643 620 103 26 710 352 441 685 449 275 185 821 357 712 742 702 781 297 897 318 220 759 156 654 317 78 433 293 603 781 529 356 956 43 768 530 262 984 342 135 126 827 256 602 370 396 612 948 916 740 671 887 543 895 480 732 875 523 371 566 983 171 440 723 623 276 31 121 972 231 190 649 15 35 324 158 352 793 920 875 369 502 187 826 296 543 165 751 379 764 768 593 455 66 724 446 957 836 511 653 875 203 122 330 432 298 372 180 600 149 863 758 242 206 786 481 323 369 357 951 920 840 139 283 14 559 556 668 481 981 71 56 457 556 844 847 155 747 844 833 146 137 543 758 709 189 753 155 128 758 639 646 984 301 656 632 120 338 335 823 158 731 611 958 914 960 892 399 782 243 981 91 111 42 721 299 394 892 285 308 537 764 703 377 680 255 339 427 599 197 1000 403 295 610 618 540 124 872 620 849 395 841 108 637 165 322 973 634 29 546 730 818 47 8 975 219 83 714 944 102 990 62 538 802 393 144 595 719 187 759 638 462 4 775 983 934 44 694 196 805 545 757 785 642 197 795 513 58 163 715 962 966 456 470 315 951 544 316 431 897 929 865 246 812 494 24 922 761 799 987 896 665 352 934 860 950 163 235 391 400 551 611 266 265 834 616 195 47 120 462 122 753 657 720 754 863 649 924 933 60 524 559 737 887 34 461 757 937 333 964 920 93 648 482 267 835 874 615 460 95 724 173 686 564 56 502 294 463 813 901 923 756 944 344 616 563 946 364 212 411 554 474 648 916 591 986 478 964 39 206 262 351 874 775 364 510 202 258 145 228 228 162 45 434 790 950 710 963 291 6 153 6 988 648 325 721 13 885 462 752 930 266 782 141 433 537 402 749 451 965 717 410 281 916 383 979 717 470 520 739 283 62 964 520 674 96 
184 194 619 789 132 981 425 391 162 427 851 405 424 309 89 280 811 760 429 451 450 373 176 810 766 494 689 801 126 476 332 433 842 219 506 733 625 338 427 138 499 98 143 441 355 124 5 256 306 155 563 704 381 531 72 323 254 336 231 438 446 332 66 80 776 450 692 531 113 113 590 570 638 4 970 293 810 687 508 83 398 373 176 638 88 411 264 677 327 902 593 994 381 948 102 917 663 474 771 267 786 570 706 855 410 964 235 203 917 328 177 921 585 455 564 541 83 774 458 264 230 98 869 240 339 659 536 322 267 973 294 804 931 815 307 863 381 594 591 970 604 30 387 621 922 373 889 344 199 653 588 939 972 616 483 622 534 58 858 945 806 125 283 750 249 436 705 360 568 903 600 482 174 620 953 341 232 450 102 554 875 400 294 220 660 915 880 664 976 244 425 970 572 345 63 31 555 778 2 296 11 359 581 883 100 345 669 608 559 34 566 251 958 280 785 748 431 177 851 479 221 110 742 154 184 557 37 32 501 649 247 2 172 617 512 122 866 202 520 757 594 351 542 293 163 881 15 419 745 108 49 611 937 704 899 80 435 215 873 464 995 543 867 14 292 252 486 695 945 246 757 956 0 254 484 192 894 250 630 542 910 923 566 249 730 912 288 500 199 919 996 188 7 197 745 175 942 377 231 430 85 782 307 326 643 191 437 127 176 803 768 364 712 46 644 841 703 382 531 134 541 560 281 94 721 755 152 439 981 815 243 726 900 540 606 534 409 857 602 2 121 793 681 125 552 358 548 213 368 562 55 744 153 902 114 215 812 983 548 264 59 387 382 354 352 250 355 877 403 574 970 415 82 830 300 567 482 40 574 623 860 905 592 260 427 652 453 226 995 964 547 670 865 829 100 455 742 348 356 0 742 490 548 958 610 73 516 518 203 17 713 909 929 22 243 680 508 473 485 46 198 168 897 599 639 217 191 183 255 566 691 906 181 945 547 579 515 722 459 476 774 89 711 617 401 438 8 668 264 440 216 772 530 171 611 231 839 339 290 289 384 708 241 747 826 456 662 242 549 809 556 707 701 558 956 774 560 321 731 897 249 288 416 888 102 117 563 401 525 809 670 560 458 554 811 640 257 215 637 701 
280 905 423 257 142 51 154 81 471 41 663 737 633 92 788 445 754 668 219 512 83 932 755 883 248 468 324 564 425 643 557 663 101 334 329 909 178 828 973 182 956 415 152 366 292 163 164 414 365 810 483 968 684 633 967 943 971 809 503 274 22 277 784 559 877 605 143 866 884 165 874 868 12 37 953 988 842 766 301 514 951 78 823 922 213 954 659 372 88 295 686 556 353 339 683 893 617 203 893 993 498 391 131 81 156 705 396 991 592 932 527 672 692 728 698 856 680 225 879 659 860 543 247 757 564 338 767 755 711 92 773 187 163 455 391 927 982 384 801 547 315 959 572 241 522 829 706 38 538 45 479 852 576 596 752 703 546 917 392 848 232 321 472 42 20 949 860 246 256 169 956 586 459 499 240 230 142 897 710 713 840 59 706 684 644 271 978 743 346 773 479 173 724 461 226 939 23 131 967 820 244 20 83 409 571 901 984 753 665 748 727 327 995 46 937 972 279 528 532 176 78 638 853 185 342 892 293 850 132 22 149 832 149 167 311 153 815 315 460 910 957 102 445 660 518 69 336 342 885 136 796 177 103 985 120 525 681 138 855 202 899 497 946 848 37 906 970 388 47 330 793 993 908 568 432 363 103 708 999 479 451 85 62 626 84 305 519 981 329 569 98 686 340 852 258 851 624 320 297 736 0 706 396 265 710 117 976 684 91 460 51 149 657 28 621 624 394 782 959 815 906 139 698 745 697 353 624 914 732 681 642 410 662 734 196 768 170 48 565 267 310 922 493 317 823 991 397 355 891 301 412 10 490 638 775 660 198 880 100 477 434 35 136 186 237 320 4 368 733 592 973 935 1 132 499 28 908 36 552 962 646 940 630 401 557 744 162 371 160 79 92 535 512 78 344 13 76 675 819 236 596 148 598 432 753 119 775 512 392 2 797 606 654 842 175 25 953 39 878 215 922 591 551 950 458 3 601 28 41 603 744 480 472 120 119 251 622 140 370 155 719 502 664 714 463 89 583 941 392 609 717 365 286 501 221 389 273 907 158 29 380 539 233 489 384 65 304 443 516 869 414 622 924 535 865 552 328 161 212 143 312 285 725 391 644 208 861 766 225 615 25 207 548 14 871 674 395 904 737 543 
50 43 297 488 933 224 400 752 769 6 935 996 586 773 915 759 287 83 783 157 508 753 924 366 727 625 960 829 1 144 283 818 854 282 761 5 632 750 641 149 142 572 275 893 531 173 351 961 562 53 307 663 552 680 537 942 150 242 411 516 51 642 484 578 463 39 751 991 734 800 661 61 790 180 493 975 774 69 36 30 8 495 629 336 617 980 836 856 74 919 304 600 746 52 262 551 875 578 445 414 555 357 633 683 692 648 671 967 199 216 702 70 693 300 906 562 914 581 839 339 61 345 753 258 381 819 491 484 780 429 394 639 680 435 365 727 225 849 906 710 797 333 578 911 133 42 139 887 822 827 698 228 741 647 104 215 234 25 603 359 312 274 691 708 35 350 677 162 497 27 319 575 394 858 990 196 682 305 796 154 85 504 299 419 133 45 576 504 98 159 165 14 75 60 797 606 58 752 175 731 475 346 979 403 922 698 759 517 453 536 906 764 782 620 80 349 337 481 428 43 429 632 858 106 563 816 569 34 607 663 593 169 901 584 711 63 771 597 707 960 994 764 560 304 303 627 606 131 956 607 745 885 768 153 606 594 227 481 254 861 657 656 815 899 946 499 5 193 673 98 732 370 96 402 979 925 211 598 588 280 99 378 206 857 938 39 303 590 257 114 660 427 755 829 288 656 100 491 694 256 616 952 622 621 118 959 938 66 284 623 484 618 709 287 576 929 401 842 151 269 342 568 538 704 935 888 600 32 937 673 296 25 737 891 100 986 734 282 521 289 406 102 318 240 42 559 672 464 473 389 773 988 1 642 496 30 827 850 12 752 902 420 104 116 531 747 839 184 273 49 720 198 728 593 589 440 307 290 272 557 268 646 248 761 1000 352 617 992 576 517 307 224 633 576 963 619 304 884 315 903 930 660 778 61 687 325 292 863 895 663 433 819 183 19 365 828 814 603 926 791 953 643 671 127 41 252 631 617 308 731 140 290 88 408 533 243 473 370 443 121 615 893 144 862 469 791 755 252 88 824 722 753 250 758 440 867 200 699 949 340 988 811 237 150 385 477 131 257 217 922 21 313 162 94 37 167 685 205 111 95 940 607 750 370 170 384 565 517 976 850 82 960 381 801 857 195 423 603 35 696 
715 932 302 785 517 184 534 286 401 197 351 441 158 990 483 545 783 223 573 810 458 955 751 939 143 302 956 355 638 337 313 730 449 766 557 443 572 468 743 682 869 922 85 755 580 309 779 372 893 853 821 572 783 745 442 104 555 208 424 651 954 106 29 84 304 387 251 678 495 173 570 899 936 770 729 88 856 172 783 724 545 448 562 486 646 61 849 172 981 309 612 130 755 155 687 889 827 305 726 835 151 977 553 802 941 1000 30 310 55 979 254 753 836 948 838 151 56 858 310 29 261 202 118 809 688 987 387 281 310 772 99 572 526 139 684 958 417 721 594 97 442 581 710 396 113 72 641 52 930 123 64 888 181 981 177 116 693 66 489 338 166 968 203 817 818 427 362 272 632 250 795 916 828 713 56 68 682 494 943 334 85 671 674 57 868 658 318 43 335 137 406 559 182 809 476 331 618 573 196 663 852 474 730 933 261 439 106 37 34 586 182 994 921 597 617 742 414 95 739 688 227 391 801 727 79 21 619 34 978 868 709 117 320 331 60 610 53 658 787 718 553 390 362 958 671 163 528 885 308 4 557 213 164 256 910 37 385 327 559 74 875 855 227 929 478 403 339 936 584 426 829 732 369 933 395 44 570 375 989 473 365 769 992 913 421 514 942 977 960 137 756 623 289 301 319 700 508 835 194 769 258 708 466 742 241 787 19 923 122 858 827 489 597 336 875 403 465 574 317 998 202 237 474 592 814 89 426 789 850 648 755 143 429 496 613 362 258 595 366 725 256 272 136 443 672 278 367 744 446 241 724 482 634 928 988 723 385 154 931 121 467 494 545 611 440 681 923 187 538 308 420 898 305 859 532 194 825 865 523 583 302 735 900 863 62 753 376 343 946 151 973 781 984 198 608 822 814 178 212 989 646 645 263 147 208 653 809 518 531 980 168 668 73 774 761 715 267 343 178 484 846 395 159 438 468 627 743 944 20 704 785 185 914 137 716 422 369 811 711 496 895 448 566 389 211 227 570 456 41 84 859 821 828 375 191 616 166 645 835 104 884 647 870 9 171 351 219 957 310 290 174 906 96 504 857 998 628 765 318 773 735 443 128 870 526 796 448 13 414 80 312 659 691 647 137 92 922 611 631 468 
255 835 820 370 511 872 537 570 46 473 986 138 931 857 583 421 829 382 685 590 452 257 974 164 953 620 654 924 98 466 906 868 751 128 479 947 421 787 202 568 706 299 440 569 725 366 204 7 962 477 682 637 185 509 642 741 114 111 145 983 959 892 237 21 803 491 58 357 123 331 176 922 450 779 720 910 494 710 535 163 310 471 176 435 826 954 248 671 308 338 846 946 587 407 10 285 894 274 771 90 87 425 516 904 692 631 136 402 331 55 968 223 665 310 716 31 25 237 587 426 348 905 54 744 65 621 332 950 697 800 421 269 715 983 647 339 60 57 877 503 934 596 52 656 146 636 216 61 134 221 495 771 121 442 992 270 53 656 888 163 15 990 65 119 620 361 308 610 481 377 341 704 117 781 895 872 903 633 542 425 363 947 68 718 341 504 964 757 429 458 501 168 668 244 703 244 757 479 105 980 637 351 0 390 182 637 572 340 659 724 112 578 954 209 105 257 768 418 666 460 455 233 449 965 706 296 618 210 290 0 419 244 129 694 376 660 390 85 140 556 838 187 155 692 796 246 431 593 524 745 967 783 86 949 956 941 438 113 908 223 365 155 535 280 932 128 904 750 1 15 91 449 571 602 819 966 408 171 647 925 685 142 395 731 882 630 855 404 562 861 279 186 972 717 142 142 459 151 948 439 125 827 445 397 801 599 500 24 436 36 795 187 41 906 489 420 206 320 444 120 616 6 483 407 30 460 853 46 196 734 850 1 446 173 887 271 986 454 221 976 579 331 863 479 167 110 103 165 298 161 423 628 699 114 462 571 177 63 879 827 70 951 49 325 562 319 492 86 840 98 381 579 337 18 489 546 347 332 191 418 548 275 184 867 189 872 212 933 295 793 130 582 513 629 468 691 355 61 571 192 382 527 300 106 981 115 577 932 87 981 149 628 104 228 588 894 313 144 35 968 658 284 34 898 171 817 491 313 45 295 904 407 815 938 409 392 773 326 660 933 82 570 464 362 327 299 690 700 789 561 578 267 256 662 50 827 973 915 194 420 298 324 449 664 387 199 383 485 842 290 82 395 235 143 595 675 610 429 6 536 649 690 147 829 607 580 709 536 230 160 818 734 219 655 193 588 745 363 749 764 
430 472 49 132 834 596 865 423 267 309 834 148 148 715 877 85 688 186 537 856 607 495 507 429 414 772 64 57 895 495 350 251 888 1000 978 725 295 863 270 23 332 519 330 179 676 399 291 133 896 218 937 355 315 230 212 546 235 469 505 179 80 928 204 934 572 946 478 825 920 180 238 260 963 740 39 319 713 483 68 656 938 236 704 223 530 747 694 493 3 229 601 207 985 472 20 149 360 379 862 815 790 401 945 830 190 932 778 615 382 791 152 65 379 336 580 684 919 211 813 285 951 952 512 956 927 535 991 536 430 984 153 295 258 840 330 692 26 396 739 838 121 189 546 283 898 188 336 982 356 796 965 637 648 996 236 508 820 257 180 294 386 144 193 136 752 785 467 413 460 279 983 97 300 269 84 61 602 933 496 913 296 402 286 44 729 83 682 22 543 395 261 603 804 215 799 581 920 480 12 222 282 661 634 93 663 753 104 681 453 316 761 446 429 769 297 604 733 826 992 905 715 645 809 57 773 192 6 938 89 335 184 952 878 777 411 589 441 849 985 127 566 343 510 217 980 269 798 210 393 408 78 769 197 341 301 596 569 942 794 499 588 965 830 850 722 394 441 529 207 249 130 662 2 84 348 442 993 515 861 298 717 286 519 174 826 727 991 658 759 601 929 371 594 204 905 423 0 342 801 852 144 762 586 870 311 920 692 676 721 264 248 425 103 454 610 570 348 369 679 755 27 660 429 34 983 678 109 317 200 225 858 783 772 722 851 193 87 461 797 124 527 229 929 947 404 684 27 692 898 64 147 860 674 198 322 68 591 889 7 880 474 114 59 858 694 367 383 98 974 92 481 743 643 695 140 64 704 472 371 461 411 269 34 442 159 627 662 212 358 495 789 530 327 211 193 51 455 387 201 413 523 233 895 546 996 446 863 260 200 527 786 419 863 251 155 805 300 539 823 593 840 604 943 403 507 676 976 866 617 273 986 659 493 598 656 67 199 948 731 238 674 955 268 909 810 511 249 235 779 435 94 18 425 882 649 732 47 104 288 94 115 633 118 882 282 508 687 949 604 738 339 74 964 201 142 515 830 452 153 451 792 421 426 411 350 994 971 627 262 535 357 90 359 821 577 304 179 634 857 49 
841 170 240 84 201 333 291 928 99 373 980 517 208 400 908 25 830 64 791 48 140 805 306 801 658 438 761 45 257 252 206 980 857 481 759 823 913 523 768 794 270 612 548 113 971 641 942 845 524 610 888 983 641 165 598 685 25 7 520 209 647 688 341 329 756 119 974 312 68 505 505 636 516 731 629 60 756 496 680 127 917 582 542 867 553 925 163 633 772 729 693 490 774 1 212 702 913 636 430 684 933 327 913 91 890 862 446 250 246 314 474 423 283 614 462 276 65 544 848 186 457 1 856 239 293 299 915 920 909 972 891 29 78 187 385 240 617 636 36 472 97 824 614 521 882 211 245 822 26 882 105 490 491 508 426 562 211 58 758 925 773 789 288 209 678 208 906 708 559 444 707 156 936 223 494 678 53 831 717 33 278 634 691 46 860 673 237 161 819 290 91 608 10 956 409 180 563 156 537 182 34 784 958 87 971 534 838 666 354 174 989 208 202 402 227 716 735 890 181 855 825 609 546 369 213 265 804 752 318 383 341 599 209 655 708 174 422 857 873 768 99 261 87 94 916 756 209 305 656 178 46 492 1 658 763 294 713 793 35 273 724 87 246 507 855 50 750 10 945 934 273 161 194 723 960 504 194 946 287 803 795 815 774 696 661 472 263 290 186 656 547 776 156 442 249 945 294 325 820 318 728 859 377 538 956 67 648 997 880 759 669 304 297 426 169 177 263 345 476 987 268 311 934 253 386 272 768 263 533 321 289 498 124 185 283 516 230 646 227 820 963 293 419 401 774 384 71 658 531 636 991 541 793 413 670 947 947 783 948 297 809 212 427 601 177 425 609 871 324 28 705 708 795 810 627 352 876 928 744 160 734 140 712 390 329 547 474 497 196 383 797 457 65 718 440 122 858 439 979 943 234 127 542 196 56 925 824 367 48 528 406 100 406 988 166 354 446 797 166 69 612 771 335 876 459 757 561 147 608 786 981 108 655 879 227 4 793 525 156 115 256 549 686 287 685 112 309 718 217 932 112 273 173 397 929 86 287 42 748 104 352 515 527 174 757 801 74 951 14 889 170 767 2 890 600 307 801 842 409 414 287 953 184 654 334 897 99 127 173 114 782 609 6 644 455 864 824 47 341 965 
529 813 111 37 664 362 928 916 529 621 249 309 569 528 394 640 281 660 816 1000 365 383 816 623 877 167 987 720 501 390 37 931 865 28 504 561 348 730 582 552 572 396 27 950 330 726 28 145 874 972 741 774 700 173 47 204 357 525 107 589 266 69 682 801 474 337 945 757 94 770 672 594 599 482 545 979 704 971 465 113 214 385 550 69 837 357 594 741 590 872 951 147 905 472 573 897 969 911 610 602 75 789 649 100 823 65 727 816 755 165 57 7 283 187 780 396 384 91 290 404 441 947 614 49 863 953 743 94 246 173 119 980 5 222 783 868 572 858 867 146 659 68 651 972 296 537 610 226 58 863 674 100 454 130 867 499 723 781 667 767 866 927 739 410 831 472 552 676 797 438 6 487 899 954 107 467 785 727 902 306 25 205 495 414 776 985 453 955 526 853 214 806 825 813 176 183 792 288 71 817 127 940 676 148 492 472 859 393 858 721 373 570 364 626 151 488 703 364 172 79 498 427 319 329 269 954 799 938 958 679 25 725 703 12 549 752 409 563 37 711 226 136 981 758 652 816 170 840 599 908 7 175 297 981 882 427 782 541 318 120 265 901 519 335 171 108 129 132 518 718 841 293 768 254 965 397 211 416 401 932 350 490 283 287 237 629 213 480 637 449 900 437 58 252 850 474 181 521 881 205 147 354 122 643 785 480 118 729 232 292 909 740 578 340 316 897 244 104 939 601 254 149 574 665 29 90 631 13 128 398 276 368 421 790 635 76 535 210 123 218 909 884 211 892 615 432 460 860 184 98 106 887 823 991 452 867 233 456 220 389 829 540 952 418 206 609 271 904 804 511 299 894 979 859 990 341 226 362 111 504 831 125 938 413 858 744 111 255 892 127 182 598 503 841 719 806 771 663 681 121 190 133 360 491 104 105 639 520 343 467 795 929 666 158 688 794 809 389 337 834 377 762 664 675 553 267 240 624 100 163 351 793 942 600 333 479 928 763 315 959 644 583 495 772 793 374 714 160 123 56 99 241 505 839 353 244 378 241 619 621 209 369 129 486 753 810 131 431 799 717 595 434 584 198 722 244 201 524 879 809 774 954 155 280 234 189 966 890 879 293 68 129 794 958 78 199 502 513 954 883 
390 634 695 298 107 242 30 501 578 118 245 355 136 461 819 53 526 601 417 253 684 831 42 290 34 984 418 574 353 662 135 967 850 787 423 749 998 546 174 832 283 669 711 508 361 487 377 172 533 53 796 302 731 216 742 79 64 211 486 645 623 547 732 158 697 12 312 474 220 506 205 100 714 557 418 457 867 86 783 445 83 961 526 898 138 895 616 320 130 364 389 113 34 498 385 97 518 983 780 994 547 55 14 613 779 28 570 378 490 65 281 676 276 67 35 561 514 229 611 889 319 72 273 473 515 789 913 824 14 355 87 362 598 541 191 403 17 551 771 793 369 206 878 380 648 632 758 661 280 521 563 301 12 592 699 711 329 559 349 86 543 962 500 384 682 100 971 961 772 557 667 754 324 59 557 114 932 130 936 779 327 937 532 561 526 400 691 531 668 288 623 974 961 116 516 119 386 626 164 281 158 475 430 880 16 190 537 714 849 414 788 576 484 515 933 146 584 536 722 242 267 733 142 958 326 922 493 233 97 164 746 204 136 910 436 36 793 9 507 401 559 191 564 107 982 26 102 425 697 159 34 41 851 455 468 202 939 661 317 935 176 262 198 844 746 35 323 298 375 765 391 800 480 950 912 573 142 914 709 693 862 999 529 465 344 8 302 373 708 371 582 982 277 438 909 246 93 85 312 317 645 731 366 941 355 144 84 267 843 110 188 50 234 789 262 587 383 441 799 203 286 413 611 994 336 630 150 585 848 679 654 479 530 753 883 23 482 886 169 752 280 115 991 878 18 283 824 869 124 627 471 338 381 350 882 777 916 226 141 709 677 220 495 157 237 23 536 335 640 125 447 359 686 602 253 53 22 818 833 672 5 188 8 153 47 831 33 168 389 245 462 371 60 773 986 797 307 606 101 269 347 584 233 91 816 549 306 755 793 572 934 875 33 914 253 541 935 209 346 356 574 641 41 677 580 462 83 802 547 708 266 13 191 926 821 417 136 934 592 215 727 746 833 91 322 64 250 171 348 58 794 685 640 211 604 778 363 20 591 841 485 245 16 294 963 96 298 448 301 338 2 65 638 524 732 491 725 944 659 776 319 347 957 468 282 173 212 632 268 41 979 289 656 535 928 692 842 558 517 111 
577 85 838 16 173 603 192 744 940 346 606 193 106 758 47 561 319 51 688 177 724 26 8 233 558 361 635 895 393 137 836 775 778 596 203 353 803 493 373 228 30 891 95 519 364 709 259 318 257 762 463 170 345 532 592 674 543 240 646 851 324 727 592 807 491 276 942 36 529 820 931 658 452 817 240 243 479 576 150 995 77 315 670 84 787 124 124 3 621 388 111 727 792 112 161 355 94 364 951 704 142 248 492 449 396 344 580 302 587 903 582 403 819 950 436 209 671 538 382 617 205 883 707 949 225 739 479 721 164 147 109 843 932 859 200 768 254 435 35 991 391 297 140 770 7 494 477 371 380 474 792 919 635 292 96 864 203 386 339 755 662 53 498 315 366 189 511 493 810 580 42 595 491 590 173 931 784 481 115 710 121 910 502 60 857 766 344 822 622 431 688 819 276 133 476 623 688 536 550 797 29 482 921 581 713 1 169 753 751 672 257 340 915 950 99 630 749 486 519 573 339 902 814 973 126 183 703 17 195 267 761 836 445 916 108 439 818 959 118 558 820 477 130 243 50 70 86 277 201 860 940 406 406 603 211 648 880 13 728 232 816 171 216 47 699 521 51 832 362 212 795 856 137 530 971 462 559 0 716 539 238 416 657 316 651 537 444 454 636 135 156 406 482 158 11 993 835 388 40 672 259 499 469 317 811 89 871 980 759 50 712 620 390 672 122 777 30 52 543 423 862 52 810 311 321 753 980 987 727 213 762 304 945 109 481 462 278 599 53 19 693 754 41 684 889 989 972 774 128 726 90 804 13 960 219 526 88 868 434 898 780 971 229 710 985 755 695 935 874 5 127 316 148 803 426 472 777 371 691 930 402 222 436 682 664 238 280 685 200 388 288 254 923 238 264 897 433 42 77 222 635 400 633 917 415 766 849 150 439 181 191 743 790 800 301 635 298 256 197 649 624 706 80 369 516 973 745 777 719 440 937 6 909 162 31 882 741 509 865 913 226 977 35 211 230 426 575 747 100 265 553 485 62 248 62 274 880 39 293 310 934 401 554 328 435 61 212 111 203 179 327 377 857 914 126 814 580 421 55 674 204 745 888 799 325 354 544 783 727 255 189 43 694 684 235 457 78 660 473 918 
530 472 698 838 170 770 821 820 605 165 607 21 437 189 151 567 311 211 14 92 135 553 905 403 167 894 79 19 753 971 4 55 711 139 284 71 49 596 696 264 130 651 78 423 394 110 287 154 0 694 570 382 214 319 480 650 464 166 741 678 70 653 368 653 179 7 482 429 523 786 307 389 111 386 641 733 141 279 535 584 710 575 758 936 29 375 888 284 482 361 51 510 734 17 405 227 650 542 508 29 120 686 864 953 261 829 259 610 659 525 624 475 622 874 154 434 223 651 888 98 299 176 298 600 923 290 738 759 230 318 816 20 474 902 195 278 594 121 384 682 669 92 432 799 807 966 854 217 462 110 672 643 76 91 15 189 261 377 832 755 342 656 242 871 457 437 600 806 873 522 828 840 588 574 686 392 782 11 75 155 378 448 161 868 999 890 305 957 533 147 360 926 691 726 938 188 769 718 996 617 519 517 400 783 222 41 715 644 881 184 555 352 869 563 307 629 947 699 444 921 267 724 320 172 349 894 729 234 89 923 478 329 432 561 731 550 101 82 157 387 305 450 434 745 114 893 19 679 771 358 664 65 244 131 740 876 699 997 265 36 43 452 522 531 166 880 257 653 383 606 314 220 190 644 948 677 595 243 844 968 312 169 649 270 278 66 300 194 594 272 542 77 599 396 771 18 704 209 935 589 277 421 421 133 557 206 577 35 474 457 726 344 95 23 914 148 579 23 316 665 988 619 807 0 34 679 665 341 783 483 955 208 203 593 449 829 420 734 912 598 643 598 94 149 950 481 602 319 918 26 612 646 639 450 873 14 476 66 742 635 710 31 406 193 586 453 810 271 979 532 701 98 366 407 566 907 890 755 36 77 164 922 233 681 36 345 167 220 389 840 886 648 302 654 486 731 557 423 705 183 471 100 297 69 381 365 284 568 887 176 95 709 308 191 500 994 951 10 601 440 358 593 875 600 336 737 781 661 210 136 110 886 678 597 130 23 645 734 482 551 114 436 310 244 962 894 925 810 865 701 389 115 757 277 834 720 476 669 134 757 995 442 753 876 887 609 593 173 105 374 454 125 479 326 564 127 432 930 318 423 882 438 941 145 815 936 379 111 10 712 946 442 330 240 228 965 722 850 525 797 
174 419 961 318 309 719 800 553 372 240 685 672 590 847 811 364 414 942 688 950 698 591 346 953 251 95 433 70 858 601 717 554 407 933 491 692 33 803 746 797 481 132 740 44 45 481 198 428 370 967 776 313 969 976 63 374 827 113 416 728 302 500 185 180 404 516 437 208 397 518 288 396 322 721 196 220 130 145 460 769 398 762 706 846 767 308 492 305 364 696 38 575 431 51 844 442 514 328 855 495 130 634 984 0 559 783 135 392 81 984 423 655 764 19 416 773 268 666 347 886 676 268 497 539 426 880 950 932 308 219 831 597 158 697 13 831 615 729 356 924 153 298 256 714 393 321 512 547 966 793 614 548 1 791 942 741 412 103 974 594 568 460 359 535 681 399 623 583 239 860 138 239 320 977 584 522 314 852 763 425 87 138 832 877 87 968 975 788 235 633 180 422 97 14 889 744 754 916 219 482 876 957 108 401 663 672 535 170 768 422 342 470 233 240 39 286 881 504 243 9 166 561 148 500 469 905 110 970 631 97 835 91 340 651 146 325 266 443 460 104 740 401 734 781 541 155 261 352 510 861 556 707 152 406 677 211 430 486 609 786 125 944 410 466 618 178 777 28 994 52 87 677 443 905 487 846 227 121 453 398 680 95 581 889 261 40 653 412 646 559 363 204 198 799 640 629 921 713 113 75 941 8 33 365 685 612 104 155 968 519 162 54 717 917 959 112 300 119 708 415 661 736 244 962 287 971 771 315 230 893 220 609 984 873 20 661 54 644 611 702 48 465 374 643 201 393 806 790 857 275 975 889 470 312 126 327 226 834 479 462 854 635 534 520 814 297 202 709 800 817 399 302 121 790 626 197 967 721 823 605 761 799 525 781 416 28 790 119 581 243 641 912 425 296 480 306 406 270 934 593 167 801 638 231 345 903 861 780 34 790 129 749 819 39 440 315 362 23 489 610 422 957 304 719 839 32 598 440 120 138 344 115 598 176 10 698 398 121 151 125 580 788 92 865 485 682 278 171 737 759 266 21 49 91 948 74 899 358 96 57 196 572 834 64 756 450 790 0 246 620 999 65 66 140 959 686 579 924 178 521 299 919 253 618 397 323 943 854 721 642 172 346 623 159 279 342 986 317 366 325 
319 481 386 938 805 83 137 352 845 169 199 495 346 785 740 122 107 371 649 504 490 815 261 717 167 840 692 68 839 232 265 913 532 576 138 81 579 594 114 523 438 967 556 612 122 169 612 56 806 294 308 293 889 868 178 608 907 950 534 494 746 267 232 753 987 215 68 368 132 658 146 28 591 556 539 474 69 699 535 751 426 369 93 579 507 481 701 602 94 145 39 263 87 506 877 925 398 550 588 567 391 695 722 989 479 294 214 577 201 738 251 79 862 299 184 645 460 244 17 946 895 503 832 396 623 581 878 367 628 335 533 273 27 8 717 133 260 573 539 129 484 678 914 874 483 287 757 471 112 597 989 956 615 509 255 148 210 471 399 869 234 926 544 725 962 189 890 391 760 402 0 743 110 748 905 3 757 139 765 229 745 21 669 859 370 430 430 780 320 956 690 9 3 488 498 135 881 421 936 337 557 577 567 191 22 599 613 909 406 616 42 62 18 171 767 23 471 506 727 442 329 215 932 64 111 483 279 826 639 414 759 516 388 124 432 20 431 73 375 928 592 968 455 258 91 745 281 806 354 476 770 425 975 825 938 346 581 29 680 839 531 838 971 929 306 305 10 447 663 767 815 627 587 694 694 165 642 402 646 708 537 873 817 520 599 299 713 302 591 189 491 34 393 694 581 769 988 308 306 52 892 871 144 406 273 404 321 156 906 495 838 318 29 981 913 381 854 625 303 288 901 988 433 408 294 25 414 900 244 912 774 506 581 689 150 170 406 812 221 575 147 425 539 292 598 919 570 581 101 557 268 390 933 683 577 955 208 875 85 601 527 889 506 273 840 30 176 778 188 259 763 921 173 548 450 107 496 442 218 305 101 21 934 554 384 309 38 340 996 989 384 887 315 349 704 373 212 738 536 251 607 752 969 174 936 148 554 390 138 185 105 221 437 50 983 625 661 521 337 480 784 483 526 797 621 424 51 512 338 218 996 216 731 357 789 359 853 835 396 919 187 439 679 219 242 781 519 568 486 429 634 811 494 672 75 28 113 781 434 765 481 384 74 741 271 221 320 129 42 767 761 369 673 702 902 691 159 202 482 798 321 729 885 697 278 181 0 747 49 944 224 985 574 807 479 453 658 581 633 375 
484 88 449 178 64 239 304 838 701 775 294 768 735 233 330 305 72 591 603 278 449 480 584 455 369 176 765 796 244 322 340 727 794 657 494 175 487 292 787 66 575 151 167 176 607 788 13 314 14 850 530 358 777 763 177 231 798 696 550 225 446 179 315 3 107 508 889 961 326 909 757 785 231 731 59 648 72 844 486 935 288 31 457 618 635 860 478 473 685 739 542 912 528 726 346 849 128 566 410 488 18 637 575 113 90 620 971 70 388 390 18 974 340 877 375 686 322 39 559 242 181 465 726 439 424 674 763 758 562 853 567 828 890 832 825 627 95 418 155 7 165 277 760 993 118 909 684 614 650 759 651 143 203 321 710 448 586 804 58 945 156 957 569 623 272 614 236 461 181 740 87 612 18 520 142 709 400 211 84 442 820 589 799 499 694 505 958 850 701 487 888 85 489 889 456 8 43 468 306 850 169 251 319 722 1000 419 868 661 228 494 230 188 150 360 937 874 14 71 684 333 767 300 133 308 234 73 795 778 867 716 972 368 38 50 224 154 928 274 389 318 217 963 738 18 233 977 25 355 603 916 211 908 423 448 350 472 56 556 895 808 899 379 78 9 226 744 995 999 8 847 87 860 500 964 915 636 30 585 719 895 882 218 455 541 392 456 645 230 797 529 870 741 396 404 754 478 38 838 726 554 463 727 257 538 36 287 232 965 872 277 531 14 184 837 617 728 622 247 62 571 689 151 185 933 648 564 166 690 603 349 538 173 750 118 363 756 336 746 901 390 746 65 88 365 498 32 847 672 329 901 610 568 165 22 998 782 660 590 742 438 724 405 711 940 584 45 746 533 837 974 373 715 146 807 98 831 682 489 823 579 207 747 290 621 659 233 462 381 580 458 76 856 526 140 613 830 608 25 147 277 2 238 526 167 687 207 364 336 522 667 896 964 585 570 412 823 73 630 193 439 15 708 572 890 923 300 469 671 388 135 352 716 589 122 767 260 532 297 416 217 21 433 619 120 269 197 991 654 159 660 1000 368 294 181 727 514 766 317 150 277 812 596 988 236 398 540 567 292 796 322 428 766 599 165 926 13 453 522 643 168 915 291 126 355 623 19 637 881 84 862 461 491 1000 59 30 714 480 883 340 229 
227 320 911 476 974 155 456 652 759 957 815 147 753 888 930 741 936 872 860 719 111 547 825 898 532 408 199 92 685 910 516 628 239 781 989 101 541 271 521 891 300 757 943 183 757 245 964 729 103 559 85 825 325 334 95 418 665 861 460 803 448 321 884 757 956 615 244 457 649 829 399 620 629 969 252 749 319 849 420 570 753 719 408 623 426 741 295 498 709 267 977 735 725 700 629 272 526 639 506 147 568 59 373 35 659 482 753 931 286 610 463 907 349 41 83 100 696 454 285 20 297 633 640 254 524 590 119 826 776 360 156 570 938 724 159 303 785 313 441 401 323 48 48 301 733 543 32 605 557 421 887 982 656 684 647 64 560 805 538 974 454 161 458 659 489 979 241 500 469 695 266 192 470 302 678 265 701 432 569 691 74 293 561 769 968 892 848 309 719 235 178 448 39 454 275 379 41 298 796 251 30 460 277 52 956 903 219 27 862 211 480 207 127 759 511 794 370 467 746 947 772 700 873 473 367 969 609 986 455 599 454 516 299 537 229 273 845 222 661 393 717 867 340 921 644 77 96 194 212 710 199 586 382 781 699 65 752 14 507 88 952 827 185 571 907 773 397 864 170 248 892 989 871 807 520 231 567 710 402 133 342 499 454 461 64 797 742 533 470 919 523 755 974 162 25 738 664 58 269 670 815 633 465 786 171 821 689 609 104 335 694 650 498 372 40 906 975 29 320 517 335 376 220 927 239 523 860 687 373 355 599 315 936 276 263 435 138 950 229 878 390 989 234 335 842 126 255 671 27 863 10 159 228 219 554 951 351 227 472 232 65 493 558 988 467 955 259 156 383 499 390 326 96 206 498 28 37 225 616 195 167 721 31 549 544 717 13 985 694 758 335 334 226 735 541 329 260 598 818 782 927 879 918 711 635 466 73 990 968 111 19 815 212 126 144 214 689 411 473 425 39 341 48 113 677 820 342 178 977 385 290 350 78 591 855 382 667 657 921 67 762 981 580 541 698 569 907 275 242 867 554 156 387 211 809 816 236 147 465 680 608 538 927 638 507 937 984 291 907 672 529 491 423 677 455 209 878 975 143 956 776 517 256 440 869 630 262 160 776 664 268 60 384 62 878 681 653 744 86 943 
210 182 937 667 382 599 764 882 902 498 180 332 122 887 868 257 69 142 611 181 541 477 749 524 193 313 975 569 817 700 751 137 447 830 214 669 457 224 708 605 915 318 219 283 75 380 3 510 307 428 548 180 595 285 623 890 929 397 804 505 361 566 905 630 507 153 952 312 63 229 947 67 704 668 912 542 270 270 115 744 756 171 850 101 192 548 766 431 662 33 562 694 759 922 456 891 684 641 762 633 416 740 916 427 897 317 458 922 511 316 360 767 333 737 185 322 932 64 606 640 490 616 645 763 154 179 556 924 338 868 437 113 882 903 118 652 59 554 636 60 61 241 368 348 842 483 198 150 88 331 774 36 304 731 222 891 278 962 461 197 293 417 522 646 881 735 185 362 420 261 571 88 673 40 9 209 268 108 351 896 345 555 86 648 43 188 846 361 141 767 829 506 87 606 114 90 895 602 551 66 399 89 124 223 500 888 885 530 453 50 178 232 531 85 149 283 813 417 626 957 518 577 605 381 502 37 597 788 119 426 660 864 774 0 630 730 358 211 52 519 712 272 538 818 790 259 904 133 765 527 135 224 409 324 229 708 906 616 455 833 465 635 13 678 310 73 626 965 656 401 469 489 780 769 279 439 831 806 566 748 558 384 11 681 734 819 317 500 272 878 738 590 422 411 451 147 767 352 806 162 958 603 926 974 67 175 932 426 450 755 295 969 617 672 969 364 476 202 876 333 31 311 998 436 823 529 319 524 166 169 7 843 719 612 768 304 475 26 942 177 920 706 625 86 90 832 535 601 255 790 521 27 736 451 384 58 72 959 201 138 471 306 991 489 287 972 162 814 301 193 440 422 924 674 798 866 195 151 464 795 533 435 544 525 46 274 153 858 546 10 949 712 263 66 368 457 574 629 469 880 335 915 739 169 249 396 212 540 269 253 741 850 495 594 34 170 481 79 277 315 89 476 618 269 37 447 279 902 201 242 936 820 178 649 135 931 10 32 185 895 382 217 685 813 240 528 672 225 646 240 679 471 533 497 925 253 52 557 982 241 262 830 586 343 207 271 515 807 548 126 424 20 31 978 448 100 211 572 680 353 329 794 122 17 347 429 429 959 223 72 16 533 197 569 960 357 735 119 782 471 
283 36 927 358 483 355 961 657 918 413 673 382 258 789 276 98 54 22 683 573 307 216 999 660 159 99 33 978 916 632 412 868 841 964 718 50 56 254 785 440 513 710 262 986 96 885 73 957 509 526 323 482 52 862 530 928 407 993 30 387 200 948 566 474 122 921 985 52 937 741 417 693 804 117 203 595 731 670 414 87 750 234 346 462 925 69 671 991 355 0 674 505 423 641 451 856 549 518 293 452 387 139 717 721 0 870 520 571 194 265 254 587 511 685 928 179 523 623 641 741 633 296 293 259 724 120 82 543 373 319 294 317 325 458 428 353 600 103 865 641 259 731 851 812 37 291 562 127 746 285 193 480 312 671 316 631 813 847 504 547 234 319 926 87 24 568 507 501 772 238 828 330 481 20 789 421 275 835 857 494 130 540 240 357 461 893 12 640 178 877 664 884 780 745 388 91 157 224 653 811 982 449 313 439 85 407 844 439 220 607 990 930 667 111 592 217 879 739 71 171 828 143 49 164 366 165 232 424 53 859 797 58 389 987 936 986 167 993 414 256 708 790 26 593 57 353 413 631 840 312 333 360 319 848 188 54 873 139 909 283 338 795 883 481 981 831 203 241 939 560 393 178 697 658 581 864 211 105 376 273 129 374 840 336 767 652 773 253 479 6 175 608 490 112 167 620 202 975 65 98 487 659 710 260 866 47 663 30 556 74 917 156 560 677 128 683 667 659 101 923 238 696 483 853 474 622 41 187 166 252 376 536 808 500 294 652 418 722 744 169 916 180 813 974 634 23 714 29 871 950 453 867 842 583 733 32 976 825 710 199 944 699 725 56 47 70 245 95 548 838 549 559 281 964 300 212 226 171 191 254 894 439 80 891 621 693 84 658 617 883 39 272 495 604 987 23 269 570 411 929 726 472 279 140 910 888 270 829 152 867 307 859 928 444 0 926 413 109 932 903 55 313 294 151 894 513 199 280 81 670 458 749 302 716 420 522 552 411 379 476 431 595 164 221 361 159 872 818 219 258 919 828 779 102 742 2 128 142 811 626 467 767 998 784 914 911 55 787 216 681 440 500 896 78 498 153 115 490 305 200 199 223 186 689 384 489 600 935 512 660 853 450 994 325 474 929 297 418 307 729 
245 993 695 980 472 865 874 561 325 161 879 636 240 472 321 874 951 208 870 715 838 364 234 316 440 811 211 398 809 459 881 387 674 62 185 738 216 131 604 120 582 658 953 843 327 361 696 334 778 431 361 773 359 528 311 563 802 670 361 142 628 875 971 930 834 3 585 815 507 245 139 264 958 69 495 278 617 154 921 438 707 527 865 190 410 156 308 960 52 767 38 896 795 899 803 627 86 755 919 178 915 649 120 86 566 963 637 80 830 853 903 165 809 94 321 106 449 269 188 65 576 607 600 299 612 207 163 321 360 644 754 433 442 340 657 652 196 98 709 465 702 603 116 652 691 7 802 151 730 926 586 87 530 634 772 979 774 771 673 736 438 873 465 878 667 677 304 154 328 396 203 637 456 93 693 903 74 74 391 281 131 974 315 692 632 605 145 869 685 197 10 909 456 578 797 392 409 251 207 418 334 317 246 678 763 355 543 742 415 724 668 241 686 409 664 432 482 860 147 193 419 598 881 47 267 316 305 547 947 271 512 958 961 211 978 308 574 710 80 964 133 951 54 937 624 370 230 52 972 286 368 365 404 533 961 919 657 195 597 811 769 955 944 522 215 124 413 253 115 496 780 813 296 952 748 784 842 904 11 958 767 456 435 679 778 981 130 876 542 143 585 44 387 27 170 887 803 796 792 826 560 618 91 995 580 827 956 406 103 944 649 808 556 156 48 73 146 459 523 814 879 707 640 677 873 842 369 86 906 87 493 716 11 643 488 833 297 683 734 815 135 128 773 29 158 947 670 493 337 105 596 967 220 21 398 298 168 194 141 329 976 725 360 743 661 469 795 476 437 807 64 34 357 103 589 388 266 134 273 149 834 917 875 317 143 448 753 360 283 595 826 193 717 786 594 493 84 624 102 971 824 630 545 90 386 720 331 352 571 117 185 166 883 768 384 293 675 881 803 417 222 393 40 920 866 94 608 532 356 275 495 517 643 920 296 816 266 3 425 321 124 419 692 232 717 325 698 464 831 483 755 89 330 69 151 720 778 705 154 191 465 487 983 813 108 586 728 612 900 289 708 27 301 982 830 330 201 412 303 953 60 777 338 368 770 815 473 53 587 273 82 8 502 475 673 220 480 480 996 60 
472 500 512 714 210 128 658 71 11 220 640 14 841 754 841 469 854 43 600 846 990 706 483 843 622 180 572 844 284 565 54 622 475 79 201 896 473 246 873 829 259 30 285 147 218 392 466 11 751 54 290 788 665 174 534 851 169 734 530 228 310 220 379 738 418 146 914 297 94 402 592 500 904 184 491 48 802 518 349 359 671 654 745 545 335 776 128 721 502 415 114 518 915 740 783 602 651 93 981 414 571 410 954 243 304 926 192 177 236 83 241 373 90 531 371 771 572 733 864 793 37 967 975 322 785 473 502 18 279 266 483 704 807 499 675 828 18 149 30 147 382 503 923 775 950 869 337 397 909 196 971 322 453 709 690 807 351 294 566 844 334 721 311 804 119 379 636 445 346 364 189 988 504 1000 767 159 293 868 934 725 919 16 862 884 524 129 458 429 384 1 128 276 778 381 593 731 49 653 747 735 274 920 150 412 135 797 697 175 962 370 573 424 502 833 749 961 213 385 802 334 757 950 729 465 577 865 849 324 548 242 448 244 569 44 591 492 405 527 102 71 394 683 516 954 15 970 30 436 358 618 103 666 273 301 146 477 801 344 61 219 418 718 588 916 427 259 986 572 198 590 811 648 766 851 524 207 682 703 837 358 70 700 125 10 959 66 386 732 57 646 429 513 583 894 373 678 503 673 772 913 779 367 738 951 349 369 369 908 965 564 688 989 593 940 474 616 801 956 490 922 148 711 813 323 197 915 742 708 796 564 780 533 677 207 718 799 330 903 215 106 170 673 813 835 205 136 907 572 519 740 181 970 203 128 22 737 260 35 227 298 419 283 855 959 528 230 654 902 717 604 777 904 273 772 693 638 929 109 409 906 289 819 900 446 693 416 27 995 18 474 211 963 492 172 403 405 800 368 532 460 875 683 57 922 460 248 736 77 438 330 42 928 621 806 903 345 561 78 636 401 767 307 791 207 129 533 166 864 206 965 938 508 457 511 922 622 315 639 163 335 848 234 871 828 100 667 299 243 897 682 516 399 651 510 960 852 605 152 814 966 349 904 961 505 479 151 891 853 358 798 825 687 160 215 147 714 378 601 28 789 492 583 935 601 885 582 25 596 838 320 189 533 242 285 570 908 984 613 991 817 
328 636 195 625 840 58 207 952 54 336 351 919 430 189 593 434 205 487 206 956 93 612 526 342 327 748 369 219 503 957 252 958 760 638 702 499 381 296 526 52 770 23 663 554 125 794 352 671 382 188 754 192 44 699 188 177 382 309 592 854 509 70 192 1000 660 340 201 679 296 246 628 230 233 210 783 492 678 999 232 437 946 120 510 566 653 993 597 420 564 261 455 990 146 600 881 5 828 254 961 582 961 953 578 210 857 885 147 998 637 820 526 457 331 984 334 255 380 811 563 197 500 88 65 575 563 912 248 361 131 170 880 92 124 992 403 558 625 45 163 604 99 624 383 545 712 838 279 787 761 235 478 991 47 156 417 919 87 27 975 628 897 551 780 1 226 568 950 102 460 162 241 688 969 717 680 233 296 392 656 615 289 240 442 750 502 919 554 570 987 888 224 497 892 220 90 109 396 186 326 821 797 406 254 439 728 99 910 800 406 379 334 499 729 806 691 634 765 430 33 381 813 835 687 544 666 884 141 473 916 310 943 29 418 47 473 651 564 633 840 471 645 752 171 116 814 796 657 758 210 599 77 784 800 412 491 960 396 941 584 57 372 311 882 432 314 86 38 790 252 677 950 628 863 860 350 110 111 936 132 245 282 244 214 688 147 127 300 515 207 879 836 701 392 390 208 735 359 401 546 868 38 49 126 5 818 191 728 50 439 135 474 735 540 297 45 197 160 313 462 737 291 89 486 108 507 808 181 564 393 995 796 60 739 930 967 928 466 520 187 532 843 316 863 2 1000 823 503 285 292 771 955 775 289 216 934 392 379 343 595 993 50 982 363 779 302 978 590 719 714 981 250 658 944 74 886 684 285 798 907 187 357 652 704 36 931 173 666 131 822 159 825 44 269 873 980 329 217 390 169 13 443 170 282 516 916 57 894 90 322 745 197 816 859 162 101 769 458 25 961 287 143 723 790 530 915 887 876 816 469 506 146 230 195 967 637 60 327 560 969 214 507 700 439 822 467 157 40 284 650 762 60 909 664 838 845 706 757 330 587 453 840 369 691 256 962 632 571 870 228 430 305 452 220 398 491 430 845 910 331 44 725 658 757 734 289 40 936 123 974 382 99 373 41 214 901 647 177 461 63 943 
292 637 211 381 44 560 348 381 811 866 163 171 293 667 982 500 238 415 237 659 101 201 60 825 83 426 518 51 207 574 294 681 51 838 350 669 468 922 930 396 353 97 745 135 942 695 418 467 669 102 493 507 141 995 271 786 544 6 747 839 447 470 725 919 668 491 435 25 532 663 945 58 234 886 801 954 439 156 290 107 376 207 451 16 142 956 408 348 770 155 153 722 256 277 368 999 796 679 96 838 743 243 224 644 666 850 994 80 16 788 269 669 986 79 247 673 312 19 986 815 629 548 712 328 225 91 386 11 502 453 262 980 766 871 552 749 602 209 853 655 173 373 154 682 768 432 907 795 986 36 59 224 581 75 631 434 415 950 896 588 215 212 670 82 566 805 922 650 659 757 975 39 478 899 335 633 158 998 640 124 758 317 437 908 723 26 811 185 187 390 186 695 739 409 330 553 821 169 968 661 850 992 353 498 373 405 436 772 264 640 373 900 690 546 488 195 912 768 560 846 670 549 720 89 43 261 620 455 810 912 695 815 142 218 569 997 227 649 893 519 593 506 968 267 798 155 995 615 543 954 571 474 26 661 223 346 825 635 586 910 841 937 57 799 559 151 454 143 905 351 603 642 812 633 99 639 326 501 694 94 822 705 534 262 874 731 737 793 936 466 777 168 711 488 835 78 261 87 282 233 766 733 663 278 40 475 727 744 27 195 242 645 398 486 754 690 269 816 370 117 570 796 265 479 494 422 800 387 854 829 589 955 664 622 710 46 68 580 53 404 166 817 629 497 182 321 478 346 680 505 65 419 870 533 992 49 783 682 16 674 334 480 27 405 819 419 418 390 295 863 760 203 296 439 745 614 837 636 507 49 428 567 298 855 638 642 712 342 551 900 395 310 529 46 534 685 617 865 541 843 340 264 386 515 353 400 627 208 13 848 8 219 564 782 236 56 48 469 497 208 149 801 408 878 892 886 528 986 646 994 26 838 655 903 938 910 389 435 667 545 975 526 253 191 793 328 711 929 691 101 39 396 498 452 330 241 14 479 224 620 180 115 116 152 770 726 860 11 872 72 132 995 531 459 515 389 776 198 575 434 903 962 151 129 457 601 6 2 237 997 161 146 506 871 514 886 326 114 415 778 
833 171 485 628 924 3 336 290 660 669 417 57 36 646 706 365 819 55 418 889 608 994 30 666 440 711 572 521 120 337 763 1 640 880 429 897 992 890 954 807 729 548 275 617 167 213 922 845 855 558 774 757 586 709 905 959 786 759 325 112 250 260 385 783 166 363 46 532 510 311 517 839 399 798 80 272 465 533 215 603 134 374 694 460 911 826 392 695 465 432 392 187 120 341 147 960 781 913 955 39 183 492 137 968 128 584 328 566 672 11 968 49 946 101 855 53 638 251 871 421 647 175 288 534 624 136 558 507 371 705 429 566 110 304 908 526 810 383 233 738 860 828 810 316 685 386 362 429 860 460 503 437 786 422 807 121 151 988 416 935 676 825 366 334 593 368 876 230 201 888 558 292 229 335 461 482 371 833 473 313 708 589 857 40 459 395 593 874 220 894 602 344 366 154 844 732 696 636 723 766 333 553 780 803 466 188 397 4 2 556 276 803 110 777 355 113 382 913 680 322 1 354 373 579 850 343 228 870 423 340 794 622 849 499 80 86 146 429 401 602 779 313 320 506 335 187 486 786 670 911 21 911 590 541 187 806 58 391 640 617 264 610 252 165 355 10 841 163 249 669 186 216 414 555 365 987 728 578 798 526 449 496 368 454 812 456 764 612 167 875 863 715 906 187 92 123 469 824 89 470 593 700 157 37 161 467 557 680 572 112 5 211 371 464 88 394 265 325 782 986 77 522 132 364 49 245 68 976 78 228 600 347 608 87 567 265 709 758 941 810 160 199 398 477 510 177 356 105 629 630 557 302 68 417 967 904 674 289 373 769 309 787 697 915 531 954 967 305 866 599 89 680 701 590 185 294 952 720 986 243 247 210 76 508 222 346 35 226 497 810 629 549 579 11 242 978 134 62 705 898 128 214 606 170 949 759 928 80 44 633 149 733 375 196 83 801 389 353 807 232 286 140 768 858 51 143 780 127 191 674 298 512 822 685 616 999 879 311 12 426 155 462 50 807 96 801 318 811 513 681 547 17 577 334 157 82 490 968 18 478 15 800 664 452 167 893 460 362 163 88 316 651 73 870 93 973 354 176 925 649 390 373 955 804 791 770 95 896 995 343 22 131 637 194 575 375 107 629 202 355 
201 395 561 125 542 574 287 892 834 15 406 102 598 540 582 523 755 281 408 246 870 246 551 852 974 575 740 519 981 662 692 782 975 885 946 473 481 603 123 321 497 649 388 216 971 483 523 631 388 55 10 104 879 780 601 132 578 17 194 542 561 787 882 671 149 702 903 654 680 492 816 749 130 28 646 574 979 396 1 526 855 579 868 142 900 13 605 475 679 90 826 808 696 45 569 110 270 987 331 80 229 461 189 435 38 859 903 615 381 729 283 844 659 625 834 101 588 408 461 508 965 625 350 129 829 998 700 310 548 296 234 592 30 568 932 895 664 493 223 558 693 623 344 246 247 721 196 429 241 474 201 563 847 349 792 529 371 71 593 493 354 668 797 752 360 421 516 275 800 397 969 894 296 333 89 232 18 567 29 672 549 280 94 417 994 264 64 866 687 605 657 60 413 853 606 89 716 811 688 238 873 262 299 682 11 944 209 920 571 295 771 251 279 496 227 57 127 610 285 77 690 343 291 702 515 533 634 798 200 969 554 43 173 931 51 737 280 43 618 469 591 636 931 460 746 724 854 697 708 31 828 427 465 825 206 913 131 351 624 597 879 584 574 55 51 729 568 103 338 235 711 381 800 848 250 517 831 205 786 195 937 454 764 346 546 571 567 924 747 278 192 871 366 640 325 854 234 22 179 979 908 658 635 31 486 216 500 665 627 398 992 571 979 517 656 516 203 649 598 473 839 327 612 827 807 695 154 939 235 43 583 612 791 737 532 725 273 688 958 827 764 934 114 934 704 345 883 949 349 389 457 776 273 21 160 500 128 597 976 653 150 37 684 4 581 667 539 477 284 990 863 202 179 85 792 959 830 668 890 694 574 896 4 346 15 454 212 364 255 136 550 24 897 887 970 515 564 322 628 188 380 670 189 364 327 241 149 992 7 352 707 284 612 79 696 19 599 764 730 510 360 335 258 172 616 438 151 389 295 241 497 179 100 851 69 427 944 723 59 844 986 696 1 151 929 495 341 674 84 486 138 761 192 71 723 910 902 304 333 27 481 495 348 348 295 7 19 2 177 441 39 855 414 779 394 845 631 984 95 91 676 120 781 824 985 185 832 186 170 735 572 258 123 667 164 368 915 483 388 347 
450 890 793 190 799 671 339 121 109 560 172 933 201 562 583 846 795 774 381 928 118 888 877 591 284 107 508 632 946 994 259 536 795 542 870 319 796 211 10 104 521 754 916 812 365 765 338 526 37 826 942 691 408 89 859 410 526 225 688 847 802 716 433 51 320 133 58 872 408 827 900 282 358 996 369 904 852 806 538 248 611 195 323 965 533 527 896 183 819 555 274 513 705 347 676 736 295 107 78 437 427 773 881 844 476 108 339 275 948 823 909 357 480 624 702 128 103 763 423 250 985 628 837 183 98 976 644 422 879 284 101 111 609 224 607 264 522 490 124 584 826 331 43 601 972 537 193 560 367 704 124 166 616 91 534 773 694 57 236 300 293 126 805 999 54 40 885 168 964 55 653 739 656 11 627 981 273 959 248 383 963 10 444 90 944 143 577 188 964 120 493 283 856 345 766 726 959 315 330 188 383 227 997 172 91 245 777 696 547 212 949 36 546 916 719 825 840 338 416 235 860 894 37 265 289 28 653 338 413 738 133 203 53 694 160 154 739 912 238 104 864 919 400 876 982 243 572 614 502 705 585 809 797 908 249 400 713 748 434 394 400 734 836 759 25 221 155 22 617 8 425 388 388 134 481 899 538 654 683 110 930 717 64 887 836 140 670 401 729 834 858 615 824 744 850 934 327 858 227 640 225 693 11 626 691 383 92 635 403 652 292 64 128 238 939 452 627 815 155 516 648 71 384 313 907 394 423 550 805 273 540 424 74 527 874 112 696 201 825 845 176 691 197 280 395 575 765 86 796 786 126 962 255 56 2 600 110 124 91 330 83 310 665 851 319 403 403 893 850 467 212 871 155 542 85 65 206 612 651 105 564 420 168 482 751 4 968 264 698 901 648 486 529 165 20 774 11 105 900 734 411 181 968 443 160 539 462 147 851 819 380 254 720 445 161 995 728 338 823 171 624 311 677 961 644 398 34 479 48 692 715 559 485 176 362 572 383 521 825 495 232 973 630 195 875 764 812 197 461 682 818 98 648 596 220 540 28 154 912 488 108 752 195 978 736 923 380 267 885 456 49 285 315 204 581 181 383 273 328 450 609 709 585 764 6 601 705 999 985 339 659 322 349 465 559 518 928 128 681 404 
981 498 969 121 511 147 173 568 52 182 316 512 150 787 845 855 211 355 960 242 706 423 245 427 627 466 457 358 462 201 332 653 278 225 615 59 818 754 955 71 284 889 58 767 856 978 23 956 213 440 668 817 630 526 507 88 748 966 20 510 176 675 302 230 347 906 186 41 301 975 784 118 744 705 986 486 133 995 520 238 397 34 371 972 595 261 481 821 115 412 193 295 268 486 523 82 327 93 469 988 206 549 657 895 525 563 936 911 979 595 348 120 839 953 669 625 396 819 151 699 593 937 845 345 275 716 993 643 262 540 919 913 448 819 323 336 242 570 540 238 149 14 374 454 106 813 836 349 795 824 889 42 497 638 771 215 100 337 87 453 130 619 491 480 902 917 982 946 420 615 530 246 843 779 620 645 96 858 836 855 794 986 172 308 278 224 171 323 695 480 168 193 84 818 540 388 630 244 460 87 26 971 195 343 985 476 814 842 17 257 634 971 755 514 917 121 910 865 332 666 829 658 296 365 913 340 427 103 886 639 975 342 107 187 592 383 540 610 645 853 771 720 189 331 800 13 218 350 790 253 56 25 871 954 66 430 696 625 996 862 80 795 379 43 505 835 985 876 330 455 768 400 423 150 937 8 413 729 375 516 461 395 851 727 359 301 53 31 809 81 954 982 988 962 520 132 945 711 557 692 875 758 863 294 565 462 164 320 353 967 796 639 87 137 513 268 90 294 48 744 804 886 236 403 804 282 811 551 835 531 360 209 884 674 575 737 92 21 629 230 822 300 605 609 653 832 211 710 534 738 767 480 254 502 839 986 717 588 564 811 365 474 191 656 583 573 647 344 387 537 837 690 518 256 379 63 244 805 81 527 423 902 802 421 793 592 389 411 175 544 411 995 849 466 248 244 759 975 849 84 207 640 819 710 787 714 129 589 159 118 366 939 887 494 306 188 381 750 336 941 632 253 790 651 721 589 242 366 195 133 708 122 508 904 130 258 775 187 657 661 619 683 219 455 449 559 749 193 574 239 342 823 932 416 96 903 867 676 25 847 603 755 892 461 853 900 375 959 279 570 691 496 592 763 471 172 226 593 529 39 609 370 178 793 34 672 731 85 786 516 742 53 560 837 758 946 208 325 702 272 
956 133 610 542 55 789 788 996 544 861 980 692 291 80 114 545 69 946 407 160 490 39 497 596 619 478 884 159 952 609 54 443 415 255 912 704 161 843 713 448 436 611 750 554 61 649 413 988 161 372 719 88 766 365 918 512 473 866 702 458 817 307 132 985 254 760 855 266 495 640 12 117 154 118 833 658 308 212 99 298 363 657 886 747 434 155 951 897 214 998 276 771 186 62 414 162 856 114 364 921 43 991 155 747 472 4 645 990 617 776 991 816 87 243 858 509 489 993 863 1000 187 515 890 939 904 246 192 102 11 609 460 321 907 975 906 754 511 764 946 244 163 613 132 437 337 507 47 462 636 740 312 611 670 244 559 7 833 721 535 797 96 444 955 900 223 530 113 480 46 140 779 939 57 524 435 333 618 658 808 674 92 354 160 780 934 137 320 566 241 341 261 464 139 205 591 172 318 470 198 62 254 250 185 628 495 204 413 529 527 354 819 951 658 139 422 795 743 491 175 639 920 660 577 415 525 625 195 923 458 577 865 828 614 919 49 462 504 972 335 212 441 177 291 847 690 168 850 966 970 136 472 470 955 352 184 741 480 92 841 135 183 366 929 693 859 698 338 574 751 635 999 106 756 832 200 496 430 877 95 533 217 802 848 330 657 982 155 695 88 971 577 443 633 719 389 651 566 672 434 843 994 264 755 801 886 38 406 270 843 202 463 33 532 174 492 404 525 404 436 189 883 575 924 658 651 170 833 900 987 946 702 529 852 486 728 887 906 35 404 902 351 777 485 626 652 830 709 462 960 671 492 35 671 291 359 89 240 981 513 771 223 979 737 385 463 670 812 162 399 703 230 264 960 600 567 353 170 835 551 110 885 225 769 30 521 425 265 354 342 334 788 839 89 406 214 119 173 93 285 268 19 540 160 128 94 744 975 776 881 190 617 27 776 419 288 4 233 311 543 10 14 969 580 941 908 93 843 278 654 535 745 581 792 319 495 183 309 92 329 457 512 294 903 600 243 529 835 569 461 962 906 648 759 896 217 371 929 779 101 75 814 583 582 728 191 486 544 332 354 693 171 564 59 470 831 58 42 362 286 86 925 330 808 652 50 112 820 199 845 655 405 747 305 177 638 233 906 667 448 513 
274 340 901 498 35 286 369 324 777 671 640 43 818 675 635 695 60 912 455 861 947 318 726 727 431 518 538 953 37 179 950 462 294 503 379 825 976 491 654 639 55 480 293 232 966 273 578 636 218 194 360 597 747 990 379 100 9 828 581 409 389 224 602 963 698 227 500 807 794 947 375 450 374 156 428 991 953 599 722 239 53 830 857 158 712 499 51 520 210 715 168 324 541 870 131 732 900 956 916 524 493 871 2 540 412 528 759 396 715 967 901 183 597 229 259 406 304 985 361 340 834 209 648 231 18 290 881 694 391 445 967 341 731 230 598 343 349 3 605 665 22 113 756 615 477 417 601 931 998 672 604 171 537 307 468 749 724 971 898 493 405 391 179 947 715 241 321 887 75 369 924 308 55 809 607 866 789 538 815 24 468 690 267 449 45 547 471 394 53 380 974 108 531 740 516 901 343 967 429 291 682 934 869 238 212 338 294 123 58 793 902 937 792 963 830 789 616 157 479 241 512 605 286 813 836 184 682 939 890 760 926 457 656 502 594 367 865 644 65 677 789 161 371 722 933 900 764 347 422 774 955 956 254 154 635 169 402 730 196 669 342 132 913 17 124 772 51 329 960 188 219 825 222 21 881 778 598 593 651 44 25 520 766 123 160 407 834 76 970 9 284 330 320 638 787 99 840 410 156 685 13 416 786 699 428 73 840 493 931 141 726 279 227 367 343 622 806 135 582 910 468 826 1 457 220 648 681 347 294 330 165 240 696 840 441 802 368 485 549 460 239 182 417 350 489 594 553 769 553 105 841 273 504 521 929 255 359 59 865 988 612 641 669 134 617 245 938 858 472 113 129 297 840 343 990 142 908 543 70 725 979 652 428 202 38 421 857 785 690 844 857 782 476 594 442 935 921 884 169 11 121 980 54 639 422 151 251 384 761 276 32 486 314 642 306 641 129 233 47 388 964 844 509 536 413 701 639 802 195 349 95 767 262 351 352 231 602 209 770 519 774 430 691 420 26 780 757 15 651 295 434 890 560 263 986 99 219 607 84 119 596 361 32 127 883 253 571 168 489 242 399 947 803 175 23 59 381 648 737 563 51 337 874 148 446 674 136 731 969 280 354 605 961 395 265 123 570 192 582 36 
792 105 673 102 202 294 135 269 590 714 822 816 918 212 244 781 910 997 859 488 220 644 642 931 362 35 636 575 899 895 485 65 275 521 768 277 114 646 177 761 484 767 395 244 723 344 894 813 939 855 948 277 909 603 170 716 97 772 460 429 846 887 893 80 86 408 234 100 801 240 939 547 158 668 278 733 908 737 332 686 668 794 977 452 880 399 79 330 244 60 280 50 821 995 909 202 867 943 140 533 537 800 740 967 485 106 153 684 44 396 597 605 38 302 647 49 61 670 819 319 860 566 759 344 644 991 519 106 844 217 167 288 243 897 712 935 444 821 881 751 421 482 321 92 174 454 127 76 400 315 911 817 99 893 317 206 178 715 765 336 916 566 660 32 846 594 500 160 623 95 614 933 61 227 485 15 594 910 121 35 888 947 406 290 829 516 57 602 90 100 74 19 505 982 323 358 130 614 487 373 448 937 147 368 883 821 251 358 295 755 982 427 601 327 180 111 567 368 913 668 294 424 656 825 542 742 65 66 685 665 141 601 954 338 436 997 596 22 63 228 29 294 529 130 208 649 935 737 896 581 631 923 441 581 425 759 106 401 403 918 104 201 444 176 203 804 845 781 983 493 663 303 579 761 688 155 735 852 28 678 39 483 938 887 571 841 136 522 453 573 652 505 196 360 503 565 357 532 6 229 700 950 599 823 608 190 973 829 58 981 468 713 896 77 435 735 728 150 368 738 130 766 287 455 640 178 872 758 456 472 901 641 397 672 141 248 314 528 251 939 430 965 297 7 592 470 469 834 558 166 428 602 510 72 516 443 664 74 472 953 655 327 996 555 940 797 770 155 709 355 224 193 38 423 610 20 961 168 735 890 276 422 738 159 783 996 118 864 863 612 418 113 928 518 956 148 490 910 780 227 380 739 876 907 828 701 996 461 964 105 642 373 741 539 306 954 769 781 646 644 761 216 490 456 924 31 652 303 91 897 925 857 145 224 317 437 303 221 913 252 400 322 447 454 262 218 409 126 620 236 304 5 339 107 423 56 14 365 570 116 259 320 365 522 639 313 594 72 90 386 50 641 325 826 155 637 908 452 661 343 710 299 5 963 406 648 696 476 159 887 484 889 842 43 217 209 683 727 146 521 
125 647 110 562 212 64 813 263 496 491 274 991 853 43 541 435 675 544 889 529 148 860 148 346 910 171 462 679 991 85 750 101 938 491 899 792 979 202 761 16 586 127 561 172 913 381 42 882 459 866 117 659 775 781 766 499 789 595 417 335 608 903 549 495 483 708 636 599 201 925 564 547 466 409 954 794 55 848 20 836 882 211 10 744 814 412 839 721 559 889 687 764 69 527 726 946 962 768 881 27 305 72 286 464 49 785 991 698 23 547 10 259 225 231 521 871 920 1000 418 727 694 547 48 182 504 282 79 971 97 986 584 488 815 630 371 72 291 729 461 218 693 779 708 873 775 102 517 883 174 982 764 507 449 141 644 962 256 271 407 473 579 717 86 659 392 346 465 949 57 422 195 208 30 537 681 300 487 21 392 888 931 63 744 229 742 750 369 177 873 618 905 875 22 545 359 291 240 737 742 912 763 686 100 125 382 475 459 462 433 807 908 54 38 831 15 778 150 236 232 743 976 750 171 951 638 77 535 41 781 506 186 261 714 521 609 297 843 428 316 762 161 220 995 353 697 421 924 726 717 593 863 657 869 799 828 595 178 363 589 298 936 55 24 61 836 55 381 743 282 754 845 153 958 929 648 63 774 56 243 802 508 3 86 982 72 67 460 369 873 832 695 216 8 245 291 734 591 285 893 628 469 594 721 761 936 562 6 422 951 342 723 984 776 4 366 590 484 180 691 392 227 62 432 842 542 905 984 975 781 528 615 462 248 688 84 177 774 570 782 410 907 950 634 902 901 872 368 871 250 858 921 927 262 132 776 13 284 350 666 967 731 786 156 892 335 533 455 109 460 298 940 654 694 776 692 336 243 65 603 558 494 498 825 530 768 905 701 169 284 374 293 245 501 400 927 538 299 3 82 412 136 789 944 352 880 437 956 325 168 191 150 173 920 22 156 12 486 509 4 641 703 87 805 89 457 447 609 478 881 28 854 449 925 807 125 597 752 303 289 222 580 216 586 666 574 462 429 308 506 514 930 109 360 153 511 334 57 381 21 69 867 995 8 807 616 568 924 357 18 631 641 579 121 418 884 49 453 378 252 424 93 857 521 330 16 370 260 726 41 738 745 158 666 958 158 141 174 15 554 585 
794 254 174 356 84 955 146 399 145 814 824 555 612 380 450 29 614 958 998 789 215 782 674 801 467 48 413 207 606 653 952 750 78 258 387 678 173 95 648 584 312 923 0 453 671 400 443 799 622 97 67 703 463 607 484 792 506 393 830 513 777 961 250 156 501 71 15 376 982 770 563 697 866 634 760 494 156 188 202 381 288 774 452 485 413 714 115 631 995 914 797 508 758 623 828 169 391 83 265 313 657 184 284 29 852 972 737 820 44 154 137 996 259 75 799 875 935 223 299 666 743 362 191 217 689 948 233 667 739 336 896 708 135 107 360 797 862 340 109 132 317 206 912 276 992 928 712 455 187 197 385 236 616 237 912 112 126 773 999 427 748 227 568 974 558 655 92 63 761 821 351 121 864 429 166 260 721 620 527 834 946 249 562 478 580 411 461 579 723 828 223 88 745 811 574 303 161 766 326 695 506 73 672 595 0 240 95 474 789 759 210 223 171 48 560 3 251 759 43 255 480 595 477 362 728 732 318 538 709 268 440 725 247 723 584 606 976 471 732 649 326 948 750 523 634 243 205 631 488 785 81 45 862 432 900 859 707 220 260 261 41 186 10 799 228 532 225 591 356 862 903 571 79 47 177 406 376 709 589 634 929 419 410 913 425 590 676 324 901 566 611 702 455 507 53 722 695 858 391 183 185 63 2 631 314 973 871 763 947 239 384 482 665 941 434 908 310 881 454 77 476 468 916 82 252 550 502 32 714 83 537 666 93 113 367 838 583 67 394 717 70 614 540 562 152 91 769 36 876 277 917 903 893 781 873 852 451 882 391 354 967 583 683 715 955 900 885 976 627 710 617 259 837 253 521 645 321 60 248 432 835 42 677 119 554 743 503 849 262 931 14 144 467 799 598 589 944 821 114 976 122 62 338 41 893 943 343 666 464 98 150 16 568 919 845 821 444 746 894 717 308 96 765 90 787 734 996 506 685 554 760 860 3 678 543 135 286 528 902 366 518 943 612 487 744 915 934 338 567 69 316 454 489 991 31 999 359 469 274 219 728 436 206 973 671 832 195 338 950 299 639 66 904 152 916 716 949 193 717 500 704 481 734 784 336 667 49 363 811 466 703 896 384 876 732 390 143 825 338 977 
398 807 981 639 221 244 876 877 495 487 262 709 302 928 527 374 525 86 279 430 444 491 251 823 412 704 909 685 696 399 206 787 473 852 231 654 57 848 416 204 877 440 2 877 981 627 583 287 955 505 202 891 370 958 79 262 491 703 628 260 509 43 95 100 686 668 250 969 285 494 665 980 727 857 744 149 652 593 291 408 50 483 341 231 680 510 490 7 21 724 956 917 830 211 636 199 261 468 269 364 984 69 965 36 222 148 279 112 680 67 721 197 330 559 530 905 850 710 909 880 919 493 497 464 98 635 84 566 939 819 933 110 300 845 671 454 446 80 189 851 835 759 259 377 993 428 155 440 679 602 867 342 592 870 717 989 564 271 525 633 418 911 816 848 726 198 72 910 511 87 529 766 47 195 846 387 63 65 297 482 461 539 570 693 884 632 769 334 530 223 768 636 391 966 382 610 590 322 382 289 740 786 886 7 134 559 842 682 58 132 884 614 237 947 359 917 552 962 878 124 30 400 750 361 232 176 476 406 309 44 881 61 424 70 945 997 660 276 11 310 317 357 215 930 700 829 20 415 405 981 923 655 9 587 864 760 471 692 608 979 837 330 273 115 359 965 423 868 281 796 787 224 431 342 422 866 821 641 586 875 591 656 713 410 825 897 654 86 3 573 526 169 287 665 699 480 952 97 697 151 480 888 316 932 223 866 548 12 969 69 716 7 813 104 540 295 828 665 100 115 959 803 829 124 199 761 956 136 568 634 937 727 722 606 479 894 155 376 101 725 90 668 848 594 849 910 461 494 136 90 657 581 288 950 532 982 912 510 608 353 801 997 22 88 583 215 311 284 897 959 518 543 333 488 846 728 937 417 649 198 492 802 27 744 555 548 881 426 474 378 896 208 964 851 420 770 279 353 582 753 996 274 979 197 903 990 547 307 530 644 196 228 456 479 18 49 40 583 986 403 922 608 970 792 388 382 509 975 787 918 89 644 665 804 186 631 435 245 251 798 504 956 405 745 128 847 453 19 271 975 328 573 219 251 165 562 629 510 36 442 814 567 647 488 47 115 378 98 220 96 559 923 52 554 367 718 341 63 606 299 439 752 213 17 829 197 440 610 666 434 189 245 121 803 837 409 126 102 343 410 
4 730 395 318 299 989 102 523 86 239 987 711 396 93 166 196 914 451 661 857 845 335 481 300 474 65 686 781 220 102 334 27 634 787 642 742 606 109 109 299 53 715 775 246 160 690 131 81 539 648 611 618 475 124 174 66 229 399 151 771 256 572 694 505 361 161 33 269 403 360 220 82 674 258 515 841 816 630 185 986 68 615 901 397 53 868 182 256 690 164 98 927 783 124 474 475 608 859 330 725 303 427 964 711 512 770 965 770 99 412 30 901 49 244 689 162 225 791 917 704 988 633 41 375 341 160 245 69 894 871 165 144 905 205 793 100 30 102 136 975 256 759 99 314 355 899 359 629 485 372 898 241 96 514 481 934 44 498 371 124 709 626 682 829 701 383 790 33 265 704 735 564 151 667 794 348 510 362 708 650 290 371 605 509 974 313 312 159 894 11 848 29 906 541 679 681 27 840 258 510 538 876 583 779 371 820 77 300 418 298 476 455 284 382 333 131 435 185 872 938 448 263 899 675 947 741 788 215 550 930 100 120 79 880 290 201 295 631 464 767 491 515 108 213 666 929 901 991 249 624 74 437 871 503 46 820 641 48 278 78 809 939 621 136 345 324 841 517 155 297 67 70 183 859 988 680 90 13 123 306 623 638 913 611 841 999 204 638 575 262 44 84 38 934 53 997 878 518 579 589 532 387 941 709 557 826 376 373 545 689 878 357 28 764 697 239 897 110 575 297 37 835 62 316 232 741 741 744 453 673 42 427 443 76 64 560 736 340 698 247 335 206 775 23 210 78 538 299 576 363 585 677 193 857 363 963 310 748 175 378 557 308 625 634 813 592 261 543 802 293 809 356 189 766 846 571 803 355 274 76 288 635 370 14 768 852 281 319 113 385 126 724 123 707 595 420 73 56 622 674 54 718 380 531 859 865 890 731 903 884 207 860 265 416 788 952 798 157 755 188 945 588 191 143 742 880 276 414 391 892 865 667 842 806 340 758 735 921 69 95 87 494 497 340 399 397 309 63 711 861 355 432 493 593 545 498 359 257 346 663 137 856 702 60 873 652 36 281 647 552 587 302 517 339 575 202 405 869 985 943 593 318 77 462 97 171 665 337 453 728 246 482 555 784 868 193 31 191 674 422 
813 281 896 812 966 762 187 316 529 865 912 201 49 957 27 255 330 887 791 675 135 109 451 433 349 338 977 945 647 766 871 487 569 95 865 948 126 778 346 613 267 167 999 445 129 464 273 471 565 17 124 586 378 77 378 474 883 448 283 18 908 978 244 709 864 741 39 737 233 196 45 380 942 692 796 978 462 992 316 954 277 636 582 469 682 465 448 679 514 355 866 442 867 583 987 246 840 630 854 358 991 17 514 787 220 975 127 772 452 685 554 184 838 616 934 794 455 516 901 869 260 263 190 891 888 450 23 420 121 955 878 986 822 634 19 129 917 969 293 787 995 239 507 411 614 932 766 228 908 909 537 154 997 614 791 680 562 640 760 577 215 936 281 944 925 658 986 965 366 91 574 641 800 103 318 142 336 71 113 266 607 210 998 58 737 639 937 787 455 738 805 167 840 391 572 300 173 789 65 595 192 843 760 28 430 959 580 887 550 723 500 516 776 435 962 415 724 195 648 577 513 203 888 240 742 504 173 336 30 892 173 860 966 494 885 964 908 33 121 87 836 978 917 767 910 411 169 71 537 325 729 209 992 771 118 139 516 65 246 627 348 802 574 609 756 162 48 425 267 566 212 672 966 231 671 178 14 176 490 965 828 180 1 210 737 310 85 813 276 190 934 597 374 342 760 57 379 237 379 580 142 338 259 197 139 952 989 773 933 722 318 558 304 835 277 613 14 134 709 202 861 738 544 211 898 959 247 49 952 435 487 88 939 953 562 718 78 728 860 539 578 888 897 905 318 902 806 145 843 513 650 349 510 527 874 526 907 322 517 772 918 719 421 141 514 166 204 114 315 746 68 897 243 341 992 814 649 785 984 307 440 767 522 175 676 644 309 709 23 390 194 965 459 233 700 932 580 822 475 186 989 10 991 966 540 64 393 453 554 485 551 616 607 894 389 318 694 167 224 31 595 765 887 289 224 400 775 450 939 938 891 830 134 324 332 682 593 984 830 29 808 944 431 461 622 537 793 272 763 177 793 294 684 669 951 367 882 297 595 438 466 848 912 154 320 676 592 860 874 156 489 963 335 35 231 779 918 792 934 997 304 918 845 705 514 459 26 915 912 685 471 184 182 847 211 355 209 778 662 120 
260 348 201 485 676 744 702 430 284 182 52 997 3 659 420 252 7 163 577 541 19 803 725 955 70 842 44 774 122 623 567 890 193 265 289 597 643 222 586 38 909 250 173 837 987 86 472 498 778 766 842 758 989 911 688 753 89 512 30 181 772 977 539 79 999 16 730 108 273 486 472 409 99 30 34 740 822 276 185 381 490 78 212 374 514 621 255 263 513 81 662 586 316 585 55 900 254 769 664 354 885 754 559 812 25 771 375 726 739 133 726 785 518 128 404 537 153 440 630 406 65 986 890 707 683 236 742 54 235 28 262 718 441 534 645 182 564 876 227 539 468 69 360 369 443 10 60 327 237 940 188 541 647 72 776 570 831 411 824 516 735 874 19 409 217 419 977 862 809 192 259 501 16 548 995 918 696 152 626 881 640 439 222 613 384 574 675 657 933 222 851 718 877 632 77 643 628 416 607 382 923 54 486 887 501 792 785 803 88 275 29 237 273 79 840 744 532 790 688 911 656 868 613 924 837 303 549 17 872 594 708 792 461 152 493 816 506 114 255 198 848 215 767 171 615 256 60 378 276 798 179 111 908 676 255 397 767 377 936 500 880 301 300 12 179 776 796 481 371 708 1 449 568 621 341 882 533 825 881 22 733 1000 576 881 173 970 389 666 763 693 480 124 451 301 867 122 499 624 177 902 60 649 13 335 882 900 126 640 131 96 152 876 494 191 820 712 191 508 397 763 717 436 20 785 250 873 567 388 754 534 992 813 636 833 915 443 994 471 457 545 190 433 828 682 161 868 162 199 830 842 190 802 529 681 5 634 31 567 685 211 167 518 784 139 435 973 869 562 373 477 464 89 14 73 999 242 51 449 228 739 647 574 586 509 360 359 682 803 83 575 91 488 227 506 628 30 313 653 152 569 842 457 51 280 937 692 342 201 656 396 311 969 718 340 348 237 170 345 339 402 76 491 78 988 229 641 321 276 814 489 641 827 484 822 921 930 318 766 675 54 874 150 177 110 450 947 30 928 742 565 740 353 890 394 870 747 827 780 611 432 275 415 199 782 845 616 104 148 703 621 680 838 337 538 953 84 205 163 876 983 883 666 914 906 999 158 696 511 424 304 525 32 40 282 105 247 244 428 76 130 
107 946 277 113 644 23 686 23 520 889 509 33 679 814 576 399 463 27 385 429 767 338 369 620 46 504 731 987 666 62 947 815 112 921 202 403 129 277 263 308 802 679 882 377 438 206 415 772 924 815 66 993 46 425 49 907 591 949 135 440 363 224 822 944 967 15 521 57 644 168 817 645 59 598 159 943 898 624 402 756 965 645 167 721 233 171 7 960 444 866 310 578 438 878 464 720 8 255 928 795 752 549 328 883 925 835 900 421 990 573 721 332 523 536 15 297 758 63 270 312 138 771 135 113 302 226 941 42 852 552 189 35 311 957 445 24 133 377 716 890 137 592 574 279 342 959 851 14 271 419 300 158 527 984 197 447 594 74 252 930 262 146 729 667 210 75 5 515 950 468 722 852 878 61 549 119 917 648 958 915 595 114 526 794 744 294 42 41 750 331 260 768 937 943 472 232 193 263 237 597 223 582 951 301 124 918 670 925 349 460 846 835 102 83 191 430 599 37 305 513 978 755 663 706 88 169 987 50 232 273 404 572 399 728 253 803 125 155 451 392 620 548 113 549 199 377 130 893 492 512 151 910 688 860 334 81 563 906 668 50 204 119 686 969 245 384 769 513 711 181 855 124 395 33 661 275 226 837 964 127 867 363 782 912 137 702 371 7 144 390 23 878 682 891 215 242 377 149 959 689 1 465 860 863 473 965 5 586 516 237 582 760 178 360 609 923 486 991 786 281 216 621 228 166 59 139 5 529 897 242 98 28 171 567 956 21 361 635 858 716 258 989 788 709 820 357 942 697 822 1000 43 895 809 953 361 769 854 677 817 579 73 540 221 446 733 993 973 261 544 550 49 562 234 244 970 41 504 925 394 798 893 96 619 95 340 350 701 760 997 191 120 625 452 212 271 280 126 40 517 836 722 583 464 386 107 595 858 182 985 607 282 986 216 525 637 617 851 58 95 734 398 554 754 226 372 843 476 785 419 835 180 37 487 992 790 724 892 421 919 153 866 171 662 883 866 530 334 6 937 317 552 70 107 341 777 509 336 803 32 994 434 232 763 669 9 722 669 551 99 837 488 370 416 817 419 437 387 522 1000 186 783 990 559 552 596 699 171 542 870 641 476 721 250 150 316 373 895 569 798 474 
712 574 56 588 595 13 132 797 587 97 754 143 112 163 687 90 348 620 83 743 822 367 207 271 411 231 196 926 684 505 657 861 609 744 429 706 512 367 114 436 663 590 30 481 573 855 338 540 466 541 279 761 362 701 753 894 918 8 990 436 168 925 506 346 424 34 214 506 343 751 312 42 30 263 774 598 43 976 843 348 531 486 994 66 14 561 159 549 366 819 865 661 99 334 666 917 625 696 358 914 388 164 839 740 338 470 765 215 879 67 196 58 344 64 441 222 38 667 509 44 311 900 977 413 630 289 949 991 582 550 860 855 610 262 385 575 868 478 611 34 878 854 780 360 730 617 656 469 739 351 238 257 383 278 812 13 237 303 815 782 664 735 717 713 478 63 486 629 211 670 836 865 905 836 343 599 74 283 249 979 328 588 98 545 815 642 289 271 39 626 828 58 589 74 813 267 222 460 478 572 128 753 153 688 671 770 969 504 993 641 432 649 979 819 530 217 342 970 177 115 739 986 479 991 243 355 360 591 800 424 789 386 111 673 55 813 253 319 237 784 434 182 11 438 755 314 455 892 840 441 761 259 994 368 989 278 627 879 614 281 214 810 496 167 365 47 76 427 456 347 955 164 699 55 52 263 702 394 676 206 817 489 505 134 804 126 125 142 919 580 421 484 521 355 891 74 323 313 54 874 236 452 666 747 387 167 754 227 529 379 841 785 342 864 647 505 456 512 606 19 53 756 77 905 349 492 658 471 792 625 708 715 88 862 47 581 931 805 683 327 453 54 13 99 323 16 144 293 190 229 712 186 956 995 305 750 35 225 352 170 829 967 480 401 45 814 712 664 236 187 514 801 115 428 875 360 210 527 531 572 154 224 918 148 969 770 889 47 571 693 225 761 215 371 165 172 996 82 939 9 933 531 976 583 618 4 213 236 869 178 875 299 795 33 741 398 926 566 631 171 559 176 328 126 181 323 528 18 90 906 701 948 315 32 607 857 112 673 397 716 567 858 404 910 800 450 614 999 293 116 817 870 451 268 892 901 82 956 441 223 973 462 990 578 368 529 513 340 418 460 303 411 704 285 574 558 602 961 126 109 471 553 40 785 957 962 933 429 846 399 824 970 405 633 659 888 635 867 364 587 
77 608 892 451 416 468 301 957 80 714 657 583 387 530 942 360 399 457 371 935 625 603 587 672 627 275 532 244 211 95 298 783 630 886 141 293 103 228 438 983 775 34 147 543 241 964 304 940 801 962 821 992 789 318 5 643 331 442 814 360 427 460 635 30 564 90 478 23 964 360 190 997 829 389 79 970 82 936 186 180 10 862 360 152 799 497 324 116 47 544 131 657 198 836 745 167 286 29 668 96 901 332 818 551 513 146 25 911 606 182 709 511 802 85 656 976 264 805 287 758 796 514 315 497 10 66 341 775 771 759 756 327 801 215 80 77 204 993 48 989 397 646 182 792 582 428 783 880 940 687 114 226 351 678 167 578 864 512 201 834 505 361 299 925 439 115 992 205 551 445 745 255 529 30 444 258 664 32 757 353 16 801 679 172 505 623 355 15 830 555 388 578 181 721 509 802 716 14 226 321 306 695 651 429 722 628 435 298 665 26 20 623 748 65 110 432 896 774 212 472 788 653 900 901 287 723 979 110 944 581 140 391 520 667 450 782 968 126 370 266 775 247 866 973 456 44 757 647 254 951 865 788 931 68 639 772 24 60 924 329 283 106 619 356 494 272 289 448 822 798 832 412 3 720 654 961 698 9 604 816 143 723 358 94 582 122 576 785 781 282 887 792 747 748 516 696 862 18 123 253 921 17 741 498 66 424 70 86 51 997 306 562 614 286 604 734 831 402 507 33 558 592 117 472 886 536 433 486 488 754 600 23 56 456 673 618 913 634 766 321 755 707 852 798 361 725 259 629 147 66 737 434 611 790 800 313 851 596 866 490 56 53 363 778 966 845 128 170 328 872 760 992 936 749 648 101 839 298 372 537 624 919 1000 554 853 654 836 990 183 977 792 390 544 866 640 50 343 528 952 111 248 313 329 160 195 415 745 700 9 696 825 535 247 470 228 61 265 541 64 80 49 836 444 593 236 944 750 989 592 382 562 322 366 178 269 76 808 24 88 910 990 771 579 692 133 416 489 725 919 649 652 245 412 794 516 223 780 848 461 729 28 731 872 206 0 604 388 297 185 358 208 109 678 594 452 930 265 349 986 843 788 459 56 400 878 318 500 821 902 615 61 652 49 88 269 774 631 2 540 23 
421 171 998 569 854 265 282 244 569 735 637 295 942 701 776 692 573 521 678 756 822 152 266 572 188 696 91 82 410 71 167 498 360 174 2 812 404 832 70 268 201 931 599 515 78 301 185 726 433 948 357 286 981 682 828 162 177 673 79 956 452 348 990 909 431 106 724 433 227 174 123 994 546 26 975 577 537 673 591 201 698 44 660 687 677 110 58 9 109 331 984 686 708 546 61 53 539 5 263 392 703 31 587 627 848 237 371 674 207 238 578 871 360 31 178 417 623 648 641 668 371 86 541 4 200 176 53 60 516 424 235 180 906 284 571 511 507 308 101 234 804 181 684 404 387 82 474 193 257 851 26 969 244 494 623 883 35 607 961 535 756 264 703 761 933 321 211 202 398 205 28 131 614 735 654 913 40 875 689 626 524 219 248 861 657 566 166 163 571 637 927 51 827 373 298 159 467 387 113 510 266 963 533 614 302 235 499 63 753 918 485 781 9 49 45 355 568 285 320 136 518 267 184 389 307 570 997 485 726 493 135 639 62 123 710 949 340 185 112 794 259 756 169 976 63 431 587 969 281 83 35 362 124 622 986 614 615 596 209 835 816 571 371 614 561 777 849 520 975 453 819 833 181 189 462 618 654 340 390 835 737 375 314 387 902 149 296 103 218 533 102 482 508 985 185 201 822 251 50 389 958 401 900 27 19 772 124 160 295 856 119 112 4 92 92 310 175 327 288 641 667 391 533 180 961 829 77 419 877 495 409 77 499 531 155 830 406 686 445 785 576 712 959 428 278 874 267 166 941 7 149 920 77 544 365 695 867 644 874 125 219 971 525 958 135 777 621 733 296 93 37 295 77 965 506 783 377 670 822 228 774 976 530 176 79 271 331 486 57 2 134 323 270 686 162 448 334 62 794 68 576 587 70 606 634 374 836 190 509 99 148 148 328 337 866 707 77 649 900 23 318 778 240 414 855 813 986 522 188 85 221 244 594 0 160 873 278 709 168 583 794 885 963 904 25 67 744 509 482 152 922 887 355 178 673 633 564 842 776 274 273 761 530 433 975 227 985 695 826 843 736 730 477 481 236 324 923 73 588 520 878 116 546 924 401 887 251 731 951 601 515 933 294 259 12 405 219 364 795 391 
430 561 69 870 336 265 517 994 736 254 485 731 14 376 262 574 302 768 785 413 608 557 890 106 919 460 805 41 348 711 185 556 503 887 719 844 460 208 656 583 220 563 962 537 302 469 416 189 487 117 101 694 807 306 486 134 286 875 949 348 961 77 513 941 972 227 570 620 576 350 764 408 754 474 704 811 314 658 224 919 409 937 769 335 97 601 228 189 986 389 517 982 125 910 817 590 949 133 729 51 9 357 182 66 575 106 10 52 774 430 119 53 472 442 486 985 136 395 823 963 765 758 772 290 205 463 760 779 373 72 703 308 413 506 359 21 500 742 31 401 264 1000 830 259 382 798 524 188 857 876 204 606 455 859 499 217 336 525 871 562 603 544 304 997 548 999 554 889 613 262 971 128 786 381 680 472 170 794 408 251 206 737 335 644 758 665 929 526 286 804 903 334 279 822 503 152 148 407 375 140 74 603 107 632 766 891 686 506 477 9 916 182 556 654 392 119 768 47 330 641 97 575 960 687 971 795 506 19 177 576 504 207 98 356 567 391 11 498 111 881 253 630 636 581 651 182 122 31 471 544 589 590 189 475 6 400 480 598 940 233 165 299 498 751 853 985 188 810 377 246 356 104 385 248 543 859 646 338 23 88 310 745 915 600 39 78 999 164 936 417 946 605 933 431 250 589 469 233 480 678 934 861 23 779 762 206 607 521 916 112 178 795 834 298 548 752 30 91 880 868 663 894 808 562 211 178 931 293 480 611 13 191 68 290 23 726 828 843 636 722 55 455 990 316 130 520 565 982 627 394 294 336 154 167 704 948 664 500 268 489 261 428 589 956 403 260 616 473 121 708 756 243 531 360 664 438 273 975 751 705 409 571 529 960 863 611 852 433 699 466 160 146 446 635 291 536 342 744 173 7 696 216 221 552 350 903 960 918 271 57 392 268 117 899 998 721 605 935 628 857 190 91 350 38 860 495 336 822 766 611 807 660 681 561 223 495 774 39 271 600 383 400 783 517 589 812 63 567 437 186 592 571 151 754 35 464 251 793 334 989 384 789 661 885 630 474 360 221 126 91 254 587 47 536 982 222 232 812 988 974 606 13 873 460 991 118 672 281 936 617 867 283 698 216 756 461 49 589 492 669 
335 800 507 339 655 723 110 483 471 27 587 408 955 631 109 183 724 823 639 929 874 607 68 52 819 210 11 12 373 341 248 614 869 320 371 586 369 261 658 598 265 748 491 398 116 747 257 740 508 590 596 946 252 254 287 65 577 770 415 84 761 262 858 973 229 462 661 992 80 824 822 417 936 382 902 805 576 189 822 426 155 45 157 443 886 988 605 729 451 382 56 408 439 869 340 821 45 758 456 496 20 456 694 748 559 269 595 348 644 505 333 539 950 505 27 74 3 549 427 492 269 830 156 551 431 65 180 531 611 347 34 361 522 407 775 995 387 13 700 4 721 113 535 491 301 354 884 212 821 658 69 746 383 176 183 69 185 7 455 156 671 569 107 196 53 467 322 132 5 914 326 546 848 707 160 402 935 690 645 214 675 141 799 420 216 14 29 349 600 389 522 80 26 590 443 228 774 135 944 136 804 699 631 479 176 196 121 878 953 203 654 701 335 223 448 297 504 724 603 310 337 76 739 875 501 291 240 803 661 195 479 684 32 179 201 170 616 680 757 95 811 590 155 184 252 747 706 478 408 380 378 91 920 55 513 280 888 289 584 400 692 180 191 323 435 808 436 267 844 762 231 740 197 126 208 648 791 795 607 537 539 618 55 100 263 214 510 273 61 785 634 673 48 913 540 15 846 709 512 292 528 514 707 688 870 209 288 375 166 260 21 853 554 649 119 679 638 753 180 437 803 979 736 574 275 227 459 331 811 582 112 918 971 59 741 915 195 503 299 24 289 159 747 674 438 686 943 639 281 870 289 571 11 156 555 66 210 15 194 691 804 249 484 852 529 198 480 813 165 160 326 363 118 674 717 168 412 347 107 500 884 847 292 333 189 575 550 375 574 235 341 665 19 772 113 27 261 850 779 148 842 393 760 224 878 517 615 417 791 150 50 715 549 244 404 706 278 673 252 724 199 954 908 301 668 178 822 78 320 901 905 143 151 38 983 452 980 397 373 408 925 405 643 153 573 436 856 376 367 756 983 513 358 601 811 676 70 744 348 92 93 555 562 257 484 384 869 362 920 701 912 280 859 121 789 302 122 403 828 855 845 401 362 961 647 578 489 539 812 529 313 696 880 378 95 983 447 811 469 646 
994 414 739 715 918 383 766 774 204 815 619 93 56 447 729 951 153 923 924 870 961 837 894 126 260 570 651 835 49 995 46 597 474 460 62 793 451 576 374 170 845 87 126 814 185 497 845 492 856 933 501 878 358 418 711 156 995 313 92 833 686 357 833 787 31 260 725 581 582 448 139 428 633 160 539 295 542 281 333 710 643 648 771 211 747 503 811 666 152 53 944 507 219 990 373 925 208 542 672 276 946 436 80 641 491 372 335 451 835 527 575 811 605 475 692 225 116 784 877 772 95 123 340 865 610 864 201 8 477 832 75 406 279 879 828 649 671 940 870 973 814 817 33 499 595 729 847 223 781 417 486 552 273 640 462 18 21 768 33 195 621 490 502 732 566 263 738 568 816 6 365 320 894 192 627 371 225 157 65 817 327 564 812 697 148 303 548 954 237 22 622 650 575 664 326 873 174 483 878 392 676 327 346 105 252 641 407 913 40 454 126 700 899 553 411 843 141 926 818 52 247 648 484 218 89 29 427 198 951 429 264 870 164 445 888 659 676 737 458 757 161 964 771 242 800 561 733 906 398 90 83 79 157 512 630 34 868 583 63 900 540 984 705 337 484 850 735 823 649 963 693 129 728 843 249 381 664 403 605 239 943 534 358 233 525 896 744 85 55 16 188 774 931 875 440 417 934 505 182 867 255 406 104 250 668 963 696 732 207 419 28 92 810 752 319 967 102 103 441 226 922 645 917 218 853 45 265 795 761 436 373 492 674 394 254 45 364 723 544 286 24 945 897 610 981 141 888 691 869 833 3 490 193 133 308 227 209 273 28 504 693 344 112 461 327 961 58 998 875 210 716 70 824 199 469 22 562 304 904 89 79 44 185 222 121 464 375 956 269 671 367 911 236 884 870 558 258 334 584 360 929 445 160 36 758 366 270 116 47 857 36 983 598 669 791 518 608 113 468 717 801 306 691 325 548 159 976 48 186 857 579 309 923 277 22 753 714 45 554 541 212 622 656 550 791 196 991 611 518 387 426 705 785 723 309 911 263 309 245 952 488 185 181 335 649 817 605 772 21 474 539 388 478 618 253 908 472 247 481 42 518 76 488 178 814 367 21 296 653 40 178 733 539 369 734 169 589 496 811 943 
638 542 133 421 626 180 354 29 540 512 672 379 895 963 563 806 851 33 295 995 132 322 90 747 84 193 812 725 458 671 555 5 608 705 443 221 911 732 229 203 883 90 699 518 217 424 186 709 649 997 894 751 493 674 789 461 993 600 490 322 828 9 134 938 13 57 478 155 139 761 216 722 494 900 855 820 847 756 557 138 8 990 626 931 684 655 449 550 450 806 456 723 7 389 826 777 619 460 892 263 227 341 99 654 743 670 453 203 882 789 423 959 693 669 591 3 731 628 857 754 833 424 424 889 470 109 949 111 822 555 757 408 721 455 597 714 512 384 828 343 194 839 334 693 136 652 117 955 802 683 661 670 79 583 19 715 827 372 127 673 777 216 111 393 88 956 180 338 257 552 873 377 973 980 84 394 138 534 540 473 232 985 83 323 975 692 311 696 68 798 922 927 519 171 182 182 285 77 385 85 798 414 711 440 598 591 468 859 49 267 672 178 140 888 174 962 867 108 366 954 100 140 170 54 361 446 19 781 261 438 378 760 90 700 665 415 991 117 373 498 667 163 603 809 595 922 19 557 838 848 581 284 114 234 937 50 716 148 994 761 398 254 283 380 483 868 22 620 161 794 327 410 229 379 191 113 75 865 201 823 151 251 422 569 342 670 86 631 850 952 283 999 250 722 610 777 395 22 382 215 855 9 685 893 988 990 509 867 306 701 951 831 795 344 287 59 882 22 948 990 195 124 334 358 786 170 378 311 434 573 486 929 939 152 19 688 594 495 792 49 892 779 661 953 135 152 710 555 221 279 718 775 7 476 413 657 848 297 939 534 240 997 773 830 39 570 856 45 984 377 860 82 439 878 582 283 801 283 234 865 408 532 94 619 876 433 417 910 986 496 183 641 696 306 687 580 65 171 357 840 53 74 385 339 236 29 544 840 19 203 620 815 400 448 62 589 472 791 831 629 415 850 39 212 514 146 78 86 852 215 720 394 449 803 287 809 415 925 690 393 401 452 277 279 724 974 854 251 886 655 814 838 411 984 673 601 734 714 586 775 570 462 358 369 908 763 561 477 408 249 390 155 898 257 866 272 927 698 656 935 368 341 759 447 998 678 910 922 550 819 312 252 721 653 943 126 972 340 880 133 
572 488 86 712 946 774 853 601 230 972 815 419 406 552 481 513 831 948 80 317 929 7 250 559 946 59 492 40 850 117 210 795 859 229 810 619 46 983 882 99 100 797 915 416 324 299 448 769 479 468 501 944 299 958 47 853 941 433 417 323 195 320 643 351 869 185 140 302 301 36 962 859 536 744 311 521 115 810 389 274 535 985 441 222 593 166 56 752 750 835 57 727 715 959 565 171 163 841 15 422 413 988 968 54 449 251 292 119 320 200 519 343 85 285 800 50 469 155 765 482 352 945 105 639 360 603 865 124 909 675 915 368 197 705 740 156 784 772 714 934 544 459 680 429 29 682 226 339 107 534 724 741 489 117 733 125 807 562 668 743 833 645 459 751 291 704 68 223 489 679 187 109 352 628 328 130 489 681 474 942 666 241 519 769 794 140 964 295 60 122 648 154 614 44 558 73 291 297 393 273 745 585 925 834 696 532 108 832 700 618 963 507 988 507 151 608 158 561 456 535 414 190 515 429 458 903 766 290 178 212 801 914 515 824 480 805 729 671 323 399 43 344 335 327 608 633 563 782 735 880 920 519 211 603 83 483 80 68 266 230 232 809 638 182 405 690 985 39 807 169 196 537 368 361 860 899 21 280 81 91 643 721 65 888 871 816 749 191 139 672 610 629 829 893 63 645 49 823 960 785 801 592 881 542 842 660 946 710 31 356 656 277 362 292 745 574 220 84 228 105 738 270 787 403 805 122 585 363 4 758 674 269 978 377 319 999 683 468 653 896 484 729 372 153 854 66 147 769 962 188 543 906 197 716 757 182 704 168 740 643 638 997 443 95 294 274 209 147 169 817 73 574 177 495 177 421 788 896 73 738 650 911 693 559 709 925 756 82 409 284 62 715 465 384 103 906 615 447 522 744 826 672 145 942 356 882 337 723 261 719 683 679 989 608 952 85 359 214 539 223 885 752 936 640 332 757 463 531 660 771 950 124 117 918 595 617 876 645 57 258 128 223 679 313 192 766 688 303 852 84 717 596 422 411 708 4 234 981 24 95 398 318 252 685 868 428 833 208 22 348 609 428 839 396 650 509 870 724 755 828 265 132 637 230 973 480 916 508 278 309 212 781 87 649 624 166 923 742 613 65 
886 420 984 776 577 994 250 699 638 961 149 636 869 533 904 852 344 990 861 275 152 868 724 138 966 403 293 83 757 9 120 534 488 964 593 359 368 164 9 135 642 920 57 995 682 977 188 4 50 914 114 262 362 559 533 974 420 941 382 881 686 760 689 26 447 797 502 356 992 749 738 867 868 439 806 500 373 483 229 154 825 984 403 387 383 602 799 699 245 518 922 616 182 559 33 85 956 101 197 230 491 767 507 342 86 236 305 232 854 5 530 679 750 327 130 299 919 576 931 669 284 969 240 847 585 292 414 385 404 317 246 925 792 526 369 550 569 125 367 199 271 106 644 677 326 795 375 429 232 101 922 284 919 812 188 944 166 687 627 358 3 811 616 701 985 730 158 301 70 364 515 305 843 456 721 578 760 618 875 813 788 470 504 877 711 563 233 223 148 622 605 885 450 103 329 377 513 715 517 631 332 459 858 751 357 337 565 155 893 365 784 278 646 660 262 964 87 19 844 491 246 665 995 148 602 36 892 826 173 382 838 689 974 482 820 653 421 212 772 252 542 778 315 761 764 659 246 989 256 330 35 851 454 227 878 192 533 31 619 796 18 227 874 538 319 642 906 623 475 534 461 104 542 797 514 221 931 564 986 105 754 987 724 449 986 309 379 889 376 213 848 182 245 932 606 843 267 87 221 932 256 416 930 568 423 651 35 725 473 177 666 827 545 95 53 734 903 242 116 561 54 285 907 931 525 858 853 161 683 887 891 246 828 911 990 289 927 552 513 970 5 530 832 232 84 205 122 633 171 325 688 721 495 836 575 949 298 358 548 443 609 716 245 274 739 782 790 80 374 96 770 393 98 46 176 589 637 908 677 99 114 864 517 634 253 476 695 412 43 127 321 765 709 632 882 377 365 655 575 594 497 90 743 331 3 458 792 632 840 304 367 285 926 204 677 977 329 602 617 349 871 284 816 139 396 81 337 949 256 54 435 207 458 387 894 992 493 921 114 542 471 634 424 42 772 586 709 481 532 250 1000 747 35 290 985 336 270 121 559 194 768 618 391 354 291 298 906 687 503 931 923 263 641 941 397 358 495 509 407 557 413 975 919 401 874 184 382 492 309 188 343 638 578 185 330 804 925 281 483 597 
780 180 395 119 964 135 547 814 56 263 19 878 482 537 217 326 351 405 936 410 405 369 287 49 521 226 252 115 712 927 53 739 426 26 780 882 392 840 110 270 972 883 711 195 745 642 652 726 851 666 526 583 667 413 398 641 392 546 407 182 941 730 886 779 972 85 463 744 129 187 446 986 501 916 966 994 337 542 651 178 716 893 574 611 949 970 236 115 208 762 406 122 359 538 148 880 509 747 142 451 627 486 726 497 960 386 494 913 865 885 521 645 194 824 607 507 562 378 507 968 968 154 348 26 265 683 164 799 617 458 120 492 27 812 623 82 574 784 839 254 244 723 304 646 615 258 54 655 845 726 748 652 622 644 453 631 474 257 676 842 621 798 406 724 485 667 861 451 37 249 315 558 773 537 186 230 672 501 114 685 266 478 915 309 162 115 811 26 369 579 771 710 709 626 370 920 310 416 1000 228 970 80 364 677 553 798 68 709 820 63 506 709 225 324 690 731 377 51 638 429 246 457 768 764 252 593 830 112 50 892 673 770 354 204 336 153 175 805 783 761 842 774 300 289 916 145 78 23 815 352 79 294 706 365 696 42 200 205 205 338 374 726 483 160 912 481 793 114 459 895 935 764 234 438 705 938 531 788 616 61 359 370 72 721 469 745 71 709 570 377 868 786 85 299 423 559 196 729 295 274 795 417 950 246 162 189 103 230 7 104 566 257 979 701 291 94 744 803 35 985 618 975 300 664 768 916 849 11 489 353 516 214 64 696 514 411 59 383 878 452 869 79 351 269 285 459 450 76 245 670 939 865 839 96 309 883 329 457 251 652 582 124 79 153 930 279 929 663 491 718 633 944 228 482 962 765 768 4 731 954 601 224 2 37 947 505 76 732 723 446 263 689 638 72 230 692 456 498 933 192 943 702 123 650 860 828 422 842 841 692 489 645 178 867 222 324 65 575 351 1000 121 459 486 416 708 412 468 978 57 115 754 446 783 988 226 918 414 163 36 713 778 35 523 833 238 78 251 160 909 405 950 129 461 145 61 597 613 47 831 975 913 428 489 828 94 831 331 934 696 198 466 62 642 524 692 300 91 228 124 150 249 253 701 41 629 334 891 650 298 271 800 378 344 485 896 661 177 668 793 595 
965 339 290 902 102 941 467 35 422 85 453 286 955 918 561 761 775 232 94 284 338 857 957 992 118 113 966 266 274 378 665 371 992 143 394 956 389 822 911 892 122 387 136 897 81 895 517 635 807 368 272 869 119 217 929 529 489 154 817 762 482 403 437 605 377 847 306 717 924 128 723 895 935 458 359 112 54 205 147 568 515 406 350 624 954 385 325 192 5 26 266 487 969 649 893 362 296 758 694 487 386 257 14 598 670 793 21 905 332 173 131 981 292 639 671 436 765 635 657 648 455 611 481 921 373 123 164 31 604 636 7 739 13 228 457 287 380 703 153 942 813 761 0 841 528 570 826 328 17 569 83 433 666 976 805 591 754 996 124 201 583 951 974 928 671 755 922 887 909 920 342 34 417 671 53 587 784 91 36 506 189 546 829 586 15 360 386 177 441 214 873 802 689 541 296 733 797 316 362 145 323 944 772 831 641 774 551 703 203 431 31 297 534 326 220 624 341 680 851 433 305 977 383 536 579 25 406 79 775 702 970 406 518 265 590 828 302 569 937 568 256 497 74 708 644 359 149 891 306 641 573 508 835 537 144 544 979 297 758 867 668 440 406 414 497 850 633 629 225 640 217 445 769 202 72 394 229 530 151 827 557 17 176 259 142 601 768 863 902 286 339 581 970 540 13 654 308 59 910 325 582 565 979 345 145 312 997 922 540 464 65 197 727 280 634 686 964 73 25 435 856 903 900 687 376 538 797 961 597 860 782 996 81 140 971 90 843 224 745 217 159 799 738 739 704 373 626 308 628 82 86 654 524 591 653 619 417 468 709 697 809 612 223 164 491 121 875 298 465 290 375 365 657 3 767 17 470 680 986 550 510 152 589 229 223 929 712 6 850 933 169 787 287 154 363 322 586 952 503 880 695 779 799 646 181 997 92 988 129 469 898 184 29 138 765 466 704 381 393 211 454 249 21 474 171 737 241 561 579 903 334 758 391 628 829 910 855 157 273 53 303 560 666 436 723 226 57 872 373 815 781 736 595 539 664 966 952 54 65 76 67 441 917 533 579 108 429 906 535 157 116 899 707 757 584 83 114 469 639 482 530 256 912 754 713 387 132 799 745 247 112 229 740 751 923 55 476 553 847 275 
298 403 679 602 823 638 144 784 905 668 206 67 559 805 412 412 360 312 703 467 751 98 232 578 83 975 283 154 513 633 679 764 807 531 27 799 333 220 889 210 945 902 29 335 273 347 379 690 618 337 619 634 376 544 81 108 530 164 413 569 130 949 700 89 644 145 334 590 86 495 367 113 716 319 137 788 111 496 633 812 1000 310 274 592 30 962 588 655 823 691 556 207 364 513 853 934 860 555 572 694 949 300 197 680 889 922 304 736 735 301 137 971 78 652 566 460 9 312 278 463 561 838 621 2 450 609 247 289 366 512 773 286 387 121 330 697 404 155 43 733 376 871 156 199 278 999 449 93 973 623 584 75 380 601 493 339 191 844 955 792 255 279 302 200 704 229 503 741 787 146 858 785 59 585 355 839 165 555 956 786 526 297 118 843 513 540 647 736 824 708 52 298 987 526 522 272 373 310 262 669 245 156 1000 723 957 872 47 774 892 758 42 513 361 478 701 710 55 718 311 155 470 525 746 542 479 469 158 293 139 71 569 672 22 738 235 576 282 820 474 313 121 956 67 461 344 110 269 304 667 414 174 891 864 561 955 667 486 421 845 115 79 815 71 380 114 270 786 225 809 729 310 80 480 318 635 983 695 703 683 718 11 753 194 461 783 710 981 306 917 24 564 619 682 608 901 228 127 217 709 846 994 704 942 525 268 364 619 706 101 423 143 475 53 258 512 977 64 82 781 655 746 144 965 989 803 229 47 772 611 672 631 985 167 44 652 307 974 334 931 723 310 625 89 284 695 989 237 827 480 62 63 707 465 142 64 37 594 392 189 288 729 512 354 654 599 68 389 842 930 101 231 329 91 262 87 376 373 681 436 243 710 769 535 500 923 465 140 587 956 34 301 889 379 198 707 497 307 991 676 119 478 913 676 996 469 289 364 137 21 473 578 213 934 724 365 810 29 864 957 670 158 859 976 856 295 778 453 709 174 261 442 411 713 686 668 896 667 440 219 58 850 317 288 562 445 667 44 293 383 174 727 793 23 479 756 658 912 761 86 766 565 242 442 81 940 64 141 426 77 115 717 270 235 475 876 223 865 824 349 241 89 660 527 313 25 649 0 676 602 272 701 858 605 852 865 864 749 251 822 556 
905 481 895 641 646 356 634 176 66 111 571 736 979 92 49 936 663 149 87 594 117 757 381 742 941 187 764 813 658 147 1 29 905 638 934 64 485 382 611 664 448 43 574 99 786 587 975 116 802 956 899 810 50 957 692 883 844 971 900 652 359 426 547 677 824 770 427 958 536 370 79 594 79 858 873 279 523 636 379 563 721 210 160 530 995 790 153 265 496 311 22 532 166 209 802 731 131 997 757 860 840 201 686 706 560 206 917 630 926 838 218 268 754 860 656 94 383 282 156 839 309 636 86 72 320 980 592 208 318 918 522 728 882 610 288 766 401 796 214 443 593 90 959 572 342 835 118 364 579 218 693 229 131 767 76 79 746 873 986 157 246 410 685 65 877 150 661 469 326 221 246 523 788 107 212 901 214 251 351 138 510 367 517 235 338 41 278 36 967 484 262 457 122 389 747 940 316 984 99 385 825 22 165 573 59 755 405 108 969 572 556 896 195 123 681 169 936 810 602 788 34 515 569 985 677 883 158 991 496 240 880 474 428 807 262 86 316 730 373 782 601 398 71 909 80 867 219 677 899 348 188 610 353 990 980 265 568 64 297 401 431 119 262 956 536 89 890 484 992 635 690 539 81 253 644 310 669 192 540 864 857 960 66 756 621 234 445 180 789 705 556 155 443 613 262 124 307 537 468 413 887 668 106 627 765 238 413 83 615 959 804 997 876 568 440 487 738 738 78 58 378 319 658 866 535 660 205 693 110 529 344 788 949 398 301 937 263 23 683 513 491 308 466 316 501 342 576 334 415 925 236 321 845 301 514 640 703 412 942 215 885 705 626 566 756 547 38 190 602 706 167 199 812 945 485 620 143 347 372 208 502 84 871 850 966 805 735 471 702 799 361 683 506 926 637 532 147 777 975 414 649 249 608 66 605 702 830 256 851 819 334 293 954 543 329 38 59 227 10 101 867 649 194 466 635 691 163 514 486 848 517 229 100 883 436 872 630 597 965 895 166 770 354 9 990 229 832 782 538 91 713 943 141 409 367 324 397 949 822 981 179 638 860 972 165 810 663 833 640 49 396 526 664 234 655 820 280 635 975 831 268 387 318 830 767 831 379 296 756 738 354 240 413 597 35 184 786 781 25 903 
548 533 215 414 570 425 742 197 1 374 605 899 282 663 776 969 878 575 489 149 920 347 750 949 394 199 982 452 649 645 89 783 518 560 130 64 891 396 943 396 43 870 69 177 915 69 817 673 736 999 723 510 518 738 554 811 18 74 716 250 24 2 319 657 263 187 783 335 383 522 942 91 547 78 738 394 565 613 369 847 6 785 460 798 133 599 756 283 149 16 661 954 502 778 473 600 327 571 439 994 228 527 578 66 725 149 963 92 670 485 85 103 573 216 278 188 288 582 728 320 929 314 209 335 485 234 734 145 50 882 71 955 854 929 193 707 326 608 111 148 114 945 936 109 918 733 779 668 576 225 447 621 428 788 887 864 194 687 422 798 921 544 578 955 543 97 960 564 829 331 463 353 346 824 773 15 668 624 329 976 357 105 494 164 348 261 998 94 31 808 2 296 408 286 119 786 311 443 159 806 141 708 96 660 516 241 140 515 879 323 582 308 570 453 384 227 368 554 766 109 875 745 197 543 763 714 955 730 977 185 505 573 913 532 287 111 897 648 781 914 687 797 794 266 305 510 936 210 204 645 109 994 379 780 751 375 62 81 182 156 708 775 216 600 340 798 705 147 438 138 616 921 616 18 880 163 781 327 63 438 261 591 425 297 336 573 277 40 450 826 213 168 807 139 474 125 871 185 229 993 841 174 242 199 347 934 169 562 303 515 73 446 741 297 861 880 800 144 611 770 11 872 712 249 583 28 85 891 754 998 162 355 175 241 489 370 656 984 864 919 903 186 646 71 115 29 913 346 602 579 591 577 889 965 457 773 406 15 22 114 171 933 819 191 388 182 215 474 647 297 605 152 634 204 129 158 577 991 962 716 871 660 702 735 420 46 674 177 274 92 399 115 792 718 836 804 265 966 796 139 363 608 398 289 955 10 813 694 412 560 952 559 100 574 325 941 163 87 419 296 710 478 27 225 457 827 127 28 698 846 441 73 65 566 748 656 232 412 813 542 248 903 967 226 772 202 633 942 586 499 502 819 259 852 76 484 50 345 480 557 3 747 20 265 251 163 578 432 38 63 674 415 532 19 602 41 219 287 619 383 447 363 437 337 997 725 630 428 807 515 664 993 152 488 992 407 416 623 146 520 
331 411 11 953 628 77 314 943 358 407 233 757 581 840 134 253 163 755 349 21 550 499 686 120 552 380 763 783 903 558 134 759 145 670 304 201 297 815 585 2 880 355 554 166 142 948 732 96 785 587 695 459 133 672 957 401 803 178 603 766 810 182 925 559 77 41 974 723 752 685 395 959 495 532 195 753 356 436 93 66 573 454 419 679 760 637 157 976 887 791 29 215 166 401 754 700 795 438 862 679 407 135 222 875 706 88 927 272 450 211 309 312 449 319 678 295 956 115 304 37 916 208 475 772 165 318 593 731 492 819 858 433 839 217 540 308 530 94 965 69 937 209 739 369 471 749 19 41 964 120 304 293 129 206 169 377 970 845 96 196 741 743 924 500 332 545 283 262 569 892 796 321 575 400 414 604 702 515 451 5 411 792 295 850 813 502 193 968 352 2 555 696 680 594 381 534 12 972 356 168 662 101 798 986 423 921 2 631 579 10 919 963 898 346 698 1000 738 298 968 974 408 618 262 231 95 415 364 535 715 234 239 589 114 232 396 736 886 747 108 437 309 266 412 596 195 629 966 301 938 554 205 623 831 683 995 894 517 625 583 592 639 330 126 825 885 1000 143 495 107 700 455 164 15 530 580 401 231 141 148 752 959 393 704 622 519 122 394 88 789 811 287 912 560 321 825 229 702 733 373 139 326 224 201 613 455 259 958 528 81 323 791 379 343 307 214 612 824 130 522 736 424 263 289 69 1000 971 471 144 261 887 969 938 471 18 472 863 661 802 919 455 677 844 247 72 125 328 275 34 593 707 618 97 157 311 965 26 874 652 256 899 937 933 501 805 169 432 738 160 866 117 339 27 314 849 246 58 831 773 489 438 577 488 994 304 1 108 260 388 23 507 1000 436 981 35 443 259 9 13 997 396 53 528 546 967 986 321 967 802 128 897 725 480 12 411 930 89 289 628 63 150 517 727 768 413 776 31 872 827 879 922 166 18 7 872 577 306 690 216 977 449 111 203 412 149 754 132 852 98 638 918 920 738 302 873 778 797 384 71 357 561 8 711 334 352 917 695 402 56 622 354 479 51 978 123 240 886 265 773 849 526 353 326 556 547 801 309 285 77 384 772 339 467 634 810 755 181 201 286 954 456 
637 442 811 682 463 814 73 573 600 40 589 764 540 406 567 543 852 454 416 564 382 991 278 3 234 326 738 585 658 20 485 490 715 599 134 241 374 758 383 484 203 21 636 58 658 942 173 747 745 225 486 502 380 799 396 806 299 561 272 911 813 564 162 459 649 197 681 693 790 505 496 919 271 890 395 987 288 211 479 438 517 631 599 599 558 481 445 490 152 790 786 348 480 932 125 242 633 644 132 288 981 724 882 294 21 909 69 891 783 606 893 383 241 732 430 294 326 107 214 385 203 643 79 594 107 796 902 810 964 630 758 788 48 151 522 787 760 187 334 694 395 34 661 926 323 315 32 161 830 280 1000 938 200 717 340 637 526 406 821 230 254 314 913 98 970 419 519 538 37 431 518 454 382 139 697 961 42 524 405 395 782 250 863 885 790 979 289 885 940 40 318 110 360 847 543 611 446 681 528 162 633 479 775 402 858 748 649 431 507 152 334 66 441 735 761 309 319 508 64 59 1000 702 665 761 684 40 110 743 750 114 944 899 146 278 940 744 193 533 998 197 669 618 149 436 158 232 722 375 696 222 54 548 170 635 748 607 895 317 869 547 975 232 15 607 795 427 434 841 857 1000 770 969 331 483 814 145 705 121 53 170 378 525 759 374 575 578 223 404 940 769 76 544 388 636 333 493 316 776 236 611 835 984 304 84 296 222 503 477 926 236 427 740 10 49 570 720 39 512 445 727 202 836 21 136 750 875 585 302 19 562 672 263 151 94 707 877 719 177 252 514 834 364 246 631 102 935 504 730 518 332 449 586 450 839 412 253 593 846 182 756 243 547 73 112 796 120 775 406 592 36 589 335 60 235 884 383 972 949 627 496 790 529 548 869 901 148 491 884 548 658 532 608 353 584 102 775 369 599 41 985 155 293 924 277 635 66 646 876 972 915 172 157 34 307 889 118 804 221 684 247 892 411 957 917 751 820 722 992 54 940 460 522 993 917 806 964 526 48 766 641 283 151 941 733 448 88 985 968 444 626 873 964 987 740 147 449 486 180 502 38 801 416 550 907 291 483 772 249 864 1000 534 983 371 192 910 221 387 164 909 846 465 142 837 997 748 266 649 357 34 909 389 571 405 115 966 468 336 266 375 653 
480 838 233 466 498 833 914 232 586 346 755 715 285 155 614 195 659 413 232 753 18 258 847 220 109 819 171 951 430 908 453 662 17 488 701 349 53 334 683 469 404 344 848 651 147 313 422 208 523 265 491 320 437 347 126 571 175 515 616 56 613 910 504 546 625 914 277 317 11 734 897 255 763 272 107 355 354 792 175 392 368 944 862 252 781 719 552 280 21 146 447 938 582 258 684 349 59 82 154 555 966 805 392 118 449 725 709 593 450 972 943 362 562 255 135 527 871 332 453 25 332 650 559 719 930 8 963 76 7 811 603 461 123 814 667 804 356 293 39 58 372 135 738 117 923 501 905 845 883 531 942 682 86 50 964 411 248 856 313 582 529 498 442 112 871 973 355 628 468 695 100 562 161 385 962 225 453 191 745 157 290 853 801 560 316 83 963 632 303 308 237 261 439 525 913 599 571 11 194 945 738 430 169 883 912 95 382 657 101 465 824 659 631 365 41 144 662 672 466 565 961 580 607 178 4 598 458 606 658 111 613 752 991 146 320 740 239 59 628 402 428 89 944 724 994 359 851 214 464 997 597 868 676 621 628 170 943 795 713 948 831 886 441 389 916 710 281 330 590 907 864 749 909 133 659 567 20 625 3 61 254 810 819 861 298 485 270 530 898 148 430 794 997 864 153 1000 670 845 86 303 547 704 934 35 214 928 729 434 977 944 214 472 1 646 834 55 941 334 830 729 559 288 426 868 386 741 285 947 818 253 555 547 89 433 21 161 963 325 985 302 889 467 503 85 436 726 619 283 338 15 887 117 581 591 150 730 188 585 847 543 94 216 800 949 202 439 597 119 211 452 113 800 679 567 728 853 768 80 81 517 841 771 149 504 655 384 623 387 850 440 536 816 565 387 42 693 503 944 32 540 217 747 503 484 362 438 211 321 273 471 794 53 660 188 908 870 938 756 847 306 738 895 600 512 753 939 68 788 412 836 809 516 995 844 199 165 833 184 747 828 441 513 239 789 825 810 432 334 46 983 540 608 577 415 227 177 365 415 764 677 484 279 583 224 568 492 15 596 546 569 740 671 929 754 798 680 568 364 979 470 557 569 753 271 832 631 189 330 888 114 128 463 631 473 826 583 472 365 122 931 
456 86 703 327 53 129 949 806 633 404 207 654 663 950 811 209 715 114 781 145 649 686 894 35 924 249 258 43 131 842 509 750 138 150 247 83 619 373 402 802 315 306 417 353 334 392 121 523 847 18 952 487 381 72 581 408 817 142 895 360 16 523 740 414 531 568 116 513 979 815 362 711 47 303 626 447 716 858 886 953 597 505 393 131 999 418 420 915 820 421 32 87 936 503 554 717 859 995 426 312 714 343 880 192 766 599 80 482 595 92 739 855 154 961 833 50 907 79 982 763 351 731 66 923 366 354 4 616 317 490 337 652 671 809 504 781 351 464 39 568 709 914 244 574 847 514 602 46 417 122 113 625 154 953 448 99 511 870 723 153 728 10 541 674 971 945 696 462 256 938 729 738 157 336 336 892 697 134 550 520 38 478 201 859 939 184 323 890 537 714 820 220 961 604 191 936 301 500 399 269 484 335 30 159 194 898 862 646 815 966 432 202 764 478 688 438 581 839 433 175 717 516 622 629 334 502 973 975 452 273 898 192 631 383 698 906 402 25 618 341 543 182 497 146 425 355 473 68 243 144 663 223 940 392 212 330 549 514 656 866 410 16 452 818 567 16 231 666 194 856 406 202 302 498 130 718 130 805 905 948 192 909 536 791 91 255 676 73 331 885 716 594 969 604 275 638 930 310 844 644 28 359 839 92 325 468 291 234 892 874 278 231 96 717 934 441 988 631 468 334 622 785 107 648 860 978 871 259 706 705 353 604 273 471 506 656 150 398 111 110 867 210 123 809 688 852 675 349 438 486 315 879 396 556 600 15 95 822 296 628 145 625 636 730 826 484 665 663 198 827 838 504 276 573 730 912 676 395 30 152 593 157 257 828 829 285 895 747 486 793 298 821 739 687 926 459 139 93 912 720 256 489 305 568 186 721 841 833 675 900 462 364 769 229 866 378 257 100 614 365 985 957 44 135 324 66 701 573 152 148 914 373 582 327 51 221 648 676 278 515 143 542 767 401 958 800 325 412 810 78 697 720 377 819 193 772 816 149 687 655 61 965 783 28 97 279 793 813 560 234 98 622 106 391 459 624 418 329 832 56 894 657 204 54 598 953 695 958 65 135 186 52 151 882 439 683 726 61 879 698 
53 989 926 711 768 359 325 123 814 24 378 817 612 648 347 99 365 46 15 267 411 963 535 168 634 646 1000 740 465 980 175 12 589 100 763 169 610 665 92 653 685 848 921 584 984 972 504 975 480 195 1000 635 333 96 695 110 952 93 160 72 252 926 914 449 904 994 763 223 856 381 456 228 210 579 42 793 498 569 535 546 585 941 749 27 490 358 614 841 666 966 183 540 981 586 322 99 825 626 206 639 484 94 772 62 6 281 554 143 647 480 822 512 970 825 30 516 276 390 725 912 362 868 788 23 427 540 440 937 978 438 501 744 705 511 606 371 634 588 206 682 27 851 873 458 170 149 301 210 530 543 261 48 602 415 215 487 200 852 632 314 273 871 180 561 236 145 843 513 274 256 605 727 485 153 447 870 648 916 798 353 434 578 436 249 790 372 983 220 864 789 805 1 376 619 613 453 88 688 779 708 144 642 62 794 988 142 164 152 42 619 655 142 898 982 398 299 169 73 165 235 365 712 952 369 627 815 587 361 1000 228 612 860 736 94 513 773 695 945 726 606 319 26 215 194 121 441 674 563 648 560 361 99 502 100 960 232 474 406 715 577 166 310 380 953 188 456 835 233 798 682 473 432 688 20 759 544 73 643 886 458 988 812 726 71 603 156 553 257 274 540 480 253 739 716 544 895 481 24 385 4 298 184 898 982 199 369 75 904 211 206 927 963 715 469 970 749 35 67 494 47 434 854 446 620 925 762 609 394 981 433 187 511 499 116 205 673 240 42 935 6 213 572 147 449 781 447 169 789 860 553 478 426 824 639 114 929 619 82 731 849 321 149 125 24 320 38 14 177 866 818 998 213 106 173 671 778 909 339 477 394 532 441 287 217 384 305 419 726 812 117 829 842 269 860 556 918 253 275 679 674 926 35 294 295 605 668 766 623 926 978 769 45 99 600 997 735 119 124 170 503 370 527 560 510 774 98 785 796 318 599 735 838 859 216 967 353 267 54 544 502 501 787 811 987 606 377 59 954 621 410 315 874 608 855 717 137 369 37 655 625 104 570 822 529 679 158 145 882 381 370 198 936 878 445 69 581 306 128 251 353 475 496 903 674 515 486 866 785 175 588 68 752 926 284 545 600 384 162 531 551 
384 224 32 815 649 453 227 872 248 598 74 684 536 595 909 412 373 330 280 413 851 456 434 38 165 287 424 986 361 194 771 157 868 181 76 908 449 296 601 631 155 107 218 873 826 55 656 292 460 103 304 422 955 445 555 781 720 741 245 991 437 748 842 396 170 5 473 890 298 902 886 144 243 693 171 367 347 870 550 2 784 703 169 871 589 73 805 320 37 781 530 184 60 814 817 903 850 347 673 126 231 209 501 642 67 250 986 872 365 802 336 564 444 877 180 244 196 698 147 415 47 0 257 358 560 744 263 672 841 564 5 491 976 159 193 329 220 537 503 939 859 853 980 978 746 17 751 879 226 602 980 367 224 203 268 156 44 986 482 772 123 831 819 605 240 465 716 630 294 292 370 770 317 671 922 987 174 107 918 547 841 511 471 752 294 506 995 239 390 695 70 5 951 598 274 121 9 388 283 912 794 775 146 493 406 637 986 301 923 111 940 229 633 192 968 468 232 92 14 662 113 625 612 128 923 130 944 86 69 268 19 276 740 446 330 946 162 263 466 939 994 372 809 941 42 851 330 18 290 885 473 846 65 925 805 528 499 39 281 588 173 396 8 258 533 13 963 909 412 916 441 984 562 830 954 37 778 531 314 334 219 474 845 357 798 779 851 898 257 122 88 341 782 259 363 463 903 466 193 150 716 546 576 463 255 741 596 305 198 980 654 315 607 182 667 600 564 42 534 781 378 725 344 590 140 759 333 718 487 309 371 888 332 416 519 777 819 428 806 445 315 262 67 577 514 220 714 313 67 784 81 615 593 225 800 494 27 931 848 468 318 344 903 270 393 302 299 37 50 19 786 407 432 96 417 995 764 968 872 477 281 156 1000 109 511 369 361 483 132 833 499 420 588 653 589 923 417 543 191 744 469 372 99 416 693 776 513 638 297 434 626 940 346 906 982 541 660 813 708 21 4 253 771 576 306 848 81 510 225 544 748 3 847 142 180 560 293 517 678 794 992 911 720 95 437 764 237 517 496 594 530 184 901 699 42 644 418 402 482 855 991 393 789 235 728 593 674 4 469 8 851 265 749 25 566 60 115 226 19 235 100 540 721 490 377 868 858 327 147 308 585 722 751 598 713 745 38 75 305 280 
94 70 121 461 796 414 57 934 65 157 636 430 11 619 581 295 696 471 528 263 917 401 200 142 548 890 547 702 120 877 19 542 962 569 488 252 767 75 944 256 34 473 769 57 542 186 310 392 929 438 437 960 265 821 857 627 779 758 333 579 449 342 689 590 349 545 190 44 942 232 996 835 391 947 217 63 491 639 79 768 42 152 502 753 687 790 116 271 359 99 538 114 81 111 612 836 772 825 388 374 269 238 474 696 766 689 856 105 243 217 737 266 126 630 305 958 600 999 539 266 756 150 425 196 998 7 632 368 223 464 771 748 344 457 289 966 159 759 75 190 327 707 563 5 429 212 559 9 255 672 101 255 195 21 361 967 218 991 210 7 463 716 239 529 929 938 293 614 903 904 666 366 216 714 136 573 878 973 795 189 515 93 245 927 992 97 729 426 297 425 354 693 43 789 98 530 735 389 20 569 302 685 284 436 357 632 439 960 779 951 248 71 992 242 123 976 766 344 305 795 170 236 784 334 863 46 35 519 416 533 153 503 415 786 357 160 112 161 342 351 172 507 690 22 328 209 278 610 54 944 154 159 906 611 534 529 686 99 535 153 635 485 515 587 359 180 513 891 714 952 327 938 441 176 535 65 283 793 659 548 716 136 741 215 286 411 670 554 538 625 876 797 391 332 315 731 991 423 543 98 386 695 336 330 158 970 430 43 168 548 975 194 873 519 92 764 1 558 249 132 624 620 231 486 111 547 283 964 634 158 678 886 749 889 201 813 431 482 948 841 991 274 465 202 894 3 126 852 767 442 908 779 587 836 538 357 130 882 70 37 978 10 258 703 284 674 141 326 852 796 810 829 304 785 490 744 699 105 686 223 723 529 224 798 467 657 201 18 357 5 778 946 354 468 811 377 177 671 388 66 589 719 757 534 508 704 973 844 400 774 67 369 345 513 75 982 392 73 93 851 44 484 806 537 75 143 736 95 73 302 869 505 961 619 649 924 462 370 336 253 22 339 478 681 769 61 297 417 187 304 716 921 574 225 203 740 561 352 872 452 394 937 27 758 877 750 657 676 709 147 330 23 592 983 985 729 484 393 785 347 611 620 187 461 269 517 641 728 919 917 402 41 764 741 457 718 646 581 320 52 
801 840 755 813 198 725 632 294 402 153 645 682 312 921 409 202 927 640 949 313 191 793 281 613 481 584 147 306 110 53 1 266 984 147 191 624 262 646 276 934 906 669 191 87 767 358 384 62 919 947 134 201 563 91 433 209 840 384 720 458 196 10 174 417 64 689 108 943 758 534 12 353 979 109 142 668 271 488 426 238 312 62 951 439 264 295 69 962 894 181 522 67 604 71 696 533 55 320 741 533 342 62 667 123 14 47 677 22 253 181 899 212 790 297 952 464 826 434 209 434 151 106 559 697 343 410 740 492 692 697 164 205 770 340 274 219 480 919 505 3 99 308 299 107 952 582 96 861 315 673 584 403 393 281 661 134 968 904 807 180 293 408 668 179 737 254 486 121 246 107 788 39 54 63 830 6 796 729 678 177 924 83 241 129 955 315 462 319 948 386 249 806 926 855 476 498 412 987 893 737 802 462 136 637 41 785 40 879 514 983 440 196 189 742 238 202 280 477 960 287 320 81 458 571 209 134 700 570 38 913 87 231 784 707 286 768 763 751 703 359 12 561 860 873 654 904 282 253 28 800 431 319 115 685 698 227 53 589 548 232 286 62 510 490 881 700 222 713 128 824 170 758 244 388 146 731 669 361 623 86 457 329 407 510 785 503 733 524 628 589 198 125 664 138 874 729 845 396 663 513 726 987 997 648 443 336 53 45 587 374 391 255 722 748 88 289 33 198 393 949 860 447 975 273 545 989 444 372 416 724 338 683 32 285 372 680 244 578 890 426 766 409 118 465 988 488 779 669 721 695 781 514 870 354 27 856 343 647 326 156 427 115 517 212 23 706 452 782 881 190 776 346 407 485 536 238 135 28 519 270 952 686 972 986 863 925 815 203 22 872 835 333 456 565 541 601 786 353 591 965 195 620 56 492 422 175 661 366 878 897 50 621 385 369 125 140 2 216 236 786 759 25 409 884 45 180 626 46 257 834 276 326 887 36 731 192 939 958 160 1000 543 417 579 976 138 341 872 314 354 39 123 639 369 648 934 902 837 292 640 860 588 75 944 652 748 12 181 26 61 738 256 284 627 44 823 544 968 510 765 935 683 626 391 521 258 278 382 568 523 516 629 832 171 988 529 153 171 143 430 102 
446 367 656 722 882 26 432 692 857 514 634 303 713 844 316 185 822 324 120 473 573 891 674 76 851 472 805 98 920 561 399 535 628 654 569 10 502 765 134 117 410 470 753 63 901 549 823 270 574 10 171 904 762 718 775 852 455 0 67 761 257 567 350 700 959 742 672 914 970 321 401 808 269 811 346 718 102 339 513 493 382 61 952 600 233 903 690 678 951 852 483 703 506 753 753 56 729 421 448 559 474 266 311 482 551 263 219 629 919 985 15 558 735 272 210 609 556 37 793 21 586 349 618 402 592 266 7 927 717 611 829 677 342 908 215 704 368 617 241 947 10 30 674 73 148 585 702 25 211 126 968 924 386 428 105 689 466 491 234 265 69 587 44 925 532 465 627 935 870 847 756 417 418 835 878 336 510 966 477 925 129 462 806 232 421 579 537 22 575 872 588 116 282 175 559 3 110 175 681 656 446 36 210 588 27 370 247 882 998 467 775 596 87 771 195 171 554 221 639 315 655 595 146 676 671 607 846 374 738 441 512 52 123 464 613 701 687 533 274 86 602 25 226 282 663 252 964 468 866 206 720 736 285 893 138 260 981 500 566 438 468 499 469 56 386 997 808 534 336 423 174 999 576 732 474 104 961 812 565 644 766 562 349 722 793 372 868 789 168 813 278 310 701 139 754 692 425 901 829 286 364 705 653 20 643 586 378 112 675 458 995 134 21 509 284 69 698 99 331 537 310 367 262 248 98 927 281 49 642 647 37 146 875 50 111 733 827 351 159 430 410 366 752 540 550 264 281 703 669 843 913 288 772 517 427 543 121 666 123 20 274 258 192 419 635 942 60 373 86 176 999 341 877 979 816 666 217 814 870 794 603 952 754 16 611 600 377 682 2 310 593 315 639 787 833 522 525 991 816 338 595 147 825 362 307 991 280 373 529 890 48 261 649 845 648 394 189 440 223 476 143 977 281 614 394 264 456 727 876 199 442 653 633 293 0 809 207 134 403 756 680 836 231 254 932 841 900 496 115 304 670 1 388 737 663 754 663 920 764 5 34 285 799 90 449 120 60 327 487 525 403 113 800 903 361 215 462 865 369 78 158 298 918 614 268 691 87 43 869 985 813 79 59 429 100 375 498 632 498 826 
54 962 124 188 598 384 807 704 244 354 850 781 73 485 753 238 861 732 472 546 375 516 735 910 489 482 217 412 585 597 27 612 34 25 192 428 345 50 503 908 33 123 464 714 889 3 705 453 783 897 592 788 687 571 972 212 337 515 781 95 241 963 90 231 121 925 650 193 982 342 216 951 76 432 539 156 358 986 65 696 353 869 650 282 716 209 0 591 523 545 868 36 608 383 767 96 720 455 362 508 936 767 499 931 930 572 80 70 497 376 490 802 263 940 65 20 393 304 770 77 558 496 866 867 46 291 857 246 610 426 590 628 744 195 356 145 451 880 736 456 836 160 337 578 954 54 655 306 322 102 221 816 224 533 144 328 950 371 591 524 713 989 742 50 337 580 46 345 207 401 750 754 941 678 741 333 127 258 443 227 305 514 71 295 92 550 13 871 398 795 294 715 157 861 383 906 456 559 628 2 131 633 888 519 78 991 581 445 288 49 976 442 626 376 8 268 789 184 545 39 750 988 401 418 71 527 879 156 646 663 4 125 271 30 212 884 794 807 42 217 859 954 104 816 597 926 332 972 985 233 955 310 564 49 14 173 172 421 149 619 208 435 565 455 423 748 52 608 638 994 952 643 981 956 897 191 316 841 109 804 217 366 43 253 982 418 563 442 192 323 505 12 16 299 158 576 775 152 491 108 744 691 874 344 878 553 390 123 284 816 96 937 729 330 235 594 854 518 615 510 476 6 897 961 266 651 493 317 577 239 997 677 351 39 605 949 107 225 423 379 201 411 825 365 384 833 824 370 502 579 603 119 621 954 540 448 571 592 935 581 941 792 377 883 909 56 156 478 598 386 547 314 250 583 597 657 197 862 385 787 525 484 605 404 95 432 726 420 715 204 699 163 399 315 459 15 358 235 915 86 885 282 809 403 967 828 332 222 927 215 463 225 901 747 726 458 20 703 233 961 552 479 286 454 891 44 435 625 134 252 615 108 564 499 798 959 390 313 935 634 966 221 873 452 641 194 887 656 92 556 767 871 665 522 176 326 427 997 579 616 577 244 988 276 288 851 942 19 104 482 478 492 948 944 127 307 593 677 979 561 681 53 233 477 763 684 682 476 245 571 723 646 280 892 791 512 732 380 993 169 
978 621 604 762 197 782 146 137 546 478 88 472 878 853 664 218 90 371 455 761 925 120 854 808 540 716 488 579 938 214 851 874 362 721 451 55 777 695 651 807 129 663 254 20 243 871 134 775 715 479 194 440 92 68 309 626 469 538 235 126 12 961 533 851 844 686 275 370 509 74 829 184 996 946 444 229 783 262 365 989 482 417 714 834 755 176 150 294 963 896 291 934 361 979 724 703 917 709 416 165 35 473 895 779 330 253 571 640 613 888 800 26 508 753 972 948 419 540 917 944 658 458 541 254 457 596 755 290 620 641 550 587 48 701 324 926 674 932 546 881 694 946 777 157 4 14 616 358 153 529 812 51 210 196 523 998 288 964 202 132 233 694 140 792 142 375 131 929 955 600 533 38 714 344 591 596 987 58 171 82 128 486 469 958 249 563 598 157 76 643 320 755 216 425 439 553 775 81 260 511 317 593 835 134 847 528 208 672 143 153 243 168 714 659 976 846 872 694 952 670 728 29 569 349 742 946 501 822 827 813 454 681 206 512 567 111 296 385 443 501 994 446 155 365 655 138 860 153 406 958 813 990 816 67 835 91 5 91 134 952 909 568 143 920 223 11 831 873 262 981 446 667 354 5 636 980 545 155 500 485 690 181 463 529 966 449 435 898 349 894 311 537 366 783 551 708 429 581 71 212 487 276 103 398 185 588 748 97 646 618 551 912 18 347 75 863 453 38 210 332 885 941 194 656 853 108 247 757 404 495 169 6 150 412 365 909 73 727 669 464 81 674 79 158 882 646 351 678 996 214 662 774 733 292 824 825 592 820 22 716 421 476 375 15 196 948 637 865 413 612 985 483 521 284 207 590 674 811 694 706 649 685 743 177 435 225 190 998 862 709 685 645 825 492 365 385 571 320 456 400 490 571 837 27 947 222 838 569 695 465 936 543 448 444 695 608 646 58 797 196 822 512 787 695 411 386 524 188 866 376 180 399 166 301 151 484 870 249 798 550 402 911 903 782 925 685 437 740 260 29 267 515 956 356 297 207 698 802 24 141 786 797 506 285 133 972 322 682 368 695 142 108 801 56 597 949 420 814 423 624 927 909 961 239 550 146 66 200 574 735 362 550 330 909 384 187 823 62 381 744 
402 889 892 58 765 652 849 289 824 723 901 991 371 294 883 462 869 366 423 188 726 616 87 738 927 260 881 90 302 357 372 653 896 558 729 73 368 486 727 125 971 859 803 481 338 53 205 766 333 214 532 72 874 362 902 484 371 485 290 809 110 427 148 159 996 463 351 568 350 398 779 525 810 823 880 22 0 662 430 821 375 502 202 234 866 84 229 236 236 123 156 6 26 820 388 115 112 649 604 953 556 382 987 838 897 506 971 833 265 162 546 703 150 576 993 788 0 937 312 838 270 319 200 484 648 206 658 240 905 427 737 636 39 785 187 698 201 405 190 929 945 268 148 308 371 648 642 430 391 983 655 494 637 770 159 745 458 85 212 41 923 947 140 215 981 86 450 876 474 148 915 348 160 934 818 911 223 275 219 51 148 462 714 828 540 607 119 472 731 618 639 323 111 624 403 234 1 857 355 32 181 831 704 23 682 122 560 92 819 985 527 728 997 442 60 239 388 775 144 964 435 290 221 461 721 17 49 615 632 257 405 879 991 619 452 338 529 995 803 244 620 570 722 318 7 886 619 327 497 59 434 86 265 19 244 505 753 117 703 551 613 670 388 923 765 168 754 338 773 99 315 858 683 16 745 889 349 171 102 86 943 323 576 124 822 160 237 236 768 442 575 307 731 936 785 955 331 395 617 640 937 753 234 979 999 553 800 58 297 250 636 910 630 519 442 315 175 596 248 356 833 769 214 664 348 256 889 765 116 177 929 993 411 715 75 664 639 879 879 419 378 543 689 999 822 701 958 269 404 939 347 780 823 536 912 569 523 625 129 97 159 172 762 476 643 543 971 716 862 721 554 682 80 746 345 998 406 150 919 957 590 284 875 849 280 46 273 118 458 791 752 636 157 749 862 784 910 10 267 975 318 42 866 960 278 378 933 168 458 638 501 865 696 922 352 726 406 602 520 823 210 846 130 326 924 118 763 450 535 27 63 581 30 869 729 890 625 83 585 927 493 430 356 738 794 961 528 515 234 753 483 258 731 9 90 878 410 791 694 546 727 11 913 424 806 139 0 401 314 149 574 367 143 978 945 109 695 868 506 380 928 921 204 956 516 45 429 649 624 946 639 193 292 335 623 923 343 769 404 595 
718 264 90 946 771 62 613 110 243 213 353 291 133 519 880 334 244 203 149 373 368 157 461 584 672 567 28 209 104 858 744 931 138 979 957 737 347 113 47 152 338 246 845 880 734 574 110 175 424 20 368 877 116 532 108 522 821 990 827 21 999 791 870 625 591 174 685 746 979 628 427 14 826 48 303 788 532 892 330 170 402 361 149 569 599 85 438 738 12 300 796 928 340 841 40 427 295 968 344 247 240 33 803 639 845 997 447 538 704 379 309 182 726 708 449 198 271 231 945 696 189 300 332 419 319 263 304 384 468 557 463 910 55 593 841 870 202 493 357 482 210 257 452 71 191 234 681 492 61 153 15 595 224 100 833 512 897 286 766 247 260 908 266 125 218 610 145 111 689 665 864 812 59 366 703 491 918 226 789 754 891 286 689 204 526 873 495 282 555 142 865 690 477 171 772 836 707 57 496 780 965 686 981 545 731 644 621 620 283 851 380 553 35 356 899 420 121 525 603 152 410 30 306 985 921 783 765 43 614 623 164 916 318 614 43 690 605 285 568 77 826 765 78 225 467 216 992 706 6 865 100 925 465 874 331 940 576 490 284 83 493 24 127 200 315 193 227 896 58 434 649 558 217 460 460 440 893 558 443 152 42 809 445 399 91 720 591 135 435 72 607 709 588 347 582 14 5 282 949 654 96 522 984 967 148 597 941 358 807 257 98 414 26 464 302 255 639 620 4 109 903 360 839 53 510 164 637 538 237 397 355 739 600 361 651 810 848 521 989 383 870 993 953 842 613 579 900 94 176 875 238 680 21 256 415 701 550 215 710 724 540 922 844 314 683 759 431 597 19 288 993 826 165 57 2 342 195 454 443 192 38 128 143 503 476 262 818 864 847 985 906 539 655 253 396 95 176 26 359 339 873 126 22 542 315 180 21 593 869 488 806 907 380 861 759 59 151 744 599 847 631 842 830 911 749 496 596 241 269 333 377 6 444 841 781 442 533 764 455 299 43 358 329 535 314 803 254 177 758 601 597 893 941 746 86 989 312 140 295 88 542 766 993 923 399 722 222 368 80 793 52 27 652 298 36 634 295 814 761 303 167 279 353 712 468 736 920 225 594 666 196 97 247 290 60 813 499 529 705 11 
16 818 698 463 480 8 520 672 309 768 883 180 501 690 793 382 399 905 668 421 716 222 13 320 580 82 384 703 938 193 202 776 902 975 239 860 306 701 241 477 202 73 161 747 558 780 953 657 781 461 557 631 677 166 131 72 992 858 455 119 722 717 687 184 245 465 654 450 442 192 33 479 417 514 166 176 590 699 690 107 208 294 533 574 502 274 259 43 172 435 378 532 88 228 732 814 283 669 683 736 685 107 340 71 278 746 555 397 859 86 785 530 557 257 590 590 149 203 259 763 387 751 483 391 483 288 603 619 416 351 410 927 460 268 260 401 336 160 26 828 880 811 604 315 769 619 670 922 767 598 141 370 742 558 449 254 235 210 632 17 444 323 257 535 420 279 870 228 29 656 303 603 414 769 88 798 865 230 418 427 325 414 17 279 100 935 448 195 583 134 984 562 707 990 854 788 201 867 430 75 175 82 158 93 687 354 432 515 518 799 993 546 511 336 192 25 139 28 209 845 533 411 894 465 802 686 26 159 24 944 470 764 743 21 296 471 323 859 162 696 660 135 615 734 393 143 103 343 520 496 168 60 132 873 932 877 838 715 607 152 877 858 160 453 137 93 235 578 61 29 957 294 68 914 276 651 861 676 929 263 77 295 788 539 243 13 768 163 752 580 215 167 357 650 973 264 884 247 677 151 132 868 565 691 447 44 997 531 583 520 12 855 142 118 597 471 825 651 984 827 231 792 73 35 653 98 68 879 156 240 395 690 360 210 774 840 579 730 214 755 873 575 159 114 991 191 885 332 344 527 885 955 221 147 341 565 299 222 677 531 929 651 1000 371 719 671 452 209 859 233 243 907 421 703 814 261 482 151 892 726 944 673 981 8 661 51 838 548 658 571 656 378 123 725 176 715 183 750 50 531 891 463 895 375 816 82 968 669 425 57 354 750 285 581 813 628 541 89 597 254 959 266 285 944 487 163 856 247 838 958 610 816 490 501 243 15 636 776 474 21 226 507 72 304 201 376 690 753 470 407 602 611 60 478 241 387 425 790 549 998 81 13 748 14 366 100 964 122 446 521 749 538 524 417 372 762 158 260 506 570 465 537 791 703 366 791 662 786 897 117 132 364 219 484 664 970 242 880 383 177 
25 157 72 707 463 525 633 193 370 180 783 768 410 909 217 582 226 975 78 690 911 400 597 446 707 46 144 855 8 172 268 130 99 893 111 500 890 863 941 901 669 560 352 46 605 760 680 81 181 333 126 531 927 869 476 42 414 417 723 57 878 766 258 927 687 649 506 532 250 279 900 854 204 856 774 855 601 929 559 420 899 724 327 781 851 507 724 1000 791 776 90 165 995 863 399 832 649 501 609 821 718 712 815 220 180 525 402 978 332 782 309 318 217 667 444 87 627 5 21 5 439 347 828 702 868 597 588 969 667 312 570 340 149 175 404 295 489 493 377 672 164 639 961 424 172 252 144 490 901 570 886 539 690 474 655 634 205 736 787 656 962 884 360 53 656 842 904 978 996 316 744 628 936 439 18 665 663 716 797 918 3 198 350 796 286 485 287 58 187 391 696 156 794 709 895 721 243 556 490 645 564 8 67 649 625 216 247 230 990 688 358 654 673 798 879 770 777 55 321 949 148 706 494 110 913 79 332 628 923 262 691 370 350 169 110 543 642 423 288 477 424 285 954 141 370 765 649 736 869 402 925 3 644 811 143 543 920 402 620 788 839 155 854 192 677 701 408 107 590 523 962 179 83 90 965 443 94 67 404 548 35 397 842 653 992 868 484 924 345 746 284 703 639 308 25 290 107 341 945 969 493 900 191 280 821 979 886 336 6 709 992 529 933 229 409 197 580 50 209 1000 726 53 678 149 110 57 484 850 315 77 531 234 723 611 766 836 352 258 235 837 424 708 425 146 629 504 103 287 507 365 89 779 258 71 245 937 644 713 972 566 533 63 545 399 413 74 974 211 897 306 227 966 125 539 412 425 136 238 821 6 257 898 481 489 12 731 454 5 269 87 396 555 51 376 601 521 518 914 409 11 561 139 811 75 559 498 240 628 335 723 247 531 496 409 466 11 871 993 992 485 687 444 933 188 823 939 333 793 42 127 557 758 53 285 346 60 965 607 676 164 150 941 221 365 947 224 285 479 172 878 573 816 879 14 839 374 522 62 407 628 287 811 850 744 575 546 698 721 599 608 931 187 854 580 289 294 104 683 501 62 972 69 362 628 730 924 16 745 898 771 345 645 237 846 514 129 882 868 535 275 
368 893 238 873 56 313 625 366 227 690 735 239 318 145 804 862 184 250 87 703 476 397 518 43 579 780 635 246 316 293 816 183 481 895 363 392 547 204 65 398 984 649 331 195 873 883 859 554 419 982 766 576 492 78 73 429 405 223 214 509 891 211 928 629 338 303 56 420 439 73 451 737 187 584 548 808 815 600 265 295 89 221 169 926 791 189 568 296 331 133 977 954 340 585 508 102 368 442 868 167 381 576 521 561 510 340 967 161 867 418 382 147 944 341 198 28 598 381 737 492 888 837 848 930 819 590 99 174 677 730 826 899 184 177 228 165 591 778 113 340 626 981 391 722 782 159 612 544 807 819 486 857 619 386 902 469 271 544 372 32 708 920 895 353 491 941 339 624 23 979 840 456 670 430 242 301 889 850 957 451 992 197 32 725 490 554 596 888 329 980 555 565 441 261 697 356 407 424 742 179 121 312 497 777 629 596 716 361 747 394 100 299 18 995 693 324 893 972 339 478 826 223 926 779 48 877 914 169 623 829 628 46 54 483 824 980 45 884 297 675 48 994 458 568 282 803 744 132 407 781 293 74 394 897 21 517 465 383 898 374 267 889 510 766 77 455 443 867 521 532 47 662 317 431 167 722 458 657 380 33 62 884 204 818 288 211 209 285 712 808 893 819 890 558 555 80 886 358 53 735 622 350 158 101 297 118 726 592 711 306 281 402 767 809 67 785 244 59 668 573 93 194 658 523 101 455 29 36 105 280 221 17 491 788 496 214 650 238 389 609 592 604 49 263 842 868 961 310 799 7 48 69 533 944 842 331 72 675 325 361 155 958 226 100 823 206 501 162 609 305 690 500 39 213 126 796 835 455 465 888 173 828 352 147 323 567 273 359 370 619 451 891 961 336 703 792 910 705 607 656 2 996 31 587 259 726 461 306 164 956 815 562 179 558 918 231 214 197 864 376 340 737 920 476 497 685 871 25 397 154 544 603 27 491 870 444 285 198 951 715 389 602 751 681 92 688 689 759 582 291 638 412 360 150 265 628 767 437 568 37 622 465 391 434 938 528 23 59 402 931 755 461 482 811 332 963 435 987 708 874 597 575 606 973 396 450 873 24 58 248 743 245 275 146 244 813 578 717 353 780 
96 588 448 528 734 264 476 315 333 168 620 773 352 318 318 22 873 637 607 862 152 110 252 721 630 223 294 650 462 711 430 590 967 17 10 569 55 482 626 825 814 86 808 867 657 76 268 393 69 544 47 228 335 675 684 406 57 633 669 465 155 855 997 571 869 336 339 351 933 170 807 212 923 900 813 828 806 314 41 740 769 913 251 2 278 967 934 652 577 995 799 102 168 749 535 29 289 420 846 869 727 195 978 930 344 636 365 545 807 19 810 895 366 686 895 532 718 378 15 345 254 456 222 805 614 821 55 300 706 214 553 670 109 721 797 656 159 219 832 765 716 202 572 492 263 552 25 180 704 110 42 42 724 423 317 451 849 904 884 725 533 848 917 357 65 493 640 884 118 568 478 706 930 314 781 333 186 44 942 464 507 776 397 679 105 408 455 286 863 836 573 100 594 214 202 837 705 262 6 901 33 679 379 571 483 292 659 546 146 283 173 81 80 435 278 131 203 11 990 125 68 60 347 107 502 74 325 493 759 951 445 431 714 440 428 929 686 999 645 4 724 395 958 781 25 389 872 632 81 320 708 14 398 158 277 149 906 596 328 765 216 666 903 994 358 675 692 51 224 168 510 439 976 659 141 294 655 123 116 389 685 434 676 676 879 393 937 871 89 205 739 181 583 103 322 89 574 500 694 775 464 896 628 498 171 260 132 504 18 558 554 877 816 979 902 883 270 287 630 842 235 817 620 941 316 370 705 727 566 153 115 479 145 500 913 398 146 343 553 880 256 803 289 686 810 213 988 744 668 12 987 472 288 646 31 191 281 790 657 587 826 349 625 440 564 536 497 626 529 936 90 991 609 253 743 512 122 665 823 704 489 95 487 786 520 956 899 78 19 101 54 435 967 71 195 258 627 428 297 336 784 127 681 596 227 736 580 787 456 53 619 553 63 930 521 882 731 160 763 424 440 148 96 471 601 386 238 678 541 393 92 264 206 271 839 494 392 638 404 487 529 173 928 582 959 467 609 13 850 941 790 948 553 855 200 825 975 849 374 502 119 951 156 177 347 604 385 823 643 226 320 68 513 123 619 236 675 632 785 614 723 458 394 353 198 433 615 464 336 812 717 150 213 769 669 414 130 725 543 318 
400 288 791 398 983 512 173 49 444 579 164 760 924 406 875 387 767 707 375 177 368 411 49 963 454 115 799 191 272 175 39 651 980 390 245 52 971 790 323 672 234 782 330 477 313 367 552 425 687 695 965 374 995 569 657 591 923 484 237 311 246 544 542 232 150 562 648 273 607 353 187 230 885 424 73 5 979 149 400 930 224 829 82 258 278 543 427 747 343 266 952 348 60 602 826 365 995 9 756 42 583 0 270 81 822 333 233 268 672 940 454 953 151 723 833 235 283 519 189 339 602 561 933 565 762 593 34 238 687 37 616 336 207 25 247 334 487 132 432 774 243 821 446 816 881 957 508 382 229 549 242 310 702 215 13 866 439 183 649 311 122 332 62 511 335 595 942 215 521 85 237 3 756 533 986 716 952 87 152 221 209 105 109 352 607 197 515 588 68 138 834 313 707 290 213 427 940 103 869 390 990 833 471 305 18 279 32 943 484 533 209 84 554 686 789 874 350 302 73 636 573 815 767 264 220 431 649 569 786 800 86 177 816 661 397 60 822 481 549 81 433 606 157 184 241 179 656 236 34 65 434 67 501 164 608 900 901 664 759 74 985 694 730 27 664 589 359 157 104 856 275 215 390 493 525 815 861 295 436 607 83 253 229 639 990 354 296 152 396 579 348 828 22 555 225 823 847 61 329 100 280 767 281 232 246 608 815 540 660 374 203 761 682 818 812 259 308 248 753 410 201 334 135 367 824 450 941 723 586 780 251 679 502 229 364 752 346 272 768 852 88 116 352 544 873 599 407 981 104 679 681 19 980 839 860 135 555 818 218 98 64 424 480 991 926 811 281 65 531 537 618 20 976 935 816 693 998 947 961 58 524 24 677 463 503 720 335 587 793 208 282 430 957 639 128 730 485 874 651 689 266 175 801 823 287 681 522 578 622 105 983 236 7 575 482 733 992 638 292 259 589 884 935 233 750 511 214 660 331 454 943 166 484 490 663 478 896 239 152 392 622 580 684 845 932 907 550 966 624 26 118 608 777 706 421 376 556 207 236 846 809 481 386 632 805 210 235 11 862 923 13 246 213 914 192 930 14 790 922 921 150 370 913 246 535 279 885 652 851 792 76 816 234 296 341 631 291 827 19 274 
970 114 528 614 224 284 881 886 298 6 63 253 614 365 919 92 169 573 154 99 35 858 292 251 934 756 453 566 808 307 587 913 944 271 233 249 882 917 765 570 25 574 560 860 300 587 94 838 785 715 876 421 410 234 767 18 745 371 279 382 406 752 531 65 308 601 781 609 812 911 297 740 35 269 956 409 97 123 212 309 94 612 944 749 755 812 642 336 908 223 470 339 632 811 724 881 609 640 821 908 666 203 185 972 71 85 479 242 769 742 695 710 613 449 415 448 822 345 324 559 439 656 357 875 834 2 350 4 809 391 710 397 265 502 876 922 724 439 871 248 962 98 226 178 77 920 686 69 886 872 157 624 408 444 593 776 883 221 348 152 286 809 789 350 610 102 901 427 790 356 220 205 342 398 159 367 44 390 352 275 140 815 592 559 243 599 320 744 156 793 97 95 722 610 442 39 871 354 761 432 448 181 446 391 866 494 10 622 752 252 379 357 480 290 378 173 764 745 884 89 737 321 436 746 823 933 763 489 886 366 110 219 982 970 850 618 174 369 399 670 950 278 205 873 641 696 229 549 949 977 454 941 773 399 494 782 673 587 260 15 139 789 414 430 817 340 18 919 793 329 247 25 438 45 355 991 33 718 675 690 714 921 750 27 236 264 616 786 405 966 61 495 562 289 296 752 200 656 864 991 561 308 814 213 800 870 410 961 288 945 501 616 645 117 366 822 367 971 722 524 483 319 573 631 980 945 211 216 812 449 374 61 322 746 740 930 627 795 258 161 895 661 725 572 417 448 868 751 597 908 556 988 977 133 455 133 79 656 483 647 84 940 152 61 595 460 691 543 652 495 437 790 427 913 172 972 990 311 260 531 334 287 902 293 454 798 639 596 672 45 346 971 26 629 354 31 832 900 294 616 495 226 486 164 636 97 639 372 879 891 231 381 835 931 420 70 434 226 734 897 683 913 869 40 51 779 74 834 674 949 740 348 954 689 65 448 201 646 700 106 186 452 990 612 883 384 630 579 277 179 456 20 742 45 873 846 283 317 593 680 563 315 737 724 705 142 354 316 392 974 824 511 873 206 117 322 370 99 484 68 268 4 21 613 964 398 518 360 101 304 274 426 794 92 877 790 528 873 71 710 
892 726 965 443 303 937 135 67 358 135 712 526 130 261 6 963 748 763 188 64 91 353 865 184 826 685 846 448 765 446 634 512 874 271 187 808 825 877 875 534 976 363 638 294 302 787 873 648 693 540 798 794 269 619 399 876 620 771 551 892 557 708 523 448 627 640 658 467 201 214 887 45 208 551 954 983 503 683 664 640 53 909 832 797 124 709 635 9 796 882 508 720 520 791 183 195 592 203 71 201 940 665 838 498 712 340 428 430 66 670 460 196 775 471 110 404 109 518 365 836 407 3 831 719 856 915 162 952 963 549 641 265 773 699 474 164 715 184 549 11 217 49 525 707 278 507 514 245 619 953 973 197 228 145 242 416 87 852 248 37 424 15 390 356 493 425 769 442 305 728 329 286 173 688 307 689 603 787 846 635 227 723 634 982 784 797 567 233 237 850 276 193 59 73 741 681 338 378 420 584 232 977 898 454 298 363 184 612 784 239 216 897 739 507 119 941 97 869 202 786 62 825 242 726 933 214 787 436 12 14 68 744 845 425 374 406 8 763 590 752 239 454 878 270 344 322 893 505 955 964 588 195 248 456 673 202 416 863 495 404 257 337 581 685 208 994 515 323 155 308 232 191 719 410 483 57 464 267 594 258 803 152 519 894 649 244 165 499 121 570 86 965 670 27 869 819 389 289 187 90 497 402 457 801 510 750 784 235 0 72 125 618 116 804 992 72 144 602 820 192 79 761 4 261 867 910 585 977 590 574 884 558 717 885 181 673 506 724 313 389 147 302 616 627 516 922 780 432 78 538 175 173 441 914 841 383 363 466 805 587 881 807 6 449 352 478 940 383 737 138 316 838 857 912 551 17 289 156 756 366 823 603 274 988 652 669 141 994 816 336 561 308 403 728 594 375 194 659 585 934 255 169 385 654 471 211 610 669 501 231 642 256 976 627 502 512 902 902 430 351 654 782 889 951 611 508 311 802 905 103 251 178 316 295 338 683 594 655 832 568 208 940 231 186 678 498 922 610 26 874 831 0 2 258 504 83 367 160 988 730 323 770 148 226 339 621 683 578 157 768 31 470 666 620 381 188 737 202 132 268 964 835 953 491 849 208 756 996 756 410 950 358 154 883 821 767 304 981 976 210 
461 905 168 305 763 669 18 863 179 845 368 637 563 383 734 167 518 227 756 628 106 873 1000 629 244 573 536 571 451 710 227 329 811 618 687 109 52 830 221 544 211 405 875 927 574 121 534 734 511 791 99 73 146 789 983 2 325 412 800 721 533 870 834 460 94 215 583 123 680 865 56 26 994 383 795 752 882 774 965 985 723 405 956 873 324 910 611 966 513 650 377 886 187 271 40 851 27 814 542 456 279 134 778 50 147 451 859 990 923 760 938 50 32 468 769 521 212 310 674 46 340 23 845 758 16 899 596 585 105 267 253 939 190 438 807 887 97 273 345 792 978 198 140 880 590 231 744 457 24 828 305 208 598 471 230 540 747 814 162 901 557 207 566 623 700 111 571 921 977 926 296 844 35 958 463 223 552 620 266 916 423 754 900 208 441 139 846 710 749 653 0 185 31 475 20 977 171 465 50 855 592 475 149 766 773 873 803 163 622 956 49 516 123 523 56 467 356 619 91 380 276 323 47 549 567 370 983 610 777 766 668 341 651 411 505 639 659 651 768 257 61 961 651 319 112 252 275 819 462 37 722 975 455 632 435 12 570 921 44 547 959 245 916 958 955 306 803 485 946 147 929 894 824 78 824 400 590 132 849 819 146 968 24 466 418 372 231 137 720 862 863 258 187 689 777 762 882 917 462 472 499 280 696 164 630 837 83 753 561 979 876 84 673 886 48 213 162 94 210 521 769 77 290 402 497 521 878 814 182 941 401 768 632 637 202 833 865 741 241 607 841 630 898 313 883 681 155 902 45 273 565 247 325 790 981 853 712 773 989 610 502 608 739 94 335 637 996 908 420 237 148 240 794 261 893 268 629 535 776 162 622 444 45 339 950 417 540 203 194 456 280 305 364 347 422 367 740 974 761 195 222 529 362 98 817 80 587 413 564 922 597 886 72 975 172 357 629 176 121 835 486 618 63 56 527 768 461 305 140 369 195 411 349 326 532 933 201 571 645 255 227 654 432 203 258 97 47 238 19 258 295 34 60 209 586 686 667 907 622 510 261 695 564 306 775 49 241 118 675 510 180 253 881 907 903 431 838 248 485 157 802 899 303 834 171 341 829 655 553 856 752 76 853 366 812 596 500 147 746 147 
632 279 582 318 310 51 725 193 243 384 267 842 355 264 531 87 338 72 423 356 184 817 180 88 243 636 146 138 978 815 572 108 667 947 563 735 758 715 990 646 766 904 787 774 666 149 272 82 908 722 374 201 150 80 921 441 821 895 791 498 497 898 272 324 327 153 566 837 771 413 562 952 282 422 907 70 461 685 835 880 878 605 451 429 470 871 15 557 260 337 296 294 43 594 615 719 380 59 519 950 277 120 458 861 621 45 550 15 11 771 221 763 449 140 914 17 503 47 678 598 495 854 881 237 825 431 916 902 435 183 331 118 106 833 700 611 821 90 492 870 988 894 813 879 368 440 694 650 964 562 647 955 278 559 709 685 260 897 276 561 783 96 689 683 493 667 163 674 366 896 388 747 83 699 403 706 197 1000 975 4 909 536 499 860 94 921 485 143 405 924 435 961 301 321 138 429 526 206 709 539 479 688 825 183 170 668 174 943 866 483 932 279 173 655 432 61 422 571 513 996 394 267 570 986 652 81 822 534 140 549 776 917 571 96 935 23 624 848 943 897 601 479 301 111 250 959 687 792 829 314 313 406 757 507 711 705 378 732 657 896 196 965 605 790 669 576 690 398 692 572 297 565 273 10 298 579 390 942 616 625 773 436 280 108 628 607 974 438 650 591 948 291 479 789 907 758 983 497 576 564 229 549 80 420 839 802 309 688 727 752 68 996 146 963 223 623 549 784 975 260 537 278 722 20 246 327 239 937 294 413 445 536 489 354 352 309 577 120 977 762 98 14 839 799 428 340 835 509 141 896 794 861 825 258 539 133 232 584 884 75 560 726 611 896 196 433 567 484 701 60 222 317 105 715 940 438 590 970 78 843 432 272 798 843 587 756 170 684 383 911 264 233 716 838 578 776 101 131 444 124 999 771 795 412 187 302 161 194 343 179 379 699 877 183 780 322 239 504 777 982 522 483 639 837 792 9 161 69 859 267 707 975 360 33 79 524 247 905 666 671 106 109 58 955 926 588 374 998 997 415 473 172 198 387 80 860 149 279 916 212 249 251 390 82 429 42 626 320 807 574 551 816 504 81 996 6 78 37 828 173 936 361 236 115 536 201 939 968 871 440 219 679 483 158 782 708 512 961 946 450 
128 618 901 756 700 471 74 586 546 754 614 920 976 181 66 920 970 521 118 557 171 59 39 868 529 990 495 396 433 825 978 698 11 956 105 32 108 705 733 27 562 404 73 251 788 809 569 415 522 743 439 888 440 840 500 433 808 80 54 514 902 630 685 783 116 811 375 288 376 969 525 539 930 736 713 783 384 468 968 262 521 663 840 315 255 401 871 857 830 430 230 564 166 393 883 671 453 934 647 24 463 977 597 22 706 521 661 872 355 57 351 427 635 995 181 962 794 925 68 720 243 768 107 598 743 974 383 703 782 149 327 955 390 941 462 445 83 427 200 159 499 653 868 838 225 231 902 343 481 183 814 36 295 388 639 319 960 454 366 823 259 72 164 986 370 447 206 356 739 180 112 835 483 134 36 449 95 10 804 637 291 204 246 981 397 834 56 460 275 206 665 526 244 676 253 432 937 719 610 194 346 438 930 583 685 114 125 716 287 922 751 334 166 931 579 7 273 202 483 777 501 1 190 773 889 508 109 499 749 934 833 726 584 954 554 959 664 425 158 2 597 921 893 3 463 345 985 800 447 69 408 917 619 827 927 414 396 759 733 78 568 854 170 853 525 568 241 371 1000 570 628 498 396 821 246 368 410 354 453 829 280 49 807 847 660 106 618 706 374 710 917 414 130 160 344 872 174 580 843 916 178 895 74 428 95 647 891 182 645 299 893 667 298 272 702 458 574 859 312 244 289 423 179 186 117 200 946 35 892 166 6 407 470 595 403 836 473 915 775 45 726 25 238 131 822 952 787 411 426 894 67 506 390 200 820 147 912 904 361 473 545 53 910 223 326 949 672 214 568 292 946 549 462 27 979 759 951 716 516 517 775 68 257 546 967 148 64 545 845 155 404 15 960 358 107 259 776 196 155 387 1000 981 796 753 319 117 708 244 891 358 817 250 987 651 650 975 937 776 832 880 715 321 934 474 197 181 549 340 503 223 826 267 170 239 477 866 719 82 314 56 324 269 115 373 860 333 513 408 352 73 345 955 55 522 493 203 173 190 207 796 91 744 879 761 469 18 535 105 789 221 193 798 940 636 736 405 17 147 550 46 301 115 427 483 640 369 197 541 276 48 323 106 888 454 272 275 642 853 303 75 
139 1 988 301 909 114 708 81 208 232 957 37 204 240 786 568 265 20 364 709 757 228 199 827 414 555 77 827 651 394 770 359 311 38 734 412 0 411 967 842 603 291 487 171 228 154 36 80 932 663 865 549 50 121 772 185 129 0 77 718 132 154 114 42 242 699 912 25 500 945 653 454 880 681 795 868 416 82 274 538 957 570 525 330 506 369 442 981 243 548 550 229 298 67 115 581 929 367 545 819 826 692 520 236 425 484 830 309 545 344 788 389 80 845 282 579 332 16 297 782 35 419 78 378 263 974 354 210 257 277 541 238 825 637 326 44 83 381 425 762 86 859 12 211 348 438 19 257 619 93 541 649 604 383 447 227 819 455 645 293 822 44 264 972 786 691 594 32 34 435 231 592 590 432 865 508 362 725 865 828 495 664 113 708 534 271 883 821 242 943 983 314 138 958 456 41 565 843 545 800 519 734 21 380 222 695 246 670 959 905 228 329 784 943 853 851 484 265 952 632 613 170 550 234 809 602 671 957 660 77 49 677 999 859 395 108 31 819 130 287 540 224 607 829 833 260 295 266 664 59 144 981 179 105 241 753 529 383 902 901 132 337 279 545 272 773 394 191 134 964 381 959 578 482 435 365 52 26 513 596 734 775 987 370 170 923 950 399 983 459 789 740 756 319 477 744 926 279 768 596 158 800 116 184 312 851 513 566 597 319 558 559 268 239 66 97 343 298 522 537 135 612 752 52 889 591 364 915 402 372 925 664 325 161 816 305 85 425 903 248 885 510 635 816 789 284 782 90 310 609 770 407 661 16 13 991 247 820 520 318 458 436 329 155 275 849 403 693 759 918 148 664 400 250 426 452 922 496 11 926 301 914 453 815 887 450 416 912 860 389 353 230 164 803 86 932 501 68 128 521 844 275 696 494 809 749 668 671 504 703 747 518 936 971 44 389 511 105 791 447 619 417 404 242 503 928 147 279 407 43 967 650 419 817 158 869 695 318 550 589 186 201 572 902 768 796 159 676 825 205 72 426 491 625 61 363 509 614 737 477 655 670 532 836 114 145 191 907 545 978 864 840 150 672 17 949 653 772 638 308 185 819 361 395 681 554 441 899 305 936 625 199 812 699 978 21 261 405 206 714 
436 149 801 236 396 98 323 357 476 721 110 474 403 653 90 863 313 414 339 905 784 950 132 553 806 176 937 678 36 637 764 1000 159 955 1000 889 115 773 94 422 794 430 345 33 997 640 348 993 774 344 503 670 493 763 476 475 357 162 700 845 514 522 638 653 63 980 119 27 529 931 570 393 661 315 318 110 884 163 910 417 432 691 59 282 393 13 1 51 911 631 61 950 886 548 428 812 329 548 895 475 491 655 143 683 104 300 724 337 561 15 646 935 841 506 987 429 375 142 72 27 114 290 104 371 596 617 871 287 560 170 285 835 793 918 916 767 478 59 574 947 59 723 146 462 539 550 763 62 241 626 674 881 798 868 755 113 318 922 24 281 888 257 558 890 857 7 432 927 324 108 165 673 912 59 923 467 349 512 769 638 359 524 432 276 65 695 793 774 962 932 521 736 479 845 635 751 844 320 850 516 33 123 408 934 234 169 776 630 511 103 268 879 468 13 971 735 301 140 163 233 735 22 966 48 238 507 939 928 810 759 399 630 731 671 24 217 419 610 499 172 463 681 925 773 135 718 344 528 61 261 977 526 130 51 605 412 249 900 744 371 509 478 966 578 993 512 376 437 494 0 497 183 423 768 148 39 440 932 673 601 6 162 193 138 61 133 740 918 965 579 412 903 537 662 630 321 632 896 138 381 160 236 262 331 689 607 231 397 85 259 340 115 302 582 340 783 657 823 48 608 412 499 841 746 966 105 36 686 293 892 907 546 925 437 737 12 171 365 692 521 874 420 607 433 944 147 608 638 640 7 93 673 330 930 697 261 298 866 959 949 125 183 400 292 321 137 112 767 687 393 925 444 456 559 673 475 502 419 685 872 524 199 919 777 26 775 939 845 450 901 193 648 473 255 75 829 412 976 885 91 228 521 201 17 108 26 93 985 28 656 554 632 434 82 910 446 132 423 986 538 235 686 584 818 382 586 580 272 159 157 258 595 739 136 32 100 668 113 488 505 153 112 923 614 407 28 656 211 502 597 280 313 493 408 602 203 149 621 420 419 124 319 800 267 193 109 823 977 302 686 27 76 893 856 36 758 769 136 507 429 729 283 913 926 644 139 293 556 202 97 978 243 157 731 438 302 833 412 963 418 
747 430 603 610 948 29 902 693 786 846 448 264 561 94 276 228 91 136 190 835 646 456 878 925 341 448 91 937 461 487 203 246 528 215 459 286 871 948 107 267 469 351 914 63 410 836 745 456 346 951 125 938 979 142 883 344 433 562 647 313 936 570 995 105 179 397 184 160 694 878 438 616 218 326 343 414 529 35 428 687 94 897 190 426 171 633 648 13 921 101 252 256 235 325 411 532 335 347 494 666 245 124 660 441 544 444 209 116 182 739 297 579 148 879 554 620 967 252 398 41 395 384 719 35 494 865 422 659 722 980 490 530 162 890 703 553 465 906 864 624 46 420 548 705 701 487 501 923 894 539 761 937 510 826 790 443 994 221 883 169 74 290 27 609 196 477 865 775 534 9 403 379 522 263 867 835 252 338 125 657 412 132 701 821 446 11 625 764 304 624 588 696 973 357 625 267 175 31 380 36 291 204 958 77 370 800 593 539 737 566 24 74 168 791 550 69 144 209 688 850 292 557 255 573 695 47 294 250 185 211 946 878 40 444 4 133 128 948 47 66 307 171 481 869 675 36 937 958 787 54 910 655 734 891 703 468 992 515 690 247 163 487 608 93 386 873 249 435 555 864 168 17 731 797 55 825 724 901 27 233 13 194 917 80 567 378 240 548 484 216 476 319 584 383 451 212 646 346 561 403 895 598 662 791 583 410 743 463 903 162 248 806 977 772 53 310 557 644 625 316 8 301 733 451 960 238 294 413 236 242 922 524 13 63 936 492 726 393 914 20 776 288 816 352 610 654 736 442 847 997 345 47 750 173 126 892 498 843 870 234 56 766 196 135 164 178 783 458 149 568 0 457 835 420 573 94 809 262 449 337 599 170 138 596 708 580 879 693 744 36 963 921 818 69 944 863 303 756 170 913 226 141 612 664 576 515 189 841 250 621 557 555 186 551 196 641 674 686 419 829 337 157 103 259 14 348 636 941 622 429 520 773 637 626 108 792 285 366 224 828 837 550 412 20 931 768 83 123 243 586 757 874 695 263 488 256 284 155 616 555 363 856 385 795 836 234 132 692 927 533 85 394 925 187 516 186 34 76 41 499 175 465 108 200 854 225 322 926 609 81 561 401 341 676 489 266 213 465 766 74 
957 438 726 558 438 196 237 223 688 794 648 206 387 729 69 260 640 670 45 291 402 421 551 539 967 230 389 125 998 739 124 702 64 349 158 534 998 199 195 82 490 624 334 400 495 458 768 421 802 652 891 81 181 235 491 239 589 825 497 472 896 27 479 704 686 773 391 98 639 98 607 187 739 710 605 730 682 644 502 318 674 631 924 459 47 185 62 106 114 429 731 117 936 573 200 680 628 96 811 202 973 815 695 427 461 752 153 876 406 224 883 268 420 355 107 641 403 810 171 807 305 838 629 795 938 573 90 974 824 586 342 283 624 563 427 712 943 756 716 711 376 11 221 81 324 490 589 697 736 942 310 196 344 755 645 776 120 320 746 548 229 515 213 479 211 255 923 653 271 665 336 505 541 691 25 915 35 775 709 627 956 888 10 762 631 626 500 812 801 919 730 216 428 235 708 601 791 284 174 626 5 768 743 127 654 701 455 338 887 512 482 582 302 856 752 248 421 827 840 897 98 620 586 702 379 311 739 384 932 929 722 806 769 202 583 845 436 6 565 199 421 581 694 624 370 736 682 864 677 566 295 19 546 613 110 465 369 445 812 467 422 762 331 173 389 139 365 655 240 106 649 853 4 296 156 540 470 39 779 280 757 255 541 327 687 405 23 621 770 851 542 236 297 949 598 96 638 88 40 623 50 928 612 132 453 382 238 276 609 31 810 352 322 526 833 741 152 644 636 455 944 393 83 990 194 11 163 313 843 609 25 314 457 169 509 933 813 870 841 479 266 52 991 313 437 534 484 541 571 365 377 223 396 998 17 576 1 582 398 183 749 46 856 719 335 370 520 758 290 322 910 981 454 929 533 229 29 64 293 586 310 898 259 901 971 385 367 57 615 558 819 572 75 362 154 897 0 62 933 701 747 304 750 543 674 319 534 574 466 567 307 464 539 50 165 852 368 519 611 266 760 258 139 570 948 279 385 6 430 506 207 759 363 576 211 384 804 206 859 506 854 3 220 541 647 21 644 197 109 333 275 246 707 136 494 572 957 175 331 770 88 585 962 277 950 257 413 165 907 803 915 505 547 688 72 820 667 535 260 894 154 68 477 933 291 542 720 88 282 364 805 824 464 806 577 812 963 581 897 878 
953 159 539 196 889 406 975 552 847 420 933 438 391 68 619 887 846 942 127 8 671 314 120 867 29 470 987 77 722 261 596 967 706 423 129 127 924 513 711 660 94 212 242 715 518 607 429 992 295 736 60 770 84 700 670 266 710 15 697 373 291 785 296 322 265 419 623 44 745 418 683 831 493 583 281 196 406 140 759 199 385 912 543 754 388 643 23 468 10 411 644 800 417 413 711 220 858 651 601 745 805 647 267 204 624 298 997 246 210 184 908 987 486 946 44 713 661 760 288 799 107 465 482 941 219 542 40 119 206 741 266 883 25 771 177 661 856 193 703 576 996 180 687 533 649 552 564 874 82 631 800 168 387 617 116 371 205 247 450 933 104 322 942 230 120 483 31 278 685 486 732 436 416 906 968 150 371 330 597 46 869 272 126 224 615 269 280 628 310 549 656 413 290 367 403 125 454 363 406 190 967 829 850 819 315 597 771 980 739 800 968 227 905 207 590 253 633 700 134 824 404 621 187 508 151 415 799 131 131 316 239 506 752 930 220 370 488 558 220 280 39 750 193 103 564 291 392 917 588 376 40 930 510 224 542 340 746 97 457 580 286 291 192 546 187 622 233 120 783 336 765 459 922 549 48 314 793 969 815 134 589 756 205 420 831 9 653 967 89 804 206 714 205 502 26 557 505 498 607 547 733 794 136 769 759 358 175 568 205 731 446 586 283 40 890 186 12 944 205 397 278 638 905 697 157 723 30 417 972 381 572 52 145 358 430 642 624 149 341 334 950 773 258 355 468 598 249 232 153 951 823 268 783 116 352 552 391 336 871 86 946 168 45 998 292 995 936 494 515 239 839 728 819 505 770 640 945 604 607 589 668 488 211 88 260 195 287 807 297 855 669 396 512 642 332 72 518 186 628 185 93 747 340 183 699 237 542 182 535 276 167 375 175 105 977 507 809 682 507 203 737 571 66 859 8 152 665 812 768 781 820 929 154 384 797 920 962 245 835 851 951 887 614 61 249 680 613 754 250 317 851 763 465 322 580 106 446 885 508 98 533 128 843 866 164 320 146 290 956 658 533 462 468 685 584 432 372 90 592 758 228 432 246 287 293 335 694 222 825 889 4 582 543 608 608 761 720 88 561 764 
883 236 270 77 791 387 780 87 684 324 984 971 210 509 592 604 153 99 223 979 149 669 811 552 771 900 62 640 410 422 823 234 314 701 161 458 181 72 132 599 756 572 703 20 119 656 648 736 559 9 743 724 980 926 237 981 445 58 579 287 944 71 552 802 546 900 702 764 301 615 105 653 95 900 940 550 690 436 31 1000 162 418 46 726 650 13 201 648 904 441 639 572 86 39 111 175 727 673 881 746 907 471 245 723 271 284 672 571 485 665 837 675 790 949 747 175 657 794 883 482 986 49 609 88 774 891 880 33 86 911 326 663 67 150 268 688 124 281 294 804 685 635 944 549 9 372 42 11 126 978 880 557 515 67 434 193 754 811 624 288 776 911 608 351 261 774 304 711 175 539 187 143 555 748 666 262 992 350 918 461 53 328 867 226 360 668 915 383 320 494 628 468 912 278 476 641 414 898 481 215 875 34 815 533 805 930 107 373 782 393 735 512 770 76 153 998 189 746 408 949 504 69 581 141 415 121 984 980 288 585 242 176 780 277 1 425 625 12 802 43 89 745 870 321 404 703 210 857 209 806 705 855 608 799 792 3 820 303 719 989 472 276 230 432 554 189 666 344 261 445 881 590 759 738 696 426 676 861 388 365 459 793 777 606 519 515 367 744 600 257 316 961 267 830 628 568 186 738 795 974 770 546 402 734 362 252 555 243 746 118 96 502 736 371 871 815 28 149 632 527 279 118 768 287 301 96 778 790 767 484 347 692 899 679 112 150 951 239 740 751 857 360 746 245 490 9 273 361 659 66 905 914 156 865 506 637 87 837 649 397 917 637 947 924 995 310 487 711 752 778 385 166 158 612 213 972 119 340 842 95 294 614 849 511 831 887 344 596 248 493 385 727 487 535 848 801 505 554 418 290 896 238 596 848 145 847 611 446 197 580 798 115 30 623 100 339 457 391 116 110 405 163 679 605 682 190 121 164 382 126 785 498 709 755 144 844 724 573 568 126 30 523 398 589 721 609 782 953 781 431 312 958 905 884 704 119 882 690 81 530 700 39 720 447 45 915 327 137 486 92 52 959 229 922 330 197 379 474 38 617 117 334 772 160 713 205 990 942 272 337 631 869 501 69 600 173 605 249 205 797 
489 686 863 804 943 40 58 753 469 219 13 40 14 309 765 202 785 276 222 942 744 511 787 519 405 168 907 98 20 270 181 121 59 133 498 838 581 872 210 114 189 538 536 352 163 963 527 943 215 714 578 796 325 279 733 470 449 44 799 758 257 926 235 230 386 104 577 582 968 537 603 156 347 98 717 583 800 913 111 303 261 262 337 187 28 26 605 432 90 323 123 980 778 184 739 526 870 482 470 353 590 888 570 444 53 815 548 90 185 700 80 41 0 654 494 620 311 841 508 52 529 814 45 249 7 579 659 889 847 319 282 730 727 40 271 198 735 6 723 710 801 371 814 35 77 254 778 443 521 827 701 220 985 298 413 46 78 872 746 946 996 389 76 441 528 42 35 568 331 284 377 527 364 187 869 692 853 770 814 932 539 652 267 130 251 284 690 48 145 116 309 542 184 728 228 186 933 983 372 210 63 823 872 349 448 696 382 716 232 641 819 583 213 810 910 973 635 628 800 118 91 246 649 343 344 47 277 817 409 114 154 167 787 813 227 77 397 182 240 347 745 178 817 85 616 142 211 281 578 615 999 405 503 498 964 190 17 14 57 161 394 191 808 976 422 896 141 325 432 599 306 643 149 999 570 198 181 954 800 321 634 105 397 831 416 276 131 10 762 968 816 803 318 364 576 918 113 213 6 426 919 799 416 262 800 934 262 417 574 289 813 956 296 717 460 642 925 510 870 863 56 287 473 25 487 619 576 706 135 842 655 455 160 484 936 214 868 502 495 584 822 101 574 535 367 316 65 381 498 40 99 478 36 39 130 639 250 963 512 264 284 260 71 532 854 809 892 881 907 694 809 972 841 400 995 412 614 142 454 144 982 439 328 690 111 503 420 910 531 449 892 623 843 402 992 870 793 698 763 43 405 500 932 92 705 545 1 235 474 97 832 369 286 999 670 317 957 422 225 24 646 604 48 557 58 457 734 888 776 463 605 583 917 1000 582 630 768 859 912 705 862 139 705 653 830 409 505 147 271 782 425 820 629 124 108 866 440 14 840 29 451 270 48 656 800 767 590 922 83 50 361 760 638 572 551 425 976 3 276 399 289 561 332 558 112 247 532 92 655 654 411 488 969 502 583 270 203 57 990 618 
742 951 248 318 248 813 803 78 133 403 838 321 128 927 815 743 176 851 641 473 932 732 229 817 377 568 381 262 482 229 856 329 435 171 885 211 704 406 292 612 238 576 323 370 703 710 792 91 230 360 561 474 829 420 990 4 975 536 949 295 327 887 29 383 124 217 403 895 698 177 436 519 1 225 855 341 329 30 19 967 198 52 641 8 140 169 88 739 19 746 334 679 917 88 171 631 79 541 638 888 94 278 94 9 130 264 660 421 833 358 666 904 274 574 323 905 396 737 80 453 181 55 685 525 49 87 82 536 37 735 291 280 751 676 80 472 325 973 890 131 993 268 115 559 0 45 697 911 928 582 494 218 193 469 912 337 721 637 662 418 367 758 414 834 538 78 849 428 557 289 428 629 499 491 192 199 15 778 114 497 435 460 864 160 636 11 254 782 71 999 434 477 82 162 427 403 520 645 508 415 599 144 215 580 309 283 488 854 541 900 180 667 342 984 762 501 485 968 218 540 966 773 664 5 518 980 931 908 600 475 407 339 3 381 632 523 816 434 725 616 839 45 980 766 944 701 385 832 695 601 685 979 327 707 372 272 388 513 226 776 445 279 0 139 94 445 948 767 310 137 110 7 566 693 978 81 937 359 85 251 298 383 779 555 235 833 427 198 780 728 123 168 741 357 443 508 913 995 5 925 727 523 339 805 193 636 515 965 793 751 626 473 826 101 690 522 184 852 870 504 372 342 998 827 650 196 124 351 704 655 409 800 467 414 716 95 735 966 979 886 672 316 643 322 897 684 275 516 286 840 937 591 117 181 140 258 766 155 131 212 597 77 426 775 546 78 728 278 990 393 981 321 411 330 809 985 209 171 297 175 124 628 410 439 808 37 523 469 851 584 590 394 776 950 646 13 201 734 710 99 645 234 850 842 277 203 362 450 53 943 649 618 445 8 131 92 180 150 232 416 224 773 833 693 110 201 327 779 701 332 485 550 434 677 969 122 225 415 582 754 493 877 343 124 301 50 378 587 428 272 55 898 789 688 881 492 677 746 789 505 126 516 720 282 975 388 599 854 687 17 972 208 677 54 920 232 58 991 308 236 531 565 715 693 622 210 261 866 129 292 409 772 998 222 493 82 17 484 822 689 
770 730 885 508 174 255 676 413 897 27 708 449 521 546 458 483 263 627 534 62 534 216 66 265 229 368 209 199 736 892 280 166 468 48 340 554 207 476 697 361 714 350 90 36 306 850 98 830 79 211 71 638 652 277 347 260 625 278 312 328 745 75 782 839 145 187 915 451 417 91 992 57 692 741 439 44 398 227 576 528 992 660 800 343 607 332 325 478 601 778 866 574 864 360 84 591 761 570 963 706 424 465 5 314 518 620 852 598 846 958 955 663 956 430 59 171 943 493 4 912 904 482 649 367 810 914 94 348 691 208 627 26 956 551 747 198 997 213 635 402 804 661 203 533 591 818 737 62 226 55 341 809 272 899 601 828 393 239 451 13 739 621 135 38 365 365 970 568 790 90 116 949 74 426 551 128 595 258 515 856 653 50 314 657 237 468 340 831 510 228 697 843 577 200 257 949 218 987 360 499 576 673 717 389 802 747 207 251 273 969 696 897 385 346 54 997 349 500 362 313 535 793 382 948 520 559 365 346 207 16 58 510 658 739 212 129 742 504 59 860 195 168 878 876 347 396 693 826 368 570 692 843 174 254 206 86 651 382 58 564 695 770 572 674 991 797 154 310 123 574 848 547 440 135 102 811 706 912 435 202 944 307 419 375 415 656 569 462 537 390 571 691 641 210 871 496 614 172 596 262 189 880 855 410 57 840 434 164 383 994 73 781 953 728 456 88 691 935 653 57 237 159 563 456 881 465 258 361 252 582 805 1 475 303 108 914 378 180 609 209 434 954 579 845 967 645 382 797 42 474 838 707 549 941 334 164 478 406 724 737 548 159 527 929 923 709 583 905 121 919 430 163 854 62 733 819 182 28 81 128 610 50 705 360 552 654 684 524 517 730 486 130 257 999 95 466 524 28 582 656 264 664 124 278 96 630 539 32 916 217 788 649 58 508 702 829 846 1 503 887 639 304 297 371 876 101 320 723 343 525 920 698 963 117 260 746 897 476 183 18 27 738 592 444 93 352 739 118 599 989 474 141 469 493 656 827 603 919 225 819 635 339 647 408 120 851 734 177 775 858 422 475 854 591 472 7 345 336 596 751 247 84 228 376 194 10 477 520 152 199 337 260 753 44 852 102 957 688 784 226 
232 616 698 424 580 593 614 851 345 946 677 392 274 934 775 678 350 254 933 522 659 450 241 589 584 384 244 42 580 438 142 803 599 446 417 215 421 667 728 294 145 475 581 242 824 476 352 540 343 411 278 168 823 604 221 335 798 417 585 964 295 2 349 718 824 522 557 366 391 147 109 501 496 290 811 461 728 80 151 404 203 294 996 911 959 677 362 49 390 392 728 59 467 871 565 728 206 651 759 961 299 677 543 110 196 61 585 345 133 19 955 743 801 137 78 815 708 236 270 739 666 864 434 85 730 929 861 736 972 811 160 750 36 502 103 62 763 100 858 678 888 375 592 405 971 779 729 116 215 343 143 904 361 116 757 796 572 205 275 968 103 164 480 152 831 628 761 690 507 93 797 749 81 407 78 147 487 208 300 613 794 463 462 414 356 637 299 918 361 983 753 798 328 825 729 850 802 484 173 275 708 838 138 684 753 730 671 736 656 139 208 821 782 657 985 572 127 988 512 535 961 505 380 660 866 590 77 998 546 472 169 968 404 904 597 489 900 776 423 272 22 142 528 77 338 739 193 336 293 629 847 931 432 397 665 328 60 317 191 529 325 654 545 506 468 221 530 481 124 517 831 556 203 315 118 348 303 460 60 966 867 360 938 224 98 369 390 195 434 551 361 148 797 344 448 616 256 44 449 648 903 895 278 603 217 735 354 130 717 53 230 754 520 532 370 613 255 480 231 657 639 795 868 989 784 39 904 626 615 190 796 177 624 993 293 931 425 240 249 26 458 796 287 258 173 998 946 282 915 766 508 294 712 633 497 37 925 671 920 409 627 994 169 632 69 815 202 603 425 250 557 986 893 870 463 73 979 698 919 158 493 173 841 347 618 474 302 479 464 234 840 992 47 265 49 73 993 858 979 449 674 294 946 736 444 341 930 805 13 759 301 681 397 457 578 673 889 412 630 374 352 720 918 212 509 696 177 112 840 982 759 685 550 504 560 524 614 598 258 434 76 895 330 944 954 284 132 438 951 339 965 548 301 817 110 688 653 697 791 291 717 147 748 184 183 16 700 225 280 552 423 283 534 693 86 912 30 125 651 98 201 379 288 554 27 881 932 294 165 506 336 868 415 520 529 551 779 393 727 157 
11 799 232 402 443 484 883 409 688 396 678 161 398 511 950 756 979 915 846 806 672 662 582 123 238 228 89 841 611 232 536 454 103 655 95 479 31 201 229 627 133 322 836 835 597 258 793 174 149 302 706 688 936 376 665 377 751 223 313 655 494 360 875 259 416 167 575 331 717 710 651 395 970 682 354 807 454 544 101 11 541 660 681 890 800 73 607 755 179 903 465 874 900 975 429 689 348 850 18 531 427 541 292 321 898 676 396 581 467 698 166 538 992 982 620 461 888 640 996 329 127 747 846 151 326 246 681 543 887 83 121 168 276 139 832 637 331 653 561 469 63 207 26 302 59 721 319 974 343 655 305 146 68 677 905 960 858 621 262 325 134 378 520 310 795 733 598 436 585 946 68 600 226 765 336 251 200 627 410 933 521 57 449 180 243 51 559 7 222 331 431 316 393 83 638 843 355 69 131 858 54 74 980 795 377 600 431 17 303 488 816 552 930 930 680 496 609 553 980 879 460 852 984 596 348 106 624 578 301 957 934 787 914 771 293 401 419 923 363 123 304 12 905 342 64 30 183 331 477 54 924 1000 231 139 149 749 528 375 924 843 667 304 949 268 155 835 244 439 699 995 154 426 712 310 840 129 413 305 150 905 644 50 819 356 636 863 642 519 9 919 738 880 304 963 771 307 536 974 15 796 648 151 520 200 818 597 377 588 645 208 102 611 235 748 728 421 729 865 336 296 519 236 985 89 55 555 640 50 555 635 104 76 249 540 860 413 513 810 473 719 951 959 27 846 672 727 516 587 566 881 629 97 221 816 737 785 823 716 681 264 595 624 117 293 554 172 232 698 97 95 400 594 978 208 447 504 991 368 815 231 820 483 799 39 317 616 489 162 444 352 621 676 976 660 603 969 982 345 382 274 816 319 576 82 103 484 774 232 65 845 374 902 20 584 541 794 340 733 938 169 844 750 508 462 227 589 155 588 559 719 337 384 508 412 759 235 572 150 796 23 516 222 984 633 374 415 626 882 409 587 315 437 72 261 426 473 434 178 539 145 558 713 582 571 284 364 517 832 616 293 511 89 469 542 541 432 594 133 992 441 724 769 952 839 978 384 276 42 930 479 701 607 623 774 481 174 806 637 801 707 
420 661 485 916 107 920 673 928 660 641 603 943 618 256 872 527 834 929 449 194 541 180 772 879 351 856 98 749 824 327 972 519 375 138 587 935 566 242 674 714 803 788 777 646 281 704 857 997 255 994 880 389 263 185 105 258 210 591 796 153 391 872 742 600 102 845 532 425 376 277 379 725 170 705 176 849 358 856 366 405 804 331 249 340 864 431 86 838 391 979 55 11 803 967 525 569 408 574 226 413 398 420 989 149 529 534 473 414 500 905 297 933 573 887 973 774 407 764 369 848 77 940 232 532 803 749 437 414 80 791 804 555 396 948 65 597 3 295 857 775 416 976 388 25 700 985 659 226 441 252 245 495 815 914 125 319 566 60 129 188 257 234 572 611 919 316 429 302 415 289 325 477 144 390 125 145 345 616 78 118 372 704 358 748 730 975 585 912 756 930 419 828 686 200 528 808 204 85 494 768 124 662 655 65 160 124 990 48 222 500 321 630 749 889 566 200 542 753 373 125 652 653 405 207 159 641 734 348 279 485 943 347 738 802 208 818 169 127 20 938 790 697 313 868 951 670 921 921 927 195 203 775 541 47 666 757 799 821 492 942 305 937 826 231 623 838 4 74 811 992 876 70 682 309 920 818 381 890 129 928 831 886 119 78 514 847 183 954 793 498 319 747 505 579 973 787 380 166 39 539 583 572 503 787 573 848 338 125 964 588 193 976 642 623 479 416 95 458 350 857 300 879 865 773 982 1 144 835 889 749 89 463 756 395 78 707 258 918 883 336 446 379 767 528 605 324 919 907 57 914 511 134 917 481 775 805 755 442 1000 496 153 632 668 978 308 444 556 11 771 216 127 961 143 248 16 903 774 184 468 9 486 482 429 665 226 772 891 550 7 101 94 655 516 166 814 973 39 387 372 703 230 654 600 422 768 229 202 230 689 775 954 27 99 176 973 957 86 70 778 592 639 162 525 98 724 483 596 109 135 9 611 975 969 49 756 262 488 795 614 260 503 861 597 312 353 743 780 137 567 20 387 469 554 42 201 218 807 615 948 752 289 362 976 262 122 551 353 588 575 679 731 667 888 65 934 875 673 537 596 133 710 573 435 956 368 533 846 238 140 969 484 967 451 842 226 921 700 251 363 641 
931 268 450 349 987 376 762 776 664 97 924 24 761 440 547 370 622 501 838 35 792 844 397 531 962 801 365 112 614 534 535 446 189 282 35 244 722 473 428 153 975 300 696 274 813 315 607 39 991 908 817 204 472 963 363 780 342 68 712 952 778 703 589 961 361 685 871 485 218 233 833 754 416 824 380 890 226 743 911 519 789 752 982 633 265 905 545 688 65 770 545 726 574 821 151 418 84 36 241 571 511 199 243 988 288 303 282 648 254 442 448 738 467 143 419 296 344 817 932 952 604 776 565 192 309 130 534 192 412 464 231 370 913 901 543 360 546 332 542 531 622 590 843 640 156 184 574 460 586 970 10 132 523 407 517 709 758 209 863 286 713 922 976 749 714 115 206 332 793 300 535 203 518 335 660 880 908 859 692 480 392 473 296 469 938 462 416 278 225 609 574 953 740 558 885 467 268 874 833 844 39 126 633 390 228 993 426 360 9 519 739 887 253 19 105 933 473 79 566 418 878 239 113 272 727 909 527 416 764 592 842 344 166 405 715 559 642 851 799 922 255 836 184 550 685 453 46 147 254 642 142 733 960 608 478 173 222 681 638 1 811 529 994 460 898 397 367 300 452 731 708 387 85 884 328 289 151 892 809 320 124 991 811 60 157 491 598 319 238 426 593 712 11 666 651 128 373 31 850 80 295 14 7 818 825 146 277 797 314 99 171 91 204 375 256 18 22 354 627 836 533 115 780 493 808 365 669 557 334 1000 793 275 517 328 210 995 543 717 903 265 68 629 815 445 650 31 793 546 79 890 942 207 698 341 652 631 651 972 847 152 317 719 250 462 442 370 276 535 937 496 517 685 979 343 101 540 418 396 325 430 627 296 68 786 35 918 288 345 671 584 226 270 827 526 964 994 554 710 549 894 243 495 984 991 664 302 340 762 869 538 685 701 36 845 408 953 922 529 644 834 826 391 38 829 55 358 93 76 370 728 745 611 3 549 276 967 461 300 902 802 470 432 601 91 655 132 731 117 118 114 213 667 587 662 231 920 791 525 202 728 22 925 529 734 540 985 992 473 972 113 546 689 280 462 768 848 923 315 334 145 974 531 407 702 487 308 189 856 303 409 762 229 729 165 975 771 210 494 779 527 
628 625 530 822 367 16 136 214 161 209 330 625 936 57 741 978 918 592 492 30 179 299 409 155 484 657 615 301 986 194 533 47 32 154 697 234 295 648 508 659 978 426 795 13 924 99 88 614 372 951 492 302 356 49 827 92 740 500 95 631 381 356 901 945 78 955 926 900 94 425 593 416 55 626 169 574 347 497 950 396 542 124 23 137 827 973 293 99 184 932 420 911 157 1000 400 7 588 207 42 749 217 261 144 955 895 535 289 709 41 489 964 582 829 27 235 934 257 368 200 620 328 233 789 181 939 944 649 185 416 261 106 493 542 186 138 132 686 266 802 574 402 614 602 308 656 147 61 229 439 213 185 598 985 670 418 226 31 619 85 694 642 480 678 2 795 325 625 228 793 238 216 865 793 805 210 28 728 767 758 546 93 776 966 103 665 822 561 698 847 359 959 895 516 662 28 450 596 413 564 516 583 778 971 509 576 44 28 652 121 977 770 735 389 670 313 14 824 913 813 950 73 415 255 55 641 346 465 458 131 311 291 561 767 242 560 182 505 230 944 826 745 80 631 524 321 658 6 940 458 37 407 975 850 641 556 442 14 242 76 948 440 683 503 736 201 799 523 416 758 110 20 737 714 610 277 571 35 153 760 599 495 790 39 1 695 662 56 797 149 367 515 248 489 113 201 493 865 444 925 493 222 673 193 342 851 565 495 870 568 55 112 220 601 123 653 306 91 165 679 565 197 152 309 206 712 506 97 82 244 354 95 372 227 49 21 570 209 632 630 649 530 801 952 74 387 91 784 801 344 208 400 801 413 173 463 666 633 774 552 911 614 50 378 634 856 325 736 933 379 19 14 910 572 497 306 71 167 998 406 333 534 55 605 551 402 95 931 360 158 813 358 823 852 383 300 43 316 1 278 734 484 267 670 24 776 880 221 367 894 597 904 631 698 91 981 860 451 992 903 881 518 235 163 420 635 57 658 102 327 769 893 345 982 789 320 837 636 136 199 801 682 987 985 682 996 614 96 722 917 842 908 259 981 282 383 825 292 580 409 696 65 217 395 850 678 130 299 622 599 647 279 365 365 224 617 260 588 790 877 469 132 868 618 514 36 241 924 499 555 774 330 236 406 125 469 493 65 989 593 5 
90 555 890 693 664 942 372 934 712 451 561 157 896 983 219 240 357 889 657 757 264 59 47 924 817 12 501 707 785 972 498 761 821 912 197 840 861 328 453 377 320 265 346 97 228 987 417 421 677 969 592 916 333 430 833 518 643 193 759 665 231 686 304 143 41 389 789 993 97 349 198 996 100 417 969 838 373 539 167 685 795 369 453 562 66 679 141 968 569 523 263 359 971 654 258 492 125 876 133 210 133 690 949 115 664 423 626 518 737 625 789 302 710 758 665 170 707 822 739 506 448 31 852 186 406 540 340 730 896 698 488 222 985 844 211 226 673 28 993 153 250 470 758 548 948 883 974 927 629 600 797 373 33 233 409 826 322 93 593 393 950 962 483 12 72 324 410 619 693 267 89 251 91 682 797 110 511 110 817 889 985 678 376 24 319 870 491 294 527 638 614 767 680 304 659 502 818 953 196 133 305 153 657 959 938 669 396 356 786 975 656 762 432 642 913 126 44 6 466 690 855 23 701 635 502 314 96 887 667 896 135 42 887 438 296 902 223 955 471 939 176 18 3 241 239 420 712 595 289 931 614 244 663 154 145 510 105 385 68 442 821 397 970 927 650 140 799 77 805 103 167 697 167 26 448 357 304 820 293 296 122 558 38 672 906 38 211 378 29 418 840 760 70 990 792 624 753 64 213 994 331 701 939 52 497 296 615 360 141 590 699 314 835 298 79 718 851 646 830 942 342 838 116 669 929 754 311 995 326 566 38 762 406 155 77 396 262 639 730 384 80 737 280 35 246 274 911 91 730 541 151 129 66 476 163 751 263 850 795 301 315 546 858 886 372 907 847 236 771 264 109 957 20 497 799 379 910 671 14 899 454 273 602 945 910 186 67 827 323 945 270 167 783 939 921 539 586 234 208 223 893 834 825 378 28 118 668 689 311 671 396 944 378 206 483 813 950 885 769 865 633 614 194 943 606 413 818 265 620 186 11 247 987 875 22 358 358 620 619 324 143 302 653 796 245 689 271 523 71 236 863 500 184 143 824 654 886 769 50 853 653 337 912 133 526 51 739 499 402 433 945 618 698 54 212 677 892 899 325 908 62 646 560 41 599 9 395 750 450 207 683 861 561 114 825 683 445 590 375 530 
624 88 958 479 608 173 278 73 493 172 364 550 540 462 222 368 412 808 936 97 339 388 643 824 446 379 986 464 75 166 630 687 983 547 270 770 65 876 722 553 1 115 992 308 380 448 305 541 956 334 316 692 174 183 736 222 853 746 348 294 851 358 961 791 665 553 841 605 16 774 986 545 387 43 78 26 736 556 581 430 974 431 57 218 210 699 97 82 100 741 912 649 551 298 542 913 410 573 954 348 742 61 0 651 681 263 287 398 810 758 106 873 41 630 846 113 661 818 4 520 93 594 513 248 262 592 208 528 263 287 808 244 952 948 64 588 722 695 551 351 618 813 301 68 847 821 880 231 895 167 45 969 119 887 574 237 964 481 236 801 990 40 460 445 715 639 866 839 119 99 942 76 521 740 617 39 686 275 592 450 336 814 868 43 582 352 602 819 11 150 530 782 982 104 934 690 446 961 357 379 630 915 754 123 470 864 86 671 602 395 555 536 641 327 562 656 46 175 510 107 738 50 726 691 238 375 12 375 149 475 980 182 407 620 890 239 611 517 726 565 366 172 288 420 928 216 230 323 518 444 646 665 338 850 855 144 832 65 914 325 481 988 460 145 377 413 511 301 968 762 422 371 742 884 392 831 140 631 82 933 862 808 219 588 454 834 259 953 40 516 67 861 720 483 522 897 782 747 519 1 662 113 175 799 723 721 726 48 928 284 707 322 472 371 134 236 848 421 361 574 994 892 383 96 510 854 599 298 794 899 672 494 236 377 871 791 457 779 865 449 327 818 828 7 636 10 671 507 568 238 629 266 460 992 225 481 42 190 950 200 199 772 704 887 147 530 176 681 486 606 390 44 330 385 461 185 819 471 79 690 374 950 282 587 143 794 872 491 703 377 654 840 423 124 461 207 261 482 581 848 191 363 903 2 502 775 563 465 451 687 861 127 116 38 109 364 333 120 670 576 60 442 116 963 177 905 814 220 77 306 345 980 96 81 67 29 703 907 113 5 568 388 841 390 889 282 294 129 401 973 652 416 121 505 916 582 856 376 337 367 864 803 209 356 218 68 308 983 228 250 751 167 698 156 254 205 645 266 419 832 739 83 456 590 801 498 375 955 275 824 143 280 640 809 20 77 439 170 917 793 
565 628 949 360 76 176 401 816 233 102 255 386 678 10 452 862 870 652 454 317 797 572 397 136 824 690 593 173 341 516 306 769 121 855 31 46 610 179 365 526 858 297 159 563 677 823 132 468 454 478 892 60 385 868 86 487 506 217 302 593 951 616 875 533 130 338 723 659 622 714 950 399 596 644 930 880 759 649 864 495 639 119 852 645 830 182 697 865 733 2 1000 893 24 573 690 10 117 706 946 801 496 584 79 854 34 514 526 175 396 65 724 593 103 12 332 803 244 931 445 923 354 31 689 242 401 884 816 55 593 357 425 319 987 837 176 3 210 690 724 279 148 391 865 10 463 182 573 117 5 854 753 84 169 559 889 500 45 586 312 339 689 407 565 387 879 735 252 398 979 617 623 757 248 5 631 849 816 331 341 464 118 749 693 270 571 83 868 946 649 584 596 750 763 366 640 827 183 141 10 727 860 164 278 681 212 312 58 631 881 215 522 51 218 773 308 833 945 18 266 769 244 881 119 601 188 391 634 489 553 208 559 758 496 422 746 469 195 892 135 972 911 208 654 777 581 570 197 14 978 746 773 866 250 986 36 978 913 356 601 699 180 526 324 359 548 541 634 171 703 224 959 945 310 105 46 67 734 913 842 601 19 610 960 682 609 280 24 983 954 772 686 516 158 535 87 493 842 475 46 455 832 97 884 916 929 816 982 172 614 612 430 84 451 226 238 431 410 518 652 116 743 299 458 556 714 697 520 475 549 667 28 375 145 711 170 484 595 530 830 622 31 208 835 910 890 784 664 311 298 498 445 274 313 344 287 101 637 571 989 1000 675 402 665 443 267 51 669 958 25 195 701 315 92 588 215 482 851 254 656 951 991 679 689 483 882 621 764 32 331 529 617 310 324 935 699 432 171 872 205 36 700 326 515 535 179 75 843 285 217 478 269 617 218 499 687 64 361 987 988 391 927 562 855 365 148 995 755 290 197 853 158 27 998 952 825 136 219 458 357 889 375 142 625 458 698 280 23 219 647 102 475 811 968 234 599 318 963 746 899 313 779 261 376 89 756 422 936 272 972 144 775 570 900 800 2 596 553 685 575 146 567 53 560 49 858 170 607 24 119 248 570 274 629 769 894 506 386 991 801 901 
90 877 860 741 117 316 295 445 869 964 889 965 767 891 690 401 450 227 132 49 718 797 988 943 863 351 792 545 897 132 761 633 910 532 828 974 654 298 778 657 523 317 665 833 26 840 233 449 700 662 452 684 119 348 774 194 128 718 479 29 713 206 498 487 359 441 680 43 987 321 446 134 927 258 682 110 54 98 179 307 728 498 990 952 806 578 261 84 803 339 394 695 36 959 465 253 397 391 739 254 928 459 293 971 619 52 972 924 453 383 841 332 243 11 707 557 511 272 817 263 838 235 753 711 894 463 519 897 824 173 264 648 383 974 617 682 887 593 883 668 62 659 848 3 640 230 97 984 60 993 798 669 553 218 489 212 36 226 49 747 183 802 583 55 309 403 111 441 130 971 167 97 648 726 530 433 483 98 72 393 638 190 581 121 628 336 848 239 871 634 281 868 858 408 324 883 750 675 120 701 508 178 432 259 366 450 336 806 680 328 649 147 724 378 385 253 57 773 135 757 253 482 854 661 512 473 238 802 477 499 654 191 89 619 317 506 351 86 800 223 813 126 312 915 436 358 779 606 236 107 357 216 155 400 589 812 388 973 321 687 149 778 388 260 939 971 563 253 809 956 777 912 824 522 98 103 699 84 424 193 558 713 140 408 840 945 732 922 678 950 45 298 990 589 500 333 23 797 55 630 768 635 359 946 201 44 710 319 205 119 961 667 641 590 160 654 12 896 974 991 510 515 742 137 985 667 511 762 973 918 429 84 511 317 891 458 479 691 478 655 740 310 234 868 249 333 948 0 28 564 357 700 970 43 426 833 554 168 898 420 670 496 824 740 714 54 5 48 320 635 101 798 367 513 270 703 800 559 859 622 587 183 438 401 110 15 727 697 157 355 401 995 769 804 590 502 11 165 911 396 505 143 594 249 946 511 23 794 70 222 952 180 307 205 998 332 504 182 129 404 456 145 282 297 854 534 692 939 937 670 224 609 389 788 691 199 613 414 992 59 719 224 80 476 802 412 238 386 509 470 549 493 681 985 941 650 755 593 923 424 220 847 960 42 631 628 533 233 209 350 163 434 813 543 413 621 675 174 995 97 615 778 405 767 534 350 440 246 271 666 413 962 452 237 541 594 34 558 397 148 
60 777 796 299 891 733 859 803 146 409 216 958 362 201 197 103 618 620 675 827 654 614 388 893 718 205 934 127 401 693 716 588 571 11 339 165 364 441 428 612 233 247 542 589 4 420 650 994 217 511 788 57 108 216 907 742 862 457 229 703 292 599 982 291 764 657 302 58 544 328 698 373 975 946 160 450 678 362 469 36 755 732 119 223 51 58 651 270 308 190 468 149 721 32 217 118 624 28 886 56 289 97 764 658 419 664 824 328 337 875 681 522 662 1 203 323 926 678 517 849 25 991 596 333 869 185 193 922 595 958 721 101 358 206 688 284 68 399 560 84 319 964 982 451 209 484 371 182 473 747 908 794 560 767 838 1 708 587 488 779 741 528 448 203 334 68 897 937 48 180 514 708 442 959 277 491 916 704 595 538 142 112 525 986 918 966 485 685 405 822 373 102 58 274 869 735 953 253 310 558 715 16 710 476 887 990 642 905 20 244 25 652 702 623 1 533 610 846 50 565 636 472 420 260 184 95 690 808 65 934 573 480 359 721 227 618 501 446 848 713 969 149 415 764 912 226 292 850 434 566 566 637 974 645 924 262 925 498 303 680 705 450 379 173 278 655 578 124 169 874 296 237 586 657 35 318 227 674 857 279 466 413 267 139 855 686 336 458 516 491 894 539 343 141 50 396 635 481 946 858 390 295 16 485 76 533 421 691 196 151 82 601 627 853 971 344 55 492 965 534 767 55 94 380 176 270 85 830 86 878 679 715 745 239 648 993 513 127 273 282 708 102 767 482 478 68 184 362 475 372 508 119 731 959 173 964 790 560 77 193 147 600 999 926 740 130 603 185 560 315 68 676 44 146 101 766 485 666 166 366 722 404 472 386 574 734 9 640 405 380 412 274 493 129 489 224 263 7 365 766 731 193 689 300 892 691 377 417 714 30 261 113 449 657 787 398 219 359 967 989 560 679 555 743 218 776 408 438 415 884 344 844 576 267 734 522 923 303 503 855 563 777 251 698 478 930 533 915 983 911 76 337 862 976 817 546 52 296 646 660 155 906 436 655 659 668 957 83 401 126 889 185 58 91 173 755 488 190 996 501 233 275 363 514 789 726 292 545 327 711 700 800 12 831 54 622 968 497 117 550 
540 203 472 531 57 230 879 19 310 312 876 43 970 15 985 82 492 175 871 932 243 371 597 299 383 767 154 592 573 13 53 517 946 761 44 550 973 197 962 15 625 760 455 190 845 635 979 536 715 443 553 450 388 479 198 925 1 669 613 840 164 323 904 697 148 32 9 851 824 494 443 386 473 97 353 477 358 242 549 285 71 564 325 339 56 484 61 379 418 510 851 738 997 599 44 20 137 430 936 54 867 283 708 761 530 944 380 97 644 74 478 659 579 957 8 909 97 923 31 553 433 625 740 323 306 867 483 389 895 356 37 513 513 195 473 517 167 321 835 678 827 652 799 481 900 27 49 192 89 664 308 272 125 434 965 295 502 545 700 506 290 655 630 611 219 346 182 89 849 948 245 525 132 801 108 836 201 239 725 871 806 41 461 238 361 571 188 150 776 528 432 168 2 171 703 658 833 684 538 159 844 670 306 29 31 46 438 628 273 625 671 58 76 285 313 122 347 738 47 578 976 66 789 817 677 293 467 539 351 573 400 406 0 792 689 507 497 932 147 234 689 273 986 831 413 993 451 701 541 299 135 60 140 282 152 54 303 43 70 357 609 461 146 829 874 48 836 371 55 269 576 601 628 23 268 179 390 990 183 195 216 740 36 353 883 474 435 781 533 703 62 809 823 739 334 626 495 991 223 537 638 882 608 51 897 197 909 850 299 903 132 431 139 263 370 383 988 334 321 263 831 667 73 570 978 799 442 653 406 621 643 521 870 838 366 92 530 971 898 858 548 269 477 553 595 936 465 615 957 519 737 907 273 129 157 247 70 869 39 134 410 56 79 47 727 148 80 880 150 44 442 301 644 701 204 498 610 891 499 53 456 714 552 793 291 673 964 881 597 167 31 141 80 466 315 808 493 582 938 733 945 334 571 988 560 224 227 41 31 192 155 774 959 251 732 412 561 891 89 85 590 371 77 845 809 626 465 644 515 422 758 288 55 132 913 648 552 916 766 653 6 988 124 712 865 284 959 220 643 704 452 255 104 741 969 349 874 818 904 445 92 475 837 890 795 653 56 235 879 276 654 199 252 527 413 981 801 505 742 952 58 992 598 366 858 704 535 946 19 600 242 78 200 668 650 601 600 926 376 3 
644 801 817 337 737 881 820 359 327 29 545 522 222 829 541 621 237 357 106 460 907 923 386 315 589 544 209 147 651 868 334 758 888 911 928 55 907 696 937 584 898 795 611 158 125 35 178 246 43 528 381 682 474 418 33 896 324 141 669 566 82 327 237 763 831 91 689 822 222 599 870 77 756 411 80 994 885 552 779 356 607 693 886 840 848 230 430 536 935 454 955 647 849 358 311 424 817 120 452 374 516 901 356 191 71 938 564 155 323 339 966 479 726 49 265 449 471 552 296 739 320 460 563 965 191 8 450 40 210 132 192 191 867 613 806 784 574 646 468 977 871 470 973 928 863 611 887 632 972 845 41 338 115 159 534 513 296 493 79 653 747 598 145 553 301 995 782 162 844 683 362 238 470 888 966 70 43 252 758 955 302 337 465 470 598 768 296 583 364 217 619 122 78 666 869 188 287 582 64 47 127 926 445 573 81 878 873 609 45 803 922 651 851 228 386 493 422 494 50 93 340 855 106 371 669 883 521 938 315 233 449 113 224 219 45 630 584 421 263 847 687 247 372 104 514 130 72 866 499 238 805 855 626 405 458 127 716 260 887 370 894 893 995 296 86 654 555 72 995 547 793 101 496 667 734 116 646 73 422 110 759 346 763 846 486 383 618 183 830 837 573 933 939 858 312 693 358 247 655 645 488 992 268 442 623 547 180 910 918 175 377 816 910 522 434 758 402 509 853 927 634 694 727 840 614 644 694 41 41 501 686 459 982 111 0 86 945 164 973 293 404 504 873 383 807 126 248 723 651 510 376 557 880 451 325 667 301 545 992 909 591 845 364 690 777 273 880 927 208 938 378 1 420 447 953 806 816 221 934 746 871 449 340 260 160 737 699 852 198 227 522 432 663 265 835 517 3 776 446 733 976 343 148 407 455 759 891 536 813 852 201 723 865 177 185 40 497 923 975 27 196 559 523 935 336 728 598 2 322 221 717 285 413 162 53 959 940 758 70 944 699 663 528 63 42 966 439 371 288 961 418 161 60 427 324 772 864 400 734 46 150 639 832 150 21 582 977 568 129 994 872 629 977 312 826 160 304 219 86 801 916 939 453 60 106 514 197 687 11 120 840 407 25 360 691 112 455 30 933 144 
869 424 849 846 625 104 407 903 105 175 160 650 319 884 940 519 38 207 666 657 819 17 324 760 862 261 444 73 585 732 604 362 347 924 899 680 226 778 563 657 41 301 982 273 673 809 109 181 216 750 505 362 710 830 134 788 592 57 470 137 712 236 657 501 555 200 639 648 905 829 571 697 307 759 830 325 303 871 961 240 622 181 681 97 441 129 256 907 201 287 998 595 185 467 295 986 780 370 599 365 605 955 597 883 844 249 656 499 408 856 603 715 72 328 822 924 835 998 473 565 419 514 709 44 636 688 64 524 402 627 749 749 568 376 182 230 186 453 0 665 851 360 742 520 546 903 359 597 880 80 6 983 481 141 39 822 250 952 127 856 943 499 875 424 180 163 883 916 636 59 542 999 170 925 389 777 20 409 392 973 912 207 235 656 188 680 185 412 711 900 407 338 243 253 425 802 862 403 862 296 24 443 393 540 928 722 810 841 427 211 343 768 942 730 266 715 521 879 447 788 345 286 368 694 948 83 418 346 319 461 683 228 176 481 401 694 714 231 327 874 270 881 516 691 412 525 355 347 373 92 53 821 382 118 255 153 347 187 821 142 39 714 255 551 275 159 191 358 145 674 162 217 970 142 460 409 305 537 893 778 108 394 11 856 306 101 61 106 476 131 185 546 404 352 283 300 39 729 873 433 442 603 841 451 149 15 930 507 985 887 256 464 578 13 347 402 545 384 1 909 432 832 968 739 779 702 27 734 394 847 988 787 182 52 424 856 874 609 863 894 667 87 257 98 6 731 933 174 960 976 312 507 769 131 266 315 977 441 260 251 818 992 288 404 627 248 531 444 833 291 829 773 28 7 992 952 885 683 166 481 649 512 81 504 315 65 318 986 730 151 542 237 436 945 302 591 480 345 311 570 352 50 505 561 125 649 107 723 891 294 93 929 415 734 737 523 237 261 353 791 220 754 922 797 875 110 61 393 906 988 188 961 741 469 101 192 772 821 557 736 448 248 883 899 649 324 94 650 688 507 229 283 945 103 773 890 279 529 63 905 534 778 565 307 955 941 174 100 424 432 935 130 816 40 893 688 780 446 895 107 848 812 313 586 57 444 995 664 460 190 706 393 483 741 419 13 260 991 727 735 
414 337 458 40 516 624 212 233 932 717 576 520 531 82 254 332 70 457 495 579 550 752 218 850 479 495 53 119 527 419 552 507 582 401 771 714 29 235 74 631 456 846 691 593 779 147 772 503 138 3 321 509 513 990 973 535 838 622 521 65 35 148 296 653 665 858 288 336 332 226 188 416 6 735 19 395 564 401 26 877 509 109 997 30 822 452 847 634 312 256 617 884 665 72 936 988 336 389 293 120 403 409 222 181 526 201 137 29 687 23 500 189 219 78 304 54 812 741 922 942 960 866 126 660 253 854 108 380 996 167 770 519 405 813 423 674 926 915 37 656 405 640 8 338 507 395 639 69 211 952 24 300 944 475 797 248 907 129 892 565 524 283 345 901 635 655 138 73 223 200 214 176 619 778 82 386 274 596 856 355 705 536 249 696 199 870 12 678 381 845 914 160 866 654 135 76 947 490 238 641 80 367 0 240 617 905 671 414 167 778 948 894 855 647 902 81 298 905 830 422 617 380 309 267 801 812 760 875 506 383 67 583 390 926 409 395 881 733 874 448 366 735 924 276 31 840 160 639 794 160 401 16 827 489 995 82 291 763 708 636 928 221 336 447 754 499 926 547 796 298 937 329 199 934 333 93 258 533 565 565 600 489 13 812 731 665 102 11 759 760 156 662 256 936 435 62 569 330 198 629 483 662 309 651 697 44 598 746 480 210 196 819 497 819 631 620 703 740 837 4 886 831 524 941 525 91 864 447 933 431 615 725 861 9 564 566 746 799 309 707 96 260 247 534 390 959 40 289 599 267 470 815 773 813 626 428 942 937 640 56 676 690 503 177 369 24 962 977 102 766 316 146 922 629 34 312 452 446 457 729 924 427 618 299 157 674 478 881 672 124 144 297 713 511 433 584 857 735 936 387 579 611 253 590 494 836 270 727 934 441 963 398 368 604 697 844 530 26 734 600 519 360 518 683 167 486 849 718 324 305 863 803 120 900 325 220 653 880 801 654 402 450 507 447 707 543 120 783 635 432 711 827 616 128 144 704 396 248 550 456 318 497 931 130 733 607 808 51 287 104 382 744 237 507 658 87 826 436 743 209 989 211 439 48 680 396 676 456 180 713 188 925 455 566 125 368 105 891 453 80 
