691 689 878 300 379 590 910 79 318 854 990 54 317 93 709 170 52 665 952 718 566 388 924 846 99 369 176 171 177 548 752 643 749 416 844 605 885 701 330 225 11 714 244 285 241 447 356 85 940 837 237 165 260 593 184 269 77 442 115 595 714 239 469 707 552 413 85 958 333 85 953 295 486 102 242 236 138 235 593 410 495 578 708 774 483 365 612 254 267 742 923 262 128 598 896 685 551 755 393 653 837 502 453 163 128 755 158 931 489 841 83 42 74 740 948 996 327 226 438 526 291 751 118 630 891 336 173 942 205 703 491 206 81 835 306 468 765 508 606 398 784 770 177 835 399 828 397 941 62 838 592 728 459 442 467 765 294 429 837 158 933 559 316 373 755 647 111 411 561 349 157 823 579 893 938 119 669 181 175 673 911 448 730 567 152 963 656 789 609 629 192 358 335 415 186 420 268 0 427 13 172 449 726 580 76 394 457 111 686 312 29 168 953 415 674 339 67 74 169 710 525 365 127 706 865 797 185 843 980 134 188 176 326 372 539 403 106 535 714 620 705 289 282 635 626 334 941 97 35 177 630 829 463 683 682 833 169 25 201 426 337 40 738 534 655 793 264 835 878 492 973 191 608 193 44 634 659 249 766 244 46 906 203 789 648 978 777 459 321 895 732 174 908 318 784 385 739 240 315 46 10 344 118 393 144 199 230 450 852 854 511 271 269 669 198 799 481 440 401 646 95 891 955 648 981 30 66 725 550 132 418 689 398 474 352 510 867 199 750 807 119 413 252 628 652 131 435 346 766 116 978 763 818 633 890 256 548 108 656 21 260 33 32 400 729 542 844 871 520 809 113 99 681 485 871 740 626 350 316 770 108 678 478 487 387 783 726 226 37 964 266 773 813 265 890 507 203 754 394 349 133 762 314 939 58 126 719 436 891 785 740 349 378 836 240 910 771 46 844 693 558 33 816 825 276 22 707 772 491 47 513 43 657 135 649 10 898 471 99 623 622 692 790 147 178 928 217 97 966 103 677 786 575 246 998 793 949 103 704 622 569 692 326 328 432 622 319 430 223 428 25 260 579 369 480 903 107 288 104 262 180 426 494 883 470 514 382 840 143 39 45 91 128 852 153 622 434 179 614 543 
1 271 325 87 798 791 477 738 958 294 442 707 775 315 390 527 485 421 97 680 706 499 928 971 287 689 92 370 886 130 896 61 421 698 60 83 5 92 201 68 347 465 572 525 562 107 148 464 36 666 109 785 755 159 659 296 851 139 118 256 93 960 385 836 442 174 565 181 725 320 941 885 221 724 24 834 961 394 108 984 71 17 919 944 413 868 616 111 386 557 711 769 732 964 658 659 411 144 403 813 443 715 412 476 439 312 447 553 72 868 479 841 163 617 185 900 300 417 589 577 909 799 600 275 846 410 724 275 808 711 120 187 960 702 647 923 751 213 931 7 599 667 796 798 759 245 286 506 375 240 126 856 98 586 269 919 226 606 571 979 291 278 921 482 744 166 262 87 29 126 586 306 940 267 553 144 733 162 516 6 235 271 357 123 143 72 262 354 382 609 865 771 732 401 124 585 875 783 523 760 66 452 305 764 809 706 410 940 897 414 675 710 71 565 495 827 478 888 416 357 461 783 889 570 770 411 425 276 898 865 355 282 397 880 93 863 962 351 263 253 121 525 886 477 687 581 1 307 694 912 800 466 2 921 386 951 687 799 376 238 144 289 760 35 977 219 252 103 519 136 914 61 968 235 944 908 823 830 80 715 615 468 49 517 819 328 51 774 539 280 633 356 275 393 717 105 606 131 983 626 279 80 554 248 737 990 447 129 968 229 555 408 574 244 208 480 459 971 845 64 603 678 583 608 57 878 817 680 885 208 155 79 683 645 757 759 266 771 616 716 339 545 356 660 808 53 45 111 98 239 594 697 617 138 29 726 593 584 882 652 18 704 133 691 912 184 143 730 958 597 5 547 39 189 982 643 941 704 264 802 955 919 320 927 209 77 421 835 623 758 239 575 570 182 943 235 212 241 917 548 472 827 399 856 381 609 793 438 796 79 628 561 762 809 823 57 822 10 524 716 671 444 586 560 172 984 78 441 323 754 947 786 2 856 167 226 439 732 252 982 642 610 59 12 162 975 752 446 359 194 498 64 283 908 183 104 904 839 775 20 14 475 273 425 423 131 734 65 524 296 95 895 631 358 460 837 23 86 36 403 314 802 311 826 1000 806 611 872 506 24 97 881 981 175 105 755 1000 611 620 282 
761 756 849 418 821 260 450 968 711 36 724 636 115 844 535 968 882 249 509 879 408 710 668 205 460 87 556 363 775 927 153 557 772 804 781 28 625 768 938 152 544 969 243 717 77 914 921 848 118 668 792 23 845 361 661 768 719 162 68 207 945 873 734 198 688 88 881 321 264 830 562 587 505 966 254 794 35 88 888 596 921 314 891 502 3 711 172 956 772 436 801 142 608 15 172 432 771 524 538 960 733 815 451 292 363 636 31 119 210 631 513 383 399 685 428 954 723 641 807 625 926 641 497 707 820 938 244 462 64 807 296 21 490 963 273 760 774 932 549 532 259 769 737 915 718 999 598 402 822 138 969 957 142 45 369 1000 576 558 181 129 777 490 62 991 399 405 335 545 961 928 160 22 562 697 965 852 174 835 412 512 526 592 392 685 279 971 247 459 888 853 7 687 411 763 488 330 287 838 940 885 791 986 125 690 688 231 99 810 176 608 344 876 27 750 979 28 817 971 591 668 421 302 313 224 897 937 805 193 320 161 258 892 485 391 695 721 441 726 742 780 801 820 931 311 779 404 31 476 436 691 873 439 226 767 170 312 380 896 139 50 154 435 777 39 717 338 374 907 551 714 70 167 360 823 968 289 664 249 52 132 891 476 131 334 795 874 19 516 737 982 662 42 110 23 147 76 594 381 410 370 285 935 825 731 1 549 226 120 569 541 668 668 111 522 168 941 30 53 37 284 785 386 669 64 358 974 713 389 669 923 39 275 485 522 203 699 146 833 255 277 577 35 249 352 404 877 379 106 76 619 518 872 638 891 490 193 934 530 144 523 843 105 83 387 531 857 511 869 879 956 389 195 817 327 315 885 66 389 7 665 60 94 326 239 683 481 792 541 3 510 787 358 548 10 356 78 547 298 927 423 242 224 340 956 76 417 291 87 505 423 664 541 90 899 605 629 811 513 400 623 173 676 89 567 673 192 57 188 883 737 437 970 720 522 906 852 748 493 168 760 104 937 447 384 975 901 56 448 452 557 173 788 648 292 298 258 724 724 967 731 995 495 36 679 631 674 173 748 575 836 454 74 446 685 153 930 733 739 765 687 741 319 828 963 508 958 872 100 670 33 295 137 214 7 435 141 223 218 69 783 
867 788 448 255 577 260 304 729 376 995 486 760 352 44 700 896 706 793 477 67 987 28 123 262 833 835 500 948 775 983 850 157 15 499 647 291 726 906 856 163 440 124 284 600 628 382 392 194 820 859 30 22 309 960 169 84 610 847 801 272 604 789 913 679 214 804 123 955 120 339 575 626 519 693 343 810 126 81 324 597 189 719 670 279 583 778 553 925 956 279 766 88 636 101 620 689 37 186 715 318 829 107 44 519 572 810 422 212 853 194 864 103 49 369 661 466 683 495 385 692 458 688 600 664 405 150 64 386 351 487 157 605 349 22 427 29 91 40 494 865 344 390 897 818 915 74 922 902 964 418 313 274 92 829 269 202 372 482 708 423 736 538 45 505 105 778 449 500 75 797 554 882 171 929 966 997 872 435 274 21 610 146 220 974 740 169 315 535 259 450 1 868 119 317 583 573 608 956 115 186 581 480 950 329 493 824 734 165 651 301 319 293 958 564 475 82 35 134 761 739 325 607 671 549 156 464 843 832 878 374 138 896 700 41 822 89 347 389 952 214 107 627 340 23 798 623 840 787 371 23 985 425 767 633 73 907 529 503 177 835 954 854 626 905 558 447 833 751 930 25 886 514 993 815 957 944 611 903 620 727 254 907 705 519 564 242 648 981 709 464 255 693 56 443 653 651 739 445 18 820 212 569 915 833 130 524 132 900 528 99 1 35 695 67 274 688 22 170 280 411 724 535 736 597 565 925 688 241 699 552 729 8 917 518 447 183 391 813 774 259 948 924 532 31 259 714 546 115 484 503 978 356 100 967 297 553 449 509 934 165 622 710 985 246 214 740 334 721 79 370 422 641 783 321 38 590 982 3 920 120 5 894 303 22 668 808 301 92 50 170 149 402 200 29 776 630 52 265 213 170 26 67 870 305 765 439 873 983 287 114 763 787 445 338 192 397 456 330 585 111 811 891 433 69 550 537 167 507 659 662 343 935 59 85 696 993 702 595 617 332 334 115 161 395 533 44 683 962 970 654 586 393 559 933 756 819 720 239 821 831 728 192 941 969 624 994 878 554 255 416 420 434 339 538 190 885 455 819 848 688 33 787 815 964 240 111 819 554 989 510 23 352 300 667 607 642 906 942 257 885 
977 778 23 869 121 785 191 73 995 131 541 922 488 7 284 190 834 97 707 889 235 43 292 422 641 202 341 160 3 258 402 985 681 813 719 59 635 875 398 962 479 972 725 763 437 449 937 169 685 87 499 325 753 28 559 569 470 143 463 142 733 185 795 606 45 770 646 828 891 946 435 381 228 565 500 151 492 134 655 419 942 498 586 220 206 154 864 522 265 908 941 400 303 948 392 771 526 907 959 397 925 446 745 453 560 5 631 623 67 402 992 194 406 181 587 317 93 682 947 512 198 987 709 434 381 960 963 9 284 258 786 95 361 896 193 551 71 908 934 579 396 811 59 26 989 924 827 890 727 702 238 450 374 703 250 372 167 586 768 921 639 471 882 687 795 441 791 120 412 199 260 865 64 157 840 934 665 434 1000 576 195 763 318 432 763 777 840 223 371 27 70 277 985 342 450 319 23 494 964 181 969 696 901 653 367 23 846 507 476 580 604 603 528 653 131 765 48 493 582 829 318 486 813 521 50 60 980 358 106 903 30 116 876 930 31 495 285 686 86 674 140 650 662 873 596 537 768 597 995 59 896 88 284 540 579 771 983 777 710 140 951 666 225 718 879 683 339 536 173 863 400 999 626 68 46 861 485 648 339 4 619 547 87 754 966 87 858 584 998 40 658 461 921 54 417 802 603 905 193 48 888 67 978 351 437 41 152 994 138 636 752 608 149 486 746 329 407 980 766 351 28 935 479 830 479 527 93 347 866 958 830 233 720 920 217 596 513 975 379 878 734 235 947 964 444 242 660 668 360 163 366 490 190 39 87 673 19 475 319 469 918 785 93 48 897 67 567 503 158 364 53 607 249 168 483 499 240 843 143 47 585 519 954 459 428 889 49 431 246 979 990 958 214 633 731 371 314 364 114 561 710 577 951 293 912 150 434 3 691 810 980 83 674 478 524 821 402 930 169 857 576 443 465 298 277 917 596 370 408 334 654 952 358 528 856 673 44 911 496 294 139 773 574 137 700 820 861 356 915 228 914 454 387 561 227 572 913 10 326 795 852 240 763 208 125 41 785 843 750 390 623 534 387 719 35 150 647 373 845 410 722 354 815 756 105 460 614 720 471 41 623 736 454 290 425 865 86 453 928 189 
509 960 980 756 302 844 745 765 218 247 693 363 805 513 310 203 355 186 287 677 903 137 4 19 512 6 271 974 890 860 551 173 490 384 809 847 288 367 641 908 305 875 715 912 232 447 234 737 419 487 450 872 455 646 648 453 100 737 496 192 517 924 533 322 331 494 985 148 35 413 556 259 880 516 839 896 681 355 228 9 504 655 654 665 653 988 473 977 943 468 700 524 182 138 870 485 437 535 258 451 159 328 998 93 836 769 480 484 336 519 334 339 920 144 75 598 877 985 489 82 131 106 472 378 681 40 549 699 829 29 345 173 666 895 793 250 105 913 732 711 225 707 839 656 658 393 516 160 533 60 485 468 179 432 591 533 549 560 187 246 82 428 241 966 429 934 564 969 205 390 807 182 555 428 16 675 878 893 109 524 340 853 455 572 886 119 308 259 857 203 305 768 251 821 219 98 744 754 180 927 966 320 496 684 967 908 707 834 338 685 286 683 9 732 556 577 812 407 803 803 754 751 680 791 530 728 313 430 870 804 344 194 341 220 382 458 290 959 126 945 163 624 937 7 909 971 820 362 764 565 721 31 766 547 340 610 789 108 993 655 120 452 331 842 481 311 332 614 141 596 348 774 913 295 634 751 621 278 27 730 679 76 943 521 134 242 861 116 352 696 975 645 644 8 510 540 30 272 613 906 822 892 898 813 453 409 354 678 816 417 260 49 22 321 653 152 755 17 258 807 738 362 974 936 317 180 60 927 645 12 518 236 499 874 952 788 59 714 374 459 700 297 997 878 107 377 879 49 709 989 309 377 776 122 162 835 721 77 436 467 942 273 136 438 792 127 215 221 5 133 319 560 229 73 9 616 575 632 982 874 445 988 233 580 143 756 731 971 842 262 823 672 415 585 805 215 229 441 480 160 414 159 817 382 51 887 884 298 540 366 709 489 794 30 564 1000 304 631 505 254 768 122 253 647 942 920 90 598 343 476 826 966 632 850 258 878 950 809 497 559 17 981 804 777 68 878 602 292 177 796 20 537 82 329 622 607 818 116 936 942 784 427 57 467 846 673 312 267 921 44 61 620 671 767 544 839 150 370 656 759 455 393 204 810 705 87 587 135 658 467 469 162 935 862 443 87 991 872 493 384 
417 808 62 333 249 738 696 307 177 562 422 933 9 774 769 639 334 924 119 487 818 358 38 440 598 719 314 528 453 696 26 371 787 691 219 829 643 105 687 971 938 563 738 5 322 118 380 140 352 394 888 45 362 856 208 139 153 685 801 485 184 148 748 498 953 794 257 207 257 26 733 792 639 863 940 109 127 549 380 849 265 676 959 900 314 117 659 720 212 348 699 213 264 592 695 200 207 49 986 291 741 570 799 995 735 610 496 453 215 394 659 202 612 82 94 249 960 796 422 519 79 147 770 991 952 892 675 20 181 999 571 648 510 154 760 243 661 958 814 489 490 755 864 180 819 897 98 485 128 58 652 487 773 318 317 51 399 565 94 236 885 581 935 863 461 362 979 884 396 999 181 180 646 254 417 992 958 975 910 43 819 658 77 360 684 451 244 556 198 366 500 359 709 78 852 947 105 616 140 489 958 26 735 831 511 451 674 196 530 677 480 663 528 919 608 863 960 396 992 745 670 366 748 612 648 882 124 495 39 928 388 72 625 622 360 245 622 70 899 309 268 323 614 195 352 146 911 417 492 155 513 685 290 902 279 303 98 127 454 357 804 618 459 856 375 742 607 597 347 459 742 134 944 174 498 633 259 629 578 36 441 464 798 598 781 573 22 227 749 134 876 661 409 495 31 736 423 248 780 502 905 68 824 751 375 132 36 464 642 793 234 556 782 938 398 795 623 853 822 82 840 279 754 422 582 936 445 541 818 490 931 43 537 515 39 368 776 481 792 789 814 979 90 409 586 997 616 67 65 723 843 1 266 553 439 970 231 11 527 960 282 88 89 443 3 583 972 893 42 124 576 347 659 366 65 261 610 754 782 200 990 744 472 231 424 533 313 356 771 480 691 422 266 4 288 338 248 603 669 322 810 727 128 374 593 404 470 267 420 756 953 735 682 621 558 959 71 610 631 222 998 360 936 71 897 726 643 19 203 727 150 796 428 349 185 640 57 279 676 21 195 896 611 35 541 33 975 701 922 380 140 612 281 167 464 620 660 72 529 137 283 212 992 138 831 756 903 594 183 700 844 965 541 540 695 841 594 11 120 968 702 21 697 793 642 796 97 902 680 169 566 836 640 804 824 482 952 406 854 692 
206 590 629 429 287 493 788 499 101 487 819 880 508 338 352 523 775 50 51 991 613 301 830 988 947 710 221 21 453 890 929 124 96 891 880 347 37 384 321 126 455 359 956 402 187 565 267 159 725 27 116 293 944 253 717 890 736 22 27 548 565 179 129 940 98 16 10 46 373 535 257 673 411 556 317 533 129 471 779 761 933 681 138 419 38 81 47 208 848 840 696 259 905 339 514 101 380 885 836 441 813 953 859 289 781 353 377 467 604 19 448 686 562 836 947 92 507 950 774 216 590 892 170 507 408 677 502 723 855 139 153 103 729 359 71 74 289 775 35 159 689 65 742 609 59 801 410 540 52 421 389 896 639 505 994 340 761 23 544 500 494 570 355 569 59 909 732 657 811 900 160 673 773 367 262 942 544 862 377 65 570 608 899 966 416 727 988 539 530 592 756 466 318 839 687 725 265 467 892 781 362 180 399 580 413 440 282 163 633 909 267 449 445 919 549 741 436 395 248 168 801 605 701 302 175 683 710 489 247 631 10 595 646 586 530 996 763 555 463 612 567 427 138 299 512 289 882 761 603 37 386 748 512 352 722 350 671 734 935 2 269 365 523 760 975 546 896 266 157 18 948 961 17 856 33 531 987 588 384 493 150 294 279 5 407 513 782 586 839 365 660 782 568 590 963 148 921 25 533 976 252 298 341 925 98 416 225 421 169 77 60 808 836 840 31 254 407 771 866 152 360 514 717 851 724 721 124 996 473 659 286 782 479 96 537 509 972 99 682 293 89 913 187 669 982 813 586 572 654 439 842 804 89 79 810 435 633 301 824 769 557 187 71 396 79 676 44 955 704 441 55 557 998 399 5 771 300 542 266 156 181 221 860 244 725 734 193 777 957 514 901 452 267 613 574 833 800 592 999 419 274 333 863 947 289 366 255 351 45 205 215 801 56 44 703 280 172 617 553 873 604 740 581 364 788 291 367 103 574 175 736 439 548 40 679 181 543 956 323 788 987 998 962 18 897 572 178 65 987 45 738 238 83 290 571 24 493 402 674 763 206 568 875 976 491 138 397 868 136 254 312 856 8 351 709 285 87 2 172 929 105 744 867 478 35 795 397 29 61 669 391 779 888 113 836 106 911 699 612 41 
58 656 626 535 431 509 596 704 685 186 234 844 0 63 600 391 658 547 516 608 651 326 763 620 195 563 162 278 902 262 624 653 591 442 656 545 921 538 373 275 727 103 595 498 290 501 621 408 268 562 490 686 307 210 555 423 624 220 252 545 883 813 58 570 811 75 648 72 314 437 922 916 879 415 527 505 560 492 397 596 710 687 540 509 372 805 367 372 67 571 304 259 440 496 901 403 858 362 417 459 233 813 416 315 412 149 546 950 283 982 158 192 323 538 175 546 48 49 432 195 15 1000 367 382 78 129 637 590 125 473 348 294 958 941 597 147 71 981 580 460 583 417 297 193 500 475 18 542 972 356 931 459 65 975 364 513 202 217 649 525 152 876 763 673 257 836 715 492 223 437 45 453 779 679 798 676 420 890 396 866 812 987 275 233 163 28 813 704 359 191 695 433 357 480 384 883 364 227 297 326 312 406 991 803 344 150 622 676 914 100 179 927 949 400 816 98 437 548 729 649 194 105 520 136 131 460 83 324 80 572 590 30 431 683 982 88 540 245 489 293 135 529 560 437 766 271 756 932 606 204 536 857 339 695 23 672 789 776 382 781 398 342 197 937 564 620 251 744 833 331 301 877 21 25 725 995 197 843 25 874 28 163 816 167 730 246 546 456 335 866 969 422 269 742 976 96 543 188 173 129 795 202 832 946 311 891 572 553 470 93 67 269 355 169 396 55 466 508 271 163 394 687 660 32 462 875 752 908 441 684 878 79 943 785 575 619 725 141 491 976 834 99 140 244 448 403 218 979 738 150 803 280 957 134 984 13 459 157 220 833 840 28 403 110 798 234 693 948 205 449 921 633 711 763 330 982 50 178 948 267 373 678 141 498 45 866 162 85 473 920 218 966 658 326 451 952 701 597 404 127 411 754 665 451 353 610 391 253 357 427 327 67 601 602 816 344 413 839 368 143 565 180 702 109 443 708 326 29 855 742 412 831 232 359 505 863 815 912 515 540 180 472 139 981 147 325 882 332 486 457 395 96 523 568 637 586 138 993 845 88 485 197 618 751 90 101 280 80 700 919 774 680 561 450 165 88 62 635 421 2 214 262 766 691 57 791 482 724 152 627 699 884 4 158 244 21 333 496 819 492 
99 284 198 16 862 537 907 869 782 708 458 147 995 800 363 594 536 485 829 398 326 638 351 65 785 797 160 822 425 240 214 449 177 952 682 358 959 453 198 959 18 51 850 599 195 327 921 166 166 264 626 841 443 761 567 34 8 494 542 346 555 554 550 765 15 156 866 257 562 865 5 429 546 517 184 457 565 732 937 982 391 473 993 315 753 187 553 639 860 95 404 433 368 623 582 691 152 146 233 475 720 624 961 131 117 5 752 929 569 522 662 24 570 228 367 852 452 675 652 908 718 717 567 959 253 910 700 933 303 386 658 60 796 948 503 35 220 121 171 927 355 381 500 0 739 560 545 124 419 376 671 581 210 674 316 675 115 924 336 239 859 631 966 321 796 782 661 821 230 98 222 580 539 27 753 771 822 158 593 57 474 823 706 632 773 283 608 11 685 398 94 570 725 480 16 187 774 91 25 790 984 3 963 236 298 51 300 43 400 452 815 726 299 886 79 518 169 471 773 573 896 803 632 318 20 565 685 209 817 280 546 639 306 547 949 190 944 222 164 975 62 337 209 863 444 953 452 427 717 146 691 60 390 766 391 323 217 981 205 556 282 287 538 221 610 585 111 732 499 150 413 172 328 462 529 672 391 330 319 646 920 256 244 434 838 426 273 576 257 264 323 425 200 962 435 838 457 323 276 665 638 178 938 668 41 524 697 901 839 476 592 983 285 41 801 128 688 177 844 676 369 1000 614 413 814 420 783 957 193 231 388 357 523 109 622 564 35 403 953 607 29 758 341 573 123 625 274 632 860 330 123 697 410 729 433 673 35 163 311 782 863 199 339 289 466 226 163 951 986 255 281 858 30 147 874 342 34 422 892 41 920 640 878 861 600 31 709 66 58 1000 756 446 152 62 476 474 491 464 308 443 639 211 644 995 793 467 293 684 531 4 49 911 965 701 777 595 244 499 228 50 851 968 982 274 870 948 899 977 391 70 802 176 861 363 837 749 191 955 261 175 510 791 238 979 186 516 699 29 939 346 576 245 163 486 940 824 963 377 970 196 608 482 222 610 513 211 198 733 48 577 109 179 790 398 474 849 880 793 147 827 17 163 588 270 977 836 45 89 765 827 667 106 261 642 623 912 169 644 65 637 
337 968 171 662 16 600 15 493 917 870 366 441 782 101 3 945 748 278 884 257 90 9 734 856 608 83 120 559 123 399 140 545 913 111 692 830 551 578 443 244 64 142 239 249 1000 55 652 797 866 450 486 129 380 965 660 523 855 490 883 674 878 669 510 127 482 308 475 53 262 212 542 467 993 640 667 591 496 527 812 295 448 45 855 878 502 466 246 199 741 574 906 572 777 78 68 684 547 477 610 413 35 673 359 790 761 381 301 226 13 506 748 855 603 666 925 94 535 30 496 726 666 546 665 690 875 900 188 333 153 578 260 480 141 127 351 828 954 251 911 738 8 876 378 244 688 165 355 809 592 727 186 315 698 952 365 631 368 804 874 689 928 718 181 61 504 898 940 186 683 655 821 1000 139 571 305 28 988 224 350 50 228 574 294 654 13 912 123 849 694 653 445 133 20 85 734 264 906 536 791 274 401 592 367 248 501 256 699 914 128 626 211 637 37 759 779 640 336 86 636 949 942 153 184 394 816 339 964 251 281 5 320 262 606 687 506 390 611 770 666 756 985 231 142 747 177 340 686 125 116 294 399 263 150 607 554 571 639 550 126 352 347 606 754 303 295 615 220 43 307 644 112 696 865 718 249 654 331 989 221 693 152 637 928 201 672 608 592 478 48 94 934 643 12 736 384 687 36 290 815 181 532 244 99 476 26 527 679 591 123 295 71 521 778 425 572 428 653 927 508 286 114 694 726 762 379 355 262 763 640 211 480 323 329 777 284 926 387 535 584 575 687 968 359 465 992 84 929 396 618 637 580 803 226 719 325 158 199 181 921 940 335 373 252 641 326 499 520 754 790 45 415 284 676 482 897 926 200 613 660 426 592 782 948 590 467 489 771 474 114 369 824 479 243 2 541 576 689 320 249 575 992 376 724 732 175 85 249 808 990 957 492 615 621 579 818 797 662 560 384 256 395 238 941 102 675 839 668 536 725 912 271 505 758 793 963 409 509 202 593 40 180 252 151 451 0 240 845 308 875 458 302 988 309 389 149 569 498 932 346 594 562 752 250 668 759 316 101 247 817 350 972 860 6 440 606 334 598 639 281 738 758 755 627 627 161 908 847 570 695 930 256 462 657 414 596 830 944 970 516 481 
37 939 988 877 215 73 160 170 932 398 271 371 516 579 204 217 280 369 206 694 153 749 76 830 184 946 101 329 753 234 249 871 818 979 761 983 656 755 579 668 456 840 718 658 82 747 722 173 306 622 361 604 970 559 125 821 407 146 731 929 810 270 947 158 925 751 181 643 983 695 323 94 630 772 6 967 467 31 935 457 347 807 170 30 138 619 228 507 306 616 52 808 524 478 893 155 330 112 652 175 375 115 525 479 230 559 722 474 719 836 24 97 127 990 567 773 389 356 660 89 445 910 585 224 197 890 7 817 548 351 385 151 591 958 929 495 410 509 99 281 932 634 716 949 76 735 163 217 272 985 262 676 383 68 849 361 152 943 813 396 305 696 818 211 676 298 307 568 633 835 667 314 771 638 213 163 498 771 850 479 174 571 751 255 694 217 516 823 446 304 507 694 161 752 441 695 172 645 318 454 738 137 629 85 900 689 569 394 213 826 547 836 181 969 345 192 883 669 365 609 533 974 192 569 539 493 386 129 100 938 791 995 677 858 25 691 578 268 825 564 718 970 418 797 51 573 913 85 999 848 216 656 470 798 983 132 846 531 216 516 504 370 598 610 147 837 592 319 289 879 657 690 99 808 534 685 618 85 478 909 850 786 472 889 279 726 408 217 862 831 7 172 76 618 450 486 870 515 202 967 732 557 940 374 477 405 192 478 66 528 338 137 770 669 790 383 279 678 637 677 49 598 103 426 237 395 394 916 18 445 412 769 207 846 177 459 204 906 505 569 696 941 223 220 850 376 669 65 822 531 479 370 575 545 33 520 65 419 621 141 218 240 839 227 581 461 854 619 854 365 401 805 604 27 837 810 929 151 768 906 942 11 330 846 416 831 196 386 205 384 397 449 480 973 551 249 770 627 665 484 908 366 595 234 607 907 46 70 722 665 196 603 647 535 78 30 855 953 282 700 841 254 332 472 834 818 979 625 590 519 698 95 696 670 822 643 263 234 304 400 764 615 879 981 149 962 800 9 983 736 20 279 679 64 246 539 502 43 316 237 446 706 398 624 176 908 943 483 622 764 986 391 586 218 889 597 675 91 760 933 286 611 767 646 899 362 153 804 146 659 834 278 669 864 355 172 721 576 833 36 
325 500 19 570 775 946 835 762 767 328 338 624 614 591 832 941 453 393 883 850 326 214 356 942 380 716 293 152 200 864 302 104 102 727 71 325 191 839 280 558 543 278 910 200 814 842 711 438 868 177 535 270 626 779 369 706 850 519 257 701 268 888 78 183 790 390 743 569 153 861 867 532 179 674 745 385 715 525 59 862 649 792 111 621 325 678 163 206 127 747 771 275 475 267 559 744 476 81 269 962 877 918 463 933 78 33 183 401 59 201 880 825 756 189 125 88 492 841 447 307 887 419 763 883 850 38 131 423 7 432 786 538 627 225 969 492 788 679 562 981 507 302 477 624 131 102 868 668 543 743 966 786 716 41 721 45 281 730 453 883 919 166 581 490 358 900 664 508 671 814 361 549 425 727 122 238 873 598 159 754 636 987 674 615 551 59 764 825 646 160 436 372 254 56 825 20 918 540 47 657 402 416 91 974 723 614 401 238 248 99 108 492 20 289 366 40 239 566 556 716 58 876 789 718 272 17 397 635 227 107 44 735 902 512 864 560 464 139 646 682 160 835 758 612 989 949 763 932 221 155 172 358 290 149 314 127 384 338 147 623 603 173 895 565 358 869 357 631 75 197 314 375 96 208 848 703 899 455 774 674 4 711 232 741 181 233 14 352 34 357 809 958 84 852 724 199 429 666 431 103 157 489 211 30 422 404 873 236 15 472 522 228 594 812 222 725 971 982 351 236 640 997 866 164 824 618 186 744 941 639 1000 869 191 459 765 904 40 781 621 720 456 34 131 671 0 216 147 0 744 197 100 286 404 939 450 387 346 370 629 578 450 496 990 1000 861 127 780 218 351 934 650 879 82 556 93 500 832 538 914 136 277 533 804 15 294 2 322 402 444 257 278 743 719 871 386 907 424 398 456 947 810 617 69 274 847 839 937 949 132 533 874 618 597 572 681 676 785 427 234 466 749 459 744 659 324 356 957 228 190 311 369 187 67 43 33 558 562 849 239 585 878 581 788 113 274 968 308 624 736 534 963 814 99 41 201 140 313 12 548 230 203 700 53 20 167 822 110 386 364 469 927 608 279 818 508 357 794 472 81 489 893 648 895 638 372 279 495 90 725 887 174 992 640 497 669 220 468 883 217 854 
148 671 996 416 652 465 628 691 970 326 953 66 385 399 401 923 890 764 148 119 95 628 434 471 923 892 542 694 274 672 571 88 258 789 730 288 719 803 588 743 806 761 669 379 152 855 515 386 58 343 462 805 385 169 921 358 771 721 150 380 73 618 659 614 826 546 34 132 166 318 531 454 386 411 925 781 291 39 472 338 661 876 409 908 741 792 350 872 134 344 163 695 942 402 44 191 389 404 934 225 473 735 257 32 314 716 673 191 116 646 890 401 643 120 524 752 821 538 687 865 819 225 477 998 273 933 395 344 418 248 946 450 741 294 45 458 400 285 730 930 438 114 91 453 974 939 359 831 493 419 823 106 285 615 961 771 939 235 259 416 333 813 336 641 44 379 555 149 724 157 509 964 361 201 202 963 878 207 57 581 402 262 84 751 932 540 96 382 588 596 197 880 686 423 297 702 346 385 634 4 903 327 953 166 755 984 932 85 1 669 903 112 281 206 563 630 5 254 712 993 157 317 641 746 757 533 756 38 560 835 591 561 317 245 929 992 936 926 558 961 405 366 94 507 350 300 753 220 255 729 189 807 254 843 936 489 377 762 291 717 915 6 427 896 592 940 382 672 694 15 691 933 351 949 280 155 631 680 303 607 649 194 648 745 220 375 753 517 685 730 752 63 172 103 900 918 169 584 259 732 780 331 812 348 205 193 825 695 929 920 913 148 489 484 146 383 168 596 36 875 914 209 198 898 393 29 522 941 533 73 54 665 321 236 20 664 438 803 185 412 97 497 983 365 759 493 406 419 516 592 224 68 666 111 580 32 943 510 565 484 266 933 931 955 819 54 304 345 594 371 386 713 942 964 231 567 316 719 64 855 47 823 178 311 563 467 734 781 754 84 781 955 852 951 969 693 738 345 407 66 768 88 932 960 994 26 854 486 295 393 589 687 605 936 412 746 985 166 744 576 674 260 625 752 239 468 271 22 292 570 494 644 34 677 904 693 196 921 519 231 828 271 58 939 324 587 331 414 68 35 316 664 903 675 527 159 972 149 271 32 866 897 581 455 88 354 275 505 704 971 785 421 838 168 864 104 391 505 146 569 193 9 586 174 66 888 108 382 319 230 52 542 682 285 824 542 617 992 187 443 
731 395 373 846 367 417 856 986 528 995 684 299 424 15 6 401 790 570 812 983 190 564 897 536 992 345 423 615 562 166 915 361 700 447 900 886 718 977 365 374 484 507 417 714 805 91 619 189 365 731 550 206 231 786 977 728 521 57 958 527 37 26 131 190 913 644 959 51 368 367 354 272 13 671 408 629 463 191 545 830 388 161 986 213 796 822 317 434 268 596 80 46 433 945 980 804 869 326 776 380 703 627 296 748 269 896 353 293 845 843 870 612 723 124 461 87 118 937 42 571 870 668 958 881 771 710 395 706 402 938 915 922 693 174 458 682 168 205 626 521 256 917 861 466 822 241 883 799 396 517 734 788 199 329 501 648 407 13 322 408 23 779 25 63 44 297 292 770 974 12 42 827 240 589 90 465 711 440 757 94 121 851 309 274 749 430 464 626 101 729 837 749 395 934 22 348 325 561 766 15 373 533 732 638 352 650 627 660 989 516 908 290 420 240 522 26 353 267 735 110 771 794 228 367 211 301 53 661 146 588 366 932 945 395 909 144 141 101 634 176 229 396 797 968 860 693 707 449 545 350 741 13 10 235 748 866 845 760 5 354 937 311 140 413 148 775 360 707 114 601 876 912 103 785 207 245 47 771 945 287 580 567 970 147 102 109 73 684 209 334 592 530 996 810 650 826 896 343 745 108 321 552 306 318 912 321 975 323 986 673 917 599 929 873 279 522 247 724 145 535 798 488 24 350 145 644 586 156 519 583 400 336 312 214 307 133 492 833 514 365 770 61 20 274 390 511 722 313 84 983 316 155 946 574 30 356 832 231 960 402 929 882 353 315 939 409 511 618 101 230 45 90 778 213 297 352 752 560 391 892 293 32 966 318 112 286 67 827 8 154 592 205 184 934 518 968 988 477 100 637 723 464 286 505 770 677 156 210 532 129 316 788 826 645 376 409 689 125 38 312 527 259 124 985 612 776 564 990 634 438 56 158 158 503 832 876 693 693 778 934 436 888 408 690 141 712 326 324 137 324 93 64 909 601 682 233 678 896 602 14 333 722 506 196 688 515 649 64 146 139 740 903 163 184 565 452 52 144 154 940 226 804 889 538 74 128 51 695 582 885 7 967 946 483 857 106 907 155 218 894 
249 896 924 102 568 181 889 508 871 891 964 422 426 961 727 171 138 37 991 370 177 375 220 10 121 770 290 337 465 460 146 567 144 739 148 121 0 50 37 654 93 393 626 429 194 17 286 489 450 213 501 923 337 789 262 255 563 445 423 310 183 721 59 871 198 610 257 296 815 579 939 291 703 985 452 295 86 964 94 584 102 255 875 727 712 71 614 122 185 468 841 320 808 276 851 50 360 53 333 979 834 221 692 611 507 566 620 365 771 239 116 296 583 511 500 338 943 679 356 800 49 649 828 928 910 343 726 143 828 694 839 532 394 836 874 636 703 869 195 965 293 358 651 291 74 34 924 706 177 743 687 452 46 761 512 989 555 475 986 908 899 660 930 7 214 683 938 546 877 230 529 228 928 177 355 541 588 252 206 775 62 458 902 334 884 813 170 344 241 584 160 56 859 254 702 193 579 149 254 35 903 92 636 911 404 725 20 184 74 542 904 162 99 364 145 507 976 239 531 463 696 35 32 959 410 363 706 885 962 611 369 705 632 673 388 761 95 808 79 471 127 811 592 296 265 520 770 403 441 251 974 757 295 833 806 521 428 435 966 254 310 118 787 188 105 25 216 692 314 523 801 584 206 413 942 619 424 388 352 52 522 358 979 884 24 733 285 559 491 613 388 90 189 143 992 186 910 300 557 695 424 145 107 644 774 261 471 759 649 889 717 61 992 231 568 839 723 34 371 625 262 735 793 687 27 703 255 433 595 125 905 64 593 716 986 142 221 418 469 917 71 475 232 244 335 673 949 536 791 190 724 95 685 788 414 317 363 244 73 513 986 257 991 90 753 290 820 73 96 23 360 519 92 668 153 653 73 543 804 958 322 320 987 901 585 501 552 956 317 357 806 89 240 162 663 887 651 202 881 746 948 530 188 796 186 840 707 601 755 826 299 382 748 565 12 486 508 73 326 828 956 882 315 189 779 947 83 894 474 46 321 56 699 112 556 556 267 778 361 410 879 246 35 546 897 332 928 160 613 243 117 104 494 866 190 69 638 618 274 377 256 96 627 510 286 306 706 89 555 381 871 348 39 629 30 14 351 590 583 688 357 26 169 648 908 759 738 599 958 92 295 58 983 251 23 755 202 509 228 232 
183 8 733 324 493 763 483 227 589 733 135 888 295 725 354 113 547 944 723 840 620 378 33 903 150 699 350 188 832 765 579 621 533 952 695 484 585 783 655 404 511 710 741 885 103 478 947 242 715 809 447 434 496 833 887 931 394 752 74 772 638 830 212 488 967 307 752 487 784 587 405 496 888 906 464 488 435 181 327 1000 562 549 546 693 322 8 960 172 263 686 399 646 99 680 266 911 410 642 398 495 6 907 358 28 303 519 600 290 483 793 996 425 749 874 427 171 65 555 175 660 176 336 397 30 807 892 211 227 278 471 150 345 896 970 793 676 190 497 646 713 599 275 733 334 525 974 297 849 198 778 45 650 430 110 17 911 342 92 363 278 890 617 400 610 567 287 192 786 141 134 602 379 981 132 496 194 925 639 327 360 340 67 988 916 717 104 76 929 0 171 995 879 218 92 345 307 555 109 223 91 596 937 522 629 967 229 733 655 464 106 944 390 700 201 870 282 621 7 612 529 822 276 563 403 301 928 835 430 817 494 466 320 26 982 25 405 621 576 490 802 982 441 511 783 535 28 999 546 547 813 14 851 859 223 636 933 774 602 773 714 350 306 728 704 612 429 204 809 432 751 826 466 182 203 45 36 263 481 997 544 3 987 118 799 635 124 979 818 321 311 388 221 655 91 971 550 359 928 436 64 82 95 620 245 533 94 232 194 636 612 414 670 635 387 979 310 625 38 891 734 478 740 56 16 689 457 856 821 385 488 690 413 297 794 100 76 254 935 639 493 847 487 297 897 8 749 942 899 82 905 593 806 141 453 340 325 542 187 146 659 489 304 182 24 834 524 246 931 674 154 637 596 630 236 899 347 886 802 675 64 753 628 77 689 882 805 427 812 454 141 750 355 522 290 1 91 630 562 206 563 299 43 554 226 108 487 641 76 292 452 960 373 56 375 449 781 840 759 419 579 206 739 472 718 7 325 365 167 598 725 647 605 347 392 294 176 647 337 926 220 620 504 729 238 8 404 831 182 204 847 814 113 720 366 919 13 508 918 446 366 735 396 874 447 251 838 641 309 137 956 974 827 558 719 495 136 490 509 427 596 894 61 870 437 132 48 415 556 355 812 137 665 500 284 449 985 40 424 136 987 
530 694 170 269 594 958 24 76 357 441 697 919 798 413 831 162 931 79 1000 698 780 258 136 158 523 75 190 75 986 282 168 891 89 196 382 368 831 762 629 547 487 771 456 83 16 575 975 771 252 464 356 578 462 328 981 417 237 538 516 30 18 935 746 837 926 572 850 915 304 801 675 996 341 588 830 111 745 614 698 878 267 447 569 919 726 171 358 526 944 728 163 530 191 879 390 451 439 25 404 0 960 609 409 736 146 783 416 86 258 532 877 851 549 682 512 211 902 281 227 463 199 876 779 789 571 567 227 894 505 484 801 499 988 791 284 616 172 939 742 730 960 523 612 495 921 951 549 743 582 977 621 330 17 512 458 257 847 352 113 123 123 59 950 944 805 401 364 385 28 312 84 858 281 459 659 813 855 522 616 943 275 903 893 934 801 298 485 360 964 78 942 459 439 392 215 898 25 103 777 228 125 667 926 402 671 391 886 972 2 724 449 644 411 96 80 5 950 249 720 461 302 696 108 477 365 367 787 340 418 463 585 448 414 529 171 315 882 744 681 227 497 44 568 775 279 18 8 2 438 557 368 564 100 942 710 880 683 839 551 490 521 509 912 765 611 522 833 177 214 881 876 558 673 187 946 648 130 484 176 282 903 648 759 262 840 617 102 587 884 645 272 683 743 993 601 844 559 986 397 314 804 668 334 539 823 299 741 633 446 177 805 665 475 195 934 816 965 802 172 277 691 688 731 214 525 620 220 631 761 268 705 611 253 573 601 43 530 386 981 644 639 387 76 520 737 55 564 143 150 501 61 418 569 380 993 660 553 277 591 466 216 985 75 629 22 820 906 541 261 441 599 272 148 150 151 15 535 233 368 870 970 888 594 757 55 163 240 285 88 742 402 890 319 412 72 965 5 750 456 377 360 98 341 332 355 590 189 265 482 426 407 234 322 766 486 40 704 26 730 39 760 290 54 769 803 328 420 898 358 795 454 60 364 720 794 685 885 841 638 245 646 997 209 935 853 249 378 337 664 113 916 112 523 52 692 921 64 808 109 398 50 596 707 348 501 383 839 231 668 308 510 346 620 45 835 120 587 380 433 697 7 491 863 597 287 964 933 686 262 759 620 440 106 606 523 65 135 179 75 421 
883 544 166 661 448 696 740 420 391 614 6 730 371 184 907 857 569 74 545 242 266 603 391 61 87 853 0 329 983 525 880 957 318 421 510 643 446 412 901 359 418 385 766 839 395 378 533 147 741 7 933 411 573 629 252 668 703 454 10 964 155 171 979 374 57 997 329 265 376 424 531 848 630 988 285 590 632 877 785 988 49 934 174 899 811 524 329 980 806 751 791 111 570 685 124 408 41 923 611 332 17 730 273 955 297 159 311 720 539 896 332 708 776 332 19 236 310 339 74 788 423 470 493 682 886 402 223 11 527 300 983 921 586 938 458 99 620 568 326 579 213 918 740 568 265 18 974 536 483 379 852 92 349 425 266 275 499 613 194 630 867 93 570 239 10 141 733 992 197 198 490 584 489 273 742 648 3 134 785 140 401 421 121 937 731 859 47 867 682 340 262 89 654 765 744 244 414 79 643 575 114 906 600 17 360 286 628 733 167 520 816 850 647 974 512 693 381 879 236 264 465 581 75 100 32 397 26 263 225 683 768 45 906 985 50 818 393 300 805 8 111 301 35 366 389 367 251 457 818 462 578 957 392 759 962 570 305 943 961 678 315 237 948 974 178 226 388 414 883 186 78 895 431 925 809 804 366 962 778 801 350 185 445 699 970 840 809 570 185 620 935 442 506 519 414 482 966 200 729 28 508 733 269 986 607 348 692 194 55 234 46 506 257 644 525 110 161 440 802 932 760 338 36 448 643 878 804 72 604 683 417 590 682 695 958 379 390 271 433 282 729 723 579 370 376 228 45 565 173 379 926 338 797 154 615 535 658 870 731 192 988 520 282 313 301 282 567 749 285 334 454 283 997 933 60 635 285 291 333 642 570 937 728 1000 89 364 851 239 923 247 871 122 267 440 462 756 916 271 220 277 867 449 305 770 98 298 922 455 972 218 478 762 807 918 127 84 224 655 264 420 671 839 295 715 144 523 729 149 876 661 257 685 7 0 131 430 837 137 327 515 275 602 993 803 796 622 608 739 670 385 526 494 384 778 921 1 415 371 605 293 853 66 106 441 94 575 640 5 341 441 271 708 258 983 576 321 929 966 416 764 290 890 686 178 336 724 33 770 793 471 872 578 829 130 821 258 429 51 599 52 
975 345 465 689 864 867 695 185 627 353 99 367 250 111 471 918 199 759 685 115 364 452 559 617 677 777 156 650 341 553 501 581 361 788 703 84 581 792 150 179 456 629 843 463 698 468 169 876 661 28 287 873 18 621 43 268 752 199 427 680 479 1000 121 812 504 988 947 881 9 277 991 767 411 201 478 450 165 279 871 21 895 530 883 350 574 954 536 267 149 800 560 686 509 426 310 37 955 924 884 434 988 435 674 422 845 947 361 966 170 936 146 271 235 160 947 573 510 345 926 932 207 30 374 618 62 801 720 681 762 52 611 758 254 718 778 343 944 981 451 45 525 914 111 957 19 861 108 273 457 96 600 175 103 267 515 586 38 597 499 173 6 115 846 538 90 7 892 569 520 298 31 179 516 806 922 75 25 78 549 234 748 798 971 792 921 53 348 591 53 864 139 912 224 571 118 222 555 230 583 855 323 990 292 985 314 883 914 98 822 58 252 780 681 496 414 542 175 731 39 989 561 934 166 259 118 311 228 34 262 468 744 301 866 267 335 818 83 142 941 614 210 327 270 833 325 385 780 572 446 275 67 629 523 501 491 238 917 936 552 898 837 345 817 854 834 98 428 421 949 650 963 12 789 994 602 75 519 796 419 762 1 967 370 311 739 568 743 429 18 262 217 260 953 251 745 417 808 594 342 682 816 91 463 366 954 413 569 657 884 945 666 431 325 719 352 891 828 780 641 715 613 726 465 836 284 847 59 103 548 352 288 626 467 280 609 505 539 304 116 646 324 75 739 91 916 277 987 1000 551 774 220 787 398 33 93 110 63 849 87 444 836 900 798 48 944 130 900 6 653 889 482 357 221 156 467 860 865 17 741 119 844 600 215 851 991 328 720 208 898 463 301 577 856 0 215 866 176 97 458 395 909 886 11 204 677 743 808 360 930 258 651 382 506 958 271 336 59 231 918 22 920 953 365 755 221 49 84 8 225 924 19 889 327 680 523 921 749 684 2 835 246 22 52 89 45 527 363 825 463 892 124 352 381 62 238 792 634 979 527 712 629 443 647 510 310 588 215 156 418 612 106 40 103 265 221 196 284 406 86 308 181 781 751 270 253 449 277 533 476 781 434 722 42 888 979 630 144 132 181 325 
521 118 936 761 1000 419 22 627 870 104 875 270 125 30 748 680 80 502 123 50 43 84 944 248 77 375 724 429 107 550 540 884 111 238 625 290 608 959 522 266 34 784 325 33 454 962 461 627 997 516 895 331 531 734 986 115 247 153 278 844 729 966 573 156 237 605 997 515 235 108 885 103 532 568 224 403 824 92 82 27 255 461 947 674 735 41 747 617 754 968 795 412 312 66 440 206 434 895 40 853 461 150 483 326 335 196 938 874 724 224 493 464 831 567 300 254 267 783 222 129 749 110 257 533 27 758 803 239 146 384 771 463 439 565 190 879 683 208 418 440 465 217 227 731 345 564 828 995 804 80 101 260 13 824 506 679 716 174 510 947 265 902 732 923 881 439 88 34 393 153 226 121 326 786 55 827 471 322 424 76 744 55 941 730 676 461 761 838 390 591 298 852 454 352 564 266 373 315 787 360 786 635 979 619 37 565 525 378 42 679 879 195 667 333 381 303 107 916 428 987 275 343 694 750 197 853 896 812 906 470 538 800 822 512 885 798 691 459 808 199 224 979 872 952 934 857 432 127 771 747 163 940 879 14 214 326 742 876 197 141 861 50 337 923 60 781 953 2 891 977 935 170 68 545 821 151 892 726 526 98 816 480 852 699 326 873 406 529 717 895 361 233 343 431 283 303 744 253 267 289 294 813 505 445 98 410 86 504 938 535 510 223 103 542 628 602 907 944 660 920 196 887 664 999 503 460 864 247 689 708 503 503 485 452 291 511 197 37 959 506 751 120 602 128 49 586 748 678 19 219 928 792 712 649 262 185 291 23 33 809 59 560 68 868 595 169 272 206 642 51 476 759 947 604 374 826 311 350 319 471 613 181 358 952 804 254 806 335 4 790 134 240 884 381 326 999 704 452 556 230 166 354 758 872 38 880 201 443 63 821 100 485 834 250 204 469 664 908 333 572 407 618 754 683 930 253 108 513 711 638 999 552 285 916 597 16 360 549 580 178 482 534 629 669 618 754 122 742 742 739 182 601 454 316 932 465 907 428 671 351 993 189 959 125 953 585 134 742 7 494 777 476 512 195 620 811 724 525 57 847 210 640 783 663 124 718 830 343 171 148 572 568 968 332 8 478 862 739 320 687 
755 21 221 949 819 291 466 737 420 858 651 31 207 595 642 24 569 383 393 414 376 910 793 618 268 455 613 277 753 185 468 974 697 691 351 667 806 826 591 468 749 604 761 594 533 0 541 335 657 809 310 79 517 194 61 318 430 27 978 967 391 112 61 44 413 323 751 17 700 487 233 967 34 681 425 618 355 995 234 166 794 335 212 437 642 242 903 192 954 620 215 163 699 1 576 54 823 497 762 639 771 995 151 843 134 599 208 897 311 856 859 423 326 363 502 61 983 321 967 919 526 89 942 278 574 771 293 474 447 775 67 826 276 373 340 170 31 346 150 378 174 555 663 616 897 435 399 226 747 139 975 608 925 233 326 10 786 928 414 83 923 687 589 417 522 92 312 820 344 292 24 471 284 530 374 84 440 546 700 157 563 393 310 15 523 521 975 219 431 478 219 138 494 65 351 618 163 709 291 981 37 569 797 86 262 783 109 868 412 742 63 373 223 81 811 387 307 841 477 28 767 977 456 801 178 617 734 953 872 748 380 149 714 348 40 468 27 386 706 473 69 213 942 575 190 99 42 427 36 181 0 335 305 526 26 166 167 233 392 622 271 208 865 397 599 283 541 11 107 428 259 910 851 896 431 851 840 913 692 938 553 150 210 530 535 457 217 711 837 276 345 835 469 629 207 56 119 1 405 695 387 996 837 749 100 350 444 392 670 579 815 981 135 909 191 0 34 454 254 720 652 926 942 846 32 954 981 807 631 361 531 124 317 506 430 663 473 557 836 91 554 539 542 259 226 9 544 441 647 575 544 679 193 463 67 2 315 41 184 765 148 418 638 216 431 351 720 508 328 833 71 290 193 642 471 936 521 388 218 467 465 518 241 15 416 317 23 332 16 935 715 319 911 679 574 434 60 103 164 530 474 153 183 88 137 915 167 726 575 342 50 665 765 3 965 971 982 422 242 324 949 157 443 833 92 637 630 218 300 108 192 361 291 292 844 641 638 340 606 720 615 625 467 552 782 668 360 9 292 245 356 896 311 964 574 719 525 625 333 384 33 399 90 420 747 667 311 254 95 758 766 989 713 249 454 84 41 4 309 111 797 587 674 990 232 972 635 274 928 687 286 725 596 441 752 810 465 893 5 897 
877 226 780 744 762 309 493 499 36 783 368 718 774 982 855 795 770 355 755 812 398 952 37 160 688 92 238 567 328 56 419 149 406 236 355 220 915 136 196 846 730 338 22 811 650 846 396 729 297 954 457 150 661 115 689 684 397 527 923 774 108 469 431 675 687 917 956 632 143 983 952 239 310 85 889 728 484 67 624 288 926 260 846 497 296 480 35 602 515 752 346 353 490 751 297 999 475 630 598 732 850 186 50 794 29 718 593 190 747 517 876 909 792 584 716 173 411 183 59 561 203 625 21 635 325 797 731 435 840 317 566 575 641 978 908 288 377 566 327 257 756 687 404 811 9 998 875 724 323 760 463 591 762 578 261 652 938 602 885 472 177 781 448 546 689 251 190 521 894 523 82 413 619 205 209 447 36 26 963 669 109 904 839 695 842 283 959 99 64 81 263 368 296 69 285 23 826 108 146 684 381 701 479 159 364 601 874 459 633 968 12 504 225 254 147 33 661 517 911 784 263 838 242 869 332 839 679 671 758 620 354 328 631 10 873 733 838 780 832 489 294 249 504 624 832 353 697 620 983 76 878 776 408 945 139 298 430 24 39 907 320 527 733 737 917 476 33 852 453 394 325 991 705 152 338 403 378 934 251 783 512 604 678 353 267 41 15 542 775 311 759 169 589 637 202 855 6 921 113 659 995 487 700 431 130 413 383 459 58 281 908 101 651 638 453 196 460 795 955 126 573 456 954 351 820 318 715 763 426 397 515 160 314 731 842 33 353 678 829 196 251 927 562 41 67 499 142 557 245 760 915 95 900 124 423 919 212 648 904 173 197 513 632 983 795 913 913 451 134 11 28 887 337 599 75 917 627 593 175 828 651 981 868 856 807 29 140 1 222 588 967 469 828 137 109 8 697 105 640 98 610 678 641 880 222 618 575 990 384 353 57 710 901 580 197 673 60 386 245 563 439 945 284 610 317 823 572 212 987 272 634 67 921 708 214 369 22 221 21 58 250 933 315 57 428 303 120 14 747 191 695 854 494 435 62 47 509 562 779 141 175 422 225 398 877 15 269 522 753 808 257 351 4 586 843 973 440 691 735 105 641 136 575 510 804 545 943 108 54 782 640 558 7 452 585 332 828 27 217 327 
353 202 112 347 719 20 748 227 283 670 571 767 323 744 24 296 73 65 537 207 842 140 602 914 862 529 536 124 442 926 937 0 961 500 575 663 850 725 236 632 288 979 105 758 974 381 1 858 764 844 628 195 757 58 669 825 722 84 625 691 481 738 40 741 562 339 55 313 126 322 939 342 435 588 433 442 850 744 297 413 626 305 491 807 628 624 917 454 844 721 408 940 954 422 443 957 361 197 872 37 719 89 985 462 11 994 815 54 40 655 236 89 655 760 692 424 577 743 608 615 527 233 785 583 850 585 99 983 557 259 312 558 142 516 589 8 580 415 693 964 173 221 383 250 959 206 898 778 936 168 574 295 930 661 993 602 445 41 868 391 411 257 700 838 407 728 953 96 627 883 132 511 699 581 72 210 626 647 506 78 485 782 303 639 425 273 28 919 201 656 937 583 761 651 645 412 9 63 281 238 975 423 556 773 819 443 546 399 566 988 730 71 493 64 608 980 237 854 789 15 752 641 219 776 301 894 640 844 845 591 575 339 491 522 162 449 733 908 182 26 243 469 434 1 77 637 100 837 431 245 348 692 345 415 283 122 697 774 980 185 253 483 495 263 62 989 935 640 823 612 605 548 169 32 500 487 488 78 573 275 541 386 269 666 289 707 787 39 614 996 234 949 474 285 105 689 660 990 668 110 198 659 268 775 956 300 488 401 136 555 928 162 115 808 519 768 156 993 735 837 20 76 84 205 439 150 891 20 311 850 809 653 336 600 226 917 174 613 489 982 154 256 459 183 174 730 306 205 231 283 244 85 80 382 1 875 942 255 674 242 99 634 743 202 967 729 844 126 528 507 199 204 633 190 190 256 362 99 243 700 670 444 2 221 232 185 753 891 98 205 493 103 343 978 808 350 961 353 556 497 537 722 510 181 14 791 504 524 147 544 260 512 774 921 765 594 770 379 842 580 976 252 847 747 43 142 377 566 529 579 872 601 412 649 421 172 942 632 945 723 998 396 309 150 304 289 900 72 797 32 648 267 120 874 526 657 851 180 517 861 464 642 580 291 556 212 26 574 697 742 520 509 181 828 517 784 423 523 20 145 148 782 368 217 150 512 1000 525 798 145 787 137 894 781 540 415 895 116 634 600 
528 11 223 765 416 646 577 113 253 924 314 690 33 857 158 614 895 403 543 474 62 357 800 150 704 682 228 603 71 555 523 383 386 828 863 708 670 652 543 921 624 403 526 288 936 272 252 298 705 813 568 12 912 83 465 528 915 776 192 953 758 100 153 596 214 32 511 187 145 799 781 368 735 191 796 497 736 929 856 267 495 845 705 328 78 34 341 434 881 191 453 796 806 385 212 212 219 256 670 8 820 518 314 190 967 411 8 978 511 720 740 983 361 857 399 663 719 972 782 778 691 219 190 915 29 310 421 45 64 362 457 734 98 883 146 681 161 667 328 534 230 68 490 849 370 232 264 498 190 839 901 529 49 613 798 303 699 607 864 77 522 300 575 452 267 536 935 912 682 14 622 639 76 319 410 374 5 706 667 626 589 726 155 495 721 191 834 405 947 886 732 309 800 142 229 687 618 533 996 999 625 575 315 51 851 491 268 10 985 289 571 657 765 31 246 893 304 35 12 485 62 937 623 746 541 170 454 406 778 864 144 648 210 644 470 8 145 797 232 633 350 680 43 274 738 155 14 791 79 570 607 145 799 538 350 366 407 137 765 227 49 208 962 719 999 728 387 48 813 531 383 338 782 979 433 849 196 967 947 242 590 337 755 826 572 958 63 891 249 579 1 135 766 62 413 294 316 143 992 3 659 740 694 114 202 555 972 766 721 280 609 359 354 712 644 434 250 172 44 595 619 563 944 723 24 382 13 75 613 298 723 745 465 149 749 465 203 240 185 607 656 0 968 209 47 133 641 68 285 537 570 447 72 166 67 430 536 790 986 610 296 414 93 594 869 808 923 255 808 136 638 422 772 35 414 356 249 656 145 949 235 617 726 126 797 35 5 774 773 323 495 318 757 810 0 420 234 501 162 838 376 944 674 780 68 25 392 539 333 44 540 432 829 291 373 458 291 355 101 528 824 707 487 675 93 488 230 307 591 534 135 873 399 563 975 255 701 280 709 171 748 890 381 546 683 498 994 950 17 732 401 508 380 845 632 154 958 449 514 921 531 651 430 489 973 966 234 79 34 433 981 830 537 504 861 372 886 735 295 335 84 669 267 585 163 187 996 248 683 704 818 106 126 0 410 525 454 758 689 910 
678 683 128 251 584 461 126 978 359 403 783 44 505 458 255 895 94 362 613 563 617 317 398 615 143 983 102 270 752 539 809 426 56 903 898 776 77 507 179 396 368 336 279 781 953 628 172 586 580 605 790 393 691 886 284 501 69 697 101 749 931 409 958 955 949 902 975 326 608 905 358 453 923 90 179 834 922 895 259 444 67 255 603 349 648 942 30 49 769 326 303 744 109 256 54 509 766 671 869 315 661 152 583 753 415 316 873 538 301 279 948 434 690 743 417 192 362 433 17 592 881 558 154 944 263 18 818 431 331 239 232 212 795 566 307 736 975 480 443 736 911 508 883 939 956 436 334 868 432 932 905 684 491 635 359 493 459 641 662 545 723 560 465 521 673 411 284 248 463 830 887 499 178 503 680 646 926 422 918 858 414 486 691 790 425 305 956 465 488 391 247 712 836 323 60 260 912 353 640 99 679 306 140 4 851 277 170 608 86 430 197 116 716 86 262 13 463 324 554 64 14 282 276 272 457 668 352 199 896 805 745 398 139 184 181 955 128 2 822 720 497 969 761 763 62 933 795 996 928 57 231 79 52 312 779 104 850 277 91 709 62 586 812 687 774 867 920 43 22 804 304 135 426 577 702 52 371 37 526 215 726 856 690 588 555 738 393 545 973 66 570 6 888 720 598 620 93 25 152 27 653 788 950 927 57 17 189 246 276 271 494 489 550 533 232 799 465 732 535 167 508 705 285 765 445 689 244 445 110 884 413 806 261 524 99 184 649 496 965 160 343 801 522 481 105 599 369 230 25 622 396 797 996 997 201 681 462 476 346 721 308 503 917 467 712 353 959 341 66 623 87 866 533 812 858 396 740 471 350 388 878 483 266 546 322 644 602 364 434 324 861 798 125 133 548 384 574 372 498 748 814 353 847 238 531 706 773 843 216 7 193 36 494 428 273 198 676 521 536 580 907 457 310 963 326 757 399 627 678 657 687 572 721 582 681 451 154 646 260 728 429 589 696 445 576 936 728 36 349 44 395 839 297 406 438 188 329 323 451 214 736 689 130 848 865 567 425 125 935 581 540 872 653 915 936 580 717 584 371 800 731 643 213 721 466 446 176 570 902 765 886 360 959 830 300 397 381 619 384 760 
945 828 364 830 983 810 295 798 973 844 471 666 31 266 742 277 161 576 963 308 672 480 537 117 853 88 698 460 427 645 403 831 236 643 206 758 829 163 586 480 975 679 544 618 831 990 121 334 251 880 96 935 135 811 211 440 465 554 489 631 229 194 125 420 979 802 194 834 26 176 808 390 993 416 309 896 660 419 711 953 170 829 855 359 156 583 25 844 905 694 944 864 743 820 169 282 292 57 378 622 381 552 576 135 762 68 815 760 848 223 484 870 526 208 810 396 815 63 85 673 556 483 39 850 308 523 841 65 516 726 362 108 871 308 648 193 952 427 327 382 298 565 567 822 40 247 854 228 777 32 243 869 504 459 68 885 713 426 195 277 692 765 443 401 449 487 631 171 214 561 753 989 929 560 676 249 804 735 538 229 605 48 243 658 772 288 98 605 317 443 781 643 143 30 834 592 54 969 798 65 905 118 785 963 912 452 69 160 92 504 18 413 278 747 959 272 424 818 841 719 231 75 962 984 215 261 540 974 732 675 869 279 508 261 153 678 727 868 429 680 1 939 363 89 242 640 11 998 462 816 475 470 1000 459 217 763 909 919 640 165 578 376 125 57 146 954 270 943 573 775 67 334 300 287 883 585 988 389 964 754 563 348 455 180 233 975 253 617 812 605 364 667 23 749 100 519 245 130 197 248 278 905 706 211 128 280 392 783 237 842 677 143 987 802 704 825 2 537 700 23 495 931 293 775 969 663 107 634 722 627 286 346 900 541 931 946 164 865 8 745 460 205 698 651 712 742 126 311 994 700 34 805 518 221 242 93 27 56 533 291 509 320 165 626 30 988 272 206 959 354 182 2 855 684 837 958 260 870 234 644 715 323 741 514 759 757 372 722 289 439 157 320 321 177 421 506 839 269 324 507 812 333 231 767 118 318 312 561 360 898 246 467 398 638 922 228 224 793 563 605 863 299 56 60 386 17 906 983 786 965 630 270 401 959 762 364 342 431 327 794 87 788 592 943 460 852 440 860 911 326 731 587 711 213 741 88 959 682 833 259 368 962 458 131 767 311 455 341 965 443 4 899 857 224 118 121 347 315 841 5 964 586 363 102 25 174 741 98 554 498 717 722 401 760 300 456 844 378 79 435 
780 16 154 77 343 28 410 32 986 728 522 659 310 381 471 131 576 914 440 850 596 636 37 222 187 875 921 833 406 185 988 40 48 642 449 528 646 361 51 935 254 901 513 206 725 529 427 545 569 406 235 231 195 450 785 637 690 382 360 107 303 171 317 443 612 123 452 378 576 642 292 623 267 314 49 867 44 774 748 859 909 718 691 204 688 127 93 21 674 973 908 982 355 755 99 125 73 687 896 273 730 825 824 773 774 960 236 580 700 668 790 303 672 463 781 480 777 282 334 42 57 349 348 47 654 659 92 997 117 793 940 740 655 623 202 768 721 600 748 596 361 354 982 143 557 473 334 569 783 901 906 697 661 891 247 59 148 684 185 743 317 279 819 776 383 582 427 84 63 499 697 426 766 699 283 403 636 445 340 963 748 967 48 133 510 521 882 915 606 248 760 463 607 102 743 679 279 247 779 495 855 393 105 144 124 839 792 824 947 359 147 862 258 299 103 563 170 235 859 234 941 637 438 445 339 124 954 113 597 726 163 247 376 948 997 883 572 990 882 396 455 917 138 630 833 247 269 156 292 5 284 714 719 388 146 809 561 662 838 610 393 554 171 830 410 795 128 169 901 882 839 66 602 1 25 551 603 637 869 891 657 243 649 75 782 29 540 142 566 618 86 133 902 668 560 762 408 57 322 854 950 27 567 429 465 9 126 976 12 598 194 764 765 986 672 572 140 663 481 718 897 580 909 898 896 306 461 394 863 516 107 599 411 240 696 610 69 463 918 229 9 596 284 84 358 840 293 852 281 128 207 336 113 39 338 346 448 362 593 79 923 198 771 820 66 563 774 177 747 737 287 446 812 346 360 501 142 521 512 116 364 815 387 878 783 267 642 939 513 491 326 474 472 844 985 553 623 359 925 766 683 416 898 148 650 924 222 445 402 595 409 275 722 384 943 947 962 542 754 875 616 80 849 167 272 318 32 485 412 317 993 899 502 423 332 631 648 514 571 712 904 525 125 624 520 394 957 804 552 115 607 911 5 222 885 699 710 164 714 301 164 282 17 88 885 570 45 105 728 147 205 759 365 750 194 808 998 337 944 115 985 108 400 359 431 602 357 869 886 431 907 76 686 666 974 73 493 400 854 881 
252 895 785 850 90 53 298 623 317 158 159 137 62 661 555 545 675 193 162 468 804 985 814 21 204 814 461 251 838 499 650 267 539 649 842 409 411 859 754 331 213 61 659 722 80 185 813 786 748 883 932 744 135 237 646 563 36 849 153 502 73 879 891 508 307 974 126 795 657 460 322 867 6 836 444 319 604 454 462 691 161 953 341 697 702 583 63 0 579 936 276 75 73 212 318 66 12 305 615 897 232 102 831 498 392 350 437 195 175 589 932 851 573 637 335 849 455 481 744 344 974 43 990 497 115 706 102 874 994 134 505 645 32 798 373 439 913 879 736 777 108 249 881 258 386 107 58 205 802 617 827 693 340 671 207 182 16 112 357 329 912 31 659 44 548 664 519 425 541 111 905 549 118 492 253 226 500 330 286 938 424 852 919 164 642 515 233 831 13 984 649 701 356 501 288 473 960 49 512 273 403 463 407 823 744 134 614 825 829 512 424 930 325 267 847 564 659 428 322 107 666 563 79 762 887 123 15 831 776 237 25 326 446 268 482 841 430 606 982 899 996 777 69 430 358 298 229 748 625 187 434 991 591 246 783 113 732 32 681 100 977 234 412 816 452 165 678 322 773 264 760 842 174 447 404 570 167 290 569 713 736 474 738 698 953 669 831 126 955 424 888 649 410 309 367 537 939 285 29 878 188 58 609 876 904 474 538 519 148 660 605 214 335 558 961 663 351 543 778 268 926 215 385 129 692 179 625 947 298 305 652 505 797 684 204 443 793 851 485 472 228 436 144 530 615 286 7 659 840 361 111 296 452 793 438 604 886 22 457 715 807 8 925 541 990 345 546 765 145 798 178 318 424 536 186 905 824 914 767 543 908 853 890 663 239 167 3 741 455 605 442 660 830 633 21 613 680 299 341 421 917 341 271 947 999 224 453 119 130 476 873 615 924 654 91 936 125 500 421 599 419 718 964 6 782 285 481 783 842 137 758 567 419 373 469 985 238 571 976 686 576 289 249 564 731 426 732 283 699 629 286 864 310 807 273 350 701 127 845 561 714 261 836 519 540 945 347 689 873 772 430 133 991 371 550 891 142 20 807 697 192 976 256 312 731 5 614 421 798 399 544 49 62 302 988 377 247 698 156 966 
34 821 607 649 431 115 154 454 128 903 689 154 87 630 473 985 53 808 435 807 920 659 944 174 65 384 594 387 10 633 46 790 597 301 945 956 735 944 424 621 290 293 652 797 793 309 69 782 985 57 127 177 732 946 205 515 858 525 915 682 86 507 592 225 986 847 769 327 52 230 211 945 488 889 903 847 700 575 160 354 619 225 981 1000 948 498 306 905 88 800 916 534 670 424 925 882 798 612 819 760 687 841 508 98 839 381 659 389 641 731 848 510 618 283 346 906 887 127 535 586 1000 783 141 905 302 667 822 448 249 629 663 167 91 298 236 421 538 447 721 128 419 696 101 286 106 951 472 441 483 391 723 854 436 957 467 348 115 948 688 423 172 80 484 919 601 885 51 111 361 609 581 828 159 172 883 649 925 261 471 431 637 594 44 994 440 994 67 837 845 640 602 703 796 134 233 183 526 185 333 438 689 917 734 393 357 613 856 902 553 279 342 764 387 237 795 198 731 296 944 52 718 381 818 513 190 875 770 194 443 381 677 898 601 113 36 417 707 310 306 368 243 677 776 725 427 690 876 597 56 238 150 231 966 510 856 62 360 662 818 562 948 671 21 423 625 224 122 978 830 765 904 507 749 605 188 589 374 850 839 130 914 234 766 171 2 396 724 745 578 728 909 11 589 384 309 613 884 703 516 668 271 203 506 613 521 280 537 973 824 156 627 577 296 905 159 926 785 531 43 912 170 181 129 586 449 325 584 235 282 317 71 589 132 218 547 98 335 920 415 694 154 711 667 525 905 772 7 389 870 857 922 572 831 663 624 566 22 430 228 914 67 73 727 661 897 41 263 192 67 194 386 65 161 577 246 98 329 789 543 91 323 918 586 568 247 295 510 660 661 402 948 919 623 331 89 72 454 186 213 50 257 993 51 48 301 918 987 682 100 318 276 94 500 368 250 471 185 244 70 264 945 570 203 773 959 719 769 722 409 289 348 502 646 719 693 46 962 879 743 247 717 664 791 682 729 194 229 124 365 12 212 399 466 739 7 760 856 797 159 423 914 430 910 653 996 263 687 931 157 91 710 748 117 359 788 579 179 343 8 917 552 603 813 842 734 795 500 44 716 210 425 535 288 908 677 187 547 937 209 774 
684 394 574 853 841 302 293 480 775 928 676 766 663 824 33 2 761 870 453 316 248 58 726 603 387 599 505 101 245 270 496 150 53 875 665 66 836 727 557 817 437 819 670 375 451 484 73 996 38 602 30 338 816 166 887 329 224 140 104 505 246 374 203 477 709 922 216 871 488 271 141 832 119 787 90 427 513 167 160 724 496 976 867 995 92 722 598 14 46 331 297 387 765 456 59 632 863 517 246 578 938 857 718 315 652 267 613 849 193 634 720 307 459 118 210 332 45 829 287 795 842 164 104 882 512 468 126 118 569 235 425 500 110 174 917 152 941 748 602 960 233 160 126 588 67 733 725 562 34 74 242 944 529 59 311 91 702 155 210 957 897 270 115 599 656 369 48 938 396 441 919 923 758 831 162 687 257 533 891 510 684 842 453 419 37 541 247 449 261 91 968 977 204 773 917 983 176 953 858 417 765 771 967 831 283 738 228 604 768 257 431 562 982 383 657 90 64 57 544 722 151 148 131 315 559 789 426 268 497 842 637 840 506 99 826 196 8 131 246 823 606 845 566 805 672 218 832 834 851 456 50 500 366 415 25 435 190 761 383 228 190 186 980 82 871 436 882 884 683 602 952 603 851 430 969 581 725 946 749 596 972 8 63 71 264 541 563 860 618 668 386 710 315 169 268 371 247 813 548 557 304 466 311 734 285 197 957 893 37 113 517 413 439 871 964 975 582 975 773 447 869 21 99 503 694 429 718 875 978 7 748 208 294 893 461 269 603 440 774 842 132 232 452 523 701 644 610 755 554 869 862 79 50 157 562 186 357 69 421 539 0 483 712 556 106 546 322 550 558 249 671 581 234 337 474 846 779 910 516 702 700 664 931 511 600 479 737 871 569 201 311 785 109 523 974 754 122 701 402 127 826 584 513 532 94 966 215 386 550 28 711 17 126 236 253 486 665 364 168 857 221 352 519 928 255 464 382 632 935 899 362 581 450 324 158 319 240 416 284 646 380 179 334 125 530 702 992 875 281 431 871 656 377 921 442 668 687 448 20 184 945 968 245 489 502 813 304 712 354 33 349 84 993 630 813 30 468 957 969 406 152 715 232 65 774 930 140 682 791 238 883 707 139 581 996 965 943 880 412 29 
505 55 513 513 694 603 316 336 277 533 913 853 483 163 508 316 820 39 656 390 186 370 208 671 399 652 180 194 340 574 189 678 365 974 974 414 151 117 105 151 98 321 788 949 841 182 203 94 893 111 683 703 276 626 638 965 34 696 680 881 784 576 665 629 336 346 432 625 784 324 575 191 80 24 581 225 850 841 827 830 78 567 422 879 98 321 47 94 667 338 51 643 775 146 149 277 404 740 635 985 400 827 687 901 651 920 815 948 346 453 553 789 278 961 464 949 399 415 356 518 847 995 259 463 290 161 660 63 151 677 291 315 218 764 882 792 604 880 403 936 131 35 451 890 30 92 948 553 447 664 759 359 826 217 627 707 904 946 540 376 811 542 225 845 457 283 708 880 839 283 879 413 423 371 405 320 856 308 896 231 723 641 842 13 917 896 355 583 959 139 360 475 371 21 959 672 444 614 998 839 773 643 412 555 156 103 324 637 260 920 381 756 870 340 562 677 810 628 122 265 104 916 693 684 856 966 553 47 164 335 821 961 706 244 387 87 436 981 24 210 395 357 312 73 886 770 268 281 104 558 448 309 794 161 174 907 160 55 728 188 508 174 75 59 25 963 938 437 712 154 551 214 415 370 723 590 296 1 785 97 145 602 928 255 961 687 442 59 851 915 596 559 43 503 658 731 652 449 250 516 633 134 266 188 121 399 931 111 939 628 966 661 483 115 924 350 874 672 131 381 141 572 576 203 218 928 93 147 76 404 826 769 87 892 223 557 93 406 594 718 969 244 797 491 348 171 438 752 716 954 39 335 555 489 789 378 983 672 823 647 894 613 430 355 557 268 671 569 933 828 556 930 39 129 999 935 551 141 300 132 940 946 541 717 923 424 326 603 907 342 635 679 747 477 727 638 726 790 298 187 859 902 263 670 771 605 847 510 169 190 781 250 395 447 427 48 955 409 951 698 565 130 143 393 484 642 284 52 604 889 904 248 728 666 704 122 703 128 262 173 263 7 812 698 424 844 0 42 479 131 937 442 956 581 179 64 221 23 953 164 104 506 662 478 106 988 723 203 772 430 428 868 881 243 264 532 586 637 769 158 25 607 381 414 625 936 271 592 259 299 12 580 706 608 895 21 23 229 113 357 
981 461 372 161 410 871 975 306 568 376 343 967 558 487 92 939 665 823 717 993 178 772 643 825 241 816 384 765 233 65 413 940 203 70 118 834 22 318 822 783 212 852 440 26 792 29 501 336 801 921 50 994 257 458 150 558 920 429 353 867 742 603 47 756 805 882 272 388 457 999 221 867 216 306 942 890 501 115 125 731 446 853 745 345 409 154 520 930 300 711 55 45 654 870 257 436 709 438 236 296 650 258 424 746 344 647 873 770 46 293 55 400 207 156 801 899 281 714 613 837 673 544 425 162 366 157 171 545 388 311 737 130 9 235 480 209 81 883 108 69 444 768 805 869 146 179 408 954 910 173 236 475 532 815 763 821 72 267 262 281 256 437 934 253 654 589 620 717 976 35 323 376 942 505 78 552 179 217 126 885 495 358 89 20 437 439 737 330 727 397 295 764 22 442 84 776 66 910 572 795 195 973 34 545 612 660 532 120 662 374 804 866 642 950 185 257 515 676 860 463 47 501 742 391 161 11 140 756 508 138 275 261 380 82 821 795 696 435 803 771 912 253 561 435 634 764 115 327 692 537 720 997 415 746 204 365 678 20 197 814 186 394 169 97 570 410 273 819 550 760 414 157 295 224 884 291 604 154 91 101 71 986 588 173 306 77 52 962 449 386 784 522 198 826 153 862 590 665 433 290 57 607 65 580 1 738 915 680 179 646 495 424 201 772 816 604 937 525 391 926 162 480 207 448 422 875 319 479 872 364 594 682 921 477 877 849 342 216 640 993 627 797 541 582 263 262 566 503 149 812 731 713 751 889 734 56 5 620 605 127 531 588 832 277 599 778 11 838 564 481 719 173 222 997 438 497 669 353 157 4 561 118 897 875 465 530 686 360 375 597 518 188 276 393 584 795 482 308 405 776 867 629 569 259 373 403 615 224 644 658 824 862 611 535 692 971 888 94 360 428 562 968 449 544 455 645 444 597 908 587 76 676 722 229 967 241 665 577 263 532 38 663 620 648 197 510 340 365 175 653 735 878 540 45 942 483 800 628 212 191 636 506 161 109 207 611 893 10 183 903 501 255 48 433 645 546 112 188 625 726 946 667 712 720 166 930 37 762 636 554 491 385 775 47 324 771 745 257 779 990 
110 711 622 451 792 964 864 216 888 35 152 406 454 644 601 66 813 405 290 768 670 604 743 700 185 976 853 641 950 589 106 937 61 624 669 467 519 444 823 784 666 207 851 853 518 231 485 547 199 710 715 422 154 498 838 887 78 535 900 805 73 238 349 737 379 900 798 245 752 723 645 814 142 356 895 600 127 155 317 232 859 714 759 859 167 865 484 395 483 724 598 634 844 578 864 637 319 414 609 720 764 78 530 626 170 121 452 124 719 96 721 341 518 412 960 21 610 525 245 19 418 38 369 919 41 793 639 581 784 241 175 504 963 956 811 570 780 724 108 626 491 432 970 867 326 191 558 881 416 532 348 972 478 257 782 224 901 598 64 644 122 259 292 489 662 337 276 451 95 358 292 198 855 71 234 186 379 317 183 474 686 418 502 161 219 468 380 747 104 461 40 672 988 979 992 864 836 560 591 486 757 661 858 898 622 131 231 136 182 512 635 286 443 632 616 456 0 313 496 774 457 198 741 388 270 499 900 793 411 504 488 800 850 530 207 377 982 746 254 280 572 483 583 669 783 924 897 377 590 896 253 112 575 555 435 512 666 218 926 819 0 314 550 43 49 814 441 183 504 882 275 535 234 295 906 422 888 134 779 157 890 632 815 152 381 414 54 591 932 941 422 526 760 396 945 383 645 286 25 556 555 373 525 540 380 667 82 653 112 83 130 672 619 355 443 321 265 495 210 195 894 777 847 647 265 388 756 219 996 249 741 804 308 879 555 488 760 509 736 527 803 350 679 483 533 87 492 912 521 337 528 807 486 413 90 955 404 877 416 411 758 581 133 135 5 178 711 302 943 310 599 109 518 139 551 208 883 185 493 297 724 231 697 376 507 135 339 148 30 859 617 214 577 68 285 147 628 699 305 537 137 975 824 821 244 221 815 601 172 307 198 148 222 386 578 347 452 320 806 228 919 14 259 897 813 326 740 913 558 246 911 731 715 472 78 312 620 940 948 431 757 640 796 189 721 920 43 816 803 220 641 889 671 201 473 991 737 272 93 318 589 933 560 145 680 746 226 225 560 911 566 636 884 894 920 17 27 475 143 637 160 286 882 829 161 495 202 71 106 987 383 80 595 556 62 477 94 465 872 857 
748 306 874 637 668 662 15 208 311 984 441 216 503 158 868 234 446 276 180 405 759 492 727 263 543 56 91 488 987 806 20 868 303 7 816 510 845 385 331 1 410 433 754 156 72 750 363 837 303 802 228 330 495 12 631 430 16 122 441 341 430 278 856 480 135 783 237 306 158 61 874 554 282 798 957 515 502 422 437 1 902 376 337 85 583 419 513 209 466 764 843 103 321 402 703 684 73 230 492 801 822 710 330 531 506 476 513 117 96 905 997 78 940 338 153 43 278 523 794 43 971 281 567 4 517 352 552 477 695 758 718 530 583 798 188 585 203 692 837 305 561 156 239 965 26 704 248 218 149 536 593 416 161 632 408 455 1 69 660 806 462 193 549 330 604 110 203 538 323 554 221 134 591 606 923 562 629 360 435 294 897 719 878 351 861 803 703 692 637 226 337 394 628 177 593 856 680 46 161 277 482 122 233 584 471 663 965 663 298 746 260 334 658 527 270 178 476 90 209 805 175 147 788 887 357 255 629 388 871 194 878 199 537 419 535 436 191 919 454 825 379 292 871 223 896 144 55 998 136 603 107 731 56 530 805 26 128 375 975 341 851 596 258 452 497 213 418 695 843 691 148 95 389 232 468 270 557 78 228 753 73 522 876 486 358 563 30 106 59 139 714 702 383 436 448 313 566 839 565 699 37 452 753 646 268 828 889 505 362 839 491 553 412 596 284 462 193 206 18 459 664 967 855 368 114 729 745 788 610 597 907 127 412 440 62 368 197 621 734 631 780 278 85 29 370 250 857 919 286 739 586 530 622 615 275 148 127 4 95 498 690 209 191 780 917 256 211 522 253 191 594 676 896 433 271 977 58 209 466 339 479 809 234 833 307 584 34 797 162 541 0 285 122 198 799 789 12 956 318 24 460 830 24 857 658 143 946 613 202 636 64 339 417 680 221 56 395 685 445 916 540 992 318 386 8 712 756 392 498 934 291 383 596 205 290 141 620 589 904 350 770 484 475 629 389 447 703 681 669 967 345 669 968 897 315 475 224 397 707 498 125 661 358 499 553 194 469 159 376 338 126 285 704 584 440 576 531 828 800 561 779 535 809 417 796 872 506 46 275 236 113 33 780 786 923 505 243 932 725 576 
930 742 970 648 96 808 0 890 475 481 456 874 431 949 662 183 716 838 156 714 609 603 809 360 742 407 275 376 734 264 449 45 195 563 799 708 822 646 770 21 420 312 352 574 464 67 442 871 560 108 275 107 455 447 792 161 648 169 843 969 353 0 280 513 237 819 331 71 783 200 486 468 920 240 789 154 779 744 656 62 169 657 958 787 372 766 627 333 817 624 461 233 750 891 341 187 498 709 252 585 68 944 120 385 385 129 781 0 893 759 571 667 708 982 790 939 904 819 424 743 439 85 672 847 563 719 213 141 199 75 431 214 995 575 331 702 273 872 495 890 227 287 112 575 900 671 339 130 206 131 242 356 755 266 880 536 853 152 421 49 366 239 216 777 205 597 117 426 45 896 32 865 541 789 598 950 23 15 132 77 525 833 171 83 413 332 658 960 481 509 918 146 596 21 426 996 603 851 930 467 306 380 62 23 457 72 494 563 382 202 431 819 484 172 738 84 639 462 529 155 293 945 790 800 532 24 820 931 161 374 370 341 736 453 400 75 150 820 281 134 999 428 106 237 469 94 38 993 235 153 701 28 625 43 256 261 646 302 472 565 133 386 398 413 969 153 518 640 700 968 652 336 112 767 982 836 431 198 205 323 735 382 592 136 133 900 890 768 781 421 672 428 403 856 419 830 484 212 847 370 921 557 922 813 46 676 178 698 732 0 3 503 441 174 43 782 988 568 894 791 396 484 246 583 278 889 461 413 776 151 789 169 155 646 43 496 505 580 217 483 636 15 70 134 994 318 138 852 120 570 437 252 181 200 802 55 774 295 734 892 752 729 404 181 165 593 379 139 526 54 479 82 842 380 964 208 479 512 546 522 674 241 558 858 838 457 389 661 676 676 700 266 529 12 251 754 583 738 696 319 409 878 320 479 138 727 591 878 813 479 540 496 178 909 989 601 632 967 698 381 111 189 929 655 520 91 279 679 489 297 189 683 845 462 836 367 960 529 899 926 948 414 775 387 328 370 272 465 256 934 788 397 329 125 789 874 171 182 808 549 561 878 300 186 824 653 43 633 594 417 323 152 581 873 81 273 204 843 202 245 338 888 940 149 53 970 77 25 742 73 857 865 571 829 94 105 526 84 93 602 
281 178 590 309 47 226 951 26 436 882 127 130 97 672 400 662 192 667 150 398 454 646 120 11 0 913 552 156 770 164 222 309 97 797 308 5 363 611 17 460 8 295 296 349 365 616 623 585 804 177 271 613 650 707 657 4 132 590 400 242 401 791 637 746 675 245 522 203 849 899 271 883 467 210 152 481 521 941 28 491 245 544 568 8 913 467 828 668 49 716 745 657 684 543 524 751 911 965 485 146 749 708 798 300 468 394 411 403 666 464 670 456 886 130 423 623 626 557 537 11 104 336 360 313 69 54 17 390 192 622 437 155 250 685 658 858 345 515 516 415 650 542 274 169 277 650 491 310 114 961 141 601 389 73 923 756 213 119 608 546 818 303 625 414 538 672 50 942 280 791 980 625 334 605 270 286 568 790 698 127 347 911 370 493 803 670 396 991 224 655 171 480 739 240 948 901 952 472 922 464 556 322 314 339 132 67 700 118 400 753 129 310 857 925 367 25 407 412 638 64 648 709 938 339 497 472 556 765 543 640 273 416 212 912 420 509 325 290 377 205 196 376 15 753 188 63 105 620 422 395 953 198 397 369 16 98 425 287 4 112 638 524 407 423 149 546 315 992 924 198 39 424 931 206 979 375 820 952 722 60 443 719 556 72 516 505 129 405 476 437 3 116 682 760 308 864 255 273 132 370 195 953 623 638 143 948 726 537 164 388 368 835 368 366 963 381 970 763 521 524 855 158 148 562 766 418 203 926 422 358 543 832 996 872 125 583 831 272 67 851 572 534 757 920 613 137 13 842 273 89 456 621 13 138 214 618 419 15 386 16 894 529 189 102 448 378 555 377 847 302 137 871 575 632 511 1 487 313 130 772 630 535 181 417 904 309 926 914 286 78 406 48 144 772 206 645 344 440 52 590 449 424 545 244 143 81 797 88 597 229 931 958 133 391 142 145 944 549 662 362 261 191 791 379 887 914 109 360 468 126 791 228 369 575 854 241 824 323 398 316 955 461 683 224 240 807 530 207 130 590 58 920 908 107 997 519 496 731 68 92 52 637 763 485 510 238 857 607 76 653 672 340 942 694 642 356 530 296 627 241 313 537 540 764 95 698 824 271 598 838 720 22 581 335 494 824 570 203 859 492 
112 358 798 956 82 910 61 0 951 103 8 236 760 796 956 384 934 572 841 565 286 432 856 325 813 614 41 964 421 548 711 741 352 27 865 847 295 157 97 668 919 563 340 484 537 103 292 190 693 368 416 640 131 786 141 317 785 774 289 435 491 597 881 1 799 791 184 672 603 578 297 866 379 280 353 560 902 470 426 420 514 754 232 27 607 917 117 367 798 928 221 262 904 877 960 895 201 632 872 162 690 371 479 229 981 155 467 886 294 818 174 763 882 72 140 124 52 688 478 806 443 939 183 457 999 289 883 875 550 294 230 485 370 393 10 647 520 860 576 148 898 43 685 155 191 618 933 957 144 923 164 185 516 748 352 593 175 473 814 832 144 929 159 395 691 912 55 571 194 430 523 715 342 172 735 606 301 459 900 950 662 300 249 334 88 257 288 773 488 104 157 827 479 26 576 633 602 170 501 144 380 799 196 4 605 602 268 939 862 119 676 246 619 403 819 442 696 932 758 149 426 39 433 913 817 455 272 422 720 696 805 64 479 658 582 902 925 412 388 636 366 985 42 170 909 376 476 948 330 904 406 541 89 469 657 488 644 554 309 19 758 305 322 748 47 641 174 956 465 434 386 825 668 553 804 852 206 930 54 262 254 354 590 547 429 613 65 580 887 50 656 985 943 157 263 198 255 549 968 887 201 194 523 866 371 343 973 858 737 775 177 876 252 467 858 489 140 852 493 602 405 166 574 905 460 263 18 898 158 430 652 492 728 396 324 386 301 580 769 906 965 915 757 106 783 906 319 615 510 360 706 564 298 203 250 290 959 475 6 381 223 141 956 913 401 431 173 648 881 172 980 977 940 209 302 831 360 628 346 531 131 284 82 332 507 869 119 975 6 759 553 912 263 495 577 185 693 842 791 875 214 134 371 143 311 146 820 901 382 526 480 501 845 727 543 779 276 528 598 720 798 990 112 561 846 804 890 930 795 247 796 693 770 440 14 626 549 206 534 583 70 529 780 239 188 995 209 970 67 116 104 90 282 399 182 780 1 669 902 553 680 85 81 162 426 759 798 166 19 756 107 546 93 133 697 394 930 344 514 353 248 731 404 916 224 796 956 312 638 581 6 408 810 896 859 754 517 925 44 224 
568 437 585 519 605 743 186 247 379 446 746 374 676 342 2 682 150 174 120 426 842 692 374 479 521 291 15 492 494 854 822 369 209 946 71 535 103 114 290 573 93 485 167 689 255 458 735 315 780 114 738 134 348 556 408 163 477 321 7 336 408 751 69 24 318 762 724 89 515 40 295 487 711 362 187 70 461 897 544 863 510 391 542 665 201 89 149 0 794 47 826 876 71 844 81 111 694 20 222 597 308 982 564 875 765 460 106 238 967 653 813 118 309 197 799 526 222 789 952 383 587 890 265 740 914 793 715 660 666 800 209 940 991 140 162 623 151 250 84 814 145 713 744 205 714 525 677 37 627 643 621 252 795 59 564 469 238 25 887 738 559 635 241 545 192 347 874 613 307 556 187 61 371 946 99 132 592 975 305 752 740 257 233 523 939 409 374 421 34 669 810 526 923 290 931 622 473 371 608 231 603 309 886 83 174 362 125 719 370 386 845 613 897 711 483 736 765 561 758 529 447 44 835 503 872 69 351 944 463 997 757 265 978 833 479 353 891 780 706 754 165 216 828 893 604 998 665 895 104 911 182 18 597 297 705 327 202 290 825 376 200 301 857 131 649 505 729 66 85 609 974 49 776 996 660 321 495 557 146 146 684 302 716 479 608 104 224 674 966 251 625 449 152 467 368 875 262 363 795 957 601 761 502 143 227 979 971 529 303 111 3 518 632 23 101 247 903 555 136 683 840 431 958 394 222 250 910 589 389 564 33 783 346 625 742 454 781 963 179 725 354 786 585 904 900 614 535 636 799 194 897 80 775 923 494 904 883 275 283 128 439 126 946 625 631 508 799 516 285 149 914 616 933 23 435 840 409 307 271 40 321 365 531 647 653 593 696 989 358 707 180 534 327 921 612 105 253 108 271 932 51 268 84 700 904 33 407 443 594 436 836 791 321 50 179 330 785 774 711 910 876 418 639 724 573 755 82 18 950 377 167 896 220 839 548 836 10 417 45 344 863 147 470 906 421 501 750 76 477 679 851 912 515 880 630 293 138 559 158 102 583 265 278 630 462 712 702 73 433 707 717 563 382 649 854 954 55 627 426 665 580 256 334 225 386 342 600 251 164 303 167 377 325 543 413 535 560 980 934 587 
741 773 634 875 797 434 199 912 224 106 92 324 293 178 847 212 620 75 258 195 674 596 205 406 48 694 529 452 889 138 762 966 596 40 71 635 787 502 369 754 966 849 616 377 201 490 283 9 720 161 781 424 304 421 556 378 718 955 657 854 121 572 390 501 836 211 851 175 980 132 647 914 835 970 575 799 143 206 998 157 547 216 931 87 801 429 714 763 524 704 13 392 583 498 411 645 705 2 722 247 158 203 498 936 440 526 800 126 804 68 534 317 192 122 741 667 919 976 548 165 873 612 429 17 37 734 548 941 464 986 412 782 610 487 806 199 226 239 199 962 119 43 974 982 892 402 808 841 672 328 382 340 257 33 884 814 974 813 713 455 495 983 753 354 466 570 717 60 345 616 159 531 98 713 706 674 393 820 311 998 14 842 667 734 817 539 440 823 196 321 448 845 275 381 968 515 818 700 709 481 482 376 140 556 18 357 177 766 990 656 678 94 590 584 768 366 473 687 704 731 626 640 537 667 253 664 926 226 538 885 676 644 269 786 236 686 358 637 352 958 107 916 867 234 987 193 721 41 373 326 506 314 451 388 919 201 345 407 769 53 617 343 723 794 438 432 560 294 679 23 301 849 283 924 10 619 440 246 726 710 299 195 752 330 52 248 529 350 842 532 859 232 489 813 140 66 244 18 596 747 150 652 787 997 976 577 914 836 324 929 807 643 390 150 476 38 638 943 454 768 674 767 899 851 231 997 64 50 45 858 582 693 587 354 735 478 933 199 663 80 303 212 207 229 183 168 254 500 523 865 85 955 46 673 760 957 767 732 374 121 143 956 414 987 646 549 621 99 23 376 216 925 516 742 926 599 630 227 56 649 300 536 589 50 461 353 899 928 405 238 55 167 432 32 254 639 473 602 835 884 192 122 204 318 671 456 711 551 332 180 407 512 816 824 822 680 100 80 621 835 877 444 594 928 885 191 635 28 811 946 349 595 972 603 68 295 743 363 895 858 186 582 132 117 782 68 647 765 832 184 490 119 374 428 294 747 461 245 320 819 146 752 942 38 99 194 152 495 824 926 671 401 241 918 413 1 394 945 412 485 805 913 651 655 50 2 803 103 344 911 384 301 842 178 324 665 523 342 220 408 
980 746 864 712 724 92 912 810 677 186 111 402 162 659 448 259 636 885 137 67 194 529 590 980 210 732 666 812 320 725 101 833 351 327 829 27 661 96 321 433 685 417 888 735 92 798 680 490 101 409 634 543 202 507 678 444 517 411 851 286 466 343 111 716 526 693 644 578 214 456 552 396 406 344 51 1 209 659 728 182 476 30 569 150 742 952 131 148 879 840 334 111 230 265 767 482 192 547 500 501 369 317 736 153 898 933 797 904 667 613 920 73 39 173 166 674 760 239 314 127 196 290 21 7 271 283 94 603 565 112 949 956 700 536 796 437 924 882 654 713 533 681 722 348 89 302 800 425 524 1000 171 253 186 939 26 916 449 551 983 102 923 889 151 342 219 26 11 605 667 892 88 266 48 164 672 456 328 956 181 347 180 697 846 385 910 619 919 97 274 873 423 703 805 638 101 245 675 930 302 519 7 587 743 845 466 55 560 856 442 835 113 594 727 168 581 176 546 504 494 232 155 549 88 642 933 832 586 180 958 7 834 61 108 819 731 845 690 572 45 454 644 983 554 589 719 841 117 667 950 83 832 530 417 366 575 8 201 56 493 924 554 46 772 692 873 947 306 331 553 262 54 10 224 402 881 890 228 604 135 353 366 475 232 199 390 412 819 327 378 136 931 719 411 525 102 547 435 660 974 101 476 423 957 893 888 564 303 798 21 204 230 876 933 5 776 847 928 512 292 702 256 691 206 152 259 828 471 918 94 647 551 496 253 611 188 834 460 406 860 849 222 904 91 810 727 896 846 156 390 516 158 401 604 541 754 813 595 411 249 558 451 591 6 992 264 51 871 543 248 894 988 629 960 752 715 640 499 72 861 233 392 108 398 76 881 751 803 465 821 658 688 6 449 453 858 244 472 931 717 124 178 999 875 721 323 619 791 10 316 634 918 360 893 392 83 433 647 578 147 663 824 174 697 371 254 681 772 230 482 333 738 343 244 714 262 804 871 675 691 529 917 798 813 828 299 155 606 612 232 602 920 364 44 744 749 295 346 897 393 300 640 105 849 53 964 145 746 618 154 637 272 770 692 272 34 869 68 567 387 39 771 507 486 305 399 545 202 784 586 952 967 787 27 52 674 765 679 744 953 235 
794 804 255 394 986 111 182 301 419 504 958 128 193 620 390 558 39 463 844 230 184 83 528 734 731 774 505 930 563 745 815 446 888 771 439 712 505 782 934 485 516 690 817 478 101 480 393 575 50 547 442 782 317 836 616 641 526 343 58 706 122 375 508 289 513 113 93 610 36 18 828 885 629 85 584 112 270 73 367 893 28 424 428 55 562 637 931 770 12 712 718 788 706 644 909 143 886 775 818 951 600 505 387 694 769 273 297 205 658 844 81 759 803 81 756 438 44 533 891 734 275 361 119 433 239 138 403 288 635 928 450 604 690 512 277 422 952 304 517 705 999 818 805 980 72 998 298 482 180 42 641 250 266 246 313 638 210 436 21 468 953 5 470 939 691 306 240 908 824 881 496 356 332 727 113 597 784 512 932 998 393 852 650 630 945 440 163 596 360 261 403 33 681 228 263 709 39 546 299 263 130 355 277 109 742 649 573 164 975 75 10 287 800 220 486 518 56 387 655 808 17 405 438 45 985 617 100 256 90 862 473 994 929 732 259 256 772 705 840 522 404 464 311 785 920 432 840 739 758 266 721 584 854 886 599 755 260 890 814 180 481 334 614 849 889 682 35 884 688 840 77 997 508 904 913 475 589 909 564 645 710 750 975 467 545 465 915 777 362 1000 65 283 803 752 586 662 189 238 178 323 57 968 694 254 489 847 867 125 13 579 61 214 445 893 411 226 39 484 844 947 991 313 500 330 59 894 574 957 295 629 260 138 238 269 615 606 387 567 307 147 799 133 324 866 908 37 552 191 645 739 141 4 493 451 392 130 407 35 26 819 384 251 609 114 57 90 17 946 890 789 215 828 42 334 835 465 96 863 467 8 853 585 672 526 82 197 322 730 279 954 944 173 940 561 862 402 539 937 653 543 811 111 221 210 683 945 744 437 499 944 606 304 223 866 156 676 196 226 129 431 588 670 775 886 769 56 372 812 404 631 843 274 861 88 905 933 663 738 757 843 868 858 274 254 632 518 422 637 178 483 781 641 724 773 380 89 913 62 805 2 879 750 674 262 906 863 292 723 109 877 452 784 485 526 178 742 533 674 842 428 508 361 538 36 171 599 639 11 406 563 569 106 280 29 295 999 857 997 8 191 
526 662 1 397 58 12 512 134 994 69 910 308 158 763 306 834 877 194 941 52 159 557 834 849 28 714 706 846 902 314 993 437 81 90 171 64 103 252 571 983 240 848 534 704 482 881 724 741 51 269 664 441 324 730 529 224 664 406 415 40 984 675 533 375 538 774 474 441 447 656 802 955 907 268 318 902 450 627 910 526 183 109 380 941 928 35 381 172 343 865 805 605 284 174 468 543 56 169 108 179 548 895 257 851 56 295 338 37 535 934 46 550 666 128 520 954 107 242 869 921 581 364 398 783 998 402 940 422 44 948 949 371 262 396 972 173 512 680 212 966 299 718 349 305 528 282 22 110 806 849 235 210 776 22 510 511 466 277 457 805 460 693 194 281 993 89 794 114 373 717 951 291 482 974 108 223 341 110 277 99 584 345 137 796 169 43 950 451 234 372 872 909 648 985 275 31 341 474 65 636 313 274 470 916 244 891 735 559 940 824 131 953 616 395 598 50 24 510 927 671 891 95 927 209 331 133 470 532 238 182 312 160 139 437 665 33 724 172 928 504 524 895 690 645 811 850 718 454 653 956 497 728 973 726 271 241 976 651 558 650 730 381 835 214 573 670 320 123 305 652 196 360 153 314 84 86 811 20 127 576 446 467 696 681 44 975 778 78 720 931 240 12 258 823 164 382 341 398 417 813 649 775 51 95 397 658 267 391 114 42 45 860 75 594 349 67 289 130 955 244 411 334 862 102 319 786 763 266 389 977 530 170 211 172 855 328 569 674 446 356 372 169 324 15 765 418 869 407 49 599 893 559 453 434 407 136 140 461 288 837 131 202 274 124 990 158 767 579 10 9 931 975 715 346 517 192 663 269 955 886 561 136 210 54 344 794 11 927 731 809 219 42 360 525 632 872 669 728 553 227 668 585 674 259 113 498 293 221 21 581 767 251 942 978 366 537 9 187 502 439 724 643 213 442 71 783 431 193 423 510 823 377 337 653 89 178 105 686 534 556 674 857 610 413 360 942 58 342 779 418 744 540 528 115 450 621 347 608 253 833 924 497 356 267 240 703 502 720 790 77 843 716 190 224 341 195 107 222 209 147 597 524 871 853 348 232 774 369 865 978 99 870 60 395 778 20 689 68 738 790 
220 506 341 908 277 662 36 344 981 9 183 637 194 651 898 169 202 161 588 189 410 198 226 129 594 47 177 127 796 623 256 930 365 253 337 46 468 592 590 979 31 754 502 556 197 893 365 991 308 482 62 970 21 927 206 943 651 305 328 308 466 834 490 627 780 244 287 206 285 861 884 335 154 292 842 745 918 515 457 74 230 937 688 211 733 241 642 226 193 869 867 308 272 129 176 59 889 971 578 433 627 560 622 882 497 252 441 213 417 611 51 956 940 0 899 720 225 560 968 849 7 287 268 170 868 698 854 414 402 955 537 417 60 979 567 992 789 120 85 276 231 567 678 119 408 248 347 601 968 674 852 861 248 6 947 200 991 578 955 358 385 546 209 343 902 719 27 504 264 708 358 782 58 572 943 397 243 116 959 434 509 220 637 721 501 246 810 359 664 453 49 273 149 716 302 595 209 422 501 466 993 500 948 863 427 999 204 900 186 51 488 485 748 58 594 674 885 195 261 975 465 769 98 245 95 793 168 298 333 402 919 432 856 527 560 463 325 433 71 913 404 793 544 525 979 999 770 93 261 417 622 434 98 364 106 228 987 231 840 455 166 30 49 336 498 627 856 74 949 128 27 405 705 461 230 804 281 360 560 714 30 836 205 917 288 192 960 608 401 813 170 184 591 188 119 742 773 812 531 218 336 486 186 27 897 232 179 579 472 796 108 531 180 307 219 819 500 279 964 179 296 507 801 44 861 689 266 567 114 208 243 581 756 830 586 759 863 675 455 328 843 268 18 732 331 572 611 136 733 158 488 439 532 342 575 72 290 664 896 331 582 335 898 68 956 550 472 456 368 534 660 898 466 521 505 4 371 463 22 139 663 192 394 861 522 944 921 695 896 379 35 757 448 425 283 540 830 974 334 935 565 112 327 815 233 596 929 436 191 729 21 815 881 316 60 155 161 395 935 755 900 498 616 857 557 303 759 351 707 939 180 195 518 974 515 332 156 804 995 669 58 336 538 87 541 225 194 650 739 968 546 420 49 603 394 894 994 749 321 721 894 521 803 377 212 372 163 155 464 981 206 720 642 855 89 643 812 860 658 941 565 783 476 829 923 780 414 839 798 667 875 661 359 587 587 811 2 635 105 261 
462 405 832 981 204 345 363 733 224 748 285 238 896 130 392 104 482 108 154 533 695 264 592 89 146 468 912 250 743 49 543 388 564 192 307 847 408 543 458 637 609 674 13 108 86 818 498 234 58 247 440 700 945 495 417 188 230 52 142 225 682 744 158 187 162 777 707 131 784 242 224 295 453 331 460 80 210 776 618 728 28 508 758 44 439 941 309 183 4 719 125 376 914 606 261 274 196 893 196 545 55 139 125 388 138 832 297 727 259 888 70 215 635 459 472 781 15 78 966 369 63 837 445 675 127 785 909 780 522 689 393 520 985 864 784 662 797 483 214 968 559 742 778 397 327 369 304 351 956 290 545 833 108 399 563 767 566 508 935 43 203 705 85 359 271 841 199 661 338 138 668 570 432 541 790 211 562 853 985 114 43 448 215 542 808 349 983 701 405 756 949 599 834 283 304 663 479 529 381 509 553 814 4 335 579 23 544 16 897 43 408 500 48 108 625 976 665 0 658 920 427 893 16 687 620 987 166 285 40 242 706 279 146 476 713 781 806 279 764 706 224 73 456 350 229 561 680 894 337 780 289 546 137 7 353 315 155 889 179 451 485 787 533 455 901 67 290 194 7 626 275 28 213 817 145 922 950 74 605 611 827 535 911 694 765 482 473 244 581 392 806 107 768 866 631 693 951 407 201 34 608 961 755 898 929 86 828 353 371 372 796 101 363 757 692 600 484 422 359 120 646 305 438 695 806 458 277 593 685 37 697 593 255 189 915 32 902 991 732 619 367 202 112 410 799 993 405 523 746 485 745 643 702 600 405 918 208 538 959 624 877 685 901 762 630 475 267 56 406 525 735 994 313 253 551 22 586 119 495 599 553 223 23 651 401 258 63 291 474 812 543 55 716 532 979 364 987 364 793 654 70 833 421 65 122 859 543 859 849 585 178 97 231 496 549 350 882 956 637 890 342 320 944 849 850 740 185 982 927 86 336 377 565 746 730 128 617 791 906 58 112 567 349 703 222 392 993 847 476 146 685 955 324 64 644 349 212 709 231 469 104 431 643 258 224 651 662 810 373 166 153 660 139 610 301 116 595 966 812 713 467 916 582 491 420 490 870 944 181 240 679 239 976 201 17 296 944 748 448 343 
793 222 345 912 380 1000 939 864 853 636 690 673 930 813 256 757 236 394 170 841 108 345 292 799 25 705 999 616 955 569 247 463 672 887 475 225 754 730 741 982 943 751 932 870 727 523 558 692 890 729 44 164 519 201 890 170 47 209 573 232 471 425 519 844 723 985 403 748 297 307 856 128 940 711 620 750 183 185 184 784 663 187 522 614 916 251 738 664 461 508 951 958 939 631 860 529 42 420 753 705 693 161 419 169 463 681 374 627 505 69 126 727 674 890 752 886 765 940 277 246 672 336 192 307 395 525 891 845 269 482 558 997 14 964 0 493 106 42 590 592 379 56 395 845 960 821 249 992 708 426 803 23 552 309 971 918 654 41 115 21 29 354 520 263 166 627 483 575 187 317 269 285 782 122 510 215 17 407 271 36 111 121 813 583 449 188 102 480 521 927 119 136 287 913 420 715 545 140 911 611 17 820 764 748 857 397 262 381 252 85 103 774 90 310 446 66 17 898 104 341 214 259 782 224 783 390 393 564 900 874 875 725 145 12 141 808 947 77 209 863 280 856 121 698 492 921 253 344 260 668 9 535 440 188 431 151 125 414 237 458 462 237 11 274 405 352 294 136 726 390 837 917 423 268 83 182 457 547 40 658 751 70 57 711 849 484 896 855 138 233 975 759 252 893 939 721 421 243 727 546 57 84 501 284 13 397 99 616 23 234 421 469 12 107 984 361 470 302 210 942 803 838 594 127 129 919 655 242 879 962 209 464 740 125 950 362 36 756 873 384 152 906 224 15 938 399 641 965 267 279 208 759 706 140 881 694 231 235 648 146 26 523 124 178 517 105 750 287 974 834 661 551 234 255 608 858 320 772 878 68 763 987 985 554 167 840 292 628 439 846 603 220 927 981 50 868 496 349 381 302 393 616 637 863 593 841 199 684 172 334 516 219 723 592 362 576 317 60 721 447 219 131 790 793 414 830 804 321 152 672 477 176 986 695 643 618 993 431 805 585 833 422 148 388 98 838 654 806 320 760 84 686 616 193 322 614 280 597 889 516 237 585 816 902 935 775 277 605 47 686 455 408 697 215 562 578 550 385 715 170 52 626 590 29 445 888 429 470 130 346 799 323 259 67 472 201 151 484 106 72 
522 869 817 591 904 141 300 321 432 855 133 673 295 292 17 783 53 874 109 676 285 528 222 164 457 549 298 393 245 458 55 453 457 107 96 940 248 291 343 673 137 226 605 768 224 1 239 686 606 448 726 907 185 982 683 780 180 808 815 234 140 177 674 252 472 812 770 241 291 426 168 46 438 685 403 720 744 369 788 153 942 734 618 249 126 56 455 214 584 46 403 63 544 61 978 507 400 749 72 559 154 957 958 488 826 466 390 951 986 616 966 771 811 967 816 294 318 384 418 649 104 367 802 856 795 2 973 144 173 446 708 839 679 599 117 304 218 495 374 741 841 4 21 875 834 168 655 503 243 648 989 85 3 515 449 91 833 911 466 161 930 561 946 656 82 709 197 599 95 282 433 457 448 700 219 340 224 254 185 200 386 44 272 77 351 370 117 787 892 688 693 840 8 709 724 916 533 9 944 315 583 185 446 834 829 573 521 31 399 387 244 993 695 529 250 316 581 55 857 447 330 950 715 548 144 444 132 819 707 164 136 356 522 922 179 351 328 906 252 486 54 886 554 455 326 100 779 652 566 134 357 970 607 974 431 758 254 499 997 354 805 525 783 876 240 451 313 252 254 704 978 836 197 582 891 265 709 711 28 465 811 355 94 353 454 540 379 391 294 126 956 172 939 8 208 963 394 718 399 182 904 495 671 242 99 675 184 934 75 535 269 74 564 609 30 671 70 332 423 959 670 13 42 539 589 122 719 191 852 833 840 669 434 207 881 854 655 72 273 395 497 575 185 132 23 893 488 240 546 112 112 1 807 164 331 690 900 408 416 338 970 527 502 317 947 800 250 162 594 508 657 10 855 83 812 715 419 491 111 497 631 915 295 578 919 983 147 742 330 204 724 987 518 602 4 955 387 117 347 57 373 440 892 594 623 123 242 598 819 762 389 617 302 542 258 570 272 572 563 133 25 666 497 264 182 574 468 146 228 89 717 135 506 976 177 60 994 295 771 723 125 31 286 506 0 322 777 846 828 693 761 62 643 436 465 73 86 170 30 261 596 112 354 786 324 665 732 202 321 702 413 750 453 908 967 330 933 667 849 591 250 279 319 346 273 844 140 621 398 896 686 155 320 259 967 288 540 62 82 409 
921 653 940 276 176 161 602 10 639 79 148 272 777 902 208 348 852 24 986 220 302 666 792 107 990 278 50 960 273 969 873 432 70 286 602 371 545 447 408 126 133 228 473 318 444 823 752 157 923 745 316 643 500 46 420 921 609 949 546 78 121 861 222 238 582 97 716 600 537 768 389 707 663 331 658 624 88 915 191 127 20 385 878 729 16 557 763 681 660 8 739 865 361 614 769 660 826 292 704 25 496 915 804 328 176 195 894 376 627 990 245 588 262 666 72 805 655 377 643 110 947 143 68 519 71 72 253 225 132 573 100 23 79 562 95 353 857 392 575 897 447 335 605 145 802 426 890 707 876 562 623 887 289 769 630 425 511 876 543 845 126 18 292 570 849 80 445 375 93 922 254 972 34 306 741 866 975 354 878 568 71 419 4 432 955 181 37 523 840 215 593 299 229 61 578 196 861 985 6 594 316 964 295 554 557 512 515 391 253 776 973 981 993 906 710 729 645 644 149 959 913 848 116 283 798 775 649 693 16 183 945 914 670 246 834 138 501 681 810 637 674 458 77 747 69 871 313 887 595 140 111 456 190 620 863 446 430 864 766 388 718 987 987 786 602 469 353 59 655 675 404 420 356 300 863 425 95 420 714 735 92 811 524 638 670 77 107 527 98 140 224 405 549 884 406 196 822 988 512 35 601 96 241 66 678 996 28 653 595 811 148 699 618 586 127 748 839 788 384 542 205 36 935 825 883 897 79 65 233 810 182 440 986 971 132 557 80 222 17 967 33 836 869 15 149 102 827 582 799 933 57 262 777 188 913 460 598 64 811 457 35 929 600 654 280 661 640 537 29 822 435 883 230 920 553 168 426 75 718 700 683 269 67 795 558 31 20 388 600 947 511 191 561 728 515 57 988 610 874 176 446 140 566 953 227 697 322 57 444 48 61 418 18 354 460 458 87 332 39 102 608 60 383 735 84 576 587 779 897 576 295 934 330 867 426 422 838 703 885 831 504 867 419 348 713 426 367 872 312 108 236 934 642 939 198 434 869 778 910 877 193 258 28 602 17 8 519 154 722 628 277 804 931 692 897 115 991 288 687 519 390 620 996 740 886 32 927 308 67 356 794 282 616 438 314 680 521 375 708 527 
346 881 86 908 274 594 759 934 67 466 778 250 340 800 757 231 210 97 832 957 72 889 674 525 795 345 461 722 437 242 505 316 122 438 761 108 620 304 331 379 133 497 288 642 384 828 617 891 542 865 827 276 754 900 12 186 703 649 683 966 90 342 65 634 555 459 9 279 132 522 186 413 613 593 294 380 61 535 964 950 726 650 958 457 412 6 881 294 772 425 749 329 662 72 372 539 149 69 574 827 467 3 789 203 421 421 427 439 581 301 918 701 647 232 279 683 451 140 638 799 949 22 259 760 731 947 880 518 699 468 413 188 100 292 789 352 568 37 118 868 724 70 37 835 373 726 951 928 167 674 463 62 931 710 892 305 602 154 799 158 915 887 440 766 817 721 371 31 510 693 502 775 675 480 451 87 844 378 366 20 771 200 335 510 112 946 593 787 108 898 793 400 476 339 731 637 783 669 439 894 603 859 91 788 957 869 581 672 234 648 179 357 365 352 770 34 959 495 333 284 466 57 803 492 516 467 994 869 813 808 945 273 81 570 811 197 83 890 325 428 722 958 189 286 72 120 986 45 83 411 734 503 515 800 24 946 120 59 298 290 127 133 464 889 530 636 181 143 954 908 371 181 867 610 877 756 783 865 893 405 786 964 383 45 532 988 691 868 490 712 682 379 395 913 768 265 848 451 408 333 714 117 536 202 793 61 901 982 903 500 203 452 318 646 341 664 828 554 822 640 353 743 549 385 532 940 604 187 683 577 601 610 968 672 748 427 430 730 325 824 487 36 429 665 867 119 313 578 227 390 692 546 493 692 323 861 619 532 818 398 794 923 46 350 753 935 42 640 483 45 197 268 557 377 457 81 345 380 417 962 75 149 887 108 764 986 202 530 1 552 983 12 58 577 200 283 935 972 754 420 439 39 268 676 889 711 239 368 804 835 956 495 674 673 65 455 91 934 446 759 878 930 69 88 806 186 856 890 61 872 839 799 661 686 650 881 812 726 286 813 152 407 332 871 743 185 876 867 589 554 576 505 961 923 500 468 789 747 397 325 134 366 76 73 678 782 611 29 445 155 797 488 331 522 474 915 619 614 929 603 237 667 295 535 701 46 67 223 377 164 648 185 781 532 660 660 581 325 656 323 
589 553 822 183 561 172 576 73 829 106 710 819 116 245 623 289 800 435 38 294 403 430 774 400 347 529 724 687 765 76 954 454 78 342 531 662 10 213 840 688 345 650 80 794 186 41 402 787 617 41 402 775 305 931 684 519 172 549 286 613 778 695 388 548 501 968 822 525 505 855 394 112 99 87 945 779 28 797 318 218 286 397 512 325 439 329 922 378 498 426 114 694 880 465 677 415 989 878 56 177 254 433 660 367 232 68 229 554 149 180 794 820 15 434 757 811 374 683 365 405 983 34 475 580 824 477 491 348 73 243 480 639 732 953 875 452 786 140 220 239 87 806 488 899 99 631 754 915 617 983 389 791 354 471 559 103 808 705 701 651 731 168 152 271 784 102 319 47 412 119 348 346 128 114 785 675 493 226 625 671 540 531 702 288 0 309 616 871 242 805 746 16 547 375 589 859 924 542 730 258 428 475 357 236 838 826 107 646 247 11 942 764 6 911 291 596 912 795 488 537 945 36 286 663 421 350 744 588 955 454 107 474 997 138 606 248 965 802 268 119 490 555 689 418 605 413 485 306 50 864 930 772 140 81 90 66 381 353 300 597 474 827 194 222 39 585 38 276 854 304 66 651 270 673 724 677 546 967 51 55 823 704 850 752 218 849 833 429 77 225 879 198 212 156 39 625 389 655 269 87 113 812 14 874 700 97 788 654 895 185 115 178 303 973 79 411 449 607 125 659 665 51 914 295 919 697 855 549 833 281 767 756 908 430 849 185 416 583 965 441 779 22 910 523 1000 677 297 821 936 144 319 187 793 495 875 233 965 694 412 845 37 926 32 33 687 107 297 21 434 899 97 470 653 433 147 24 151 654 129 346 815 73 880 847 910 984 216 86 300 388 953 288 904 800 252 625 811 179 852 316 916 942 930 493 993 166 87 990 854 920 292 72 85 605 488 796 806 471 115 338 454 524 139 644 96 534 212 490 661 907 146 907 904 617 161 327 899 987 585 335 40 635 936 600 463 399 450 260 937 257 213 971 252 396 48 209 448 564 180 162 591 911 751 202 530 85 392 97 934 34 525 127 964 345 26 50 370 640 563 972 221 543 689 609 140 210 963 923 662 524 310 417 813 467 494 846 94 939 26 585 
132 89 828 552 748 612 391 5 421 877 684 267 596 319 496 265 324 317 169 185 326 331 354 59 712 515 21 284 667 245 253 446 812 944 699 938 85 591 920 308 289 588 778 904 372 720 687 985 195 74 909 257 110 561 427 475 100 136 422 453 568 334 128 238 253 644 701 413 270 403 944 890 329 689 418 824 624 761 2 150 24 656 730 629 427 126 257 431 202 668 515 749 940 475 919 790 216 694 951 940 911 778 934 803 139 874 758 803 549 904 969 667 855 800 963 153 178 702 674 848 709 269 212 673 704 328 570 532 801 695 690 814 694 330 559 141 304 499 781 684 491 606 728 355 575 675 277 318 279 96 883 840 608 61 243 188 733 254 328 640 433 765 736 756 629 915 941 514 985 142 537 54 60 245 392 896 932 549 571 977 396 558 376 638 995 100 513 583 275 158 411 380 899 9 183 47 797 282 903 216 899 265 199 110 622 822 966 238 56 302 21 52 841 596 607 60 481 757 630 194 555 297 702 830 687 799 676 810 302 359 114 697 365 912 372 735 486 736 212 803 146 514 130 791 216 290 389 285 582 882 893 254 613 291 95 566 246 866 722 456 759 135 476 819 350 848 395 348 284 932 333 906 195 51 482 388 307 772 388 960 47 389 964 359 282 487 953 816 274 619 553 554 446 285 546 63 32 105 460 694 536 359 457 171 713 830 317 816 857 11 163 808 545 737 322 31 604 18 605 36 191 971 701 608 448 733 138 842 299 53 692 31 306 939 298 445 368 650 712 991 602 322 605 785 686 223 606 36 826 580 935 627 879 485 561 726 436 960 197 350 183 835 282 718 330 685 15 393 653 617 896 956 665 5 357 346 426 889 21 982 46 535 519 657 191 501 932 881 761 921 511 149 560 39 721 994 902 186 412 779 429 29 730 748 990 257 359 799 13 777 987 612 229 81 190 708 396 8 806 111 846 296 260 616 540 112 794 833 149 555 212 646 770 927 50 422 837 979 342 608 431 905 918 751 568 527 326 14 123 333 981 497 215 238 422 34 333 413 99 235 598 862 402 873 544 339 61 938 680 762 277 61 293 863 918 657 976 825 928 74 497 177 139 138 652 604 927 14 557 716 442 177 28 763 50 9 859 491 439 706 
232 393 869 162 241 275 311 576 965 765 467 225 418 293 217 415 137 994 320 201 3 4 418 263 355 367 18 409 96 340 344 824 152 13 532 959 968 216 253 573 294 111 128 997 505 710 479 652 123 515 611 893 138 302 584 786 684 399 711 901 485 996 928 579 119 828 711 871 633 221 528 726 244 158 764 442 317 656 495 759 157 989 686 446 347 633 516 520 670 486 538 177 431 447 126 489 997 112 803 455 878 320 551 377 31 940 979 813 193 535 453 160 32 468 203 858 179 768 686 784 598 10 687 946 490 596 362 879 328 968 201 959 938 83 110 270 190 731 482 604 404 946 822 738 466 526 579 768 697 324 817 516 641 996 755 488 185 629 828 626 812 503 462 928 618 533 526 83 826 473 507 365 467 466 92 795 362 887 699 465 763 852 132 702 252 829 533 996 698 454 321 720 901 188 925 700 489 223 66 237 692 531 862 604 21 545 716 620 816 336 970 640 829 749 409 971 203 461 57 265 495 79 9 23 410 514 991 667 29 731 169 275 3 781 772 466 264 743 624 703 446 218 107 117 161 238 626 956 980 664 942 456 864 677 683 184 534 324 668 566 434 528 17 503 501 506 369 108 709 233 473 351 458 612 925 776 47 844 604 392 965 668 518 922 922 691 78 829 642 437 249 56 408 298 890 894 628 821 455 243 555 105 571 818 875 512 319 545 412 474 314 825 236 705 112 180 355 382 865 822 652 766 394 608 496 896 515 236 118 687 45 199 133 296 260 956 682 709 217 970 177 197 548 291 322 249 578 688 593 832 84 403 508 369 237 498 6 631 664 325 883 261 383 548 105 350 84 189 237 712 511 383 116 979 167 469 254 469 923 766 336 322 325 685 699 804 100 592 323 542 637 10 323 556 998 648 696 269 515 87 549 478 376 339 982 600 802 399 569 106 859 423 742 356 182 357 87 440 4 522 343 379 17 733 403 267 418 159 394 440 927 801 774 320 183 895 774 662 102 666 740 290 692 343 954 274 966 958 406 374 181 105 152 794 712 588 170 325 919 733 842 617 767 749 745 116 804 22 604 636 327 899 668 337 780 308 134 770 275 863 356 688 745 68 121 478 527 18 32 609 734 826 617 89 801 616 190 483 401 525 
7 679 303 328 722 909 926 817 859 52 196 669 833 875 342 361 911 404 272 948 834 388 812 889 708 699 100 450 334 526 29 95 267 316 552 737 439 425 541 227 322 459 414 386 445 902 248 547 246 755 420 696 26 701 892 578 776 643 172 633 619 84 108 305 286 731 755 149 879 598 830 559 154 667 849 529 665 60 270 258 223 998 261 556 30 77 813 896 35 622 539 474 25 695 533 622 517 59 208 219 369 360 768 70 858 454 951 190 320 614 528 729 967 77 836 671 87 564 2 752 363 585 614 401 440 398 319 14 878 87 584 613 625 735 580 189 967 325 294 730 145 262 239 922 160 12 447 223 689 453 827 400 558 965 347 435 425 465 319 369 741 540 461 458 563 507 466 56 869 657 897 865 271 675 79 617 464 168 63 636 821 271 755 291 290 457 37 523 318 288 223 190 626 50 828 414 244 558 529 67 705 538 507 402 533 443 768 825 817 997 60 32 644 403 267 711 408 974 931 556 292 83 319 186 270 711 601 428 668 334 155 908 498 1 989 798 785 473 482 907 178 440 7 322 834 684 533 454 127 797 488 478 312 270 327 511 795 109 861 54 622 580 185 248 699 969 648 390 359 285 250 264 862 20 900 733 688 823 316 231 816 982 998 279 628 170 121 932 846 327 946 280 281 675 739 430 340 6 917 315 686 405 583 49 455 70 390 295 441 988 846 883 111 743 821 680 987 389 181 937 485 392 168 962 100 209 876 284 546 55 627 173 9 206 985 570 264 36 944 949 736 576 509 845 845 384 476 274 637 466 201 840 324 43 211 380 428 317 724 504 620 254 716 297 466 663 104 957 329 527 904 407 177 843 167 156 690 492 510 722 568 855 838 933 718 530 848 467 226 628 946 728 638 623 942 749 881 734 735 828 917 574 934 697 615 541 120 651 158 159 646 763 312 707 158 603 804 179 382 608 453 900 763 47 340 375 345 362 840 708 349 136 506 25 18 394 7 552 722 940 72 756 776 392 21 488 101 192 931 90 212 931 12 370 199 542 628 893 63 24 73 138 670 397 664 667 746 541 143 905 589 812 433 704 900 499 142 842 499 584 932 733 152 769 235 890 489 435 388 110 142 190 647 485 977 838 365 267 45 704 
478 353 521 995 48 785 397 990 203 659 144 26 129 629 514 371 394 75 513 735 322 711 177 955 581 191 739 613 311 699 895 85 488 824 336 554 696 778 403 669 472 647 502 867 908 661 261 990 178 534 986 608 716 822 946 178 370 30 915 822 538 5 87 171 779 264 589 298 72 580 550 945 955 415 800 900 295 793 451 568 526 476 689 941 910 671 304 117 789 96 114 849 675 920 813 928 389 237 178 972 422 535 553 908 594 990 178 524 209 375 567 168 96 238 872 588 577 645 322 353 807 733 655 392 595 560 565 648 789 726 493 192 877 188 626 420 462 776 953 759 35 904 127 374 890 699 95 116 585 836 986 327 757 159 276 860 438 607 910 184 847 65 570 118 535 24 477 237 625 620 40 212 417 709 372 530 705 520 693 510 514 197 874 703 318 541 932 165 83 259 298 539 826 361 76 302 11 775 637 109 191 683 277 678 685 330 870 470 914 28 981 450 363 566 957 141 633 825 666 650 883 759 959 799 790 938 203 305 407 603 508 578 896 711 918 828 244 722 287 528 174 157 223 813 117 309 946 518 833 553 441 770 421 22 747 163 968 739 724 166 374 213 420 778 550 50 248 974 468 415 703 721 595 335 548 51 997 900 886 384 142 633 18 648 379 195 959 960 370 39 20 824 477 85 333 357 359 144 103 890 94 851 296 801 67 927 360 236 31 782 956 262 217 455 601 102 327 888 212 222 869 1 728 73 774 159 268 156 744 357 381 15 217 667 906 627 835 333 697 739 243 732 44 430 411 469 130 451 21 536 246 132 237 32 196 267 275 348 217 856 774 280 593 138 806 510 42 191 959 611 586 547 332 770 418 522 901 465 307 483 399 987 984 528 345 841 353 9 411 207 74 79 622 517 16 921 763 2 713 480 892 390 322 30 2 588 380 883 475 450 389 545 243 417 927 747 520 829 869 242 59 191 678 623 466 493 742 876 147 732 520 103 303 524 821 203 723 52 195 295 418 774 826 817 758 388 834 649 593 36 579 454 921 861 266 791 111 111 141 49 462 692 704 30 532 127 178 904 800 930 774 935 827 78 312 346 792 513 452 982 434 932 690 84 295 700 250 741 63 148 583 843 192 83 789 837 318 859 885 587 
84 425 63 590 125 337 267 264 518 327 97 475 130 262 925 45 228 425 621 715 461 406 929 216 641 753 944 658 409 100 937 438 348 756 117 444 587 744 567 814 645 446 703 77 138 105 440 782 651 407 345 680 344 226 928 367 759 302 854 541 701 830 729 271 859 117 557 245 397 861 125 485 652 318 64 444 517 627 158 381 875 636 445 586 290 848 680 776 783 871 528 970 233 694 47 420 648 960 874 902 324 780 701 569 830 141 769 398 763 299 876 195 223 10 672 371 737 803 445 744 817 92 55 518 601 790 86 170 583 926 187 272 404 101 471 401 681 346 874 228 866 900 548 1000 753 572 931 651 548 588 815 919 818 548 810 854 850 985 409 666 409 464 527 371 245 439 441 171 992 606 461 222 448 442 767 498 112 164 942 280 810 717 645 551 295 373 667 455 86 737 729 666 307 814 598 974 630 343 659 49 69 631 565 412 736 245 765 482 46 59 885 542 934 624 969 781 94 650 834 500 664 446 676 230 466 573 200 143 391 142 87 845 769 409 451 82 894 960 246 713 444 969 259 290 345 970 617 37 467 473 418 741 393 121 133 472 507 106 851 686 163 114 752 382 979 170 863 999 127 16 322 472 848 807 880 694 427 572 9 130 493 655 665 509 468 819 15 816 334 395 3 463 544 415 568 450 879 549 69 594 803 680 770 643 836 384 721 610 863 820 718 262 90 543 111 169 5 267 386 378 486 742 965 603 537 228 932 207 221 859 749 246 784 267 696 443 833 545 102 198 293 622 689 641 859 460 55 431 653 855 266 519 229 926 30 521 572 358 843 9 148 827 394 197 690 800 198 584 383 421 490 726 207 981 55 171 361 890 563 418 116 762 39 517 15 177 157 631 16 814 340 213 437 647 10 441 777 663 869 411 919 454 787 546 131 847 211 446 662 0 242 606 375 628 197 465 423 896 710 790 831 385 719 54 580 611 718 917 576 181 997 35 761 713 160 97 339 595 138 69 419 943 422 244 97 58 645 370 418 610 345 617 699 461 961 265 744 31 279 686 807 579 770 977 943 431 284 606 202 475 277 3 799 276 970 307 823 832 323 10 245 479 231 597 708 612 617 562 278 183 110 603 65 360 916 570 19 175 951 279 
439 912 772 389 394 680 883 523 762 526 41 606 445 371 649 591 103 480 147 715 547 32 837 977 947 837 726 194 362 901 780 674 429 353 719 858 407 393 543 783 12 109 400 795 43 429 434 461 980 816 846 892 165 654 365 699 366 344 585 887 458 696 107 81 543 322 728 916 656 404 417 285 970 510 724 516 775 113 883 454 987 472 40 527 46 163 797 914 987 605 602 82 123 279 48 621 314 939 557 831 983 558 648 347 441 67 30 780 945 580 321 278 883 396 934 498 617 979 579 702 342 919 812 475 301 968 397 481 813 842 198 423 846 433 874 727 554 61 847 510 29 849 575 703 587 265 947 223 508 260 132 711 309 943 724 718 1 304 69 680 52 477 438 904 16 734 647 108 969 493 246 39 86 15 604 636 647 354 922 518 548 130 765 51 402 350 494 783 557 892 176 110 449 150 268 324 512 564 424 592 885 904 536 378 702 299 194 838 594 946 957 933 226 312 453 333 775 241 531 859 842 608 992 334 831 521 259 924 842 478 110 299 958 572 340 348 953 774 70 756 177 426 108 371 848 424 51 315 870 119 196 409 721 984 750 183 965 474 266 272 582 497 421 271 597 640 193 270 322 848 397 886 226 890 340 859 125 759 593 292 736 186 198 889 579 101 308 382 755 955 517 974 621 886 743 574 674 404 344 404 593 453 327 838 294 849 901 83 218 113 513 707 147 321 814 921 215 608 561 604 922 682 246 978 168 333 658 852 586 963 395 155 406 241 486 252 332 437 127 860 837 235 571 407 386 291 773 366 733 751 942 284 476 563 454 18 274 507 469 497 926 183 41 595 872 552 272 832 641 173 821 672 639 442 486 862 787 297 928 840 726 352 532 447 718 502 596 414 195 399 527 402 773 571 697 575 115 645 99 875 930 36 354 829 612 459 988 904 647 808 483 204 752 350 818 834 247 694 237 489 506 112 629 637 160 532 968 249 948 865 570 235 767 659 325 859 525 787 374 27 887 284 50 307 247 457 159 265 34 369 593 597 660 980 912 764 890 430 275 496 371 747 501 560 338 883 729 102 291 151 770 884 344 649 179 546 844 566 594 48 272 254 360 864 3 367 487 50 59 304 842 182 979 270 543 247 564 656 76 612 
391 484 741 576 683 927 166 189 604 691 931 582 936 612 674 8 90 443 446 830 806 4 970 259 224 357 397 642 88 896 82 621 236 313 472 301 191 494 153 80 257 921 413 865 372 809 88 66 687 681 324 279 438 737 110 326 168 657 915 992 878 810 514 202 682 413 21 453 546 824 565 753 968 16 852 562 998 113 215 97 596 947 475 656 98 836 109 169 807 454 520 924 919 175 238 915 845 600 162 610 192 844 410 27 273 669 912 927 672 24 568 331 51 945 198 281 846 270 825 808 171 767 964 420 918 73 200 834 200 895 276 180 184 630 192 5 70 892 809 151 738 454 335 413 8 965 962 894 968 636 914 573 665 628 343 131 70 36 647 786 379 796 180 405 185 201 159 902 891 289 846 331 98 506 425 177 727 95 2 21 345 671 682 14 514 156 724 92 773 233 17 479 538 367 486 623 395 458 367 182 204 812 94 411 614 644 723 146 237 485 203 572 979 451 331 562 114 380 663 654 49 307 95 223 934 246 712 82 64 438 526 462 759 675 247 952 206 844 935 333 77 405 401 302 856 188 587 197 415 957 244 630 114 668 708 923 317 151 650 718 644 385 922 754 352 920 900 707 314 728 96 940 603 667 363 844 3 437 133 542 78 780 467 545 653 527 444 3 879 338 365 679 549 564 916 652 182 729 117 154 177 913 266 694 269 374 378 172 547 882 884 682 266 99 381 162 35 534 823 631 29 490 701 830 651 47 560 913 748 355 828 674 236 258 460 125 201 797 585 615 999 410 753 716 608 454 825 387 284 827 439 859 229 663 78 677 95 307 656 425 469 96 154 55 859 208 590 975 256 787 104 941 24 452 472 828 279 536 893 178 575 255 289 697 173 596 472 578 363 650 77 775 585 538 698 634 415 380 472 373 645 603 630 462 311 0 72 107 488 932 341 227 47 321 751 589 832 427 553 568 604 727 448 453 249 289 761 990 735 762 103 834 541 907 470 974 211 389 691 684 494 26 113 917 426 889 893 147 854 977 32 957 994 735 733 626 998 964 25 908 960 14 316 604 20 409 688 186 752 148 138 365 379 689 589 479 652 884 173 257 963 983 124 982 345 495 447 204 406 213 510 778 691 759 529 798 770 526 940 778 
623 840 8 561 956 471 651 201 809 474 413 189 888 64 42 80 105 782 119 751 95 485 89 977 254 253 118 149 863 707 332 397 917 804 989 446 274 489 440 497 54 904 891 459 454 34 376 838 874 72 174 858 997 736 975 390 503 502 914 453 206 484 271 917 44 287 259 578 951 7 333 630 136 538 984 247 802 695 660 397 21 329 436 101 639 210 297 553 337 135 390 331 389 684 465 6 440 50 119 695 649 928 925 864 783 413 467 889 447 272 860 864 338 85 848 568 302 505 660 199 820 242 207 757 262 452 631 51 928 817 527 560 936 472 512 912 852 275 785 413 258 54 920 440 542 761 665 512 503 894 783 558 364 836 999 464 250 639 760 168 798 411 761 361 258 927 615 769 585 961 40 606 5 788 343 479 670 60 676 74 704 616 938 166 914 681 828 189 137 475 356 653 46 783 564 890 837 922 138 393 822 119 218 367 858 802 529 203 994 102 866 200 997 9 21 10 382 245 805 116 939 793 400 773 80 642 605 77 398 178 315 682 748 113 93 453 768 750 903 546 506 191 303 443 861 986 269 110 250 955 274 97 902 119 719 179 235 903 676 301 48 718 393 176 715 339 947 668 571 435 374 694 505 124 281 499 382 521 366 236 673 79 502 596 55 926 740 453 273 788 35 422 239 575 685 911 422 738 885 787 521 101 431 986 757 570 297 405 93 11 470 143 908 542 857 803 104 218 994 579 746 185 636 652 222 525 935 61 976 331 237 85 529 30 600 77 510 289 785 856 968 784 338 117 13 697 380 937 789 282 361 907 367 218 495 922 362 860 968 42 172 415 934 628 831 585 171 948 947 521 289 374 320 413 802 536 623 851 923 854 773 304 617 194 680 637 973 553 288 766 765 835 893 386 281 7 622 367 183 370 86 994 964 953 352 339 363 114 923 751 608 859 738 858 172 98 704 851 556 632 779 202 57 388 374 316 221 549 706 588 247 820 981 763 787 399 194 215 213 962 189 189 671 663 267 628 28 632 115 416 689 145 508 214 558 337 593 304 858 36 430 344 576 778 641 578 66 820 855 382 451 998 683 291 814 695 671 589 142 567 248 206 152 995 155 918 977 808 802 735 588 940 872 362 880 442 492 903 382 739 
194 256 41 497 475 49 190 794 705 844 936 307 972 910 15 161 159 355 986 343 37 823 762 799 195 833 387 9 572 526 845 113 314 148 15 405 256 944 654 270 39 515 124 397 227 77 360 940 358 513 743 91 899 12 934 461 266 444 718 903 279 406 719 346 873 646 717 13 171 860 171 433 856 802 4 489 978 637 23 976 857 986 595 947 946 16 116 199 964 59 665 522 926 759 52 594 373 742 301 787 257 601 242 743 368 313 106 509 211 200 254 482 55 487 789 3 576 391 165 663 997 681 804 178 747 868 780 249 314 793 327 952 475 316 385 811 911 557 969 70 858 739 305 940 182 163 982 693 107 638 767 673 542 55 904 16 463 248 934 550 748 62 370 202 832 278 889 269 104 911 621 445 436 525 70 384 124 178 906 278 477 717 71 674 530 880 677 591 45 844 278 423 632 112 137 469 387 844 282 270 673 143 736 415 39 420 436 650 512 452 948 911 790 161 344 374 59 277 618 504 841 235 742 829 608 285 527 847 478 213 969 849 826 518 599 310 350 151 733 356 79 686 750 472 682 734 505 179 710 976 765 363 429 833 963 257 315 996 826 114 186 589 928 333 228 46 795 165 648 676 848 223 437 444 67 531 1 367 87 272 730 310 691 986 235 237 746 462 280 395 149 833 253 300 817 41 309 484 589 494 46 95 376 305 970 346 981 199 332 377 88 8 485 60 424 77 737 420 373 898 407 684 633 156 881 401 669 550 334 367 491 855 737 396 544 414 844 953 912 536 737 831 238 490 616 537 101 914 374 176 803 468 944 869 597 635 768 266 302 621 919 527 804 227 357 31 883 719 11 527 59 238 406 631 721 215 803 583 546 41 703 959 96 161 832 800 286 613 972 716 421 131 423 621 499 127 332 247 397 943 177 944 958 80 327 933 88 175 530 873 412 859 431 883 710 826 903 902 424 584 546 575 354 835 220 610 191 476 200 480 297 604 872 372 839 423 867 149 388 776 768 873 592 104 444 775 914 969 811 338 827 865 287 522 162 830 468 348 546 203 688 463 794 462 362 775 460 537 919 663 242 248 462 98 269 711 829 350 409 952 434 537 359 127 82 260 156 443 214 280 493 331 267 526 579 776 300 820 388 312 
731 755 600 55 410 741 516 972 650 436 415 489 912 95 623 476 962 994 834 379 327 508 499 960 458 58 486 839 915 989 692 919 833 271 333 529 916 202 489 146 26 879 195 661 824 646 950 358 36 133 370 365 411 109 158 488 264 124 363 922 912 493 695 953 589 533 943 636 825 101 740 135 934 880 585 490 267 502 339 63 426 133 153 529 479 467 505 315 718 519 433 189 706 202 144 91 226 297 252 269 54 858 322 620 484 228 432 868 167 817 347 618 728 165 878 621 189 376 174 128 704 211 257 150 46 612 535 623 616 390 38 689 88 473 887 796 433 722 903 457 961 890 777 560 564 370 404 246 961 586 323 882 726 206 450 207 974 742 972 969 112 163 726 313 178 852 189 913 597 10 257 191 375 100 56 491 808 677 275 906 680 703 937 452 389 53 731 926 691 914 185 515 510 244 339 29 30 674 23 989 910 622 866 736 576 395 828 577 916 27 81 688 838 195 561 709 424 336 365 961 54 522 833 163 796 187 854 221 363 359 453 517 827 367 998 112 855 656 121 579 682 572 697 785 546 291 997 155 4 114 557 617 242 684 874 386 920 355 632 52 312 4 273 835 260 585 708 143 39 813 387 378 104 888 360 183 596 591 842 295 495 62 372 629 749 212 311 619 45 684 379 621 96 28 507 59 270 52 271 193 865 35 721 181 775 412 119 631 822 72 138 827 600 236 37 757 279 748 76 803 314 794 682 276 807 122 843 683 147 612 883 300 601 822 983 477 206 242 598 287 130 234 972 410 255 385 967 245 999 560 723 836 479 979 259 7 885 74 685 632 555 573 837 69 530 714 894 358 537 608 678 74 97 565 922 194 0 187 937 559 725 202 61 678 738 918 674 28 56 259 742 114 172 800 340 886 654 743 878 635 164 317 458 652 497 171 952 707 462 804 700 623 673 2 612 249 407 41 191 416 650 454 172 438 267 643 814 711 212 744 515 794 603 962 554 657 483 442 937 767 39 452 913 922 837 242 565 379 923 308 189 694 766 839 95 962 827 624 994 256 156 563 51 786 339 959 292 358 137 103 483 321 467 552 921 846 745 686 101 889 178 475 918 669 861 236 741 97 563 955 150 146 269 936 264 385 73 441 604 513 
938 766 292 856 983 37 122 488 57 762 853 946 20 132 372 474 800 714 375 691 286 165 333 863 745 599 854 356 164 644 80 341 856 453 766 81 782 615 553 63 708 248 395 748 791 104 722 234 243 397 203 228 879 305 543 49 739 204 712 585 1000 590 864 855 198 264 781 934 23 525 124 685 26 684 723 380 709 698 565 289 244 992 479 168 501 48 472 833 863 586 202 860 18 767 940 57 251 526 380 546 244 166 62 780 712 112 777 998 846 143 737 823 361 188 4 348 378 386 283 537 86 661 836 860 338 103 224 856 256 252 536 152 928 973 769 960 330 550 788 979 453 463 749 681 889 467 588 229 522 987 671 915 816 39 92 618 545 699 225 722 648 379 121 605 880 199 475 947 237 866 408 110 390 820 383 322 583 301 261 543 107 619 726 948 273 415 404 703 753 302 963 160 60 822 146 33 45 763 466 578 839 18 867 701 225 745 28 773 251 926 612 327 16 431 736 560 372 250 431 660 469 354 930 522 161 425 407 935 661 996 527 180 107 8 831 326 646 956 366 886 96 882 171 88 811 384 115 618 855 884 43 117 614 67 344 545 566 711 608 520 846 673 226 964 98 722 989 976 881 996 340 553 315 188 285 686 733 939 249 676 227 645 884 387 806 976 936 301 574 408 927 364 78 315 186 858 248 597 450 702 91 824 701 535 431 153 213 322 432 658 83 860 135 560 57 921 593 718 122 465 338 203 961 676 943 373 309 489 317 729 798 747 712 452 520 166 19 299 527 48 905 931 767 833 483 539 272 103 262 114 265 885 113 647 944 687 591 161 378 257 28 83 956 534 379 212 513 186 851 25 893 400 804 140 976 79 821 221 917 759 352 258 458 842 810 511 209 293 123 601 572 68 85 163 93 948 674 305 813 840 888 160 817 210 478 92 854 494 1 608 145 288 465 507 916 34 997 199 675 561 28 386 800 455 1 794 185 734 462 722 944 725 914 441 971 186 811 798 968 260 993 726 94 74 399 595 598 652 853 681 381 663 730 658 96 381 626 732 983 314 95 571 328 556 241 555 127 133 126 242 375 747 52 455 153 917 350 974 269 648 616 854 794 125 667 520 802 338 305 776 291 806 114 56 561 757 209 71 449 822 
202 553 278 139 683 151 549 810 359 960 370 962 5 803 599 888 827 711 215 541 819 524 513 676 790 673 889 695 692 442 296 164 278 710 436 124 431 437 213 25 86 242 819 439 546 605 147 782 628 727 960 570 435 220 693 538 266 561 124 276 33 832 418 656 286 415 912 828 196 856 511 840 255 221 383 481 320 123 530 731 66 136 969 231 307 620 837 164 578 357 641 697 392 995 116 529 399 289 1 490 687 278 251 299 380 447 93 999 37 246 858 590 17 277 594 123 588 396 385 932 125 177 168 869 882 239 374 529 484 810 739 632 435 36 182 438 306 718 326 208 713 756 259 946 329 571 250 605 601 259 743 592 751 495 479 111 424 630 52 845 320 604 272 951 463 264 331 132 900 296 207 375 619 720 558 489 955 869 488 676 687 943 722 55 757 438 378 363 938 407 139 89 757 941 490 180 640 249 228 453 42 909 565 836 997 844 237 847 698 755 692 314 307 349 255 189 578 509 710 536 709 924 603 535 249 542 936 640 785 116 807 762 803 291 789 850 363 258 622 717 344 874 516 145 494 571 893 541 695 331 92 160 873 561 814 983 94 40 601 386 84 495 361 724 583 694 96 569 755 437 116 175 293 585 835 340 129 848 543 261 562 575 510 215 198 746 245 974 856 469 854 58 921 792 225 755 768 743 803 329 136 566 480 985 38 148 505 308 345 941 902 953 217 166 920 802 761 790 535 163 891 823 631 384 68 119 965 562 980 991 652 395 381 344 476 143 97 209 854 973 420 570 913 330 463 251 462 288 886 412 273 165 571 604 797 68 830 903 335 501 678 489 771 592 478 347 652 999 176 946 272 914 718 131 201 98 708 447 429 863 742 165 404 724 299 159 963 834 135 394 70 456 501 229 673 178 769 160 637 554 839 959 216 578 91 113 312 950 301 174 257 687 732 90 764 866 264 950 978 509 217 184 906 171 206 783 423 662 60 960 184 415 980 845 598 43 799 588 891 457 899 979 695 749 335 22 674 323 933 709 275 330 339 142 729 935 134 134 508 514 366 75 951 749 627 176 478 715 461 105 331 348 999 944 901 924 810 827 384 418 154 968 483 751 934 343 512 266 641 511 974 154 918 797 373 536 442 492 11 268 
695 106 62 256 930 752 201 271 5 342 891 743 779 539 101 296 959 793 385 628 906 124 70 193 185 212 241 473 496 283 683 67 81 225 437 300 161 16 299 566 152 397 803 418 599 526 427 316 645 894 487 69 121 856 803 298 356 452 364 814 987 26 436 607 576 65 844 961 288 609 838 173 991 143 807 946 498 857 387 679 503 214 208 787 636 259 876 819 767 430 981 508 483 907 326 245 871 778 11 670 870 741 212 949 678 45 223 11 214 343 979 113 976 875 556 40 840 401 279 516 711 820 500 651 605 959 668 279 272 138 919 530 47 19 369 700 956 232 81 693 195 626 633 356 102 735 99 305 79 926 522 413 639 90 630 580 227 357 712 512 311 965 428 639 959 842 89 751 149 796 867 77 694 718 732 869 927 553 601 164 270 888 207 501 161 987 140 601 433 102 586 753 241 158 249 565 86 118 270 86 115 307 141 362 619 451 23 54 346 642 11 504 883 235 173 645 366 907 419 862 567 368 759 934 729 426 790 985 982 774 466 200 966 741 883 44 29 439 799 714 966 926 526 936 492 738 135 62 926 815 734 278 981 940 896 196 425 924 428 126 189 343 305 959 54 290 113 900 369 777 532 273 188 347 272 922 225 863 419 416 649 803 898 540 970 145 775 829 860 552 994 22 322 445 45 20 140 929 811 876 425 713 914 824 247 598 539 235 488 863 77 396 345 826 643 531 671 37 848 669 969 859 219 347 306 67 708 260 933 243 737 618 843 849 466 202 328 668 242 359 102 836 611 492 24 845 80 669 830 978 530 898 744 596 668 803 179 93 361 260 500 532 91 637 226 386 47 449 290 626 714 340 894 404 705 887 127 365 749 314 149 726 821 415 292 24 871 264 782 83 697 697 134 504 341 363 190 733 651 384 262 259 231 97 71 80 481 88 536 394 15 250 98 59 209 331 316 906 101 45 456 597 960 878 578 777 913 363 681 80 248 926 554 724 849 339 593 257 172 714 208 282 705 600 923 33 355 559 145 638 551 291 504 667 471 845 743 429 166 73 47 100 670 474 302 865 171 795 12 859 389 99 88 676 727 508 131 457 69 41 216 150 744 875 746 706 232 729 277 901 486 15 452 431 939 711 10 265 523 681 
195 253 519 472 584 920 126 986 565 120 770 310 429 695 940 993 734 145 630 123 41 619 904 74 251 476 137 43 77 904 859 315 659 948 940 718 722 743 435 714 220 860 175 203 364 236 445 772 866 395 776 612 440 182 127 172 314 241 153 762 59 906 531 338 995 283 469 100 597 815 590 164 401 561 183 676 236 111 701 458 764 73 288 308 256 904 325 850 890 94 905 637 474 629 172 79 557 880 507 885 573 684 893 542 431 243 732 202 482 861 842 897 609 679 34 595 165 486 435 325 333 936 1000 199 669 893 218 943 397 432 981 693 873 364 251 732 743 947 829 497 442 64 169 569 438 933 917 755 906 350 965 320 658 505 952 217 64 743 47 565 231 746 404 440 307 1 856 827 430 606 187 575 57 333 308 327 229 214 315 385 903 834 339 21 498 859 847 182 502 432 479 49 4 478 884 623 867 20 938 995 511 456 622 441 229 185 773 632 844 536 616 937 958 150 748 186 487 411 700 858 433 33 477 786 122 427 689 809 866 372 532 338 855 680 214 584 337 148 417 492 522 236 106 557 90 533 969 236 166 72 636 57 985 82 941 714 200 856 355 244 247 996 371 415 406 186 238 779 824 975 833 664 65 679 614 62 857 408 153 400 809 637 620 34 999 958 134 688 441 839 210 103 667 26 482 604 48 28 818 216 221 204 693 146 363 157 308 490 110 266 62 680 504 817 681 766 652 990 809 153 24 361 268 421 538 984 805 590 51 130 53 242 852 62 861 923 778 821 611 959 970 668 799 920 768 167 1 803 86 179 460 255 780 847 308 442 198 875 423 766 44 940 924 972 332 515 293 894 461 260 707 633 553 449 691 47 876 311 335 618 498 11 666 347 899 657 694 5 587 708 942 726 271 70 536 845 222 199 734 83 877 613 986 135 278 226 446 717 885 357 353 753 389 295 48 275 150 429 184 561 519 580 870 31 502 498 50 319 70 483 760 185 941 751 310 769 479 880 41 48 126 505 455 76 592 432 520 753 31 65 132 319 231 807 460 25 705 625 284 761 540 627 995 896 280 344 662 757 156 658 720 600 779 654 427 195 578 374 629 661 765 45 283 94 77 889 309 620 172 810 214 898 153 515 229 512 786 474 257 875 
169 889 989 260 192 546 215 100 810 321 244 695 813 212 931 689 641 157 43 742 136 113 731 983 702 460 431 412 119 22 442 254 809 176 39 702 651 239 494 270 490 130 460 322 30 919 165 787 917 680 437 202 682 130 367 778 313 285 829 953 157 774 190 317 376 630 370 731 287 882 244 26 851 349 852 213 789 654 948 918 608 935 832 847 89 676 597 0 131 951 620 399 263 851 447 613 34 467 82 603 725 759 500 225 683 26 816 826 434 359 659 754 910 168 492 745 702 98 333 42 426 348 529 637 520 684 140 770 886 593 258 9 952 743 324 272 245 775 704 250 443 963 119 778 654 302 194 196 793 390 684 508 612 447 406 152 4 691 299 592 388 308 353 820 721 490 631 41 666 831 373 45 403 879 308 927 215 451 858 985 110 824 381 68 573 670 335 550 444 849 387 772 844 165 425 73 618 263 801 984 5 261 737 197 423 215 73 639 721 655 482 486 973 926 254 697 380 822 721 513 494 497 359 364 628 805 139 635 223 163 532 142 807 495 123 584 269 728 494 335 55 600 140 944 650 990 556 564 299 291 644 949 287 28 273 96 720 579 57 635 403 982 731 930 955 657 860 183 717 916 112 429 897 121 292 265 568 641 950 846 381 707 800 771 258 506 194 302 316 824 39 362 211 370 861 670 133 124 237 37 372 265 808 144 283 118 6 629 457 724 830 271 884 574 292 862 930 913 39 644 130 284 957 746 435 385 718 137 939 462 49 387 60 760 96 886 118 292 597 124 702 347 613 443 682 791 616 810 599 533 49 907 568 762 43 736 380 154 973 391 967 706 553 575 53 392 690 230 306 38 636 928 857 767 936 978 855 386 323 597 984 923 843 803 130 391 455 57 782 952 829 673 686 541 131 30 969 918 577 152 498 102 695 492 63 35 804 850 928 6 223 529 194 402 882 261 158 767 411 814 964 159 523 304 877 653 645 279 495 446 830 113 117 563 378 406 260 886 925 312 839 697 270 902 65 33 551 927 676 134 998 808 592 571 247 748 785 784 615 422 412 379 213 833 92 700 672 158 856 283 385 450 204 159 404 118 484 123 836 186 205 14 696 452 928 140 906 774 534 796 148 325 893 985 787 387 238 152 764 655 
277 76 643 1 997 401 611 400 934 654 765 79 261 208 28 580 104 902 211 655 862 476 240 127 347 97 53 619 613 654 976 148 307 250 708 217 956 292 747 164 84 155 776 118 646 797 129 294 174 475 787 616 455 545 183 350 895 435 381 533 696 279 598 949 61 291 904 523 225 947 620 270 361 752 231 708 727 999 872 198 320 329 852 712 400 998 805 41 442 571 171 659 667 713 498 31 926 161 427 104 160 22 470 890 847 304 514 379 130 208 147 664 931 955 925 271 553 791 883 409 105 715 910 251 810 966 687 954 73 102 32 269 890 797 659 624 528 717 782 83 857 89 980 943 492 317 803 224 15 271 696 845 251 661 936 602 567 814 814 475 861 389 351 257 224 729 619 910 236 660 633 892 505 824 121 82 650 450 909 643 688 866 362 520 462 250 612 865 300 576 593 120 113 801 353 392 423 768 25 844 818 227 135 541 552 858 594 774 557 881 36 373 218 151 0 445 159 87 319 592 127 312 570 608 619 703 733 65 112 698 438 752 591 49 980 811 494 146 997 819 300 799 487 326 835 418 711 206 171 68 969 801 525 169 60 918 90 439 550 724 734 349 16 369 535 91 943 992 210 944 136 752 83 111 774 202 9 274 145 960 733 560 407 904 497 515 394 209 619 369 416 915 645 240 153 840 834 816 158 213 446 317 61 617 558 809 883 699 817 929 646 729 590 974 554 294 819 772 341 114 28 487 681 286 470 50 641 431 687 512 468 909 825 988 25 329 895 424 775 604 876 714 951 195 4 241 23 822 381 277 659 139 83 649 813 4 793 403 421 981 111 886 194 180 292 614 18 107 15 629 288 184 654 915 602 989 638 827 134 456 590 302 530 26 737 375 407 532 55 743 781 251 102 256 80 222 555 704 122 993 795 947 23 921 665 413 441 451 926 126 197 785 613 444 339 743 103 279 671 402 680 779 28 998 215 65 782 34 663 773 405 533 307 675 24 435 282 517 906 551 419 631 517 36 813 31 814 89 560 370 245 130 104 56 321 98 390 838 590 607 130 758 749 832 678 739 604 162 929 94 870 747 605 465 983 558 494 654 942 646 177 553 890 679 459 688 13 655 681 108 471 187 701 838 355 290 331 940 23 641 
268 1000 851 910 495 431 446 109 259 384 585 449 690 921 76 979 951 801 422 926 150 861 730 532 120 705 178 763 163 645 815 878 320 26 703 154 362 948 81 97 971 679 964 199 370 993 414 878 15 354 770 264 458 920 413 3 725 549 549 180 778 916 442 447 410 301 55 123 193 579 136 437 439 179 145 980 805 103 421 840 160 173 99 688 680 0 55 279 66 18 164 389 119 967 957 41 550 344 620 751 478 741 244 362 128 845 943 621 677 54 462 222 161 39 64 385 216 444 537 230 626 326 69 580 316 281 269 776 741 426 958 295 197 586 60 763 783 733 383 910 208 391 956 948 161 807 912 2 728 38 46 195 849 426 71 426 514 164 75 16 628 925 365 921 13 775 887 402 695 967 228 880 211 591 173 232 655 722 271 791 815 573 308 488 925 558 428 349 508 431 654 380 662 251 395 116 191 751 151 128 468 228 451 597 889 179 703 115 165 140 321 783 127 492 661 298 447 476 41 174 175 413 390 443 387 117 659 367 743 651 980 638 638 132 158 629 780 336 468 548 465 609 201 599 129 580 113 352 200 15 221 30 778 298 851 330 10 918 76 476 252 662 918 680 420 782 741 707 155 789 731 722 198 239 526 137 351 407 599 885 293 513 709 270 578 947 703 370 204 778 97 961 476 717 753 399 90 761 150 623 864 60 166 425 872 999 538 522 678 889 27 529 316 10 557 984 231 147 642 4 179 521 862 785 718 173 2 469 518 951 74 556 552 447 240 868 539 750 666 900 887 365 715 283 30 798 2 290 729 226 543 792 178 723 29 610 502 608 688 340 794 486 428 974 870 506 570 41 504 229 250 10 377 967 162 955 662 322 201 44 640 607 778 252 988 722 711 691 949 874 452 136 567 359 768 742 956 176 169 515 303 453 708 681 219 623 352 847 166 737 261 643 188 41 802 48 482 875 876 410 574 468 300 397 352 901 597 780 883 314 162 964 175 188 938 196 86 792 969 349 615 262 185 195 650 965 185 923 366 144 764 113 860 773 773 832 161 565 502 518 885 984 829 974 701 471 445 942 113 756 10 374 280 23 464 186 489 676 848 550 791 863 395 982 642 424 735 150 405 2 960 632 776 546 547 16 17 248 212 294 
99 469 54 914 199 249 38 186 105 439 917 377 196 609 585 104 200 718 252 114 704 407 379 595 433 645 51 979 864 684 283 475 280 278 790 459 697 76 79 827 818 659 588 533 268 988 97 546 516 980 421 816 703 388 468 52 674 440 651 71 34 222 980 963 954 143 459 775 958 309 627 722 514 282 314 184 40 481 362 269 870 236 12 513 141 434 558 918 867 250 284 336 157 434 200 468 537 793 745 225 694 305 797 539 755 931 558 521 126 289 464 600 682 762 405 935 303 666 454 176 326 254 516 821 277 842 459 461 162 0 420 390 87 135 640 896 582 459 235 593 246 716 729 58 26 622 296 932 956 318 407 850 437 759 548 17 851 768 468 982 880 412 864 237 421 43 290 240 888 255 839 712 648 602 891 989 124 276 998 352 949 284 168 114 539 676 371 69 805 946 47 17 259 671 989 133 676 201 210 103 29 968 673 216 317 23 623 438 722 236 240 223 770 485 710 433 245 997 793 288 895 425 108 953 552 491 737 797 426 57 864 802 293 630 957 461 463 189 781 609 499 163 230 40 974 758 720 45 129 19 464 214 403 915 405 353 837 500 611 945 470 151 85 770 899 111 956 429 38 689 154 56 760 430 390 215 316 480 401 625 914 860 870 82 595 58 228 541 354 741 556 627 126 859 391 534 389 339 312 435 889 115 22 514 24 262 826 322 169 290 811 291 805 974 786 125 2 232 785 509 824 5 358 401 121 552 213 141 117 752 449 397 181 891 181 751 166 335 100 583 505 357 589 305 12 131 643 692 291 222 614 674 406 839 451 742 157 531 677 377 917 831 690 351 557 633 208 156 377 786 736 583 70 871 995 163 247 565 814 170 174 103 288 127 495 441 632 276 8 884 565 241 920 759 872 402 110 838 780 956 114 103 817 753 622 525 434 167 317 48 984 683 98 143 788 319 330 840 803 340 400 75 285 361 389 845 318 352 909 46 251 346 494 354 691 309 566 452 269 140 398 11 813 434 58 7 226 701 509 24 348 181 875 766 707 863 531 77 425 645 412 84 96 944 74 541 830 456 288 179 803 267 426 947 316 692 543 959 195 992 113 777 479 772 135 363 850 217 684 504 908 824 969 365 60 593 234 164 566 155 
391 519 322 894 411 287 572 766 452 598 408 953 25 97 635 452 522 472 720 271 382 207 824 81 158 357 900 807 569 950 633 841 864 323 485 149 520 224 653 327 191 817 614 712 39 322 403 5 475 663 643 165 919 455 221 752 232 861 749 344 877 727 991 224 834 503 131 601 744 590 71 253 835 555 888 877 54 289 963 676 689 672 768 229 208 302 916 240 590 720 695 292 679 231 812 927 533 370 577 231 902 226 70 670 18 865 779 13 341 158 500 729 503 967 614 324 294 105 467 240 556 766 290 244 784 556 203 147 682 469 539 296 721 530 750 318 984 953 704 343 436 446 74 648 481 739 332 514 176 758 613 488 738 442 436 377 331 347 131 547 111 227 616 921 81 90 175 447 89 85 828 393 820 269 326 423 200 112 401 494 640 272 862 587 547 363 488 448 11 919 105 308 600 615 697 41 489 381 768 60 789 401 724 385 269 252 130 484 924 373 969 625 836 209 725 964 96 188 749 36 307 49 157 901 256 566 408 340 91 558 949 947 112 54 951 809 190 625 733 777 588 152 156 448 861 975 501 588 85 20 519 899 913 288 467 618 210 10 824 78 331 546 805 89 729 897 213 746 874 978 47 681 670 441 171 442 588 752 71 899 329 12 674 942 160 61 310 550 484 491 988 402 179 920 709 563 625 869 460 332 755 987 832 954 867 35 738 984 828 819 45 731 425 951 501 540 844 665 470 126 108 339 418 719 296 565 249 361 352 109 21 419 408 80 235 103 553 581 569 562 613 894 341 985 512 889 662 413 327 798 965 396 955 997 458 975 553 391 547 333 16 794 388 39 312 383 250 568 948 798 462 350 465 540 392 719 942 423 596 425 503 590 119 50 434 413 930 721 797 51 789 197 796 804 324 281 173 120 906 174 384 977 611 823 67 949 134 294 591 994 532 475 101 951 64 218 989 189 533 825 854 974 105 933 309 794 70 537 617 486 446 219 948 545 382 190 781 133 413 865 438 289 565 584 804 540 249 288 661 391 663 455 144 847 493 301 280 306 124 993 286 116 17 309 285 392 83 419 979 142 170 726 206 461 801 460 266 292 663 151 54 542 611 586 843 476 726 395 444 721 433 764 326 736 262 357 427 93 675 795 
850 57 665 37 383 632 63 735 433 646 82 805 251 891 799 750 285 118 627 704 187 626 727 870 677 315 566 875 242 546 872 556 374 471 564 993 527 544 913 674 146 817 60 972 111 589 395 618 441 233 613 555 660 720 303 542 317 657 551 664 255 419 886 100 893 216 615 851 767 397 222 197 831 474 689 336 698 595 444 559 281 221 374 125 596 89 79 875 555 514 135 536 385 702 965 213 112 683 778 381 437 875 384 593 511 86 179 190 680 223 959 463 556 404 862 630 97 293 927 565 362 882 202 130 937 315 172 660 4 144 893 393 198 408 8 224 233 994 918 772 806 321 599 316 709 256 780 904 906 851 383 581 971 358 862 323 567 471 160 658 217 601 677 330 29 306 410 240 288 249 479 596 899 453 273 968 351 144 710 351 474 916 32 863 649 420 377 859 385 864 29 344 771 418 800 952 726 827 205 298 971 607 419 198 935 236 850 424 478 56 947 890 632 781 730 864 253 526 231 872 201 854 636 906 620 242 979 991 36 175 75 963 42 661 611 764 700 432 164 422 764 323 297 285 412 594 424 617 470 805 632 967 12 662 1000 962 597 468 279 120 660 474 222 876 746 727 965 93 464 374 483 89 266 109 128 103 635 669 949 36 992 842 746 633 435 86 549 604 170 710 81 623 225 156 809 157 175 524 913 436 853 352 137 900 630 296 737 692 713 423 155 953 727 748 546 174 717 957 782 730 224 159 31 166 459 846 723 407 962 208 795 296 550 386 309 674 661 511 472 674 848 377 433 268 572 910 770 973 801 796 916 395 469 261 30 926 306 611 915 168 405 353 515 172 95 718 275 250 601 448 344 177 122 994 89 674 476 336 189 378 18 879 845 374 426 909 256 582 927 615 684 736 520 983 412 771 125 424 646 417 627 574 755 625 169 804 359 162 570 862 606 345 497 932 561 294 275 443 943 826 126 386 382 387 139 326 260 571 474 528 717 190 682 702 134 301 167 27 742 166 540 62 731 309 213 457 924 428 708 793 85 416 899 28 3 213 468 784 709 301 212 919 165 669 523 953 140 513 961 865 371 750 448 591 205 141 913 426 566 727 324 298 343 314 950 133 992 213 646 210 481 763 102 729 752 901 899 245 384 43 
317 167 674 295 211 949 524 570 205 777 440 798 419 459 264 37 133 724 137 571 793 907 661 872 372 722 260 809 757 143 963 219 737 489 56 812 473 744 806 499 760 91 773 405 670 290 655 512 967 804 625 794 364 110 804 453 864 857 438 246 195 936 98 143 11 680 304 532 660 713 936 250 270 160 288 531 444 186 831 747 338 874 82 191 982 103 983 1 600 313 608 935 205 816 17 708 419 881 868 71 896 575 761 754 872 396 486 439 960 446 874 389 429 531 263 89 653 841 946 834 766 816 972 931 606 872 865 527 88 800 450 676 63 600 770 405 839 254 116 553 241 792 328 880 358 623 696 578 605 347 954 40 83 700 823 795 359 371 584 301 789 416 421 597 763 491 269 284 203 85 250 59 484 488 665 869 138 254 601 458 473 460 468 897 642 582 928 309 637 274 278 225 77 859 975 688 353 113 786 348 831 616 852 688 865 4 66 120 92 493 721 958 801 942 290 982 622 267 592 192 915 261 47 244 865 702 581 811 635 894 469 646 79 461 796 559 654 401 842 914 618 488 759 265 653 671 487 224 499 55 725 232 863 302 276 345 303 993 649 327 166 439 772 973 522 454 196 580 116 337 830 42 976 824 742 70 472 81 455 654 641 35 622 177 491 5 250 13 433 315 484 348 637 337 297 170 459 943 396 906 941 866 484 850 644 683 111 50 289 461 360 858 131 762 977 88 170 904 746 644 930 792 397 253 598 43 445 393 903 77 369 973 839 814 113 184 31 211 211 36 90 624 496 759 260 606 806 1000 237 287 773 49 398 574 423 108 169 243 559 847 993 649 906 212 768 690 214 431 765 233 123 582 52 339 215 656 817 652 560 447 830 699 642 865 886 983 387 297 624 429 998 127 962 907 491 419 853 140 558 836 755 852 899 316 337 72 304 803 803 482 460 20 934 165 236 25 381 440 537 534 912 399 540 803 617 288 204 906 256 310 507 56 878 794 201 148 423 699 853 985 675 962 168 533 980 766 142 865 809 351 873 18 90 343 887 677 176 491 779 915 633 425 384 695 137 784 117 980 290 850 172 898 763 647 943 343 212 244 359 999 858 476 121 594 698 613 588 54 54 495 11 171 799 531 843 981 205 820 104 642 
766 315 95 129 393 311 844 408 691 209 740 58 88 367 443 180 755 487 325 849 584 347 295 386 799 645 805 609 552 962 987 886 7 439 887 140 119 456 486 933 293 270 119 590 440 534 584 84 278 392 756 548 173 608 251 543 851 55 998 247 408 678 34 247 436 92 913 310 456 379 856 414 560 511 759 198 285 974 454 965 330 288 346 484 693 699 972 25 433 515 102 740 35 479 54 739 594 193 864 15 993 577 110 838 106 251 495 537 645 987 409 949 81 245 331 660 242 170 475 703 286 409 289 76 702 313 815 328 199 657 752 575 414 639 649 964 376 584 397 11 383 685 960 450 996 206 572 111 5 921 3 519 772 252 948 314 61 232 924 810 415 280 153 817 450 281 693 603 275 352 534 295 121 762 175 787 733 277 536 206 815 726 585 457 848 35 698 934 314 680 340 989 437 658 829 83 900 139 782 89 717 596 345 536 152 376 168 960 649 974 995 336 453 420 343 22 569 263 726 94 870 858 509 688 591 642 562 227 671 384 554 804 254 297 6 725 256 570 688 466 171 643 168 381 277 105 409 355 830 63 35 333 530 899 806 339 260 809 924 524 848 252 731 49 562 331 478 439 785 524 351 780 954 224 851 88 508 301 227 430 76 592 894 169 624 374 920 642 839 807 199 101 66 985 975 265 214 969 117 560 954 838 79 14 869 80 801 628 932 331 543 789 462 197 954 303 614 237 86 415 12 960 356 544 307 887 933 504 724 699 639 669 546 834 192 556 715 276 329 977 693 289 901 208 173 261 148 598 392 908 875 677 224 112 515 107 777 66 365 16 181 879 106 162 744 384 367 679 577 173 675 557 891 327 301 361 290 220 805 743 106 268 843 407 661 934 905 122 521 753 306 289 919 330 79 79 644 966 362 725 46 810 562 213 247 725 72 647 970 972 28 404 277 222 304 237 226 788 148 528 676 207 309 789 11 355 585 112 751 664 515 801 728 99 935 84 989 366 566 482 448 582 16 121 382 531 592 527 731 45 516 728 359 487 622 1000 699 538 963 268 552 977 650 452 72 946 997 124 75 641 703 826 217 441 263 986 847 1 5 810 953 939 639 913 517 244 384 981 48 218 648 314 611 36 966 698 361 855 795 843 
316 583 71 506 957 219 482 729 638 91 606 87 214 924 474 142 379 313 147 172 989 998 198 121 949 163 667 909 13 542 157 272 13 389 979 119 886 548 805 654 451 126 788 451 876 849 691 279 861 88 583 478 563 478 899 106 68 539 773 898 173 72 170 846 786 279 245 715 230 40 363 120 413 989 493 186 883 532 543 117 70 663 649 441 226 863 430 866 277 945 211 860 905 531 947 699 999 346 846 704 621 705 687 1000 56 781 279 426 217 332 73 793 933 127 523 752 925 848 514 586 882 959 559 325 27 209 570 907 856 986 226 700 14 740 186 435 292 285 461 512 474 75 571 625 32 823 214 92 455 407 809 290 449 545 545 409 688 178 182 639 515 132 657 621 782 854 583 108 386 355 66 512 298 321 932 61 874 672 830 752 106 299 499 804 557 658 976 759 293 283 717 923 255 975 914 755 201 879 56 801 251 158 194 794 28 34 855 603 752 526 149 95 876 4 103 450 121 816 820 872 108 87 240 380 740 96 822 467 369 291 765 277 364 892 82 554 732 202 527 85 731 965 815 99 529 762 131 145 769 350 34 305 578 204 597 768 71 415 905 381 989 455 251 381 798 89 338 901 964 426 547 748 940 176 326 456 768 229 724 466 233 504 127 35 609 791 647 587 426 192 880 952 114 364 66 708 947 841 382 664 582 923 354 357 107 433 423 602 692 723 373 983 105 786 879 752 375 337 363 321 429 346 853 567 636 73 161 557 285 956 982 868 498 497 639 935 73 247 768 399 210 797 861 15 612 680 103 790 831 815 903 900 838 4 497 800 679 349 142 107 19 28 484 293 780 709 884 393 210 965 845 206 821 638 363 965 548 838 860 827 422 226 577 901 636 298 42 383 936 341 35 773 87 771 529 23 319 343 559 626 840 784 138 318 302 387 872 545 994 559 38 123 57 252 160 608 216 480 939 679 515 925 30 244 506 376 878 910 90 650 559 360 836 525 538 398 410 939 104 821 304 733 327 251 70 229 602 919 837 850 242 930 522 704 801 477 382 835 519 649 997 289 373 245 220 598 290 362 37 681 774 753 554 950 778 341 276 323 149 482 868 464 445 824 85 701 501 78 530 750 9 166 268 390 942 565 990 588 780 1000 
388 767 716 614 412 51 316 663 581 662 326 413 252 286 0 357 402 317 961 853 16 467 54 985 128 207 832 123 28 338 778 94 403 572 288 662 575 353 705 940 50 463 44 536 873 374 809 421 603 307 970 608 99 662 796 566 673 729 757 183 168 827 19 330 605 563 933 741 375 190 573 313 795 818 416 965 868 442 308 79 277 696 959 175 38 705 199 675 525 601 846 343 785 677 998 484 361 276 976 439 774 402 177 180 330 151 181 901 314 845 496 957 800 285 500 177 161 41 207 51 951 669 714 530 935 453 215 325 84 784 321 373 336 105 713 817 445 855 834 421 322 908 913 39 259 266 552 402 775 966 495 255 143 68 552 208 144 928 635 691 636 161 891 196 112 430 679 439 890 524 90 473 478 217 326 25 302 434 172 552 633 283 616 108 679 681 749 143 814 242 615 639 726 140 990 973 366 26 698 644 653 194 382 200 804 990 192 305 706 897 531 767 51 372 934 199 540 700 915 442 861 231 129 502 640 60 638 530 888 13 784 552 843 799 122 429 928 998 972 386 166 233 4 589 19 353 623 642 847 471 869 241 718 748 3 855 533 802 203 357 217 163 852 508 387 965 855 645 452 402 742 379 721 479 814 16 751 987 835 83 104 361 532 282 113 399 9 708 701 670 622 162 859 865 421 962 454 447 188 67 133 402 20 197 799 740 731 187 309 969 54 59 498 957 255 212 378 884 984 515 131 381 480 676 426 299 776 877 250 934 54 219 737 508 386 633 615 862 944 476 470 676 418 118 422 57 783 916 820 411 977 958 577 472 837 866 725 284 841 279 224 657 303 90 552 944 957 776 801 846 314 38 849 613 759 223 961 8 322 15 387 433 620 446 206 162 714 337 926 34 625 809 921 759 908 755 750 522 207 371 540 401 871 822 841 532 329 911 329 325 44 255 291 253 599 541 568 776 644 652 951 53 413 954 27 358 99 280 766 373 570 630 663 236 691 422 90 182 353 243 625 60 99 79 43 724 802 670 842 287 685 533 122 275 350 468 179 445 383 597 400 72 357 568 538 369 598 918 590 289 327 81 807 624 711 41 801 188 641 116 52 306 897 341 747 62 782 438 203 27 742 148 813 497 633 206 913 953 599 367 
370 692 794 659 887 396 694 325 586 867 877 95 946 243 789 438 601 627 930 110 41 339 691 375 42 745 758 221 133 122 996 903 199 828 728 762 263 203 531 729 953 246 512 689 276 21 141 78 419 134 609 424 865 903 69 21 891 56 853 560 452 230 309 362 23 628 656 420 229 79 520 998 799 950 404 746 399 242 201 812 672 548 251 454 661 62 783 147 513 107 788 510 476 231 251 382 31 425 73 7 292 115 439 920 303 865 582 832 349 316 276 39 77 405 662 600 623 955 917 300 103 333 537 802 102 922 186 126 649 382 53 219 953 941 462 69 836 785 284 756 832 458 776 644 606 64 399 696 141 852 335 931 425 208 211 478 582 381 344 171 901 947 926 49 899 208 663 301 491 57 494 424 197 586 337 749 532 607 382 544 422 480 167 794 489 914 474 419 65 94 965 156 335 630 294 360 505 955 425 955 144 534 890 796 623 497 254 820 551 891 323 762 714 995 442 905 825 880 726 459 537 209 575 608 37 197 979 288 904 612 488 59 119 326 972 683 742 102 195 116 837 10 212 864 162 804 133 170 600 735 426 598 121 913 42 927 158 363 894 509 221 663 565 210 503 739 402 725 70 649 729 930 311 77 963 811 323 780 209 746 753 773 496 156 21 917 905 610 769 784 928 945 490 247 232 514 196 334 661 242 811 638 388 602 557 906 22 379 364 726 735 969 365 861 109 696 18 960 177 153 589 369 546 158 535 907 217 789 339 601 326 175 15 629 975 244 560 892 468 213 391 638 616 177 944 457 331 16 241 887 305 802 25 793 696 174 377 369 7 460 954 788 233 271 534 214 136 127 424 214 514 380 57 55 962 688 80 752 394 498 427 223 469 279 198 600 477 880 627 897 558 922 119 253 503 58 613 173 36 305 586 281 428 236 769 806 608 132 133 328 749 703 100 917 707 805 344 154 390 424 888 738 302 212 391 774 933 131 368 511 280 177 280 14 448 183 326 473 97 706 288 399 455 79 26 33 520 143 41 422 882 238 230 909 174 799 145 970 531 9 949 719 544 441 451 53 352 279 376 273 721 842 865 311 686 550 877 761 937 741 506 535 162 785 87 19 392 253 929 27 544 140 750 831 485 884 434 600 861 657 
540 291 835 227 366 841 372 772 459 438 195 28 465 394 210 591 346 247 568 802 230 73 795 440 699 606 61 56 275 819 340 234 607 982 401 288 260 567 38 110 864 649 369 798 571 574 607 117 613 76 257 733 793 434 177 114 810 857 829 429 142 29 922 174 10 944 8 755 474 703 757 46 707 272 726 824 509 450 155 839 792 268 641 4 611 44 717 680 643 357 30 653 246 603 402 324 294 301 352 598 0 621 895 191 787 772 136 862 591 655 279 726 505 48 434 664 975 180 138 351 855 12 141 542 784 26 308 407 113 896 14 298 861 684 967 625 339 641 814 472 264 914 148 995 696 403 909 944 678 266 907 741 775 26 600 247 590 637 437 721 446 71 503 99 78 209 766 7 631 773 446 447 82 149 166 364 741 196 37 143 985 102 300 545 470 981 57 494 79 585 298 150 468 955 543 618 90 712 101 201 217 921 936 882 23 18 884 196 157 872 925 717 805 34 76 424 216 830 121 283 680 362 9 248 844 590 389 184 91 384 675 718 1000 160 242 280 916 438 26 748 511 274 541 851 676 455 383 986 183 427 611 662 75 125 35 796 592 202 521 852 434 9 781 42 580 244 924 79 799 296 797 651 821 963 270 603 563 458 909 877 780 814 707 837 564 834 755 530 923 389 324 833 714 179 692 876 162 156 505 454 359 71 892 54 400 807 621 874 669 650 488 454 765 430 937 142 457 100 252 958 946 384 269 673 212 334 109 213 407 702 912 193 636 587 441 455 131 707 117 945 540 702 588 73 21 889 727 193 202 911 678 770 265 186 865 526 625 972 366 236 816 359 931 530 601 619 20 970 437 873 507 366 372 857 573 716 921 577 45 294 849 698 521 43 826 798 716 387 930 916 556 133 933 630 577 701 566 897 21 406 516 187 316 897 758 536 674 686 653 195 864 456 387 510 524 415 195 738 398 107 506 773 967 834 606 462 45 158 167 938 246 744 563 764 578 271 15 379 365 646 6 710 411 203 217 398 795 659 494 466 804 99 845 288 727 576 224 798 961 873 217 41 454 75 368 957 423 964 72 697 108 504 565 914 750 133 461 650 583 461 529 668 782 550 441 412 302 15 125 72 332 613 948 619 332 120 428 277 465 471 
418 970 622 412 578 601 800 613 306 167 752 608 32 937 35 478 642 467 763 360 800 819 404 913 492 475 628 984 786 56 982 995 251 656 923 503 708 82 730 648 392 241 668 660 773 536 120 143 33 5 718 29 279 800 302 449 738 817 927 300 253 398 534 183 945 433 314 913 955 491 807 365 907 263 387 87 436 965 564 573 840 339 249 312 677 469 532 530 12 699 236 381 553 179 785 480 580 574 45 176 171 157 435 329 461 776 345 841 819 654 685 424 323 926 95 682 101 806 166 470 64 260 224 717 379 962 480 303 955 690 489 943 671 771 904 21 697 448 551 119 854 948 292 708 574 371 728 227 234 459 14 592 409 838 937 160 501 547 783 658 679 625 511 498 684 871 584 292 489 959 317 813 326 592 627 415 575 736 955 127 916 428 431 932 713 644 261 750 173 699 849 666 17 307 615 501 890 797 34 110 648 159 554 221 561 457 783 468 889 536 789 146 270 424 53 797 949 305 697 475 241 377 376 680 735 372 652 706 133 993 734 890 595 530 745 627 361 772 973 357 884 706 8 53 404 491 471 57 600 194 764 524 475 109 273 143 40 420 273 484 525 892 491 877 372 700 407 680 673 954 720 220 935 941 628 892 947 322 937 487 103 102 134 519 327 0 144 833 909 841 770 708 424 756 578 216 154 724 48 372 104 174 462 597 506 339 301 828 569 974 313 541 991 756 968 863 24 389 490 158 296 352 767 645 697 807 778 736 417 708 287 791 701 659 612 687 837 698 374 456 440 943 746 748 325 392 87 533 598 406 860 629 680 146 17 333 869 173 54 726 1 962 939 961 420 340 974 984 636 237 673 461 920 676 846 852 295 11 718 560 47 838 993 240 650 762 972 941 849 218 140 171 24 631 292 251 82 72 822 703 568 779 847 796 47 252 68 124 357 19 69 585 715 246 786 401 217 448 416 404 739 562 763 278 717 419 765 902 601 841 93 252 664 542 678 861 217 432 415 413 173 459 580 304 623 388 215 928 237 143 796 240 780 56 843 429 905 463 759 697 748 405 561 565 154 448 840 36 465 346 106 48 738 984 468 809 567 457 397 834 726 829 655 875 559 123 610 971 42 298 721 318 767 579 965 924 362 48 862 472 
171 698 478 298 262 212 303 768 303 799 197 926 625 860 991 552 636 863 991 336 504 928 600 211 277 128 684 344 581 855 390 770 773 671 588 258 336 213 898 934 534 905 970 140 239 55 389 10 907 861 808 638 607 402 894 561 881 816 312 228 232 877 226 832 135 942 345 813 478 606 563 33 353 779 827 786 25 484 991 957 883 63 242 8 567 535 667 651 969 662 420 349 512 54 632 135 984 223 968 468 839 373 515 939 34 419 4 837 811 519 681 404 570 520 507 162 831 757 404 48 172 429 883 755 988 848 193 134 260 43 96 645 644 744 265 451 334 345 865 268 859 955 430 622 201 851 482 271 443 584 176 582 625 645 310 545 495 243 778 493 494 465 208 38 163 322 832 116 64 983 953 256 446 465 625 247 897 611 437 998 346 54 518 467 78 189 845 122 246 1 92 211 317 633 627 560 406 812 46 724 517 543 753 680 960 503 85 213 755 474 211 380 101 771 857 191 499 667 747 324 594 533 790 6 555 630 888 596 476 214 319 345 980 682 362 369 499 26 642 205 952 456 1000 669 93 486 642 436 188 845 187 884 518 117 790 902 114 577 710 939 81 544 800 866 347 264 181 150 561 181 995 945 443 564 673 613 96 934 872 697 579 429 176 94 524 989 46 282 970 183 144 441 891 645 164 764 751 576 958 611 178 323 425 41 513 403 805 657 870 183 632 900 716 419 491 514 505 717 672 317 888 868 665 659 35 733 833 604 627 590 514 118 551 457 578 286 316 999 799 629 418 899 444 454 149 27 892 165 949 600 344 522 338 438 20 627 456 509 186 394 356 632 711 863 423 577 435 165 631 42 566 56 907 468 952 315 128 49 445 774 576 442 471 844 1 360 994 813 908 276 12 824 901 554 412 977 402 795 753 599 215 408 905 663 647 482 166 699 70 465 901 198 677 60 618 174 950 70 559 105 840 517 612 497 672 10 22 624 618 37 763 797 709 887 377 222 250 710 696 595 437 114 689 867 27 661 698 830 643 103 277 830 647 262 754 263 878 615 355 149 86 121 76 77 531 897 828 747 379 357 208 129 194 903 431 73 728 147 953 228 308 83 611 210 805 125 640 544 793 788 686 249 908 149 225 868 529 329 493 587 
164 218 923 539 81 910 592 245 878 73 375 312 657 583 963 305 908 780 357 415 702 996 393 33 897 902 836 404 464 616 550 444 305 505 122 222 605 386 276 621 338 413 331 7 855 672 274 976 19 186 425 552 363 116 578 583 79 368 73 217 104 391 783 700 421 688 919 809 770 939 540 310 817 49 482 817 42 252 489 810 235 513 464 801 266 635 603 370 748 324 757 19 31 623 130 460 12 82 581 393 787 418 71 28 390 292 819 210 69 892 974 354 23 15 217 210 115 109 172 899 212 539 850 651 866 66 858 604 53 516 134 761 473 740 357 561 33 991 637 152 0 877 723 195 398 346 333 218 602 682 226 603 137 650 870 114 92 20 128 739 875 106 370 915 948 645 846 919 561 594 687 252 344 460 219 195 83 79 644 34 197 827 593 199 724 120 550 191 313 374 276 589 143 107 983 913 906 562 123 601 757 226 300 540 441 841 893 723 461 793 27 958 493 586 563 523 992 806 73 506 988 273 502 15 319 739 39 973 521 664 902 853 886 809 424 766 996 285 198 527 538 924 342 114 481 429 14 58 518 542 812 68 926 277 746 178 680 591 408 677 70 843 927 870 786 89 191 405 126 893 85 502 165 84 923 353 538 953 782 54 253 792 547 881 621 918 215 172 130 76 892 290 455 33 957 400 587 501 170 921 435 291 3 684 991 568 992 600 329 427 595 286 187 902 921 876 762 838 255 356 128 927 481 389 198 431 165 166 240 582 809 418 305 525 812 426 214 551 70 997 656 971 772 212 860 596 746 80 585 869 806 706 194 998 911 405 95 756 502 773 525 665 221 932 704 203 270 113 49 609 598 740 257 101 230 84 89 309 791 103 591 367 795 41 438 905 968 406 997 757 461 240 871 109 718 761 994 702 496 915 395 373 228 888 81 353 684 30 30 280 533 910 269 780 559 549 98 957 656 45 935 631 930 779 874 497 231 186 612 109 524 378 348 112 541 386 541 158 435 203 773 409 255 443 785 888 587 813 201 7 453 387 354 852 970 387 745 448 384 877 65 894 539 149 700 385 463 85 663 210 725 88 481 577 187 719 425 281 314 994 687 37 995 406 546 898 532 322 55 719 265 673 143 5 471 380 45 385 746 44 
386 203 991 823 454 165 818 651 270 439 745 788 308 346 954 345 976 145 784 196 140 739 566 949 201 187 612 400 871 524 306 295 61 393 25 501 428 468 157 396 908 602 953 219 872 151 724 650 828 400 376 962 648 726 279 231 700 336 479 759 905 987 257 887 192 794 249 842 923 757 857 986 784 632 334 905 344 510 106 121 671 149 23 167 337 320 653 835 43 198 593 675 775 682 953 199 215 271 120 896 848 358 946 25 85 844 332 84 98 438 558 201 201 891 638 576 923 472 779 220 487 492 63 529 880 182 348 933 775 322 703 949 545 973 565 805 104 602 918 637 763 565 988 953 541 394 359 563 207 51 458 235 665 863 977 138 255 92 991 889 269 317 184 339 3 690 89 77 539 737 193 745 286 645 975 791 790 667 379 8 191 574 263 253 982 389 972 523 303 191 406 464 266 109 708 16 846 434 985 903 858 80 729 526 897 841 414 732 526 486 298 887 915 609 898 701 273 500 121 376 711 837 860 661 195 552 169 724 617 770 972 704 350 832 539 920 380 541 1 238 171 814 785 238 279 978 290 27 488 110 369 753 234 701 930 973 29 995 556 826 423 466 240 892 367 197 963 283 942 408 354 636 825 345 500 874 21 938 923 740 700 395 136 894 17 528 583 603 313 583 186 855 541 41 298 356 272 808 354 469 594 348 652 584 599 289 77 712 7 345 182 216 842 888 539 425 799 547 80 868 547 991 1 320 569 96 331 801 204 275 566 119 885 340 571 421 50 953 27 617 196 494 411 55 569 423 901 683 11 983 96 180 334 67 957 951 996 68 487 747 988 825 853 210 619 700 678 523 54 996 949 92 358 720 323 104 302 587 30 934 43 1 360 459 208 410 485 493 284 316 475 98 122 778 646 356 447 261 152 458 229 701 870 891 93 882 877 873 448 845 588 784 180 546 80 147 982 112 690 963 152 565 872 965 160 166 783 502 987 331 73 789 111 8 469 256 323 381 156 488 441 334 45 76 158 359 563 213 930 365 678 139 392 370 463 769 562 923 592 945 90 778 23 576 151 917 900 655 730 831 843 999 516 682 640 274 823 606 384 720 146 169 698 11 406 413 348 400 992 716 689 822 984 766 800 240 105 591 606 413 
912 456 845 334 680 998 662 709 100 73 399 75 22 897 41 822 136 229 126 397 366 913 717 832 515 530 359 625 121 641 998 994 35 308 77 567 269 526 89 595 296 569 105 136 597 601 845 131 360 957 750 813 943 963 429 562 387 524 300 299 162 919 973 839 859 326 950 285 749 261 581 220 534 917 1 6 798 664 676 695 958 437 128 347 117 637 414 564 594 701 860 730 11 325 219 195 544 257 360 284 570 31 662 331 268 675 785 530 210 15 66 356 378 823 887 882 192 530 587 946 376 341 549 229 122 583 330 737 359 946 865 680 383 9 309 715 622 765 534 561 378 588 708 210 927 339 952 762 820 103 761 286 231 145 949 254 714 918 245 897 556 371 926 399 118 249 538 814 16 241 606 770 169 354 28 517 859 225 564 765 286 960 904 393 644 190 653 941 922 71 742 412 210 54 413 902 77 519 972 196 127 842 97 687 1 829 800 604 541 192 336 282 944 507 206 307 92 196 68 407 661 607 322 373 746 814 281 716 811 905 68 33 916 136 680 614 729 617 33 552 868 868 759 961 746 228 333 537 205 800 337 659 298 612 982 896 813 673 963 948 434 410 674 355 906 564 577 935 797 241 900 558 536 120 102 787 23 756 228 533 134 552 884 786 138 500 493 67 282 353 767 210 884 832 228 6 418 814 432 930 473 900 127 50 978 837 775 890 414 134 894 218 442 755 864 249 820 595 898 867 954 226 436 301 233 34 92 406 88 338 342 453 662 656 460 123 990 578 228 833 151 648 358 620 96 23 410 922 930 77 95 673 329 164 668 320 174 297 122 199 492 803 120 382 425 542 985 696 556 640 784 129 939 402 655 801 885 662 907 366 585 685 449 521 299 68 378 420 303 468 370 114 656 880 180 575 470 478 695 600 874 335 457 153 337 991 384 361 208 110 457 315 250 764 431 758 179 877 438 233 537 190 910 719 104 7 207 760 618 661 202 343 920 243 67 591 914 604 605 627 640 987 265 141 622 526 238 297 589 27 161 679 559 701 63 791 319 901 27 635 95 650 968 48 13 458 969 99 447 541 410 38 694 898 109 775 188 399 442 101 791 697 270 287 703 814 278 331 340 834 823 825 512 881 298 833 224 704 56 828 
26 0 815 202 204 916 985 203 239 752 395 848 180 380 385 614 584 640 662 355 804 776 125 833 542 847 491 978 791 39 215 264 479 175 887 812 11 165 621 248 450 256 160 204 938 636 269 453 660 449 227 665 409 992 484 981 94 850 533 603 194 774 948 800 714 946 873 89 787 907 915 740 63 261 919 489 519 693 950 76 501 595 514 511 860 237 426 185 71 141 849 126 42 639 24 699 990 891 271 732 92 429 687 14 60 520 339 979 904 703 938 762 161 119 614 602 504 962 826 759 568 924 773 146 650 69 739 280 902 507 381 796 735 510 537 377 122 607 668 63 774 587 267 150 142 728 55 234 25 445 405 463 129 906 516 688 413 568 385 627 381 272 819 567 202 719 708 909 576 225 700 40 182 450 10 805 299 224 369 301 998 568 64 889 901 13 802 470 554 670 12 806 321 114 372 326 395 110 767 825 715 579 18 468 879 521 863 668 15 592 300 862 778 177 90 106 386 686 28 342 727 715 213 756 845 425 964 209 970 940 163 713 589 899 397 7 496 27 302 187 317 485 179 174 463 404 319 26 163 177 957 514 658 827 680 540 22 368 610 925 323 940 858 376 744 408 740 861 337 13 34 889 744 87 888 910 831 423 340 902 674 158 564 188 933 792 240 56 692 386 409 201 101 964 874 862 586 598 95 484 257 37 931 449 905 3 894 610 668 727 904 287 763 594 13 784 867 683 627 91 532 98 833 356 562 267 321 660 948 428 72 416 727 364 821 35 761 712 265 159 51 799 152 712 510 11 746 232 381 757 785 374 396 953 280 137 97 173 962 618 136 419 836 380 706 249 184 935 205 480 937 569 760 297 490 187 887 598 128 22 548 618 312 97 536 816 481 190 147 370 145 312 707 221 382 996 978 932 760 615 554 729 374 972 215 635 778 250 667 15 487 653 502 256 547 668 249 179 202 38 779 335 50 837 313 349 704 851 281 3 464 700 240 132 845 91 818 593 295 617 398 539 497 673 884 425 420 79 132 231 275 708 796 699 545 298 277 157 413 426 442 537 640 235 159 451 167 288 790 810 456 614 247 189 283 694 494 415 670 390 437 525 853 211 116 708 620 517 854 552 446 866 614 371 317 721 602 472 39 444 
750 477 96 8 0 798 692 693 219 858 142 217 923 871 36 221 205 242 733 262 654 99 156 495 832 892 885 325 565 966 426 169 794 63 24 141 508 766 68 638 592 394 620 269 197 870 645 430 383 768 515 246 488 676 33 174 718 712 952 628 33 936 370 899 562 415 211 256 999 907 861 388 747 411 51 357 543 787 166 671 28 987 811 722 576 340 517 291 910 336 233 93 732 167 441 708 751 799 76 586 619 65 122 973 470 839 998 886 131 67 622 418 616 367 323 406 826 459 110 115 323 499 37 312 54 747 61 818 446 898 828 290 849 481 976 711 546 115 60 428 91 303 511 115 906 95 760 553 233 229 877 267 347 78 684 920 969 865 417 813 148 390 634 355 23 993 836 498 20 764 717 150 860 167 262 465 143 979 282 161 181 199 48 71 430 851 618 926 363 939 842 904 115 486 5 972 639 389 741 762 77 832 459 206 878 583 716 400 560 874 735 879 557 980 1 271 144 950 829 367 562 710 997 769 65 349 752 310 960 520 724 472 472 907 935 762 961 812 612 597 99 582 886 18 304 526 717 226 743 844 860 483 95 766 470 776 594 618 643 576 193 58 647 947 511 876 744 970 278 14 33 382 707 235 1 662 382 32 583 462 532 439 848 702 956 996 373 107 717 204 530 334 852 732 699 574 780 75 431 279 972 591 256 98 675 585 328 612 470 899 521 239 846 54 312 531 269 48 324 882 526 301 980 110 453 818 201 57 843 488 569 594 964 182 982 166 332 930 844 766 888 231 531 307 956 305 139 152 96 660 39 277 689 735 126 803 86 337 543 414 314 502 855 379 407 585 239 103 928 190 364 281 547 76 198 951 200 420 92 933 607 169 523 379 590 666 784 219 39 418 585 241 579 664 348 882 37 868 347 706 955 614 668 928 677 278 598 606 428 311 311 225 935 438 748 354 427 203 659 371 353 378 645 893 715 965 155 734 132 161 877 956 224 483 725 134 224 761 675 437 739 978 282 675 495 520 939 981 747 331 610 699 249 829 523 59 941 501 46 901 679 78 526 489 578 549 81 962 853 217 529 543 898 502 274 237 142 833 412 217 482 623 160 432 553 785 967 714 749 858 351 804 267 230 287 687 172 165 685 903 
804 210 397 769 833 35 29 976 842 963 745 381 726 552 159 493 702 221 782 734 875 863 775 505 176 16 892 843 511 363 289 361 306 150 515 262 906 975 685 264 26 280 605 441 483 394 614 905 904 506 658 891 52 602 96 78 990 185 842 826 809 929 425 217 686 846 727 410 487 813 776 735 370 269 318 813 522 387 259 44 385 235 356 597 804 913 791 413 283 992 204 928 819 244 106 228 351 618 801 512 897 87 918 755 180 366 934 915 30 940 64 702 807 583 793 576 686 632 832 465 552 114 997 447 546 646 631 84 201 321 839 997 191 465 485 364 60 990 368 53 31 788 276 931 377 302 992 383 316 720 941 592 504 421 962 513 739 429 412 717 104 516 567 788 304 227 194 249 619 510 490 614 318 602 76 161 30 347 987 791 971 37 747 681 518 246 0 26 585 246 183 140 564 500 442 785 840 240 422 278 925 859 301 692 917 10 110 595 220 277 713 549 799 66 662 600 970 287 719 520 346 893 842 724 805 229 694 643 273 810 212 882 687 732 351 669 856 285 562 343 526 446 49 322 362 806 649 181 928 893 140 659 777 770 607 471 315 25 252 748 35 879 949 97 936 597 517 565 343 558 94 620 203 490 429 573 926 19 713 237 834 886 223 558 162 439 595 364 966 474 593 39 982 675 911 142 754 53 511 194 321 63 695 880 122 831 210 865 62 243 416 953 171 274 326 478 765 316 509 97 208 655 821 460 588 18 360 781 148 204 615 195 418 512 464 681 310 822 866 511 653 90 97 238 715 631 898 47 221 15 901 703 332 743 560 396 851 845 368 660 22 10 887 612 778 130 715 103 485 362 320 187 811 771 64 858 308 216 688 116 872 134 213 750 443 189 154 228 845 677 648 208 628 663 520 864 701 2 261 206 435 618 352 973 166 259 572 579 965 871 259 249 833 462 42 97 365 162 431 404 707 725 66 569 289 734 499 518 706 293 457 539 527 525 289 744 338 927 484 511 510 343 22 618 228 941 797 439 986 410 587 272 362 684 341 786 698 598 388 380 682 757 349 91 96 342 440 433 489 124 174 29 249 868 300 403 185 566 247 480 25 37 899 598 394 264 363 932 972 965 593 734 114 334 605 666 224 251 394 232 
146 799 911 128 932 636 839 456 501 517 278 663 813 641 491 691 706 781 409 495 368 701 58 636 522 940 266 861 30 317 201 566 377 88 75 780 584 342 480 584 705 106 322 877 427 554 317 764 206 602 373 937 527 993 608 454 317 411 916 99 709 321 993 221 218 570 14 668 142 132 662 297 580 108 322 222 116 110 920 874 920 432 715 437 261 542 925 246 678 319 760 223 117 158 893 713 615 668 882 956 42 669 878 286 625 168 845 267 6 679 195 728 28 163 276 385 88 309 154 55 585 960 660 109 784 87 780 681 485 507 348 124 408 346 160 519 269 792 304 86 912 581 709 122 503 118 687 481 498 251 472 152 562 717 224 652 784 256 119 545 559 301 36 523 251 412 687 810 680 21 390 380 473 444 95 234 760 797 777 950 302 94 603 549 868 952 354 214 10 198 944 198 150 569 665 958 6 383 146 296 263 593 249 14 810 382 632 305 612 298 664 254 991 462 719 576 288 189 722 736 985 199 978 677 511 400 382 496 152 299 168 833 822 992 275 645 997 319 345 578 697 937 378 68 296 420 695 236 959 890 905 342 209 956 971 977 876 333 94 360 41 430 727 924 120 605 282 572 607 607 209 865 387 452 476 594 529 530 134 644 404 473 620 446 485 243 250 831 43 672 220 477 833 453 476 282 625 706 365 806 414 960 857 192 679 777 791 383 741 143 435 234 3 801 164 101 720 264 99 612 377 435 621 371 725 215 575 267 333 152 790 630 939 381 852 677 681 644 27 454 304 357 982 80 492 818 267 797 530 838 907 957 862 758 475 238 522 410 793 849 406 262 560 538 538 50 248 289 834 20 222 885 808 782 822 359 93 438 652 24 90 394 101 736 317 718 770 330 279 830 941 490 70 274 321 176 59 723 576 335 490 100 258 56 482 700 842 741 918 99 346 736 276 929 711 40 943 374 434 313 737 541 69 292 235 885 760 792 481 221 114 941 235 343 163 375 194 237 848 728 641 962 120 849 76 424 28 173 995 566 15 641 902 115 639 705 169 226 442 928 130 177 222 144 454 69 796 349 415 249 216 432 625 361 393 193 561 799 680 49 110 454 423 661 662 830 513 246 7 886 521 680 698 387 207 923 840 437 404 374 
557 661 854 979 279 341 865 446 844 357 985 654 18 519 588 197 154 410 800 274 421 52 816 560 425 135 516 368 194 17 850 395 186 809 285 837 381 451 20 353 386 277 299 646 822 934 811 383 747 781 265 733 662 834 982 321 384 425 914 221 270 228 597 139 805 183 576 247 389 865 725 943 373 130 874 41 109 621 853 994 78 372 430 367 795 323 328 409 489 882 899 107 310 25 193 809 548 634 478 621 972 608 17 819 610 160 563 839 885 491 161 304 478 108 229 457 112 199 674 501 179 724 946 978 216 961 351 214 96 381 28 116 105 235 700 764 655 886 924 399 658 761 419 843 511 552 898 882 73 194 575 68 3 177 386 299 295 400 673 81 705 774 983 117 908 261 246 253 57 155 124 318 149 554 809 315 639 968 976 180 565 373 537 777 85 551 943 936 812 767 622 868 969 495 880 201 420 634 91 457 453 673 981 360 436 820 129 850 727 96 651 809 169 286 317 988 181 120 824 962 257 428 396 777 454 219 277 23 652 922 17 403 317 808 626 220 755 130 680 746 501 763 157 722 283 383 534 350 912 434 103 985 896 676 726 994 559 797 583 512 894 252 61 846 966 62 194 58 393 76 68 986 675 920 54 995 375 521 642 64 632 417 497 151 683 997 427 618 651 613 322 342 607 497 956 293 36 650 242 329 636 139 769 60 290 325 613 52 602 979 279 238 104 7 960 891 164 70 191 225 843 558 244 180 821 901 436 194 751 502 430 422 541 470 534 185 330 609 600 146 530 101 913 12 585 941 707 523 831 694 249 67 66 177 545 700 261 997 223 742 87 7 425 113 220 382 441 285 641 56 127 480 963 406 647 298 730 516 881 323 870 219 390 850 98 260 896 154 574 401 412 799 944 585 73 541 523 374 722 880 376 305 6 723 226 130 351 696 629 39 628 162 747 31 902 22 384 839 339 298 809 967 547 949 385 897 919 663 722 43 898 699 768 182 361 660 211 415 268 914 191 576 704 8 864 199 613 879 881 30 852 628 122 815 264 589 625 744 590 472 173 135 541 944 418 211 251 163 901 867 837 745 128 34 900 242 248 972 319 936 888 875 365 480 531 352 169 781 997 521 489 57 240 718 28 531 749 217 563 496 
475 37 579 51 823 558 385 497 500 825 471 884 214 580 251 658 22 410 974 345 93 546 86 964 714 529 569 393 761 161 16 544 217 801 603 30 151 75 310 509 648 507 839 898 548 645 665 73 149 152 620 898 891 930 755 192 387 9 672 910 231 177 160 847 725 426 459 463 532 789 605 675 334 645 272 647 576 986 225 559 890 661 469 817 377 86 956 836 711 879 704 934 725 66 600 656 155 115 306 780 557 870 384 282 938 419 952 839 24 788 119 257 104 680 338 655 970 973 941 52 155 120 78 205 385 725 125 98 728 345 4 999 739 589 273 552 978 431 102 584 812 577 538 77 843 451 922 30 453 52 994 205 873 731 749 178 360 194 911 101 280 59 167 96 700 776 163 838 35 169 334 857 524 189 929 467 911 401 256 256 886 360 906 911 948 811 275 85 843 528 527 795 526 294 762 313 786 734 208 752 652 48 235 290 518 728 319 208 858 978 207 738 86 563 428 68 626 117 178 126 401 790 144 133 63 4 827 246 992 244 826 345 589 591 665 56 756 721 515 286 392 633 244 562 585 759 596 665 681 882 427 451 296 168 548 585 474 74 368 50 216 96 411 548 982 610 989 126 659 175 865 421 880 709 418 785 249 564 825 755 609 258 211 548 132 59 397 985 874 859 380 217 510 51 262 147 534 742 964 435 640 844 819 325 385 419 260 238 691 587 158 746 885 615 347 679 902 46 854 113 185 672 282 623 140 124 703 308 834 580 187 852 313 34 5 361 132 294 656 770 302 252 420 122 613 906 948 492 255 36 919 623 903 639 194 492 13 353 35 840 827 700 899 46 602 149 431 395 203 231 259 499 587 670 505 972 348 108 671 45 197 423 92 565 428 768 868 978 834 656 353 906 68 734 533 572 447 873 789 77 391 926 260 92 87 916 646 119 576 227 604 801 398 840 97 271 856 655 485 405 560 736 314 203 900 27 339 671 924 133 433 751 507 861 444 59 949 206 698 37 573 551 592 357 581 161 473 71 438 601 578 719 790 14 590 864 693 318 334 662 533 451 606 536 415 566 223 982 767 178 846 437 789 329 120 230 820 947 179 259 753 491 532 100 389 671 393 896 610 584 259 628 75 992 890 720 944 1 682 561 
163 791 672 869 477 36 789 125 28 886 42 28 159 421 184 48 184 442 847 52 90 173 437 852 723 201 1 323 748 835 861 755 382 623 430 188 974 47 954 457 357 452 301 788 880 798 568 662 813 292 465 102 493 924 574 401 846 269 212 814 146 984 377 972 541 323 447 759 449 983 969 709 112 296 320 501 722 938 852 359 731 247 220 834 108 214 506 562 155 931 75 600 65 220 223 357 707 172 816 333 875 463 108 311 991 333 967 572 116 841 888 391 808 360 722 848 19 965 137 251 136 808 343 138 660 775 162 554 606 308 960 91 573 870 163 120 574 577 3 823 631 52 206 869 250 994 355 794 998 43 419 215 758 863 191 527 775 210 703 350 409 279 154 230 695 610 293 673 880 360 458 166 828 537 821 635 713 960 224 797 696 106 792 45 85 331 527 683 255 689 364 286 589 282 142 168 680 914 337 87 124 150 153 504 110 486 157 145 534 130 43 887 293 673 292 998 913 184 408 286 683 594 855 165 149 260 534 195 126 128 320 941 746 285 195 512 261 51 487 441 633 165 370 483 924 524 523 303 482 237 832 809 841 983 494 266 360 706 767 583 589 657 368 838 130 907 236 380 281 915 589 844 508 789 799 560 628 579 428 81 579 932 297 537 338 97 245 701 27 52 946 415 991 399 406 177 29 712 627 764 102 158 223 123 636 279 836 901 592 967 176 129 481 468 475 540 251 558 70 706 347 59 948 8 656 654 931 699 473 825 91 418 52 816 624 97 680 616 355 778 922 746 455 996 625 1000 411 992 891 14 899 4 653 490 257 237 799 654 326 923 143 945 229 495 322 111 272 74 894 595 294 3 101 490 52 43 451 278 904 264 853 672 705 338 926 630 865 80 305 568 222 366 579 876 144 116 572 873 5 929 389 453 237 463 361 832 922 592 195 123 375 877 843 835 635 626 105 491 592 461 974 539 217 640 253 288 575 329 959 137 364 823 775 269 448 361 420 62 522 717 144 308 319 984 85 1000 530 484 415 649 268 560 236 615 221 725 506 373 536 457 546 587 219 414 617 762 769 553 598 698 101 756 728 383 656 757 61 980 653 87 157 611 14 114 976 626 225 613 623 692 363 42 635 684 1 482 788 649 211 947 
813 206 270 639 74 688 18 717 740 602 508 968 369 426 894 130 384 250 524 348 488 793 163 990 624 629 715 210 694 305 535 328 930 915 365 544 516 909 656 717 67 113 528 765 886 175 756 329 717 322 764 906 383 943 870 514 784 186 684 44 236 569 838 59 366 854 128 150 326 563 630 761 11 187 16 895 461 297 815 354 107 856 761 591 808 332 315 526 42 82 652 199 465 458 309 537 875 731 768 893 831 515 621 972 414 92 961 479 660 296 121 762 667 760 994 244 577 731 24 10 577 32 457 620 575 169 430 762 664 527 777 249 227 106 563 283 698 8 664 841 661 590 475 136 304 792 293 860 905 52 393 777 250 956 676 597 596 783 457 752 464 609 256 379 561 465 7 451 816 926 434 490 498 598 869 68 393 917 306 435 173 48 652 386 420 459 284 502 915 428 618 1000 536 882 97 618 199 80 376 257 127 375 671 20 530 931 407 276 870 990 180 601 550 405 554 800 564 783 716 138 935 599 255 219 801 123 523 684 113 466 973 871 934 905 360 141 596 390 323 211 168 126 175 762 950 328 866 106 703 773 14 684 495 488 939 169 593 653 714 905 158 252 344 192 749 740 790 501 457 793 294 178 285 774 224 972 734 353 780 549 384 320 554 751 715 860 75 947 824 274 606 150 59 818 302 655 862 417 445 202 621 136 112 859 395 459 843 545 444 714 230 965 557 298 726 702 165 537 330 509 436 409 346 337 189 828 355 412 84 940 602 768 103 457 128 590 142 693 597 24 362 333 855 344 701 707 193 825 800 343 426 355 741 537 453 441 810 638 581 834 205 765 313 108 102 470 230 937 205 409 250 576 455 771 35 829 454 179 506 135 645 403 787 677 27 984 48 624 833 577 697 995 711 610 97 501 278 121 476 491 983 422 702 574 821 735 462 433 197 786 418 970 222 960 483 462 508 894 169 574 175 980 59 397 942 43 754 987 149 938 396 619 423 876 437 44 944 176 689 719 764 149 716 981 517 656 490 409 0 539 497 184 146 427 509 423 552 598 789 122 209 974 598 7 637 908 548 636 821 537 441 653 482 262 117 513 244 753 715 144 733 668 851 440 945 984 582 100 613 226 11 709 486 981 195 240 124 817 558 506 
502 155 756 29 460 500 446 750 100 831 357 560 414 355 7 548 556 11 197 669 644 727 323 63 518 345 22 677 294 105 221 105 498 51 706 364 650 134 630 269 255 64 459 594 829 979 531 897 835 336 719 791 789 388 767 80 113 160 738 855 333 513 101 857 979 907 530 594 763 152 163 666 597 165 499 201 72 845 336 693 443 919 738 572 588 996 120 776 846 485 172 982 246 137 838 820 283 846 178 340 651 195 193 396 126 392 244 941 840 669 972 554 229 747 426 325 743 483 782 416 878 308 456 314 990 588 453 95 902 764 369 531 105 386 6 791 151 367 741 545 432 777 139 775 498 300 55 105 375 594 338 159 959 480 691 469 3 761 411 958 452 249 365 262 404 39 142 966 333 662 763 481 913 517 306 774 913 686 214 261 0 745 314 975 946 270 393 4 292 549 323 273 94 555 842 518 284 936 246 490 656 788 415 62 491 853 354 995 571 244 502 342 56 787 379 513 807 58 362 566 247 714 117 617 221 864 290 617 478 804 508 924 799 449 874 50 378 436 137 118 634 777 1000 1000 912 554 314 512 624 349 858 11 453 955 178 442 746 930 690 600 879 53 305 960 399 780 62 759 412 26 207 633 929 659 895 802 562 277 231 772 790 101 299 23 11 405 195 460 299 987 677 709 109 826 873 928 291 593 303 616 845 847 209 635 682 358 259 843 47 506 860 904 123 983 436 110 330 747 589 697 490 406 993 820 23 572 625 237 796 430 500 687 17 81 569 753 255 324 111 13 379 259 667 19 685 174 769 532 897 802 644 847 714 570 608 717 41 466 604 925 525 637 867 215 490 471 999 463 319 859 682 282 187 175 911 687 611 112 287 240 977 113 874 337 985 370 964 717 882 146 51 665 69 9 907 202 993 433 467 129 159 277 784 293 588 546 573 789 796 922 286 636 453 647 872 422 549 882 249 630 900 597 117 986 142 673 352 782 139 949 534 575 749 905 197 419 795 623 263 613 157 498 871 400 129 491 87 696 339 152 355 303 357 716 585 702 358 913 325 516 848 559 813 284 658 346 460 901 847 313 371 914 799 143 392 659 558 571 864 528 327 317 418 796 374 609 999 920 918 230 20 830 414 706 458 595 992 478 412 263 
412 578 436 688 465 598 289 523 377 37 738 360 544 694 239 856 302 67 641 465 222 863 297 560 393 816 694 692 247 604 352 493 126 804 704 540 440 375 781 113 453 55 469 323 192 307 574 797 940 913 982 278 260 28 120 290 148 686 592 491 77 826 881 416 836 11 555 914 415 922 890 379 975 714 775 728 184 111 257 78 26 930 993 489 607 753 441 928 794 230 305 161 984 161 622 249 186 969 452 113 301 681 469 648 238 782 662 676 416 61 155 739 921 665 972 260 517 203 328 909 310 117 233 714 752 802 467 675 883 252 404 300 255 726 206 311 206 805 94 432 618 783 934 661 964 154 503 297 319 708 423 454 664 56 295 750 144 153 118 822 315 681 181 842 107 885 112 867 981 310 426 71 638 130 80 417 375 393 996 736 790 385 704 649 983 827 939 71 990 299 490 656 964 631 548 235 47 592 730 405 129 337 525 977 831 949 993 897 649 630 820 554 837 43 580 867 444 915 852 529 222 764 849 878 8 216 520 720 427 685 44 136 128 878 582 319 327 430 550 228 215 12 76 490 918 883 31 183 332 792 127 813 126 676 148 118 322 369 978 50 705 507 946 362 272 511 846 103 106 386 165 727 101 938 856 681 494 143 856 503 560 841 369 407 159 81 175 366 801 85 875 716 858 137 481 557 989 74 130 611 350 447 706 212 899 826 641 184 675 965 288 62 582 182 985 891 189 397 807 200 23 705 193 843 625 236 709 23 216 577 224 336 84 600 744 164 622 147 450 191 789 280 262 814 761 671 544 607 754 326 928 483 764 786 694 712 900 394 187 114 711 780 410 39 354 838 935 202 888 845 153 205 30 156 984 590 847 287 768 623 578 231 365 946 623 432 183 312 215 795 205 68 694 874 161 766 614 715 778 766 909 909 920 363 464 332 14 67 965 600 209 470 500 271 404 243 198 196 3 86 689 837 940 934 554 864 149 695 273 752 723 461 198 706 868 464 566 58 166 560 675 936 189 743 248 353 778 386 715 742 562 859 205 387 803 693 684 531 851 551 592 494 444 351 755 439 822 710 993 767 793 564 244 121 786 923 504 133 131 862 189 231 610 41 893 764 283 898 865 818 841 827 765 578 173 419 390 697 687 340 
323 404 298 990 827 815 267 634 18 88 201 229 517 224 277 51 587 844 619 95 418 912 501 344 654 487 552 419 833 250 458 296 225 914 234 841 167 367 624 369 32 262 146 723 163 709 882 347 180 874 573 305 200 17 158 642 556 307 495 73 515 958 513 843 133 59 575 690 378 488 126 134 821 745 429 674 185 217 126 659 180 265 129 921 122 87 953 237 5 181 816 528 926 988 408 633 875 415 192 990 849 348 291 994 82 408 636 495 191 315 366 848 626 674 51 879 805 844 535 642 244 445 815 971 770 748 190 895 269 566 829 285 357 241 445 506 682 359 537 502 785 801 848 584 674 575 649 319 432 378 928 710 259 77 305 148 562 304 233 527 518 217 876 206 857 463 329 908 109 857 249 740 786 325 797 906 807 659 541 496 836 165 527 509 516 0 838 81 399 14 213 238 748 425 611 838 103 386 483 830 934 471 793 522 766 58 158 374 720 312 72 161 858 16 965 379 921 911 160 171 669 325 322 261 18 237 315 418 781 616 884 837 7 703 399 754 41 881 283 17 604 317 49 110 532 290 630 205 861 597 204 470 674 916 842 265 522 142 696 95 261 441 45 304 62 271 218 710 697 340 569 964 83 177 216 996 813 790 999 65 550 512 856 696 588 295 257 204 690 662 784 164 163 110 714 921 935 271 160 909 987 997 516 948 67 355 437 829 848 410 998 703 39 772 151 402 825 222 269 373 414 335 395 316 489 479 290 864 538 930 94 7 30 223 806 488 768 161 913 722 164 74 49 186 389 405 201 248 315 625 10 380 886 808 673 217 939 476 334 330 939 23 126 376 334 371 903 295 867 811 31 945 386 353 612 464 39 883 963 311 485 190 401 497 858 371 42 691 682 455 880 76 261 316 466 694 639 44 384 534 70 349 918 853 80 344 358 366 805 274 29 131 483 304 73 710 303 773 500 265 484 765 163 237 524 832 886 844 668 935 837 709 217 545 547 953 695 153 879 452 7 473 928 376 773 23 265 803 474 142 29 842 725 110 235 807 834 707 640 264 4 362 92 981 472 243 491 241 292 400 208 320 820 874 45 94 934 604 355 866 454 865 253 131 329 534 779 660 633 610 331 995 695 447 342 298 673 74 708 25 
931 266 813 213 241 437 366 60 554 927 278 275 181 201 663 415 494 967 703 543 221 0 792 874 349 751 101 602 607 269 46 127 321 580 291 718 415 432 380 399 631 913 43 830 978 707 752 322 657 650 158 188 202 915 735 445 471 89 81 951 853 966 14 974 501 278 982 590 172 443 46 742 734 731 236 853 42 291 757 937 663 582 21 990 890 268 495 697 746 806 603 834 59 218 494 236 191 455 915 178 544 160 699 507 553 613 774 137 888 406 153 755 892 75 525 336 987 448 778 61 79 986 780 237 934 285 977 165 714 447 297 338 763 234 705 302 947 556 206 470 460 670 382 852 488 635 265 296 805 272 371 554 901 629 571 328 749 709 731 663 171 941 372 823 524 97 916 331 55 717 351 653 861 302 622 766 110 419 669 623 6 798 150 654 786 102 985 207 931 589 33 705 221 393 441 509 680 151 561 440 890 837 538 825 708 125 570 243 877 812 468 402 975 750 431 237 236 694 288 477 436 643 64 308 989 828 864 606 309 255 921 867 13 948 136 560 561 10 778 744 555 96 755 973 536 151 777 721 590 879 659 745 84 713 6 707 830 147 962 571 525 400 128 325 184 549 62 239 42 594 712 945 847 797 169 314 87 156 277 807 242 306 329 856 375 135 862 928 131 556 309 662 712 320 489 484 975 127 702 177 98 47 873 915 861 296 869 359 439 542 300 274 196 900 873 98 618 833 732 704 558 957 987 854 732 796 51 873 824 775 265 359 777 905 497 636 232 860 885 488 874 957 929 857 719 683 108 812 222 673 332 110 113 449 857 61 733 329 255 471 297 857 576 144 36 695 269 549 20 4 108 850 169 913 220 265 770 940 343 990 944 194 782 408 548 77 362 125 697 98 787 357 856 244 984 814 471 853 858 611 997 488 179 789 566 534 68 292 570 266 334 590 109 823 201 113 969 962 547 912 864 77 508 954 392 516 578 689 731 737 917 234 535 983 896 556 954 499 606 932 556 506 46 185 635 402 274 11 228 219 323 37 567 823 415 899 586 391 864 775 684 471 532 1000 344 296 682 266 217 437 306 805 777 972 620 352 81 556 598 170 795 943 690 21 162 124 290 133 521 400 827 522 12 976 886 611 541 399 756 991 
525 2 328 102 409 24 218 960 733 8 157 370 862 476 314 954 855 375 140 56 894 162 995 843 977 23 444 605 903 776 627 804 3 682 262 7 333 334 47 996 687 832 720 414 184 43 899 153 728 977 974 871 696 787 852 665 566 699 329 634 943 996 371 506 68 368 841 267 737 86 773 769 585 388 348 251 161 849 761 197 852 387 305 239 375 548 381 895 190 666 490 210 382 233 910 115 120 818 210 520 640 906 103 303 449 289 837 722 895 939 560 633 701 105 607 913 564 834 177 74 934 297 177 677 56 668 581 642 382 913 270 832 667 160 107 644 530 260 912 304 126 147 682 111 176 559 506 14 920 382 99 885 207 705 927 791 226 290 292 289 978 348 761 643 954 232 584 802 468 453 699 344 362 896 672 480 430 165 792 291 686 778 458 787 515 928 405 214 138 161 823 777 360 79 301 150 949 801 238 739 384 525 376 173 803 892 178 421 593 707 76 852 240 553 222 336 73 908 999 563 948 254 838 671 876 379 570 78 416 708 27 732 413 133 247 137 121 1 286 440 835 215 981 872 600 14 331 656 465 131 709 221 123 465 619 901 368 467 122 71 240 579 345 51 598 620 88 994 224 417 21 627 559 638 205 47 881 585 757 843 87 930 450 873 38 730 270 34 623 272 831 480 9 376 285 303 745 132 335 70 840 300 821 123 584 188 234 921 51 88 664 225 338 799 762 350 325 157 944 503 21 913 305 368 926 601 646 645 257 663 976 604 39 353 436 893 131 295 111 966 434 290 92 289 529 684 196 866 9 602 364 870 489 835 702 556 647 613 642 551 242 30 342 479 548 742 894 774 733 726 307 332 636 223 724 122 403 4 840 460 841 20 32 135 697 915 278 471 950 58 238 496 27 224 525 788 461 863 651 526 480 233 702 636 628 607 446 471 991 797 350 461 222 73 287 979 910 983 391 340 317 420 688 920 746 31 890 192 642 226 80 418 921 221 871 324 528 688 666 844 148 619 102 404 672 215 7 335 110 6 11 808 917 637 104 607 861 571 235 920 26 488 950 297 125 498 460 70 938 220 742 548 759 440 711 886 416 117 155 846 724 249 284 66 748 748 512 553 355 53 923 691 219 132 726 956 300 990 493 855 
700 740 602 794 281 599 50 337 22 783 802 481 401 104 30 617 963 417 855 590 750 626 555 703 81 271 943 466 278 82 280 980 722 234 725 396 246 49 509 745 580 292 150 518 278 572 525 256 750 470 563 152 568 376 642 820 396 680 262 95 841 714 882 948 439 572 167 533 997 596 426 524 786 865 322 255 373 550 809 500 860 27 475 440 655 84 677 778 75 642 907 814 349 318 163 62 470 44 711 387 683 7 490 469 47 367 893 19 431 114 413 636 299 501 140 46 760 648 853 824 222 475 95 595 294 276 670 924 510 187 112 310 827 5 947 517 65 787 507 19 872 47 702 90 467 659 123 762 86 369 584 893 845 149 499 384 901 213 464 6 694 737 539 167 10 548 838 564 574 997 350 839 197 316 147 708 709 603 317 941 462 259 464 467 615 663 732 258 584 563 297 595 247 495 551 82 407 199 188 504 38 211 11 505 602 6 765 217 495 921 810 873 635 961 927 522 776 125 2 631 452 261 631 827 324 1000 683 195 930 773 744 395 418 885 499 575 747 345 462 653 835 638 872 802 684 532 135 547 889 868 92 929 40 749 370 74 743 225 112 621 442 923 899 169 247 384 731 34 36 823 973 120 723 741 459 695 53 966 667 977 948 278 847 51 306 121 68 480 888 534 97 499 54 682 124 943 651 611 311 261 697 736 483 180 181 348 571 652 502 442 216 898 182 598 996 565 972 919 416 403 48 196 838 200 442 965 499 638 423 311 662 418 331 521 972 998 649 413 115 184 244 242 796 675 610 278 750 226 517 450 879 369 266 562 280 811 350 228 978 291 397 140 473 152 414 163 186 793 580 173 191 573 440 380 839 460 581 848 33 960 945 735 802 886 506 724 169 614 675 661 561 26 100 273 434 207 649 239 974 300 801 338 707 55 617 989 722 402 282 660 14 114 148 547 735 647 415 518 259 127 494 71 492 726 740 202 194 699 679 619 382 970 563 221 294 105 719 407 44 626 915 121 958 327 176 539 168 839 311 400 651 491 717 56 869 246 204 108 896 6 568 838 847 688 245 398 186 877 834 570 562 74 279 31 852 83 686 450 296 310 621 731 801 756 423 144 58 323 149 400 752 910 136 984 905 238 188 959 543 794 
630 982 524 555 76 935 755 326 659 913 667 637 20 503 248 188 775 845 829 617 517 290 510 949 763 606 285 303 800 871 59 259 27 348 952 671 874 268 196 822 790 790 27 585 134 296 781 830 515 314 285 205 286 197 570 272 331 343 630 173 902 376 299 706 732 603 154 702 586 377 668 327 945 662 800 98 420 489 953 908 290 34 400 93 35 668 953 370 971 246 5 225 680 776 16 325 881 937 799 700 206 989 288 40 806 983 464 560 268 880 955 577 737 720 439 886 153 73 972 329 515 289 181 406 475 14 930 950 272 737 143 531 478 20 138 257 301 298 42 640 759 175 526 783 666 26 862 36 122 151 474 788 741 12 50 400 798 60 838 79 498 651 540 233 88 961 821 571 618 361 985 205 358 316 942 551 51 93 148 149 131 398 663 25 863 623 341 831 890 852 570 834 37 797 664 196 259 972 53 77 10 472 16 508 720 758 288 283 928 455 652 82 131 295 508 566 921 279 726 557 336 203 221 153 256 617 283 58 917 812 948 9 88 617 25 898 86 522 230 987 342 91 681 128 640 902 360 294 38 671 22 746 574 279 531 833 344 29 69 519 461 382 787 913 280 4 783 523 752 808 611 92 423 443 194 524 595 350 860 592 893 502 697 516 274 682 382 460 493 900 908 750 247 677 886 448 977 172 19 613 601 222 373 916 970 624 23 329 17 718 29 456 755 370 803 575 649 555 44 586 477 989 183 869 232 158 1 417 620 180 760 997 442 301 102 187 706 611 663 788 788 584 474 686 77 338 506 625 114 343 659 890 428 497 302 719 825 447 649 496 843 406 636 254 194 258 638 888 459 938 640 981 847 844 805 691 738 541 737 818 904 941 468 907 363 793 937 587 93 162 458 654 779 68 998 184 570 299 374 299 757 221 726 518 635 10 471 332 828 794 801 972 649 312 864 808 280 423 787 833 967 491 593 600 116 615 998 580 467 205 292 550 971 300 638 933 363 153 322 731 826 184 107 398 78 496 385 564 639 673 431 224 909 900 571 237 916 83 611 467 736 385 166 235 576 602 887 172 793 264 138 417 929 431 257 498 345 710 992 625 102 580 257 53 564 865 706 297 849 611 161 101 88 476 662 599 112 297 222 318 
824 178 899 703 304 8 192 926 517 934 576 363 26 232 605 127 805 833 379 970 585 369 283 794 326 808 478 674 628 923 974 1000 436 943 644 585 826 208 96 780 880 403 560 614 939 76 139 67 513 352 611 976 365 486 15 499 907 659 266 90 381 445 348 473 193 364 404 212 618 838 186 98 495 233 781 561 979 905 500 108 347 370 864 64 227 129 26 536 117 692 321 522 32 915 952 269 619 73 332 903 216 222 137 883 861 141 541 827 28 116 975 281 144 67 872 414 114 556 553 741 589 349 882 884 288 23 598 157 6 748 808 989 949 624 166 54 849 272 731 675 240 613 590 312 285 265 475 533 546 214 938 183 971 933 579 416 429 680 384 363 410 892 189 839 824 229 486 509 885 644 546 968 736 825 276 244 323 562 635 361 121 270 302 134 160 669 258 615 680 452 698 584 325 81 12 789 961 387 848 215 331 469 984 94 171 712 658 80 293 952 43 774 252 0 780 993 425 807 597 378 790 306 887 130 250 628 487 890 921 619 975 482 201 419 900 476 975 355 985 690 782 800 641 650 903 170 318 320 968 833 473 714 164 842 268 642 628 590 858 401 303 937 285 49 275 636 858 490 617 333 805 848 630 77 884 297 487 758 78 201 265 232 249 202 187 176 431 388 279 495 178 703 152 61 253 321 674 674 12 659 996 976 76 607 398 844 881 467 207 1000 404 789 366 932 854 163 229 294 139 93 439 101 859 725 96 97 493 126 14 749 24 468 309 495 703 783 552 62 195 694 480 988 356 537 938 630 96 829 600 808 959 107 634 244 423 602 227 605 248 64 409 820 277 672 638 714 761 213 308 779 658 788 502 793 644 454 610 840 397 461 589 808 757 450 402 601 611 375 605 942 683 105 653 9 108 675 188 225 856 543 923 554 731 180 791 268 314 696 711 231 195 492 197 125 8 907 992 707 132 245 545 994 223 308 526 753 876 863 36 129 711 814 714 987 703 121 919 36 365 532 860 438 367 270 1000 935 212 587 799 98 763 591 956 572 274 526 979 110 644 646 608 738 227 677 646 980 879 23 908 730 770 562 949 995 94 136 131 428 614 657 901 337 794 308 78 856 412 340 520 378 561 854 138 34 749 549 346 123 789 212 
314 827 231 20 455 349 975 718 1 962 674 27 943 12 333 696 793 197 389 75 846 574 506 946 205 853 26 139 992 454 461 737 100 484 471 647 732 324 110 440 458 889 266 388 238 301 52 117 270 341 412 467 529 189 877 968 505 495 406 883 529 400 851 85 868 868 32 428 409 804 274 140 317 675 479 92 621 100 818 46 557 144 361 640 809 946 443 761 142 187 680 984 477 407 779 338 353 214 662 969 998 58 903 579 197 411 111 708 176 657 514 190 960 71 317 145 830 374 157 825 453 9 634 422 541 68 482 697 400 876 205 254 749 644 729 164 979 917 80 402 661 594 704 345 544 750 182 402 838 816 138 170 0 76 783 422 98 194 579 669 882 971 910 676 499 891 369 515 831 917 164 572 458 514 876 207 206 47 729 552 496 604 754 540 310 522 188 463 380 223 902 830 168 111 881 650 357 236 627 285 170 598 606 998 496 727 903 994 577 112 635 49 364 898 333 514 764 251 9 612 570 419 771 269 963 71 130 110 230 975 228 324 536 124 138 340 337 34 547 56 221 427 440 582 242 88 316 402 607 333 791 772 627 277 851 790 109 381 551 360 181 294 658 617 822 696 587 628 508 206 923 576 130 705 893 834 430 625 893 423 833 595 934 966 538 300 472 504 767 684 672 429 259 538 565 873 763 688 258 77 708 182 69 55 598 596 336 776 764 701 573 412 522 916 73 946 392 664 338 129 703 961 382 632 60 865 949 612 497 288 450 53 48 321 157 741 136 612 106 384 730 600 165 369 546 77 546 282 878 896 132 735 65 865 971 847 983 489 842 22 523 244 465 574 110 360 607 5 676 994 904 77 237 909 503 528 514 440 669 434 898 119 477 555 336 894 409 653 453 973 660 538 57 624 691 16 796 555 347 727 329 966 105 340 3 644 548 801 904 767 581 733 415 394 970 295 269 360 945 862 590 883 833 450 992 529 677 494 315 899 195 110 464 125 942 88 564 35 764 294 638 705 387 900 167 921 674 189 913 228 430 756 142 99 964 275 64 156 939 629 439 913 236 691 14 939 468 245 652 582 430 630 570 887 908 543 914 180 593 605 856 969 396 419 797 218 903 695 263 624 924 218 372 233 802 626 667 664 506 173 
235 414 112 43 882 484 651 973 383 318 386 633 417 446 675 252 177 512 675 508 427 640 525 165 256 708 885 721 853 662 586 756 693 433 246 717 14 23 301 984 579 151 819 396 198 486 45 969 740 587 360 582 683 645 507 124 737 584 771 747 98 413 637 366 398 622 584 823 125 685 853 46 654 523 661 750 804 536 513 763 771 508 795 458 524 281 70 784 82 538 624 97 382 513 369 487 346 444 956 934 276 85 880 753 699 522 166 826 61 657 221 707 826 686 792 759 43 69 690 683 790 501 337 400 982 574 676 426 2 964 712 94 874 534 418 157 980 204 183 282 687 308 699 449 656 77 389 171 996 292 74 78 59 914 689 20 382 314 890 920 888 892 526 844 944 598 386 951 892 725 824 472 185 467 398 152 977 986 942 302 577 350 662 731 899 610 917 713 755 787 729 479 274 27 687 854 56 148 127 520 14 792 588 212 974 438 811 541 41 852 621 303 778 229 405 331 262 26 12 952 94 633 291 681 214 854 871 781 335 107 462 464 288 191 885 52 844 432 668 273 168 629 952 903 555 925 734 485 674 7 997 485 999 766 600 272 754 301 10 903 719 474 351 101 634 81 595 730 32 89 2 345 578 986 125 971 199 640 821 398 891 425 548 896 562 628 466 496 788 42 117 660 845 751 153 259 323 107 456 273 728 286 10 338 247 392 97 294 376 741 45 753 393 296 502 565 76 13 975 555 289 445 242 286 867 619 470 898 679 822 929 319 306 139 840 268 637 700 645 19 934 316 355 415 526 775 898 996 478 320 860 579 305 756 776 683 688 624 993 868 18 656 76 406 952 551 800 555 299 352 915 938 566 648 597 381 190 831 745 670 258 589 650 663 876 110 402 610 418 806 919 39 520 327 651 627 964 9 960 989 219 814 178 517 511 556 952 891 279 697 690 529 460 200 623 539 420 762 833 989 699 456 697 776 185 688 644 190 562 135 978 294 661 737 637 498 839 751 646 189 807 95 109 588 490 414 301 763 470 583 832 447 354 308 482 979 865 229 169 150 398 958 167 120 825 581 740 994 713 641 104 393 292 258 526 536 125 986 560 283 873 545 256 488 798 859 558 13 175 650 450 239 731 421 547 236 535 501 140 499 
319 181 669 31 360 378 658 538 66 333 976 134 234 527 598 576 721 668 176 239 971 406 222 523 142 739 811 219 201 363 70 856 480 662 10 804 413 522 908 539 772 905 817 223 870 108 137 844 579 281 470 171 530 845 597 631 680 610 561 658 24 704 637 633 753 758 98 431 854 548 833 127 52 308 232 792 753 646 598 317 43 964 649 350 256 638 140 979 17 474 791 412 618 100 671 614 56 922 639 775 275 839 251 312 305 51 533 101 489 849 378 204 69 71 334 327 626 240 944 337 282 200 561 318 762 619 953 631 938 280 782 246 711 705 121 840 922 774 152 656 791 122 116 948 898 142 719 684 127 145 480 971 351 578 92 944 51 499 831 471 294 195 756 70 849 475 289 596 803 200 839 458 335 977 719 980 605 855 288 381 0 984 301 570 191 473 713 759 279 630 799 496 173 849 702 661 202 103 667 355 961 68 37 656 931 217 527 977 479 33 122 348 766 248 812 915 789 926 941 929 257 121 950 539 708 774 474 976 937 357 300 685 146 52 49 779 804 686 732 73 159 316 315 859 106 226 653 525 37 111 878 448 473 176 136 641 533 0 199 719 8 646 53 460 115 812 390 487 715 940 107 359 654 626 81 372 51 505 351 815 831 235 550 914 686 321 170 170 772 16 925 124 978 353 79 324 554 724 488 175 298 169 92 997 961 173 836 512 674 102 703 400 247 508 53 77 755 787 927 632 110 769 700 822 862 739 450 24 152 922 878 825 365 584 650 958 433 473 5 980 39 887 240 120 619 678 849 562 22 248 413 421 2 890 409 837 854 177 531 453 645 147 696 86 41 394 98 940 33 910 784 121 238 628 357 791 812 435 735 554 541 767 839 149 122 506 227 717 710 911 318 490 981 906 539 480 915 665 528 255 172 49 146 23 897 589 196 65 115 572 626 775 476 138 713 664 339 825 515 116 827 861 723 690 919 991 217 581 67 917 1 38 807 760 595 681 192 122 387 572 59 84 254 232 466 825 173 867 339 184 653 303 132 153 956 505 398 528 520 466 883 800 209 579 242 963 945 940 206 393 269 753 67 170 723 673 142 605 620 261 0 530 168 380 548 604 998 725 943 813 213 589 364 939 337 707 763 427 905 70 
585 261 542 306 61 737 647 705 327 230 753 252 408 79 305 626 680 296 540 234 69 588 586 954 877 820 998 812 116 304 599 215 498 525 845 505 633 886 457 118 915 730 887 859 983 849 641 412 535 254 688 423 369 634 733 182 717 473 311 365 86 263 524 663 1 949 966 842 139 738 973 349 325 95 785 48 475 330 334 294 591 94 530 429 280 25 494 422 962 997 327 168 923 817 207 856 690 118 882 93 91 144 758 59 278 800 224 756 597 540 536 286 416 887 273 277 150 760 259 107 939 579 902 448 225 668 858 663 269 71 392 13 805 559 896 340 821 530 106 878 847 551 907 257 33 950 840 696 445 821 783 884 408 572 843 430 665 699 190 607 408 567 484 151 100 689 994 412 835 170 269 645 72 72 160 515 478 691 778 941 375 429 116 581 997 247 70 884 574 696 627 754 710 394 793 468 875 227 525 243 764 294 707 216 593 867 180 716 867 340 230 969 437 503 562 10 317 838 161 314 122 716 665 155 442 167 519 183 884 512 545 732 987 886 57 322 917 286 421 25 963 454 583 562 496 751 655 385 453 530 864 301 253 239 548 37 637 368 892 847 612 983 839 951 611 997 224 956 415 888 72 741 807 443 252 805 127 948 353 534 863 594 408 451 270 600 899 515 51 358 96 175 619 51 781 803 233 501 873 390 541 743 846 352 515 321 967 415 267 147 282 221 952 470 414 728 533 231 790 208 381 790 654 23 761 966 638 77 199 576 815 654 266 516 513 887 766 270 654 226 881 797 842 752 961 142 208 841 993 858 926 468 230 590 280 936 436 46 31 61 535 382 224 107 712 496 888 751 307 145 555 369 601 760 465 608 774 870 10 186 696 233 921 169 359 644 589 64 40 903 528 579 657 704 146 330 352 628 469 385 909 200 781 837 673 949 325 407 683 960 791 715 648 553 895 330 256 437 399 844 436 266 195 381 424 147 624 931 361 491 944 764 521 403 341 506 392 740 360 412 756 99 846 741 418 904 813 20 361 704 651 742 199 357 428 189 533 874 327 632 825 61 870 611 617 966 363 960 690 934 229 355 929 15 698 440 657 890 937 365 751 230 83 692 943 402 765 704 983 229 199 911 864 513 839 691 76 916 444 183 
548 113 486 947 580 679 971 839 160 428 774 424 181 765 298 862 930 641 243 203 674 316 163 573 860 949 351 557 912 844 529 218 316 703 391 299 660 301 650 983 770 754 997 932 895 396 118 889 539 923 907 865 401 567 554 776 770 475 622 342 828 328 977 11 687 869 70 191 641 15 97 207 213 837 145 323 589 855 217 211 326 638 703 101 647 123 889 688 105 691 143 111 593 90 752 903 361 631 262 281 426 534 126 4 720 923 390 189 134 244 656 300 928 737 784 790 299 831 447 1 206 679 824 406 564 514 611 360 568 228 208 609 41 441 134 16 618 115 252 498 529 676 249 222 5 12 433 556 292 562 380 553 170 939 715 391 9 767 122 806 983 256 54 917 863 939 826 271 371 465 316 304 173 223 298 275 513 648 229 197 695 125 298 851 950 699 800 819 928 632 492 616 815 532 528 249 926 649 682 745 552 398 287 542 995 715 33 873 389 961 268 819 731 609 215 100 527 962 978 393 487 33 449 861 976 321 452 844 252 686 425 191 57 44 909 192 367 191 173 899 586 926 336 307 588 740 755 956 843 80 892 337 306 503 923 36 534 246 587 924 407 444 558 160 683 781 998 963 95 545 892 466 227 942 480 652 0 502 572 557 311 678 775 797 132 470 420 320 725 238 793 439 759 917 638 443 41 1 821 116 151 930 232 852 392 796 212 496 798 730 186 470 495 649 774 371 259 860 367 514 989 771 4 273 588 23 501 737 53 100 836 564 247 994 815 878 865 854 861 200 500 285 1 86 810 108 884 791 859 910 201 608 414 547 390 667 848 869 63 853 96 720 286 448 507 211 329 740 620 190 961 402 401 126 844 11 167 136 870 532 403 859 464 300 908 764 412 698 601 947 614 952 770 402 973 703 841 330 704 90 96 374 189 575 896 953 858 867 574 601 177 519 470 678 703 17 132 617 15 289 459 49 420 615 527 70 783 244 292 416 982 343 335 474 864 616 673 907 548 1 656 548 523 867 131 489 30 474 400 495 70 671 259 269 592 124 656 822 106 969 911 154 370 861 379 86 147 900 137 211 4 655 772 70 38 520 570 338 642 381 208 654 887 515 519 96 991 942 834 885 896 474 206 550 835 280 119 880 757 860 
868 847 363 571 905 557 725 379 241 193 447 475 169 7 214 751 210 651 634 229 916 483 880 908 218 478 25 6 563 877 736 848 457 443 204 684 74 727 298 92 323 958 658 287 286 754 484 620 512 572 891 168 307 52 900 632 317 142 551 723 665 688 378 8 766 992 801 851 593 575 399 730 207 245 455 201 762 549 646 647 373 35 366 23 543 427 539 21 897 714 445 788 858 89 555 803 758 292 52 950 267 788 760 831 996 291 386 722 574 278 335 180 697 530 596 218 297 543 518 46 402 457 869 547 69 555 732 629 45 769 914 389 147 182 359 517 850 708 433 757 692 743 221 511 900 802 288 334 406 675 909 598 729 513 816 280 540 677 959 607 898 784 482 928 964 760 981 689 102 954 933 853 402 748 281 773 911 120 216 744 136 636 607 686 315 343 39 333 83 154 789 997 521 46 283 145 637 556 268 355 973 525 883 457 902 422 707 527 317 58 336 328 51 249 259 704 863 812 102 146 93 33 105 827 69 151 388 532 925 345 41 449 645 359 302 595 787 269 759 365 866 561 713 505 243 304 961 730 865 394 811 885 940 649 880 981 331 414 856 600 448 506 609 638 172 691 878 52 953 180 628 904 530 467 856 967 449 328 169 625 981 964 274 184 34 33 853 5 914 588 553 610 804 556 987 694 249 606 897 804 149 904 930 315 779 173 532 648 897 551 394 699 730 403 433 301 601 599 739 513 306 128 436 372 405 241 446 99 874 43 665 545 693 36 434 348 464 337 346 213 486 972 843 160 279 33 520 96 481 529 516 16 271 111 914 81 691 629 485 552 265 129 122 885 343 284 761 415 571 164 499 789 961 926 126 848 980 376 645 471 450 78 2 462 193 841 175 794 271 640 206 217 53 490 904 116 458 298 393 89 846 462 17 489 928 813 275 451 810 18 950 596 437 944 275 738 550 493 616 144 137 988 357 252 857 265 458 682 29 182 481 271 993 433 666 105 271 188 288 987 514 586 779 940 69 17 975 215 264 998 270 337 80 921 465 735 547 276 230 225 979 311 607 472 12 152 532 212 253 438 5 328 265 865 557 791 790 405 892 746 559 16 459 687 476 367 741 884 458 284 264 786 992 117 630 500 286 433 288 310 
8 203 910 171 136 467 624 454 238 19 251 606 169 598 323 554 34 449 145 557 9 447 309 582 234 925 510 810 384 626 25 940 708 575 116 653 226 719 792 305 746 454 790 748 38 30 465 538 240 324 831 504 694 278 92 925 517 190 150 111 155 349 37 715 780 462 383 242 17 791 894 561 861 333 423 278 933 432 860 240 587 435 512 779 560 398 214 234 322 295 974 902 567 412 112 486 917 112 526 873 35 509 139 592 733 394 611 586 222 439 498 89 218 281 425 963 684 168 934 686 259 907 881 762 580 884 286 826 959 453 271 255 655 429 768 994 181 381 494 29 984 30 691 518 38 200 445 436 648 597 551 383 76 669 854 758 909 370 244 343 686 85 438 234 649 376 917 365 756 397 472 869 271 462 224 347 856 189 223 367 952 663 586 452 967 350 884 320 900 560 983 72 524 644 330 386 296 478 993 356 456 183 24 708 577 715 218 461 306 669 471 492 146 184 652 656 557 62 749 980 382 688 61 842 755 538 346 367 512 888 920 911 333 465 979 490 724 930 8 289 625 639 922 514 383 705 213 338 287 45 88 979 126 384 459 709 64 702 882 252 754 59 424 24 809 889 697 616 399 119 755 658 795 857 753 280 445 808 32 216 862 833 914 919 846 907 310 519 238 580 152 2 344 539 355 612 268 962 804 535 231 733 875 543 374 429 163 724 272 122 211 695 507 876 872 325 789 754 598 361 766 884 730 904 674 950 879 737 121 447 260 565 527 464 557 18 885 312 930 294 437 568 197 147 415 932 863 540 182 14 378 823 289 18 437 930 860 91 608 15 264 936 765 739 157 905 904 638 516 256 108 235 391 664 940 855 120 384 297 590 727 304 548 693 956 870 727 352 917 228 855 102 705 630 630 511 852 970 947 914 101 465 437 429 179 660 530 726 504 14 949 535 319 88 249 226 480 249 755 926 385 477 623 390 648 379 492 491 343 369 967 21 590 808 761 936 809 25 438 304 539 260 362 842 730 660 940 559 906 817 884 576 586 153 327 523 953 904 851 209 144 180 422 322 455 348 286 925 37 965 799 107 857 565 857 880 754 770 569 994 573 431 595 516 832 914 803 941 972 630 799 907 778 984 882 75 586 498 483 995 
461 949 877 990 38 404 480 933 559 17 719 508 439 499 916 478 356 583 779 761 35 347 580 297 582 448 5 867 233 531 509 762 248 692 744 709 469 434 825 139 389 731 468 506 927 295 678 542 474 574 990 55 468 407 858 289 423 563 495 538 106 111 813 644 919 198 438 514 842 556 780 311 938 969 937 419 270 701 164 634 879 39 621 493 676 389 9 763 703 208 809 565 361 201 953 247 534 115 389 985 900 987 315 723 182 895 468 409 97 624 390 495 630 304 153 494 265 794 101 268 960 338 304 96 856 69 606 83 549 126 573 266 51 138 458 571 986 544 582 233 891 940 564 343 120 333 513 252 169 991 483 298 608 324 334 445 828 666 298 895 630 342 541 1 868 155 904 535 578 907 70 602 60 770 972 674 101 119 470 471 860 970 541 640 72 958 378 954 987 60 746 511 660 672 122 347 746 664 135 543 803 837 357 918 512 148 927 299 486 48 841 946 145 782 830 506 831 289 823 920 430 585 246 508 355 683 660 957 584 134 884 786 72 133 564 886 839 881 888 682 498 967 327 886 757 79 387 326 159 883 728 987 962 451 608 557 610 548 529 201 153 974 534 651 997 325 904 398 547 383 411 427 562 867 225 709 458 752 737 666 149 392 846 43 318 219 111 827 162 376 874 25 577 71 429 199 830 981 555 3 791 601 888 616 320 932 653 831 530 65 236 145 493 581 941 1000 331 573 368 604 151 538 48 943 510 336 980 116 163 742 530 87 817 216 580 243 604 451 753 573 826 346 116 428 745 989 439 658 926 253 968 752 32 941 127 659 711 435 903 921 801 782 805 716 384 971 215 905 215 11 942 88 361 943 227 738 427 74 162 242 337 99 72 727 703 611 378 398 565 838 182 510 636 90 941 381 167 270 263 450 764 369 448 912 240 367 734 218 802 768 768 340 429 953 129 704 512 60 329 634 116 715 457 949 833 945 47 694 217 653 381 780 880 215 128 500 571 230 531 985 173 724 460 469 292 26 817 410 153 437 617 956 207 562 39 365 61 403 538 825 920 923 305 265 53 49 529 30 175 520 489 798 37 19 939 8 903 461 21 685 526 148 102 128 247 632 777 424 477 845 544 202 430 459 40 508 41 82 454 690 
567 919 337 523 517 298 873 32 227 79 478 103 788 775 871 700 203 912 286 69 495 284 340 276 848 78 329 520 318 35 409 717 29 999 956 687 150 532 884 171 779 565 674 432 405 180 824 482 141 363 870 527 969 0 992 86 1 413 774 526 566 334 911 248 464 142 898 630 24 852 669 937 183 671 956 855 504 116 640 542 555 326 870 335 231 597 601 157 655 623 747 193 398 676 307 461 958 823 3 422 881 530 723 545 712 93 651 160 55 515 60 242 465 517 135 59 117 510 582 260 32 686 797 234 663 6 340 738 705 844 237 384 893 940 337 157 925 703 433 389 770 737 957 710 803 675 300 572 6 775 799 76 264 131 828 560 487 818 248 762 707 45 676 870 259 22 555 170 742 177 731 360 554 178 912 586 232 959 314 205 146 342 373 71 135 783 361 989 239 600 868 146 670 855 588 633 632 884 933 525 955 323 197 706 764 216 632 415 833 707 875 677 559 757 529 452 633 260 710 998 220 858 795 137 575 14 395 966 776 796 797 260 966 42 148 913 278 819 893 668 544 845 187 311 851 136 708 165 157 177 182 557 597 964 188 602 290 152 231 266 715 852 902 586 497 495 69 293 902 639 885 698 737 420 602 440 101 15 876 581 548 810 942 200 405 921 778 621 937 537 338 582 171 340 106 893 149 540 535 777 250 746 349 624 18 975 436 77 126 779 87 806 728 889 585 854 354 513 61 843 659 716 201 651 572 619 844 837 132 986 910 614 287 542 819 817 726 39 191 420 782 504 332 109 90 168 569 138 698 934 53 770 243 519 586 862 813 289 176 866 675 878 604 78 520 228 441 753 438 541 242 410 208 969 627 572 802 279 295 244 490 599 675 297 434 758 602 379 139 916 0 213 1000 982 207 986 191 617 108 676 953 679 198 98 346 50 757 496 472 671 471 922 797 282 16 974 504 500 321 170 328 214 562 41 270 552 844 362 546 125 866 1000 990 210 258 548 246 608 327 351 385 97 282 774 237 821 860 222 453 662 704 269 547 751 808 936 721 233 363 976 447 34 55 617 180 547 896 478 813 127 623 219 550 468 598 661 694 673 182 679 906 877 69 63 185 224 128 866 741 205 761 709 788 458 955 485 149 476 535 638 
304 421 243 350 994 888 326 402 695 570 846 165 20 618 369 378 534 866 96 609 795 609 207 600 538 666 729 399 707 846 157 827 26 497 998 715 501 891 123 117 240 445 681 437 596 932 421 786 408 106 257 860 940 626 863 821 495 849 199 322 740 873 692 584 339 267 560 930 501 83 748 521 126 427 859 637 270 88 174 515 254 122 462 12 989 942 417 428 903 127 239 931 705 774 236 948 271 465 297 209 178 189 159 208 289 681 407 157 507 954 198 778 395 105 652 828 445 94 94 520 823 814 955 416 428 251 703 844 855 48 709 354 97 70 52 141 85 874 524 316 396 71 660 363 154 477 966 292 337 856 602 450 627 413 717 992 143 252 923 223 771 194 557 117 97 925 552 30 546 588 698 70 306 32 582 925 164 613 217 309 386 24 222 517 74 508 308 752 930 53 18 509 152 77 356 393 87 871 547 269 804 943 636 194 316 90 857 681 699 580 57 28 816 918 296 76 798 908 298 11 989 53 595 194 737 568 253 312 281 181 105 988 790 758 197 684 523 188 845 864 354 713 187 288 80 535 748 656 17 82 463 934 518 448 189 420 127 113 400 574 89 681 487 481 413 112 624 467 744 558 684 752 713 502 502 472 276 822 462 266 597 512 704 4 280 161 300 651 509 458 835 820 917 358 424 938 60 674 337 572 935 136 585 434 304 178 932 88 556 954 713 955 924 99 124 752 136 135 613 892 877 68 510 847 841 862 486 189 294 706 603 357 323 448 894 759 899 979 943 103 913 238 406 959 239 781 986 294 986 997 371 471 590 84 450 91 647 393 91 493 835 118 836 962 33 418 433 908 612 890 455 456 518 663 367 653 737 168 683 307 802 587 504 418 388 986 834 696 631 14 281 655 298 92 450 799 683 69 798 71 86 426 963 713 923 63 86 281 902 412 432 427 829 558 45 958 265 539 351 612 524 331 54 63 496 940 140 515 337 397 676 496 31 676 96 451 537 87 279 628 941 964 60 964 992 929 126 110 79 979 457 970 892 271 292 102 188 840 372 283 306 403 713 911 784 649 259 22 930 425 312 470 985 25 547 664 385 189 916 770 505 225 215 620 255 750 433 166 184 35 756 442 195 695 718 859 813 156 678 24 
666 406 307 296 960 443 960 269 366 233 148 692 326 848 629 170 544 860 327 336 664 607 545 411 834 244 760 497 183 862 230 203 109 964 668 642 881 607 215 503 788 545 395 120 987 2 358 717 137 968 732 10 257 889 361 355 68 561 78 761 89 798 632 590 648 979 604 22 73 585 43 655 722 388 473 796 726 373 329 699 409 187 606 699 680 888 150 713 534 79 596 422 289 431 517 188 418 858 574 850 339 506 165 795 185 935 451 161 605 0 632 928 738 374 617 863 960 491 984 156 939 380 962 784 575 600 591 274 245 978 152 704 305 298 763 994 846 400 791 67 630 111 94 889 799 90 64 939 494 692 772 936 725 872 633 965 801 812 253 688 936 396 984 760 714 668 422 379 747 433 140 741 464 376 141 779 907 933 964 652 900 795 542 759 215 909 70 227 83 909 264 275 251 822 242 636 212 821 821 127 148 391 77 549 165 45 238 285 415 524 715 142 996 614 742 559 673 851 933 973 332 545 592 243 520 626 481 476 867 461 519 619 591 983 560 596 533 404 107 638 748 587 397 956 163 243 526 493 792 405 80 507 31 825 275 923 321 647 529 846 886 894 305 29 956 558 911 211 632 500 314 342 33 517 684 819 444 330 831 809 703 571 365 541 979 752 532 883 123 912 16 570 612 677 267 927 812 614 976 252 182 269 527 243 913 442 953 496 430 159 69 964 688 950 90 851 764 977 370 905 273 678 551 785 562 762 970 376 516 709 540 519 374 205 854 936 494 821 567 782 891 464 325 795 633 737 312 297 317 331 550 222 373 943 446 931 311 789 773 7 606 294 963 384 68 351 889 78 848 937 376 610 987 703 57 750 432 330 189 99 21 525 841 727 31 641 963 888 236 36 161 421 616 306 178 978 996 170 365 923 687 483 539 718 656 280 590 20 233 928 69 79 5 76 102 430 948 947 460 125 565 900 832 598 15 838 150 729 583 725 376 684 42 546 739 469 361 136 543 421 745 851 334 104 770 114 229 618 533 929 102 194 499 636 571 269 701 792 516 333 428 144 304 680 665 347 655 165 169 800 554 339 151 915 274 211 786 848 607 284 909 189 389 435 948 302 589 343 556 262 444 146 86 945 582 865 322 666 394 420 
863 155 156 971 369 938 167 460 53 592 522 191 343 455 393 665 295 759 623 902 206 447 739 762 581 786 98 179 387 527 191 413 313 410 171 847 650 577 655 362 855 984 324 979 468 749 875 946 829 369 916 491 456 806 654 371 43 401 420 182 86 445 542 363 8 667 543 336 846 971 256 848 863 998 952 241 510 898 35 96 331 86 367 439 563 504 103 515 878 543 971 788 438 10 633 938 73 500 141 911 701 366 592 653 758 824 316 757 987 501 528 102 220 422 996 239 174 843 481 386 453 322 943 677 525 103 362 3 643 391 359 137 790 5 801 727 17 880 857 260 515 906 310 218 329 6 953 959 848 903 823 901 678 476 775 819 571 606 489 846 29 973 331 524 884 285 860 585 326 209 543 657 60 413 396 309 559 401 357 8 747 357 393 367 445 407 229 913 513 31 807 379 118 943 264 792 634 744 138 495 38 286 274 925 682 330 745 805 343 307 395 967 744 652 939 639 108 629 924 555 602 116 610 899 466 272 380 46 346 727 719 981 852 541 784 137 219 76 566 394 364 982 127 147 100 714 282 23 145 867 753 679 657 827 581 96 381 290 809 161 422 307 78 898 479 397 989 847 974 983 193 496 722 410 711 196 677 54 246 304 59 848 517 738 830 215 500 754 134 561 805 447 516 918 368 557 364 287 333 679 870 998 237 621 677 139 374 950 370 202 32 315 250 351 183 314 998 619 938 692 676 1000 655 757 575 820 861 935 812 373 950 724 389 358 823 602 60 942 752 367 970 87 221 231 204 342 492 341 232 506 613 126 168 552 448 960 272 944 227 623 597 3 318 561 406 857 99 157 849 786 717 287 118 751 697 444 836 860 518 624 84 71 815 604 446 274 882 360 304 401 37 463 975 622 638 242 487 514 94 733 606 535 677 254 535 151 526 765 722 311 651 375 763 194 599 890 87 939 530 358 949 780 358 485 782 625 56 676 185 160 43 905 595 349 298 83 737 239 908 732 825 534 239 771 919 94 756 819 119 434 336 124 688 415 380 476 389 267 781 727 854 843 676 587 797 508 454 712 265 0 770 184 279 749 321 469 179 370 108 78 106 250 116 453 656 684 512 259 374 374 811 388 97 107 682 734 797 395 407 91 
745 687 292 938 560 245 781 915 844 906 924 164 282 285 562 894 171 54 441 986 77 782 997 122 263 938 767 543 777 614 217 574 694 228 723 782 247 978 335 544 352 84 675 682 486 4 24 368 848 432 539 738 738 118 81 863 393 679 102 835 532 316 0 49 507 791 343 892 577 565 581 852 667 724 569 465 287 129 535 443 763 73 651 793 581 321 844 418 634 151 597 637 843 308 699 409 145 356 251 988 309 518 708 584 609 818 580 728 652 119 729 817 288 494 492 815 417 671 966 343 997 228 916 969 750 711 16 764 690 669 25 426 850 602 727 609 103 736 492 67 529 964 176 511 763 770 636 504 911 92 717 791 793 841 394 423 285 136 546 713 676 561 164 560 478 48 950 626 981 753 306 89 273 355 507 88 318 110 409 561 537 897 130 468 108 126 589 738 562 340 335 407 502 553 160 959 232 463 356 697 800 990 653 679 477 281 319 958 730 738 522 241 224 953 272 675 139 581 746 455 30 891 913 325 941 945 676 26 240 490 207 656 309 434 245 603 129 843 21 312 46 681 439 988 67 391 128 719 942 219 952 150 74 629 41 400 69 408 330 481 916 623 667 459 71 817 855 801 940 156 365 870 268 296 935 470 301 116 507 735 3 73 906 885 858 621 589 225 759 545 466 292 149 310 909 793 102 309 477 290 981 764 391 800 945 745 611 88 287 591 900 116 549 575 363 91 584 6 60 286 613 580 322 754 438 487 414 47 579 380 103 448 97 513 401 630 732 601 980 59 1 483 182 498 114 144 263 308 199 867 546 685 570 311 566 975 821 974 206 654 13 436 12 612 511 266 596 625 637 172 535 264 992 2 611 388 435 623 83 278 958 777 413 546 508 350 671 753 969 748 275 471 340 430 567 489 90 917 80 756 892 138 434 74 645 813 681 317 31 48 504 847 624 423 589 113 405 965 247 355 792 370 429 549 179 69 70 839 331 398 380 826 221 781 378 616 278 892 677 275 469 829 666 720 189 540 898 237 970 689 389 930 736 143 112 702 734 286 662 889 512 902 664 133 557 480 306 728 665 929 29 877 677 516 827 99 32 109 906 2 258 691 725 41 990 598 185 473 717 828 770 69 653 985 477 957 472 859 419 91 
730 151 107 828 782 138 90 380 410 142 51 210 528 53 369 141 471 17 975 722 688 708 789 753 656 402 677 362 972 627 510 264 877 578 525 800 311 677 488 939 825 881 749 42 487 84 597 804 313 160 38 743 318 455 639 615 218 761 784 249 485 406 582 798 739 969 92 427 34 797 904 804 123 301 308 73 175 385 474 196 157 222 548 44 276 355 963 711 19 549 173 992 987 337 73 276 193 656 71 343 660 157 255 660 353 87 481 538 355 517 632 858 129 313 861 493 545 889 784 246 855 628 225 674 424 643 154 995 197 512 562 196 666 981 168 690 951 876 831 693 773 59 121 264 434 602 858 916 880 274 362 443 252 940 694 630 283 585 610 95 832 529 415 135 972 607 406 972 57 534 938 1000 169 321 484 619 832 628 499 230 266 244 957 759 980 346 614 239 348 448 811 256 8 538 725 25 173 596 160 799 24 691 756 343 632 631 462 242 32 655 272 65 80 634 541 430 851 602 898 278 926 48 845 234 887 873 808 469 903 174 407 797 155 727 379 591 484 697 352 438 581 208 917 766 625 831 306 937 44 38 742 9 896 826 519 767 674 178 437 255 165 333 677 924 817 760 592 600 979 607 264 477 696 651 827 665 18 880 749 469 223 870 431 779 104 791 700 452 2 720 762 787 415 531 670 954 623 873 211 680 428 223 67 912 806 313 798 858 959 89 60 75 196 30 995 78 265 315 554 302 35 951 690 659 12 154 573 274 232 673 524 885 51 335 999 840 910 933 881 856 643 357 721 728 784 543 942 280 647 656 30 956 913 570 843 812 357 529 962 796 899 844 130 943 952 283 392 478 77 572 683 626 564 680 648 374 459 263 866 862 727 630 994 135 466 383 542 628 487 33 291 43 675 352 134 686 899 59 998 79 177 145 648 479 511 649 27 231 651 170 413 921 160 737 139 852 896 473 16 584 270 748 361 493 699 384 990 277 406 174 177 743 247 466 210 292 751 131 297 239 377 856 253 429 335 281 959 318 841 245 955 46 377 240 655 621 290 814 633 46 297 382 230 174 282 421 112 226 137 821 450 857 310 993 243 699 844 142 913 859 675 57 735 926 81 414 131 138 203 336 855 605 366 602 451 749 889 808 615 292 
936 681 118 498 895 730 321 479 536 276 136 10 804 511 412 422 321 635 215 186 700 94 775 191 421 604 949 836 83 365 200 705 744 114 242 430 572 881 928 18 640 173 949 763 237 789 570 69 338 138 999 450 962 656 424 984 332 441 15 439 262 662 884 550 409 69 927 893 310 106 137 646 63 124 780 703 854 461 498 701 65 776 567 581 85 873 490 18 247 978 858 135 696 125 80 477 106 920 425 770 960 776 802 615 864 425 293 707 768 42 414 916 515 849 320 588 810 653 702 939 399 834 666 78 964 272 523 74 349 172 820 594 543 481 537 722 953 108 683 3 273 763 504 715 622 792 157 213 38 601 747 960 754 706 487 315 223 77 79 283 259 730 629 377 3 358 384 359 535 589 810 228 79 105 990 474 694 214 882 771 407 928 707 452 711 877 164 713 458 531 694 117 485 546 35 341 989 10 790 238 814 220 602 784 421 885 675 177 460 199 644 393 35 443 142 824 59 89 896 801 23 353 963 824 573 53 527 667 667 942 343 176 772 318 746 604 359 778 951 594 243 36 537 202 730 784 90 689 490 963 990 496 654 942 297 900 177 942 683 491 932 316 392 140 891 641 274 337 295 434 415 943 845 679 621 843 551 572 789 255 18 499 963 417 453 415 964 468 256 797 470 156 756 359 505 132 532 927 819 471 753 413 129 536 340 803 268 469 972 709 273 927 179 735 23 892 114 91 275 653 50 130 656 965 458 189 413 165 151 960 643 878 288 910 109 580 95 215 761 975 462 195 997 173 378 870 100 746 373 979 643 894 468 485 820 641 948 231 562 470 410 398 8 556 660 973 937 66 872 282 920 34 209 271 39 62 454 844 470 960 525 689 679 896 116 703 263 510 27 197 881 774 102 839 87 402 805 932 778 383 862 874 748 438 213 178 871 855 309 80 849 860 672 604 437 344 279 841 454 292 126 456 792 159 938 117 174 363 0 629 451 29 197 599 123 760 855 768 620 383 887 974 489 192 878 200 894 317 321 817 643 946 815 347 600 807 376 908 184 516 561 732 719 980 700 167 609 972 193 827 310 784 625 379 432 243 675 528 367 50 411 116 130 702 549 551 637 92 552 495 402 307 171 585 520 850 728 180 980 352 
690 272 550 662 906 428 367 697 967 299 697 819 375 942 537 287 965 837 863 160 836 934 813 696 268 950 976 843 951 346 200 471 756 644 708 421 646 865 809 49 98 712 790 476 383 564 288 736 912 128 992 3 64 393 15 426 916 179 364 931 764 17 516 373 659 396 205 584 859 559 736 798 696 603 248 105 966 452 296 507 432 202 198 999 313 91 453 858 699 994 759 771 41 850 761 520 385 438 388 452 737 879 634 860 181 669 450 319 528 778 543 969 304 144 365 178 106 346 837 274 217 475 697 401 31 500 898 509 783 166 946 137 181 57 378 148 872 486 272 71 160 300 563 154 562 571 897 391 85 110 12 786 478 617 463 16 458 149 540 368 213 68 295 245 298 926 160 332 135 734 480 739 568 722 213 395 46 373 522 610 965 666 263 556 465 205 577 530 431 806 518 62 661 985 622 219 166 605 664 4 657 118 880 661 176 354 408 504 806 803 255 874 447 539 0 187 715 372 567 287 442 403 441 732 456 356 851 171 849 442 936 580 776 19 836 266 624 585 809 978 143 505 138 83 153 224 835 894 268 602 667 518 141 406 968 911 967 592 347 198 977 468 897 859 559 675 978 839 270 71 866 596 360 98 478 159 189 113 389 702 415 847 350 57 609 16 727 905 461 615 311 863 988 279 839 935 891 883 23 59 417 241 311 578 403 686 266 262 183 212 685 844 644 426 554 141 153 631 749 714 36 798 994 612 505 395 594 739 971 640 596 546 398 887 488 787 543 331 211 697 400 982 797 338 946 908 790 430 647 416 345 921 192 773 623 142 605 814 240 896 455 132 95 471 289 552 36 34 89 873 694 122 660 371 913 967 553 417 822 150 692 628 490 867 965 433 870 618 144 95 356 911 717 620 902 570 182 152 193 298 741 233 810 217 412 894 651 425 981 742 6 831 572 612 886 545 245 869 120 614 603 769 141 788 482 365 999 514 313 275 453 597 926 818 663 0 996 913 71 152 174 936 45 534 336 199 383 73 548 777 563 604 807 777 45 839 329 972 630 73 773 741 597 578 543 266 578 551 579 582 396 744 641 444 663 265 388 193 223 53 231 403 961 259 655 104 626 358 440 111 972 424 901 972 783 951 127 814 38 240 
789 736 768 469 949 569 214 685 964 532 293 38 140 454 3 347 729 175 510 68 820 535 999 581 854 332 104 349 96 247 969 930 427 745 325 934 302 629 658 919 623 228 28 31 27 483 364 30 99 365 804 435 841 202 303 811 833 96 421 950 388 531 691 408 62 118 11 395 619 462 890 353 918 254 406 19 50 764 297 50 780 325 939 54 51 203 545 360 820 114 553 934 513 707 138 600 393 46 709 495 683 106 515 871 604 725 628 20 382 894 857 643 808 207 28 336 796 562 670 497 151 726 154 785 879 836 359 203 634 771 999 450 184 438 843 660 247 63 748 775 453 759 839 152 128 179 499 675 530 290 677 895 597 102 723 36 866 638 441 341 355 209 847 125 399 645 629 599 283 886 57 38 846 977 934 38 425 197 423 97 613 685 668 174 451 527 378 839 972 519 337 404 476 26 890 477 371 611 253 639 546 197 924 586 538 647 465 323 448 150 464 184 551 839 148 310 842 619 983 111 630 625 909 848 377 147 791 756 628 734 1000 827 24 821 69 594 776 690 667 344 175 386 575 165 668 987 648 459 174 913 894 9 356 889 71 774 127 848 817 375 823 228 149 230 682 687 587 391 26 284 405 655 147 744 680 330 343 481 584 549 97 445 684 717 719 628 67 856 565 719 836 36 526 225 309 497 302 430 697 65 88 126 255 970 234 507 270 913 790 289 635 668 765 94 842 730 626 212 824 599 870 49 296 897 718 910 207 618 491 453 783 974 723 714 769 984 776 84 295 839 904 365 107 605 173 675 42 778 993 590 96 600 868 717 807 359 768 390 829 868 582 312 188 847 184 458 303 377 203 81 685 176 758 353 890 398 9 600 888 269 927 235 997 776 31 612 480 451 752 415 233 821 840 330 158 403 376 651 777 858 190 651 961 717 836 657 370 427 993 583 691 103 589 436 16 270 895 203 932 854 277 740 884 294 450 762 986 63 77 46 394 451 260 98 855 854 304 610 524 79 514 544 88 761 365 334 762 749 302 721 15 454 568 718 982 476 763 535 257 295 768 811 250 459 512 813 743 858 781 235 99 922 11 282 960 77 267 662 52 503 51 421 91 818 200 49 624 690 310 646 422 573 817 417 621 420 557 965 943 553 
415 184 82 30 428 478 99 917 212 533 49 114 918 745 75 860 583 652 647 366 964 777 889 731 844 134 0 656 579 603 319 583 647 686 957 849 184 996 681 522 474 975 138 220 105 564 752 182 671 891 757 293 372 735 982 96 605 259 996 43 872 833 971 489 274 782 233 78 434 895 819 766 506 848 32 358 135 915 424 228 228 544 699 358 296 428 254 945 716 196 307 833 513 875 233 920 154 804 818 216 238 726 879 238 60 480 409 804 713 133 619 700 510 705 890 116 90 339 145 213 583 781 28 519 468 279 635 296 321 922 489 432 165 248 436 696 577 705 430 589 71 245 634 383 89 376 261 701 404 132 835 190 286 52 80 408 897 748 495 568 84 235 761 354 369 85 290 542 589 55 893 494 482 362 817 249 367 998 781 269 904 724 53 665 977 292 932 383 895 442 908 92 562 351 31 928 209 317 829 515 76 306 549 914 947 55 854 134 798 38 903 897 747 834 646 55 294 19 560 408 351 810 939 262 113 929 278 224 92 328 427 249 442 67 10 149 895 74 392 453 955 195 268 454 631 142 684 552 521 2 221 68 977 780 954 335 12 723 542 816 75 760 998 645 231 919 689 387 37 327 843 531 922 839 512 342 721 262 353 250 772 788 340 923 890 381 66 227 728 300 745 337 192 276 392 937 918 802 592 637 888 787 11 94 431 799 638 707 104 612 183 559 904 499 330 743 981 741 843 768 947 732 711 932 268 491 865 504 117 764 546 602 927 706 336 457 567 514 638 241 941 755 713 737 590 290 250 353 839 749 378 450 559 326 192 923 382 291 883 719 383 980 220 531 744 652 306 440 951 427 336 261 638 116 60 363 816 215 709 792 127 97 485 65 52 933 596 348 510 321 853 110 634 125 812 12 693 963 745 410 856 115 666 847 832 304 367 306 439 749 936 735 25 777 480 837 734 222 534 817 159 795 253 621 63 102 23 891 698 941 722 282 8 871 103 620 125 971 144 866 387 678 128 458 985 874 377 921 729 312 97 70 877 891 886 868 232 258 895 769 926 246 776 54 750 74 479 628 816 1000 509 237 413 724 507 578 739 752 655 789 565 785 477 975 200 733 466 963 285 428 95 553 847 995 284 804 633 84 581 180 
547 251 865 436 358 682 527 494 781 436 759 277 766 183 299 444 488 930 784 821 768 241 779 415 337 505 976 1 968 361 944 488 276 52 577 506 87 762 514 692 138 122 318 652 500 354 619 996 705 435 407 489 462 937 732 380 829 130 638 441 629 592 782 306 540 835 133 150 841 321 188 476 340 397 451 846 32 189 835 663 420 630 864 753 699 354 143 254 455 770 54 426 273 256 841 529 607 597 852 875 989 69 390 197 880 534 337 734 237 193 631 356 727 260 55 960 826 148 710 303 209 217 553 19 280 179 535 223 633 618 650 647 654 584 458 490 359 428 736 658 932 544 809 506 269 750 861 713 547 159 960 133 776 763 233 621 384 580 812 999 527 820 349 814 246 483 353 552 123 662 155 4 81 225 812 760 153 543 797 349 521 204 529 538 528 232 584 717 211 5 44 300 857 999 751 463 118 411 372 592 963 447 932 823 654 965 404 547 440 79 562 700 922 904 31 29 460 220 879 940 706 90 147 539 670 96 986 787 537 740 110 297 372 896 288 948 865 353 357 151 909 148 707 921 886 809 914 387 968 4 54 495 58 93 778 408 368 490 510 875 499 46 938 542 292 939 799 957 88 1 256 597 161 283 797 957 406 182 396 392 223 448 432 722 502 381 67 816 991 708 852 451 532 353 405 759 276 979 930 138 688 950 325 218 704 47 129 236 419 416 357 761 691 9 186 8 978 565 443 842 275 474 865 114 209 83 577 375 632 797 453 585 800 479 75 841 600 979 64 663 974 436 811 482 757 828 309 194 17 894 601 803 459 249 818 588 638 28 199 823 853 167 615 939 840 434 393 728 469 672 913 401 160 158 584 690 160 400 801 814 847 779 652 782 691 514 154 502 917 779 648 156 418 370 938 740 246 416 985 345 238 168 597 738 233 371 535 453 263 378 757 948 512 329 56 202 276 304 54 49 850 296 954 202 346 480 458 839 138 215 885 111 454 494 371 539 680 59 721 797 385 180 755 594 847 389 177 675 320 298 100 842 83 420 883 26 326 726 915 787 77 453 678 453 728 707 320 94 901 340 709 668 345 262 275 696 870 366 388 792 718 440 578 543 131 46 700 615 311 784 549 983 576 614 312 98 158 171 363 853 
534 359 756 840 865 391 581 611 665 347 44 156 598 987 29 328 858 427 398 437 56 604 127 711 944 974 731 674 898 750 647 926 238 744 417 917 334 830 952 945 169 167 927 67 610 774 170 780 4 963 575 988 687 678 693 620 500 778 545 362 11 722 485 368 237 447 93 710 351 155 401 536 479 922 619 587 557 671 998 823 153 316 886 824 752 160 586 592 140 179 557 169 534 157 472 825 671 22 815 721 222 820 237 745 182 582 298 366 157 931 302 271 181 428 868 698 371 842 276 110 486 138 325 472 455 481 860 190 824 227 291 893 528 521 49 985 116 998 80 92 89 821 362 464 537 712 176 354 790 941 707 848 332 850 435 691 262 800 290 595 488 626 72 918 745 569 316 65 748 221 950 744 325 427 697 932 135 930 903 775 402 298 705 239 464 850 532 772 658 991 470 950 920 789 197 126 616 640 916 69 96 436 549 40 507 163 459 280 855 327 969 823 965 121 459 564 164 353 190 561 237 262 711 938 622 581 201 731 561 917 676 118 505 282 519 855 359 748 630 873 701 609 748 503 73 41 127 658 592 776 71 807 841 947 935 842 241 90 530 864 252 995 394 326 385 458 559 92 679 244 165 896 395 464 972 17 214 274 532 246 736 301 692 217 977 252 889 520 847 264 8 549 511 620 688 592 192 384 434 463 861 138 632 254 894 709 896 683 782 458 713 683 411 187 972 707 551 228 782 914 35 664 306 181 350 608 226 613 739 991 313 138 248 736 72 835 944 819 695 157 450 500 776 147 593 275 320 735 343 976 536 75 307 623 601 798 681 604 620 33 362 523 279 198 90 337 812 932 620 822 558 971 267 206 629 149 737 847 60 128 668 734 880 953 265 722 456 660 75 692 334 696 90 657 203 729 818 755 215 788 509 803 792 945 460 880 751 520 18 899 681 235 212 660 448 571 777 246 755 888 69 879 147 31 99 986 990 214 775 98 724 584 74 714 899 358 174 694 904 670 817 977 282 768 94 198 844 452 411 964 207 658 340 518 171 323 296 644 96 509 491 620 562 551 499 154 703 615 299 538 537 965 547 98 667 51 267 862 644 478 848 473 692 731 619 957 229 649 234 345 818 810 454 508 286 686 473 57 856 188 
150 685 73 911 832 628 930 501 655 243 425 174 574 829 465 368 999 847 634 400 528 34 552 998 41 806 801 843 246 827 593 497 608 525 27 232 540 499 698 778 399 294 717 814 551 677 214 938 469 406 258 806 119 963 531 216 305 344 459 422 22 445 363 146 64 662 984 64 21 185 575 879 456 864 241 216 176 811 556 603 439 779 703 393 907 901 919 271 152 240 555 86 140 769 903 147 238 902 389 736 50 904 569 429 421 968 912 362 449 595 165 344 720 430 43 622 406 897 146 639 507 200 497 459 846 634 408 31 777 732 494 972 289 53 682 255 167 249 147 19 336 786 855 455 530 366 721 850 367 704 110 848 541 782 831 686 679 728 274 64 195 257 439 862 654 642 410 129 419 13 246 271 190 228 764 491 301 830 12 754 88 21 351 10 388 201 495 74 608 731 285 148 21 58 490 282 693 683 273 325 59 106 737 833 677 927 206 253 394 487 930 98 239 524 845 918 736 447 956 323 696 389 368 628 278 430 315 867 564 677 92 623 165 826 798 857 112 494 801 802 762 931 141 651 220 500 766 692 517 541 748 10 343 712 331 192 679 136 159 936 863 713 456 100 873 174 394 831 296 179 890 403 761 4 547 911 612 133 42 607 438 719 997 174 745 467 199 559 571 231 944 843 235 142 882 790 215 776 276 557 188 708 401 487 458 669 736 308 112 276 986 922 674 748 751 188 618 868 179 519 664 653 755 508 794 303 539 150 91 583 164 656 612 266 601 737 422 843 698 331 899 158 836 712 3 355 109 766 612 363 69 832 527 247 161 85 424 28 168 539 39 65 205 482 274 580 917 937 504 199 271 435 739 202 306 831 389 150 149 919 379 690 980 567 42 647 641 830 0 920 562 923 73 858 968 695 497 331 286 688 218 596 742 917 974 310 977 305 105 910 201 455 14 622 751 11 820 158 336 530 315 47 29 531 232 53 923 634 435 876 771 836 71 634 617 985 747 381 585 409 800 595 511 989 653 290 775 438 916 692 144 386 277 75 260 752 926 822 781 968 897 338 409 911 307 198 964 3 955 510 558 346 866 781 212 327 800 917 620 619 902 31 276 304 292 963 680 865 675 542 397 386 544 44 863 181 368 213 332 425 
29 107 738 293 523 932 738 973 996 243 14 56 198 746 851 907 180 715 120 59 324 218 50 733 270 580 170 382 632 873 739 565 138 296 166 450 322 438 755 585 301 15 974 16 830 342 855 178 901 820 838 910 372 538 67 697 104 791 837 394 351 562 4 846 266 498 956 331 753 613 965 463 852 547 851 375 727 217 982 642 248 751 236 350 531 762 793 812 837 72 352 220 280 958 224 824 504 536 28 621 618 679 856 580 921 226 508 618 290 138 495 696 977 546 380 752 310 102 105 64 783 342 616 356 256 982 211 961 28 187 2 773 4 926 975 537 20 586 685 427 546 739 667 810 909 736 113 573 43 8 215 635 236 887 371 664 677 632 55 508 101 60 366 703 452 442 836 396 230 201 670 882 495 256 283 740 776 42 851 816 470 195 484 935 337 498 19 770 944 827 709 162 145 159 690 76 462 148 181 146 9 648 543 956 422 866 781 643 203 786 485 266 628 147 523 294 306 419 981 136 94 354 680 341 85 827 229 38 777 289 927 459 846 185 329 458 750 595 133 571 203 72 313 182 826 48 613 233 507 486 192 919 355 708 826 154 981 501 683 527 867 832 88 490 494 722 466 927 680 881 124 292 985 426 569 205 878 508 150 316 211 950 853 574 37 59 294 289 997 923 894 345 713 257 239 811 517 593 440 711 733 659 931 431 158 17 969 306 368 724 512 441 983 251 881 990 505 403 70 485 728 571 654 790 139 292 295 538 651 310 189 135 187 119 814 405 410 600 444 459 185 344 917 888 789 680 639 893 85 980 241 138 278 916 584 54 848 583 319 720 788 579 969 672 134 314 872 570 811 681 413 794 939 450 81 619 692 154 751 491 312 388 32 532 557 702 981 933 488 110 351 782 925 100 45 362 690 86 233 962 855 249 912 126 841 170 69 372 425 320 935 778 42 76 12 139 674 32 543 44 222 267 904 509 619 112 769 143 198 146 832 68 473 765 55 282 968 594 632 93 761 84 625 470 577 582 507 882 285 818 982 415 224 682 231 169 622 579 372 713 733 24 412 216 408 119 391 443 27 107 549 909 274 795 643 439 505 665 387 82 677 455 183 632 720 848 121 144 751 90 942 719 127 14 521 14 357 490 129 74 
442 75 634 904 44 415 578 470 413 67 197 741 184 352 661 991 481 343 698 624 210 743 889 471 679 197 524 338 728 289 692 53 222 684 483 378 456 742 961 211 491 293 549 587 804 928 205 225 333 786 945 642 337 361 9 720 727 696 584 887 75 568 650 351 650 576 516 129 512 871 353 326 489 123 938 456 175 636 308 480 668 312 191 825 108 741 597 980 164 239 438 344 46 800 679 660 740 222 480 376 83 588 862 912 389 687 549 597 290 749 705 212 890 24 265 11 797 282 664 977 898 419 537 414 759 429 277 801 89 237 556 374 915 284 762 377 742 270 875 606 408 186 709 994 884 742 609 397 309 281 726 692 343 247 219 684 626 658 127 239 650 323 705 209 106 195 406 403 819 971 751 927 770 218 674 988 33 74 317 187 545 178 361 578 848 761 847 439 969 273 65 796 802 149 131 167 260 512 491 681 207 665 219 842 872 608 761 313 156 648 69 147 184 454 229 212 925 153 223 127 732 514 51 377 292 313 1000 310 840 496 709 523 717 392 968 597 208 709 913 798 280 871 652 367 493 903 1000 67 56 526 669 557 880 509 66 626 493 83 895 4 134 565 520 955 593 527 222 434 681 487 106 142 11 942 197 190 708 107 834 16 741 956 700 582 346 289 817 905 638 49 917 802 12 483 277 17 962 921 91 969 306 142 738 209 17 943 498 197 743 52 174 162 236 867 193 894 183 6 16 928 198 335 136 1000 736 186 287 568 255 96 530 882 150 460 697 809 780 994 464 759 230 307 677 697 90 495 761 340 251 87 906 199 96 108 681 424 909 529 859 695 390 684 331 722 255 997 7 192 130 766 946 94 204 43 177 456 913 560 227 841 687 665 616 414 513 688 269 649 560 525 557 723 15 407 797 928 121 885 836 44 356 313 149 298 489 896 602 228 812 290 174 527 832 717 27 5 805 664 842 97 289 775 697 774 579 812 719 803 446 805 131 499 863 589 857 292 927 610 687 606 565 919 234 633 32 961 352 290 398 746 148 832 435 273 228 86 683 283 363 750 6 360 806 372 298 744 29 625 609 43 198 626 699 278 303 649 541 188 407 6 114 414 590 553 599 538 159 984 230 784 100 940 958 303 579 361 507 169 948 728 
614 269 234 701 956 556 774 955 911 468 630 386 80 399 354 950 510 700 34 948 659 379 207 598 25 457 609 350 948 971 337 210 152 261 686 322 855 655 866 854 128 995 662 588 665 614 680 698 235 408 608 181 87 590 973 441 4 361 703 660 583 51 679 881 381 798 66 868 588 809 483 604 701 368 556 176 488 426 920 17 338 882 152 586 661 227 203 451 840 417 940 176 478 792 242 644 839 843 598 639 999 468 257 722 641 824 967 230 690 112 465 280 960 527 689 417 454 671 197 507 467 885 922 979 884 274 680 629 885 147 885 427 296 361 101 208 36 805 657 631 687 359 871 446 941 779 990 66 388 899 756 345 22 488 35 349 25 378 909 204 541 169 548 574 699 122 970 227 998 654 95 378 270 312 205 671 486 292 353 602 466 659 502 816 304 857 77 987 497 535 419 93 319 515 198 29 568 954 831 271 15 609 431 169 756 903 75 461 371 811 801 668 142 767 373 504 344 627 919 414 643 130 528 208 938 905 253 120 319 876 885 844 488 958 311 603 829 156 333 207 794 3 840 877 317 210 602 948 359 340 867 136 254 510 935 4 123 503 219 227 604 650 99 47 503 523 66 38 607 553 604 828 247 535 523 517 732 781 550 325 332 119 829 252 199 666 981 4 518 526 903 621 992 109 234 446 721 662 560 615 580 609 939 655 274 947 884 913 189 327 28 689 624 823 406 191 129 975 250 798 971 156 846 664 827 263 12 574 723 16 239 183 416 750 743 514 269 97 474 59 553 765 618 255 334 363 306 998 668 887 580 794 85 956 340 130 530 50 64 283 743 530 963 861 284 520 174 949 330 232 286 873 690 373 997 957 427 227 660 667 83 940 855 678 306 45 241 702 302 696 906 506 726 286 76 966 49 261 87 27 752 566 417 176 625 25 992 297 667 770 118 12 471 378 739 61 917 646 35 199 657 914 906 313 975 486 236 25 426 888 423 114 108 739 502 554 114 92 294 250 876 147 704 14 965 840 216 738 941 125 21 814 357 989 224 425 471 780 746 81 705 948 554 241 598 703 334 411 981 55 479 767 318 709 340 62 26 973 195 613 795 642 238 381 320 406 883 593 823 347 644 20 552 328 873 198 973 392 854 900 
633 648 742 336 743 727 422 977 982 284 158 568 662 385 888 241 691 321 515 937 747 763 910 917 517 626 150 366 164 84 535 637 144 197 895 485 626 726 14 861 415 114 884 714 841 213 952 694 515 565 714 191 532 325 882 513 376 996 68 197 796 838 838 858 222 91 532 729 608 583 903 873 787 578 311 438 485 286 80 488 9 840 4 30 118 754 370 250 254 359 294 386 93 536 918 934 305 8 948 305 564 884 775 471 42 195 205 722 161 937 791 428 439 226 800 822 43 674 964 796 765 871 531 745 940 661 313 345 956 929 383 228 212 122 506 378 807 634 209 610 246 538 937 217 468 62 587 584 876 701 7 153 278 23 966 381 42 119 50 667 595 454 353 479 978 873 469 652 961 472 452 529 694 198 666 744 891 190 399 131 30 496 122 729 857 179 990 659 141 989 431 273 957 419 194 580 827 483 141 313 456 973 471 928 699 960 314 489 311 718 269 269 229 139 622 926 383 462 51 235 614 849 614 46 287 469 356 623 85 964 536 777 716 675 827 785 621 306 242 956 761 107 758 300 429 818 927 103 231 307 884 709 540 980 233 878 562 57 163 744 665 160 551 865 20 541 83 314 773 654 813 75 721 83 627 440 135 515 181 84 877 802 343 385 362 403 102 378 287 131 345 342 348 470 290 376 139 181 336 119 473 810 363 782 341 895 33 82 842 555 141 701 571 896 573 726 615 520 229 524 986 756 550 205 176 793 307 508 285 665 454 118 227 4 299 323 44 828 17 332 230 336 93 669 998 860 703 268 155 712 20 655 270 858 334 939 112 68 878 372 912 658 966 860 105 339 381 425 959 480 249 482 678 622 596 710 916 848 384 939 132 259 324 220 274 319 700 264 280 177 554 172 103 341 915 409 314 447 237 985 911 607 8 432 251 293 545 705 854 752 604 929 123 382 504 839 804 319 448 797 81 332 805 278 135 280 328 792 217 605 995 217 760 299 76 316 795 240 63 392 873 507 417 785 740 320 435 166 689 728 927 497 51 590 775 830 506 88 148 330 949 125 852 864 133 715 438 731 91 323 137 47 746 893 523 84 807 587 574 516 732 729 104 550 263 5 181 970 339 833 886 202 632 578 349 133 250 909 153 514 
153 189 768 242 646 728 78 983 262 842 536 192 213 405 275 446 406 123 465 664 817 790 924 77 666 167 367 790 372 998 497 487 2 72 665 458 320 469 539 709 314 627 56 907 794 947 642 897 649 769 718 23 62 898 909 75 640 827 640 552 879 107 987 487 231 108 660 664 922 745 163 617 394 608 910 726 403 160 403 394 209 296 727 178 708 372 633 552 975 398 840 61 758 155 195 454 396 894 285 760 916 199 706 237 884 61 836 906 831 229 124 770 918 714 211 744 159 768 99 333 335 46 658 195 116 601 549 47 320 50 409 693 551 976 423 203 338 124 713 270 289 511 238 459 666 382 770 69 966 408 82 569 426 810 736 131 423 313 967 229 605 941 564 677 307 656 160 845 431 844 802 190 517 774 119 533 821 599 251 823 231 49 354 880 847 13 599 224 610 781 89 890 110 801 781 958 323 753 211 550 536 276 827 185 321 191 14 124 525 773 950 385 986 438 432 937 907 741 471 214 210 745 303 416 576 293 687 839 12 423 164 274 346 140 142 363 695 709 969 983 910 168 870 856 806 302 993 81 194 644 690 733 474 422 862 28 605 447 766 438 797 416 496 919 65 897 937 915 231 199 792 916 566 633 805 140 710 284 199 577 588 828 986 170 769 409 446 183 691 595 823 298 409 16 55 702 501 807 955 210 807 292 995 544 175 522 944 966 550 420 583 628 408 718 603 931 456 561 43 120 161 53 0 550 967 162 934 854 298 491 457 827 924 723 641 991 101 865 667 707 137 272 193 349 218 772 937 94 27 259 15 887 145 439 274 382 949 344 285 662 329 86 978 222 800 976 138 869 997 513 979 576 862 661 855 580 109 308 614 515 724 581 291 668 610 566 244 270 908 13 996 211 278 951 858 406 206 967 535 129 496 578 379 704 36 548 478 340 78 769 466 103 750 45 530 336 736 126 509 346 200 667 226 350 110 103 238 216 804 226 339 849 208 362 244 602 771 487 162 786 156 87 154 388 217 485 831 228 26 316 626 555 919 843 119 862 980 382 485 123 398 863 960 925 345 927 46 706 896 763 455 362 381 927 151 66 237 129 224 647 801 63 44 331 453 288 450 557 661 673 351 835 173 456 935 599 328 593 674 396 
100 945 458 108 986 51 644 848 130 945 237 580 382 673 954 738 615 963 780 715 709 958 651 421 219 139 275 93 137 845 661 783 460 786 894 926 8 515 710 410 840 939 908 776 244 739 345 223 488 73 694 745 644 112 299 914 750 400 516 706 256 875 659 951 448 609 592 721 242 765 928 371 459 527 808 767 172 385 314 768 15 557 386 867 170 240 650 925 269 714 544 519 475 29 963 612 560 955 836 730 117 577 741 185 531 227 630 232 768 567 629 344 644 914 278 902 730 424 194 520 403 491 232 704 229 403 178 272 936 48 848 663 528 693 140 582 856 2 92 63 47 136 765 342 740 951 679 141 223 450 534 868 9 442 291 714 385 265 307 262 163 790 591 93 262 322 754 300 468 919 431 968 281 928 115 810 451 331 267 76 8 169 712 860 923 227 144 78 216 848 539 852 52 146 401 130 295 331 374 988 332 813 639 417 655 690 570 195 552 834 139 92 288 668 590 228 184 161 694 525 831 838 689 151 929 356 465 776 636 729 493 952 258 294 120 407 611 812 970 868 23 872 536 123 610 997 441 749 28 221 727 489 960 794 769 605 488 57 851 451 138 604 471 906 669 924 423 46 588 667 140 984 791 32 659 356 551 66 391 41 479 523 353 739 820 253 496 117 126 380 497 397 307 690 69 514 270 585 55 533 430 550 366 875 384 151 780 987 64 448 888 649 326 649 915 705 376 498 609 827 664 620 284 440 467 180 88 676 388 897 401 37 148 407 803 958 995 347 197 206 623 109 943 984 304 292 491 73 338 160 398 996 745 367 696 787 189 832 225 849 151 384 348 277 831 671 106 997 734 92 969 399 973 184 184 768 822 46 53 145 123 206 820 474 48 255 147 425 697 37 165 328 561 17 99 240 755 738 825 224 215 84 637 42 975 161 425 684 253 866 56 464 379 948 116 995 141 323 702 946 330 60 976 927 369 976 873 73 51 718 655 708 164 369 442 576 67 462 334 55 442 800 721 127 386 365 946 121 446 26 779 970 992 529 898 265 907 448 941 637 134 469 210 398 715 596 169 374 16 752 708 265 985 595 734 422 812 317 331 357 644 367 654 671 820 467 870 418 570 978 715 52 582 153 148 363 908 804 837 456 
772 189 921 882 501 764 161 433 964 676 490 904 20 770 690 683 685 638 948 923 411 879 590 889 783 650 569 741 776 861 450 325 669 232 708 262 359 361 315 693 867 745 217 914 219 489 440 42 746 278 357 820 997 308 379 482 36 872 702 87 818 819 377 636 993 927 771 880 164 678 955 850 391 308 445 646 550 239 780 887 588 562 152 665 36 459 944 223 557 826 268 26 446 508 260 254 970 79 334 762 599 36 205 439 151 960 643 105 256 683 536 574 517 582 968 81 214 914 498 168 952 591 137 7 4 613 615 198 888 564 50 898 906 886 959 71 443 711 306 453 181 233 366 366 639 324 744 449 641 51 782 219 917 344 589 178 139 214 582 205 153 208 465 512 850 776 895 621 603 723 321 659 685 131 393 254 209 376 119 45 203 70 392 351 345 95 657 464 395 733 794 418 76 751 179 888 665 140 364 207 286 377 231 371 41 751 182 298 563 222 638 660 550 813 399 555 663 539 405 890 473 57 169 649 952 300 21 374 373 593 843 174 763 955 230 155 274 702 99 245 10 182 907 864 698 375 474 645 44 637 71 683 174 578 178 151 705 948 1000 391 366 756 226 315 880 113 133 625 482 602 318 771 390 163 235 603 545 156 986 281 313 962 644 786 40 44 69 608 485 197 184 787 353 563 662 968 207 866 980 771 195 564 368 500 632 292 779 394 439 163 770 196 46 124 123 883 512 449 852 869 911 664 168 853 533 831 907 337 532 934 963 604 514 863 248 771 522 666 111 416 654 313 975 467 798 703 300 20 956 483 430 211 729 218 594 238 488 620 910 382 67 834 90 915 187 126 805 987 766 545 590 565 544 313 332 391 366 788 985 340 749 368 478 306 469 304 881 310 567 128 130 461 134 429 223 839 981 848 177 808 102 597 992 547 540 459 154 796 881 891 375 949 880 971 468 230 497 83 761 147 377 163 174 757 713 250 172 255 299 316 857 613 698 833 554 840 677 357 83 29 385 306 772 904 478 902 248 392 156 795 567 503 379 321 302 9 490 567 107 124 626 876 321 156 458 928 746 110 455 161 277 65 993 868 908 361 821 82 304 22 472 461 171 75 414 695 127 221 583 368 858 225 704 969 915 547 489 470 755 91 
903 649 176 341 964 287 588 346 453 140 449 467 162 660 464 513 506 36 1 187 12 348 843 257 205 101 361 950 985 121 131 684 340 235 985 228 436 275 516 360 196 912 321 368 639 660 86 850 84 23 777 734 37 410 946 364 873 416 708 269 41 847 281 120 21 62 884 909 727 977 25 414 96 771 916 148 911 368 85 237 455 571 366 912 378 472 959 500 574 399 923 104 441 438 706 850 839 212 79 515 948 261 896 931 260 837 74 484 564 511 370 760 996 947 903 803 527 215 339 263 376 290 618 327 793 345 506 239 534 970 348 134 654 858 56 941 391 900 318 298 687 317 635 297 323 270 696 311 761 511 953 409 996 601 100 297 789 543 920 702 509 293 422 215 960 910 58 206 521 275 354 477 125 17 648 406 943 994 388 912 783 6 904 556 571 771 325 836 540 51 405 914 733 480 221 852 553 456 611 477 893 253 88 492 242 894 637 18 572 136 626 271 406 603 577 335 155 855 56 878 141 233 606 274 199 35 94 502 350 870 514 433 950 633 527 721 717 586 55 484 308 744 590 941 994 446 264 955 479 553 304 624 104 351 736 43 634 533 350 184 432 758 940 352 826 216 196 600 896 551 251 377 192 707 189 734 50 875 952 425 35 665 653 738 720 793 869 656 578 533 508 205 541 475 921 43 455 463 678 898 319 332 645 670 851 476 357 727 296 897 953 240 905 816 432 781 868 274 263 550 220 886 336 667 349 578 927 59 255 353 445 998 127 954 214 249 359 281 612 387 443 583 116 696 960 524 192 737 354 384 4 867 490 135 242 859 446 197 232 436 282 684 607 857 583 475 836 982 894 560 686 285 910 936 692 228 357 849 720 533 9 146 555 607 756 924 949 501 873 281 10 115 393 942 500 224 527 500 543 389 37 818 763 836 328 913 569 918 566 933 931 740 220 657 276 897 897 422 730 785 49 468 803 10 349 48 411 384 379 704 508 501 623 430 665 609 139 460 812 139 798 955 775 687 706 856 287 95 581 517 814 112 87 232 2 89 767 487 544 454 228 290 592 302 105 816 114 583 921 811 115 529 588 816 66 697 294 594 427 89 236 197 674 745 780 349 824 553 637 412 59 845 526 680 606 593 866 198 48 318 
772 935 91 820 728 315 375 493 91 799 735 118 420 888 105 191 33 407 54 370 522 1 658 450 563 41 407 177 297 13 820 685 674 548 569 931 597 323 126 140 698 306 751 852 391 180 490 662 390 530 84 995 711 808 474 755 375 610 281 958 222 719 802 562 245 124 937 532 140 73 161 218 912 664 620 169 416 851 420 180 812 382 777 594 578 93 882 511 921 756 299 725 771 321 666 431 842 815 15 152 50 691 669 991 769 978 330 49 637 385 128 199 96 314 321 200 618 834 57 712 820 580 148 332 972 529 121 501 750 979 24 604 469 365 386 797 511 148 254 791 201 644 33 418 349 53 410 532 157 238 416 960 16 471 865 614 568 147 700 304 992 307 46 920 381 382 757 90 721 571 66 900 282 742 124 228 148 652 867 489 120 702 930 139 810 911 984 392 611 843 227 950 125 64 197 879 826 555 652 910 19 772 889 150 517 547 899 590 965 593 984 729 696 792 187 27 312 575 220 607 325 637 467 522 110 88 383 875 549 220 904 514 829 355 42 700 564 187 70 955 766 678 920 910 778 198 761 403 358 566 317 326 188 635 983 233 444 81 107 449 330 157 950 619 657 805 797 85 202 369 731 759 819 351 232 84 105 142 322 920 428 178 439 656 895 778 81 355 341 481 5 508 84 182 508 862 26 120 513 153 612 118 865 98 283 637 517 137 386 715 287 754 569 281 98 17 610 907 755 391 788 43 888 645 179 246 577 457 438 922 654 467 862 38 840 475 694 675 429 789 166 440 629 34 0 672 804 916 974 714 26 600 502 238 619 791 859 913 795 987 892 97 477 743 190 212 661 360 22 970 767 337 136 791 630 384 851 151 271 790 570 381 636 745 137 180 574 418 728 266 719 951 329 552 330 707 230 182 213 443 932 854 158 871 919 372 678 597 573 136 982 195 550 615 839 934 140 574 929 364 553 449 623 883 856 843 325 588 332 152 266 558 237 543 117 493 873 148 811 954 230 312 980 226 4 575 150 125 702 162 148 111 368 513 355 779 375 156 678 228 602 456 375 414 497 93 589 837 487 834 571 208 989 667 514 778 406 833 41 304 306 716 859 831 489 21 767 651 338 67 413 149 560 792 991 156 641 748 631 331 
596 656 550 549 599 541 766 52 846 215 642 262 670 338 699 634 900 751 596 807 406 305 453 994 272 115 870 676 864 657 0 757 88 365 575 484 749 490 916 836 529 303 570 482 152 308 394 494 914 567 502 916 600 328 891 45 892 545 249 608 589 516 222 113 422 791 541 539 599 94 822 421 657 17 845 866 960 216 305 820 343 462 584 558 483 523 55 548 105 643 410 991 451 744 788 563 235 57 654 272 574 836 715 249 499 41 903 630 813 789 379 191 547 198 311 176 83 776 181 229 681 639 308 107 527 877 168 919 672 335 572 58 424 672 130 293 905 364 758 525 976 562 262 245 445 582 439 707 875 158 184 18 411 103 403 828 804 887 29 197 87 724 483 918 872 961 161 923 676 722 368 407 307 247 490 25 157 75 662 753 258 203 87 423 631 236 78 141 217 746 733 139 249 117 52 571 445 214 666 923 344 115 362 373 504 602 546 35 210 972 257 847 707 668 669 522 77 826 347 672 401 795 282 229 553 365 22 820 940 886 588 628 801 338 105 538 669 421 687 925 473 310 741 715 545 604 554 9 718 324 794 6 913 324 418 817 639 947 748 407 244 294 670 770 645 203 307 128 875 48 782 382 295 884 478 187 512 258 615 884 581 492 890 181 214 827 864 269 961 247 316 891 325 412 765 257 651 326 998 780 249 567 223 345 426 488 892 361 153 473 910 481 621 57 226 671 735 150 537 334 937 887 193 912 252 155 567 788 7 85 710 750 401 20 646 919 24 801 266 633 559 135 22 427 705 827 80 257 215 794 474 288 206 214 512 336 263 251 683 569 844 22 932 50 112 26 206 475 515 983 144 849 713 341 927 830 233 269 689 319 626 485 759 665 665 790 478 452 474 94 578 203 271 651 109 1 368 517 587 164 751 705 247 970 797 134 852 80 592 456 715 7 440 141 720 27 881 374 743 779 232 545 737 228 465 866 348 28 772 668 362 642 657 820 462 469 134 682 466 328 559 833 93 694 153 816 535 774 180 411 9 623 186 59 718 551 410 966 363 836 663 464 799 213 43 949 6 29 635 840 25 827 683 918 610 32 626 69 635 236 199 397 756 521 40 887 913 613 18 667 495 170 668 120 892 65 454 711 588 196 
539 867 327 543 814 915 896 907 485 950 895 482 638 484 125 538 233 226 577 571 976 310 106 426 436 713 712 172 735 101 472 284 170 518 303 21 283 709 726 896 750 319 494 167 866 655 0 728 363 999 356 545 210 495 231 130 387 563 940 117 685 250 343 260 357 807 937 447 788 754 672 496 480 256 567 190 367 738 855 462 792 410 31 607 995 53 363 827 676 6 782 939 55 890 461 64 788 349 618 3 430 418 349 857 364 150 276 509 974 709 217 919 739 92 188 781 227 160 756 561 604 190 444 423 831 594 485 860 274 992 514 990 587 819 233 472 690 693 649 316 906 311 676 120 534 733 507 539 364 786 588 964 250 569 519 788 16 366 276 171 708 920 998 565 412 676 359 463 89 997 83 408 678 569 221 710 445 235 234 599 513 379 684 334 915 766 282 670 218 649 2 737 705 412 744 969 370 488 954 733 481 833 635 840 227 101 794 170 364 752 862 850 704 919 612 266 451 66 51 401 352 853 657 758 805 742 282 119 79 564 666 28 499 700 276 343 463 556 597 880 318 299 581 75 251 499 580 600 367 599 434 75 374 738 676 377 599 783 194 831 777 646 426 620 437 995 57 444 539 914 216 567 940 972 815 477 105 408 925 9 518 853 279 164 446 658 582 333 254 13 840 919 184 687 954 725 420 553 133 370 868 713 584 494 791 203 636 50 847 44 563 449 33 260 872 304 456 538 929 542 976 526 343 246 480 268 218 488 479 96 484 756 499 342 388 47 768 18 59 682 101 112 702 766 922 836 545 208 932 647 695 319 269 52 543 440 83 153 102 820 81 876 669 493 132 580 676 856 342 325 440 802 897 103 442 755 350 675 488 963 909 883 337 867 390 357 378 822 964 19 896 363 773 891 503 492 29 960 899 495 699 418 890 339 918 430 401 779 251 447 889 824 751 798 528 607 302 72 185 341 153 435 555 259 962 242 326 63 30 740 795 474 379 553 734 291 625 604 102 794 816 826 480 636 36 893 491 274 942 871 146 817 27 57 722 963 82 862 809 234 884 937 263 776 115 805 724 51 36 569 148 345 523 888 534 174 539 639 480 396 442 791 889 38 451 815 615 446 504 774 441 102 906 775 831 28 643 717 622 573 
806 463 708 783 278 814 88 683 430 433 576 326 657 86 588 693 156 794 560 83 507 188 811 624 590 517 603 149 957 905 18 683 93 633 608 466 424 428 144 299 231 561 43 864 658 408 439 523 244 223 46 100 97 769 702 965 979 33 886 303 363 620 527 992 260 58 495 315 689 831 577 72 161 178 90 354 663 411 567 271 191 39 206 835 307 195 453 206 813 104 274 402 638 261 185 568 653 666 707 177 776 747 783 922 419 336 13 933 439 280 73 292 955 74 265 476 791 917 598 54 658 741 70 698 469 291 785 536 752 402 154 603 595 431 497 561 314 1 17 283 63 745 183 295 552 974 790 37 56 414 146 928 717 685 960 104 637 205 815 645 133 510 566 671 999 610 946 681 147 494 23 416 316 398 353 438 340 309 407 28 671 97 644 196 392 777 692 167 42 969 404 673 198 920 927 233 82 700 629 481 419 502 910 812 325 388 821 595 51 46 843 12 125 956 450 129 404 211 559 545 481 889 883 392 471 421 610 376 732 168 403 342 353 909 215 711 541 915 494 446 659 632 424 778 452 875 537 97 249 219 505 406 870 311 661 84 841 451 266 4 299 492 229 535 570 178 647 906 52 39 481 645 854 95 970 249 208 484 663 525 163 368 107 407 372 303 600 917 881 671 453 602 147 452 913 831 922 914 816 488 564 686 204 111 302 982 136 441 0 969 486 129 97 144 521 481 153 645 839 333 589 285 924 382 446 553 828 688 945 993 645 296 797 578 837 904 127 795 93 401 438 5 882 10 745 733 199 247 128 165 201 723 139 29 888 200 47 983 529 206 489 332 673 388 777 197 51 848 983 843 919 169 547 366 932 542 951 561 463 89 497 966 642 166 487 234 558 970 906 227 492 469 355 349 88 102 699 527 861 607 547 646 799 17 53 114 227 164 6 487 5 729 387 463 415 428 726 590 370 534 286 799 887 585 742 766 782 303 55 797 129 29 792 75 306 43 708 896 255 870 523 733 17 7 913 517 221 140 951 140 337 358 352 128 692 536 669 801 536 221 764 528 768 332 909 429 277 92 365 522 276 619 878 425 30 509 628 338 706 47 637 31 988 878 613 660 55 557 80 26 155 763 762 513 807 300 897 441 587 595 
609 405 84 178 643 537 119 601 513 865 654 453 694 56 818 273 406 24 72 897 596 209 328 794 517 722 977 681 360 328 93 556 570 862 271 227 413 917 733 684 293 924 770 450 198 330 183 897 64 611 23 763 374 31 505 366 421 762 899 109 586 587 508 19 599 43 349 680 257 999 84 825 330 943 676 708 789 474 157 796 974 521 922 929 31 181 508 969 85 495 194 944 65 651 703 74 211 153 963 843 599 174 514 679 705 870 316 556 514 649 40 311 344 968 748 521 768 103 792 882 771 438 552 707 788 247 835 74 654 182 800 816 289 845 810 162 191 536 417 396 849 296 996 701 413 382 252 745 624 56 597 490 487 479 63 212 535 288 474 829 498 129 48 177 484 279 920 325 441 330 370 123 80 848 412 952 781 977 47 852 387 355 90 966 659 523 971 120 676 274 592 490 650 690 517 310 2 771 117 579 248 346 17 751 814 648 44 779 963 770 280 944 678 541 644 981 287 471 140 974 89 345 152 571 362 609 563 352 361 36 558 814 619 199 934 343 361 182 531 115 650 940 135 733 256 662 319 941 341 725 530 215 763 251 515 406 929 452 825 950 290 139 928 139 618 143 568 149 211 663 11 733 42 451 589 131 355 678 45 796 412 964 700 255 181 346 365 202 820 328 858 842 559 648 127 147 31 995 838 535 716 793 125 622 398 422 967 482 866 768 295 658 425 973 465 672 161 145 939 795 826 330 360 606 625 377 351 641 241 395 501 971 5 569 874 85 590 314 127 866 56 470 335 353 646 757 597 557 584 63 909 262 264 166 712 207 473 630 694 90 757 370 342 268 833 927 877 351 582 555 729 765 217 829 654 657 270 837 71 416 439 659 721 820 820 944 888 144 543 453 217 107 45 552 299 419 757 343 305 313 495 310 925 252 35 308 306 673 166 381 233 442 920 117 467 430 638 579 882 837 401 357 436 312 949 96 646 22 851 689 475 736 599 960 980 381 689 548 521 221 988 568 845 925 409 849 53 538 323 530 145 381 337 69 186 190 593 795 843 942 883 366 666 619 422 354 424 565 99 770 961 752 690 325 192 137 412 771 384 585 865 607 483 653 341 136 216 528 596 824 380 330 537 22 475 714 748 717 863 634 
298 103 467 135 691 896 499 56 590 404 754 46 872 547 243 480 117 835 931 234 744 593 469 132 850 188 139 28 208 422 693 507 977 669 723 173 587 6 970 250 260 846 828 451 585 445 825 445 178 724 883 918 55 467 330 449 71 132 289 286 771 683 161 674 685 761 135 605 312 929 503 55 275 298 797 511 757 50 422 779 461 789 310 808 971 856 21 799 157 724 34 258 117 230 902 675 775 882 195 33 943 979 304 170 120 506 74 637 982 747 544 891 670 49 435 291 661 13 418 459 659 232 598 302 966 316 676 268 59 948 713 855 103 143 174 559 303 925 977 576 874 965 442 969 325 257 682 109 899 535 375 222 680 805 305 323 963 720 59 343 3 628 565 399 32 669 461 64 429 324 338 899 46 966 455 173 694 287 648 613 321 881 72 416 761 961 956 759 723 280 633 863 474 4 30 676 115 971 384 907 70 931 248 504 882 252 559 921 301 89 623 228 120 926 864 626 910 763 14 891 807 871 658 511 450 449 105 475 404 230 619 482 239 591 341 74 924 709 821 391 767 401 13 110 803 61 440 83 780 58 921 706 866 607 46 89 369 631 672 480 283 482 165 629 383 770 675 535 15 889 411 937 132 288 491 774 894 352 15 997 918 165 966 521 355 358 618 840 149 538 880 736 984 320 489 936 819 704 729 285 781 218 883 935 688 510 679 91 671 576 319 32 803 113 72 928 200 189 177 471 429 704 338 778 362 8 878 820 369 889 158 796 472 306 712 758 577 618 607 871 558 56 359 960 585 554 272 314 493 640 223 378 837 534 101 704 711 525 550 429 812 507 732 453 756 798 525 430 121 927 925 652 442 77 829 288 931 941 308 944 697 513 647 204 677 996 136 604 646 408 698 997 166 118 570 134 96 61 581 300 547 829 42 586 491 448 651 734 92 158 328 242 599 376 655 523 213 340 234 758 496 284 507 387 469 60 618 374 659 628 369 730 173 717 650 247 576 978 240 580 679 243 744 72 315 517 143 388 558 971 211 385 27 861 591 971 212 798 790 82 357 294 947 111 932 726 804 159 841 789 107 866 819 890 483 534 729 411 303 308 856 66 384 150 195 987 647 561 233 938 520 531 444 308 662 386 154 390 367 467 
249 135 661 267 335 166 671 719 697 593 121 555 747 951 206 990 929 28 256 280 744 772 50 562 459 759 650 216 705 290 446 420 346 695 544 73 843 639 519 766 373 267 300 891 325 349 21 63 234 758 546 960 486 111 809 437 138 418 273 809 573 27 83 740 576 762 747 41 749 840 618 465 742 819 343 960 440 507 65 178 946 369 329 83 318 171 742 571 176 417 466 727 64 95 617 179 704 765 79 281 74 79 928 211 574 474 577 496 998 98 237 137 92 291 77 375 552 443 489 746 773 243 5 591 41 386 958 826 476 345 546 693 269 697 648 572 885 896 827 569 838 295 185 57 971 934 356 541 234 774 947 979 814 199 430 841 651 326 618 949 174 690 763 122 811 234 605 265 575 119 48 493 294 445 781 673 446 41 692 542 880 848 655 858 280 714 580 548 974 392 212 598 231 633 960 702 605 839 847 726 69 145 295 975 87 911 815 33 31 578 973 140 134 179 484 613 342 7 882 862 31 599 167 425 14 969 445 800 447 141 219 587 106 545 311 200 980 400 767 842 31 843 452 437 774 18 413 316 481 932 845 942 316 92 238 429 709 375 886 862 768 161 275 395 863 183 192 696 370 9 380 462 103 539 149 170 229 644 72 688 1000 556 204 781 300 760 845 507 712 598 106 641 144 868 992 319 996 310 828 535 274 162 568 171 461 984 364 808 257 848 468 687 317 745 389 379 546 836 449 475 514 902 597 606 34 846 337 57 62 566 52 229 931 959 384 78 552 72 248 121 203 99 656 904 343 999 45 364 821 862 331 193 261 859 346 620 978 890 297 38 24 623 753 323 483 699 68 254 308 912 601 269 832 580 172 253 642 734 164 161 657 891 407 68 293 885 3 936 355 289 167 769 897 844 634 589 624 366 113 347 984 894 387 73 615 428 209 22 162 805 896 115 345 748 979 527 585 863 846 739 370 295 861 950 853 858 45 989 370 911 433 748 103 278 491 408 329 738 97 401 89 158 628 315 402 914 51 30 965 154 767 879 393 438 726 571 368 172 777 695 82 900 357 341 473 26 438 294 467 652 351 10 883 912 774 391 171 982 23 133 922 282 327 488 539 985 470 45 76 863 118 369 877 810 500 696 14 668 964 45 
384 56 1000 974 404 425 765 509 269 90 211 116 469 387 286 805 864 342 977 246 388 927 453 626 498 538 841 965 204 737 637 483 9 87 954 689 523 222 991 878 881 579 18 113 701 945 141 788 582 234 230 3 848 733 142 502 326 929 7 403 132 718 257 448 672 910 777 271 787 632 615 784 248 294 122 149 345 347 734 445 200 976 172 888 403 226 922 281 312 12 707 445 77 472 486 21 289 526 661 407 513 564 798 922 551 191 109 283 37 638 837 276 574 212 506 54 252 142 999 333 162 75 825 431 877 20 778 784 495 179 776 468 201 534 84 299 374 407 675 103 660 919 430 845 474 942 932 742 892 5 361 345 366 962 318 567 841 341 19 427 803 87 844 869 107 261 286 637 360 642 328 326 342 490 209 156 726 261 189 986 355 749 17 426 786 532 11 330 69 407 123 778 221 969 933 200 360 41 998 602 539 818 189 894 560 493 18 610 532 325 497 976 662 424 539 333 628 537 962 923 85 662 523 512 208 934 538 801 395 945 554 440 62 667 680 759 333 589 532 571 685 173 35 335 307 795 597 12 273 299 45 907 214 23 232 961 271 864 639 100 578 235 168 488 926 156 310 138 981 935 518 203 793 714 253 611 813 629 869 893 356 133 182 200 776 656 382 967 473 310 628 37 268 601 164 436 999 776 599 486 448 263 495 544 266 208 7 675 835 976 33 33 785 958 775 736 33 241 57 22 808 27 219 988 474 968 169 247 593 662 711 815 767 899 771 154 937 665 574 502 456 807 646 419 743 748 661 995 29 616 648 981 667 867 440 903 291 670 307 442 725 96 622 748 984 483 54 498 129 165 739 184 233 511 631 393 218 452 229 916 708 467 904 68 95 745 693 758 326 666 97 705 273 269 946 570 316 798 22 936 67 363 685 135 980 201 718 226 580 405 740 695 995 849 658 750 362 852 744 253 702 932 810 629 134 748 876 814 936 462 777 821 912 338 166 573 393 73 859 604 720 52 604 305 322 554 33 991 699 721 834 569 204 441 664 8 411 285 153 372 479 777 46 332 73 17 183 100 440 192 597 528 246 978 687 163 30 242 321 372 966 707 865 192 364 584 729 194 684 211 430 195 986 437 529 76 41 812 652 171 
803 223 92 862 807 48 46 673 972 374 772 635 312 891 161 233 576 358 118 392 120 942 501 4 367 519 70 970 687 832 313 22 880 910 439 613 569 511 198 111 653 665 830 890 214 892 876 901 879 564 898 643 88 831 904 530 750 91 135 291 265 893 211 287 839 280 140 830 856 0 981 90 853 583 319 918 447 227 212 943 432 30 820 668 572 36 46 417 112 390 996 941 689 4 643 725 750 142 355 947 589 373 575 186 406 975 219 179 293 985 462 253 179 753 791 233 52 987 820 852 823 690 466 224 804 160 960 747 151 370 644 782 904 333 894 3 273 591 873 116 893 723 977 528 869 227 90 50 670 887 712 725 105 468 185 857 767 269 650 727 719 325 417 720 710 750 633 434 592 402 937 471 167 507 294 90 921 867 777 535 307 824 827 476 41 906 61 928 185 352 230 323 7 225 984 78 861 872 353 133 305 945 651 285 410 573 813 311 254 86 76 20 717 978 848 410 731 782 904 282 727 335 615 983 979 381 622 636 240 601 668 452 862 705 4 55 372 103 482 11 313 948 274 446 46 36 486 425 808 940 65 95 745 341 167 814 133 688 286 120 191 984 400 291 676 810 689 178 826 996 636 428 646 4 445 754 992 357 496 122 471 635 323 162 837 695 3 248 943 468 732 332 404 972 446 161 763 918 714 18 257 1 311 357 610 223 260 445 356 424 552 427 701 310 808 100 428 85 915 461 866 680 726 557 318 939 965 660 603 318 884 412 237 356 899 839 670 502 170 535 945 659 17 212 811 398 10 66 809 137 288 560 315 532 710 711 843 498 878 462 316 521 908 467 364 310 978 362 609 17 125 177 276 574 772 583 427 820 96 967 779 31 327 355 359 531 154 44 149 158 102 737 735 17 309 173 494 451 599 728 365 631 921 597 725 305 327 487 63 364 272 762 481 870 676 224 829 361 342 668 451 476 828 488 557 250 500 126 526 5 957 431 990 121 866 914 218 406 507 804 249 580 138 729 831 232 30 640 395 557 736 179 348 182 698 882 838 507 910 720 543 915 529 384 454 37 177 469 316 910 953 828 808 840 949 722 710 934 480 152 181 566 163 466 795 913 813 703 818 460 104 809 768 608 330 852 323 690 519 566 
9 465 824 4 359 415 234 853 510 65 133 923 142 894 744 954 761 184 115 521 383 364 675 736 455 62 838 702 76 647 180 72 241 747 927 429 843 505 796 505 805 88 621 628 56 111 435 803 256 91 289 804 949 266 637 281 465 425 899 616 741 934 991 115 742 566 70 443 872 6 533 943 97 227 262 793 36 370 736 935 588 194 16 290 246 861 69 702 540 976 815 576 356 823 63 124 296 248 346 369 743 877 780 590 667 393 298 76 13 900 748 916 414 604 814 146 995 683 452 280 345 595 860 552 751 1000 311 771 485 3 818 286 460 274 610 941 237 273 415 499 993 410 913 85 620 928 828 521 634 491 105 592 451 82 836 331 928 820 936 91 949 943 276 126 750 800 746 125 550 556 861 931 245 82 397 56 202 942 88 647 957 990 291 836 234 839 570 821 468 536 490 864 782 20 15 636 132 149 241 361 757 51 773 705 407 637 656 822 862 475 410 26 723 791 353 540 16 636 165 430 353 827 161 233 385 898 110 762 498 485 408 858 69 545 475 916 574 809 935 355 327 685 456 384 281 419 180 6 82 336 725 355 850 278 552 332 424 488 44 785 732 557 563 934 362 10 598 871 941 350 760 481 872 225 436 197 886 388 741 528 19 509 981 586 362 792 417 736 451 27 390 542 34 707 365 361 852 925 918 785 678 979 76 991 841 167 400 568 903 103 176 393 601 988 897 106 407 156 948 651 274 653 631 762 679 935 922 196 738 534 111 43 526 75 684 901 789 919 585 715 621 540 30 513 502 990 143 256 55 540 689 443 705 932 8 179 226 526 244 11 78 667 335 147 36 815 417 510 185 809 860 96 521 592 543 470 675 564 642 656 485 452 988 481 859 703 347 990 534 723 75 655 310 595 415 152 728 53 276 981 176 647 516 980 94 687 363 215 71 619 172 238 931 340 550 545 429 611 914 998 617 119 719 291 794 634 960 196 754 118 975 359 470 218 597 933 841 344 104 34 928 730 249 245 2 935 760 277 981 164 380 805 165 735 645 817 386 599 985 35 174 934 565 987 471 995 534 944 281 316 473 724 525 760 571 5 518 141 183 298 764 442 85 570 948 408 530 394 934 645 159 263 407 329 720 198 175 863 389 958 
183 912 929 250 819 367 441 458 526 394 771 409 803 708 521 433 658 938 782 190 961 539 322 2 406 822 711 425 954 347 975 819 64 687 330 904 221 860 223 903 724 442 654 410 27 417 650 860 691 365 645 118 315 316 689 884 31 549 90 860 216 850 444 51 270 729 302 513 643 402 518 46 383 182 487 186 986 337 250 808 61 894 970 935 350 329 646 212 415 797 836 632 506 615 391 119 63 990 408 675 185 306 447 877 722 328 527 769 801 873 39 638 466 65 590 140 3 259 659 668 37 731 559 779 375 103 739 762 542 463 161 93 684 133 148 614 768 141 440 759 864 819 548 464 84 584 716 372 883 176 470 73 986 642 377 418 701 906 435 558 571 931 448 244 711 789 276 126 636 363 556 767 617 800 489 589 918 651 765 579 915 243 618 889 984 412 308 723 327 578 711 901 312 986 399 534 498 331 129 744 968 552 325 156 338 153 624 666 648 612 295 633 195 549 653 64 125 142 717 98 293 723 623 923 114 813 119 973 576 406 479 394 264 576 410 826 654 453 530 770 775 187 224 669 991 794 860 37 862 109 497 250 567 86 942 521 839 877 534 220 436 927 922 494 307 249 996 778 921 134 112 429 829 560 205 32 504 957 214 753 769 328 411 344 797 542 470 786 770 670 573 787 217 630 820 983 109 403 353 144 453 577 990 148 660 728 115 141 202 813 453 557 857 995 343 281 205 225 990 288 551 458 291 839 469 881 445 938 683 698 81 248 163 619 890 481 551 209 502 646 623 3 99 582 763 50 650 366 208 585 56 338 871 640 622 497 595 334 86 988 930 771 729 255 840 438 200 642 456 620 307 294 780 720 845 787 287 153 750 102 627 88 997 970 990 103 137 20 686 692 343 756 377 618 237 473 20 71 164 877 962 951 616 596 501 599 478 876 363 273 619 259 381 239 884 777 425 163 643 214 578 998 509 710 691 699 460 133 64 473 762 741 917 964 808 191 643 797 428 816 728 52 534 189 686 919 601 816 192 409 449 31 215 25 857 72 837 751 333 213 115 547 991 407 256 759 621 968 62 283 383 225 68 539 772 833 694 190 223 856 3 122 965 42 32 507 240 81 321 78 898 685 536 611 564 480 457 634 19 532 
21 111 430 549 563 937 754 692 447 713 256 442 290 999 0 483 995 518 513 17 940 7 95 80 679 689 136 594 833 403 90 619 400 94 920 713 830 820 796 675 752 846 154 983 906 131 136 559 769 819 986 442 920 60 642 652 72 736 783 139 132 736 495 496 808 757 759 62 632 854 924 265 212 31 482 414 960 961 303 993 905 874 485 496 993 425 351 92 349 494 641 287 125 53 44 224 638 290 299 275 285 132 767 793 425 252 573 196 675 556 106 424 583 818 974 360 164 542 810 928 484 429 147 855 356 459 198 529 896 964 579 477 391 621 903 359 257 487 885 748 206 565 783 227 255 838 910 271 515 731 109 208 672 688 893 917 541 926 317 99 886 683 427 670 797 688 998 975 380 447 19 257 950 408 647 732 188 315 944 52 180 542 786 962 432 733 676 793 625 62 107 62 800 599 202 895 892 552 365 896 472 896 185 226 735 418 554 376 362 577 11 267 789 471 492 529 928 626 529 152 411 797 793 119 898 276 619 49 454 771 354 77 943 996 418 924 845 266 561 501 87 492 70 434 586 447 673 531 441 639 148 1000 936 474 72 455 997 643 375 884 122 19 388 586 765 989 758 881 365 308 776 894 10 399 126 560 464 526 524 481 55 950 74 349 178 965 96 958 402 130 525 389 546 989 189 669 534 688 385 385 943 873 197 876 940 138 145 112 417 364 24 362 868 807 22 645 603 970 648 713 235 271 73 70 657 287 517 308 560 122 930 986 539 360 280 533 509 459 10 931 10 375 12 756 0 128 145 57 348 661 663 469 560 691 418 168 78 82 227 72 809 506 316 643 562 279 374 240 989 934 559 737 17 161 812 275 357 345 289 871 716 385 617 788 195 147 990 652 173 575 706 706 425 85 976 110 523 974 35 801 527 577 293 261 261 922 177 145 72 366 828 834 296 766 35 953 826 261 939 146 426 829 783 276 852 102 879 740 887 425 378 563 428 655 734 504 843 458 629 970 891 191 759 542 586 865 565 712 165 498 105 970 213 88 732 512 21 470 199 690 105 968 675 916 200 472 70 175 361 738 895 757 451 573 718 653 161 705 116 233 759 455 413 152 425 581 85 43 585 78 685 301 923 768 657 620 491 947 361 41 
441 245 464 335 287 358 241 760 918 480 254 407 873 464 49 137 49 78 134 27 68 368 973 269 817 843 366 431 459 334 956 285 399 809 76 520 784 289 340 442 729 20 210 983 701 991 467 612 513 208 640 215 439 234 953 532 706 464 918 190 28 703 585 374 556 699 567 471 179 323 307 860 186 734 807 262 254 708 955 145 721 587 32 577 444 41 278 651 717 305 622 23 295 632 867 929 344 761 878 452 349 104 481 909 396 794 469 215 803 224 836 133 448 486 999 923 258 806 240 654 900 391 189 486 228 466 557 945 990 511 920 883 828 78 718 913 30 198 558 106 643 939 728 736 277 373 871 730 452 723 375 440 763 212 209 834 373 839 262 486 21 724 338 616 597 297 685 46 344 348 304 183 250 749 584 58 912 295 661 199 356 344 867 61 614 702 294 179 447 285 866 989 677 589 630 363 455 877 140 47 944 953 677 16 820 621 829 553 249 501 418 610 558 635 281 427 842 731 207 547 152 870 319 81 579 401 562 59 5 699 682 690 557 249 32 708 214 998 872 652 590 164 594 953 718 469 434 525 702 820 782 89 872 896 524 492 452 192 711 904 941 391 697 289 276 38 588 352 315 619 341 990 260 954 16 455 367 196 418 829 830 219 413 721 982 277 855 625 324 330 880 351 835 907 362 267 16 694 255 495 484 419 763 450 971 613 391 75 806 204 173 352 473 484 715 398 711 475 690 857 645 190 904 272 455 395 64 419 232 835 837 800 750 508 582 48 521 849 118 882 921 995 885 69 312 972 295 33 184 794 414 216 48 836 821 747 974 197 527 902 608 556 229 898 684 773 871 49 34 194 582 659 427 603 762 748 137 239 21 813 8 979 562 938 315 372 325 146 646 137 332 709 487 837 685 384 120 265 131 585 200 941 466 585 978 675 604 378 348 147 816 764 2 614 690 183 507 19 447 834 419 288 311 916 48 792 198 527 358 231 717 359 992 205 136 824 708 273 24 962 280 634 643 412 966 423 283 871 634 259 956 810 324 605 129 988 891 535 464 578 266 227 459 767 952 188 913 988 167 167 887 897 162 540 24 329 919 836 213 751 755 670 174 204 506 470 736 988 24 470 885 771 216 236 813 957 570 452 3 498 
379 210 891 405 31 442 590 198 986 349 517 532 902 413 114 623 715 794 234 432 656 507 652 80 418 918 128 256 981 17 699 660 669 611 877 572 80 233 464 54 260 448 962 635 867 830 585 431 908 713 32 132 980 740 136 656 312 344 412 616 508 277 346 46 823 151 458 505 890 52 715 216 656 408 583 295 879 190 806 874 474 145 528 534 277 4 758 621 868 906 290 466 439 110 293 845 976 862 878 345 155 281 265 176 59 782 794 763 591 880 945 508 851 937 667 42 272 119 168 488 61 409 855 100 610 960 102 276 191 590 207 566 744 531 435 312 518 343 774 620 541 544 345 91 90 277 477 354 515 110 144 845 834 939 424 313 870 298 575 417 947 114 134 642 739 197 991 440 858 751 556 267 121 209 381 42 885 395 132 693 524 528 844 9 719 333 294 992 686 869 745 16 250 488 180 48 968 650 344 434 613 150 801 880 233 390 1000 204 643 142 15 973 275 539 132 570 102 228 667 383 692 551 342 130 341 793 596 838 502 941 155 611 949 565 669 855 100 872 855 751 659 881 392 901 155 207 379 126 973 881 79 256 629 814 44 433 204 844 573 894 191 87 895 740 528 75 487 616 607 233 939 356 956 678 917 543 342 685 304 398 182 482 970 842 678 748 320 821 180 499 693 520 341 192 348 938 488 312 636 912 929 958 935 67 476 533 563 179 635 605 843 673 963 584 552 44 628 652 447 986 410 156 326 283 141 794 121 417 201 317 313 4 766 360 800 339 159 513 837 327 353 66 420 379 343 296 239 787 298 65 76 900 181 618 576 115 764 88 302 508 793 451 506 43 497 470 369 400 837 753 253 476 662 719 353 442 180 806 915 578 942 28 771 401 492 473 360 655 874 499 735 493 48 930 226 150 833 350 166 109 64 799 674 536 756 30 282 31 522 293 187 224 601 460 394 369 165 381 255 934 453 149 296 218 221 466 359 6 858 376 204 959 434 913 733 986 825 959 667 467 921 934 49 463 140 260 158 108 286 228 503 770 383 303 516 507 159 768 245 414 753 418 947 352 680 946 674 706 576 466 631 902 574 145 545 890 840 919 819 152 705 606 531 488 238 589 701 807 523 522 605 22 947 988 102 786 593 376 760 5 
184 872 110 614 784 374 973 601 663 297 665 108 161 843 796 177 442 502 600 987 152 794 643 325 437 190 657 334 185 634 191 41 4 607 589 958 222 357 133 712 36 841 786 130 377 849 963 110 245 988 356 858 787 740 517 666 21 602 682 179 730 875 300 875 900 58 133 363 181 780 228 770 735 498 81 170 636 973 582 630 245 792 208 720 713 638 516 37 36 797 539 289 181 884 526 322 105 385 236 321 119 472 206 561 902 233 789 815 865 116 332 856 926 443 930 745 962 852 819 206 91 323 702 257 553 138 970 479 839 64 912 822 555 205 479 138 302 669 394 984 336 819 519 777 396 256 612 517 215 185 697 798 207 734 210 204 962 252 47 350 966 594 92 392 6 699 215 679 330 937 668 526 599 98 731 283 313 757 715 542 437 834 70 214 670 721 783 900 576 331 405 501 474 758 231 301 117 338 154 220 283 6 436 819 793 315 764 376 265 87 676 654 493 215 358 955 85 233 528 196 806 616 663 326 30 55 562 769 857 438 603 928 899 60 550 159 702 589 706 437 437 275 551 987 138 724 814 136 824 679 719 725 275 943 444 115 864 261 250 167 722 234 973 281 394 225 633 812 870 255 48 26 428 362 155 899 917 237 506 278 986 92 163 228 746 809 217 943 815 594 693 166 632 732 843 925 301 234 805 673 285 576 516 298 37 380 93 446 277 671 337 308 2 4 487 339 934 103 830 735 96 351 495 207 50 223 170 252 469 314 836 992 472 738 819 466 685 894 816 546 668 216 627 330 166 977 307 585 480 591 846 965 956 633 87 511 712 281 96 455 250 651 893 269 195 208 502 883 720 718 938 914 251 878 782 535 507 415 485 134 418 681 857 698 861 749 639 842 169 136 556 206 163 761 928 617 325 538 351 537 123 360 477 384 750 939 111 875 125 20 705 919 595 301 261 444 822 848 222 722 349 388 748 401 345 15 920 697 733 933 762 656 278 855 454 566 669 539 294 810 35 925 648 727 904 105 245 746 596 386 100 972 120 557 383 324 32 238 497 225 852 627 430 835 202 406 899 20 599 837 314 660 805 49 155 301 812 790 809 442 459 464 436 740 130 460 660 49 793 872 436 555 610 297 101 119 53 410 851 45 
788 238 919 383 56 44 862 981 405 998 783 549 770 156 660 447 299 140 860 790 415 986 459 61 656 784 843 739 913 459 90 145 352 732 713 708 283 601 171 387 201 274 140 770 564 317 19 267 269 95 534 499 661 205 81 784 897 663 346 531 810 957 142 953 37 347 963 574 758 571 314 733 125 820 906 636 626 860 953 835 822 932 459 217 756 215 682 596 970 313 692 428 687 26 871 353 788 620 243 743 909 924 33 765 40 719 786 941 136 769 916 686 860 869 449 686 337 724 907 835 430 773 798 123 967 675 713 680 948 340 336 753 782 121 520 940 643 202 894 63 850 17 721 997 872 130 782 451 950 245 893 746 675 454 207 367 505 200 556 437 464 235 128 610 991 100 507 763 297 459 661 110 272 946 115 115 337 65 459 267 856 290 324 428 732 144 299 373 78 671 128 367 677 703 628 630 250 742 867 859 655 783 507 251 695 769 492 404 250 801 570 959 674 355 407 56 152 619 965 382 594 546 926 702 303 877 634 88 900 223 987 637 148 942 797 464 874 861 93 168 573 534 361 262 486 125 382 925 440 898 309 283 816 76 459 694 612 348 181 239 7 575 998 424 198 497 244 356 876 96 551 738 148 331 87 140 364 771 955 793 73 564 634 310 128 557 773 167 495 167 65 787 165 365 121 485 173 899 720 365 84 392 64 320 879 745 416 127 522 568 142 191 39 228 652 821 640 312 503 551 1000 724 419 337 15 548 213 334 489 62 266 678 691 86 500 870 485 254 685 149 752 778 414 159 565 370 648 479 692 836 244 115 29 66 163 707 622 313 135 620 92 718 487 790 607 392 827 85 271 228 642 379 658 506 54 884 142 26 711 204 425 658 215 661 68 946 653 283 965 8 837 59 257 421 498 683 552 614 917 897 810 949 775 875 844 732 936 956 19 192 306 61 599 937 400 923 41 120 22 75 638 897 307 704 890 570 835 311 421 428 777 526 210 493 197 191 111 187 85 738 849 848 710 665 240 724 479 932 840 764 653 889 944 769 412 805 730 286 796 462 542 120 491 7 721 666 142 465 948 357 170 484 578 95 110 474 806 505 212 366 444 927 547 98 880 150 457 659 424 691 347 581 483 698 13 297 637 865 753 478 
679 841 476 345 256 613 527 429 644 275 248 110 920 667 135 6 357 257 820 212 558 809 702 484 426 849 115 734 64 157 257 959 23 606 477 262 823 610 532 194 484 541 415 830 322 500 618 493 334 463 915 354 436 724 710 351 984 61 703 279 53 205 283 93 755 368 328 804 437 835 624 134 695 24 871 60 854 907 9 634 4 458 7 506 334 149 163 762 424 395 892 812 467 518 101 202 283 225 330 669 566 418 308 327 550 921 943 330 959 216 611 153 13 875 486 13 326 488 335 590 572 557 726 475 414 168 249 901 873 58 344 275 898 946 983 84 721 765 536 729 734 93 954 920 499 601 548 391 921 837 560 919 846 434 290 541 555 926 205 902 155 713 847 260 199 469 662 220 150 154 508 721 331 645 293 472 373 168 110 250 460 696 480 726 18 815 13 608 340 683 603 130 319 654 260 59 3 972 460 191 563 713 843 746 155 378 73 847 265 83 421 903 981 349 795 405 956 405 75 87 949 906 401 264 53 541 325 294 604 95 160 691 443 523 34 316 545 571 726 557 15 544 554 191 365 516 411 463 571 393 891 78 815 530 578 131 641 495 573 475 22 564 490 212 436 155 743 866 311 307 906 405 135 866 919 273 861 709 830 823 240 75 841 360 746 699 430 242 379 203 950 101 757 237 276 551 792 594 901 143 726 461 878 374 359 86 39 691 335 121 294 172 784 133 846 477 874 959 43 993 141 365 18 195 367 384 112 204 820 677 603 668 769 912 595 374 585 689 249 208 429 629 588 726 330 400 664 750 956 300 505 29 954 546 356 564 195 479 833 467 128 529 200 239 635 755 703 822 999 928 270 465 105 95 540 989 289 418 296 475 600 146 102 146 954 432 815 378 758 807 733 71 790 11 246 145 543 536 696 770 130 560 911 997 772 551 135 324 850 720 134 345 457 298 205 524 233 25 562 481 894 65 92 603 134 929 85 290 106 535 443 801 311 640 485 39 108 380 859 377 920 48 325 666 777 605 319 353 492 704 347 483 597 585 908 522 616 245 402 53 712 916 766 532 872 198 259 704 311 840 130 844 654 498 280 160 787 703 592 893 992 877 209 978 348 944 205 545 910 266 590 940 246 396 993 694 611 638 340 439 
324 284 214 7 367 521 335 559 799 601 737 232 942 784 509 77 8 217 280 369 706 572 730 465 782 391 571 693 657 702 275 10 399 537 3 876 275 399 969 393 373 553 504 423 197 807 814 614 436 292 552 991 943 199 358 644 574 859 306 959 616 540 440 60 984 414 803 987 434 951 310 751 670 716 530 971 16 785 880 330 799 16 306 463 857 960 58 620 951 922 881 36 955 625 641 753 205 749 27 930 865 807 979 490 327 139 341 9 101 110 795 687 507 304 759 753 432 578 529 710 192 579 709 64 953 764 238 747 204 404 411 660 677 175 852 452 56 265 649 660 863 157 442 482 676 734 736 840 521 869 737 730 568 357 957 464 163 17 991 916 675 897 73 619 584 586 360 205 363 261 721 595 747 358 772 20 91 581 792 941 766 907 414 985 549 531 319 974 186 28 805 928 63 745 125 434 291 803 62 275 172 575 663 596 245 926 705 62 447 799 648 345 125 242 420 862 420 899 795 900 338 732 740 829 155 492 125 533 975 112 896 777 933 435 107 813 531 504 353 990 161 174 623 739 65 206 763 511 868 45 112 634 138 614 804 981 485 463 882 810 863 523 133 964 669 602 425 995 997 712 446 563 176 603 719 296 449 35 847 115 286 199 877 558 584 263 26 943 209 962 756 41 95 644 175 976 941 813 356 359 397 325 225 618 989 381 694 185 157 38 647 816 158 127 475 219 286 324 104 965 643 48 463 398 80 221 125 376 351 753 224 845 824 430 684 413 641 532 405 30 863 271 994 216 346 434 680 774 105 647 909 267 551 400 959 259 106 830 132 684 509 500 867 547 85 710 298 497 397 756 13 47 18 987 98 241 600 882 522 18 413 761 780 365 156 549 474 288 404 601 237 728 492 468 84 487 960 905 71 685 65 891 940 867 678 924 164 231 634 837 757 142 514 873 295 35 462 969 217 319 722 806 616 853 223 299 525 385 919 836 208 781 495 16 680 654 195 63 849 662 301 353 829 271 729 863 718 190 858 677 140 150 954 634 369 580 559 924 424 228 407 616 175 679 314 332 331 827 311 632 359 247 556 7 978 756 625 541 850 679 445 773 632 94 741 872 79 25 127 932 250 290 695 911 566 918 836 230 767 588 
163 471 254 549 758 127 63 27 586 847 462 84 666 432 251 799 849 113 730 513 524 953 419 952 190 561 297 381 505 896 674 164 738 363 890 99 524 668 962 733 828 642 784 70 620 610 561 793 855 121 598 966 221 562 282 462 370 563 538 565 789 716 817 418 175 759 769 442 263 864 3 855 552 320 907 88 228 824 12 868 428 573 729 927 188 479 708 601 581 559 192 219 674 855 28 183 529 977 954 938 70 912 500 535 659 81 893 373 480 85 296 384 536 955 495 209 111 140 632 880 837 320 25 915 234 387 368 754 469 109 522 775 586 112 94 873 879 405 554 937 728 144 546 272 586 20 852 984 712 885 917 772 968 888 113 779 874 575 885 482 674 560 633 401 640 776 91 326 778 373 556 961 92 549 808 103 990 333 499 438 914 103 759 262 897 69 619 999 703 491 517 126 940 694 158 499 556 761 415 620 170 737 821 906 658 143 213 947 80 334 549 329 152 132 501 293 305 358 134 377 956 876 822 303 636 28 466 1 270 130 777 884 189 890 903 202 356 880 320 671 115 600 396 232 898 918 763 816 257 186 654 102 162 849 359 739 841 131 546 373 897 522 625 576 295 32 544 731 481 474 829 435 624 666 776 186 441 54 269 770 894 422 2 708 650 180 162 715 174 387 458 947 582 322 208 1 915 852 703 333 826 611 75 435 700 698 646 727 898 146 759 416 32 183 243 971 445 650 707 787 926 658 98 756 218 1 884 181 437 623 751 788 578 712 659 878 578 984 484 110 229 886 37 757 131 711 135 503 248 413 863 845 715 66 195 671 899 599 170 241 46 837 334 209 276 554 333 68 976 650 502 788 315 811 218 816 331 911 790 539 962 991 95 16 592 504 404 176 402 818 313 698 709 375 729 630 958 691 540 3 774 101 468 44 67 146 634 516 852 130 71 646 375 774 40 14 676 213 705 33 274 605 631 107 63 877 473 324 109 747 713 666 505 553 918 386 110 732 486 553 461 466 409 660 989 150 450 783 822 393 699 396 457 348 689 350 810 138 809 264 270 988 915 853 634 941 151 423 386 69 73 418 123 40 739 607 599 266 868 612 656 525 199 212 173 780 774 736 482 103 260 680 869 919 461 560 621 632 586 967 
433 147 396 419 26 406 962 643 168 260 53 273 567 277 213 758 597 199 372 451 139 884 427 174 715 207 375 239 361 692 597 400 931 97 710 619 635 643 349 802 113 975 473 251 641 22 623 29 150 594 703 31 688 7 263 552 245 335 953 127 686 860 184 201 83 921 880 171 107 990 969 408 617 176 57 417 714 612 72 501 132 677 82 884 644 416 614 156 179 172 406 263 56 898 908 773 28 774 144 68 96 706 217 22 361 589 914 5 754 225 973 135 100 179 21 273 512 754 240 185 252 569 292 679 705 69 842 604 668 523 820 63 334 129 609 227 363 346 50 96 288 467 954 231 983 268 91 225 523 601 791 100 586 622 134 636 236 166 978 176 563 829 33 504 573 320 316 293 134 312 175 167 811 684 765 226 805 19 690 594 705 455 62 234 334 602 201 228 505 792 700 759 308 76 233 787 949 177 425 776 142 165 725 715 68 186 456 548 684 888 122 935 322 486 183 270 362 118 781 242 226 574 886 842 756 632 853 976 225 655 754 556 272 200 919 224 105 539 765 97 663 789 177 346 849 258 919 958 776 362 755 669 464 78 753 72 207 492 200 213 861 235 381 439 244 345 619 962 895 59 429 706 275 301 12 822 379 870 282 64 465 12 29 667 283 166 138 62 914 253 805 527 839 313 883 69 907 770 404 303 679 449 789 299 101 922 759 438 655 163 126 228 828 575 7 953 816 43 765 876 741 433 151 364 918 165 780 474 134 824 303 719 250 83 239 279 419 846 777 788 257 889 772 215 713 510 311 573 123 511 880 201 369 705 14 787 85 592 10 247 725 303 857 212 246 260 404 250 472 517 158 70 505 979 273 238 777 643 7 232 820 403 689 275 757 750 282 499 670 861 224 381 797 672 395 55 465 850 935 473 281 487 403 969 894 704 869 778 54 885 24 738 239 306 484 344 159 541 331 48 519 200 837 105 905 176 213 472 642 280 889 669 514 943 397 383 643 250 94 372 590 171 624 572 569 482 991 510 284 837 9 980 710 735 801 687 14 852 615 252 69 658 972 839 874 727 893 986 752 359 54 684 504 638 853 140 564 710 120 916 526 942 29 421 647 968 400 207 410 927 575 263 427 24 896 270 890 897 414 355 
371 214 625 762 750 945 210 620 951 724 563 218 175 577 247 944 545 973 502 115 974 623 538 384 314 110 672 486 807 495 664 322 104 136 549 634 704 502 787 550 648 815 123 311 999 593 116 699 945 250 487 819 435 739 846 184 958 317 585 441 457 640 719 506 533 207 244 533 459 313 776 949 104 527 420 206 216 720 874 798 740 176 945 608 800 940 33 209 366 854 363 199 665 889 310 560 535 6 804 244 298 559 125 470 261 590 785 668 456 850 74 976 617 990 712 840 612 699 915 241 297 972 705 971 380 814 295 461 961 526 634 658 57 54 656 308 320 585 157 881 212 580 463 956 928 971 133 605 280 375 338 308 554 840 285 411 985 425 8 527 782 472 514 919 105 464 459 882 219 243 943 642 268 967 395 995 239 133 77 366 370 738 974 106 841 185 6 743 237 24 833 640 821 332 453 817 721 10 578 9 61 972 119 846 839 354 186 25 375 964 818 109 777 819 491 66 332 557 130 347 891 817 281 621 988 434 386 387 324 690 722 305 856 397 408 946 620 412 94 330 941 837 377 145 502 114 157 873 249 762 508 546 784 173 899 225 514 899 946 541 271 345 58 812 948 919 85 96 986 3 483 553 528 989 91 845 56 580 747 314 74 559 707 536 202 722 821 640 105 601 499 628 928 633 324 241 144 93 500 683 113 448 863 656 854 900 558 839 652 177 422 789 388 541 488 411 820 739 445 37 676 719 96 660 787 368 458 753 23 807 873 466 458 112 191 392 145 816 620 787 292 817 473 837 868 926 406 310 612 245 217 859 968 593 859 369 52 226 595 849 937 548 24 232 902 833 34 889 875 681 785 979 186 844 824 758 644 819 537 320 730 302 322 574 772 832 923 319 468 96 159 518 489 671 60 826 136 579 893 223 662 392 84 597 162 364 723 306 797 302 115 251 461 212 993 761 276 481 920 612 768 127 928 259 517 497 514 819 97 333 411 274 442 519 584 142 249 949 948 930 849 465 760 240 37 392 74 763 455 902 883 338 691 461 597 637 517 362 677 584 187 196 193 312 183 80 961 110 988 837 71 583 399 528 780 993 146 447 376 143 376 781 341 529 330 108 477 6 801 646 853 915 225 501 719 318 763 825 497 720 
776 699 775 445 552 634 380 456 775 623 994 919 857 971 864 495 860 736 479 581 141 478 308 156 646 263 597 364 7 55 378 319 174 851 943 20 371 255 513 870 305 687 733 598 791 355 526 585 813 555 131 700 436 275 244 667 104 824 24 997 976 99 486 438 818 841 568 422 875 795 698 189 267 746 607 488 66 968 815 286 421 176 53 312 859 197 872 173 72 736 636 941 441 626 491 466 10 755 198 535 972 360 931 516 121 173 170 892 704 274 594 2 242 892 251 533 613 405 868 73 584 471 541 715 259 781 653 152 814 713 489 884 735 2 528 410 312 360 285 824 477 894 849 887 860 172 980 997 357 645 910 861 10 671 458 87 491 426 961 576 231 737 820 175 596 431 534 511 696 69 372 678 392 296 747 611 265 231 733 539 517 406 641 470 951 830 490 345 521 992 611 960 667 624 341 163 254 54 894 614 868 575 504 40 97 694 589 708 836 501 677 31 595 152 55 681 527 622 282 29 813 321 491 729 13 317 288 627 271 164 834 701 399 945 146 80 887 868 495 36 515 863 982 340 176 521 546 707 938 856 433 80 113 383 313 994 726 909 978 281 69 10 314 998 439 900 411 251 284 224 873 998 768 173 858 46 757 504 728 912 5 408 307 615 437 27 639 994 381 45 118 499 459 342 211 470 223 646 877 918 833 243 67 56 931 433 695 180 476 764 284 71 625 91 487 225 935 610 100 918 244 155 783 848 723 804 417 357 512 829 310 753 72 868 36 176 504 649 267 343 433 983 310 910 491 892 833 531 396 344 60 501 7 725 324 156 752 408 508 370 673 190 253 76 439 737 882 461 796 14 147 928 185 828 502 941 242 377 793 770 475 234 35 678 265 947 64 853 596 267 24 432 227 240 50 876 938 51 831 876 899 383 764 52 577 616 893 272 395 705 849 153 894 619 563 146 494 748 959 455 546 803 284 138 826 366 93 263 525 442 318 690 173 534 276 958 454 51 534 524 255 136 459 274 404 684 974 964 390 886 359 908 962 598 83 46 558 585 88 243 893 84 620 382 201 810 415 340 613 417 459 475 112 175 920 137 989 940 591 452 242 585 864 888 623 706 489 860 562 894 30 632 526 641 473 728 10 529 431 437 
712 498 46 914 719 173 115 298 271 654 545 65 54 759 351 505 177 574 548 455 920 794 790 390 290 444 688 442 107 107 141 729 438 392 293 683 535 437 595 835 477 993 257 821 911 644 919 380 233 947 557 800 408 260 648 118 386 585 630 123 567 95 662 353 104 902 364 887 406 936 633 306 722 19 594 440 423 950 690 590 648 777 258 180 381 93 750 454 604 971 822 660 670 72 538 581 653 25 661 111 359 984 181 919 254 64 231 904 461 663 7 79 337 836 631 383 751 117 547 118 679 582 849 15 901 301 45 149 211 16 82 156 880 711 878 275 918 218 93 136 962 308 452 312 973 958 945 813 787 239 93 351 862 110 598 65 137 909 264 338 502 274 234 647 700 673 354 584 324 264 102 638 470 29 55 544 137 466 795 113 484 722 727 276 309 646 683 199 36 789 397 764 765 796 717 641 914 706 57 722 186 284 204 756 200 382 913 133 652 930 429 293 695 129 358 858 651 877 747 84 122 894 898 267 485 469 734 272 60 863 730 867 685 803 192 930 136 431 315 23 495 663 965 615 84 862 641 236 261 868 461 163 833 580 359 145 102 29 170 175 876 558 640 912 503 178 282 765 944 153 384 257 644 41 199 846 223 517 109 382 781 103 968 979 511 671 209 160 497 563 315 222 862 464 121 798 530 689 998 292 456 962 841 979 288 835 828 654 117 203 414 893 346 75 109 498 462 426 123 332 552 533 332 747 525 294 460 920 903 556 435 100 270 499 2 826 20 58 217 118 534 825 432 250 371 191 725 853 959 152 599 211 286 756 352 657 773 327 431 609 459 503 45 706 383 28 95 211 433 355 322 90 332 870 577 550 550 481 735 253 850 506 662 660 428 356 772 377 268 338 614 242 486 822 303 737 621 260 11 255 961 424 943 184 12 941 231 116 583 661 751 24 771 172 412 590 464 524 174 841 351 556 60 827 838 990 954 417 69 991 659 365 956 694 919 879 487 206 576 782 484 617 643 460 64 515 726 619 952 558 479 930 129 142 820 462 299 192 991 813 771 15 689 246 0 865 412 918 28 404 150 671 235 638 329 941 323 493 668 42 785 389 996 538 785 253 49 139 470 115 980 339 915 293 875 956 748 16 100 823 
664 713 519 595 550 183 443 461 581 949 105 971 431 570 902 108 926 903 421 557 260 436 916 441 636 626 457 33 593 254 83 864 690 994 748 57 665 18 748 816 371 396 714 452 872 64 935 362 859 570 838 815 631 499 114 39 610 85 706 85 424 821 684 241 1 163 309 373 576 425 273 46 69 887 253 317 312 478 693 897 390 355 51 719 311 34 832 489 135 541 354 739 524 864 696 3 176 486 775 326 686 520 166 70 66 223 883 69 842 14 742 130 481 605 763 895 184 573 176 391 164 294 192 708 520 661 473 593 358 636 464 645 651 558 805 828 880 832 906 400 10 274 51 117 170 652 444 552 196 181 490 917 767 2 29 221 24 307 963 112 242 167 984 992 422 233 768 283 110 684 184 11 559 588 541 983 575 310 68 668 18 22 566 87 637 531 520 24 725 231 923 895 438 842 14 580 50 695 385 840 251 114 599 535 460 704 53 224 973 286 107 824 643 111 846 817 21 433 924 711 45 0 903 970 657 254 54 395 5 916 221 316 981 348 35 393 766 227 396 200 811 91 856 915 301 980 935 583 581 562 146 138 565 91 40 151 427 339 39 729 391 946 332 996 703 543 105 226 724 207 62 70 77 82 831 356 1000 794 365 73 747 3 534 731 132 122 64 165 239 921 857 957 737 341 131 19 308 180 790 796 546 641 307 908 193 711 400 551 150 692 4 22 188 996 601 305 357 223 309 111 948 536 800 835 107 879 451 175 244 7 939 53 291 9 790 891 107 29 473 340 543 405 30 746 792 168 9 965 922 91 167 537 245 345 764 618 124 889 485 301 490 87 538 419 969 179 248 775 40 198 229 183 977 22 278 829 548 932 185 755 494 915 760 466 552 11 745 572 198 797 835 160 105 101 739 558 817 332 821 58 778 61 697 806 393 793 148 551 766 78 728 585 960 581 908 221 904 471 486 428 526 567 932 743 646 612 163 802 342 963 870 882 830 187 699 406 404 794 841 369 798 203 687 816 594 408 937 343 633 406 994 575 177 2 974 84 495 572 382 473 931 458 321 761 576 758 382 268 837 82 863 909 636 37 651 512 64 814 170 119 879 233 810 918 224 255 58 886 329 863 977 279 796 887 370 939 680 241 428 102 
625 82 893 671 410 285 425 243 159 819 559 867 190 940 848 144 261 748 455 36 326 921 488 142 310 132 748 323 972 490 33 800 389 716 430 371 388 749 865 430 776 898 573 296 395 135 331 160 583 946 654 703 648 794 288 310 415 744 338 325 41 966 51 327 5 114 373 952 61 135 644 802 469 776 943 812 553 628 80 40 982 219 196 677 595 633 768 50 387 475 882 493 253 818 853 908 215 841 537 569 825 207 665 752 7 788 262 337 283 48 357 609 345 435 79 776 466 590 264 865 212 859 634 82 872 36 512 646 649 912 235 351 191 347 559 850 963 531 861 878 174 240 239 417 252 409 549 350 308 588 897 810 83 484 312 352 852 916 779 650 730 33 395 586 368 526 904 772 202 928 348 56 241 312 128 246 95 412 851 947 67 655 10 726 661 161 871 156 658 189 338 196 426 465 631 929 939 710 322 212 508 766 79 574 257 256 649 437 387 246 809 600 576 136 324 413 963 960 495 321 990 545 88 670 309 327 511 735 409 670 671 72 283 331 409 5 228 799 863 952 312 609 390 733 668 546 105 829 11 612 403 111 929 165 659 164 489 285 979 398 51 605 738 625 724 658 668 577 30 714 664 14 992 326 375 23 978 72 396 426 981 801 314 159 899 799 905 804 707 925 684 198 40 20 858 954 740 83 260 649 528 709 480 669 733 328 733 999 510 324 822 580 260 1000 364 407 867 544 778 845 222 678 878 87 473 361 143 762 364 870 999 624 250 936 982 911 717 333 786 605 352 701 519 405 593 321 479 761 369 498 63 113 827 829 744 172 686 493 306 352 557 496 514 927 573 303 488 882 680 878 337 917 367 957 59 453 389 385 538 58 397 665 196 994 392 747 33 919 160 329 45 679 753 472 200 323 735 731 151 788 683 74 383 810 99 886 780 345 331 722 839 920 441 65 38 71 155 48 186 525 934 85 655 535 502 146 564 297 76 789 545 562 477 723 470 920 777 464 84 817 859 502 444 975 140 478 170 251 923 823 447 184 230 217 1000 66 596 826 492 596 289 87 132 161 715 63 952 523 478 196 196 257 608 532 427 140 145 987 665 146 183 148 473 405 498 48 540 910 453 576 586 179 719 281 894 1000 844 268 365 50 
471 384 768 682 351 268 583 484 203 326 204 935 28 946 115 126 812 29 522 929 842 472 862 984 935 108 887 575 732 299 678 370 364 969 297 487 727 7 483 141 811 842 324 432 726 353 671 217 896 905 480 341 396 999 345 669 316 546 516 382 666 681 925 909 387 336 450 645 573 377 119 25 152 617 482 95 36 669 453 662 900 942 773 34 757 713 284 86 912 868 161 465 794 498 839 252 463 194 731 596 570 323 326 591 199 679 894 369 678 989 948 555 207 152 223 704 270 813 906 46 203 228 21 689 446 452 680 735 917 419 217 83 799 157 19 523 422 874 935 421 186 942 56 625 468 9 217 818 292 525 644 371 444 101 232 308 271 969 676 935 992 385 28 639 352 36 830 909 928 375 129 263 491 960 540 308 579 175 397 838 487 22 418 624 347 997 828 555 931 465 191 849 300 24 852 23 358 742 775 609 829 763 122 745 487 963 719 491 694 296 662 284 752 357 564 481 109 81 446 654 184 771 201 97 265 611 619 371 845 205 48 538 848 823 808 841 964 490 350 800 673 49 13 136 666 873 662 151 384 14 14 900 533 900 416 516 508 23 764 94 274 393 7 942 589 735 645 955 295 959 865 590 371 856 111 984 370 657 508 120 822 936 248 825 987 958 140 250 661 160 445 67 711 971 678 609 359 661 708 163 469 366 151 626 685 826 117 896 725 429 640 270 341 556 638 622 837 673 578 886 920 558 546 915 993 607 386 110 986 471 458 643 379 900 915 329 552 497 705 467 765 936 451 545 18 193 528 137 454 272 432 825 777 281 174 970 23 133 638 498 172 836 510 204 860 625 674 470 82 658 811 804 674 443 143 140 286 511 989 43 24 483 894 409 539 837 637 712 286 267 33 954 305 359 164 960 91 460 701 102 205 117 492 577 221 68 869 421 896 898 118 427 777 308 673 172 182 872 432 371 89 860 351 645 237 515 635 638 956 400 71 582 868 555 403 799 410 643 154 1000 714 87 145 136 977 726 56 343 161 104 800 356 784 908 64 442 331 550 0 13 87 289 296 653 82 514 426 596 355 109 351 184 604 339 778 848 832 278 24 487 749 269 125 903 100 225 865 433 109 889 134 171 265 374 470 954 886 517 75 67 
427 528 149 392 180 416 806 482 378 95 969 962 531 903 10 589 276 931 567 732 276 795 907 861 864 193 637 497 819 274 740 272 788 413 917 69 799 612 384 240 699 381 516 817 708 361 746 411 40 373 530 411 53 493 412 656 803 109 571 384 38 458 139 294 797 936 315 992 761 696 770 962 764 340 363 73 563 210 808 467 689 769 2 562 958 475 10 869 814 577 995 662 967 869 339 831 533 924 180 227 571 487 419 371 174 764 863 103 210 82 552 675 205 143 535 152 31 637 383 22 902 647 696 81 549 92 179 943 289 691 674 419 653 780 892 601 885 180 368 843 481 276 179 463 323 812 972 903 192 521 806 143 967 262 749 827 89 801 405 49 789 172 596 818 417 309 16 550 22 711 682 341 309 330 914 646 536 33 602 368 800 254 728 865 892 149 328 542 26 81 912 881 219 746 979 795 270 220 460 714 483 69 203 615 360 626 77 110 783 280 911 508 610 415 373 246 117 642 956 602 181 282 934 122 543 760 99 365 984 852 467 540 769 316 825 36 143 505 168 921 967 318 209 202 446 734 58 442 484 178 827 940 246 965 203 73 923 155 880 794 566 141 471 186 999 17 649 709 387 246 171 494 121 468 801 627 238 768 389 187 246 804 212 17 212 120 519 18 732 395 706 407 783 35 453 394 478 166 845 248 185 570 821 382 516 95 245 632 147 683 727 961 956 530 604 400 432 117 297 300 547 650 767 719 454 976 983 571 990 374 201 799 173 922 926 113 915 721 742 133 385 934 218 400 817 893 34 987 399 700 162 575 713 204 237 672 589 56 382 449 956 965 848 363 261 955 275 813 150 270 335 886 672 125 799 389 290 618 573 769 997 19 216 48 794 441 357 451 927 668 882 707 207 958 217 376 839 353 849 777 135 887 900 50 406 299 29 358 53 705 493 545 404 159 866 208 898 10 336 503 755 360 309 288 644 719 111 652 942 560 484 639 196 108 266 69 16 680 874 816 839 345 612 392 416 333 271 679 144 602 232 936 494 491 265 334 452 654 553 852 882 995 287 458 650 753 634 304 509 280 6 247 522 739 966 411 49 180 443 922 948 13 438 998 925 918 221 981 728 979 660 417 981 330 749 285 803 254 621 707 
80 134 563 121 304 886 487 427 984 258 371 808 329 835 674 66 324 23 382 361 208 800 727 734 254 389 148 404 626 61 818 79 92 53 454 768 295 653 121 275 771 135 149 367 955 56 103 385 749 708 263 923 645 248 621 495 140 133 386 891 641 911 306 344 933 647 549 402 124 572 926 506 319 597 290 731 300 794 150 831 484 717 702 239 799 607 983 848 325 718 644 406 941 501 130 976 641 598 722 943 814 237 566 333 997 688 203 890 148 710 639 290 734 969 933 146 884 23 846 61 889 584 207 523 362 284 35 234 646 151 211 653 210 615 191 354 202 150 774 314 578 208 953 483 869 770 816 582 83 66 815 337 149 578 687 550 345 298 675 923 466 955 895 79 591 892 112 69 964 66 83 382 316 36 25 378 81 971 293 27 571 999 787 226 824 501 333 965 21 490 309 424 877 185 595 446 289 49 882 103 114 343 860 942 78 26 160 494 479 20 717 882 925 729 129 579 349 788 122 340 971 861 257 248 274 915 95 322 879 681 214 123 326 810 490 458 650 964 146 161 928 166 936 731 68 950 387 887 193 702 189 300 782 737 137 429 51 177 185 521 786 141 660 703 769 746 193 127 206 628 194 864 1 109 598 808 891 460 652 141 152 31 386 21 542 507 657 319 18 525 277 880 171 914 522 378 441 975 502 905 728 424 363 604 568 809 877 423 702 637 246 95 750 239 870 433 848 281 402 189 759 762 690 700 81 441 255 625 307 112 496 775 230 888 996 203 994 806 92 29 240 946 470 356 925 199 575 946 526 862 577 877 309 444 712 381 500 696 755 223 523 20 386 573 123 265 472 539 7 477 291 377 167 852 392 241 288 257 233 826 428 685 830 547 943 841 947 967 631 166 954 170 189 961 646 417 174 414 855 345 512 189 771 480 369 397 81 236 159 396 463 132 9 551 632 83 421 581 698 573 560 926 908 786 679 919 830 489 657 726 521 805 173 962 105 712 194 224 556 10 849 201 858 440 359 420 97 616 481 496 796 94 430 202 422 993 507 115 523 204 411 216 517 268 639 200 88 1000 204 248 439 967 830 40 24 992 572 929 569 891 624 996 88 655 293 582 585 720 806 808 905 216 614 789 338 190 449 887 897 419 
224 165 933 188 391 513 956 160 133 607 569 559 311 211 659 4 126 595 497 774 240 107 871 283 287 926 216 921 28 791 556 6 378 229 619 442 710 977 432 212 172 509 591 245 319 760 433 207 32 281 985 60 308 326 518 39 310 23 894 780 214 840 116 717 420 933 798 808 694 498 496 459 511 479 27 54 594 148 70 294 717 388 287 811 924 227 826 905 59 675 912 104 980 503 959 887 319 34 805 289 843 860 164 387 183 751 355 141 937 561 149 40 60 467 556 600 336 584 924 232 667 515 896 733 854 357 479 798 466 733 740 673 222 288 535 138 926 176 759 252 264 57 399 514 563 766 700 197 345 52 657 992 352 421 728 641 719 642 330 714 2 307 730 150 387 245 873 922 990 526 204 840 348 211 52 372 329 899 388 877 236 407 816 590 375 585 995 905 877 184 268 367 967 459 924 708 612 955 909 647 108 856 968 452 424 143 373 793 191 51 630 683 10 822 261 591 666 513 969 463 295 67 703 733 278 633 490 584 940 251 253 207 913 371 236 384 600 895 424 67 606 993 199 48 650 582 369 472 510 42 206 284 443 502 490 763 835 875 849 105 148 357 202 344 894 76 58 538 275 594 147 648 951 535 67 787 296 949 686 158 20 126 729 119 441 660 136 97 685 316 613 144 562 489 632 869 528 504 953 604 102 317 762 586 404 794 183 715 719 764 815 713 217 47 185 335 162 554 237 66 996 648 950 507 595 69 566 241 620 186 587 101 370 140 145 983 480 570 899 677 78 621 655 282 976 739 389 975 307 480 961 823 753 866 68 819 722 61 205 329 370 411 482 453 284 344 624 453 574 652 95 416 460 883 440 35 4 18 90 309 683 398 913 444 990 195 862 815 454 29 546 754 264 559 865 195 124 299 282 453 25 890 546 507 357 910 60 154 667 809 604 605 104 577 0 668 844 931 999 959 819 785 754 903 310 439 313 947 716 506 5 577 661 233 593 428 487 489 622 853 429 997 271 607 955 638 369 993 450 85 94 206 435 843 425 91 604 987 586 140 783 175 511 14 559 521 817 149 681 974 430 760 702 739 720 730 438 834 58 890 135 618 612 881 741 928 778 772 982 603 242 210 989 596 170 402 393 532 158 716 
663 412 455 435 874 15 983 664 47 342 361 212 60 79 956 371 4 340 306 947 910 573 789 989 643 412 12 920 340 370 320 943 966 263 969 624 584 89 224 552 966 146 147 627 168 844 866 373 370 92 652 985 559 345 816 676 903 326 488 652 570 589 453 802 736 556 485 891 281 689 720 710 584 35 943 673 123 370 948 642 494 526 214 869 162 778 717 609 110 200 343 646 924 706 141 319 270 486 182 819 505 927 949 308 632 27 203 458 58 490 297 205 511 766 399 73 976 97 541 867 869 234 926 917 801 128 238 23 37 428 508 976 422 136 413 979 595 393 173 3 655 271 56 800 993 86 547 367 555 368 103 99 487 350 497 272 458 608 180 31 188 192 533 637 358 947 751 887 474 731 756 707 903 691 624 87 733 606 144 740 604 887 723 246 386 405 533 344 668 353 118 198 419 608 630 63 580 492 885 964 616 747 159 284 78 764 775 465 967 45 152 896 218 882 772 314 801 540 590 9 809 915 392 926 336 753 179 564 476 377 175 555 300 906 475 832 371 6 803 770 468 36 729 650 801 606 200 244 812 938 89 917 512 963 277 501 353 676 55 654 579 153 604 723 907 823 389 4 384 450 288 458 264 285 733 157 377 681 960 981 724 629 881 573 488 370 165 683 958 467 277 324 260 989 944 353 880 118 716 63 94 389 746 103 155 930 20 123 906 485 299 509 991 552 367 806 268 777 652 471 712 640 388 602 671 677 417 264 759 871 824 502 394 899 199 496 92 901 675 558 999 355 386 357 974 316 357 507 363 328 753 464 211 242 988 383 195 677 576 460 641 599 898 559 164 962 182 35 895 182 318 276 424 757 215 736 112 877 924 513 404 786 172 949 237 726 507 905 544 682 598 155 136 396 468 943 830 516 725 500 196 615 591 899 957 493 971 259 723 606 351 661 137 319 539 415 990 770 749 527 361 512 89 460 380 465 941 856 281 277 490 971 28 437 929 601 113 637 717 454 224 461 420 230 117 517 197 915 731 645 117 429 611 396 758 770 869 735 586 196 3 365 476 666 828 364 908 606 196 454 951 979 479 176 973 80 51 374 102 741 551 442 918 86 591 660 396 504 496 881 515 287 489 714 6 591 339 324 69 481 
51 905 720 633 704 998 28 402 771 466 403 106 229 406 801 658 310 121 289 168 73 79 817 654 264 93 311 983 614 332 871 410 578 15 763 907 583 55 215 105 705 894 979 844 299 430 710 369 63 753 275 716 769 221 144 808 815 865 466 234 914 604 401 695 943 652 954 370 330 639 15 967 210 704 430 796 233 646 513 795 820 330 549 429 321 892 680 436 766 262 831 269 217 471 794 401 90 106 472 573 345 714 415 186 564 658 193 104 988 264 525 761 5 286 341 693 874 907 770 722 350 916 223 276 293 147 581 652 391 216 785 903 294 983 573 609 449 232 3 901 803 722 596 41 725 342 280 614 323 923 641 76 902 190 112 854 917 991 919 301 643 842 112 247 159 834 910 266 850 201 932 631 304 306 765 250 456 609 426 322 929 776 858 992 436 263 242 222 463 109 602 293 565 440 332 520 580 133 623 327 311 19 900 118 495 277 452 775 389 451 433 730 805 29 115 147 710 982 698 788 970 722 152 127 428 34 849 361 767 168 61 665 363 871 788 361 646 697 550 372 33 480 143 411 470 178 965 246 607 331 96 981 624 507 602 205 235 130 540 86 999 612 604 366 680 78 102 357 832 461 44 567 936 241 905 885 89 219 541 989 848 617 143 96 144 452 213 241 782 170 659 839 907 999 962 893 959 716 102 740 835 964 2 864 303 583 152 226 308 778 29 199 734 631 708 771 45 499 707 974 55 136 743 808 154 758 587 863 405 86 44 226 714 8 758 978 721 546 946 104 383 279 558 489 159 846 153 332 442 388 620 657 117 632 852 108 745 666 934 826 444 29 984 202 878 527 448 483 382 169 618 691 150 941 291 841 905 323 261 888 39 76 649 452 902 919 738 6 746 334 385 570 815 945 526 203 80 120 438 4 422 641 968 435 493 264 498 585 167 35 185 223 99 757 883 129 54 579 722 905 511 177 232 977 564 145 739 371 625 85 753 44 173 762 334 930 1 169 556 324 8 800 232 377 779 620 215 582 702 431 101 844 26 279 722 502 626 22 746 921 340 700 621 357 339 575 508 332 232 81 966 677 516 402 566 714 538 422 203 851 145 102 71 929 470 980 571 580 468 817 476 788 288 928 365 124 216 848 289 137 
273 367 640 190 736 45 281 664 228 516 629 680 583 210 139 292 584 41 547 398 916 41 737 13 311 699 425 964 178 825 342 587 996 233 426 10 138 178 920 823 991 772 729 174 881 701 564 678 1 142 484 835 625 454 32 239 278 253 89 344 122 58 420 593 255 618 395 978 799 326 271 769 178 370 967 194 492 374 434 336 156 640 179 6 430 602 924 802 106 426 215 790 898 679 577 75 136 178 88 63 473 677 701 971 948 216 562 269 448 198 666 236 612 385 879 703 387 900 747 718 204 345 626 669 852 7 416 899 202 809 552 809 408 385 510 577 885 754 842 908 882 562 216 371 927 283 138 48 426 43 60 119 479 775 377 534 752 547 11 785 709 578 316 595 870 506 525 39 614 670 479 996 965 412 103 632 197 554 223 530 686 23 28 378 13 808 58 217 218 383 36 607 569 993 254 217 218 51 998 447 704 493 849 298 563 779 73 457 239 892 907 862 86 769 108 183 805 778 652 633 153 653 58 727 947 744 927 614 40 287 489 796 684 259 515 428 641 951 659 460 230 974 772 967 528 284 619 565 491 747 726 507 678 414 523 104 88 52 30 325 706 777 36 430 262 428 211 970 100 215 969 971 590 638 268 290 116 192 468 371 501 224 675 401 117 687 360 785 694 875 637 880 781 915 434 957 325 887 613 742 255 583 798 968 386 979 947 963 42 731 136 117 215 353 119 572 813 310 525 946 696 943 199 251 298 523 482 404 115 785 374 448 119 350 200 543 797 324 366 573 607 803 685 660 908 612 394 229 319 704 662 146 733 450 77 218 879 833 565 377 391 371 68 705 344 73 592 963 803 670 546 660 864 721 694 541 156 791 79 471 587 893 584 761 464 871 896 764 401 411 932 698 961 431 139 939 186 890 908 279 867 785 647 258 630 93 431 302 839 762 106 803 433 250 54 675 444 580 651 370 453 417 984 739 913 211 607 723 394 386 323 103 496 290 977 603 936 118 859 335 589 830 671 977 990 455 26 17 597 355 962 626 387 546 630 722 203 663 762 148 598 779 86 48 943 181 602 953 875 638 992 1000 932 841 891 84 601 546 159 675 749 773 621 991 951 220 916 797 425 995 384 156 784 767 567 569 633 399 537 807 
686 821 53 652 289 819 357 514 656 757 0 113 361 810 367 227 887 569 302 324 984 499 102 962 431 189 984 327 181 70 202 761 202 260 428 540 729 956 923 822 720 128 592 309 655 798 131 907 973 921 625 483 371 637 681 850 70 899 246 322 63 153 280 17 20 350 571 194 559 982 582 990 426 12 367 684 337 686 8 38 644 144 824 447 553 330 865 528 920 879 281 794 864 55 55 914 586 899 109 130 841 110 302 139 311 90 816 228 494 29 556 90 226 477 902 18 545 227 823 677 16 501 977 192 197 259 277 630 484 89 265 571 949 137 474 708 825 426 685 599 546 106 70 625 64 893 658 233 166 554 78 252 169 656 151 882 388 430 652 32 69 356 339 911 740 380 223 82 754 863 112 767 93 155 141 319 511 101 869 538 789 447 644 485 691 519 739 120 300 919 794 94 595 125 492 408 222 282 570 331 312 124 76 867 7 192 651 584 2 125 684 211 687 405 192 878 563 309 554 48 764 948 481 718 23 988 388 411 509 29 229 94 978 581 276 12 255 675 270 910 614 547 835 35 382 144 798 40 685 786 526 592 211 992 682 354 837 948 764 434 150 168 546 679 638 443 211 26 24 375 214 244 651 280 824 690 718 155 358 688 602 235 943 277 747 962 639 176 742 868 339 72 59 368 452 891 369 654 590 691 8 750 386 663 429 577 959 544 329 408 32 358 705 803 280 71 437 66 524 110 527 981 854 330 403 309 55 219 540 696 485 868 134 492 774 521 923 64 757 905 64 100 996 228 326 52 542 389 180 456 263 152 72 24 275 387 498 972 316 78 443 236 705 318 612 436 683 68 120 252 501 673 527 199 267 597 17 498 734 842 811 457 566 918 587 902 18 807 919 980 826 70 1 58 636 911 197 701 773 164 6 294 588 166 398 983 806 266 456 434 883 824 890 213 783 550 800 344 275 465 660 435 516 783 678 873 313 330 329 499 528 684 108 744 942 941 113 614 47 375 903 787 367 667 63 761 718 289 113 239 258 845 174 857 65 120 422 906 443 415 327 10 890 79 384 267 524 791 523 764 326 97 153 35 917 738 224 98 938 239 809 328 794 65 584 745 132 984 623 919 284 601 828 469 254 756 931 13 629 706 
375 804 215 868 511 913 315 665 170 600 734 310 235 492 407 925 690 438 716 858 603 819 987 155 4 367 485 433 573 859 191 701 873 275 723 197 588 794 68 716 371 581 639 130 879 971 207 583 190 773 297 750 563 936 195 673 601 90 688 509 631 394 100 123 24 569 706 354 131 440 642 220 281 54 576 823 256 267 140 49 969 50 994 416 347 637 733 607 264 812 636 453 461 518 622 564 316 735 515 650 944 191 512 251 91 133 212 485 933 942 410 459 380 752 64 208 974 345 653 702 779 124 642 169 551 704 476 722 332 687 361 976 644 402 267 943 435 901 948 602 127 83 921 527 742 368 76 123 704 399 507 725 541 113 49 326 193 893 724 869 207 233 231 614 683 299 294 45 830 252 103 918 49 562 190 195 710 920 581 457 441 910 622 606 745 641 405 527 852 571 415 529 753 438 653 604 769 813 735 527 401 257 107 452 702 101 74 37 601 281 865 416 990 835 206 347 778 782 506 158 3 624 887 166 649 719 110 746 389 847 905 422 983 97 27 441 959 346 525 612 141 451 714 397 898 965 27 785 442 10 616 446 274 218 30 106 632 726 480 230 328 959 822 294 542 708 129 468 821 448 567 818 756 680 461 268 614 739 187 121 346 102 748 706 845 762 43 739 374 861 940 704 630 558 135 754 206 499 33 549 239 465 158 485 204 665 318 26 691 72 886 915 286 596 746 342 535 48 117 896 474 960 677 282 228 156 607 613 507 823 54 131 449 137 515 503 419 280 960 581 408 12 579 613 398 361 692 818 651 306 852 484 354 223 799 497 647 768 576 654 764 399 260 308 702 240 583 600 577 980 515 854 704 62 675 868 300 962 859 310 240 760 231 153 520 530 341 693 561 574 407 639 634 658 116 219 901 191 696 575 228 388 317 7 521 808 432 896 448 303 8 802 299 765 507 720 926 55 792 713 561 207 241 403 567 725 580 958 554 928 202 983 185 508 299 256 547 931 415 876 579 936 154 495 416 681 878 259 608 953 144 658 441 631 752 161 819 473 928 913 631 616 813 138 229 414 669 257 988 438 44 38 410 923 404 159 863 194 314 891 879 539 93 105 664 928 326 697 923 23 907 686 696 813 1 374 775 509 919 724 
497 420 326 898 251 539 787 231 894 381 297 780 449 869 654 986 939 66 811 907 485 598 432 144 492 887 950 23 426 431 150 353 141 219 58 971 954 655 911 350 929 674 784 989 191 394 891 85 833 202 836 820 693 705 567 257 836 598 558 870 4 878 675 579 463 117 717 614 662 248 158 173 934 233 205 108 660 404 639 745 937 338 511 62 741 316 643 405 283 761 148 972 420 159 853 172 104 880 528 339 245 510 913 637 752 930 903 882 493 99 299 638 474 207 920 59 27 215 933 665 273 260 168 736 320 440 833 355 26 290 585 548 910 490 51 745 106 155 833 928 991 788 305 191 605 534 712 948 790 755 588 586 451 256 759 138 646 680 111 320 102 117 445 16 745 647 89 322 383 323 564 212 48 244 145 232 567 821 657 316 697 150 541 292 824 88 545 133 880 238 673 362 160 6 892 441 639 185 818 828 419 642 738 631 799 758 281 944 109 981 86 891 775 576 800 85 316 729 211 742 817 899 13 714 577 73 926 199 813 349 857 738 257 714 299 222 971 982 697 428 420 589 596 138 80 492 258 122 10 976 157 292 118 301 711 990 298 607 574 322 734 290 363 58 394 119 365 273 349 46 498 626 888 900 829 388 546 84 768 445 917 562 844 584 87 813 655 941 162 269 582 380 322 282 819 48 377 855 886 110 89 381 29 975 711 984 783 761 699 72 674 609 739 525 920 721 449 216 526 27 771 842 591 323 771 187 366 471 319 683 638 986 349 971 906 369 8 376 127 298 492 764 804 185 541 41 900 822 712 301 438 87 614 30 165 755 714 241 219 683 427 735 676 786 246 788 101 120 138 412 980 695 547 355 984 576 866 671 345 433 367 734 330 837 809 772 696 791 636 747 567 17 203 626 120 845 634 565 254 47 837 860 200 238 161 877 196 941 614 198 132 85 402 984 350 511 911 807 407 79 601 851 121 990 551 801 293 604 536 393 560 114 134 852 314 533 525 807 899 302 914 810 125 457 366 527 769 804 441 536 173 419 913 606 471 896 259 253 881 744 842 118 414 355 792 934 239 66 72 269 876 409 672 73 26 677 100 308 800 790 174 993 784 274 271 784 279 717 964 556 782 530 864 384 569 953 894 422 879 994 
358 814 30 511 58 224 24 656 141 479 55 984 409 331 4 445 541 590 126 830 574 557 856 372 322 773 434 670 770 453 654 674 4 469 24 748 591 807 415 76 863 578 450 343 857 705 999 345 886 669 326 542 95 874 612 461 820 203 614 968 186 103 49 479 448 111 796 484 575 894 991 5 930 900 495 475 677 885 824 604 31 234 990 669 48 964 414 201 716 12 148 915 49 882 455 847 700 849 217 174 184 133 773 378 98 986 852 806 191 452 319 169 240 339 537 756 117 35 248 859 288 384 64 143 721 529 415 877 186 45 692 608 503 748 252 8 330 39 456 864 420 805 227 57 117 599 209 652 149 807 531 638 315 857 860 729 384 962 315 160 783 417 463 240 47 639 269 329 451 973 389 551 16 959 391 492 228 796 871 258 62 341 335 493 999 385 56 204 451 320 75 989 314 343 516 767 47 479 492 230 829 130 939 160 673 897 586 711 844 716 59 258 522 991 701 150 499 166 737 979 788 879 412 461 195 659 44 785 713 779 80 801 524 832 215 850 62 710 703 639 927 585 403 639 559 57 875 595 31 969 313 926 788 258 887 96 383 637 776 243 158 705 939 529 764 321 210 223 7 192 570 254 456 169 552 428 480 619 131 161 890 267 227 513 615 157 724 55 353 595 898 209 532 341 536 765 221 629 97 958 240 823 441 482 910 606 733 851 515 370 960 584 891 371 703 205 144 667 33 952 790 560 450 64 959 129 766 351 904 300 589 231 193 815 56 544 414 77 812 570 364 228 585 800 101 201 932 647 364 432 768 843 58 226 927 220 360 261 23 868 410 181 881 911 962 918 710 160 95 132 699 802 790 35 176 549 798 391 831 33 856 537 678 284 794 570 995 921 298 672 69 223 911 450 761 389 984 785 12 230 352 110 247 892 129 66 263 586 211 425 600 190 339 184 86 610 872 426 57 853 263 634 862 30 785 654 909 323 433 729 818 756 641 583 275 1 502 204 359 788 920 619 199 173 279 13 864 659 747 764 424 73 70 162 895 868 637 934 6 556 822 889 305 854 663 394 648 510 171 72 913 10 654 11 96 119 985 230 203 305 23 124 245 553 743 883 930 116 874 93 11 37 763 743 122 575 302 678 893 608 
818 581 522 73 316 925 901 354 689 87 1000 953 348 446 283 331 223 439 195 234 9 359 594 264 933 824 953 412 390 884 736 345 122 255 318 480 563 469 336 257 627 440 683 19 172 83 858 421 213 849 645 287 538 876 99 780 838 335 725 993 185 348 970 429 568 776 148 560 208 273 493 284 291 794 527 541 622 292 861 889 513 627 407 504 345 654 676 334 457 315 765 938 353 99 896 639 174 640 564 759 272 366 669 916 943 318 284 309 487 538 854 763 669 636 75 980 116 544 207 482 612 1000 481 381 772 836 743 870 633 779 693 409 447 531 137 353 615 908 756 855 380 273 791 383 820 71 31 909 60 977 617 441 698 953 916 466 185 779 388 291 948 848 89 891 313 5 181 624 917 253 483 714 267 71 511 100 141 579 922 77 453 409 208 767 301 156 577 274 858 120 447 553 182 396 592 474 610 552 514 994 857 244 68 284 881 152 285 227 948 30 141 523 789 736 190 297 612 648 434 421 67 981 343 413 832 250 889 649 988 894 193 570 533 508 751 524 116 458 1000 915 912 181 766 422 855 999 637 251 311 647 744 14 6 221 906 892 244 287 546 838 76 689 880 256 225 7 158 492 884 863 948 104 762 965 462 520 722 764 22 699 237 162 112 468 245 46 287 526 777 711 311 814 927 361 627 944 103 787 323 425 274 810 277 841 700 806 876 141 71 887 209 399 136 305 278 976 699 348 762 995 861 288 207 252 584 416 976 889 790 816 144 624 579 988 118 314 26 504 886 191 935 782 768 631 113 939 529 718 813 259 388 855 497 412 374 891 255 904 274 185 853 421 813 281 84 56 447 217 41 519 206 324 200 259 443 402 494 703 969 814 89 650 283 340 214 136 355 975 645 575 557 71 497 110 843 993 628 235 282 368 382 269 779 913 461 481 247 146 928 965 260 425 211 28 411 655 902 953 62 280 476 951 553 723 565 462 81 248 31 156 510 305 71 101 72 614 396 44 278 560 188 729 551 226 566 525 53 409 129 812 717 160 503 859 694 805 204 628 472 95 662 933 559 17 749 750 265 200 527 307 848 817 148 98 409 53 736 610 957 524 790 201 653 561 131 499 998 281 629 648 579 408 688 304 597 500 456 821 38 948 
962 871 250 825 500 452 586 78 724 235 274 263 362 472 959 753 381 155 761 786 879 0 177 463 821 209 211 972 480 393 599 480 941 633 981 404 709 528 358 427 771 527 522 505 295 849 595 119 313 886 711 582 653 293 413 488 566 850 384 867 144 311 854 589 783 702 470 76 405 220 602 716 278 239 680 159 916 726 102 666 471 320 603 761 828 52 803 521 211 154 655 55 1000 967 193 925 842 613 491 956 441 139 645 888 646 828 492 493 221 6 127 334 855 373 520 4 589 517 893 154 481 849 491 101 149 408 853 17 783 361 86 42 374 498 852 739 136 42 822 169 513 639 317 730 28 674 14 331 192 164 546 745 47 665 268 170 174 598 563 969 125 69 333 503 338 448 392 54 621 928 534 160 702 55 2 588 200 242 502 838 470 814 932 292 880 259 577 971 861 110 399 986 144 942 837 719 247 476 351 438 399 726 440 195 846 478 307 715 992 917 173 478 434 460 939 626 420 831 861 396 973 138 381 747 310 29 104 707 978 456 850 584 288 938 507 786 302 970 733 814 18 759 397 404 439 541 692 57 0 836 452 567 719 802 738 836 753 241 844 806 142 25 594 315 235 444 756 923 440 906 39 529 412 431 132 697 192 217 76 16 854 597 295 389 553 494 667 207 871 252 639 788 355 578 252 988 27 184 359 614 68 373 453 431 848 854 935 286 110 632 252 463 340 901 769 544 410 233 589 309 178 123 293 874 125 806 354 21 422 484 895 393 328 985 255 880 662 378 322 620 741 770 146 844 495 940 461 549 339 319 981 600 985 965 790 859 776 394 967 680 826 442 50 583 269 997 367 767 133 156 861 676 185 376 204 651 445 507 250 631 367 982 180 807 504 915 295 828 70 363 906 555 129 785 869 733 734 286 972 476 404 433 929 886 373 86 266 495 691 536 998 520 751 637 912 139 706 587 791 587 65 981 904 689 528 796 33 311 178 261 805 84 902 53 236 337 234 501 958 412 776 130 695 619 309 25 789 8 248 847 895 283 786 981 352 14 454 337 876 678 331 128 6 521 793 272 914 369 40 582 756 419 317 239 72 535 623 444 994 217 561 934 402 327 210 857 149 271 397 522 306 246 703 612 814 588 260 537 324 174 
738 576 404 375 345 782 745 289 398 677 311 871 426 925 667 788 513 478 455 660 215 545 188 953 859 696 957 933 515 286 893 132 561 610 268 812 994 323 395 73 800 543 179 495 367 158 733 460 928 127 991 277 218 863 47 863 212 47 137 302 989 225 177 253 880 93 682 505 259 635 583 991 892 190 219 791 201 188 522 18 311 601 713 221 528 593 936 532 561 607 297 326 98 757 705 390 189 438 872 928 135 214 632 350 469 994 383 662 400 72 720 314 347 770 154 825 902 358 166 861 277 842 85 221 961 393 3 484 477 16 338 314 444 664 795 629 349 24 537 318 980 598 461 511 547 678 846 397 688 118 562 84 682 498 650 215 411 438 951 972 33 106 810 408 837 999 777 205 775 43 557 3 798 3 36 182 832 401 541 412 608 378 729 350 41 201 856 132 811 701 87 862 85 990 325 802 190 206 426 768 224 282 110 194 139 736 273 480 881 228 535 582 850 861 753 807 328 201 464 614 250 195 14 873 759 738 828 237 497 101 515 439 65 780 144 753 465 475 889 174 1 961 121 332 274 323 331 657 319 337 899 541 423 559 914 305 477 208 193 680 803 465 481 535 408 725 30 891 995 982 635 15 118 642 27 27 194 574 875 662 179 208 373 411 452 338 255 247 200 856 45 370 387 934 319 121 378 479 703 551 929 206 174 298 500 4 764 736 722 313 928 75 12 304 402 288 467 436 640 562 908 956 769 730 866 151 790 512 357 508 432 41 213 662 536 183 337 766 345 265 559 124 610 169 354 894 615 177 529 294 305 8 714 199 736 463 868 695 373 677 432 149 827 834 852 589 860 844 684 202 595 826 555 493 665 817 666 655 309 211 383 300 389 810 588 32 130 937 767 289 81 654 132 351 355 581 908 834 439 830 519 752 577 291 574 221 613 800 475 572 486 584 289 557 459 784 757 420 793 288 37 711 316 440 22 462 834 432 99 404 298 628 182 196 845 740 252 662 842 663 646 376 32 558 988 355 508 781 314 440 251 684 923 998 278 473 929 224 411 842 702 179 206 848 942 997 694 218 671 277 64 708 644 786 726 98 818 340 943 398 180 422 351 739 918 331 437 614 283 914 313 451 201 9 736 38 539 266 845 698 
914 503 43 864 695 20 232 758 873 869 363 325 750 392 459 274 798 721 149 466 779 123 417 866 462 644 95 38 501 511 935 261 225 873 367 15 273 319 532 932 662 580 698 510 757 4 328 193 93 127 773 451 666 741 465 377 299 793 644 206 990 857 969 486 25 806 686 600 395 26 764 321 77 956 775 459 382 558 47 199 359 386 130 966 397 154 156 240 669 381 74 38 521 697 551 249 619 290 626 959 135 750 10 370 680 869 648 774 226 95 428 137 69 578 713 940 439 757 781 599 493 810 420 717 161 237 526 222 257 779 890 679 335 278 528 810 227 525 179 406 877 746 532 390 610 376 755 738 558 181 708 672 938 712 612 98 450 886 646 104 891 798 277 437 704 407 379 449 665 622 1000 462 235 805 987 290 628 652 939 629 146 768 92 250 170 825 188 124 666 693 125 740 468 111 492 168 422 397 459 347 386 690 127 333 238 509 96 98 927 162 722 802 582 727 650 827 867 956 415 220 474 517 596 814 788 301 17 169 444 871 14 551 603 781 439 373 892 798 778 97 885 711 26 398 245 851 941 503 658 200 533 562 401 588 877 996 419 276 310 629 861 624 363 253 954 445 53 238 882 964 127 2 457 895 114 462 64 51 435 249 793 541 785 400 313 734 709 551 936 635 54 57 966 144 108 803 266 559 606 101 227 946 677 943 102 193 866 753 555 90 428 403 149 862 525 301 928 370 761 124 203 447 242 406 570 285 766 381 351 940 966 825 318 460 575 198 653 401 377 952 370 646 107 46 14 1 704 491 524 760 782 484 74 20 285 780 87 621 104 197 387 12 847 579 985 813 336 536 987 536 545 989 843 347 13 495 918 397 321 452 771 496 683 943 870 12 323 511 651 350 809 959 608 892 196 185 908 770 588 308 979 471 775 72 941 459 791 400 94 354 921 3 697 665 625 880 350 693 974 326 611 545 377 819 359 295 943 305 30 758 483 22 508 757 725 641 630 244 847 951 303 565 211 643 309 48 723 259 834 602 709 1 646 893 4 876 269 367 338 224 499 189 227 160 676 649 32 59 515 276 271 320 648 523 532 341 281 849 246 686 49 284 815 697 458 292 394 106 652 277 574 653 312 461 507 26 10 94 955 996 
909 720 376 246 25 703 45 126 477 94 821 431 69 553 331 366 766 586 159 98 709 822 890 450 600 728 623 866 303 82 841 543 791 654 876 395 18 180 102 611 914 932 952 280 302 178 419 457 840 75 13 699 467 58 323 773 945 554 193 790 655 113 714 184 741 204 599 471 112 79 671 465 217 813 813 218 94 611 974 98 664 944 503 766 408 160 547 947 962 342 686 919 153 141 906 946 996 28 585 252 729 253 961 874 27 513 821 721 843 846 706 596 31 388 534 731 385 187 97 836 304 847 206 467 556 5 532 318 745 807 121 448 788 231 874 127 199 795 225 129 352 746 343 963 435 307 367 186 90 769 515 935 38 303 717 629 123 156 146 119 993 83 853 3 360 894 316 547 243 481 70 293 986 747 186 691 565 860 587 602 788 862 689 170 19 974 496 420 298 524 628 571 158 906 16 898 283 425 560 425 885 597 92 57 205 135 515 387 217 779 987 467 19 903 630 691 88 670 762 292 398 580 295 401 23 503 601 116 530 677 305 266 490 443 730 245 720 700 522 331 779 147 404 87 173 973 153 830 76 310 0 216 463 958 215 688 562 265 268 37 665 447 539 688 150 985 644 265 725 78 915 557 242 307 724 190 158 701 30 134 193 237 852 518 928 812 405 229 816 894 674 11 558 385 159 963 600 3 377 33 205 140 507 110 322 805 40 336 11 150 312 220 216 284 112 647 673 664 412 592 234 592 166 625 835 654 521 48 554 410 881 78 111 146 622 333 584 454 797 589 775 266 836 835 883 751 92 180 575 772 654 271 292 292 375 575 490 110 420 528 948 759 978 996 867 175 438 786 260 543 960 307 377 102 183 446 444 927 604 34 247 870 902 248 706 489 392 242 582 957 798 648 776 352 860 295 611 81 208 425 662 616 612 820 851 760 115 150 497 828 729 651 841 735 629 519 554 367 441 338 455 431 208 76 999 229 601 384 316 597 437 193 549 695 982 773 818 417 996 415 789 975 220 517 146 479 977 941 695 323 757 715 225 739 424 334 163 793 102 259 448 646 667 114 396 900 171 530 134 844 479 78 764 86 268 396 377 844 262 170 860 373 922 484 641 815 317 19 822 654 405 324 626 115 788 509 338 791 303 965 
254 566 11 38 969 928 203 239 930 373 37 534 766 194 696 912 884 174 770 881 327 816 654 234 27 477 765 123 396 470 5 367 72 891 954 249 938 231 986 23 847 57 235 401 952 382 239 334 172 52 73 20 529 858 692 294 28 79 219 160 126 783 498 688 830 46 710 629 803 29 116 86 576 890 138 976 613 672 558 307 469 7 309 49 1000 819 463 312 964 932 215 464 37 636 979 444 1 357 281 764 209 1 235 778 456 416 843 979 302 469 575 593 100 120 125 360 955 646 85 90 353 4 668 529 58 920 35 174 571 291 642 241 66 168 204 754 442 430 546 334 78 500 957 886 192 232 493 47 181 876 596 500 888 207 379 808 960 747 110 935 684 656 255 297 718 427 507 785 331 224 116 961 986 351 415 37 941 426 522 55 152 537 883 811 952 109 3 435 386 187 706 104 993 291 879 665 764 281 53 358 724 947 622 128 704 620 80 625 140 135 118 995 652 134 383 681 612 617 237 262 314 303 654 149 151 916 99 915 837 520 902 411 749 651 381 613 500 270 626 993 860 76 587 863 719 589 894 856 399 237 397 729 461 722 353 208 447 859 583 182 276 442 107 811 20 430 661 842 669 511 552 195 832 177 46 769 198 626 602 154 973 611 961 941 600 123 872 454 728 476 940 499 514 542 435 472 341 544 695 787 166 852 380 22 616 161 297 135 605 30 841 389 599 784 463 564 633 254 193 248 118 124 630 580 464 26 958 721 681 390 901 39 838 784 829 425 665 225 437 40 224 36 674 308 459 813 352 771 957 254 614 281 957 685 640 143 962 423 775 236 522 126 412 675 898 508 116 772 859 144 456 888 432 197 284 381 685 652 54 7 282 600 317 58 451 313 379 413 723 213 195 846 294 281 711 641 403 563 497 953 710 302 504 805 717 327 499 613 834 19 745 721 428 167 889 540 181 277 633 426 653 170 485 370 232 377 77 268 25 733 427 24 641 151 186 922 258 89 811 619 543 133 271 574 638 296 128 460 916 747 750 645 253 174 737 825 210 69 611 903 574 878 681 356 837 806 336 580 823 624 981 735 952 892 785 62 159 230 761 671 696 478 553 343 784 664 862 56 149 191 856 94 117 393 810 918 448 500 498 297 
742 56 972 951 123 508 594 624 331 821 422 117 991 87 735 189 146 544 602 656 88 26 809 961 44 566 84 824 101 5 974 50 726 88 528 323 526 129 31 67 362 999 27 525 969 761 244 687 414 255 179 715 761 308 914 800 694 526 304 460 463 994 111 458 894 654 394 803 675 968 378 750 386 936 563 204 340 142 775 616 827 924 996 627 841 993 38 175 198 598 569 740 301 996 242 725 123 566 462 825 770 713 829 638 23 817 464 379 941 170 732 680 503 172 376 25 861 604 556 742 870 667 852 823 121 680 100 534 927 257 189 421 391 546 307 494 55 284 236 641 156 223 328 631 851 940 384 142 336 797 758 285 619 618 20 795 254 96 454 194 513 524 179 529 65 833 373 929 369 64 794 533 654 679 584 803 624 817 665 988 0 152 744 531 196 641 450 788 78 673 438 912 418 153 857 535 340 540 412 679 147 585 429 874 4 144 614 306 87 526 761 620 947 210 843 5 323 385 474 300 620 629 741 389 42 786 821 272 535 157 909 99 421 777 571 140 101 830 101 234 767 496 513 215 76 394 635 749 6 971 970 383 573 572 115 643 893 101 360 78 272 710 981 369 41 106 289 686 19 623 246 992 859 460 694 694 68 676 122 10 710 764 126 905 794 957 531 773 912 492 954 238 313 178 694 488 993 512 60 541 117 497 82 465 838 148 693 469 144 125 628 865 62 843 504 593 344 278 729 487 35 554 26 644 72 856 475 874 70 37 924 750 979 127 971 452 733 874 243 589 820 875 321 556 497 106 521 400 342 628 639 605 155 499 50 210 115 98 692 247 953 623 762 147 481 94 802 781 138 894 924 498 671 554 768 168 260 632 586 193 33 521 249 533 698 482 825 922 53 238 263 900 328 849 849 972 833 927 991 189 43 131 69 406 839 737 648 222 522 474 157 648 356 787 717 975 883 577 776 22 550 70 548 867 25 582 282 19 411 697 719 144 917 640 647 97 588 375 705 655 775 930 97 606 11 872 492 582 638 203 597 130 170 33 523 661 461 616 778 845 346 842 27 889 634 400 800 369 343 48 458 684 527 460 935 151 173 934 207 122 289 915 151 272 355 56 330 371 949 927 429 916 213 835 238 821 478 984 958 828 
139 74 835 855 798 133 730 415 869 751 45 225 986 900 966 73 786 560 273 715 241 139 288 754 963 953 731 103 108 612 947 503 135 201 886 960 360 27 934 930 811 462 300 913 591 175 928 521 739 482 861 178 203 810 196 652 556 433 642 46 236 920 1000 196 271 966 488 902 409 817 964 507 977 961 280 92 55 449 910 936 878 805 441 295 291 94 900 801 544 699 807 765 343 872 710 124 139 919 374 623 256 737 725 195 378 184 238 812 190 222 130 2 612 123 205 413 293 850 439 580 311 769 208 886 33 120 890 697 89 956 127 446 896 438 533 309 783 287 968 887 171 426 302 721 712 536 564 125 713 932 724 493 297 742 885 42 475 570 581 953 550 887 465 700 841 229 685 239 948 282 153 71 68 19 481 233 165 199 861 478 483 493 534 260 704 896 367 573 149 112 97 160 645 839 981 691 923 586 111 428 329 838 357 524 455 56 33 471 827 243 950 561 523 472 811 783 267 820 635 37 247 613 303 117 997 202 102 451 953 60 578 790 324 911 908 540 420 667 922 66 685 458 56 238 166 376 320 774 527 610 443 14 950 938 401 338 248 653 808 859 648 833 151 440 790 100 236 728 455 46 691 681 242 425 357 666 55 138 869 298 28 201 758 291 834 621 184 963 850 256 100 565 568 437 132 949 884 451 58 471 762 550 886 929 162 198 515 100 604 473 412 416 831 28 88 174 914 580 364 710 905 540 263 834 291 838 896 15 381 9 609 572 458 571 617 170 828 850 640 288 723 962 822 103 990 271 789 607 517 739 174 417 365 521 389 327 111 680 905 249 158 71 870 153 266 626 592 540 586 605 799 557 115 3 439 83 394 132 955 395 484 954 74 845 282 439 264 753 542 454 391 330 95 811 563 570 63 615 707 225 307 408 317 436 49 808 103 341 97 579 841 374 224 156 134 732 311 457 495 18 979 650 333 28 968 861 220 550 191 80 298 155 201 141 94 196 507 70 92 380 146 316 669 919 4 612 823 809 240 925 193 761 985 277 643 308 632 645 495 675 695 119 193 27 329 211 196 67 453 697 213 462 40 976 61 818 134 480 424 289 136 749 626 324 91 674 66 730 59 803 961 748 111 272 909 217 372 950 82 107 
69 223 519 102 571 330 127 39 287 464 784 517 453 32 600 560 43 781 276 758 504 176 306 840 106 846 454 119 698 237 560 550 10 25 661 809 22 13 508 831 584 807 367 0 801 643 677 977 989 986 168 947 512 392 500 504 360 110 315 11 560 83 753 750 355 784 232 322 886 458 484 89 439 265 338 685 695 584 728 877 675 987 814 446 569 636 739 158 738 848 141 598 746 988 520 688 265 281 177 443 285 440 714 53 676 568 887 532 952 875 536 722 487 582 269 31 608 134 531 357 632 45 859 929 998 696 946 847 702 907 371 463 448 812 528 242 647 37 815 683 316 675 585 258 700 675 408 402 557 459 82 260 116 399 270 238 80 11 935 773 740 991 602 663 177 844 800 775 784 627 186 234 578 471 360 903 951 574 971 832 85 763 933 528 945 567 232 305 819 510 642 814 338 14 752 798 656 267 456 762 830 291 875 20 957 460 630 771 863 759 590 619 214 522 685 750 306 230 700 40 801 918 562 901 814 314 813 521 542 64 680 834 295 705 796 448 910 304 26 114 653 475 802 306 198 314 215 677 742 302 783 306 203 483 948 411 811 532 469 427 91 30 783 207 316 512 93 825 669 807 331 175 871 602 701 754 405 945 350 26 907 180 897 772 385 734 559 245 247 422 500 709 650 503 631 561 315 587 851 721 990 58 502 531 811 477 713 727 590 677 42 671 246 48 597 591 555 264 215 486 725 424 317 131 183 866 742 871 616 680 650 303 897 603 505 858 658 562 979 256 274 558 740 444 679 549 499 621 358 509 954 455 257 178 337 403 233 707 903 984 462 17 425 712 366 652 970 685 49 668 78 316 516 68 810 289 722 730 533 222 956 939 416 816 203 229 553 629 739 733 179 393 115 137 830 331 226 595 170 37 158 153 785 523 534 8 170 499 917 62 646 857 347 652 974 443 454 158 928 940 508 659 158 689 429 760 96 92 61 770 255 795 408 961 610 897 742 277 589 583 974 581 505 867 180 854 893 702 45 486 38 150 803 89 603 824 401 664 2 691 739 394 439 727 796 655 535 368 10 906 715 514 286 154 578 57 710 786 140 844 925 430 985 676 529 62 123 932 4 627 289 150 43 554 877 123 970 212 223 653 
283 626 761 396 253 835 85 273 358 789 919 955 439 507 252 910 803 106 632 611 7 824 393 503 274 196 653 229 93 880 571 570 513 960 98 222 499 218 570 401 690 222 456 340 340 945 495 529 4 983 186 708 430 628 692 63 872 25 470 239 301 419 234 947 171 615 763 803 532 272 554 993 571 913 633 796 985 692 229 37 181 15 976 298 801 936 817 78 486 648 397 668 545 5 149 663 584 259 522 51 730 863 380 920 751 193 86 213 849 790 337 642 323 79 893 405 994 823 374 20 47 719 931 588 885 697 852 18 964 523 98 352 517 602 777 756 243 874 234 864 625 15 510 628 913 344 38 572 199 213 575 774 451 590 106 385 488 790 384 85 641 150 962 364 170 280 315 942 238 210 44 192 274 452 499 478 4 962 153 861 359 649 218 928 763 865 402 82 143 646 63 674 678 484 915 353 159 40 288 823 932 688 551 912 478 272 750 173 840 482 517 872 599 19 159 95 639 486 957 218 232 824 867 952 849 342 958 362 31 747 450 103 20 253 968 35 374 904 748 695 343 615 973 882 616 133 770 216 471 685 457 158 880 275 143 51 304 68 879 385 338 130 6 876 33 790 77 806 416 232 978 902 700 391 154 460 579 377 734 736 830 313 560 840 850 814 505 570 258 493 756 961 484 758 296 526 369 809 41 111 255 151 628 478 823 945 154 521 707 559 24 49 429 572 744 37 816 137 597 526 310 839 533 379 352 376 691 420 621 898 366 24 331 587 779 355 841 39 213 49 30 81 917 985 972 733 661 695 134 322 206 138 555 655 412 876 609 787 315 936 311 933 780 128 409 761 561 898 333 899 721 611 124 885 11 881 940 705 344 68 918 188 581 608 734 642 28 966 260 417 571 101 622 354 773 379 261 395 672 976 236 720 242 497 609 761 733 554 883 377 566 806 545 559 194 255 521 359 304 252 258 859 557 729 309 320 899 475 664 437 302 932 886 842 27 955 642 607 964 632 769 8 562 284 83 593 930 71 542 997 871 549 374 648 657 348 380 676 136 920 524 811 174 139 933 140 261 249 59 780 265 860 376 716 197 275 513 378 910 4 332 865 49 2 640 698 190 253 246 131 62 879 361 116 600 470 504 819 781 776 
243 354 89 265 714 83 488 88 156 521 56 302 305 154 425 264 511 939 99 54 280 982 169 254 392 404 620 423 189 936 145 351 373 57 545 165 372 601 705 258 824 706 548 768 548 44 688 688 868 828 186 168 205 948 3 218 18 131 468 442 397 693 860 626 170 705 903 566 298 875 931 407 706 850 810 432 857 501 259 56 811 305 258 715 405 44 58 548 503 128 44 261 245 776 101 723 511 51 187 424 56 106 59 132 381 444 900 186 555 192 62 37 861 45 186 80 378 768 478 840 699 797 924 701 345 295 390 693 39 722 424 20 876 371 242 43 44 821 229 569 207 981 228 277 500 416 409 747 766 168 373 285 563 697 899 677 866 661 828 309 547 782 427 678 127 248 256 964 465 409 421 172 437 130 163 446 458 658 359 139 97 196 66 154 266 807 303 183 654 574 558 57 618 58 263 425 720 293 752 331 608 603 236 48 464 475 307 214 251 671 463 504 505 470 732 182 677 287 612 295 311 124 947 103 422 497 714 477 488 328 970 26 987 25 302 981 505 116 751 651 227 69 553 758 911 164 680 733 309 421 698 376 61 527 658 718 696 461 447 16 690 300 502 315 39 899 354 758 107 425 33 43 96 256 614 973 209 1 389 186 244 167 40 677 128 145 426 57 898 96 199 942 301 514 513 956 61 248 920 994 168 340 573 578 669 630 423 840 175 336 711 82 779 671 496 689 879 736 554 205 782 355 239 655 890 226 410 756 469 588 611 664 67 37 487 272 271 278 57 272 262 344 544 934 874 639 43 468 585 763 247 382 390 520 289 25 389 825 87 286 563 986 866 132 737 450 829 68 271 421 300 887 222 957 739 726 737 498 360 44 320 87 452 901 517 860 33 908 588 700 248 981 928 380 370 424 346 1 762 174 547 711 444 780 798 900 774 360 696 633 292 128 257 485 980 417 275 272 908 35 312 205 452 450 28 719 166 64 687 830 88 831 952 726 580 839 641 850 242 946 512 689 872 591 706 755 764 434 313 270 601 396 552 323 712 363 66 898 731 652 440 510 15 801 428 733 733 997 196 877 482 628 95 231 150 986 95 672 788 588 915 985 283 898 967 563 338 70 157 404 876 773 611 140 281 151 276 195 319 475 
263 215 238 495 386 922 216 189 895 117 478 567 259 924 260 152 391 634 550 578 72 760 591 932 923 532 419 622 923 708 11 553 471 943 603 234 871 848 344 187 83 426 876 712 795 608 182 891 530 433 251 892 84 432 644 656 637 461 317 712 4 138 51 520 271 822 643 940 474 535 388 18 575 226 52 549 264 669 754 446 13 479 893 545 802 212 547 122 633 550 654 281 658 22 720 134 179 746 387 124 877 375 570 81 439 983 363 827 734 555 653 772 125 101 583 929 405 660 822 866 771 660 710 453 552 751 723 414 582 40 950 725 342 206 874 318 379 110 187 706 502 748 800 877 754 110 193 536 43 231 313 718 267 747 498 413 426 985 246 754 546 553 565 653 683 698 565 122 680 290 908 86 820 351 793 630 61 218 626 65 268 462 811 796 805 461 671 18 930 782 797 177 378 242 402 763 160 776 280 546 769 530 330 814 611 73 770 583 26 266 696 562 453 698 441 517 934 682 377 81 367 877 813 802 323 210 503 157 881 442 897 270 963 262 238 228 534 678 311 515 107 861 895 972 331 856 97 723 368 678 522 439 300 820 237 242 117 69 797 168 22 429 2 264 610 419 184 968 439 68 428 299 382 951 473 159 381 687 877 683 756 711 545 932 687 13 210 185 450 844 160 429 784 932 477 648 890 749 686 432 246 479 11 685 642 772 636 926 723 884 568 818 310 330 695 929 275 726 327 641 728 610 46 227 407 508 488 609 658 630 545 371 333 821 694 730 814 679 544 534 571 717 381 103 433 736 122 330 641 911 120 769 294 623 812 89 739 116 386 461 510 102 760 24 292 166 364 101 373 302 832 99 357 895 121 117 657 283 217 291 672 674 16 849 329 766 915 293 155 840 513 881 539 922 392 350 303 758 623 356 148 656 673 276 993 424 167 344 369 374 273 788 79 428 377 655 488 472 366 868 750 835 473 460 756 628 102 633 107 492 304 970 756 516 111 636 953 134 938 691 835 302 44 933 193 649 36 833 449 952 873 723 131 879 477 292 695 898 828 471 677 420 951 833 914 660 903 680 823 475 949 457 883 438 295 58 107 936 630 926 995 374 325 229 830 908 595 825 798 198 348 218 151 116 847 327 185 698 346 372 
613 144 648 648 566 811 429 275 531 526 729 220 29 741 505 483 214 489 716 161 564 78 809 735 721 695 840 709 604 540 236 867 638 992 98 589 389 8 969 363 566 649 558 904 749 304 861 921 253 356 586 823 926 398 243 588 669 53 711 171 887 434 37 837 289 673 169 431 747 883 598 904 614 392 248 394 574 66 368 737 943 831 715 141 286 641 503 899 950 140 689 539 635 10 715 493 768 660 550 68 781 258 657 481 270 984 3 953 265 543 24 208 599 605 769 698 305 592 364 860 243 944 949 206 176 44 55 295 435 514 570 856 970 20 674 227 599 279 592 348 39 228 203 1 875 803 192 445 236 502 226 585 630 48 15 149 759 159 760 734 174 260 695 1000 930 930 93 802 994 262 169 462 736 755 901 848 368 384 792 40 184 672 76 752 857 618 81 583 699 524 595 726 752 965 439 521 456 353 126 985 727 652 895 498 31 373 562 40 938 201 183 154 536 415 526 511 542 837 709 847 61 809 527 172 666 195 303 628 77 127 958 202 202 179 561 528 970 97 481 620 846 85 472 914 834 192 789 926 891 261 309 146 927 245 160 661 208 696 421 331 905 100 393 458 402 613 397 485 758 603 152 598 991 60 131 365 257 242 689 406 277 1000 507 720 73 523 983 505 873 72 396 568 44 267 845 862 738 29 19 968 864 962 791 879 99 87 137 434 640 550 142 72 654 229 70 937 823 523 488 901 388 539 778 972 425 124 878 691 670 992 322 719 376 487 623 924 44 392 670 750 272 271 662 306 277 535 171 290 833 828 336 954 157 180 58 630 879 299 232 100 167 567 503 97 440 87 925 543 348 749 748 607 331 648 604 805 589 879 970 490 226 142 676 168 294 829 632 440 282 78 789 917 205 719 123 829 938 673 797 57 972 696 237 833 886 823 274 146 377 710 482 66 317 357 408 803 587 368 984 110 274 113 557 925 754 182 295 156 925 788 960 518 79 765 86 597 749 664 363 63 348 10 886 640 630 471 92 692 629 69 605 676 219 857 825 524 494 764 275 868 715 662 902 871 878 501 815 155 898 907 90 703 453 176 455 902 595 757 403 502 335 273 408 966 917 556 422 410 96 17 644 129 732 517 171 888 209 134 1000 584 
849 6 180 201 823 841 584 78 75 407 250 129 169 856 927 727 491 322 348 724 1 139 748 617 869 846 811 877 148 516 722 521 570 675 61 406 200 290 687 107 904 411 226 557 790 928 848 782 883 640 147 42 513 884 595 736 796 627 427 940 791 506 183 269 636 646 786 616 911 595 725 400 10 565 892 841 807 246 744 526 862 558 721 610 448 49 857 858 812 417 223 107 229 703 658 218 317 1 77 897 303 786 99 970 486 588 335 944 579 219 573 663 155 922 854 456 172 511 98 871 44 32 681 369 283 619 477 463 875 537 371 271 804 930 137 240 74 481 485 574 162 619 635 433 765 41 356 143 689 169 587 305 87 604 543 890 126 904 284 650 142 497 847 25 152 506 675 941 358 954 200 230 304 682 178 591 990 578 10 461 450 353 678 120 106 363 866 525 828 72 441 323 45 17 598 689 147 150 447 654 338 969 67 176 802 738 206 385 120 324 702 870 716 29 356 463 361 785 179 297 784 417 304 900 685 511 411 974 802 398 84 390 706 661 548 317 701 373 933 552 599 893 687 42 486 946 758 721 120 86 507 495 335 254 237 950 567 988 353 737 484 469 914 547 306 756 757 965 637 779 391 753 122 484 460 345 368 615 234 313 136 23 139 332 891 773 830 120 370 777 883 883 27 973 778 975 595 266 670 430 216 487 581 187 534 548 79 294 649 902 29 61 121 674 320 523 383 303 935 109 804 994 474 680 605 98 868 290 694 731 402 920 673 977 167 245 4 468 409 783 936 621 963 513 202 541 25 962 720 99 215 267 955 372 81 793 379 430 309 41 681 436 175 217 127 514 556 853 970 152 383 787 784 806 834 96 705 184 779 702 621 678 642 414 834 714 476 765 486 941 675 909 969 738 401 484 260 178 106 724 389 146 381 235 230 381 417 630 585 52 610 133 148 271 358 626 842 86 552 539 453 488 243 77 946 281 716 263 588 922 847 227 439 789 808 230 989 705 337 638 168 235 993 181 847 732 960 973 184 523 834 756 262 424 581 584 888 98 657 88 83 286 814 341 309 640 9 83 665 955 288 749 780 692 680 508 620 25 702 222 850 712 627 757 672 378 864 627 794 91 209 58 862 553 508 907 624 419 433 64 
492 763 286 928 875 995 617 444 156 983 232 399 474 719 766 886 398 171 370 555 571 849 845 23 765 794 539 758 430 729 233 314 85 259 740 927 223 61 295 948 944 837 560 453 445 573 975 475 813 959 460 253 107 336 308 794 563 62 59 484 205 365 889 29 501 263 366 349 353 219 383 584 366 884 555 4 595 318 843 337 762 822 703 458 830 356 953 29 176 657 63 907 572 46 714 208 660 814 911 96 747 921 871 695 671 282 146 938 651 76 117 851 854 975 812 100 274 698 287 396 456 808 608 446 392 385 19 980 83 843 987 992 362 672 23 908 506 292 453 415 39 75 430 867 780 382 517 493 223 7 934 122 412 789 394 413 53 629 728 41 185 489 563 624 613 813 783 461 44 569 340 17 747 830 386 831 432 969 842 993 54 354 720 548 431 491 318 82 959 440 501 959 836 591 341 475 250 48 432 758 503 413 308 692 979 929 141 859 416 343 952 513 843 113 257 675 352 307 576 368 801 313 558 416 311 633 252 997 685 982 551 780 301 135 231 857 746 679 115 991 63 223 497 79 798 257 835 880 494 828 162 911 254 433 240 574 902 220 741 214 739 893 372 606 483 51 254 37 497 774 453 76 752 333 519 327 863 974 441 987 401 719 348 886 485 780 872 13 177 921 222 636 555 441 506 575 38 119 563 88 629 239 223 3 999 178 518 992 20 527 397 397 378 9 482 801 677 901 652 479 894 231 885 124 252 825 194 597 107 833 798 213 669 507 118 263 294 66 812 932 627 782 688 304 959 288 596 334 542 879 808 652 15 501 252 78 666 35 481 556 488 194 822 693 389 872 522 979 26 112 863 996 397 697 217 898 719 11 307 208 423 371 283 681 227 573 473 165 8 798 156 908 343 585 238 208 899 502 384 4 912 549 264 706 778 765 995 600 961 77 117 817 863 978 528 873 909 590 119 957 626 580 325 991 385 322 986 626 627 697 275 891 252 268 867 479 528 914 841 94 981 384 160 840 178 922 227 163 312 505 888 719 875 887 317 634 459 371 756 691 382 144 170 654 810 218 242 182 712 379 122 890 159 615 264 989 773 734 704 815 880 631 786 497 783 140 871 678 929 910 79 345 50 930 310 224 188 846 399 664 
760 942 975 244 880 782 524 552 233 494 994 374 431 680 378 387 796 490 974 546 750 278 983 40 131 416 865 313 121 835 973 946 925 491 185 492 961 550 70 787 858 807 782 383 925 714 186 710 540 7 937 816 994 267 586 270 246 55 928 0 859 85 673 395 999 460 895 360 565 323 176 465 263 817 984 97 858 211 616 829 560 319 719 126 781 610 109 309 407 261 717 54 735 342 544 200 597 14 821 742 589 880 422 932 369 578 186 285 36 516 395 817 868 16 357 666 811 604 325 913 601 133 236 921 355 956 870 776 769 794 980 565 195 11 800 727 282 892 697 487 603 714 153 600 444 947 962 954 530 968 477 655 907 571 830 121 117 34 848 480 865 473 578 224 361 876 681 183 92 621 318 144 652 723 576 93 315 445 816 706 957 498 290 963 156 646 687 776 136 163 196 497 500 575 409 575 570 447 868 189 415 116 269 68 324 599 835 339 102 97 131 401 711 209 635 268 520 853 833 186 512 430 339 708 983 835 694 925 813 896 862 9 121 63 491 423 259 548 240 196 164 508 6 118 679 619 850 855 567 297 166 865 439 34 431 353 710 329 482 696 786 211 553 443 795 960 527 351 79 382 121 217 995 501 438 544 927 975 416 302 775 867 56 639 155 860 455 596 450 338 342 176 573 530 946 725 442 783 806 568 701 471 993 191 489 802 352 987 887 406 665 484 829 210 23 355 585 285 362 855 147 147 417 703 577 520 111 743 813 251 977 270 750 307 680 241 645 491 80 138 786 94 611 679 497 244 385 528 992 752 664 741 649 929 822 824 714 299 581 128 142 159 551 88 289 173 660 664 92 685 791 622 84 647 55 120 59 559 627 707 283 220 13 10 286 23 35 122 753 415 119 470 470 262 781 247 404 839 939 763 273 414 321 823 303 870 511 597 417 7 155 674 902 169 352 915 175 219 405 327 420 249 641 88 313 463 54 324 508 403 628 208 117 485 463 324 576 805 854 677 239 252 741 408 325 40 341 583 535 388 506 495 199 756 578 595 425 443 918 155 599 696 48 572 577 818 764 605 470 298 32 695 80 637 496 592 816 250 605 718 237 145 131 722 362 321 74 32 979 978 328 251 322 339 172 426 627 519 754 681 
707 522 428 478 522 285 375 677 779 259 64 607 566 985 651 742 317 338 744 184 446 68 753 119 796 37 226 202 141 161 127 300 960 69 99 428 199 781 294 781 583 672 418 418 315 824 441 764 932 204 13 305 404 142 342 69 16 228 926 67 793 233 502 269 968 615 742 584 188 900 908 728 105 190 187 77 584 535 974 490 611 759 58 164 529 757 890 695 898 219 967 177 726 603 751 793 876 969 717 48 129 990 823 822 740 1000 600 611 133 763 312 178 291 25 813 552 52 504 765 859 16 692 577 216 421 630 840 390 258 965 766 349 534 897 448 743 404 121 932 168 547 384 269 884 352 823 918 538 63 315 973 135 584 559 99 884 633 400 338 902 311 922 357 901 238 985 91 567 604 263 104 895 137 903 321 876 783 473 325 548 187 940 332 933 229 559 590 90 112 193 557 621 399 934 622 326 401 188 728 804 971 901 171 567 207 597 101 859 192 720 871 731 172 998 485 389 905 727 903 920 175 660 86 125 205 651 75 511 733 359 873 769 476 740 229 82 457 119 196 431 80 741 584 818 399 302 734 831 622 967 623 659 113 581 476 335 405 75 281 309 310 74 911 212 793 223 299 565 401 209 341 488 15 15 409 557 959 923 300 504 471 963 932 837 58 930 31 375 314 963 74 626 42 275 211 422 824 655 427 292 92 164 566 757 393 355 253 173 470 507 967 810 784 808 554 959 893 750 103 932 688 876 360 771 50 984 458 981 318 722 817 58 695 168 73 973 659 854 902 59 675 449 998 323 782 613 629 72 706 166 248 141 867 619 241 768 32 720 978 322 845 972 884 342 743 104 587 780 1 475 476 261 64 800 186 760 958 327 402 678 407 416 348 577 34 695 598 707 690 418 244 947 30 69 263 391 727 515 683 75 260 490 467 432 570 426 220 336 880 6 524 855 948 76 412 248 950 547 357 78 104 4 29 440 592 94 50 659 337 702 190 500 754 597 42 491 390 80 650 955 664 239 208 996 28 158 46 530 741 534 412 628 370 292 581 760 345 453 509 420 113 43 148 777 660 944 89 760 290 989 702 89 593 991 713 391 122 283 290 346 109 312 118 392 475 46 381 47 862 896 882 804 67 898 753 188 364 925 429 79 
347 642 497 49 240 577 361 620 532 931 985 38 902 817 174 467 63 911 860 517 316 906 5 412 282 799 819 455 318 832 379 596 416 63 255 250 14 936 739 921 58 908 177 344 17 704 502 647 112 920 848 994 74 30 686 754 876 557 289 523 565 562 825 277 824 496 270 390 788 377 429 682 268 788 635 851 910 422 672 523 404 705 435 626 990 628 284 345 822 377 34 794 381 533 651 584 490 474 623 407 391 356 388 950 232 739 953 323 229 782 491 617 930 996 222 509 62 796 94 608 263 409 658 982 956 488 783 882 339 398 939 962 546 381 347 699 514 804 740 12 375 960 972 167 410 112 760 492 389 742 960 591 235 353 58 905 935 200 704 404 757 762 853 888 738 305 833 580 551 857 24 562 952 343 575 8 363 665 13 615 8 611 700 997 299 43 246 740 380 491 49 990 280 155 716 239 328 183 134 665 618 358 175 27 153 815 811 389 737 948 869 727 311 726 548 453 238 225 723 874 958 307 336 847 342 471 504 130 218 309 970 500 146 238 693 903 133 797 435 736 992 359 682 288 666 826 606 596 945 126 232 587 399 392 555 585 426 141 881 800 553 472 393 686 628 689 311 228 684 134 648 481 242 45 699 365 552 180 331 565 474 107 897 94 743 990 376 702 443 763 442 716 481 882 880 262 176 261 467 796 494 359 828 190 90 553 531 948 826 879 934 709 488 29 595 531 680 535 964 582 664 759 174 842 409 344 214 753 666 838 81 527 858 77 203 844 81 843 554 630 270 287 599 781 350 167 230 71 33 546 266 867 907 252 92 13 747 993 121 460 823 555 321 299 839 136 943 490 159 340 436 517 86 4 818 465 449 223 951 900 845 899 426 848 1000 983 181 194 259 813 260 934 98 217 200 833 176 419 516 382 142 203 235 352 806 562 81 71 408 492 479 793 938 755 599 306 893 305 890 359 803 346 56 1000 594 868 747 450 650 540 206 322 229 824 443 445 267 174 268 687 864 268 377 998 171 542 23 76 626 717 805 963 491 992 58 706 312 566 390 93 267 794 371 1 102 299 857 634 950 511 65 59 949 966 792 489 879 704 450 397 608 789 390 696 695 316 389 491 206 179 713 584 586 198 671 757 446 474 704 639 
937 535 109 403 243 909 833 72 456 344 675 305 13 378 584 401 813 241 915 330 264 323 300 416 465 734 561 219 686 759 470 868 193 301 785 539 536 437 871 100 529 34 276 52 279 926 286 521 106 48 866 837 985 241 819 743 502 864 259 570 387 979 137 173 478 252 694 297 862 29 297 670 305 424 907 963 70 658 367 485 786 398 326 531 731 928 313 547 899 180 288 824 887 496 563 875 415 130 524 860 2 958 567 858 805 910 179 355 783 172 954 281 681 601 116 581 627 478 887 924 313 135 950 208 476 201 674 134 707 164 860 809 665 386 719 167 743 965 558 63 376 781 937 620 934 636 127 592 343 393 904 253 720 387 479 527 783 960 238 951 843 20 180 615 896 355 659 49 416 934 345 708 865 192 871 653 871 48 650 422 387 69 197 176 161 246 804 28 709 348 860 587 278 756 947 842 161 727 22 989 60 416 805 862 826 407 682 222 640 814 318 192 780 568 148 236 983 869 14 184 515 146 867 434 828 591 558 466 705 205 226 209 483 364 964 626 597 850 948 755 943 435 750 657 735 355 309 137 503 80 410 247 693 714 843 710 634 316 240 412 789 848 306 284 553 477 128 904 162 868 543 223 610 970 407 587 17 926 198 500 282 925 664 302 405 172 804 890 437 633 817 67 323 8 700 192 17 922 253 695 681 400 831 634 316 149 216 390 416 96 851 944 527 748 510 206 269 5 987 252 211 410 333 797 461 634 93 718 109 490 574 927 901 8 166 489 205 689 60 418 585 852 8 945 778 815 897 2 44 113 542 537 589 648 403 772 708 957 772 766 142 775 800 714 283 981 18 29 11 485 443 553 190 538 475 796 307 111 859 852 731 111 456 968 805 437 388 46 571 7 537 135 78 201 963 675 177 75 817 395 872 755 372 860 474 653 638 832 347 802 415 761 626 53 208 87 884 971 954 800 975 894 555 350 444 582 675 991 36 315 612 944 435 345 918 37 77 939 200 776 878 901 926 509 708 479 850 595 403 131 215 485 148 594 48 142 546 475 958 377 390 631 453 860 17 51 396 576 703 137 533 615 135 224 53 516 910 416 912 513 179 903 273 696 648 688 784 576 338 44 574 171 646 937 927 556 908 505 123 960 
176 746 809 378 328 190 91 429 650 812 491 477 220 520 836 833 737 291 569 806 397 201 888 12 697 838 395 417 548 527 456 251 677 867 103 586 357 120 108 842 677 960 441 614 450 749 255 549 52 448 16 335 161 954 199 906 718 994 914 674 438 403 448 211 204 695 691 306 744 567 697 613 407 245 73 896 232 825 174 113 956 317 526 546 345 90 299 276 335 646 552 628 667 423 906 562 607 487 942 48 275 206 629 911 20 93 274 271 47 398 781 594 494 9 535 592 519 481 448 326 13 471 961 240 366 889 206 329 69 624 200 109 189 625 605 145 669 239 530 871 935 934 288 107 860 955 133 19 695 529 200 877 704 200 353 798 128 872 336 28 940 99 38 211 742 375 348 47 686 576 894 885 671 532 203 488 317 245 612 655 285 443 326 167 291 666 426 610 197 591 340 266 502 924 230 981 490 959 81 282 723 892 492 45 817 75 196 803 424 160 179 741 142 834 504 746 335 14 26 539 868 966 881 346 27 665 710 179 807 151 316 676 526 216 340 622 512 361 975 37 356 115 34 604 454 818 203 577 655 360 693 105 381 725 304 304 789 442 98 513 3 119 427 516 417 174 422 391 148 241 156 993 676 829 506 602 972 365 141 744 290 346 709 383 326 610 488 862 438 318 611 757 133 173 579 708 391 346 79 507 522 151 401 416 962 45 646 190 452 163 858 138 473 633 160 151 886 239 331 756 125 812 537 302 845 414 199 116 776 113 479 681 445 885 439 204 705 148 77 319 676 655 338 968 619 609 589 45 471 750 3 972 266 505 677 701 66 18 907 889 124 568 328 328 811 790 64 738 895 831 526 242 954 169 111 989 549 617 323 784 41 611 135 584 317 729 818 126 271 866 892 9 481 191 831 730 792 188 312 187 949 457 900 551 69 155 536 232 725 918 279 604 49 522 480 138 360 909 718 851 767 800 567 499 336 636 570 368 543 498 712 543 475 786 147 836 458 984 929 597 641 741 542 549 802 368 306 110 684 600 214 815 2 245 460 520 685 559 879 37 254 414 83 857 588 217 454 874 249 1000 979 732 900 895 639 435 382 440 730 529 132 423 588 375 975 128 141 57 681 577 294 568 867 285 299 318 63 23 442 883 
910 184 767 669 331 166 229 14 653 926 922 118 349 928 59 84 78 474 762 880 639 569 435 156 460 640 544 504 395 124 527 554 54 331 746 580 902 462 472 524 320 313 209 545 300 419 224 323 411 204 376 476 93 562 788 849 887 301 635 741 306 392 710 843 784 900 254 471 423 470 58 784 114 120 207 989 100 925 822 827 127 826 645 257 536 968 989 344 399 210 84 861 512 530 13 896 97 376 588 477 981 316 627 663 241 489 570 82 705 181 495 461 951 524 317 7 505 55 166 281 433 519 0 347 384 111 84 843 181 149 685 627 347 369 248 386 795 982 357 481 60 111 979 596 87 134 781 635 255 200 466 736 65 959 626 924 187 326 341 924 41 778 819 294 309 914 648 232 948 537 170 841 148 810 966 78 171 154 30 797 629 728 716 565 368 418 606 562 641 142 395 830 338 111 984 154 259 138 937 671 867 737 672 656 439 53 819 376 408 339 432 4 964 263 682 686 59 625 793 569 646 275 856 274 383 315 945 487 443 574 994 618 829 677 944 504 454 982 937 370 487 539 77 567 732 955 986 842 863 163 170 88 221 420 830 929 30 328 679 17 134 496 602 209 592 590 488 443 264 795 138 556 850 508 77 947 928 166 210 129 81 47 939 367 6 887 764 585 174 451 352 93 657 783 816 79 593 953 52 283 398 328 292 792 974 437 194 873 290 942 975 44 460 499 881 688 939 209 216 471 565 140 56 86 914 592 651 252 268 962 289 560 202 129 63 191 464 412 105 209 894 413 194 234 535 556 212 138 592 98 832 854 810 188 272 848 567 617 155 89 849 580 523 917 380 858 281 558 0 35 407 281 644 553 458 147 931 910 539 286 283 981 919 221 312 394 880 626 265 193 174 966 505 640 80 144 601 717 902 433 740 64 906 751 977 883 884 461 301 215 425 736 960 625 527 369 165 221 404 77 853 199 319 292 863 447 434 924 67 171 51 310 776 290 119 878 761 972 675 50 806 362 855 146 283 325 733 920 429 112 871 593 442 599 654 460 845 713 754 891 163 55 523 741 444 78 629 874 312 811 944 553 419 217 494 367 838 558 465 458 984 994 376 959 182 658 190 211 804 549 593 147 285 586 469 653 297 230 322 725 
77 152 632 78 550 431 487 118 357 919 330 216 792 809 506 180 793 16 847 987 539 452 345 562 110 506 198 354 151 255 281 284 369 489 685 742 35 549 848 950 325 861 655 567 359 308 391 583 180 433 814 876 489 806 242 192 381 809 822 854 15 24 989 271 662 58 383 978 410 587 874 813 495 857 29 873 716 737 507 366 358 735 808 622 805 292 868 27 132 872 153 511 200 85 754 604 306 395 639 416 884 29 680 812 292 909 523 792 914 130 274 310 148 284 359 711 308 934 147 267 271 359 486 591 255 665 345 918 845 208 184 225 171 738 248 601 20 808 611 831 926 461 915 148 663 596 627 416 56 454 667 539 555 405 744 184 972 120 175 921 821 485 581 841 172 83 759 961 463 316 394 592 167 37 809 369 585 506 239 681 191 356 128 217 147 666 470 884 167 662 157 588 413 796 713 248 237 222 538 544 583 22 179 805 835 351 843 570 401 685 138 328 669 80 224 963 802 204 468 658 676 186 824 593 482 636 365 867 373 441 551 715 717 603 62 265 751 42 754 36 409 495 162 91 743 950 599 311 12 24 151 289 477 655 167 788 794 783 215 140 405 671 770 580 182 582 249 657 645 305 809 390 698 939 192 666 221 374 369 135 484 555 191 289 347 253 652 602 831 250 393 680 461 412 349 650 609 601 788 98 606 601 250 275 2 202 227 945 467 751 218 954 319 210 761 184 835 786 43 462 276 103 343 827 409 516 887 937 599 879 434 87 246 966 621 208 346 978 383 406 157 855 646 978 370 502 362 671 246 208 633 923 416 929 647 188 611 840 208 196 651 351 249 369 585 349 659 925 584 563 109 13 190 749 110 256 766 496 505 577 986 825 174 257 973 368 187 792 916 741 22 199 772 3 90 726 776 458 380 869 952 254 693 105 883 613 60 570 317 658 427 407 632 184 111 518 924 905 487 581 651 303 871 583 283 919 752 924 14 109 964 157 125 802 96 286 450 507 651 741 885 855 617 996 547 231 867 337 968 253 641 521 344 970 80 950 890 172 440 726 485 570 365 46 845 269 100 19 942 807 210 342 52 525 631 296 452 433 450 639 951 623 568 617 46 28 211 769 377 895 482 847 850 130 916 861 234 83 800 543 
853 296 248 507 681 966 145 403 233 454 187 474 255 131 45 942 815 953 94 231 667 55 499 697 771 782 269 133 150 272 92 656 894 754 494 519 705 463 604 875 730 934 368 766 478 258 864 207 4 57 629 644 915 725 493 371 983 344 44 58 85 38 221 60 300 591 588 723 434 832 856 200 620 122 325 473 305 526 757 683 748 727 149 440 76 625 991 364 679 261 401 231 147 150 951 752 874 846 561 766 344 590 375 935 975 815 733 853 514 187 682 918 874 458 907 716 777 76 334 430 218 652 402 828 758 644 828 232 310 784 686 780 434 120 448 435 996 691 944 951 291 238 360 563 326 741 554 269 476 166 233 543 542 462 140 996 907 857 917 326 845 894 37 597 412 692 31 112 763 795 623 3 223 152 854 405 555 972 817 597 409 291 43 147 251 388 86 431 332 215 587 691 947 627 435 406 669 860 313 867 681 709 52 742 171 827 30 462 272 695 488 666 138 608 496 167 918 503 160 491 97 952 657 83 665 636 926 453 773 94 355 166 608 242 721 947 130 665 568 995 531 398 0 139 417 237 440 561 604 684 441 758 999 363 320 177 343 394 602 967 650 619 499 435 538 564 900 550 530 984 174 296 965 129 85 60 888 755 474 67 814 678 321 302 689 3 661 818 54 682 476 389 493 496 290 603 825 118 714 392 772 277 279 209 388 92 203 190 109 220 954 752 788 940 947 807 923 473 197 177 654 468 83 994 991 876 716 699 975 862 423 117 349 321 584 902 905 549 75 293 735 834 155 763 780 527 298 108 142 676 841 911 650 58 825 943 91 81 248 501 986 749 903 638 734 537 769 690 773 416 745 124 17 119 880 38 50 228 280 665 227 567 580 922 104 769 460 154 477 452 640 707 567 416 100 629 954 741 781 986 180 296 247 194 596 498 661 80 24 327 704 495 511 420 3 705 391 236 430 339 464 110 42 205 350 485 704 794 115 147 415 807 262 688 851 564 278 592 204 350 173 1 909 715 195 838 478 241 138 243 809 733 984 625 191 960 591 663 419 267 760 389 949 786 680 462 540 477 363 568 170 948 56 713 911 709 276 95 682 848 497 167 489 482 53 101 602 844 391 537 425 353 834 135 866 766 274 554 794 388 
541 160 947 579 302 797 100 329 964 420 791 369 26 811 584 415 286 583 337 826 682 480 986 68 733 298 673 689 743 649 257 201 10 792 840 525 923 786 136 28 118 680 444 667 672 65 885 711 488 83 812 434 255 558 522 914 761 239 251 687 199 788 264 26 876 47 507 380 932 402 891 401 981 921 137 475 737 583 952 916 797 52 323 306 622 513 638 118 857 383 493 694 148 229 202 44 243 31 796 605 590 972 398 217 725 427 932 10 71 796 345 914 789 486 73 63 23 117 369 745 242 274 938 391 544 800 710 728 134 388 845 95 881 634 743 424 383 700 924 532 699 705 182 725 456 916 539 741 298 986 266 660 947 665 135 998 967 807 533 915 744 872 682 514 859 146 113 433 162 134 512 511 645 705 540 290 176 22 600 718 332 175 160 827 654 936 837 276 362 928 737 286 492 891 259 542 376 273 552 885 552 348 451 727 828 273 261 427 485 66 765 808 940 227 214 829 143 614 547 406 516 78 184 948 505 678 545 805 892 4 53 689 553 756 365 324 210 585 12 199 42 231 81 329 6 205 30 584 873 798 76 764 486 566 431 657 293 637 985 755 266 141 960 61 742 743 654 943 445 821 651 128 337 866 131 933 145 321 175 789 96 935 431 131 987 386 552 338 3 402 187 332 780 345 611 893 755 865 155 981 151 425 495 551 273 410 6 324 776 59 272 182 929 243 403 610 220 151 806 141 287 302 850 727 566 712 145 492 227 713 84 288 743 920 324 4 721 999 875 100 905 373 721 383 630 111 184 858 315 946 862 418 265 451 347 422 95 298 828 150 105 975 454 68 774 681 835 201 758 494 169 97 841 157 97 194 984 695 878 822 507 266 668 722 455 521 542 211 281 292 559 419 920 777 268 774 399 832 406 944 858 744 661 810 132 652 997 995 415 197 257 317 849 635 117 675 518 218 721 16 118 674 503 303 228 367 234 288 247 321 683 235 901 993 643 418 884 338 128 351 637 358 995 138 842 617 790 881 262 898 310 610 70 407 156 540 6 189 908 35 814 908 45 293 792 199 49 984 24 665 405 30 433 836 406 966 423 488 697 38 497 377 95 412 879 460 538 829 893 350 752 53 824 948 603 516 151 457 127 303 
247 466 657 936 559 828 401 187 141 879 556 837 737 782 268 839 244 972 845 263 534 812 600 696 493 216 182 333 16 318 733 155 865 616 97 217 850 611 453 526 618 199 274 632 15 489 979 873 800 117 51 865 843 361 882 192 656 771 901 397 915 384 183 646 415 629 827 664 417 985 757 991 218 212 313 892 44 563 889 107 10 975 679 111 789 426 943 163 370 810 86 686 628 891 644 207 141 606 403 609 730 314 963 347 13 126 104 794 379 33 141 296 950 811 587 214 797 75 442 921 342 673 764 890 139 969 52 781 770 358 419 27 523 187 484 758 205 668 581 750 574 848 107 188 501 862 274 113 163 727 123 471 977 503 275 921 401 340 445 476 782 548 562 122 779 724 79 208 42 646 360 286 489 107 605 330 39 770 102 132 731 753 276 10 514 712 868 215 518 975 346 508 797 662 311 557 739 314 923 337 915 848 331 293 224 498 915 290 400 602 503 592 60 447 179 798 68 122 359 65 168 713 452 20 660 318 922 609 159 906 435 190 592 230 732 519 317 520 824 180 781 64 187 452 926 526 155 166 606 343 718 212 187 142 442 24 65 623 304 986 770 149 801 397 798 432 415 381 696 631 271 940 876 476 373 83 634 477 295 613 496 48 87 618 655 709 352 50 20 184 635 807 2 747 553 671 632 781 431 747 983 789 711 542 180 704 593 891 550 678 870 888 300 967 648 711 989 368 994 189 820 659 715 788 250 987 445 173 369 1000 662 195 338 215 760 338 899 223 766 336 10 775 102 572 433 602 668 978 240 969 995 663 995 685 468 696 518 515 883 702 836 217 854 448 143 193 208 143 958 631 987 506 978 230 990 377 613 379 248 262 958 605 496 106 595 956 481 866 194 796 573 971 545 459 514 699 82 531 536 363 490 427 343 352 262 256 774 424 741 893 722 702 656 536 437 911 326 531 45 678 745 129 120 809 930 610 52 50 868 450 518 99 978 587 674 288 397 505 816 948 122 199 886 108 49 856 695 353 199 987 761 830 953 776 588 304 424 653 337 180 363 325 995 918 350 977 787 353 27 892 505 432 210 78 396 615 5 77 470 600 497 202 558 933 882 296 985 342 684 147 991 986 737 252 782 566 198 791 202 840 
398 847 880 907 613 474 802 127 757 599 253 1 493 145 976 860 827 302 96 72 829 968 235 207 674 79 582 848 824 37 254 858 26 134 926 972 276 524 843 406 609 765 456 386 762 687 190 881 754 48 899 625 960 362 151 556 63 907 438 95 877 398 232 879 433 61 838 805 30 371 600 680 377 395 410 557 47 50 455 312 5 144 617 969 671 918 554 313 442 743 914 275 924 884 948 684 699 955 828 490 620 318 693 184 25 311 526 342 190 527 824 668 637 342 828 605 872 749 815 65 801 130 1000 305 782 640 109 502 130 243 509 717 988 838 73 556 231 176 398 871 927 986 478 18 825 830 955 133 956 837 797 681 231 509 505 456 789 644 812 112 754 100 983 138 625 663 660 965 154 379 693 144 122 33 739 743 35 351 122 2 858 305 936 845 766 886 385 709 996 728 439 294 315 86 140 447 540 31 168 616 691 35 182 983 712 354 996 691 204 861 896 893 255 344 773 363 675 680 958 390 878 156 574 259 323 139 37 222 883 349 927 400 781 359 317 533 62 388 288 178 170 855 81 836 749 686 127 547 271 561 364 830 376 994 754 667 354 494 949 348 298 106 808 132 435 177 208 559 891 202 780 953 585 994 817 250 370 546 204 519 635 233 430 499 293 238 997 556 129 124 690 139 341 243 87 71 196 801 117 370 684 166 975 971 369 990 71 83 442 263 12 34 633 685 65 119 539 896 152 666 286 572 332 804 72 523 492 463 496 195 371 368 847 343 362 345 321 381 377 987 725 592 187 195 673 548 793 977 209 34 179 86 475 117 108 613 471 254 776 612 943 269 687 349 621 800 93 118 860 635 346 478 900 706 708 343 530 30 4 196 229 151 982 370 332 234 443 688 768 177 698 638 589 601 213 733 427 427 459 568 235 385 350 591 872 156 469 372 826 55 189 810 653 539 456 147 367 153 177 912 466 899 621 150 666 315 548 413 152 957 301 578 468 620 261 395 668 237 335 502 124 942 858 762 685 884 306 110 898 340 728 664 645 230 459 487 542 877 486 520 265 214 823 8 986 517 396 565 710 820 488 70 118 931 719 133 933 420 859 17 122 917 571 622 52 674 812 647 540 670 311 643 355 779 763 134 242 873 422 436 
522 925 434 134 897 287 450 349 432 16 284 265 627 854 819 657 27 679 387 456 675 122 140 700 251 716 769 754 935 176 53 901 692 397 337 515 771 763 395 193 465 502 846 835 373 848 262 588 964 759 286 998 335 723 169 385 80 84 619 567 216 383 115 926 427 101 321 84 797 760 90 49 600 156 201 449 372 393 233 342 963 584 178 721 116 306 599 227 152 970 794 634 771 53 861 789 331 761 932 622 325 246 136 853 663 49 317 205 341 602 655 261 369 649 108 85 65 674 694 110 330 514 802 483 681 824 802 286 467 607 343 880 876 488 194 998 46 838 26 679 601 568 817 665 52 647 944 692 11 171 714 96 39 791 47 482 653 330 394 962 611 29 856 497 554 715 872 660 25 169 728 198 700 56 878 187 947 978 800 90 937 178 611 683 605 852 939 620 97 648 164 56 322 460 149 639 437 93 739 394 829 252 301 695 670 896 452 905 264 328 475 837 5 807 79 936 877 748 259 612 355 689 928 478 82 172 691 142 984 620 118 853 203 355 595 217 409 216 335 248 614 338 586 931 332 702 142 567 846 934 343 393 862 243 36 173 309 922 884 831 939 50 817 676 465 322 586 931 771 192 74 869 961 962 56 601 184 178 21 73 952 139 136 425 736 435 24 18 871 285 264 809 351 396 8 321 550 870 267 302 518 88 813 661 681 932 299 634 365 22 770 746 766 166 933 864 621 399 708 409 104 742 369 862 937 886 495 933 362 939 974 973 162 756 656 170 828 55 211 507 747 515 853 328 36 644 479 381 548 85 328 479 420 930 235 297 906 488 329 83 16 677 221 463 369 909 813 953 226 873 146 591 133 624 35 356 939 713 808 569 556 493 135 69 419 618 341 135 693 23 201 944 527 418 606 536 170 946 149 668 443 873 142 906 117 703 849 656 143 671 700 820 306 128 818 766 184 172 435 425 57 566 767 132 504 803 736 866 371 364 130 332 421 24 751 947 343 540 499 756 397 584 210 831 600 757 762 42 731 764 853 655 967 508 141 719 973 278 979 671 212 875 856 307 404 177 768 805 433 135 976 21 67 430 803 560 738 401 223 287 99 733 18 688 33 247 29 556 257 612 861 609 365 107 556 189 896 138 558 984 
168 250 662 532 453 463 883 388 329 361 217 930 426 412 392 73 339 549 759 218 321 305 432 556 452 792 673 944 65 251 167 648 647 622 509 2 708 398 454 629 589 956 838 601 348 866 902 144 320 552 45 826 360 7 729 905 935 327 660 119 997 518 864 381 577 737 197 732 78 102 106 717 419 349 906 316 163 562 520 51 922 621 8 949 692 913 745 713 302 593 799 739 824 847 396 270 99 718 866 460 71 922 717 682 907 837 727 739 404 106 800 306 109 326 307 205 888 386 129 866 739 995 461 754 575 580 70 826 78 826 199 662 92 461 300 30 579 561 943 587 926 643 662 126 595 721 887 212 435 431 284 576 245 99 303 576 678 534 265 17 668 902 579 497 369 412 133 967 143 405 526 442 730 744 339 508 226 653 726 181 851 813 712 564 265 47 515 925 891 339 869 332 248 622 703 624 589 841 255 240 833 914 898 161 629 574 576 758 844 638 38 487 367 271 375 487 614 288 401 978 519 963 475 956 410 948 985 582 52 165 106 79 195 998 947 56 711 337 988 375 922 424 626 480 172 775 843 135 660 266 336 902 760 366 559 438 806 109 739 721 340 993 168 51 684 432 863 242 854 384 417 561 366 474 729 489 637 927 247 70 796 777 638 16 302 301 76 522 494 759 98 353 550 423 659 180 410 14 488 953 444 907 910 378 421 127 652 908 219 405 69 860 653 869 25 547 513 342 340 153 478 685 525 252 307 602 176 529 881 600 2 364 513 65 212 523 454 676 391 541 702 478 448 130 368 893 737 593 311 504 257 986 545 730 608 912 642 10 152 116 604 287 401 104 583 785 705 713 49 103 722 394 502 115 550 581 657 79 181 401 699 177 550 597 484 57 352 270 939 177 605 88 398 634 282 903 202 912 90 942 844 714 899 60 682 448 238 146 302 287 225 956 107 103 197 382 10 758 601 678 268 392 270 657 886 398 750 394 325 866 758 249 953 827 464 456 262 503 337 277 521 923 869 819 919 509 927 139 192 190 285 301 683 519 357 79 28 445 785 492 797 67 258 855 209 153 954 76 183 296 518 311 952 570 832 555 773 976 639 728 439 958 798 80 616 680 362 664 322 700 127 807 36 640 205 898 683 76 909 21 
76 77 857 707 270 514 924 788 866 580 873 244 891 899 254 694 29 466 496 820 684 88 469 620 182 582 492 15 139 159 953 632 225 842 769 938 35 812 779 265 388 838 360 315 429 187 132 892 569 761 721 804 538 558 694 53 423 650 7 7 471 286 130 427 930 293 416 388 447 609 811 977 812 30 258 28 604 251 463 826 942 828 160 607 614 662 394 854 353 472 411 244 218 931 203 611 450 34 335 124 667 940 21 344 554 18 962 349 239 878 95 132 667 133 151 819 530 156 551 759 706 401 71 656 206 203 899 475 55 871 861 478 356 366 262 981 713 972 116 720 338 571 546 109 267 381 266 311 887 740 965 259 152 55 555 33 717 34 813 32 160 936 481 623 679 285 259 914 316 888 747 505 174 0 541 933 856 107 416 498 793 309 318 827 998 133 378 193 104 260 299 618 914 36 982 150 375 46 489 906 381 45 697 386 326 935 447 292 607 715 735 475 383 288 454 462 624 552 133 106 502 723 552 301 33 578 896 694 730 849 824 7 839 734 480 6 327 938 673 294 303 583 909 39 470 770 435 503 485 620 809 118 131 840 651 707 321 929 99 370 484 430 628 975 546 682 670 762 845 379 560 906 155 473 878 163 128 208 227 413 474 334 543 337 860 717 861 833 251 452 340 738 489 85 764 300 163 621 758 240 304 341 562 322 319 960 294 801 153 45 622 947 567 659 382 926 203 621 989 229 729 929 330 74 239 980 811 45 171 54 217 870 550 932 494 284 834 277 64 216 330 201 110 122 104 144 264 437 953 488 779 379 599 464 827 485 744 889 196 487 703 839 469 670 210 594 39 805 587 892 946 454 823 769 297 804 791 84 785 552 259 441 222 433 479 36 286 833 344 2 363 627 318 726 821 511 641 448 818 438 751 108 219 119 453 557 699 572 442 725 594 135 730 176 631 877 624 106 109 51 513 406 374 220 858 940 501 196 466 85 865 563 864 715 48 959 230 428 831 331 952 608 106 564 761 14 235 950 850 152 305 786 760 302 935 345 781 323 765 667 314 641 968 799 592 313 35 165 700 798 955 406 3 742 882 830 966 698 894 386 130 279 394 868 40 638 331 620 167 777 595 760 800 366 182 570 471 923 120 592 
459 835 374 408 392 445 164 525 334 812 338 194 162 283 183 708 238 232 216 471 117 296 589 426 479 958 627 250 729 792 269 688 708 218 730 742 897 626 596 632 188 870 678 376 265 805 917 544 760 863 781 448 68 471 809 394 84 311 965 109 681 381 36 988 149 778 808 911 636 810 866 176 239 695 699 199 795 376 678 271 72 130 915 645 771 141 284 127 721 141 825 147 732 287 577 714 878 370 458 255 709 311 534 56 332 477 690 271 586 178 521 432 64 445 943 326 93 151 121 391 484 864 151 913 597 541 262 373 15 74 781 344 871 507 704 43 655 973 606 273 540 163 759 139 442 900 501 811 365 384 970 298 289 946 818 979 167 934 475 950 818 559 849 645 291 787 751 311 306 765 465 749 99 623 972 988 443 291 179 564 379 319 926 694 291 336 603 980 958 510 444 251 968 522 878 40 962 581 246 683 89 626 938 334 814 614 251 390 984 34 537 189 521 482 531 417 610 374 807 495 749 682 936 883 82 354 704 565 292 98 187 511 60 866 672 360 207 490 276 263 151 551 938 247 437 591 964 336 203 360 774 355 421 175 261 171 26 969 341 85 469 52 761 874 503 278 893 497 252 478 674 61 518 820 245 562 965 879 508 644 226 944 689 888 495 724 456 735 82 236 386 857 588 328 596 575 118 121 585 26 166 724 245 454 467 423 27 763 619 250 835 63 130 132 114 322 139 126 780 839 365 595 120 835 437 126 179 2 21 934 703 946 481 809 945 54 40 905 741 211 308 660 878 27 485 459 82 45 318 566 85 740 807 457 136 937 147 166 148 821 997 939 949 62 16 140 609 876 362 49 625 808 251 947 828 793 491 957 852 755 885 767 658 570 59 680 964 619 683 1000 17 822 545 224 238 173 324 81 612 604 794 320 77 986 98 381 624 398 960 754 647 26 983 46 359 472 89 25 129 804 238 965 216 401 547 19 961 307 957 292 657 343 299 64 471 127 479 21 275 88 338 417 890 480 696 885 668 628 432 696 151 202 857 277 367 639 693 341 433 716 312 132 631 73 65 572 2 142 890 218 640 410 429 40 832 144 841 901 626 194 409 878 111 1000 873 566 689 492 503 177 593 496 961 369 719 183 128 453 74 283 
22 816 258 387 886 755 940 85 131 740 624 909 432 603 449 400 6 830 912 646 748 185 65 408 599 624 461 323 171 326 883 432 674 46 738 525 535 795 958 210 886 104 856 39 881 561 720 128 285 245 16 181 411 992 593 18 634 311 559 772 167 207 600 549 620 62 383 285 886 9 765 478 123 639 44 253 810 189 199 641 620 585 248 916 343 185 946 785 215 372 170 772 613 557 314 66 943 401 486 118 628 633 527 541 167 46 586 578 799 910 958 136 579 540 230 785 817 639 778 337 944 911 118 277 87 537 430 625 635 947 868 609 497 936 813 735 979 688 540 624 911 176 5 913 846 677 707 972 287 41 727 424 466 646 791 977 935 347 244 650 751 141 655 641 464 880 340 186 213 678 568 795 595 495 626 326 856 291 137 428 567 386 297 96 123 955 690 673 711 266 566 988 233 670 146 181 489 458 517 49 645 283 374 466 258 889 111 725 542 50 876 863 844 709 548 318 200 356 450 766 538 96 144 483 335 247 920 160 18 58 678 851 645 695 881 318 216 1 797 412 739 718 475 927 577 343 507 187 533 602 21 56 802 669 522 354 374 374 26 962 540 810 919 378 605 496 354 332 413 582 907 245 27 101 320 328 567 231 144 959 851 121 595 241 679 505 407 729 154 433 495 826 79 261 327 292 287 208 683 572 450 984 125 695 436 639 126 331 120 27 226 886 692 73 62 946 911 216 173 931 956 395 610 837 549 310 919 399 579 775 488 671 351 357 72 720 617 481 321 584 50 167 315 734 612 617 365 874 937 898 394 30 952 120 880 681 215 631 106 249 30 804 898 21 600 224 990 451 143 435 516 420 259 772 672 965 687 423 725 903 477 882 386 773 975 498 26 929 768 520 121 974 733 858 708 469 266 118 530 973 139 799 210 763 423 743 440 243 450 222 761 953 142 68 569 524 305 923 998 456 244 825 166 665 657 799 112 596 569 898 250 702 922 768 35 263 345 766 301 196 85 797 829 89 949 727 18 753 278 57 861 97 792 664 438 730 994 358 752 23 254 659 858 486 430 404 976 938 749 901 909 465 683 565 758 891 33 623 542 507 13 172 784 460 824 319 727 545 620 659 6 620 620 844 579 501 291 135 837 177 
315 471 80 559 477 293 457 678 285 972 2 642 293 854 325 658 121 679 485 380 940 74 460 364 576 321 495 186 463 822 296 571 115 847 128 198 360 713 919 593 372 907 242 188 916 298 801 338 523 396 791 97 217 269 773 672 342 3 598 300 17 227 953 858 340 506 216 138 103 189 302 489 408 171 46 459 934 181 563 953 185 513 871 512 831 848 37 604 499 809 603 435 443 483 656 854 445 496 930 430 400 562 3 766 917 134 94 788 185 962 842 555 402 211 73 974 998 770 784 623 643 906 335 472 273 148 710 444 296 517 746 918 388 829 8 5 642 72 998 250 933 807 75 288 599 296 998 248 904 869 388 854 117 179 686 999 154 645 53 571 231 694 228 678 171 810 215 195 571 426 378 811 426 807 699 505 13 394 635 609 42 416 804 172 630 288 348 990 843 608 413 277 625 348 741 878 404 679 821 405 293 197 951 321 586 729 949 947 149 33 542 172 838 258 76 524 102 835 876 630 621 552 376 937 84 920 449 43 928 23 944 173 936 989 411 103 944 707 907 56 42 711 864 305 819 658 499 844 386 773 150 967 314 769 760 307 532 717 936 26 748 122 857 481 911 185 175 84 634 873 739 634 282 622 2 416 417 789 467 800 290 719 697 644 447 341 4 64 65 92 914 762 87 946 233 260 666 838 546 30 312 86 307 497 35 701 992 496 573 237 491 335 358 970 814 377 935 844 311 197 766 505 634 575 756 757 682 43 654 158 44 919 271 453 477 721 861 110 1 448 274 248 174 961 827 980 228 936 818 161 24 246 149 323 485 739 142 204 464 532 552 405 69 941 195 507 40 438 365 30 745 8 374 346 372 282 414 81 288 977 704 346 972 989 320 600 348 964 889 206 625 19 696 397 832 914 350 202 478 962 158 230 925 197 182 607 217 286 773 956 812 302 745 650 762 779 889 211 793 418 447 942 916 105 542 221 846 193 137 195 461 395 925 642 673 436 547 849 568 208 139 403 591 690 591 520 159 886 90 941 330 993 597 399 579 871 382 101 229 634 728 702 201 249 518 579 953 940 282 777 431 889 309 143 785 534 703 78 230 717 319 202 474 965 15 575 787 11 162 313 54 920 737 531 827 834 610 327 976 705 
874 751 367 697 13 841 960 563 478 48 103 110 790 493 575 39 902 130 317 740 782 117 302 943 239 686 190 193 349 810 770 714 712 996 370 328 565 664 498 381 500 182 197 842 92 757 152 887 108 67 316 513 536 420 151 798 327 587 239 872 389 598 150 752 591 868 778 239 333 115 991 255 359 856 400 534 169 164 608 109 14 549 552 935 232 914 924 198 459 521 577 982 62 683 255 468 193 455 685 577 974 278 288 96 335 55 30 656 513 969 636 479 684 419 22 114 447 267 393 641 989 727 217 462 966 806 724 102 239 418 378 112 9 31 53 806 350 419 471 953 438 277 397 558 773 597 70 567 192 857 830 869 9 117 378 264 63 682 623 42 742 858 143 650 34 15 319 452 349 596 587 528 628 382 558 457 990 493 278 447 911 177 119 784 124 153 393 424 768 405 811 108 21 411 323 172 877 275 992 686 292 101 895 359 655 516 754 527 186 887 552 546 718 63 753 330 754 802 251 213 130 101 488 449 630 723 65 533 635 169 35 852 22 850 652 995 330 383 718 666 322 88 732 21 699 922 76 639 39 623 678 178 974 831 403 671 573 599 94 179 110 770 561 477 891 891 791 338 279 37 947 501 440 859 972 400 390 269 471 2 548 993 314 289 827 92 279 978 235 717 129 313 741 365 357 303 680 593 196 219 167 145 311 93 682 716 811 185 377 932 891 945 733 405 609 30 480 140 108 317 160 104 18 701 239 308 124 727 748 13 905 42 179 578 992 597 297 688 843 974 898 490 214 116 902 0 132 880 894 747 727 607 861 147 719 714 129 854 141 176 318 627 12 181 7 155 560 50 694 182 521 94 441 349 472 86 337 865 481 43 430 131 937 139 542 197 823 828 961 343 359 317 243 226 382 584 909 319 654 274 797 840 280 159 794 7 992 628 830 580 27 622 104 487 559 177 37 842 910 459 42 480 169 822 801 264 484 30 40 934 652 337 174 44 948 235 232 431 18 346 394 778 670 417 99 208 79 225 386 562 421 427 755 400 592 910 433 895 204 534 700 98 771 492 925 525 516 44 453 398 13 815 636 468 657 469 71 626 348 461 146 371 679 41 147 26 936 821 292 263 178 266 560 915 885 975 891 98 312 841 
32 34 946 152 694 944 10 526 260 733 592 457 598 272 413 671 220 960 128 773 103 33 490 985 69 552 315 167 677 437 82 480 53 441 953 871 59 716 548 269 63 769 548 339 771 826 498 311 706 82 63 146 338 17 738 850 63 560 706 594 95 435 966 71 392 728 897 422 544 438 608 663 865 728 897 261 88 831 7 876 993 950 255 807 406 418 860 379 611 693 769 463 374 12 999 674 714 748 760 871 847 245 856 604 75 735 807 734 788 438 135 981 408 252 283 647 765 587 112 876 847 94 890 629 751 388 540 558 363 911 674 989 907 984 915 519 979 82 875 888 992 688 170 376 674 768 198 340 400 747 781 817 772 635 839 19 549 358 122 624 441 884 74 151 156 550 904 962 504 810 116 435 264 654 105 852 65 327 942 993 429 640 286 829 315 868 650 792 512 74 308 973 931 895 281 612 163 119 461 664 127 593 716 532 795 494 630 172 372 336 387 589 560 443 182 114 487 610 885 39 615 308 524 935 279 460 311 157 478 105 533 107 261 146 774 280 599 733 609 29 571 625 717 237 517 461 891 46 253 524 890 276 940 992 382 929 969 506 808 750 87 721 491 989 781 233 101 231 325 438 904 826 866 285 608 296 785 39 453 406 905 232 509 359 921 619 36 525 89 820 936 946 7 505 219 673 470 116 851 787 600 142 614 997 429 477 602 215 90 166 494 766 543 19 885 374 741 27 668 244 246 800 281 369 660 327 47 170 880 16 706 542 833 574 687 384 667 808 236 485 868 785 339 317 943 612 322 32 364 187 153 922 383 826 556 133 6 575 258 95 613 562 797 946 325 888 673 867 493 27 80 584 0 40 213 19 163 803 274 768 786 581 278 212 479 387 415 102 335 516 477 117 97 476 616 205 700 929 101 76 735 660 716 454 117 520 617 50 523 538 803 647 410 209 763 637 829 395 417 334 421 754 892 402 675 470 629 974 674 960 403 766 122 275 704 455 941 354 763 294 856 449 101 362 216 359 129 338 883 277 937 216 181 166 663 562 916 434 488 728 563 842 165 307 258 495 269 85 296 816 487 984 426 669 608 121 661 632 438 327 431 677 808 362 658 210 612 91 786 114 213 71 978 226 187 291 31 555 584 806 
984 795 794 40 255 619 46 524 123 198 867 34 382 452 449 393 257 223 433 838 851 819 602 19 290 493 854 481 263 233 834 841 174 841 109 233 851 675 894 409 555 623 10 707 482 174 373 673 67 852 111 703 555 464 992 497 20 565 267 901 449 603 861 38 100 268 537 134 727 994 387 833 497 529 966 47 20 382 665 157 64 178 401 877 988 359 19 860 585 513 635 445 391 317 344 360 820 257 422 115 632 419 190 701 530 390 764 4 373 510 140 490 336 865 821 346 996 539 699 887 736 580 964 873 743 613 10 811 625 14 319 160 160 510 650 889 103 514 939 635 744 190 598 860 339 720 193 863 584 831 654 229 717 643 779 136 206 941 849 210 221 798 808 229 564 822 140 395 191 24 624 257 764 54 299 712 529 660 877 984 579 32 319 649 887 931 832 894 411 78 238 323 534 480 202 610 259 594 554 273 677 765 370 448 699 551 102 595 834 155 511 769 359 929 61 103 780 495 909 214 222 786 457 965 421 493 96 764 470 590 740 727 706 173 582 616 997 785 681 873 465 911 916 83 266 608 434 404 676 997 945 463 505 642 448 548 698 832 298 624 405 569 286 250 527 100 418 632 398 722 463 857 757 404 765 792 210 129 619 775 514 562 651 518 925 379 976 920 589 10 84 486 80 710 116 249 389 56 959 174 412 138 463 35 629 462 366 315 681 115 554 787 783 234 383 333 311 159 430 858 649 842 712 439 355 295 102 854 326 106 545 764 152 213 888 546 364 13 190 12 332 549 469 435 250 856 187 223 205 97 48 302 373 300 721 419 443 766 922 117 631 542 866 353 679 399 309 315 385 935 948 782 633 989 136 481 349 322 137 353 792 735 552 765 795 953 845 962 24 964 89 423 537 464 346 859 401 724 515 481 984 831 600 203 731 420 996 543 987 52 327 96 650 674 316 44 882 262 96 41 455 694 927 620 767 4 385 590 314 689 354 881 314 837 550 671 483 34 859 27 416 123 168 76 138 291 139 837 32 355 260 998 380 718 186 167 684 297 15 323 172 277 635 88 303 263 494 372 79 136 562 424 626 873 806 155 787 853 751 554 815 917 782 951 190 722 818 228 826 707 200 208 209 124 691 228 661 154 973 625 
635 862 985 345 654 102 19 310 150 915 70 940 901 385 40 727 297 6 43 87 30 939 680 192 367 126 761 838 745 634 160 724 218 713 788 46 644 733 882 314 960 499 597 924 807 401 58 20 955 528 974 431 125 884 5 172 282 139 765 700 111 380 839 750 139 677 779 922 388 268 970 342 168 590 117 47 898 2 788 535 394 318 807 770 852 736 240 173 981 284 332 32 877 384 657 392 888 651 30 113 260 716 312 325 767 663 417 559 543 952 759 308 70 185 636 892 931 969 421 97 683 849 910 665 460 601 603 872 115 406 945 926 860 112 86 143 718 930 515 373 591 131 693 89 21 801 148 789 739 178 210 17 161 437 748 574 373 754 577 810 845 84 516 590 749 97 820 939 903 544 811 78 677 1 553 427 765 753 804 785 959 942 881 662 720 888 706 940 23 507 602 289 179 439 512 29 112 613 778 305 676 4 734 446 528 534 488 703 748 467 158 238 355 696 786 798 595 570 350 851 360 8 541 533 532 421 292 489 133 873 643 632 886 173 646 284 290 335 427 933 729 48 985 974 764 632 43 203 482 201 361 156 35 406 327 954 43 17 583 326 193 74 635 215 653 363 708 948 36 219 786 878 277 375 405 363 219 9 39 122 515 261 498 909 407 697 414 992 907 953 29 961 35 953 754 88 205 419 878 899 390 754 74 789 377 385 909 655 921 847 191 848 491 141 597 595 496 458 116 626 735 141 463 629 902 660 104 870 62 242 466 683 605 208 111 55 300 436 124 649 183 371 249 453 977 810 230 557 745 961 926 299 428 273 943 188 987 982 463 244 951 343 958 660 759 564 837 167 321 260 478 684 512 859 330 722 385 809 775 244 519 319 130 939 138 766 709 622 771 386 821 110 375 606 625 156 584 110 716 873 976 518 677 868 461 536 914 868 818 487 969 152 882 488 374 576 452 897 426 139 792 385 381 437 911 839 786 968 382 981 694 104 507 589 109 827 221 997 324 82 423 904 567 251 44 725 138 867 391 435 733 653 635 434 828 379 113 975 666 142 47 529 837 817 473 995 441 955 248 524 919 381 670 649 183 366 277 658 195 763 87 347 495 620 932 360 585 760 383 778 399 303 201 880 34 661 241 524 816 1 
534 183 677 809 196 442 489 463 188 449 745 260 565 649 227 898 939 133 482 92 191 321 534 222 509 84 473 530 41 949 726 868 249 51 185 893 714 581 782 454 403 130 249 952 216 734 901 845 360 793 335 657 305 793 605 951 399 163 899 355 170 240 62 566 522 880 108 418 178 649 444 0 918 240 834 667 7 865 739 425 998 578 163 917 256 406 252 10 641 513 918 282 594 364 773 11 927 322 638 391 387 535 693 662 75 480 702 346 786 457 152 376 402 967 194 837 363 129 639 41 89 395 969 882 119 435 974 851 336 892 669 706 154 974 3 101 131 667 88 720 675 861 589 543 337 205 185 580 103 126 478 989 367 7 100 644 573 833 848 906 138 322 320 676 842 140 431 975 882 791 802 169 613 919 990 173 966 120 119 516 871 291 313 535 296 646 192 787 178 420 400 197 445 81 366 109 34 323 39 646 32 163 918 409 381 521 962 135 832 889 810 634 312 799 412 419 262 370 926 935 9 379 746 654 658 21 594 392 592 157 666 155 89 175 145 242 637 399 947 224 730 860 205 438 64 679 156 665 94 107 76 117 138 332 838 472 169 441 342 938 790 566 491 712 535 284 965 54 170 925 174 52 747 426 221 502 254 711 216 890 748 176 700 114 39 409 237 974 530 348 522 568 583 313 109 784 501 658 130 600 349 338 439 847 427 228 230 304 474 283 190 884 514 693 300 419 995 202 340 878 701 558 674 630 233 628 184 502 478 772 564 589 555 611 17 944 479 595 510 330 706 246 911 16 359 790 663 640 556 672 948 705 718 436 428 627 440 368 979 607 275 867 694 371 470 941 764 760 275 113 798 455 176 253 513 158 843 819 582 468 794 683 723 33 155 805 1000 409 274 588 540 855 527 434 437 307 53 243 62 201 934 129 591 146 922 116 301 430 105 727 184 765 378 453 39 255 504 521 938 655 26 816 361 92 521 518 12 441 215 957 437 611 535 547 364 570 188 12 752 472 185 966 298 353 244 233 26 658 965 820 484 403 524 965 584 619 519 815 101 729 831 544 507 74 913 53 349 522 399 901 944 712 16 213 412 506 778 258 866 255 366 614 44 931 605 333 809 955 955 414 773 860 188 527 482 636 270 481 556 604 
89 132 889 676 81 651 230 581 390 410 545 68 280 550 564 792 259 820 97 67 999 395 83 171 395 893 863 406 931 962 604 782 992 666 746 254 451 548 137 572 962 308 1000 340 786 944 380 371 733 17 219 570 937 53 524 877 83 45 551 137 299 484 243 195 890 46 765 191 829 471 49 358 560 148 24 466 492 182 126 83 62 410 162 444 211 46 341 539 887 498 913 264 552 826 986 753 439 868 275 814 946 578 181 311 409 272 297 903 149 82 972 515 935 94 820 894 0 232 513 216 579 322 618 831 811 458 473 552 132 481 996 6 426 622 831 714 859 39 938 663 581 153 463 889 270 883 403 557 203 904 823 143 758 968 586 448 797 895 751 298 9 747 129 964 140 294 88 503 378 380 292 996 458 322 783 532 694 931 658 510 794 795 269 135 479 37 934 603 882 65 125 658 655 553 927 385 556 272 817 229 458 858 670 381 619 154 194 482 803 247 833 985 397 893 147 598 528 752 507 999 927 641 828 635 624 30 836 717 267 588 106 565 931 181 222 517 869 472 98 378 44 830 193 189 469 59 120 419 148 583 655 934 197 986 472 336 928 988 867 907 698 614 394 707 36 731 804 110 828 238 688 718 278 27 568 280 441 62 669 62 103 813 656 119 919 314 932 571 856 621 307 223 691 601 953 94 560 581 663 838 984 457 142 424 994 147 87 141 549 981 692 35 721 329 903 838 686 16 253 867 449 847 504 88 72 691 590 8 262 686 152 203 998 61 434 875 243 960 438 109 307 816 85 586 230 3 144 829 77 332 420 434 144 592 286 519 664 257 379 812 381 499 94 703 88 964 516 672 838 898 283 797 101 336 178 310 469 78 4 15 931 355 458 120 748 396 376 178 329 861 569 114 343 506 105 511 7 691 556 676 616 54 176 876 112 720 324 86 163 481 447 785 183 56 820 254 346 935 253 920 373 553 854 172 180 551 332 286 214 201 61 38 480 910 891 771 651 691 909 937 297 670 241 751 902 442 1000 357 942 701 577 915 196 530 295 791 736 268 883 804 996 758 151 832 538 91 837 627 706 519 509 718 751 986 152 606 841 679 479 233 979 887 992 261 671 270 690 302 509 765 33 951 847 231 140 281 376 480 376 618 
452 409 781 396 970 799 653 994 568 777 263 851 757 866 514 168 409 75 613 906 148 376 76 998 17 558 671 549 196 87 635 140 705 195 823 419 224 381 552 638 775 148 205 500 885 607 811 828 682 674 721 871 79 139 17 761 733 750 101 265 23 918 506 1 356 328 931 843 138 93 461 691 388 582 157 375 43 958 134 122 632 395 751 311 184 575 700 982 266 729 373 625 853 683 987 733 519 903 778 869 451 494 435 812 242 764 551 556 723 850 497 595 170 227 541 616 998 481 563 123 441 746 170 583 676 889 938 911 30 200 856 214 793 967 771 373 483 123 649 374 31 761 875 325 182 594 492 697 877 866 193 431 678 59 247 649 150 962 591 90 378 938 768 677 604 20 886 628 746 746 777 419 191 106 332 324 896 517 698 977 475 199 76 772 967 782 584 546 258 344 207 108 228 19 744 228 402 831 665 468 62 852 911 12 417 611 860 94 928 315 131 855 737 332 661 619 776 554 538 566 819 822 545 866 499 493 713 745 134 992 273 601 238 458 98 337 494 622 904 7 582 226 675 22 813 869 988 540 617 320 258 485 42 308 294 768 645 879 503 821 444 633 576 394 420 873 746 895 798 676 256 445 461 160 253 553 203 697 580 336 558 822 630 383 103 417 378 128 89 649 665 361 751 88 375 677 623 727 807 766 890 968 779 437 825 721 223 893 910 731 679 940 224 150 338 308 631 33 689 604 115 642 470 238 341 5 456 306 429 183 895 319 692 212 815 804 972 544 983 302 270 489 935 379 278 832 389 148 835 792 991 927 208 356 710 455 363 641 577 991 899 960 454 280 220 702 278 950 961 155 660 444 962 504 605 707 16 171 809 285 645 198 4 786 930 0 794 319 295 725 878 411 172 594 170 537 950 401 855 869 279 940 238 15 175 91 94 5 113 204 355 96 524 507 642 733 354 328 528 901 598 935 368 885 793 359 5 494 911 322 98 608 808 344 102 361 32 195 768 347 285 709 305 548 607 431 841 293 440 776 728 779 503 879 646 818 568 37 217 65 102 183 308 764 642 486 245 654 846 865 969 976 815 289 753 418 812 900 517 505 660 18 732 167 801 515 427 878 326 823 801 729 882 832 622 814 362 453 638 245 
591 888 314 979 629 813 8 952 422 318 771 749 580 591 259 256 939 532 761 146 602 174 594 265 146 43 67 428 794 856 302 714 501 953 426 877 346 47 937 322 61 166 921 492 3 498 588 467 636 776 230 467 483 934 600 820 499 619 481 239 115 482 893 389 347 30 843 954 885 92 929 418 990 413 582 597 880 297 550 374 776 968 126 439 732 350 292 301 346 428 991 569 716 581 48 333 2 638 635 642 878 646 960 639 70 681 885 443 136 564 424 949 941 609 524 339 936 531 807 62 204 55 885 105 730 653 200 161 498 126 513 156 948 798 998 606 788 110 578 504 513 400 483 836 220 512 705 351 964 610 271 820 593 787 87 294 826 110 834 147 146 634 1000 377 190 306 129 59 295 169 965 772 485 905 115 784 26 208 150 524 761 752 872 790 95 929 346 161 813 194 67 693 807 91 140 873 927 104 840 52 893 486 37 753 429 486 474 203 635 91 108 664 742 937 378 790 328 769 809 445 433 492 743 369 815 322 341 206 683 51 118 601 307 721 277 938 588 925 611 440 567 491 96 739 32 767 563 971 636 771 984 504 407 930 211 32 429 501 415 472 356 205 217 616 742 573 401 442 621 680 724 456 53 336 221 460 970 729 52 895 36 545 10 522 530 159 410 806 133 498 708 56 789 729 242 771 644 690 728 944 265 749 667 784 46 438 47 806 657 291 761 863 998 459 159 255 725 640 400 497 744 703 571 710 250 484 651 41 182 510 40 767 602 907 722 223 306 451 631 925 77 145 825 788 271 16 981 202 736 845 610 114 615 648 743 779 498 183 470 456 175 7 519 515 284 20 794 370 912 657 632 22 125 526 493 585 458 784 270 905 155 872 692 114 242 829 171 759 738 544 189 246 360 905 735 918 80 958 768 192 162 733 31 480 926 872 277 780 186 350 879 945 306 746 833 372 332 968 324 168 318 759 330 965 273 156 435 908 952 834 344 972 936 374 894 597 0 88 586 197 447 572 287 375 169 263 610 286 521 288 746 512 817 384 20 560 256 568 87 583 180 117 335 191 145 171 469 235 719 444 29 904 864 418 485 16 571 62 23 778 680 457 251 949 655 543 93 179 656 58 608 991 742 38 548 100 737 635 944 956 
290 766 189 655 215 340 859 140 688 377 442 208 245 183 774 64 449 533 466 748 118 687 326 321 916 637 799 965 444 807 688 718 802 589 996 385 484 618 250 745 271 129 128 290 460 811 210 959 275 387 453 828 430 444 808 510 285 229 916 853 51 429 79 836 918 598 223 772 980 450 153 599 747 248 291 514 37 253 746 741 564 869 544 250 650 635 606 175 145 829 179 727 487 317 522 477 925 718 440 607 626 137 800 424 482 296 323 744 217 930 530 132 70 202 710 74 123 156 111 450 113 218 614 338 196 965 536 763 608 729 999 482 1000 826 191 991 307 420 42 142 437 771 406 685 484 25 479 959 328 253 660 263 177 610 238 940 378 514 893 440 844 750 700 274 73 940 59 829 892 255 389 428 567 348 416 407 925 597 755 495 95 922 293 936 678 863 968 130 902 444 418 648 884 903 349 633 92 343 496 142 942 590 509 463 188 77 717 284 402 170 144 189 97 530 565 313 343 505 162 172 387 881 901 960 149 653 940 586 128 721 497 428 846 906 181 108 926 714 385 747 763 339 482 582 571 180 57 372 766 850 774 929 353 587 830 695 298 376 718 610 568 609 333 748 692 56 720 546 967 140 892 331 602 278 543 574 211 1 132 434 45 471 997 558 916 377 608 169 684 291 124 68 317 644 87 38 16 236 477 672 64 135 469 162 838 832 82 562 519 863 599 943 711 857 374 742 701 950 95 268 0 717 120 831 18 267 566 272 134 8 184 292 623 158 500 374 128 119 334 248 887 429 390 468 269 245 95 244 794 695 505 409 957 990 856 68 347 38 428 760 66 59 590 933 424 34 195 11 980 593 838 192 621 813 129 171 607 672 337 812 534 404 271 366 526 609 60 222 303 62 644 394 33 342 979 903 41 292 517 535 464 711 667 453 869 340 521 635 584 225 616 619 833 903 945 774 186 547 610 921 284 152 88 393 230 486 705 279 960 84 45 402 436 56 226 870 184 528 236 513 795 501 499 425 474 874 236 644 746 7 546 502 520 288 137 963 409 628 177 912 384 481 616 558 68 882 212 765 562 185 720 445 961 874 588 723 998 607 945 843 439 206 527 826 934 157 567 590 104 955 137 136 753 559 472 77 787 408 137 373 
620 599 655 715 179 693 685 21 467 842 537 362 584 705 702 473 188 287 131 497 71 603 273 622 868 631 26 533 255 386 923 452 570 382 677 307 564 641 14 421 652 621 246 220 1 37 68 540 377 208 225 861 562 956 1000 843 663 641 666 15 375 115 343 1 163 187 505 958 775 730 83 426 286 823 835 573 453 254 171 94 429 889 287 741 723 388 630 990 884 485 702 210 400 665 520 864 27 137 488 957 576 908 49 460 187 847 400 615 235 726 154 161 402 913 589 195 776 930 800 167 71 31 318 774 630 170 572 224 458 507 215 957 803 466 815 42 818 931 676 409 220 148 550 813 325 895 480 40 319 943 72 78 116 784 496 852 5 360 359 333 230 9 399 330 769 797 36 567 256 53 463 666 888 681 124 359 886 87 990 726 85 257 102 725 121 561 513 418 671 502 752 381 265 738 586 301 178 449 455 648 47 576 316 578 233 569 570 212 445 813 208 600 912 699 6 994 107 995 512 459 80 476 751 451 15 549 977 863 240 543 935 115 573 713 119 220 650 997 778 691 74 193 8 992 447 603 969 707 136 919 428 972 227 903 664 853 484 67 898 71 295 309 905 304 272 928 729 759 616 870 688 762 766 510 534 887 438 976 100 97 356 892 407 538 416 115 107 45 40 572 652 935 83 169 973 602 486 409 737 790 742 4 764 444 986 35 503 244 987 181 424 718 817 136 710 261 1000 486 128 119 464 831 407 479 978 431 191 865 161 498 226 269 570 864 762 498 701 426 126 557 915 464 416 50 613 209 846 354 946 665 787 379 47 163 320 818 659 12 711 621 273 99 671 737 858 582 521 721 740 536 405 389 39 949 698 332 403 906 980 452 369 455 237 428 424 238 937 189 353 97 758 221 618 826 808 500 742 619 57 67 497 251 318 858 935 815 868 666 669 786 951 729 862 925 109 618 596 342 424 517 223 129 178 14 546 940 812 687 557 734 892 287 774 399 443 524 617 752 369 709 121 96 859 13 271 851 125 485 498 882 781 236 84 177 219 697 338 479 409 139 576 835 83 401 534 975 400 382 679 960 964 704 630 654 756 128 159 960 493 593 341 209 194 625 926 63 357 325 782 691 647 739 414 569 731 911 589 120 880 387 
521 947 294 52 0 228 190 3 899 944 370 959 338 369 68 455 668 257 341 961 564 712 796 803 510 405 455 412 277 149 487 138 257 447 865 551 110 366 614 13 118 457 915 779 673 642 818 766 571 805 91 282 97 521 652 497 345 509 413 986 94 850 594 58 208 955 515 962 655 185 125 363 814 8 459 574 179 885 528 366 212 859 586 589 400 533 536 840 764 581 429 486 833 65 597 450 469 209 191 76 526 779 392 777 923 62 238 464 275 307 258 617 448 950 255 406 979 835 628 636 361 624 421 281 64 873 154 12 616 159 166 768 235 466 817 659 775 209 8 905 948 941 382 180 730 258 727 564 395 410 70 48 178 703 782 999 431 332 397 256 928 369 63 802 629 924 478 203 920 941 230 802 297 138 832 865 140 489 217 837 300 928 852 848 343 252 358 885 534 175 199 207 170 970 516 785 198 922 142 562 331 514 118 242 296 947 290 356 799 888 104 430 878 685 315 629 193 533 772 265 685 235 350 807 340 406 121 105 467 96 871 839 791 459 643 148 945 868 700 553 416 871 427 29 290 880 876 733 871 324 448 20 944 482 402 348 983 485 231 28 26 324 488 295 918 11 530 515 426 778 975 340 173 645 835 869 856 6 247 772 788 94 702 444 555 503 369 419 20 721 393 365 95 940 104 626 801 637 369 320 181 334 173 543 73 371 95 437 45 987 802 519 635 38 485 583 81 385 269 884 193 496 822 198 398 307 714 365 544 30 508 336 560 295 378 876 940 988 683 217 264 9 342 83 519 159 658 476 24 632 616 428 57 452 51 336 918 413 251 27 33 220 940 683 343 295 574 325 611 257 69 477 45 271 966 703 648 86 474 248 370 971 386 868 15 136 94 590 336 827 678 249 975 978 610 200 291 528 919 296 919 804 237 779 918 569 651 431 765 747 469 20 327 272 118 64 615 707 778 325 661 268 726 512 726 570 604 273 734 406 870 701 515 918 871 846 305 989 765 137 815 258 222 808 662 670 15 409 18 884 723 675 483 653 291 423 835 604 41 967 840 752 948 644 988 945 9 347 977 88 557 440 153 762 588 320 24 832 466 590 908 421 247 167 171 411 229 284 743 58 275 134 612 4 586 899 779 959 883 652 
979 526 147 737 94 293 877 4 555 630 211 901 337 373 961 841 306 356 672 22 202 23 163 198 961 649 862 31 851 371 615 906 692 999 272 91 383 826 810 501 689 50 920 858 318 624 365 543 621 201 267 667 845 222 599 987 655 55 303 984 235 366 303 3 513 480 370 935 977 213 679 661 399 631 749 789 232 276 718 384 388 492 739 707 866 872 205 675 817 74 604 9 881 550 891 831 785 3 795 58 106 403 88 140 480 800 748 719 857 943 695 651 125 278 866 600 36 405 350 736 811 543 440 378 576 279 357 469 926 299 678 659 508 509 378 745 825 809 732 526 906 666 801 197 772 92 222 350 342 269 871 278 410 928 955 283 190 628 141 498 77 680 951 501 735 866 424 434 90 590 566 168 210 415 51 750 925 529 79 695 846 197 753 41 316 676 339 462 201 322 458 119 30 252 891 718 783 454 314 305 767 835 233 36 618 633 727 867 857 815 441 736 753 352 519 21 398 513 249 891 750 164 796 925 40 928 427 946 204 754 939 299 992 893 979 957 932 443 0 949 663 264 817 168 920 767 624 328 757 745 417 89 459 970 279 892 431 414 592 852 586 84 271 978 863 953 802 755 259 258 937 971 984 251 635 864 990 580 414 519 528 544 378 573 936 64 210 360 677 533 861 861 271 620 52 48 579 304 495 233 388 977 678 905 270 515 100 14 399 882 153 751 100 178 669 450 786 800 777 736 967 411 259 516 485 123 797 220 256 894 768 113 336 437 340 388 392 693 911 476 639 349 244 915 279 34 221 444 731 936 878 508 353 271 83 525 861 503 757 900 643 866 975 774 361 368 156 151 104 447 160 218 832 20 583 958 843 701 769 395 902 585 519 261 14 300 158 544 593 622 844 895 291 328 666 748 232 474 247 371 327 880 828 21 361 948 335 991 914 489 970 931 537 50 973 516 322 457 570 85 526 374 645 744 201 750 302 865 351 137 690 852 863 36 23 880 846 20 946 381 928 381 938 430 469 845 87 85 854 324 834 869 443 789 415 462 505 982 951 933 244 81 881 973 788 645 177 879 471 259 944 718 852 292 835 376 8 633 896 405 673 511 398 492 881 961 827 839 697 562 369 432 643 975 522 322 489 245 318 100 
847 530 674 738 894 501 437 463 914 765 258 434 325 717 247 536 354 948 269 857 989 441 530 659 348 427 880 667 383 364 408 800 336 568 846 824 498 22 617 738 729 158 316 174 840 494 989 450 689 42 574 670 947 608 215 454 393 463 171 989 741 985 737 242 403 464 593 627 949 559 100 618 273 550 855 561 145 385 676 46 825 638 84 595 501 471 189 91 416 315 219 600 859 523 512 534 289 870 800 247 980 376 543 145 860 765 970 983 684 425 942 79 315 921 770 46 673 761 372 211 263 437 900 678 828 263 958 411 121 827 494 473 787 376 429 188 613 574 998 665 798 977 478 522 765 281 841 284 818 28 610 970 358 6 558 568 169 675 302 468 563 523 57 926 185 219 937 667 277 76 73 309 28 777 379 841 654 553 959 122 83 456 587 688 333 606 232 815 153 976 178 908 491 607 541 627 435 835 345 466 223 709 343 787 357 221 794 184 975 916 333 453 419 390 939 671 29 200 549 383 572 852 791 486 429 505 153 803 973 372 788 274 283 942 51 90 265 17 872 512 239 26 956 225 90 379 496 674 213 71 402 313 986 974 726 829 199 286 158 688 946 361 58 67 736 840 388 193 948 329 426 930 342 327 900 31 954 259 794 545 82 686 926 743 767 229 30 947 405 858 674 200 576 131 562 435 156 222 451 617 463 302 945 245 842 252 181 848 513 288 650 793 96 988 997 817 948 467 429 531 513 69 0 164 317 935 49 966 131 570 142 233 500 245 841 764 367 457 185 897 307 280 869 362 766 605 979 31 730 502 195 104 172 601 767 170 347 466 281 18 402 998 386 588 179 933 837 907 47 1000 459 226 253 223 945 712 482 630 804 924 822 319 328 368 7 870 686 956 564 220 246 200 364 263 641 18 318 233 964 352 47 20 494 608 348 471 682 942 918 856 711 737 526 41 40 241 749 518 121 106 963 703 505 34 341 584 557 32 316 70 509 955 317 933 851 890 183 822 972 834 246 597 998 438 903 634 666 772 49 355 285 974 406 496 815 301 184 754 820 76 502 14 285 928 595 386 849 422 654 560 461 117 870 239 905 185 775 863 56 471 505 325 796 860 820 482 409 308 615 262 153 138 17 131 178 879 199 975 314 133 
689 548 692 981 272 483 912 595 779 253 532 376 781 111 942 199 755 699 5 901 113 415 464 596 511 449 401 227 246 43 802 634 272 99 391 146 947 895 156 530 538 1000 104 306 670 224 574 603 607 302 790 220 969 618 171 595 317 396 474 948 855 801 681 695 452 329 79 952 236 362 798 940 683 325 292 954 483 165 202 937 811 993 93 823 310 139 666 686 160 729 324 410 427 630 333 827 277 372 843 596 346 276 87 185 415 762 664 946 551 688 263 874 857 631 804 546 770 371 878 330 481 487 732 839 511 616 605 25 43 402 443 816 68 848 233 80 773 460 358 718 668 867 637 666 402 803 72 159 1000 892 84 127 719 101 393 662 115 905 863 387 679 398 321 77 135 155 433 731 97 107 408 957 791 577 430 278 241 618 25 753 731 482 641 381 539 950 730 726 303 85 92 710 121 99 301 205 846 946 522 1000 308 399 349 821 488 64 799 208 487 97 295 180 409 742 847 309 952 973 819 675 206 715 858 865 419 873 954 280 940 865 77 436 220 989 59 848 868 89 561 317 886 376 361 353 464 876 368 979 927 290 541 35 375 633 755 961 688 767 246 641 886 892 453 376 733 769 57 118 729 84 490 403 552 548 298 962 24 91 246 643 349 607 518 539 939 501 396 474 32 731 959 90 511 290 434 535 241 446 539 33 806 768 503 823 180 558 994 686 950 507 845 734 355 680 491 349 821 566 665 72 843 501 194 429 214 297 663 228 423 85 18 648 952 503 789 469 535 560 889 512 374 265 288 828 280 499 469 480 530 303 585 292 119 836 609 518 89 445 804 10 294 141 108 681 21 383 648 443 645 862 127 321 35 326 200 686 307 900 396 906 203 404 644 489 686 856 223 73 761 290 81 940 565 848 281 48 445 152 281 905 446 625 352 692 78 157 37 834 188 204 179 390 660 284 395 356 761 310 706 974 780 807 807 54 770 520 626 288 952 480 97 441 905 738 386 104 390 198 607 977 742 409 252 899 106 240 72 553 546 307 643 881 276 335 764 880 592 330 885 418 803 739 576 865 80 816 73 648 522 458 755 113 169 703 910 176 626 286 571 485 475 164 885 810 153 948 65 503 373 172 939 160 541 930 331 934 224 76 682 414 
563 945 997 8 767 906 18 708 226 588 51 321 615 580 970 213 640 992 356 395 1000 76 204 546 387 794 120 399 850 148 683 284 296 801 238 318 777 555 456 106 818 639 337 925 379 774 93 213 354 839 476 284 756 854 405 505 173 545 224 673 157 759 680 552 11 13 135 391 367 723 601 220 737 6 989 684 791 685 948 668 936 73 102 27 621 851 847 270 871 856 500 59 97 356 728 153 772 333 443 283 270 811 24 452 612 389 487 380 499 109 702 185 663 520 285 774 543 265 420 913 885 623 923 397 760 249 834 13 423 471 154 505 815 585 569 355 97 551 761 867 662 458 405 383 590 108 415 910 220 524 924 495 502 371 265 5 996 953 816 870 648 109 487 323 621 910 67 609 839 637 79 800 127 206 306 558 879 301 977 51 319 995 799 844 941 414 915 887 135 314 286 677 300 223 585 683 399 18 318 476 293 70 662 64 763 480 828 696 185 149 101 356 391 754 560 287 338 602 999 331 118 593 336 695 519 130 477 187 129 802 66 489 217 654 431 589 219 151 398 722 350 642 780 643 544 333 251 1 892 799 202 547 210 234 774 310 158 986 113 982 610 925 710 790 774 462 482 759 705 926 642 597 351 105 717 705 447 471 703 287 717 37 3 904 844 196 422 828 555 897 401 529 77 13 923 987 221 402 578 973 852 730 698 680 23 929 902 989 408 680 760 740 327 316 327 63 500 77 624 471 716 156 985 451 296 149 221 501 962 144 529 461 865 268 625 703 964 335 815 327 251 18 610 389 117 347 577 899 953 482 286 956 595 436 299 971 949 541 626 550 748 199 325 224 988 606 411 724 157 985 372 336 23 164 190 126 207 14 774 28 349 254 209 4 539 381 750 369 220 288 209 210 509 425 628 584 799 9 183 805 493 395 15 175 81 740 842 633 660 379 441 201 596 389 979 634 625 691 233 811 664 53 449 734 564 856 635 158 208 136 194 125 52 776 472 866 374 261 599 180 217 709 700 363 449 695 218 874 34 467 306 445 346 730 736 904 693 622 282 514 684 179 652 277 244 960 775 551 922 834 190 486 940 274 919 170 154 176 8 315 144 738 856 596 89 89 695 924 681 232 883 222 65 775 988 527 871 80 117 683 
109 256 752 318 552 421 838 21 7 214 270 306 605 140 278 104 709 956 308 940 913 996 514 314 488 673 806 126 598 279 8 475 450 920 898 556 434 512 606 155 997 737 19 500 476 322 308 777 980 425 770 396 503 548 34 686 523 400 998 149 486 389 324 239 83 972 27 569 878 220 564 908 893 993 51 580 811 987 558 617 577 81 800 967 856 977 623 626 867 330 774 662 942 945 840 329 199 44 535 299 81 809 232 418 76 481 846 809 145 569 766 234 668 465 726 707 333 1000 146 993 919 884 194 747 305 636 240 719 926 473 860 720 543 536 850 282 649 735 268 566 278 150 486 130 40 669 612 290 181 859 235 181 327 195 496 718 694 595 158 414 433 381 332 637 922 446 465 491 627 764 146 793 231 43 840 255 658 897 339 925 802 431 592 981 817 41 921 294 427 532 75 828 116 91 120 134 793 528 182 460 638 811 951 685 422 254 520 976 416 436 514 396 457 450 35 21 664 442 570 815 573 832 912 512 337 778 73 17 562 542 651 401 789 719 371 314 674 255 69 546 337 554 432 787 465 578 561 787 302 654 16 441 463 412 930 557 878 958 735 890 938 835 156 784 12 480 834 547 615 8 723 981 749 273 265 946 788 805 283 684 736 632 892 269 725 186 838 92 537 331 960 217 579 67 26 546 165 405 0 776 117 801 570 709 448 748 14 903 300 299 296 226 990 845 155 564 23 260 43 970 402 581 456 655 768 770 113 628 658 926 300 365 726 8 874 189 728 338 598 763 175 533 542 185 961 567 609 648 33 316 468 177 428 678 457 197 616 446 581 295 363 538 961 978 517 13 866 998 605 0 961 118 381 911 810 608 564 77 499 776 738 142 671 10 949 244 742 511 512 626 564 247 543 0 468 180 29 152 483 126 21 328 262 740 674 669 119 611 157 643 114 980 335 60 345 174 874 383 729 107 162 11 211 624 980 920 238 350 67 37 281 145 204 540 183 66 295 937 90 721 85 727 821 160 135 999 814 808 533 444 139 310 737 406 623 565 461 488 991 665 442 776 768 298 112 602 840 879 921 311 268 386 985 862 49 836 472 507 612 649 345 595 32 516 736 929 114 251 613 857 62 209 712 823 139 933 435 924 16 43 
22 157 788 212 83 970 512 555 452 847 402 503 378 122 177 974 159 352 248 310 809 279 980 842 141 219 46 410 73 272 325 180 389 432 350 610 995 278 142 846 674 310 156 787 135 773 243 257 112 599 988 832 149 779 878 164 296 472 605 816 25 877 160 647 362 468 414 910 798 274 403 181 885 345 456 689 169 197 562 532 576 109 855 341 244 240 883 257 665 344 512 32 379 602 614 776 647 247 181 68 539 812 720 427 81 452 368 329 69 577 106 544 283 65 4 57 131 175 831 531 854 456 542 886 382 827 311 321 696 998 844 922 128 979 685 965 935 394 49 616 273 248 185 410 267 823 59 584 562 471 260 40 529 688 597 879 296 508 665 696 612 138 176 80 304 863 464 158 199 831 648 225 698 380 347 441 244 111 884 524 370 247 914 670 201 633 430 322 998 437 724 195 96 676 544 145 205 639 668 686 926 193 557 636 146 250 280 321 409 896 41 328 49 265 42 460 620 502 285 775 271 228 787 344 83 124 301 645 959 975 751 701 41 629 848 635 109 375 682 194 194 116 589 957 380 343 826 991 108 961 387 606 382 528 725 332 411 610 14 955 243 264 610 163 1000 878 415 873 139 121 551 21 617 265 40 712 936 806 782 756 110 327 275 195 354 212 682 432 848 59 379 919 569 194 211 438 798 186 234 756 153 20 536 406 815 656 429 964 581 307 892 983 74 280 643 652 842 828 440 19 963 387 580 850 910 43 228 802 180 983 280 93 774 239 988 221 434 251 953 486 314 521 203 655 952 586 914 165 922 890 229 674 559 733 658 31 405 808 232 868 828 592 414 462 481 169 952 271 891 830 537 765 45 299 722 937 975 374 57 353 921 771 919 79 978 350 407 954 885 837 264 720 861 710 88 763 696 327 865 346 550 775 565 689 572 800 987 271 801 930 166 646 7 13 355 272 550 165 47 527 11 465 927 466 63 601 939 761 767 795 521 159 760 925 376 640 319 978 254 859 870 140 7 421 630 602 807 471 75 544 600 453 56 925 539 864 829 624 928 150 211 691 749 79 619 456 261 937 855 474 594 78 297 477 313 341 909 314 265 563 303 999 720 356 166 668 370 729 833 943 554 888 858 913 973 662 603 303 963 340 
589 614 318 297 226 346 457 523 435 960 183 891 285 870 832 31 377 580 572 799 662 966 523 697 581 811 804 703 475 185 326 52 697 811 946 732 947 173 242 663 791 505 397 281 254 517 377 443 835 845 938 896 193 144 837 366 555 57 155 767 719 259 631 512 836 135 175 268 758 632 602 352 876 110 518 249 440 390 454 77 306 862 234 470 803 638 13 77 682 818 947 151 466 956 901 774 218 709 90 290 499 375 512 421 134 454 22 303 416 930 992 390 875 89 86 640 100 880 224 782 311 253 949 673 937 426 126 841 855 474 381 361 263 576 71 668 260 460 695 926 180 414 392 993 201 915 751 179 497 82 658 885 650 869 568 455 470 310 612 790 243 512 480 938 625 659 780 532 208 945 820 64 392 536 733 325 180 833 217 69 169 714 929 274 933 884 850 34 124 684 754 257 103 165 998 629 635 270 955 187 119 370 701 694 539 957 255 413 614 101 699 373 688 410 735 783 274 293 914 84 859 193 345 542 573 287 906 958 331 342 485 979 444 59 404 991 912 541 810 140 395 360 338 748 752 621 675 645 847 684 163 223 443 62 705 739 860 856 265 876 993 39 111 462 252 228 600 85 169 855 942 283 346 87 551 336 639 432 533 808 252 143 713 174 98 632 696 249 962 388 134 524 715 661 961 51 245 324 894 930 425 17 592 758 229 453 855 306 409 962 605 92 615 110 450 276 422 267 724 382 306 553 459 884 470 724 204 21 465 59 665 326 64 702 266 129 626 165 381 559 817 713 87 285 547 548 9 964 669 622 793 971 668 966 159 562 366 221 55 584 188 854 23 398 61 222 719 694 560 633 148 816 814 285 114 588 811 562 657 333 954 856 124 719 127 31 540 712 377 307 703 883 787 596 799 160 661 480 286 641 54 520 854 650 727 928 826 566 563 739 800 585 432 424 186 5 898 330 321 499 300 984 220 971 993 529 412 579 324 497 600 664 891 68 290 228 455 908 943 338 925 309 343 17 371 341 962 28 250 184 228 688 601 724 56 433 387 27 549 663 919 900 607 615 304 881 215 275 992 754 238 668 961 134 51 78 173 999 184 276 765 832 601 226 840 294 90 245 34 409 300 464 489 621 952 808 508 303 440 347 
885 130 550 651 185 324 600 558 157 143 897 189 893 234 827 197 732 95 319 860 458 466 864 219 659 389 734 603 808 31 94 767 653 42 124 229 585 556 436 368 123 212 597 273 785 987 818 6 514 575 263 305 616 813 344 672 958 4 402 930 691 178 949 47 912 720 808 388 195 985 38 98 127 72 478 732 726 701 934 378 432 642 275 823 846 500 609 743 505 3 902 153 948 867 512 70 653 543 461 120 197 194 241 282 725 500 291 916 961 376 176 481 372 527 884 723 967 811 291 718 931 643 393 658 214 62 751 286 520 534 847 333 309 940 63 674 856 948 440 254 305 969 950 667 568 233 931 819 758 541 554 964 46 868 624 930 540 91 599 376 677 606 124 365 520 547 364 182 937 402 397 185 666 830 28 903 974 722 170 967 641 48 112 359 376 384 234 759 258 685 958 422 242 826 436 310 331 606 535 286 554 623 311 430 53 900 603 279 977 430 430 557 163 582 927 524 915 819 22 440 996 431 798 465 192 86 262 200 676 160 926 594 812 208 166 363 476 857 932 1 207 700 657 395 651 569 801 267 733 613 956 5 226 298 372 498 289 712 933 14 248 830 484 233 754 841 713 671 963 133 54 74 133 92 348 931 589 149 765 613 26 736 904 894 204 780 170 889 646 810 813 762 381 154 160 650 456 432 332 90 874 871 248 638 775 860 833 521 38 977 478 389 523 550 321 850 339 631 278 730 362 778 741 688 147 961 885 448 191 85 603 376 18 476 820 338 724 216 40 67 855 989 291 320 153 918 116 158 600 707 980 492 358 658 495 587 138 80 383 666 608 126 84 658 408 911 359 378 810 305 303 34 344 96 678 425 815 870 594 857 894 711 581 958 924 900 337 309 92 20 422 555 367 628 716 941 15 875 641 581 942 648 376 353 251 982 186 124 764 458 402 795 740 166 384 337 450 726 663 776 540 745 2 155 870 879 614 893 838 141 285 61 706 586 446 96 548 273 553 895 67 719 191 608 614 621 972 841 786 563 884 189 90 560 600 414 250 654 619 848 440 967 923 846 224 142 369 406 728 452 410 261 62 213 13 205 805 675 517 824 412 42 461 661 802 153 762 242 483 832 190 258 454 837 660 977 475 751 987 192 
944 577 34 135 379 706 364 173 346 675 973 600 884 406 663 51 563 196 613 528 863 22 522 926 821 813 470 211 878 964 911 967 368 671 859 222 39 762 411 249 443 833 140 89 25 868 921 942 101 686 580 468 683 481 716 125 149 526 888 459 998 761 962 847 89 299 478 195 114 18 882 84 973 228 93 146 311 109 617 79 764 605 552 975 363 109 891 111 130 684 285 572 839 427 882 485 169 86 810 538 439 271 969 999 887 21 457 950 358 915 862 541 601 858 150 207 797 124 171 490 340 348 259 971 823 996 346 13 784 105 734 9 548 237 765 877 723 297 853 970 595 318 922 266 57 263 244 524 884 671 438 928 482 774 594 268 365 644 417 372 929 759 733 921 607 443 712 181 215 747 186 798 650 936 637 738 307 69 406 883 399 489 362 396 164 642 908 373 286 769 598 150 710 234 752 341 391 448 598 542 958 525 794 300 631 709 214 709 636 265 91 369 177 632 772 206 214 906 594 612 961 948 628 450 366 842 440 548 317 863 496 611 255 91 806 802 924 355 545 273 760 861 570 659 876 493 910 508 812 899 387 484 101 761 750 882 924 213 436 343 948 63 343 642 470 217 813 143 593 275 275 107 113 795 833 68 33 262 254 973 160 272 717 193 880 324 817 261 996 84 792 131 16 598 371 692 958 958 903 219 177 781 104 124 250 934 821 587 751 250 582 197 924 113 282 232 832 324 811 514 125 456 577 344 86 570 4 539 605 47 763 830 74 936 226 0 485 490 393 542 675 201 892 346 117 87 646 216 149 797 970 861 502 36 387 104 861 510 213 577 332 389 759 455 1 376 365 922 469 620 987 207 936 613 680 93 955 630 640 446 250 386 558 65 524 861 987 212 641 830 619 893 77 779 883 355 340 680 622 856 386 162 40 521 264 238 278 68 121 812 539 614 879 824 424 340 802 221 520 63 87 112 98 285 177 538 60 623 797 363 290 483 602 746 677 595 605 503 681 992 279 966 80 151 481 988 364 255 817 800 462 810 233 46 415 996 668 17 891 272 963 209 757 229 904 639 206 425 593 440 897 432 214 251 454 786 236 350 595 545 829 714 254 295 709 95 307 200 739 805 75 902 271 184 809 913 914 441 871 568 
363 591 33 51 52 72 67 895 857 406 492 475 673 469 228 279 194 469 345 681 855 544 198 598 542 319 986 959 307 649 590 350 900 794 219 243 135 249 226 91 296 187 204 6 398 130 414 484 700 212 83 183 875 89 891 844 491 86 790 986 582 464 66 71 743 446 571 615 322 112 116 699 66 286 865 421 514 728 902 475 702 84 200 137 347 118 535 951 833 903 142 416 958 515 482 453 69 780 126 253 778 745 456 968 685 685 663 878 34 363 852 684 806 337 128 902 220 569 124 244 326 890 598 388 699 337 554 124 948 532 88 59 103 423 261 816 580 381 941 456 31 720 683 126 223 109 714 301 484 922 612 346 581 665 589 79 100 231 172 551 375 131 628 501 979 600 882 604 942 144 493 981 974 451 272 328 228 397 967 474 182 71 481 125 851 311 739 813 397 65 251 698 953 670 721 924 504 70 213 987 192 425 218 901 490 141 41 140 575 166 309 515 214 145 432 905 657 478 828 735 368 544 580 576 828 198 964 21 304 124 205 730 492 139 110 870 581 770 81 225 41 301 866 682 250 599 951 744 996 888 872 652 925 584 670 924 963 90 140 360 906 502 480 533 304 113 773 892 871 864 435 325 900 255 291 182 81 33 55 473 122 93 358 543 180 990 761 588 952 716 766 208 758 693 105 821 658 393 585 429 979 588 475 872 796 938 843 164 408 867 80 706 738 29 607 8 622 884 830 583 856 261 244 18 643 659 372 476 374 141 818 109 570 159 813 230 435 158 839 614 112 814 771 338 157 631 769 398 37 830 300 193 864 76 442 432 298 913 375 692 526 458 822 151 350 379 718 952 671 490 590 756 744 141 863 945 232 526 548 926 78 110 15 576 918 190 379 800 871 684 821 463 167 434 261 616 540 253 141 4 953 594 874 544 654 526 625 677 958 727 447 523 987 491 392 441 277 883 422 467 924 457 55 370 87 430 935 941 25 749 37 222 934 530 39 99 781 373 144 911 626 120 48 343 875 104 673 788 527 415 541 1000 663 554 133 71 880 981 725 552 846 290 412 325 725 105 275 207 237 988 687 627 334 157 234 501 154 847 817 269 87 933 822 839 217 668 95 563 251 506 20 719 29 302 833 493 745 438 459 938 
976 798 640 438 528 516 490 1 65 250 668 639 848 137 824 967 439 515 136 679 908 68 211 694 944 736 619 431 281 804 727 93 220 822 903 997 780 156 744 902 187 573 349 550 762 463 49 11 672 906 645 781 852 706 129 565 444 212 636 706 179 917 106 323 324 278 941 49 428 642 217 861 225 627 96 199 244 37 369 55 569 445 335 340 454 102 970 243 860 866 200 546 779 275 714 860 527 573 945 862 951 129 565 523 486 257 52 894 86 657 450 335 93 875 523 105 306 586 588 656 796 839 432 342 38 723 195 357 619 67 669 336 78 375 94 787 549 3 478 981 88 271 467 942 23 594 92 983 109 534 901 818 628 238 358 442 363 863 858 952 884 537 773 84 345 953 686 379 917 787 524 588 119 673 213 193 337 884 362 967 29 124 146 682 385 860 387 761 646 925 636 528 684 15 44 92 612 818 298 670 589 404 870 348 153 474 134 338 957 951 650 38 902 707 372 271 880 210 811 222 576 986 27 309 101 880 699 93 317 975 600 373 202 403 936 877 160 370 343 944 153 191 976 906 499 621 151 641 127 792 813 478 606 797 293 285 438 57 109 952 708 361 462 984 531 508 313 521 496 783 14 721 52 252 177 86 183 207 228 108 637 512 116 853 982 381 857 343 594 907 252 687 403 41 887 839 162 81 651 511 726 304 395 434 258 892 940 62 141 408 848 134 522 754 262 469 24 68 165 960 283 783 910 161 930 577 913 541 60 330 873 302 553 633 920 19 583 252 72 447 649 318 734 753 103 736 813 26 542 893 728 464 763 722 713 305 327 484 917 983 536 172 27 586 636 302 387 753 831 156 912 395 534 121 341 561 799 622 620 510 630 502 177 303 968 586 491 549 219 127 889 367 746 837 98 538 408 487 851 616 966 613 697 729 260 919 38 964 118 744 793 775 859 210 743 335 110 852 151 14 951 294 611 366 236 972 115 881 908 104 118 512 647 6 742 360 918 317 120 934 667 713 660 591 202 872 699 795 871 119 546 157 375 68 120 596 925 586 974 944 823 707 707 843 802 325 465 689 46 745 229 79 443 452 331 439 808 257 101 677 81 473 481 930 335 654 886 998 406 401 605 352 693 418 536 505 643 468 887 659 
17 673 862 83 497 763 259 519 434 55 408 432 424 508 698 40 743 857 362 277 280 677 112 839 450 399 602 487 513 904 93 68 338 264 806 694 274 719 78 920 606 239 606 489 129 177 248 626 708 676 137 666 940 123 98 479 831 24 478 506 748 383 678 887 828 348 877 642 896 216 181 237 475 412 248 651 212 9 276 268 0 146 200 643 379 850 491 495 336 904 377 477 113 862 764 307 884 16 961 369 612 162 152 833 216 227 709 47 747 193 797 722 584 83 565 34 194 614 222 287 46 821 784 272 152 834 807 735 416 972 481 290 411 684 580 86 561 229 743 669 587 312 439 133 929 41 359 22 280 362 712 137 221 60 978 721 595 161 283 339 705 66 897 358 99 481 483 445 12 0 821 288 558 680 677 525 756 657 393 490 95 511 704 729 619 30 886 368 822 606 335 931 181 622 719 801 770 848 615 242 715 231 931 288 722 589 866 308 915 767 24 420 95 909 169 788 454 167 914 79 237 363 676 675 87 46 451 510 573 551 451 704 999 878 522 330 652 417 877 432 564 518 950 909 217 406 673 476 839 266 601 636 765 714 242 195 221 706 690 153 937 498 532 334 764 942 744 485 585 245 484 389 461 409 16 530 181 13 568 417 452 529 943 165 189 198 564 597 532 963 630 183 997 940 219 917 787 637 564 456 909 477 879 570 299 27 898 715 207 678 54 755 194 817 144 211 409 49 790 708 186 182 421 166 223 506 722 287 483 43 869 53 644 121 689 545 313 202 380 18 10 67 705 739 581 775 190 786 292 888 909 427 144 667 404 798 849 74 182 458 325 896 278 196 84 828 96 758 61 787 929 226 676 296 722 754 968 937 374 747 703 984 934 565 632 69 488 595 156 100 722 175 315 648 134 910 137 784 719 727 48 297 87 497 589 100 372 165 281 536 225 782 509 893 399 141 996 914 80 812 804 758 615 712 306 664 858 273 713 156 219 751 632 576 761 808 709 263 447 577 71 903 381 485 478 899 213 203 874 567 356 496 837 619 959 540 710 623 666 534 130 410 322 599 713 283 430 867 115 462 851 439 531 765 374 583 869 496 646 476 483 940 10 906 825 879 45 402 731 607 451 565 131 469 809 636 577 754 549 118 
237 945 990 272 591 975 843 322 437 381 78 588 792 835 475 112 802 621 336 940 636 188 24 879 357 151 601 921 381 372 742 283 135 694 139 823 213 107 326 449 17 422 224 154 542 584 767 665 413 923 764 973 391 569 574 514 308 242 429 483 592 340 705 445 171 487 996 742 320 136 489 938 404 635 310 712 910 957 149 764 564 815 839 905 814 197 379 934 287 440 388 927 882 233 740 130 481 47 160 129 661 875 241 93 737 496 616 893 277 435 78 651 466 703 179 968 910 687 891 90 547 619 333 24 764 488 884 369 936 505 448 354 497 497 850 254 603 408 543 632 212 982 189 275 680 236 747 127 147 348 521 524 257 352 307 454 735 828 121 937 162 568 482 72 243 477 127 228 787 588 281 628 484 239 705 254 416 620 330 249 244 931 859 770 24 207 185 56 417 122 169 303 494 105 96 879 713 194 512 454 732 902 668 750 421 48 858 231 285 195 377 413 689 794 855 391 669 658 772 379 345 790 213 874 345 858 820 751 161 609 661 691 9 416 94 180 308 272 602 447 461 260 176 460 809 148 359 975 371 770 536 579 677 599 717 45 455 793 319 774 938 859 413 933 209 998 950 744 176 541 931 988 16 196 692 870 847 526 847 4 627 649 108 34 234 722 402 160 202 939 968 962 506 803 294 712 497 838 638 366 992 409 825 72 516 819 542 896 484 63 535 193 666 302 813 177 559 457 918 341 59 600 995 578 921 225 445 537 368 471 498 595 549 672 524 459 98 925 482 216 39 345 924 155 567 439 80 512 99 815 237 605 106 93 927 647 946 46 896 421 137 801 785 352 154 108 916 958 509 99 785 44 384 327 742 353 620 97 16 580 131 993 757 900 72 185 336 393 370 709 722 764 771 200 750 410 201 647 906 215 14 819 493 979 420 513 589 578 31 46 671 55 258 331 875 352 434 300 191 798 1 572 12 427 132 885 16 165 359 109 956 580 590 527 807 977 941 98 251 471 243 687 503 791 96 218 254 627 1000 964 205 701 167 27 586 494 352 865 497 195 243 553 944 129 226 32 928 271 817 93 444 690 657 765 716 404 180 527 73 291 434 978 402 71 140 860 555 588 775 951 688 343 689 0 671 548 172 693 340 108 
47 742 524 643 693 370 95 28 726 118 741 421 572 344 734 502 349 390 882 250 555 49 730 401 244 390 86 27 81 939 607 996 460 648 69 554 510 675 233 593 558 578 48 600 737 838 829 710 451 943 813 903 922 825 822 59 782 610 514 275 771 443 301 443 474 226 90 250 763 897 865 590 865 571 994 16 99 960 266 332 788 812 301 46 816 633 334 622 735 956 385 411 33 57 816 324 8 157 953 655 363 767 390 738 588 927 433 94 948 217 954 105 690 693 522 421 432 471 767 646 623 665 878 478 511 174 810 489 782 703 578 96 167 955 19 237 856 147 756 142 969 460 958 174 893 114 960 804 795 209 249 365 573 795 513 297 578 405 564 360 100 517 715 321 477 681 143 968 11 895 321 323 224 84 949 326 737 191 424 325 871 601 8 865 781 480 73 683 114 174 989 374 797 548 311 825 588 283 253 523 675 7 995 956 248 189 197 479 736 991 605 334 590 928 460 866 491 402 567 771 928 199 213 355 164 825 605 852 542 640 838 564 637 297 128 222 653 13 528 729 415 481 957 444 767 699 992 254 992 629 129 72 201 831 282 283 161 550 698 794 442 592 175 350 906 875 596 130 423 186 400 285 199 257 910 561 121 340 652 896 383 24 19 965 710 177 973 264 455 217 986 598 652 826 649 90 987 462 317 132 794 105 258 371 938 192 982 552 263 285 924 378 256 501 613 298 300 772 109 728 3 704 119 120 447 843 868 110 560 274 132 503 815 82 916 905 412 382 687 750 847 922 538 538 56 707 850 387 388 875 855 933 641 689 38 536 966 274 924 78 17 452 763 206 686 692 631 498 488 400 645 33 318 262 889 775 214 935 959 85 586 51 41 295 723 351 41 637 893 273 939 523 522 252 490 349 557 695 980 343 612 231 387 137 385 609 787 390 986 254 713 738 621 63 40 651 83 270 707 340 871 662 123 167 811 966 647 387 425 748 502 847 102 973 841 931 79 358 242 887 747 407 155 896 681 838 499 100 776 766 201 627 390 966 747 498 69 351 768 817 866 513 301 15 474 381 951 393 168 884 731 697 850 557 759 252 910 587 0 626 819 710 170 352 500 632 87 27 682 799 77 266 106 822 601 714 514 178 583 697 
193 515 358 621 971 802 930 548 658 387 899 829 967 740 637 35 902 664 199 53 418 538 410 113 821 217 881 351 753 275 614 370 747 377 103 955 811 691 236 535 27 727 403 678 4 692 706 388 657 749 404 377 831 135 993 885 892 420 356 692 716 288 469 516 41 871 488 125 314 451 123 980 284 275 133 138 167 238 86 280 541 125 208 309 865 775 685 509 47 13 154 410 18 32 697 332 73 269 908 770 378 98 959 24 38 59 518 721 843 926 914 388 542 56 778 367 953 293 949 46 226 565 356 611 301 838 251 990 92 757 931 251 273 158 629 382 530 177 928 584 624 802 897 357 686 189 946 366 89 355 732 960 744 55 667 229 90 722 951 475 831 824 928 130 420 777 253 680 451 381 795 796 96 777 128 453 0 64 964 912 769 722 558 631 394 392 14 823 160 204 935 413 788 612 274 177 449 964 46 325 308 601 52 914 111 375 84 559 595 819 77 127 384 279 65 727 929 948 811 893 161 780 622 886 319 382 738 864 716 510 702 71 692 278 735 315 266 653 551 846 39 590 603 662 564 665 886 105 374 499 177 57 48 679 380 409 491 57 840 43 538 470 185 968 9 41 78 646 221 473 981 108 434 644 823 283 492 665 662 117 937 412 944 660 595 408 32 892 186 843 447 99 939 681 156 444 933 111 622 277 876 903 506 923 29 844 49 568 232 995 251 768 689 859 749 373 308 277 241 594 137 243 858 671 402 587 514 231 30 58 768 882 200 972 883 141 310 482 289 104 232 1 80 616 547 374 795 310 661 875 183 501 277 799 782 848 233 693 96 482 838 805 196 321 930 330 455 488 907 201 260 584 115 742 405 103 362 73 154 13 810 283 760 216 172 908 43 575 389 165 859 965 832 603 233 983 802 975 296 992 106 479 202 809 234 544 370 719 972 541 768 78 884 57 202 577 974 861 36 565 547 858 497 224 645 394 422 87 327 304 853 307 231 296 330 24 341 358 692 588 885 816 240 312 38 160 907 523 612 983 406 4 506 56 570 445 313 399 610 210 762 419 612 232 829 43 688 496 356 934 4 223 335 984 227 324 706 584 533 706 481 8 681 315 565 713 740 32 258 595 460 897 354 985 599 1000 497 215 413 136 
515 883 863 987 552 666 449 661 729 246 696 967 896 555 81 274 454 255 383 955 229 417 778 122 881 521 875 205 680 275 948 138 692 704 740 642 179 271 578 628 60 100 298 588 191 182 735 872 335 537 97 774 697 184 327 478 522 835 310 211 6 671 804 24 688 26 736 815 102 38 803 843 8 24 454 700 234 614 542 21 158 83 121 782 800 647 52 81 346 881 57 423 148 542 427 151 36 223 721 29 963 752 878 367 752 19 738 583 468 188 84 421 711 104 352 350 367 68 489 71 218 193 854 808 120 36 398 807 744 663 6 616 366 750 762 679 16 564 230 92 66 327 739 51 245 203 946 191 893 530 588 540 788 709 943 850 209 819 932 849 572 118 532 443 535 560 447 121 290 346 154 822 897 904 24 692 506 450 484 713 486 200 889 911 530 409 761 867 53 126 544 913 180 563 171 634 911 633 213 857 237 65 320 960 718 222 144 929 644 279 905 944 458 121 622 167 423 757 459 920 691 998 131 24 453 6 370 74 170 472 804 693 807 764 919 656 397 334 455 499 725 599 552 905 62 483 784 745 991 359 810 106 62 873 811 96 827 671 256 881 487 194 275 14 777 412 532 579 667 431 190 869 49 177 135 215 469 67 682 953 649 910 64 884 907 746 986 674 700 41 97 845 359 540 511 219 435 368 17 24 81 157 717 823 792 551 110 559 582 520 595 963 286 285 947 238 511 538 449 184 507 475 570 178 790 422 822 762 934 811 790 127 974 318 597 282 955 928 964 192 204 652 85 570 421 847 356 21 735 215 243 903 486 126 327 816 983 183 483 152 875 346 791 323 172 722 839 131 425 367 373 241 129 261 742 836 838 479 863 881 564 135 950 145 374 555 271 479 878 550 727 108 11 410 496 919 920 586 10 472 749 495 319 753 729 613 361 169 30 814 358 395 423 448 156 940 288 215 213 215 609 59 268 811 977 781 234 930 827 59 958 654 466 656 66 405 40 817 153 675 194 26 369 581 37 797 332 478 616 10 461 791 876 937 419 552 986 980 64 945 718 250 639 169 398 717 547 117 796 685 652 812 446 790 594 68 818 292 0 564 176 941 691 501 31 407 545 841 930 170 983 432 748 116 728 307 869 303 333 809 
828 446 153 808 219 787 427 731 793 291 17 80 198 271 665 267 532 40 89 597 862 542 517 826 136 760 89 632 7 671 944 358 322 748 387 134 719 455 687 62 814 186 842 211 988 611 845 333 214 477 329 389 377 554 313 261 149 992 297 292 980 887 74 653 773 461 733 195 152 200 408 641 371 210 879 95 512 403 310 202 863 416 809 911 791 525 86 89 795 94 242 886 532 437 156 947 906 514 783 480 932 479 918 204 372 540 770 280 721 420 402 1 733 623 281 774 190 964 687 283 217 969 617 7 736 891 574 524 59 842 612 399 461 290 249 610 5 460 155 651 586 930 354 871 122 394 696 522 378 930 785 627 615 667 726 656 560 445 806 231 908 73 143 29 550 984 781 263 972 486 251 77 572 903 104 184 441 322 746 787 254 254 801 45 880 874 345 996 370 207 817 798 817 44 80 954 252 264 216 936 982 431 986 740 406 562 753 209 325 587 467 604 157 672 989 712 31 747 703 312 924 61 661 196 792 694 557 780 327 944 44 402 171 144 729 980 238 129 130 255 401 871 610 601 910 675 779 143 954 617 191 412 987 183 202 534 933 301 225 976 632 949 624 273 581 205 118 551 806 458 385 359 68 247 647 784 315 357 935 176 632 121 916 131 74 227 99 864 755 237 260 641 820 756 892 80 145 313 223 243 82 182 128 527 412 868 137 725 122 86 94 688 758 587 104 610 979 532 828 449 645 404 311 916 727 529 863 542 393 906 177 49 417 283 280 71 755 604 458 307 488 393 366 420 345 931 416 586 108 834 894 125 948 288 189 697 788 802 373 546 571 463 177 768 65 893 370 382 640 52 41 704 986 963 134 409 210 972 741 5 488 289 19 298 890 235 548 177 560 315 959 850 808 425 449 804 231 171 783 658 870 844 658 636 120 702 634 688 968 57 759 152 754 413 72 350 348 327 436 535 38 621 577 378 694 161 802 128 512 907 889 249 384 936 989 706 425 185 23 742 313 564 630 850 851 630 796 651 840 375 421 362 187 884 66 748 518 872 760 264 793 380 628 354 287 150 378 617 399 673 529 644 271 878 355 823 12 954 50 260 915 214 240 462 11 11 964 1 362 208 495 617 714 36 335 364 815 117 867 875 
564 116 97 448 270 661 849 694 209 324 58 980 965 756 102 667 74 423 115 292 185 728 353 539 877 832 487 370 206 188 631 496 249 358 734 815 587 905 185 316 798 152 933 23 514 949 18 85 80 472 279 7 987 963 576 623 304 624 286 236 981 741 258 944 849 75 181 46 291 855 279 940 529 622 959 525 534 604 953 87 144 209 131 41 724 473 245 570 477 690 742 385 978 849 893 603 624 299 869 116 533 668 855 513 589 893 436 342 901 462 541 836 434 769 358 943 27 81 715 594 112 181 825 865 407 450 878 638 849 58 620 58 369 648 187 656 599 942 373 705 830 363 148 412 106 586 556 615 915 902 649 841 714 138 107 370 468 582 933 284 57 253 99 639 751 263 880 159 435 345 593 459 317 25 654 127 41 575 12 588 190 833 358 578 189 753 928 335 50 214 144 12 486 727 370 555 10 173 599 975 665 403 238 898 834 952 583 33 56 215 367 597 342 557 970 273 300 952 911 553 563 593 650 113 180 671 430 705 25 355 448 105 371 981 670 344 434 613 878 33 635 454 566 339 260 579 629 538 426 25 445 993 255 978 308 174 638 420 839 375 117 401 748 296 971 416 958 886 42 245 173 779 489 976 413 848 944 651 659 766 377 973 54 982 898 425 809 150 259 635 330 476 683 203 564 834 357 316 603 113 69 122 240 902 734 623 252 400 689 98 290 28 659 944 428 589 881 22 532 929 431 373 913 838 197 448 7 949 977 940 192 960 360 114 746 663 145 613 229 817 90 117 221 189 692 227 864 863 685 824 984 270 589 760 440 392 606 369 521 716 4 809 52 466 303 857 90 501 300 880 926 574 651 469 534 142 97 775 107 417 578 985 801 242 380 533 544 623 902 338 615 712 817 993 223 557 496 739 59 536 968 733 350 94 898 983 680 510 677 271 351 420 428 912 960 678 593 552 863 18 590 65 603 172 143 225 787 819 782 902 674 782 161 435 258 852 30 537 520 480 208 569 158 484 123 739 643 487 805 826 939 469 226 712 836 152 413 6 502 426 836 987 276 193 912 705 852 360 719 441 344 210 126 699 358 660 180 524 118 902 690 129 824 55 600 793 340 361 803 863 343 885 25 619 981 759 888 579 135 421 
304 2 696 661 423 184 83 511 91 465 513 908 952 153 76 225 522 858 373 987 45 454 625 412 748 62 785 913 865 463 603 403 37 212 838 378 816 117 47 933 231 240 593 254 924 335 87 884 173 243 413 220 477 526 640 121 984 331 273 915 947 492 619 794 344 569 681 123 496 263 101 254 165 113 481 920 848 288 609 849 970 330 867 867 77 443 436 931 239 994 376 328 492 943 770 405 411 588 247 796 898 596 715 651 673 17 329 839 478 688 916 113 747 63 322 239 511 252 629 362 785 70 436 922 71 62 71 253 990 294 506 582 29 885 771 360 800 747 219 674 957 720 694 910 276 218 608 141 97 478 935 602 297 556 278 790 209 719 770 566 299 997 889 372 49 624 15 249 803 602 803 762 216 593 21 428 343 614 536 549 598 88 163 203 276 254 637 642 149 829 223 204 495 384 236 872 438 736 181 37 323 148 110 39 186 768 727 546 678 399 769 327 656 753 858 746 956 27 747 581 534 6 242 152 190 400 757 856 264 789 951 647 15 561 511 890 368 810 409 122 167 190 223 29 766 987 395 847 818 928 59 695 343 303 9 749 410 180 776 666 596 587 19 663 90 130 312 477 440 51 509 224 103 294 870 380 720 122 66 59 703 536 301 768 830 451 528 423 129 489 64 120 450 557 244 636 942 855 726 6 82 445 66 467 732 775 552 966 943 610 505 578 774 524 325 269 35 475 157 246 962 4 469 907 821 191 690 379 900 113 465 6 966 707 725 883 813 492 499 176 273 602 654 743 707 610 256 431 396 330 13 993 628 942 572 160 243 267 275 823 16 522 937 3 183 17 901 669 110 769 457 138 104 638 243 700 757 433 730 475 686 472 417 849 157 22 670 722 283 835 191 864 391 640 4 86 600 980 210 759 583 944 808 70 246 56 312 304 125 615 680 369 726 27 852 463 146 305 320 25 963 20 564 529 790 782 169 554 504 718 25 561 770 772 186 207 181 75 29 763 294 904 243 919 161 578 774 992 443 964 359 658 181 954 629 606 282 624 807 143 387 949 977 864 587 801 787 97 42 223 62 9 789 895 480 646 225 572 161 812 482 688 734 928 520 189 243 606 764 516 781 728 123 208 676 643 110 618 558 631 
333 259 939 270 694 131 148 707 686 576 654 613 168 355 586 112 162 160 716 966 176 829 940 832 133 146 77 679 106 638 526 456 553 698 159 62 56 35 962 626 625 693 203 358 293 115 448 835 844 872 243 167 446 865 591 773 917 894 819 737 597 374 741 952 620 396 39 702 143 795 557 304 596 546 112 962 385 744 761 82 527 224 326 63 39 407 643 890 207 833 691 826 56 121 155 716 393 896 923 547 467 933 929 817 476 524 153 563 556 279 643 230 382 7 150 829 383 613 917 351 586 402 357 981 423 281 208 574 999 170 803 985 395 340 665 920 615 534 776 455 590 185 888 480 84 381 79 545 379 775 75 824 560 12 893 738 25 717 371 764 298 38 723 341 20 181 647 772 16 716 469 22 668 749 862 953 762 565 93 284 530 235 725 160 53 93 49 732 821 212 768 561 137 557 865 527 420 606 761 107 465 583 647 792 912 291 228 609 646 549 40 551 83 333 198 310 28 841 88 980 218 603 68 858 258 97 831 146 816 552 397 439 281 34 779 125 680 819 900 429 771 743 483 128 451 630 85 117 809 295 928 656 825 464 607 32 249 814 201 821 427 91 9 98 180 807 928 230 586 816 736 876 737 525 26 120 222 191 515 568 374 600 119 854 451 851 896 742 618 407 954 171 745 573 247 995 217 494 763 988 437 429 207 947 960 957 125 430 280 213 123 783 132 894 819 281 942 394 524 864 519 944 755 336 452 123 99 839 263 776 179 218 72 953 226 643 996 967 363 139 635 801 912 591 214 632 809 592 16 70 632 405 739 156 570 203 421 672 717 752 652 880 910 593 808 933 898 770 175 610 532 759 460 530 279 859 678 185 641 90 345 650 574 903 186 229 524 714 929 615 735 697 104 185 432 386 675 249 804 802 694 21 446 135 116 772 478 525 860 206 231 219 927 78 113 77 54 121 434 545 567 864 640 637 424 342 638 259 558 66 482 989 417 901 750 581 244 446 928 412 670 915 506 431 250 617 548 874 423 139 364 207 721 230 816 376 819 723 848 783 705 256 638 59 780 303 384 175 978 644 528 1 73 594 112 695 256 895 87 988 712 78 51 286 22 790 274 542 16 388 363 506 491 342 528 342 276 3 811 961 
39 509 256 361 196 970 932 52 784 302 997 584 284 828 678 373 679 551 890 685 724 911 240 892 604 823 796 460 649 34 838 991 842 490 215 546 348 289 783 756 800 833 981 837 86 732 62 180 406 638 590 970 881 170 720 987 61 75 98 619 801 673 19 844 829 94 157 76 676 302 89 348 33 770 312 914 277 595 876 178 581 115 166 128 684 643 830 179 388 225 206 174 6 868 627 268 34 899 64 332 548 451 713 183 611 589 250 381 312 349 807 921 891 689 159 825 74 964 520 591 780 350 548 616 892 581 593 380 190 576 409 515 722 583 506 505 676 804 727 341 206 242 547 541 892 316 237 299 538 946 391 964 691 568 836 982 394 567 118 908 106 800 801 716 158 507 442 986 127 186 871 955 287 100 366 190 694 746 872 934 934 753 570 280 82 827 283 318 756 624 543 209 439 34 241 566 51 150 66 958 256 227 871 879 544 380 639 420 332 617 102 425 409 854 950 576 627 126 881 980 952 501 919 424 982 641 424 643 920 420 463 380 529 627 27 489 255 749 451 721 340 588 724 553 236 473 401 858 410 700 139 941 856 643 968 271 556 205 32 709 304 344 197 712 224 666 591 892 880 768 962 456 666 781 468 649 202 66 698 682 811 150 642 604 268 843 33 394 648 310 869 826 943 328 702 68 930 806 859 73 942 622 167 85 661 294 866 404 526 926 533 448 220 147 476 929 475 811 245 121 607 436 171 414 405 211 355 818 726 767 968 235 983 104 722 841 456 721 150 632 672 907 219 584 903 146 606 389 627 19 561 148 846 81 873 383 95 592 799 524 32 389 39 522 500 145 816 299 806 766 412 317 964 264 460 737 433 865 556 600 579 566 922 598 105 395 850 974 247 993 737 314 973 611 657 321 367 945 25 433 500 642 706 150 324 996 490 378 460 652 958 124 728 90 816 340 863 509 734 526 508 964 422 835 432 126 367 551 656 886 366 945 449 405 828 245 646 694 614 802 519 795 598 137 589 200 882 786 713 950 529 943 203 773 785 948 673 540 751 783 418 200 326 933 974 152 60 920 488 201 665 26 533 210 258 455 464 308 689 216 845 291 503 589 901 880 861 906 306 98 832 64 258 31 55 617 685 818 308 136 
954 300 712 853 673 311 65 576 262 57 995 583 496 760 953 508 730 852 730 744 217 227 475 519 369 282 284 92 907 765 734 128 389 107 615 523 721 950 92 28 828 695 771 463 874 526 930 63 440 302 773 403 394 365 302 688 420 908 708 941 466 627 446 438 902 803 236 598 2 338 281 842 172 315 850 161 367 699 366 632 942 598 521 227 698 949 828 762 619 799 640 705 498 777 353 964 174 600 818 838 651 658 914 254 833 433 165 578 49 670 396 576 648 28 615 521 223 916 472 98 387 126 350 145 919 752 967 818 411 72 688 731 61 794 558 848 801 845 618 947 311 383 169 68 702 596 573 872 128 312 423 271 320 404 989 80 134 259 540 326 578 164 931 471 678 389 324 37 932 192 727 833 570 918 881 892 265 110 397 337 498 864 104 487 726 901 56 665 157 618 443 432 43 288 429 553 490 692 702 205 1 154 669 406 112 586 130 311 21 542 949 861 881 575 663 194 129 343 904 990 504 82 388 449 789 695 136 500 851 837 723 598 320 86 850 8 299 996 794 107 535 646 647 809 677 716 542 629 208 525 499 384 820 188 588 165 162 455 689 175 384 227 8 236 328 668 979 711 813 404 95 405 888 189 870 74 572 549 120 60 574 694 515 866 66 125 632 835 876 2 849 604 555 676 928 851 326 408 23 445 900 70 728 923 714 458 884 251 960 645 93 40 187 365 577 779 997 811 572 520 937 894 385 873 67 598 337 496 815 609 185 204 15 906 294 963 156 335 337 93 529 9 546 837 696 321 957 704 370 570 786 119 485 866 671 110 82 740 254 244 51 288 622 565 930 689 215 385 635 646 669 789 909 904 966 199 520 228 382 862 900 825 299 525 304 868 471 203 85 366 413 988 891 678 5 509 464 627 758 13 752 545 333 198 778 317 867 798 710 73 438 914 946 114 459 163 740 441 198 278 659 381 205 199 180 372 387 934 106 827 320 374 447 607 960 511 378 407 435 935 558 987 982 730 572 437 616 296 41 468 784 154 495 517 722 379 309 378 382 685 531 414 880 592 135 104 473 498 604 730 527 987 667 344 284 224 465 896 623 907 624 723 412 932 712 416 289 717 294 707 267 579 156 721 868 153 543 484 895 300 
245 858 318 208 622 182 728 792 499 679 289 878 495 565 78 133 708 918 283 968 320 630 539 871 172 363 303 313 865 806 104 287 613 559 366 244 76 176 980 617 808 86 57 313 116 351 986 762 984 161 628 735 861 482 442 971 836 533 601 583 844 218 483 670 17 225 791 457 676 660 626 444 69 115 898 609 656 75 826 252 16 256 644 56 70 159 526 82 707 951 410 506 780 509 207 987 393 178 592 317 40 909 764 350 579 681 489 549 208 515 190 598 620 193 808 213 241 14 135 450 625 379 292 114 807 464 362 545 831 184 159 315 960 566 889 319 167 358 818 356 616 65 189 245 273 966 188 181 669 80 503 155 721 316 725 746 850 681 374 675 836 29 581 546 985 178 165 941 370 188 812 827 284 936 830 273 320 870 487 481 677 707 93 328 47 771 302 636 17 263 388 148 498 724 417 415 101 907 155 215 782 300 15 423 280 891 164 614 412 392 763 20 71 50 958 53 948 914 242 933 937 141 805 467 309 678 453 344 247 616 892 558 735 607 477 5 319 276 427 110 189 396 88 206 465 216 849 500 883 138 931 801 310 390 466 159 687 201 599 190 193 165 830 921 39 496 22 285 844 233 988 763 225 937 754 595 926 926 491 1000 647 86 164 922 523 110 357 474 639 220 766 565 971 353 793 379 555 35 669 448 827 306 845 309 52 790 177 580 36 523 333 111 122 619 945 97 421 119 653 120 344 585 919 422 77 69 429 826 182 502 107 651 170 547 982 101 80 607 39 293 604 1000 321 155 626 265 671 149 309 496 946 793 728 116 435 29 113 798 888 480 741 751 886 586 358 505 580 98 66 783 686 938 222 398 525 177 355 637 788 639 601 537 385 720 93 674 315 224 283 475 724 437 334 878 945 760 572 881 940 300 601 869 291 863 317 933 202 553 46 720 82 884 634 506 106 253 546 101 519 821 299 639 663 424 409 934 202 758 23 750 279 650 462 24 500 10 215 71 921 491 397 759 621 307 716 488 918 373 995 457 119 594 867 587 711 572 235 972 780 157 777 658 177 2 178 324 320 332 898 415 594 482 259 743 829 373 971 289 57 606 853 169 215 504 483 775 820 680 855 888 802 102 665 41 256 541 838 337 580 581 
833 726 526 718 742 390 63 865 851 539 486 553 901 134 865 663 748 881 203 665 807 797 664 271 212 130 914 734 416 111 780 509 74 232 924 497 986 152 219 5 171 955 964 841 584 567 30 775 484 925 50 936 215 226 803 782 373 643 801 279 655 304 239 799 804 779 223 713 416 188 611 401 636 564 955 660 895 153 538 715 560 659 401 383 688 767 538 1 945 663 949 27 226 737 472 917 165 25 3 620 74 711 475 263 603 776 455 497 314 960 870 431 214 413 645 438 636 207 892 939 464 943 496 395 519 358 599 946 55 385 344 278 922 447 645 64 346 462 303 828 820 293 902 851 144 89 925 444 1 350 869 180 910 572 466 823 561 907 472 218 28 991 213 179 41 280 833 488 842 567 396 991 992 439 179 867 804 497 843 971 861 675 998 601 698 538 326 441 670 904 504 102 239 948 252 423 175 273 224 976 37 511 673 417 88 434 175 542 141 449 486 637 766 522 229 638 530 193 453 73 693 182 843 123 794 927 906 284 253 200 373 575 95 117 274 626 701 57 550 147 945 845 24 31 914 383 280 222 355 457 593 648 772 308 548 992 469 396 860 797 97 255 510 367 686 365 524 212 116 115 116 292 731 209 238 677 430 795 383 573 755 928 232 307 212 520 365 857 0 98 583 738 736 129 436 890 324 186 687 91 525 959 231 322 508 816 858 331 647 453 557 862 537 560 868 934 307 545 647 835 990 4 207 227 222 625 729 824 966 772 585 695 211 235 666 929 58 329 133 284 500 900 463 337 112 87 232 81 34 662 253 356 479 665 357 957 587 1000 372 253 804 880 454 821 245 877 711 12 647 377 970 613 974 849 344 417 614 622 485 971 255 547 399 955 685 1 773 832 472 182 17 874 73 845 254 296 782 426 616 53 609 880 519 699 812 479 630 175 407 466 637 949 911 611 942 140 299 215 418 201 33 681 39 812 233 231 234 706 838 331 842 432 755 87 228 57 358 866 163 94 513 559 422 676 36 223 400 720 498 687 539 595 924 324 134 890 92 716 538 718 681 45 149 932 65 958 338 553 944 124 695 927 414 946 843 15 0 808 390 451 1 630 557 625 770 697 252 875 173 630 5 701 517 342 492 990 654 598 564 221 
253 38 574 467 385 192 878 800 729 776 844 501 808 927 714 507 0 813 958 454 648 174 131 461 905 864 153 322 720 698 54 310 396 478 69 529 934 755 979 883 276 335 283 465 412 942 299 784 554 659 244 769 579 186 902 790 25 407 142 129 748 567 757 126 80 659 869 295 198 165 702 31 143 769 630 701 346 285 700 891 172 450 586 381 539 559 661 93 123 405 192 407 788 755 103 792 391 602 581 672 92 713 158 778 411 860 290 934 896 808 663 562 906 47 235 923 390 44 375 718 649 261 253 250 752 203 151 530 274 49 660 125 852 796 531 464 29 754 843 773 884 863 105 527 944 250 820 8 211 426 657 180 520 856 846 931 959 159 739 799 793 764 896 711 887 365 338 962 821 996 709 104 859 810 261 221 535 278 70 809 118 635 874 786 604 401 925 656 342 81 68 329 185 517 158 396 501 782 830 708 320 507 938 568 138 357 534 838 721 652 887 126 219 581 138 755 154 157 629 377 664 791 568 480 80 308 666 127 122 2 440 784 100 604 798 391 574 814 451 770 988 148 727 653 335 269 832 124 275 215 259 490 682 129 849 856 738 40 164 86 315 572 466 818 920 711 992 483 423 434 432 429 445 967 304 241 872 617 567 39 659 245 670 400 626 505 417 665 692 309 636 742 276 146 760 533 116 865 62 215 125 988 725 195 759 24 384 842 770 952 102 422 718 227 980 964 880 861 408 845 258 74 554 330 513 941 355 714 259 365 442 599 275 433 37 489 102 662 133 623 199 259 123 101 857 326 793 731 177 950 489 440 808 88 795 563 370 152 109 691 275 965 147 450 362 782 490 957 414 344 876 859 50 534 953 938 944 159 369 101 825 186 816 836 74 699 526 171 897 110 307 586 637 683 682 254 61 996 611 687 221 949 913 25 748 171 528 610 437 658 51 145 411 708 160 251 46 696 517 941 500 967 808 208 267 753 614 576 927 578 157 957 407 750 208 459 309 130 251 107 594 256 708 751 954 930 718 436 703 483 556 8 811 363 611 141 468 463 224 57 658 614 95 396 19 275 724 902 231 128 716 978 914 86 715 696 887 846 123 462 279 846 362 346 957 864 101 581 975 442 201 305 37 162 519 238 413 393 344 387 
62 717 653 375 858 11 25 650 758 731 439 861 68 825 105 810 591 829 769 524 295 873 330 674 585 820 141 140 621 486 493 311 467 503 684 285 844 288 317 689 374 920 433 813 358 127 40 161 457 68 377 763 449 701 342 185 679 970 12 860 133 557 151 813 220 590 577 285 861 662 35 61 273 515 358 248 609 496 55 412 704 610 746 528 833 483 889 691 59 900 362 275 348 881 651 162 227 247 298 134 889 511 969 29 784 933 697 563 189 156 732 971 514 433 436 419 690 954 292 227 343 228 664 752 22 325 272 303 38 330 121 850 219 96 751 469 781 407 845 345 170 238 443 938 747 929 603 789 976 984 379 829 621 735 627 514 301 900 113 890 818 372 532 345 294 618 683 891 76 435 27 295 667 132 219 911 224 517 567 378 96 36 217 181 905 845 676 462 672 417 635 801 267 13 769 666 181 79 701 529 275 313 800 782 472 177 627 87 270 680 259 48 625 437 404 862 99 19 133 12 644 263 561 736 357 175 48 803 535 868 786 644 758 184 140 217 373 589 213 608 529 935 534 195 326 515 16 559 290 425 440 753 296 59 74 804 221 766 884 320 329 534 192 944 582 822 310 402 744 666 125 363 60 344 982 857 897 820 462 746 583 146 810 430 74 743 204 275 643 773 190 0 311 320 237 330 183 283 152 815 130 60 289 525 727 18 897 634 834 506 784 189 186 77 487 506 975 613 315 932 579 457 910 109 573 257 998 829 531 504 973 865 538 392 386 414 801 699 747 775 964 88 327 753 305 911 355 254 954 361 647 303 39 558 673 295 931 748 739 957 257 907 553 869 144 872 675 479 460 253 851 565 826 727 331 371 52 913 818 733 933 471 72 390 198 839 689 161 175 118 159 272 621 534 907 655 37 784 471 550 898 802 169 757 454 975 678 540 508 813 199 202 836 795 614 514 973 745 707 537 809 222 955 71 813 717 748 337 3 466 171 5 988 866 607 211 941 634 483 464 351 342 420 0 282 332 724 429 561 482 178 735 215 76 252 447 68 73 38 550 883 483 986 735 714 301 617 574 376 802 63 514 155 390 614 508 971 466 4 869 446 158 222 933 274 124 399 730 345 672 598 498 594 606 154 6 397 500 16 864 
421 205 909 613 816 482 54 2 717 998 414 60 597 124 118 343 386 926 100 231 861 589 369 476 620 554 167 801 893 286 102 689 624 453 344 771 989 476 919 664 750 618 200 787 762 709 213 397 924 372 94 91 931 285 179 750 549 892 539 766 205 880 858 334 694 390 73 117 716 80 205 101 844 708 921 502 679 627 507 309 336 732 754 132 980 967 564 442 914 353 609 829 78 140 290 23 368 154 331 128 198 861 613 848 481 860 746 597 826 461 481 135 795 959 633 198 772 363 688 796 244 862 655 895 59 928 427 748 495 554 735 318 763 515 674 901 917 500 295 709 959 171 870 795 673 896 588 391 11 48 515 329 543 221 213 772 447 212 768 222 482 804 412 150 8 666 131 887 876 161 333 701 432 325 260 424 87 84 38 955 647 585 163 877 554 630 286 269 52 904 717 232 516 262 990 546 746 84 792 453 403 918 259 14 425 240 496 538 366 719 417 937 753 952 519 382 970 143 387 684 741 391 334 572 491 172 645 922 808 564 643 707 856 771 720 367 697 628 760 386 85 874 589 751 130 959 253 676 366 354 733 434 75 508 648 96 648 199 428 352 695 611 771 629 64 341 445 336 328 46 466 876 863 909 72 234 72 430 835 397 704 744 71 458 398 612 267 789 323 545 949 924 870 304 337 629 67 825 924 916 812 320 827 119 347 305 303 170 150 876 34 362 951 806 908 418 574 556 352 220 60 881 359 772 396 797 571 59 605 271 204 127 492 619 11 987 589 497 299 414 250 165 797 697 27 56 765 154 740 98 617 44 896 147 35 81 133 256 723 49 228 500 796 790 787 200 911 552 312 469 976 735 135 652 346 58 390 870 229 932 178 976 919 585 397 491 390 473 138 48 471 828 516 34 487 321 890 20 45 881 37 48 769 997 983 408 787 796 139 112 114 13 568 192 540 998 158 133 412 315 729 563 953 664 682 198 262 108 41 619 654 308 951 261 971 85 894 911 855 791 24 601 701 585 43 938 331 868 850 371 140 166 329 134 444 271 542 815 432 806 685 840 99 417 680 529 227 286 486 772 474 671 177 753 858 459 902 314 739 731 764 6 314 424 196 257 139 399 549 415 944 471 679 582 483 188 506 721 964 816 
265 950 855 80 963 956 664 156 517 535 447 857 267 203 60 591 359 185 486 688 708 655 607 471 915 822 897 662 658 321 721 288 523 258 826 353 37 633 67 164 301 14 593 149 795 61 440 813 807 296 12 233 42 568 650 456 135 602 992 784 269 310 81 34 529 681 523 456 280 74 591 493 756 644 830 56 406 462 23 25 561 60 328 640 812 259 821 964 107 960 666 97 279 510 964 481 170 246 949 479 936 325 470 711 355 769 63 238 646 80 774 411 886 818 210 922 91 318 438 496 975 524 497 285 245 100 59 642 376 668 317 348 692 376 920 638 347 305 417 512 963 692 94 954 543 959 0 297 130 101 108 911 681 447 653 865 676 256 459 8 95 361 887 148 213 793 402 358 621 741 421 67 146 803 380 866 556 47 952 325 667 140 155 533 673 881 56 652 459 702 148 720 174 343 636 91 411 716 728 743 71 451 622 879 222 277 606 150 783 535 461 832 354 333 966 813 171 350 299 929 487 496 439 720 115 651 850 626 51 791 953 343 942 871 388 898 663 208 256 338 262 366 224 294 589 827 430 320 53 159 532 247 256 810 142 25 151 925 549 87 5 97 64 594 333 69 189 9 809 236 192 882 193 363 874 75 205 394 642 996 794 64 243 622 602 965 387 159 868 59 580 10 928 210 599 795 642 136 78 806 144 792 925 989 233 251 312 519 528 826 180 546 882 367 739 138 860 338 201 265 774 153 823 395 779 935 518 417 934 778 816 235 233 801 522 213 330 123 278 409 578 344 45 175 713 573 832 43 946 451 722 497 322 814 20 88 313 790 368 419 333 241 674 236 176 98 933 798 426 399 25 204 802 90 703 63 159 732 117 617 779 491 918 282 913 823 904 656 197 794 112 555 316 503 922 253 651 523 515 647 212 775 702 637 342 770 105 606 564 239 777 483 273 156 303 823 610 56 501 501 707 131 893 854 604 993 419 947 334 821 404 864 314 815 153 392 629 73 192 678 460 55 676 683 698 260 252 965 388 618 858 407 157 695 194 653 184 790 210 702 224 777 39 932 42 836 685 144 362 497 964 947 378 821 769 126 725 20 941 494 619 232 416 416 116 492 251 966 95 669 811 220 759 393 980 339 972 874 284 46 
227 516 430 397 378 146 792 281 63 121 905 649 521 563 644 211 409 800 0 993 549 328 422 9 447 776 330 779 456 982 393 473 530 791 282 639 391 858 740 292 940 606 234 245 591 190 757 391 73 450 147 444 129 367 205 678 478 264 827 562 341 921 395 894 912 804 697 714 628 19 664 287 799 424 33 909 396 148 665 339 626 566 929 937 259 800 294 123 107 792 402 933 726 1 917 789 859 60 841 301 242 992 172 897 629 578 468 377 123 35 561 834 723 908 676 909 740 483 155 450 990 40 777 25 834 141 114 710 162 993 226 729 515 269 754 365 190 446 471 712 392 342 461 852 16 279 488 225 967 816 310 966 304 66 466 342 391 355 758 217 701 35 992 692 531 734 67 490 587 953 852 439 211 980 659 674 361 384 605 318 314 583 131 856 366 270 12 949 839 547 232 638 53 608 197 560 908 752 716 459 834 654 607 366 601 156 285 830 628 106 445 878 398 346 634 629 428 280 63 934 310 459 140 945 554 48 816 155 850 325 536 171 534 563 785 871 147 418 162 998 437 31 274 110 267 84 164 262 220 99 495 334 80 336 255 898 282 428 322 719 825 611 851 742 604 932 851 81 298 909 621 52 198 148 853 900 516 129 806 961 41 546 278 514 325 334 855 398 615 608 521 971 416 225 528 955 935 820 150 980 850 819 514 439 826 444 692 861 619 118 396 566 245 504 711 472 489 613 463 779 456 125 179 319 921 746 70 944 258 595 873 115 895 934 602 35 151 591 61 757 138 468 770 163 932 711 421 89 935 40 173 153 609 917 213 847 902 621 557 234 133 615 848 576 313 920 205 120 550 185 875 975 214 866 710 610 756 902 628 74 567 563 380 655 756 95 440 812 686 421 185 145 243 970 298 55 562 243 491 216 216 465 320 818 167 771 874 904 423 702 220 165 620 859 401 702 136 379 123 208 173 339 212 85 808 971 889 99 586 261 935 28 669 971 909 689 128 370 54 735 763 307 306 554 384 793 26 102 635 936 91 385 946 283 809 225 594 458 93 203 662 727 483 240 381 763 567 624 61 467 600 791 258 592 799 946 392 237 78 326 82 319 807 812 321 86 300 430 732 103 929 831 240 107 107 928 72 394 86 838 
829 509 555 850 163 250 523 236 548 10 66 115 608 526 224 545 358 305 283 324 118 605 122 42 569 8 876 955 575 248 235 374 991 8 953 788 95 279 461 980 650 545 45 464 598 440 410 938 864 154 937 186 991 98 545 678 48 440 552 721 562 250 566 999 867 344 875 142 374 768 488 139 910 193 527 648 995 232 550 587 879 779 543 423 361 348 413 796 650 31 678 80 878 733 394 77 759 205 730 446 968 33 518 641 931 663 395 592 716 960 626 273 734 84 486 133 978 386 657 60 123 108 609 61 971 882 599 634 137 871 502 368 143 624 306 343 659 449 748 894 111 259 676 599 747 292 273 592 893 758 358 689 739 430 601 5 840 766 237 64 61 763 190 259 431 149 148 143 336 829 284 576 965 332 224 919 295 452 20 348 39 473 730 452 71 920 604 56 646 127 138 540 717 275 718 371 489 287 331 698 75 496 834 521 1000 576 567 192 387 338 412 523 163 159 885 394 673 119 149 897 739 64 894 828 805 40 798 129 736 894 636 856 481 184 100 17 332 831 925 473 76 557 113 337 409 63 943 473 679 510 835 741 630 815 582 941 385 735 523 264 204 94 251 340 23 577 892 810 348 295 400 459 288 314 955 419 723 94 639 122 353 683 761 607 272 52 652 620 506 826 570 460 497 850 88 29 364 702 566 182 876 112 699 564 113 466 10 638 430 842 10 24 742 427 292 118 605 904 354 272 544 272 647 434 273 592 321 542 26 739 545 477 676 200 7 713 250 875 651 875 47 64 310 908 592 917 789 582 242 184 396 897 879 525 131 148 631 659 547 138 186 828 23 915 211 476 204 169 312 169 109 877 614 483 917 627 179 657 979 936 44 354 153 914 469 98 747 118 158 655 868 516 364 945 829 67 345 462 156 120 277 7 639 144 577 50 109 249 524 154 747 451 200 329 455 473 217 362 762 770 725 713 622 615 782 757 566 931 229 3 400 932 171 700 33 858 76 96 364 852 923 436 611 220 905 668 44 344 361 660 241 188 946 158 903 876 646 280 102 558 289 662 896 234 363 876 921 157 278 848 657 227 304 407 674 204 225 91 524 199 895 747 651 320 0 651 413 775 798 489 703 721 125 880 617 594 139 236 689 34 
372 749 496 118 894 820 964 746 889 880 178 231 261 990 1 442 604 279 306 271 905 901 649 810 833 964 342 833 604 924 210 694 979 436 970 429 78 332 934 269 97 248 401 513 239 594 608 410 299 180 426 634 527 501 879 702 556 99 73 637 866 698 901 303 332 814 512 103 950 168 301 441 980 261 68 890 706 673 239 311 157 654 561 56 283 975 809 414 159 955 772 502 806 898 809 569 287 333 84 868 74 76 504 628 577 888 213 99 846 422 421 869 760 182 646 739 357 62 456 822 134 253 808 185 862 975 959 713 386 190 475 132 745 355 945 710 66 585 26 477 570 307 451 973 913 824 373 301 451 194 876 165 883 623 231 678 972 347 852 0 756 651 928 64 817 165 798 191 376 437 693 963 767 742 134 784 773 497 873 538 743 874 82 334 403 214 936 959 656 903 843 217 585 875 743 361 62 725 266 109 651 715 944 515 162 459 176 127 680 198 835 860 563 276 892 93 944 587 610 793 903 942 456 871 391 162 595 315 393 503 31 610 642 191 265 164 726 928 541 783 217 385 730 586 875 898 452 528 755 134 150 380 748 549 289 19 642 390 849 293 295 113 755 424 224 848 152 464 668 369 24 622 19 349 407 29 578 817 276 615 946 72 883 524 459 45 387 436 451 326 164 473 295 458 211 971 789 51 488 751 691 655 89 98 630 787 627 303 935 181 686 532 47 261 262 806 238 960 362 446 903 922 888 760 564 672 474 641 718 774 503 654 812 213 63 243 10 188 683 426 460 832 681 976 773 81 540 312 288 408 786 270 996 112 110 998 803 294 245 675 359 832 774 625 525 891 338 106 648 444 737 612 422 729 397 908 217 413 68 617 463 96 699 633 180 539 985 431 966 205 165 830 292 415 97 170 960 206 72 420 205 795 594 10 205 740 486 411 922 631 454 984 197 100 837 387 356 115 225 162 643 693 499 335 993 641 916 433 138 0 202 893 845 78 229 78 107 397 67 484 980 704 940 611 718 431 985 707 551 389 983 925 480 274 252 43 441 730 218 566 386 529 413 932 123 507 123 874 746 344 152 238 567 582 461 633 671 213 117 367 362 182 418 675 297 302 266 888 463 96 883 933 349 748 439 872 506 497 990 757 
237 143 165 328 482 995 735 583 838 293 749 305 731 154 112 944 277 894 914 368 922 738 104 711 452 669 454 884 228 7 776 911 379 208 56 377 230 19 485 342 611 815 622 575 527 618 512 834 504 638 22 472 230 102 746 484 964 502 827 937 344 428 817 500 204 125 498 950 485 306 399 648 889 673 568 543 640 755 785 562 379 325 848 126 414 520 157 99 481 543 305 293 702 436 798 342 96 768 111 421 176 222 695 971 626 832 984 648 240 445 967 221 918 901 32 30 248 354 150 719 485 673 575 325 836 168 691 350 545 327 64 913 986 454 605 767 106 84 469 37 555 760 112 979 214 811 377 449 848 469 319 446 320 185 946 325 633 390 156 327 648 811 813 804 123 498 154 362 531 294 887 156 62 472 89 168 844 166 635 253 470 298 436 835 228 986 877 220 257 305 136 745 986 460 142 459 439 61 700 655 353 964 388 248 329 771 89 400 370 820 611 114 131 909 513 863 474 168 407 720 703 597 58 865 277 415 458 573 210 550 714 388 193 479 494 253 844 377 329 123 854 529 889 542 559 699 635 233 999 608 762 12 973 680 969 463 114 6 18 926 324 896 812 136 657 468 328 925 319 985 805 957 790 455 499 749 65 844 18 808 913 820 63 306 520 816 127 981 38 247 383 597 798 319 758 579 140 897 936 174 716 356 388 61 344 4 540 830 348 866 211 677 411 44 530 75 167 18 343 863 937 67 966 378 714 534 315 279 512 164 363 442 136 986 183 897 975 347 170 644 83 999 37 190 151 543 251 772 109 132 667 855 170 683 127 834 154 91 952 228 533 979 180 272 941 588 526 212 264 255 464 583 983 659 93 327 949 846 340 991 891 634 32 195 588 999 746 45 938 122 411 656 79 355 491 360 521 944 613 821 485 810 759 7 308 600 970 162 423 872 857 400 127 54 434 644 156 301 536 921 688 851 169 250 931 568 254 971 671 509 131 666 216 863 970 974 897 9 76 975 256 120 132 777 459 757 38 836 932 95 660 336 363 514 905 705 437 357 900 727 420 483 666 188 595 445 352 516 491 685 672 112 906 898 286 578 714 455 739 235 744 152 11 408 113 608 333 74 992 324 218 415 214 962 437 983 266 289 552 87 
241 904 858 89 967 923 137 977 953 865 78 368 875 623 562 788 812 880 946 629 713 120 411 345 11 635 494 643 349 684 598 610 446 300 829 932 468 903 798 891 555 690 733 759 574 634 759 209 569 974 186 202 741 54 897 321 1 772 75 159 78 25 353 209 38 219 976 45 754 984 730 874 694 644 254 142 811 140 439 161 471 424 920 314 816 333 283 481 957 888 131 9 356 63 299 866 276 749 43 842 939 932 974 14 410 571 638 281 383 455 772 676 514 456 36 840 575 608 994 134 739 117 365 726 271 707 851 455 567 592 558 920 240 540 541 582 692 893 359 788 103 348 376 438 613 155 600 646 833 778 260 311 207 796 892 207 766 707 914 972 760 329 201 644 828 539 708 65 130 661 558 908 913 499 415 822 92 410 91 121 381 724 71 52 11 438 454 124 404 478 866 474 744 207 945 86 250 555 819 67 108 70 933 689 665 304 538 949 216 878 372 107 803 254 549 961 866 296 788 924 690 800 971 30 633 821 156 148 243 447 936 595 429 536 413 316 492 540 691 998 692 1 407 124 714 982 820 511 937 641 172 490 520 722 513 336 218 536 189 734 850 353 100 782 85 841 469 935 920 927 831 210 868 662 721 801 286 345 473 689 419 652 807 244 492 421 94 921 947 586 104 329 400 979 617 439 346 762 152 687 981 609 116 472 296 110 252 431 793 391 453 279 424 227 828 517 467 498 141 388 541 612 515 757 803 615 389 470 6 44 486 604 212 756 462 876 41 20 416 272 275 66 771 607 778 935 194 55 210 198 881 381 237 39 391 246 356 874 72 885 504 713 60 258 336 121 95 344 261 838 762 73 174 276 113 909 273 582 771 31 982 229 530 460 109 496 878 978 247 555 865 310 917 725 235 5 742 132 159 877 558 678 345 620 787 179 178 630 840 257 956 226 907 876 308 357 995 797 914 241 999 646 92 255 590 656 124 606 627 982 144 148 808 509 89 951 563 669 899 534 410 868 671 870 958 735 941 457 615 262 129 617 883 230 305 536 132 496 220 519 145 562 124 349 846 103 120 547 443 14 151 733 567 384 210 358 927 817 550 740 562 570 439 943 574 467 758 680 864 749 221 314 661 190 521 744 639 187 604 346 
601 190 73 174 916 492 761 532 923 139 796 312 579 758 511 764 979 473 721 193 804 528 335 376 458 452 843 454 827 964 178 360 150 405 865 684 881 919 767 951 262 133 877 813 628 239 358 815 754 457 505 645 815 164 210 110 537 843 136 387 120 935 730 353 879 849 685 518 732 456 21 431 248 619 315 147 658 900 745 493 688 291 720 362 82 715 30 986 430 576 397 214 917 516 646 219 201 447 713 924 105 372 140 262 152 241 692 216 3 429 482 959 168 711 244 853 650 121 266 962 435 834 984 686 451 376 378 120 6 928 299 284 118 266 349 430 722 45 232 951 767 356 559 883 208 435 815 947 797 263 674 757 915 876 334 595 966 81 268 410 407 145 305 543 732 773 19 126 39 991 148 149 741 401 85 229 284 597 521 764 168 320 240 798 343 311 871 240 881 268 947 20 217 323 630 1 598 577 715 47 302 984 210 229 40 55 415 669 992 485 670 797 925 872 886 900 142 38 270 983 842 645 260 624 207 298 404 134 418 645 519 202 230 702 498 979 994 226 641 373 61 357 955 933 80 264 993 171 842 111 987 136 432 712 712 42 590 914 330 208 832 384 59 349 798 909 659 661 66 872 174 85 753 15 683 521 263 43 909 275 100 117 764 947 990 882 505 686 675 786 805 972 123 189 827 277 39 302 16 37 42 478 594 943 636 376 504 176 849 606 402 592 701 358 931 292 654 544 16 674 108 761 122 569 16 187 326 556 954 591 302 220 914 95 207 799 681 246 198 50 809 807 782 791 744 958 649 376 807 813 516 350 552 474 827 978 484 471 132 101 58 995 717 115 616 688 465 353 461 897 435 315 696 344 230 943 975 348 521 205 965 721 300 541 940 179 92 819 410 240 995 281 898 664 596 550 209 299 649 329 3 328 770 63 87 738 659 350 870 192 93 149 590 588 842 776 597 971 44 260 733 841 32 822 290 880 566 961 448 751 975 267 787 432 758 809 399 848 144 790 736 604 196 815 830 863 528 154 56 97 833 312 266 941 431 75 399 31 594 112 448 529 754 85 823 218 571 397 619 362 299 703 597 461 944 11 403 6 851 293 458 335 369 510 874 427 528 981 178 766 758 93 450 855 167 372 936 806 293 371 
755 411 220 807 505 647 829 979 736 304 104 402 929 3 481 810 896 720 810 147 71 116 469 685 394 980 347 409 570 123 173 527 242 452 702 763 59 830 463 401 61 803 644 962 277 699 655 127 576 424 69 991 535 864 917 320 179 744 894 19 773 981 752 204 912 311 586 460 6 537 586 269 938 499 495 331 541 207 295 1000 39 586 610 893 999 355 257 679 997 576 377 105 572 73 903 320 988 243 29 62 943 451 311 60 986 453 361 21 994 790 357 31 398 703 578 251 487 489 886 343 396 364 186 226 209 991 832 10 734 405 798 328 387 477 553 414 351 129 819 498 717 700 170 42 135 474 620 301 394 979 449 32 474 220 11 81 597 961 212 932 746 421 195 683 96 328 723 400 379 332 785 971 45 495 807 973 84 612 768 307 706 206 773 822 402 374 401 630 19 957 853 660 40 600 898 562 131 483 420 754 512 857 326 819 963 870 618 806 484 372 587 608 630 331 282 858 817 670 172 301 331 592 422 128 723 459 998 617 869 976 387 449 342 586 839 505 59 375 267 828 365 220 749 900 480 951 483 202 92 268 79 683 842 991 952 50 35 506 149 705 645 997 606 129 516 104 416 431 90 1000 578 724 283 759 477 779 911 120 558 722 852 789 683 122 433 177 868 240 424 838 894 586 480 50 467 993 161 279 99 590 519 379 416 981 18 358 655 370 49 619 811 991 530 698 759 720 354 711 101 966 920 238 610 674 434 182 483 370 444 648 181 579 175 124 240 313 612 384 144 251 864 575 919 222 791 816 688 11 975 897 405 635 960 471 98 341 562 716 813 184 518 823 333 217 655 284 824 417 902 722 46 958 490 309 184 88 137 876 279 440 486 630 539 524 504 256 326 296 607 935 724 593 839 763 586 708 745 430 838 363 793 307 538 660 226 98 160 537 779 892 602 692 588 252 335 235 86 50 953 385 706 806 831 43 856 871 408 131 398 574 928 133 521 204 836 211 165 220 944 876 581 856 207 416 820 297 0 523 186 410 701 229 275 50 674 695 157 98 130 972 24 347 156 386 128 68 140 401 997 424 721 728 327 777 454 677 437 295 892 755 205 210 578 92 162 39 384 988 110 208 724 469 943 789 207 653 388 560 709 257 
208 31 606 787 582 238 131 639 334 645 936 984 910 158 483 172 264 490 809 546 283 595 214 728 225 622 338 487 466 221 788 320 443 942 755 899 595 318 806 569 662 716 271 419 641 570 946 870 892 260 250 826 823 196 54 325 302 71 850 545 758 863 727 838 921 503 143 531 9 265 561 619 966 345 632 649 719 475 680 330 519 568 817 150 552 764 618 128 547 836 450 692 773 236 628 358 618 409 613 637 522 228 518 626 909 747 359 143 889 740 528 947 26 336 19 933 260 269 352 245 964 384 670 58 792 397 104 792 968 25 260 670 153 588 154 638 954 610 307 118 563 923 225 912 673 232 355 704 338 295 889 2 329 199 802 805 612 715 81 37 850 668 189 499 786 905 980 20 172 658 117 802 325 113 535 914 313 300 207 227 746 827 872 19 548 840 692 630 20 543 541 312 627 565 129 105 410 655 322 53 584 784 752 826 733 793 882 615 297 369 651 779 355 414 983 717 392 940 245 895 929 512 421 288 420 191 355 535 962 600 288 93 128 284 236 344 124 900 605 90 99 616 903 372 485 584 232 787 474 664 530 570 663 888 82 764 803 555 781 643 164 804 63 866 952 630 899 543 267 550 236 857 18 765 280 375 120 971 19 867 708 588 126 363 461 60 578 707 721 408 786 567 838 459 945 767 321 476 628 443 232 232 620 537 638 253 496 45 599 449 23 139 128 471 831 100 569 622 227 241 309 935 754 220 325 1000 178 816 781 263 417 373 204 765 705 327 913 946 892 959 886 525 896 14 706 588 833 116 855 344 37 464 317 783 189 553 539 759 962 432 6 590 724 466 6 170 807 672 515 519 198 794 456 664 469 849 526 541 611 111 999 466 645 994 785 580 39 169 422 968 376 242 5 745 246 275 410 823 301 186 228 233 266 693 55 8 939 810 83 955 828 101 76 683 246 853 1000 346 371 82 384 150 808 648 670 806 180 273 824 629 756 908 270 751 370 727 137 516 830 702 644 171 832 936 567 507 532 793 6 937 850 914 996 472 39 338 638 818 635 854 966 50 972 199 151 975 598 978 725 508 928 508 142 142 506 70 51 742 826 673 79 766 594 729 723 776 589 623 259 843 895 735 259 17 281 205 403 220 774 236 
473 417 718 392 945 436 268 185 962 479 193 831 37 973 459 361 376 91 160 78 627 774 46 543 576 463 391 954 362 323 286 799 623 377 504 293 352 612 224 81 505 253 293 920 890 993 33 334 175 270 363 798 409 170 996 885 437 151 249 89 542 667 980 715 828 930 220 783 553 946 69 443 10 469 537 346 541 201 174 433 194 829 7 402 293 779 64 649 110 197 490 532 556 246 623 429 333 94 704 789 487 477 127 248 401 512 143 303 22 48 501 512 335 24 590 628 218 385 429 863 916 713 776 165 497 87 577 539 664 627 481 362 249 306 286 787 755 403 466 326 960 120 150 337 865 181 45 893 230 369 213 761 333 85 467 862 428 718 152 888 362 88 460 539 396 84 424 428 188 699 691 301 451 509 670 103 733 884 27 633 106 304 590 550 569 262 838 150 269 664 368 661 852 555 199 884 815 615 641 959 857 786 978 593 480 964 85 693 164 484 546 215 464 813 524 692 385 331 760 897 854 583 238 169 796 257 416 867 290 529 722 660 296 515 305 399 496 907 532 890 274 198 525 714 297 739 959 719 173 423 516 567 279 310 974 588 315 321 551 758 150 431 60 915 139 35 323 816 409 3 480 39 664 881 401 129 496 543 581 165 758 714 685 404 595 91 114 670 291 175 628 299 939 836 725 9 155 625 859 456 155 1 128 99 36 314 697 109 293 541 661 242 550 59 640 977 533 490 6 246 59 229 786 867 393 77 764 357 226 944 979 591 284 439 129 873 830 474 737 102 302 811 87 541 972 75 826 692 989 150 343 802 13 162 824 709 932 127 354 991 98 365 875 787 146 889 850 146 93 889 394 110 699 30 872 146 395 715 546 589 834 566 625 307 420 779 210 604 913 16 728 906 136 109 564 895 965 22 465 554 382 325 563 242 747 363 72 345 505 291 651 264 502 502 989 963 90 51 283 925 534 888 715 439 968 342 266 352 248 733 336 95 914 514 918 511 311 899 918 614 16 139 289 16 183 440 405 933 163 848 345 621 220 752 496 95 294 529 409 448 857 693 236 613 207 441 276 794 88 242 21 47 270 164 576 950 931 176 303 503 898 75 184 314 850 293 479 695 837 287 2 240 62 34 799 770 275 383 791 705 
196 560 564 681 922 510 705 535 775 320 930 680 342 439 789 831 251 747 263 637 808 104 636 60 173 240 393 704 710 804 124 483 937 368 104 888 338 490 522 221 870 590 349 202 582 822 830 495 162 708 839 974 700 222 788 371 716 433 540 574 272 198 501 215 405 605 275 151 769 988 596 197 83 190 821 450 726 967 615 230 23 63 498 816 376 809 499 458 196 291 488 311 826 146 725 953 834 461 71 188 176 358 776 883 869 67 215 83 695 737 624 222 152 661 113 189 318 719 566 634 194 588 31 240 1000 713 796 488 715 888 35 141 935 709 130 879 809 642 787 376 403 982 59 996 173 269 289 653 500 127 275 711 754 128 572 462 555 861 562 413 895 591 702 883 425 165 107 135 522 115 301 444 377 559 191 733 519 564 195 60 552 889 739 985 208 490 169 991 108 962 873 442 587 56 322 785 882 33 784 698 329 509 348 182 833 551 567 476 955 775 864 145 790 149 47 887 116 854 667 246 168 501 886 138 392 619 606 616 313 238 878 850 197 100 646 225 311 987 717 856 631 496 396 39 160 394 267 1000 973 322 720 167 647 702 526 463 573 787 227 220 649 926 571 932 152 767 598 957 272 964 569 426 938 553 565 772 899 231 259 360 202 492 294 143 524 412 152 291 30 536 414 970 634 102 967 566 169 890 614 909 815 295 513 814 265 972 969 758 784 699 319 293 699 115 240 636 101 285 580 164 11 898 637 635 417 119 365 938 911 398 252 425 43 92 969 62 685 916 472 617 230 643 292 758 888 982 149 947 614 330 895 655 211 361 726 572 2 394 81 337 848 319 390 561 804 841 545 815 509 260 217 969 646 139 354 810 730 115 865 714 946 867 687 192 320 226 146 434 991 640 643 225 736 378 65 133 801 190 247 508 318 252 562 611 793 69 749 26 614 310 991 523 965 119 687 34 578 313 137 611 478 600 860 976 760 308 369 271 35 658 292 404 412 58 767 377 927 484 918 570 510 627 381 640 288 595 229 883 733 853 35 936 617 611 535 69 997 61 978 929 496 557 570 989 921 567 316 191 148 885 836 366 547 75 331 809 789 414 199 96 579 813 944 874 52 951 101 496 967 754 681 613 429 705 588 469 427 42 265 145 
21 346 632 149 188 270 563 359 474 971 624 580 875 254 687 796 16 929 185 162 426 776 858 784 36 542 201 86 32 794 385 407 606 945 331 495 762 778 330 961 117 556 24 954 791 780 810 918 136 937 303 313 395 776 305 849 896 670 738 45 379 795 200 857 416 474 121 384 898 960 545 772 313 190 718 146 269 2 614 349 489 734 636 843 94 801 626 896 614 932 366 439 418 409 901 267 339 916 638 824 609 707 256 959 286 294 290 97 450 618 265 763 669 932 462 214 272 662 370 114 371 291 330 457 569 129 161 222 10 181 145 338 922 643 302 757 659 769 20 257 685 111 778 901 929 840 72 673 325 881 781 59 723 382 241 839 408 223 947 710 898 488 907 907 507 80 970 808 928 822 733 639 241 32 330 745 78 867 632 877 240 717 29 895 113 454 326 700 599 482 157 841 966 435 719 155 705 599 150 862 973 830 176 427 971 328 428 424 411 21 166 794 189 208 458 759 672 468 784 437 110 288 588 95 595 445 370 302 898 613 692 963 685 634 472 700 591 322 354 383 701 571 600 233 451 652 906 295 534 521 65 508 790 949 691 659 87 95 810 556 755 36 210 961 225 154 183 4 859 874 407 357 225 294 107 833 41 482 325 721 326 984 603 49 467 214 251 755 204 291 550 86 32 256 851 579 143 298 75 586 304 347 352 143 457 22 186 707 907 168 279 178 959 911 490 185 442 310 752 733 69 969 140 805 583 219 596 251 239 949 498 663 267 917 325 791 388 571 255 196 78 604 680 171 258 283 821 242 867 508 58 727 104 850 883 603 375 365 192 844 65 913 78 677 748 814 581 610 514 446 513 999 213 311 813 963 613 349 932 35 656 442 351 359 227 949 89 662 739 166 379 44 265 151 143 781 467 111 833 133 26 805 814 157 907 283 633 932 411 416 948 699 434 179 86 310 251 348 414 607 854 942 156 383 982 806 864 157 628 153 442 164 552 510 120 538 381 625 901 342 591 987 133 28 814 526 983 996 96 107 363 410 542 663 866 526 594 549 661 920 149 401 128 865 760 139 40 696 523 689 588 941 998 870 197 430 668 141 376 853 164 62 74 672 178 176 876 291 984 720 1000 216 208 284 282 804 638 59 297 90 
942 854 168 542 610 70 265 702 865 322 881 761 764 443 135 905 627 212 923 567 87 864 261 902 168 880 337 901 125 57 170 909 557 933 397 821 122 491 599 724 837 431 526 906 886 593 9 465 95 288 499 663 987 53 142 494 978 551 553 700 746 521 684 333 50 242 180 777 382 605 261 418 161 393 650 654 544 300 990 592 692 225 446 740 44 438 4 476 875 834 255 705 143 37 359 934 706 810 812 94 61 624 257 435 88 947 557 729 544 309 48 906 644 993 164 613 148 897 357 44 872 896 949 279 151 226 236 711 661 881 333 741 684 405 202 78 71 606 901 72 243 667 551 816 324 907 849 909 199 762 825 625 400 284 50 110 712 438 767 231 897 101 510 413 528 810 422 532 307 219 901 481 628 975 547 408 923 305 605 149 367 371 999 366 973 506 124 500 988 363 835 842 414 281 860 880 524 229 707 474 374 546 669 377 454 568 240 738 262 250 851 734 830 844 297 764 929 526 17 684 319 367 168 814 827 522 457 530 38 177 738 115 186 711 669 296 314 197 741 139 420 250 930 948 23 190 717 285 891 258 515 417 834 300 797 621 362 487 992 87 927 637 319 955 384 280 713 863 25 510 7 735 589 999 565 716 426 245 934 724 966 486 461 402 113 754 559 937 483 965 944 832 362 783 786 753 667 776 916 381 426 201 653 608 733 813 802 156 402 671 594 528 164 784 305 709 141 532 831 760 496 436 193 24 111 555 110 992 336 931 724 600 556 772 890 875 969 680 689 734 767 279 2 996 630 818 792 756 992 638 960 95 617 270 24 586 170 919 515 485 791 778 105 423 264 676 407 380 900 429 663 851 608 571 795 988 495 302 360 387 795 618 439 989 43 180 782 418 761 160 929 340 359 995 138 444 240 290 934 141 840 134 585 584 293 450 543 544 675 429 184 371 537 396 672 16 261 126 259 712 303 125 445 878 475 39 236 769 372 960 393 846 567 138 450 667 820 185 194 398 309 480 896 411 995 841 980 702 769 40 34 320 793 795 265 410 157 546 858 607 361 803 692 614 724 965 521 261 740 315 474 502 855 903 521 41 814 703 554 394 584 409 855 125 998 343 604 207 117 568 942 445 858 749 333 94 903 100 272 606 
722 753 485 314 595 363 401 209 783 404 0 961 486 826 338 525 611 34 242 398 536 872 403 159 63 262 916 656 631 214 319 779 295 745 999 914 926 905 738 185 363 404 794 44 796 96 822 459 720 424 950 247 868 22 726 676 573 227 960 447 672 561 626 129 877 773 317 680 645 686 332 858 862 828 949 347 353 318 191 71 147 446 231 101 22 668 894 344 170 686 302 157 643 27 423 416 968 78 285 546 284 329 155 869 352 195 112 532 96 119 615 582 626 821 36 785 267 169 36 413 610 61 200 37 111 747 887 776 531 678 222 497 715 545 632 49 728 215 804 217 335 478 89 431 114 316 70 785 200 913 884 383 717 37 487 97 815 137 535 197 537 746 5 583 713 9 710 103 424 420 564 19 667 799 905 440 42 706 236 71 891 495 49 473 977 643 383 973 138 997 69 309 249 310 465 515 756 891 866 453 837 936 633 496 804 763 491 536 902 311 621 54 950 569 199 447 500 595 953 713 890 462 435 218 403 564 310 318 279 597 556 384 497 565 461 37 236 320 331 883 197 5 909 678 393 416 570 584 697 480 963 991 542 631 327 88 847 793 761 107 15 362 717 398 746 214 880 656 865 207 908 351 977 561 703 876 421 715 906 44 201 934 483 440 773 969 263 621 904 791 146 833 71 630 165 489 302 642 303 722 644 170 256 879 633 13 416 590 308 49 121 584 852 757 916 987 480 586 655 328 449 621 251 1 479 820 713 337 88 729 245 467 888 272 926 850 59 96 848 996 754 194 409 236 64 279 283 897 629 825 86 54 607 249 126 224 655 306 783 323 316 744 774 552 894 732 850 344 702 462 134 451 172 806 848 255 577 290 841 439 773 390 701 969 190 611 165 931 855 529 63 185 622 135 251 887 651 470 559 946 414 656 115 972 698 193 166 655 625 610 777 354 715 551 964 729 59 207 66 684 594 520 310 848 298 528 831 340 203 539 862 566 902 68 678 94 725 343 865 234 974 254 635 294 907 989 924 987 944 731 427 319 987 812 65 64 979 780 668 40 326 634 874 857 453 209 659 645 361 606 90 864 906 424 460 391 90 824 424 729 240 520 316 576 322 286 329 831 741 35 998 37 348 145 270 948 414 205 284 623 
167 420 437 54 343 592 28 677 286 324 760 632 491 283 470 808 84 265 961 505 990 953 930 877 0 202 748 10 454 168 955 878 269 380 55 88 828 919 501 677 147 535 366 374 321 142 457 668 68 397 203 748 733 382 427 808 495 573 595 468 185 47 529 883 190 400 165 205 904 216 924 199 690 940 804 666 562 917 743 494 115 972 786 349 652 514 165 681 475 635 609 905 320 186 987 41 544 243 545 711 278 860 146 383 717 387 80 192 529 945 939 476 293 385 135 627 74 112 107 895 156 338 847 214 889 913 779 15 902 387 477 787 461 645 753 128 963 263 673 457 605 675 637 930 953 904 700 929 639 641 810 706 61 406 727 697 291 514 612 505 349 176 491 342 811 823 503 391 76 716 240 323 994 694 892 81 743 98 70 805 997 353 65 749 202 493 997 134 761 908 411 622 23 428 419 951 455 930 638 467 880 348 804 317 802 75 76 279 780 671 292 547 656 116 218 606 225 797 9 912 907 974 453 177 244 507 406 866 181 811 431 122 585 876 748 571 778 620 650 809 151 903 65 612 682 777 864 729 756 170 581 795 179 539 47 565 93 518 459 244 924 498 485 506 304 567 749 775 540 993 855 241 529 257 299 368 160 843 639 875 731 621 257 703 504 915 842 242 154 887 68 240 311 234 463 576 85 803 199 847 33 426 71 358 172 698 467 986 262 798 878 372 992 841 739 883 720 936 779 300 909 127 39 507 963 3 9 228 435 326 463 497 263 72 36 443 883 414 49 116 624 514 863 662 844 70 283 642 742 128 544 112 956 128 534 954 410 555 813 761 584 190 384 692 685 499 123 759 744 75 244 731 125 10 538 987 407 167 533 138 112 783 868 392 799 809 966 699 875 882 47 728 893 734 176 860 862 120 437 786 391 844 564 691 704 917 382 248 755 458 93 879 830 757 49 766 41 7 816 545 619 780 756 790 48 281 358 988 705 490 371 130 634 268 978 99 462 20 629 432 873 275 904 605 595 878 932 544 89 768 324 423 913 903 435 901 383 968 321 327 496 220 407 637 227 538 45 622 791 858 813 230 991 222 160 195 612 276 887 745 687 580 358 298 636 197 598 27 287 651 71 135 253 513 801 967 834 211 488 567 
390 346 608 905 137 711 103 927 422 735 111 151 156 765 155 648 803 425 817 184 717 521 981 140 141 799 521 214 526 688 524 40 226 741 635 188 608 255 596 430 755 829 636 478 64 705 87 268 100 790 486 620 86 617 139 472 999 700 520 565 533 309 213 700 65 932 468 627 434 299 441 404 821 212 992 153 715 549 700 749 708 717 19 567 864 62 338 673 647 888 610 42 859 588 976 820 912 815 775 476 484 436 813 151 164 270 505 60 254 636 976 830 466 885 322 920 409 988 231 392 275 679 95 870 903 869 570 943 585 942 368 353 904 380 997 860 367 345 286 578 726 405 3 432 82 882 909 0 578 410 380 886 293 803 661 763 970 28 550 17 546 530 42 389 749 448 224 231 962 62 334 634 526 184 201 55 623 44 429 117 22 182 317 461 495 139 716 669 205 957 307 290 390 917 421 421 728 482 89 435 788 937 907 125 905 218 526 732 501 770 527 438 822 983 870 606 298 7 64 408 477 28 586 778 249 54 958 321 721 275 515 517 818 104 703 95 363 63 732 575 917 58 407 711 866 809 43 280 170 669 770 250 816 312 840 385 191 680 947 326 912 294 320 557 862 592 522 510 640 439 91 932 635 177 690 41 766 865 954 339 45 942 358 365 645 744 443 16 578 135 65 35 885 61 316 455 16 179 587 899 565 149 65 343 908 848 183 169 792 92 950 926 57 104 935 338 553 843 227 759 667 815 738 492 509 926 745 453 822 855 805 821 230 200 277 671 660 911 966 341 834 35 126 564 46 506 126 717 249 703 588 542 919 565 0 781 675 624 264 552 289 294 811 974 292 507 313 355 148 272 708 107 68 317 114 443 310 545 524 213 146 545 4 62 425 269 590 542 316 542 396 590 67 86 829 322 485 217 760 506 393 919 591 793 933 344 898 429 899 519 91 280 401 418 421 193 385 58 253 455 429 292 807 842 725 913 868 515 72 22 912 462 492 884 409 732 195 96 607 631 837 607 318 432 260 755 786 844 218 760 690 282 467 87 16 917 547 528 955 636 831 61 718 154 469 48 323 323 106 724 381 44 785 294 564 378 291 956 593 213 435 209 318 389 798 150 358 424 834 353 286 680 958 798 714 708 936 202 391 603 
985 161 257 357 518 204 806 480 656 877 318 177 486 459 251 980 672 690 423 266 93 350 420 870 459 922 698 1 110 680 268 124 696 692 162 780 888 176 817 30 26 269 652 440 330 745 579 730 509 170 971 291 470 228 790 672 125 256 657 300 318 522 859 33 141 161 179 530 783 330 758 257 741 552 106 801 67 130 348 900 659 871 768 70 714 862 623 582 70 886 6 194 703 21 325 287 200 420 275 451 918 423 169 533 991 871 390 831 195 729 720 759 67 631 671 856 217 609 708 478 657 236 722 52 372 610 58 619 542 363 47 444 995 164 583 717 712 852 763 215 93 319 948 870 96 357 846 349 510 667 886 849 77 392 314 482 422 472 847 812 490 143 918 530 874 548 901 433 955 546 68 32 137 716 387 14 610 419 392 798 217 991 819 524 578 236 693 400 738 672 452 504 621 742 267 975 861 109 79 923 962 759 203 68 782 984 670 491 663 628 548 551 65 17 902 280 141 65 183 244 783 371 456 752 266 675 296 521 534 16 995 731 90 360 792 637 158 30 925 978 39 555 344 559 326 866 73 724 382 111 359 628 149 44 772 945 521 904 353 837 374 895 360 10 10 256 357 356 256 432 424 307 552 827 200 994 595 647 411 382 595 982 917 930 23 868 253 222 215 156 186 676 742 597 428 157 159 227 287 907 736 506 101 434 887 107 711 745 981 156 973 126 154 122 996 527 87 105 837 198 483 296 689 360 937 352 437 270 523 620 434 323 468 916 344 329 601 532 287 389 706 980 821 250 434 698 837 322 712 847 25 698 903 186 953 776 909 36 490 182 293 323 724 961 517 165 129 733 776 218 612 496 172 754 398 297 849 634 430 336 711 307 181 930 864 531 909 938 814 753 406 765 510 769 221 511 842 530 947 796 682 109 289 444 146 506 94 537 809 695 316 202 6 293 8 42 61 612 593 696 614 286 570 884 294 565 928 116 92 623 868 2 917 258 636 840 499 576 764 185 941 73 182 621 427 395 173 749 493 368 194 613 965 159 599 749 449 621 991 153 507 125 954 239 94 315 52 9 380 538 79 726 491 44 411 864 941 588 321 749 778 11 951 271 509 395 209 744 193 799 863 290 827 644 609 661 113 906 331 57 
721 557 757 789 539 880 354 257 462 764 573 540 117 440 211 507 928 355 312 302 159 28 556 655 677 848 161 921 515 388 999 982 815 28 966 797 753 387 420 857 489 181 117 565 780 803 176 917 60 544 11 662 186 694 922 830 531 522 916 129 81 517 565 440 391 122 727 952 568 326 759 351 971 243 81 151 276 192 193 256 685 562 495 96 460 313 249 177 297 474 694 946 255 897 431 576 952 508 3 738 470 629 448 865 305 682 999 915 743 702 457 885 933 48 938 238 244 308 589 984 169 715 636 202 605 723 178 713 595 453 506 977 743 504 714 42 124 912 930 586 839 70 256 180 300 229 368 642 229 605 906 592 228 898 874 252 659 111 967 212 43 551 519 288 665 130 693 132 83 740 445 284 736 168 412 933 754 464 274 609 134 377 749 491 693 871 107 267 887 136 726 736 138 907 390 763 548 186 703 97 796 705 553 863 278 552 797 614 575 602 976 585 684 161 0 269 812 51 724 451 171 50 433 72 798 628 431 160 524 715 446 750 870 152 386 48 899 266 496 822 506 835 333 690 310 745 825 471 259 364 748 78 404 569 47 618 710 684 389 577 169 114 724 296 587 880 512 76 7 611 672 886 281 324 389 0 179 327 212 459 533 335 511 296 182 531 211 1000 770 872 941 175 773 902 789 643 739 253 945 693 851 479 387 502 997 266 651 709 101 220 452 861 808 916 684 487 268 832 775 350 940 148 289 883 602 498 477 117 949 844 825 938 593 996 520 355 188 592 357 908 846 296 934 174 974 240 907 658 556 365 116 438 650 476 53 814 532 580 876 773 517 841 657 183 216 984 492 3 573 54 361 253 569 133 31 258 770 398 661 866 59 640 102 200 271 928 765 625 8 955 337 219 146 457 670 515 562 570 5 891 69 510 112 501 536 686 642 979 870 703 367 871 157 137 325 407 540 98 745 404 916 789 359 532 155 743 244 934 328 984 167 306 991 887 95 256 64 839 835 5 334 120 796 41 773 807 922 466 272 206 937 525 575 308 276 183 389 831 959 726 57 988 225 704 284 963 821 359 129 235 482 785 590 348 132 289 954 568 214 794 297 113 116 505 679 780 724 324 169 890 437 500 297 132 991 706 552 61 820 9 
486 983 758 202 236 273 561 948 407 34 794 385 677 124 449 989 190 967 285 819 451 769 649 321 439 161 937 946 599 46 302 391 105 2 544 985 776 195 824 239 383 585 803 599 126 846 189 524 293 381 294 74 309 3 48 479 279 771 875 165 995 640 596 927 753 92 139 545 721 14 179 714 185 165 518 821 480 536 271 377 478 247 822 809 736 753 445 185 736 839 939 570 894 66 525 142 632 405 875 775 539 726 443 733 728 511 1 954 496 252 746 339 817 514 171 430 630 676 877 988 396 502 926 97 510 763 180 749 636 640 58 162 440 805 145 668 386 68 259 385 740 442 883 785 526 150 684 630 592 173 57 619 704 489 85 68 835 996 427 213 275 224 488 616 883 439 377 653 322 617 738 790 512 452 696 680 929 646 75 485 955 163 504 642 775 389 16 299 582 273 641 140 566 474 105 974 616 270 571 955 758 900 393 247 707 159 522 435 509 727 901 639 948 892 198 952 697 668 134 606 660 516 396 456 971 641 748 454 379 397 925 900 182 793 920 827 223 660 620 957 226 127 423 541 959 721 872 94 947 145 620 418 934 861 709 631 388 948 568 767 444 314 547 423 942 752 983 742 200 174 306 418 89 279 519 499 186 939 713 648 243 636 917 967 521 260 73 365 729 841 64 218 808 775 322 758 726 854 967 785 901 577 267 40 371 115 171 133 97 462 572 874 632 398 749 121 85 611 678 455 425 143 825 720 381 694 626 106 156 313 480 244 418 357 112 340 494 368 364 940 332 400 359 871 367 19 151 124 181 348 117 428 270 841 988 57 542 15 683 755 981 297 897 292 142 226 704 468 628 167 714 596 284 969 156 437 280 837 645 499 571 974 933 975 530 414 943 900 176 573 363 508 532 670 96 658 331 830 462 204 0 46 784 792 432 935 850 505 442 270 124 877 456 41 249 436 709 777 380 529 805 440 815 672 86 366 157 832 516 969 911 549 441 714 637 8 439 841 525 639 255 728 681 341 198 199 154 386 933 423 715 321 218 240 894 277 475 859 754 542 746 81 570 20 839 487 258 371 52 728 267 787 796 284 551 701 973 462 470 454 732 754 522 118 923 942 459 696 26 601 119 509 237 605 213 733 213 840 442 608 
773 647 266 243 891 342 191 383 870 127 627 823 371 966 373 169 441 958 754 318 249 529 599 869 957 788 496 917 199 720 783 133 145 777 230 423 817 670 21 173 68 483 635 155 924 992 116 379 457 685 984 690 104 337 768 522 960 243 566 569 212 949 535 555 698 980 350 306 773 175 369 567 27 287 392 157 249 108 618 442 165 421 272 964 460 396 15 336 781 326 214 608 529 917 996 815 74 703 492 809 882 48 514 271 189 285 915 818 489 64 858 799 315 967 513 533 798 656 936 630 947 335 56 849 875 969 956 463 322 771 873 950 361 552 809 915 997 528 456 600 915 979 42 715 861 615 288 321 150 250 989 82 77 630 537 236 825 648 7 818 884 7 298 551 143 274 637 596 143 656 485 936 610 34 495 365 392 175 249 819 375 125 385 21 702 458 81 61 809 189 403 940 425 775 957 762 743 842 94 646 749 121 624 820 656 438 349 694 937 20 848 277 158 726 137 726 318 153 878 98 959 291 57 416 982 859 850 0 499 892 986 710 519 395 487 61 32 10 13 428 712 616 348 444 693 472 348 490 902 235 939 603 253 98 672 658 730 153 419 164 72 898 3 246 351 599 552 345 327 258 549 867 124 383 640 923 257 967 12 922 172 632 279 867 830 780 402 548 433 450 90 939 571 735 307 837 355 576 877 996 362 430 105 973 71 981 718 896 283 553 40 22 568 421 894 206 836 746 539 842 795 921 203 98 168 462 424 44 866 116 82 587 847 619 255 384 283 298 449 899 824 571 495 545 41 449 384 44 358 328 439 639 474 259 579 454 642 730 572 976 465 34 318 809 987 339 41 553 893 960 496 915 589 645 534 253 850 799 809 441 426 248 921 288 645 652 121 319 286 161 850 856 517 341 628 467 804 232 756 893 929 31 838 347 558 674 190 906 64 618 144 127 580 460 600 859 872 675 202 878 283 286 788 393 225 254 650 606 246 241 674 829 305 879 214 762 284 137 496 529 812 943 995 464 433 700 930 186 215 90 41 781 595 546 555 742 31 421 916 242 775 708 310 454 353 618 37 426 372 104 218 873 947 202 752 514 18 77 431 117 995 666 416 707 42 634 623 402 732 71 951 877 775 696 388 93 548 354 694 951 
119 425 52 814 401 147 999 760 926 356 890 438 476 907 995 887 978 943 596 666 599 358 994 737 733 351 622 510 295 361 659 893 175 726 322 228 325 586 759 386 244 906 236 199 284 468 27 541 874 324 780 113 106 655 293 850 461 469 719 704 769 480 797 658 290 302 595 132 602 611 273 226 409 646 669 851 139 922 19 905 964 463 766 736 336 995 859 31 49 790 785 370 582 625 617 567 597 566 154 312 916 454 141 941 641 272 4 526 774 924 363 461 11 941 35 630 998 927 609 7 89 874 752 429 304 938 674 881 852 86 490 600 230 404 93 700 496 639 727 552 696 317 91 160 449 772 179 146 868 527 523 886 188 547 159 38 703 846 287 785 124 511 654 824 621 804 710 755 638 239 21 228 995 869 664 379 895 724 819 727 425 875 937 980 344 780 435 195 597 424 455 477 134 127 149 501 459 423 724 479 356 669 917 867 637 748 288 469 136 68 341 424 458 685 339 903 390 266 927 503 266 81 63 588 581 19 19 35 860 0 417 525 490 467 500 100 928 405 992 111 763 326 521 98 795 153 478 449 880 679 528 714 287 149 117 128 463 472 232 749 478 525 498 170 426 226 84 662 189 99 874 60 915 619 189 23 131 422 348 807 290 596 655 525 159 35 548 602 473 619 505 386 780 859 479 989 925 930 596 189 113 870 647 119 502 833 222 767 596 534 618 811 545 954 953 980 521 724 456 743 734 200 258 154 599 917 255 94 257 980 105 355 820 196 322 51 792 70 762 218 748 648 860 378 255 125 504 951 351 268 101 861 305 275 829 315 177 517 828 538 344 455 561 715 74 346 407 876 154 289 394 265 518 695 472 718 501 785 587 135 667 580 382 261 687 563 333 717 753 364 239 441 779 29 81 509 964 691 539 370 64 364 845 725 629 765 981 291 745 94 344 296 174 986 770 48 216 814 984 979 694 507 250 369 751 664 42 91 300 318 712 713 830 523 740 969 664 164 72 684 826 266 770 506 38 196 379 11 604 547 806 142 937 274 212 53 594 154 277 356 557 584 153 546 776 926 393 688 566 228 162 221 485 30 63 394 466 789 930 32 408 98 49 923 965 881 478 929 768 527 251 198 132 94 185 185 783 159 300 718 
646 942 439 592 729 681 354 542 43 516 659 957 309 341 292 827 187 879 892 606 92 996 747 653 646 486 483 905 672 120 891 78 698 15 699 439 360 205 328 752 857 309 887 708 577 695 746 92 65 251 778 963 945 759 125 887 981 720 469 382 701 572 433 499 286 331 123 799 942 707 9 195 871 167 248 204 648 361 505 208 272 36 386 910 519 13 682 27 882 441 789 436 278 638 306 634 373 377 335 210 136 852 474 461 659 49 247 140 289 120 709 667 956 828 715 43 72 918 572 113 654 447 264 226 166 31 980 132 218 299 877 236 409 72 615 284 212 394 350 784 566 885 4 371 132 242 92 307 232 924 537 189 671 149 914 148 295 22 631 962 732 273 494 274 784 751 316 166 182 949 386 75 838 430 259 1000 586 580 721 425 198 506 602 932 554 679 731 864 296 421 160 12 373 838 854 872 440 835 408 786 768 481 253 402 371 737 171 397 231 77 834 217 326 400 178 621 274 724 689 170 498 396 991 432 49 809 113 977 181 590 846 182 276 846 7 915 607 738 211 910 787 837 109 512 832 915 421 336 611 303 560 484 83 969 169 975 470 375 32 323 445 680 872 82 619 397 548 954 376 355 919 945 565 483 59 981 149 878 506 581 16 83 59 377 767 873 440 977 706 292 373 64 836 67 776 701 714 404 42 400 687 592 258 655 357 315 530 871 132 235 326 506 424 970 338 424 928 318 982 303 775 249 382 620 59 619 417 132 591 179 432 196 777 459 446 690 735 569 586 466 853 296 624 300 12 828 605 13 701 956 787 909 19 644 116 712 448 553 232 744 510 988 195 559 7 499 694 158 598 730 386 111 583 613 13 911 519 788 152 555 127 463 411 651 840 583 244 100 653 901 169 516 575 267 891 228 339 982 10 499 134 873 877 430 904 602 902 786 406 249 648 214 405 508 443 578 195 203 183 842 476 939 692 475 582 473 483 541 502 150 318 251 755 312 540 26 101 486 124 708 714 727 916 21 501 407 69 26 227 404 223 191 409 825 739 853 828 545 915 165 290 536 920 832 680 301 139 669 223 974 166 263 52 291 465 579 76 403 996 631 430 907 658 859 873 131 547 179 826 640 786 281 368 150 601 831 254 685 618 518 
487 612 795 370 817 141 255 531 753 811 625 175 204 591 493 805 746 93 653 9 906 984 532 560 944 611 795 971 819 769 107 974 77 135 322 914 180 454 887 11 923 318 182 403 322 599 922 192 67 515 452 974 380 89 156 716 458 589 646 912 13 609 155 68 880 214 447 551 820 218 884 425 343 417 529 298 284 231 581 187 407 947 940 12 525 426 693 701 922 447 843 938 614 835 337 953 154 786 296 951 891 541 291 880 570 446 478 156 818 514 71 634 637 538 571 990 823 947 395 534 262 56 933 657 51 313 344 950 807 292 175 688 540 112 432 651 6 606 801 411 400 106 762 485 951 310 30 597 832 779 604 245 271 922 820 998 288 321 847 937 801 350 660 558 246 578 587 822 511 470 52 985 164 354 219 345 797 645 472 887 418 73 643 188 155 683 386 614 863 312 375 935 715 316 789 729 595 335 341 460 415 175 29 437 853 830 394 572 505 203 80 94 474 799 598 994 901 646 346 486 687 971 632 517 557 523 189 90 953 145 312 719 362 37 847 390 119 596 149 583 242 668 876 362 911 520 753 797 528 653 773 423 489 710 577 57 438 818 611 184 531 679 712 784 117 187 192 749 625 345 730 694 625 522 678 280 309 118 813 982 544 232 225 874 812 537 933 59 544 430 471 645 396 635 609 910 776 80 927 224 642 581 196 825 534 274 737 68 66 457 443 882 57 148 59 548 999 190 280 385 551 803 881 110 74 345 652 157 498 706 981 582 836 828 661 587 457 68 308 512 474 997 795 742 552 933 560 480 437 257 816 839 813 355 961 672 866 578 554 154 64 830 590 676 884 29 671 622 509 271 436 49 240 457 293 569 96 339 332 611 654 432 422 514 757 363 328 638 166 757 991 484 557 701 318 101 639 648 442 277 431 397 556 684 65 431 902 64 260 699 266 495 549 130 688 350 241 553 591 512 18 973 642 331 881 320 643 755 979 840 98 156 627 505 272 127 140 480 982 332 201 504 348 510 190 95 508 168 777 478 196 828 915 901 646 319 480 28 413 338 349 513 27 631 57 34 211 766 200 519 918 202 938 929 549 298 801 198 357 165 738 291 943 998 575 806 425 447 718 783 109 162 474 930 599 237 361 21 126 955 
83 958 883 875 527 729 171 716 985 861 817 645 515 489 712 199 793 427 255 746 365 50 237 690 847 345 897 687 548 376 547 65 905 919 399 635 226 595 509 975 384 980 519 916 419 626 286 217 612 224 902 250 866 309 93 290 807 220 379 719 457 766 300 670 671 501 545 956 146 381 399 1000 931 225 376 668 360 139 943 266 595 155 25 944 258 656 92 750 690 960 194 414 343 483 967 377 160 271 334 831 600 987 672 50 577 25 958 546 936 955 497 79 856 749 624 596 590 575 417 666 914 997 815 48 534 614 993 789 235 385 754 376 34 477 424 998 637 104 36 399 937 404 6 76 483 380 565 42 619 757 671 864 628 264 765 100 322 710 559 979 461 241 623 527 199 946 367 428 363 712 281 550 489 412 202 184 652 825 193 560 706 64 754 346 781 333 620 396 197 290 32 664 209 382 520 226 199 861 935 319 521 365 288 447 678 455 939 148 393 353 539 956 628 52 736 455 715 390 393 427 822 14 58 601 739 806 874 592 372 710 872 489 564 268 286 508 453 531 220 869 153 12 813 369 821 371 520 21 316 546 898 7 226 798 478 268 371 100 439 126 583 859 690 753 494 421 908 293 662 155 788 749 893 443 775 371 670 812 325 391 205 645 849 851 195 624 84 450 770 409 589 809 384 753 705 910 155 318 663 871 441 328 818 828 323 28 582 900 155 460 687 628 938 133 873 620 795 288 545 819 726 80 350 18 261 202 927 623 258 590 176 322 732 22 549 666 951 490 960 851 232 640 10 759 385 64 846 824 621 371 613 114 57 103 277 435 724 685 753 684 714 567 920 399 683 6 313 638 241 466 408 695 246 775 129 505 349 743 487 965 614 872 512 823 181 306 128 138 438 225 685 632 28 862 648 629 648 851 542 276 285 835 142 40 959 264 710 453 990 150 196 782 820 621 132 893 994 747 258 697 19 547 246 967 0 753 972 458 91 865 691 531 122 652 351 737 977 502 103 228 182 146 174 695 83 1000 798 385 90 247 408 260 483 714 410 507 802 339 44 687 149 122 858 375 93 640 55 17 13 355 678 918 221 954 274 482 692 359 489 526 474 969 812 149 185 876 221 295 527 80 308 73 347 865 980 561 749 432 515 160 
926 95 141 590 940 850 772 672 186 69 562 787 267 801 620 843 506 32 525 971 301 823 414 277 528 944 343 44 310 621 911 897 57 398 710 850 787 533 943 752 13 608 206 174 234 326 621 944 640 488 787 169 533 533 245 569 298 530 57 313 512 801 103 574 595 211 787 917 926 244 272 645 147 212 86 931 722 686 198 147 692 175 158 936 189 183 489 473 847 143 697 169 7 632 507 168 78 615 844 631 319 395 598 758 578 589 31 693 219 88 675 759 923 495 276 596 891 310 828 154 164 335 579 64 538 170 205 310 500 265 556 995 941 414 136 310 167 933 80 589 554 127 195 21 597 500 755 868 516 682 630 766 976 829 240 5 34 465 491 717 615 232 501 850 457 694 890 351 8 753 734 516 808 575 847 828 419 311 341 368 579 417 652 112 451 269 628 759 84 232 572 358 846 198 695 170 532 850 733 738 766 533 801 85 967 171 970 921 44 905 387 895 324 325 519 751 530 529 401 400 324 582 317 954 244 578 718 217 232 324 386 949 193 549 454 844 839 781 354 491 858 492 852 292 857 407 742 285 179 725 841 263 133 247 889 96 988 93 251 397 813 917 599 393 712 56 152 955 198 717 503 250 659 88 332 1 566 700 604 325 269 97 421 90 365 401 212 367 47 147 709 55 516 241 198 925 692 686 247 881 999 982 674 323 283 332 706 485 511 745 273 896 548 160 896 277 219 476 687 979 427 266 376 119 637 229 536 993 169 633 414 953 125 110 191 265 83 842 108 786 675 687 30 967 584 130 517 668 392 883 690 153 47 803 518 522 568 970 721 336 656 114 576 615 230 544 22 189 848 637 472 855 66 159 197 922 371 20 483 938 161 967 161 941 617 919 303 359 188 628 859 536 46 786 853 929 390 996 236 94 591 284 491 774 130 550 318 99 508 640 979 683 978 370 382 516 200 303 969 920 754 116 617 471 231 528 569 677 267 804 441 406 397 623 261 405 551 509 4 886 547 315 972 610 392 338 743 536 918 152 81 384 745 995 622 91 229 918 770 633 902 32 766 714 178 710 558 935 37 543 351 757 943 898 586 361 986 196 194 725 279 478 422 466 377 1 724 687 586 734 436 225 734 664 96 303 716 764 942 53 
677 233 674 506 767 988 488 334 623 811 926 905 640 439 530 172 814 898 206 216 513 671 642 284 727 963 257 394 175 256 333 767 25 263 770 696 813 101 215 810 842 278 463 446 723 139 373 211 850 519 770 654 656 130 616 853 674 210 825 231 261 273 457 719 649 592 828 816 316 707 145 507 864 985 945 660 977 610 703 734 129 350 774 219 73 218 166 43 847 509 90 797 167 74 124 244 591 253 202 421 520 735 879 894 232 205 625 867 297 424 607 939 357 93 521 292 503 678 500 582 686 15 141 392 662 668 276 766 808 671 708 315 608 424 123 452 583 564 440 488 723 456 712 630 242 653 144 934 558 47 886 48 323 904 206 26 998 641 346 973 94 687 603 721 689 121 12 344 380 36 458 957 302 262 189 411 897 239 101 282 107 769 799 803 941 974 634 399 417 831 646 536 774 655 507 506 441 641 821 236 105 267 141 970 289 822 207 389 371 45 479 427 416 845 727 581 405 862 99 400 612 441 749 919 367 204 703 348 791 629 42 683 614 595 140 906 408 908 499 502 213 348 262 3 390 512 167 670 217 371 594 310 554 447 961 655 84 795 670 265 101 526 379 912 352 527 400 778 840 877 11 72 452 502 255 106 993 584 657 224 712 969 496 215 649 134 903 865 107 330 972 981 602 673 272 948 681 403 936 491 658 316 539 785 704 574 866 348 157 919 680 732 340 838 370 236 592 438 837 988 914 990 944 304 482 932 172 16 112 142 70 892 970 656 570 499 916 320 368 501 737 591 952 377 311 46 433 826 412 329 293 413 215 951 335 443 945 50 751 297 83 883 292 9 346 831 28 269 43 712 395 533 713 318 904 443 908 924 237 943 628 560 987 489 539 974 928 823 59 527 893 850 325 882 140 95 582 540 825 691 362 702 586 305 400 12 333 401 628 971 59 655 318 349 39 658 111 929 449 187 337 701 403 284 19 385 563 18 2 264 972 126 173 659 579 401 487 291 413 142 262 65 588 473 82 412 598 866 979 678 641 294 361 108 76 921 49 953 456 347 121 207 957 878 610 96 751 188 367 117 122 467 681 349 977 726 690 978 335 779 338 848 530 643 217 109 802 547 321 982 479 221 646 557 142 29 689 635 871 968 
532 275 891 389 294 58 141 711 94 798 620 477 465 927 866 873 355 628 326 594 41 579 975 693 452 856 159 197 887 857 942 410 920 571 702 761 733 536 45 934 218 582 700 797 287 392 849 911 163 153 645 632 866 802 884 244 151 928 526 412 547 37 394 713 631 986 731 805 781 521 815 916 482 406 5 696 857 783 741 403 236 798 577 449 338 435 199 509 555 476 941 342 982 158 807 96 319 228 584 150 170 553 218 662 760 896 997 479 878 985 513 464 11 309 911 490 642 434 157 127 292 178 14 437 620 71 927 531 605 275 136 363 887 241 642 955 411 139 115 729 174 695 908 447 453 548 66 66 835 674 449 465 271 221 129 23 858 536 460 941 969 819 296 408 2 251 6 995 167 576 413 279 656 733 89 612 117 536 526 50 657 730 30 419 709 754 130 4 393 289 894 366 965 771 930 863 804 346 697 702 994 47 574 102 14 422 920 564 745 95 339 94 721 151 0 461 315 906 252 438 418 5 476 956 238 198 170 18 668 674 14 625 711 528 522 664 404 999 573 303 409 461 34 129 538 466 558 658 218 253 306 405 178 492 655 873 880 867 998 326 814 272 136 61 759 538 552 510 97 412 549 472 645 816 888 544 392 494 674 406 266 252 705 242 491 402 424 245 590 0 357 550 222 6 461 541 40 853 698 379 351 797 678 20 86 110 388 907 304 707 53 555 966 669 776 898 576 853 311 798 559 568 214 263 402 202 759 82 878 503 574 544 532 559 580 927 805 956 180 771 184 400 261 356 328 641 412 959 199 106 96 59 616 344 38 285 568 700 763 24 669 669 385 710 72 872 449 514 350 360 925 803 56 593 906 434 378 884 237 916 908 702 830 957 431 783 246 443 43 903 0 431 123 379 532 670 585 120 407 285 65 876 825 707 737 198 460 564 729 441 168 271 199 959 199 631 428 140 350 773 370 207 167 240 705 754 64 939 296 628 556 836 767 987 191 382 340 107 791 279 448 593 955 350 87 229 11 815 129 797 473 700 440 720 126 906 491 259 205 582 625 638 749 708 755 935 290 497 986 673 552 795 336 343 717 108 279 489 974 918 738 120 240 470 672 767 185 230 156 502 926 578 998 530 464 513 176 286 352 136 
82 888 682 891 195 299 238 239 227 467 625 836 140 958 399 994 926 27 586 619 512 388 248 820 646 487 837 386 793 160 373 759 546 345 103 170 138 881 197 834 760 372 3 52 672 894 661 478 897 418 841 191 898 685 565 656 537 509 472 373 954 722 857 878 810 621 746 90 39 979 377 791 714 634 451 968 814 257 203 185 56 718 782 873 739 284 125 287 809 186 753 481 617 899 923 830 299 735 206 891 519 266 304 923 93 968 19 945 542 252 905 858 964 441 232 656 291 615 623 627 751 537 44 281 740 271 667 520 79 794 673 618 306 17 461 561 655 175 97 673 864 406 884 959 232 261 878 261 716 741 752 641 492 989 199 457 415 943 645 807 813 565 785 256 22 1 292 333 337 816 698 170 796 123 106 514 442 184 728 878 933 288 742 163 971 298 635 406 433 705 81 277 466 323 253 80 906 81 850 633 719 847 569 603 212 968 634 684 490 403 849 654 993 89 114 443 974 788 951 24 403 379 327 318 881 718 145 339 798 606 964 553 846 716 320 167 114 481 792 385 619 489 418 772 813 79 246 250 779 914 410 632 936 794 801 735 385 796 754 200 559 371 617 161 685 855 5 585 997 421 532 0 485 317 72 899 391 492 726 149 389 58 304 308 936 942 853 969 842 226 637 151 191 30 149 398 968 469 681 232 245 242 502 179 224 17 613 98 968 436 926 623 128 406 840 256 944 921 655 704 980 837 749 872 780 72 736 488 961 649 820 814 328 234 181 568 958 383 430 55 733 907 714 299 193 147 778 959 65 496 769 495 182 659 234 816 284 38 424 591 554 892 135 158 395 149 294 555 386 227 437 993 196 940 423 633 928 667 403 157 657 998 506 330 150 305 336 396 388 635 934 217 623 462 502 298 273 541 50 144 83 39 985 121 27 171 37 117 724 106 322 947 801 956 81 157 382 289 155 478 47 555 73 357 880 97 305 40 590 699 354 340 332 842 587 22 615 575 721 221 16 422 6 0 703 638 749 806 160 583 146 576 775 0 55 439 719 756 376 258 694 259 902 125 849 719 627 332 132 435 407 953 38 975 822 115 759 839 482 657 829 712 947 386 880 1 646 770 854 773 602 292 565 90 843 919 902 905 699 33 
478 497 878 945 94 26 203 909 844 169 962 588 506 403 795 157 590 129 794 897 458 93 827 698 928 34 840 867 448 296 415 508 481 186 871 285 227 879 213 884 119 978 580 478 254 739 42 962 804 300 89 662 603 937 1 156 36 427 397 180 672 91 431 355 836 260 920 280 124 183 982 326 990 368 73 858 118 208 720 768 661 361 647 967 721 996 111 103 527 387 513 699 897 104 194 954 310 139 254 738 362 627 865 853 68 693 333 54 201 938 862 836 721 774 168 51 503 842 568 268 32 933 20 792 148 40 771 381 740 552 828 690 65 166 693 87 329 318 73 571 443 5 965 479 319 645 647 4 61 629 821 753 458 901 971 816 702 104 406 118 526 455 156 999 613 986 758 638 21 50 932 818 801 555 971 212 867 939 937 70 657 863 636 427 800 935 526 775 889 161 814 369 82 3 347 943 677 433 765 95 878 118 891 96 801 662 439 689 617 748 249 848 31 279 276 397 948 796 147 529 38 720 40 610 118 581 756 956 857 880 313 345 939 282 99 626 817 795 568 616 830 920 138 173 926 82 946 391 873 498 385 17 18 839 633 165 289 754 878 776 559 659 334 174 104 965 874 91 417 156 412 840 631 268 514 934 860 396 456 582 400 672 916 100 856 459 552 425 427 654 733 561 797 852 349 926 790 77 73 927 744 841 362 397 86 838 906 746 945 835 226 376 561 279 106 67 488 258 580 802 706 869 754 865 552 837 551 928 228 54 430 235 904 168 140 913 862 180 655 77 647 452 479 141 808 588 218 586 711 779 700 508 346 268 561 503 46 418 671 61 302 691 96 160 930 602 82 260 145 641 732 119 104 35 431 297 653 863 61 427 666 296 788 168 231 551 319 454 846 309 909 836 538 39 636 722 346 904 356 923 222 568 76 273 715 656 650 125 292 660 671 576 701 954 492 766 762 61 528 60 269 698 162 194 597 901 687 368 58 82 926 957 948 403 381 981 68 7 505 339 390 438 62 753 712 726 854 583 889 119 267 223 375 913 476 367 941 918 874 878 89 481 298 485 998 647 824 107 277 350 138 552 654 856 717 218 845 124 593 734 60 66 308 398 927 295 236 867 28 89 209 716 502 351 851 450 637 703 5 431 
24 822 626 272 594 194 133 307 871 847 864 385 730 457 295 870 984 919 0 472 971 148 946 765 142 373 603 488 1 149 834 87 737 445 67 722 19 626 260 476 59 690 755 527 493 888 495 469 26 895 202 383 770 842 886 755 65 459 789 768 516 174 833 920 828 565 151 599 142 328 441 83 7 682 399 896 395 769 151 38 363 439 463 341 759 817 865 205 654 839 848 277 975 132 842 616 534 225 725 738 600 339 121 547 580 68 979 737 30 311 623 748 567 707 448 725 207 228 145 218 347 199 962 31 220 973 274 252 397 194 340 382 948 590 294 723 684 468 730 328 283 263 847 371 288 297 690 406 432 972 840 681 460 192 329 886 179 875 644 42 657 902 933 337 157 937 280 251 460 965 725 868 496 772 207 337 1000 724 983 725 538 58 730 307 105 92 950 971 855 544 566 588 152 670 630 910 595 150 824 756 820 15 786 222 394 192 123 74 733 934 932 982 428 932 870 167 831 784 357 668 143 293 408 812 539 152 436 909 828 713 126 728 35 353 379 937 207 959 927 14 964 756 983 343 129 575 150 778 461 59 899 253 894 328 910 333 175 698 151 720 668 150 835 322 487 846 779 93 202 900 647 453 750 892 955 827 908 424 335 78 407 6 217 52 75 900 802 410 510 192 470 563 472 719 213 923 978 843 922 62 29 309 913 179 892 89 355 496 684 3 631 485 928 386 887 235 781 294 87 493 553 796 493 121 835 140 805 578 661 939 476 587 875 621 89 526 240 439 62 903 672 282 912 250 949 691 742 488 624 523 997 594 849 142 650 375 882 549 824 651 849 361 231 630 679 486 969 133 832 622 816 612 121 735 550 355 679 26 457 382 384 872 771 123 774 580 838 781 661 949 85 216 78 844 604 293 205 818 70 152 287 548 831 899 750 58 771 648 76 319 644 847 433 391 54 873 100 557 406 781 262 175 682 435 757 179 502 24 682 143 42 848 883 564 684 9 189 322 162 368 700 795 975 246 626 964 606 638 628 875 199 936 869 48 202 838 532 250 891 235 550 532 125 104 1000 34 768 811 506 871 270 972 183 235 391 655 571 324 924 713 201 349 199 649 66 651 512 93 854 591 560 47 160 977 497 108 522 195 975 123 
621 45 534 997 311 418 13 627 56 106 305 717 5 525 478 32 638 921 23 332 778 440 345 415 564 167 292 210 319 796 343 223 801 157 6 712 568 839 310 634 242 245 136 721 630 307 897 688 673 795 590 119 880 351 195 784 322 142 639 227 902 492 613 301 178 129 63 480 746 340 500 161 146 515 785 147 496 580 230 770 704 791 645 919 874 160 116 650 44 707 149 43 975 407 339 575 724 941 691 734 694 20 133 359 405 338 716 178 660 704 575 541 407 249 40 969 20 987 576 604 206 148 321 236 25 762 583 258 562 300 83 31 360 290 22 9 702 523 341 595 42 796 887 22 40 170 413 909 305 352 620 200 711 557 871 877 754 267 744 265 302 536 933 0 490 600 78 498 496 443 630 455 611 663 221 718 480 61 488 854 149 889 313 705 310 915 287 706 483 781 525 870 225 387 724 688 376 480 207 544 761 291 655 916 568 999 521 5 184 228 822 75 282 391 663 373 848 172 710 364 321 77 365 607 362 714 644 519 792 376 534 327 835 363 93 791 222 733 962 356 135 230 46 763 468 751 217 29 49 99 309 496 253 59 225 472 869 894 989 51 296 613 604 335 838 631 29 287 496 159 454 134 73 610 473 621 623 513 462 33 688 62 756 720 97 261 216 438 348 924 474 137 658 638 933 568 186 798 51 930 434 851 503 789 638 500 960 532 837 124 665 955 908 749 408 894 322 552 457 283 193 996 597 142 297 732 854 296 827 720 919 70 299 17 927 579 887 591 995 571 728 736 306 923 260 822 791 174 495 15 47 256 836 599 621 552 891 520 286 373 700 575 869 343 627 959 693 494 229 434 551 164 846 427 180 375 507 447 43 199 383 747 891 622 913 359 209 764 782 522 213 582 371 635 90 735 325 553 515 406 489 55 395 89 862 512 681 936 818 985 295 44 382 865 931 210 245 760 335 441 955 148 144 318 264 169 832 477 13 745 431 889 306 322 790 101 906 213 615 283 743 172 130 786 29 266 697 299 979 130 331 573 11 739 252 149 752 479 281 890 255 945 90 692 598 595 408 13 791 733 854 258 620 602 389 998 13 481 558 681 640 675 982 113 72 516 601 819 769 361 536 744 746 205 446 815 154 710 683 280 
134 603 136 693 890 123 371 277 949 157 342 631 108 946 28 541 326 389 62 641 921 227 850 517 16 534 516 603 999 115 723 714 677 649 58 378 193 245 801 80 549 704 606 688 442 850 389 450 478 67 472 660 701 858 269 141 598 137 61 39 384 140 176 841 66 955 128 710 30 916 124 405 435 314 350 143 349 987 574 362 539 604 94 617 283 923 990 663 270 379 776 800 182 270 663 881 146 112 693 178 173 950 699 213 963 5 609 597 967 840 924 86 521 102 236 92 606 523 161 138 424 139 549 593 162 466 197 371 136 510 42 883 485 655 677 747 300 664 755 20 363 881 258 806 515 146 311 170 565 986 49 477 569 54 724 360 894 590 247 625 505 227 626 978 789 405 902 108 150 111 393 352 317 245 563 530 355 698 473 832 368 785 83 257 748 540 94 480 659 807 272 212 983 158 839 800 963 498 29 182 708 385 269 556 895 417 986 118 436 677 188 341 464 262 131 655 267 657 917 444 561 81 202 936 803 843 417 277 332 768 271 86 437 283 960 295 40 333 8 764 860 387 134 706 576 419 90 162 695 603 264 963 873 528 612 936 491 95 978 121 436 702 969 550 906 283 952 597 552 147 343 975 578 645 91 808 900 589 381 802 250 789 558 332 563 802 8 978 551 758 451 175 634 721 112 387 668 514 852 922 262 204 339 850 897 334 933 363 515 550 402 460 214 667 619 756 37 953 497 136 260 48 95 216 67 150 788 315 21 208 527 395 752 955 702 938 49 610 94 555 818 202 586 331 577 52 413 80 371 505 882 174 191 750 921 454 504 304 576 719 502 392 396 180 28 597 649 799 635 382 977 403 53 510 327 56 601 878 241 719 673 894 102 507 667 825 646 416 2 834 316 892 174 582 902 70 67 859 819 887 448 777 7 6 511 520 822 699 965 813 320 72 699 664 329 87 159 531 18 336 351 415 206 88 785 213 257 457 934 640 569 340 102 119 804 905 323 220 750 419 973 338 420 351 789 434 725 269 348 723 286 563 532 474 615 931 778 825 97 333 620 402 906 665 786 871 434 508 807 425 689 157 990 576 194 373 665 981 388 248 37 749 428 240 535 753 686 166 423 865 789 185 162 588 355 869 796 683 70 495 
126 512 628 182 932 809 313 221 472 287 555 131 67 673 427 808 407 892 477 845 934 983 986 508 82 870 772 690 299 246 279 930 865 101 925 901 967 407 610 304 610 425 671 2 975 447 376 824 625 627 295 613 968 370 325 374 888 620 764 150 330 904 759 581 720 710 134 34 827 915 638 249 855 431 427 825 445 489 187 457 350 445 602 304 386 652 91 902 998 109 545 653 617 15 862 376 205 496 845 299 902 93 470 495 543 854 221 445 643 81 416 445 81 104 3 55 514 519 873 13 546 666 677 551 984 257 336 239 445 599 593 642 504 529 484 214 362 666 834 317 642 504 846 187 739 289 128 465 328 84 210 416 597 408 709 392 771 818 978 403 937 805 255 189 739 18 1 95 476 305 823 921 268 421 151 898 161 789 40 463 247 617 171 325 227 725 656 889 22 259 6 833 649 33 260 437 452 311 583 76 609 401 294 619 749 846 23 933 26 464 863 771 272 406 591 668 673 200 927 845 464 898 91 513 206 72 578 830 700 562 66 300 207 687 490 575 127 982 211 910 989 915 886 940 881 42 492 251 379 601 522 754 284 233 343 207 673 702 392 273 879 490 250 883 381 409 818 948 644 944 82 534 451 334 947 966 552 457 694 110 889 633 699 896 97 816 886 852 924 27 778 264 531 724 240 563 788 181 736 838 359 936 198 253 227 3 375 344 369 552 365 217 497 970 392 221 870 702 679 546 889 930 272 541 447 140 530 855 361 171 342 734 221 990 639 729 986 801 178 602 926 139 758 591 80 111 348 813 260 742 204 41 283 375 34 190 623 974 522 589 200 419 253 186 339 645 130 826 2 575 914 631 499 687 973 447 998 792 589 83 801 955 389 304 337 685 658 561 223 220 587 495 667 978 495 178 801 39 587 656 803 375 729 891 205 922 283 112 155 508 138 725 325 614 167 13 753 814 412 508 377 390 856 823 1000 599 796 743 10 263 325 521 849 604 740 919 171 671 874 654 853 923 497 489 274 62 254 839 623 300 161 2 723 982 278 937 108 487 191 372 151 338 161 356 714 962 229 830 611 974 835 45 337 776 718 36 189 129 638 610 4 511 962 216 742 409 524 335 267 578 795 414 220 586 566 273 617 295 346 541 
81 823 366 93 990 619 883 247 787 728 257 138 770 342 810 8 580 911 258 331 831 696 280 231 664 953 533 240 993 452 885 795 734 866 727 865 700 547 693 429 341 856 978 321 465 69 118 194 296 752 137 199 484 438 580 106 563 177 435 354 467 992 794 412 751 232 939 825 534 455 946 923 83 611 977 924 259 534 101 29 498 860 763 499 130 430 420 569 36 43 512 996 141 738 768 837 862 146 120 113 164 399 485 549 650 509 690 950 922 708 885 991 557 355 362 440 628 67 327 129 74 480 799 782 530 331 561 679 789 825 611 613 902 509 82 457 46 206 432 916 770 633 832 778 412 261 173 84 199 60 157 38 859 351 827 444 72 357 82 296 76 572 517 36 743 865 806 74 53 611 397 559 284 987 30 815 707 46 617 206 135 440 636 56 322 745 837 594 97 271 380 310 179 618 687 710 608 864 578 42 786 354 157 405 989 650 854 781 243 881 388 779 240 575 145 439 949 420 302 846 542 182 582 475 1 303 993 559 985 540 145 969 596 603 359 655 136 878 109 691 258 682 64 735 713 365 107 426 438 309 752 319 94 170 204 131 533 900 616 940 292 497 869 909 121 742 168 852 413 222 473 377 432 60 413 111 159 263 697 709 626 178 136 52 13 857 422 847 761 205 812 757 87 419 136 344 923 322 604 954 176 105 106 380 36 253 285 280 933 545 905 908 937 496 938 128 549 499 586 609 485 860 438 715 689 666 439 287 550 813 165 917 88 888 863 49 514 458 132 483 45 846 377 742 636 534 833 759 644 844 729 477 862 920 235 403 134 18 902 871 841 734 338 63 216 304 306 900 694 461 567 393 192 753 947 199 590 500 328 407 842 149 752 268 600 748 109 213 216 530 574 392 157 267 532 798 628 400 975 943 854 83 404 313 780 358 855 896 911 362 53 378 476 533 857 275 502 254 361 910 973 52 40 105 349 946 561 987 21 800 335 523 740 568 115 7 717 414 182 594 521 373 392 138 981 452 930 784 160 216 399 943 373 863 563 343 161 987 824 600 786 999 967 534 167 497 842 47 709 509 252 105 651 549 471 475 212 487 762 172 766 888 570 655 884 882 315 755 750 125 570 51 233 750 413 25 364 913 762 578 
816 121 692 318 53 833 429 927 592 168 484 466 838 267 592 525 558 716 607 168 999 461 430 826 907 512 964 138 660 883 78 575 58 636 679 570 677 628 645 220 434 277 866 225 141 950 686 970 49 67 657 271 251 269 325 817 336 116 115 696 167 752 804 969 3 347 472 180 735 979 704 2 397 598 435 263 884 164 113 4 360 142 254 430 729 735 387 438 50 193 985 682 882 347 638 947 141 670 797 207 355 692 931 451 557 236 556 114 239 214 797 320 545 584 160 831 32 936 112 81 169 569 335 741 697 344 814 782 602 213 886 33 143 184 108 508 314 704 470 602 515 910 618 447 198 455 227 484 569 456 307 584 323 61 532 409 128 281 104 316 797 708 741 729 244 582 853 109 916 231 339 677 316 507 124 706 393 776 905 348 438 779 165 380 994 685 263 630 36 796 12 590 613 749 56 724 605 463 971 151 703 133 286 527 583 44 637 959 791 229 758 724 819 862 68 629 381 128 873 902 988 976 452 57 902 672 365 722 631 612 380 649 857 930 512 704 662 701 270 455 484 452 865 982 158 677 353 24 213 734 78 407 269 115 347 897 368 234 755 394 561 721 141 388 821 677 877 537 223 350 685 960 288 70 986 267 813 23 919 364 234 951 252 261 32 889 200 196 247 260 659 343 369 44 556 686 273 207 859 910 236 35 993 530 47 965 709 62 868 521 499 753 84 588 455 814 197 397 213 143 730 241 218 998 659 425 317 358 102 789 511 602 943 189 104 311 313 724 441 76 456 429 519 722 736 51 626 691 135 491 578 184 660 501 654 511 79 570 667 61 53 716 992 802 487 288 88 261 725 209 243 322 427 64 823 576 666 355 110 616 159 762 877 14 161 332 18 83 842 162 10 604 15 441 230 130 290 988 663 56 625 805 802 69 658 433 816 204 568 321 150 608 42 953 442 772 720 896 316 863 635 263 171 261 624 451 495 19 625 883 491 518 755 28 15 376 587 161 908 708 849 579 260 551 929 375 975 791 578 344 595 980 64 804 654 946 100 468 287 111 404 386 925 558 359 808 379 125 821 801 7 885 333 286 891 215 146 506 174 364 955 722 853 157 120 280 515 899 907 372 463 702 306 820 658 968 870 771 569 814 
795 599 434 989 810 280 929 469 796 306 287 884 643 791 225 41 728 225 786 232 796 729 768 958 417 180 558 298 926 753 603 471 439 831 179 512 671 924 456 873 195 771 175 419 72 134 506 214 652 936 686 356 579 659 211 578 533 985 698 252 209 698 49 476 450 428 507 319 883 502 550 393 921 545 776 812 283 366 673 879 73 211 223 376 511 519 991 50 666 827 794 961 733 290 207 170 282 967 634 820 133 108 535 112 748 187 137 689 224 670 817 927 537 435 849 935 553 664 398 263 879 218 931 80 51 354 213 620 285 865 935 986 388 313 919 720 334 720 286 196 550 151 778 17 495 381 810 93 684 611 485 947 80 202 15 751 806 998 680 563 733 171 321 553 831 954 44 287 955 914 454 373 503 986 765 584 481 438 747 589 174 20 866 349 271 532 659 384 923 6 720 31 453 254 29 693 875 234 374 453 614 758 174 660 596 112 197 143 263 315 769 863 982 842 388 325 235 263 804 846 289 614 681 230 767 724 607 187 675 741 834 703 671 417 567 383 604 452 510 824 75 23 114 13 236 956 512 688 727 300 979 488 986 396 148 421 16 841 369 594 338 187 465 870 676 75 769 977 143 614 576 649 371 470 392 359 833 134 931 988 133 930 341 576 496 349 776 330 585 283 857 845 385 976 74 638 405 214 619 245 927 119 156 578 34 193 980 167 157 871 82 684 193 113 668 518 281 951 511 448 881 178 690 220 580 651 723 558 700 774 252 152 902 484 280 178 82 121 354 797 749 495 410 920 787 476 515 801 803 307 395 9 530 581 230 932 209 408 480 741 247 384 978 133 808 132 532 32 583 111 541 748 851 934 444 7 147 865 253 481 775 118 100 888 28 272 740 208 424 515 897 168 655 807 941 938 19 738 942 8 117 370 7 235 443 847 146 651 968 942 643 681 935 801 923 340 116 78 759 817 133 716 887 832 230 16 58 197 960 108 750 122 635 1000 275 772 999 934 470 957 927 944 174 307 392 91 812 118 320 91 616 717 457 660 199 264 824 714 675 831 929 427 279 287 976 413 294 656 409 145 563 41 647 226 684 319 112 664 719 216 93 436 312 494 526 589 225 508 913 738 146 863 776 872 359 61 917 501 203 750 
0 512 735 674 723 460 877 432 244 185 851 526 788 6 744 132 553 970 159 73 95 317 77 22 461 654 545 553 936 460 633 897 920 285 43 227 528 250 987 774 688 722 38 822 286 254 731 860 277 877 898 870 567 568 769 342 93 949 210 381 916 40 40 646 78 135 232 359 838 202 921 191 443 200 424 654 826 172 999 822 760 15 699 580 371 73 262 872 354 870 277 992 136 618 720 402 785 797 968 270 803 647 442 117 783 873 111 532 312 303 783 606 909 462 543 785 730 536 969 241 429 330 660 285 528 186 386 921 472 12 761 883 879 36 699 737 837 761 40 446 227 29 308 782 803 612 939 438 391 934 961 723 581 240 514 193 835 9 144 792 27 985 935 434 49 884 237 345 633 171 389 331 999 298 344 680 873 857 801 638 635 616 929 520 556 891 69 722 494 227 327 123 758 782 754 624 24 643 534 357 332 298 765 394 446 1 463 161 901 856 104 685 92 551 37 2 396 349 359 979 150 771 712 469 932 198 824 867 931 73 738 695 990 736 868 292 836 402 516 579 74 372 545 354 178 520 31 682 344 313 822 432 182 513 96 293 281 682 921 927 393 400 51 45 804 803 469 960 243 161 320 946 143 745 459 365 661 652 362 401 332 327 796 679 155 224 50 8 877 9 111 713 874 93 290 86 13 748 444 597 421 429 364 987 122 211 652 727 780 721 401 588 51 862 166 93 279 481 515 453 598 660 817 860 615 499 433 521 800 476 371 721 228 772 145 476 858 370 794 523 362 286 789 478 477 689 773 717 403 884 151 972 424 746 416 586 526 650 713 305 570 760 849 293 532 122 767 889 216 682 566 315 850 648 576 918 500 476 748 751 637 79 437 109 122 988 186 298 64 235 857 911 995 324 847 779 431 349 848 422 498 937 794 251 180 309 468 317 623 457 467 302 309 634 456 628 76 907 551 439 268 716 296 922 508 881 760 309 148 109 411 649 790 632 819 289 516 49 224 159 721 958 707 108 527 137 909 752 390 674 871 153 139 226 478 577 484 4 909 191 838 646 156 494 188 637 300 351 270 402 134 800 360 385 687 180 809 474 647 75 204 230 461 389 412 370 685 808 814 622 885 249 555 850 737 58 351 264 444 869 
260 371 726 702 198 727 923 964 549 226 95 168 969 36 416 601 538 590 391 159 766 496 488 465 351 851 232 679 716 487 639 84 707 414 440 241 250 923 457 379 413 409 986 244 596 859 883 852 392 424 752 382 603 112 781 332 750 887 295 658 562 194 840 782 593 138 333 509 866 121 252 620 621 464 508 986 604 450 168 697 794 23 452 857 959 468 852 543 461 852 413 280 210 596 549 659 948 23 795 987 302 584 951 610 754 193 986 482 398 742 484 391 357 893 699 515 844 186 283 736 329 691 718 54 13 378 18 912 920 782 576 275 588 573 24 160 43 250 638 940 917 220 689 65 165 146 510 80 154 537 497 536 231 73 828 942 860 747 117 728 260 840 691 818 324 587 515 369 184 295 842 56 246 778 417 245 577 528 296 757 359 861 642 844 66 83 764 80 775 300 651 930 238 221 831 287 468 555 778 930 971 768 531 421 956 802 385 585 545 951 78 921 835 125 433 874 722 894 129 343 758 992 796 548 529 835 319 8 109 443 228 328 842 865 335 546 665 199 618 473 98 278 106 130 49 595 662 583 442 948 853 964 306 832 159 638 59 49 378 342 194 228 411 719 248 818 457 29 719 316 285 733 654 76 264 257 660 218 48 921 684 534 575 380 292 636 85 376 537 356 518 873 374 989 991 171 342 744 148 574 1000 983 980 761 214 688 518 186 47 943 474 790 11 451 701 825 855 638 3 982 768 858 594 561 313 706 64 686 410 129 552 183 699 871 523 8 911 328 855 434 172 710 567 307 231 780 303 165 941 778 734 392 449 512 186 93 600 768 564 958 898 611 979 898 628 478 315 777 867 962 689 679 136 211 634 959 935 152 254 354 647 963 874 23 325 185 838 816 135 480 553 677 456 521 188 114 281 667 969 733 699 787 912 255 843 596 738 516 828 222 86 33 333 872 400 567 243 31 149 116 541 818 166 620 418 190 56 473 152 61 80 316 500 817 935 377 184 753 736 152 953 278 349 683 48 173 475 42 771 498 944 572 278 976 550 59 98 812 786 537 64 845 768 369 951 266 170 207 448 163 802 890 921 465 360 725 632 407 414 884 657 866 600 514 248 339 189 597 290 106 307 226 828 557 720 418 187 658 430 566 
838 810 258 567 172 704 499 613 183 293 269 999 887 732 473 238 892 945 101 790 993 977 1 743 622 336 231 669 598 478 99 908 673 158 597 252 793 230 459 269 86 744 245 60 297 726 740 307 628 40 177 443 316 907 38 956 812 441 244 183 95 564 544 680 839 124 391 586 552 128 147 929 454 626 90 652 405 111 885 276 460 64 782 375 736 731 885 281 31 754 296 384 379 821 768 881 600 384 837 945 293 417 461 151 957 920 585 610 469 8 773 935 435 925 468 130 568 489 464 165 390 809 365 690 809 243 504 465 981 479 91 579 277 927 245 14 537 970 345 840 207 93 241 395 972 952 984 987 272 588 155 181 902 2 255 581 501 524 818 107 193 382 259 284 590 108 568 151 22 964 580 175 34 215 513 584 284 284 575 115 486 217 988 793 352 588 862 825 757 93 765 580 962 970 330 698 16 386 368 321 194 319 747 257 29 850 609 530 68 561 213 150 15 102 955 984 720 149 641 48 583 354 513 312 585 717 659 225 712 962 336 118 365 748 541 448 661 442 832 720 304 974 381 255 306 679 424 498 223 933 974 969 930 56 660 813 970 64 928 905 348 907 594 749 888 607 926 68 936 895 19 927 89 697 152 788 233 286 338 24 753 473 940 379 553 240 302 992 380 957 993 493 465 663 283 519 292 614 54 740 583 348 406 883 191 186 511 251 619 489 580 656 493 223 898 630 697 386 790 370 364 49 853 937 277 972 907 256 396 30 547 890 992 2 805 794 783 457 999 44 461 907 993 794 175 904 698 628 719 280 6 699 101 827 567 79 825 224 10 799 223 657 739 156 258 480 796 753 506 394 282 186 297 409 79 107 845 780 610 310 589 513 887 375 440 936 153 240 699 279 864 956 99 738 938 556 243 633 276 145 832 819 164 536 817 577 612 343 37 167 333 638 483 472 730 441 824 207 6 724 689 142 288 897 872 284 796 617 755 761 878 334 406 545 413 471 225 599 711 557 376 256 972 200 377 620 358 104 887 766 329 153 225 659 202 718 219 538 891 669 421 8 151 64 203 572 546 580 523 989 109 24 140 405 107 570 897 590 933 623 976 62 4 849 483 445 603 982 596 762 137 241 942 280 340 841 928 547 571 981 
313 541 50 744 582 656 509 889 712 376 649 281 458 806 31 788 657 963 733 539 799 711 99 912 552 389 191 863 638 504 443 902 235 758 748 295 624 343 586 936 882 130 797 775 248 752 410 145 503 263 651 227 536 987 197 555 873 974 913 850 455 152 385 908 854 780 701 96 125 632 519 238 406 574 16 454 590 247 861 591 792 88 658 878 999 627 507 500 145 63 786 883 182 163 218 915 791 85 868 736 548 804 34 398 297 1 57 268 683 441 194 164 403 457 302 676 645 689 411 124 510 962 956 317 737 247 768 316 764 749 628 545 743 372 538 110 924 886 580 339 81 204 364 966 303 641 192 777 504 439 438 696 141 546 165 104 85 487 611 952 180 819 52 557 570 831 53 471 376 46 749 598 580 293 742 909 930 32 85 87 474 734 685 338 771 567 551 49 452 109 481 947 809 15 847 840 153 151 659 11 745 80 33 205 453 559 78 631 590 804 253 452 479 167 18 680 222 409 745 977 418 708 702 136 652 563 66 350 275 489 169 198 315 816 901 219 74 301 919 9 266 226 202 453 229 644 444 386 168 679 432 375 559 696 604 399 89 699 585 139 459 83 366 676 280 959 487 677 254 574 817 217 87 187 398 810 622 836 67 859 784 512 303 171 132 183 472 667 159 381 603 648 878 542 325 349 678 7 560 937 934 124 501 514 255 924 558 900 169 831 119 745 583 206 940 439 268 255 762 311 521 886 586 445 987 213 984 480 540 716 178 186 174 457 246 510 738 147 153 263 540 316 668 604 707 344 619 10 804 782 65 893 122 792 639 350 638 158 824 672 178 685 168 777 401 833 400 728 547 693 611 825 379 621 27 944 277 709 983 120 81 864 616 808 225 144 669 950 468 326 46 712 109 428 403 191 92 373 973 973 301 746 372 370 154 657 768 249 474 481 748 20 300 199 770 893 147 578 307 827 433 5 909 421 356 57 112 990 6 297 989 410 451 325 951 200 596 413 843 150 591 738 327 713 922 312 795 475 33 948 405 188 521 949 730 466 736 178 128 9 876 421 584 857 429 87 175 168 648 619 684 587 829 685 46 642 314 23 714 928 263 290 858 150 694 886 146 653 377 906 42 178 714 824 85 410 161 178 716 255 
271 59 519 822 45 557 971 921 57 99 705 895 960 398 516 234 302 380 142 510 893 105 903 79 976 956 369 83 95 763 882 588 658 264 141 151 235 953 178 292 479 668 691 243 415 279 365 754 938 393 724 731 573 733 290 710 910 807 474 479 218 493 675 511 529 831 342 456 22 483 863 505 244 465 442 500 822 294 869 491 354 920 46 250 168 960 542 315 372 388 142 568 674 841 359 445 813 44 356 620 57 759 173 874 238 743 104 69 117 492 885 17 360 575 704 102 852 442 732 560 68 290 771 571 78 747 882 766 409 907 819 656 347 570 182 7 472 259 654 663 656 709 536 173 315 117 450 486 999 454 924 63 654 17 782 622 631 479 3 865 663 28 777 93 948 168 903 71 327 343 244 242 570 470 844 57 425 599 380 736 273 504 381 34 467 828 525 637 266 979 130 642 268 798 891 555 722 35 607 764 296 926 560 11 562 263 805 81 452 293 935 587 49 859 764 963 719 329 585 641 280 428 271 827 77 794 331 763 536 236 9 724 27 514 764 685 868 885 162 389 949 61 180 845 592 873 94 779 570 669 233 756 529 805 934 649 926 948 236 702 525 357 964 600 592 373 581 192 930 193 208 388 534 107 536 495 446 713 143 699 673 646 12 721 244 706 89 30 435 8 96 332 679 857 610 425 624 871 515 198 353 402 617 812 817 799 312 805 955 535 976 924 884 204 579 678 371 659 893 729 849 535 36 235 887 905 851 35 777 210 0 968 629 660 123 188 103 331 283 454 84 754 307 10 184 187 693 342 11 466 488 92 830 999 446 337 568 558 411 517 341 144 183 260 430 647 227 450 27 112 593 474 373 164 45 577 936 570 69 784 311 844 605 484 696 687 874 801 989 410 802 174 81 501 345 247 413 342 509 248 133 476 772 374 511 983 799 564 363 689 459 643 991 379 486 224 784 386 728 787 591 264 528 438 360 304 441 217 840 555 324 977 643 947 957 947 414 314 814 394 349 170 47 163 598 189 17 955 118 240 452 890 542 21 522 468 684 835 850 90 129 959 687 761 948 438 173 359 135 170 304 329 911 733 985 16 660 356 388 829 9 178 920 740 982 743 759 519 690 786 910 82 594 685 601 131 943 12 470 446 
471 217 630 990 994 208 802 85 826 273 217 439 406 383 846 807 386 150 697 510 349 386 645 551 607 896 614 637 361 216 92 222 26 863 240 960 110 602 139 563 553 824 853 130 415 998 817 948 827 235 854 389 289 402 924 274 893 592 497 641 469 826 335 992 841 133 507 61 877 957 574 197 481 729 856 999 695 691 448 3 808 465 22 314 469 7 397 121 989 494 920 217 769 880 257 307 825 419 735 782 433 927 367 900 425 682 191 960 196 272 463 240 83 274 680 778 370 628 68 105 332 19 518 688 43 845 599 453 861 585 537 730 521 461 619 168 963 138 476 189 233 256 495 59 899 449 312 395 841 503 140 686 76 423 634 925 6 508 762 245 675 912 865 225 538 185 738 394 800 19 601 763 803 411 471 996 827 554 775 928 877 811 545 888 867 901 202 544 47 675 218 689 284 188 325 654 126 95 123 568 812 696 909 460 441 577 914 201 444 670 4 813 277 321 917 915 438 326 684 123 91 557 923 51 9 48 642 247 493 838 815 34 324 527 229 537 778 57 348 777 488 451 688 348 824 501 321 713 871 563 14 164 374 486 364 388 234 894 461 382 888 76 657 190 987 655 685 199 335 858 463 868 9 803 480 690 339 341 487 408 663 26 711 238 276 896 120 53 686 239 74 672 441 530 784 394 241 59 941 927 654 17 60 848 766 504 608 787 111 720 531 954 724 662 781 170 996 493 773 70 946 651 614 539 291 447 487 953 311 500 729 518 486 959 512 255 547 63 317 968 986 793 818 85 43 106 34 335 939 382 488 908 380 508 759 243 766 472 695 357 917 534 708 817 899 20 451 147 982 902 981 379 386 828 718 537 265 165 536 309 100 137 35 299 697 388 678 706 858 415 969 567 978 408 556 537 413 706 293 625 160 981 349 553 2 305 912 975 209 101 633 262 994 675 553 112 496 981 605 864 860 312 162 879 735 51 141 177 601 349 857 298 271 442 202 443 691 979 808 722 418 222 884 431 283 31 771 869 200 796 163 698 654 700 968 669 464 487 908 874 459 168 222 953 535 504 989 298 944 936 945 449 648 58 501 665 363 814 222 636 584 765 791 996 533 392 797 938 518 375 568 798 34 311 506 427 155 560 589 40 
557 163 794 90 354 759 339 80 635 809 148 262 613 657 263 224 810 254 82 225 350 126 372 283 426 10 303 481 918 91 293 205 555 774 412 296 659 623 530 803 482 265 284 164 361 886 334 159 880 347 665 429 148 60 823 698 570 500 295 299 325 947 377 978 648 649 648 303 320 558 497 932 529 529 617 899 722 723 902 216 795 448 34 319 479 230 746 566 144 121 999 121 978 736 77 326 223 500 607 605 684 802 855 270 791 638 821 421 407 696 159 115 195 360 487 909 836 6 52 543 621 651 144 909 860 526 240 84 754 336 530 35 573 28 462 117 473 366 160 95 366 32 817 552 54 324 824 23 999 578 652 706 268 439 240 373 744 322 897 77 540 776 296 40 486 574 887 163 408 420 521 18 528 793 534 489 938 188 811 917 360 494 991 614 940 784 969 672 187 893 313 968 478 989 713 637 752 794 315 357 902 628 61 475 901 803 123 331 328 296 344 130 401 560 321 830 803 999 218 473 700 669 613 997 395 547 472 539 127 846 884 886 581 672 482 306 624 56 558 308 133 935 41 341 909 885 607 27 808 938 785 439 507 182 646 822 265 475 719 18 62 848 530 219 113 809 42 134 849 876 109 380 935 270 155 287 863 958 231 377 873 548 682 183 730 384 751 682 100 744 999 613 165 752 839 16 523 393 483 303 850 394 105 682 972 905 542 872 489 231 463 89 540 819 458 37 267 771 805 795 121 392 878 528 272 250 278 938 740 637 902 802 396 685 686 948 197 534 197 622 828 574 127 156 621 600 577 999 801 393 634 18 187 485 129 991 826 84 270 382 459 944 5 555 823 188 338 759 101 673 572 578 868 373 335 756 507 119 262 304 805 234 985 485 680 87 52 228 705 480 231 575 339 427 169 316 155 810 26 73 515 206 484 286 70 688 287 995 513 432 248 157 802 380 758 772 811 920 982 599 553 705 370 411 64 916 701 838 583 629 645 79 25 183 57 487 989 143 778 918 200 65 621 490 223 51 419 207 914 923 425 405 798 106 191 297 561 384 272 980 727 724 159 246 186 22 447 693 844 96 919 182 750 15 210 217 490 964 782 953 291 652 5 275 537 523 46 387 23 430 731 899 715 805 306 651 478 116 709 285 
55 930 750 780 863 893 972 18 173 249 774 430 817 205 910 308 349 460 562 860 907 478 460 371 575 736 956 611 430 923 483 226 293 195 813 238 559 741 167 238 738 966 994 360 504 201 898 936 629 70 831 884 549 138 115 32 99 559 416 811 954 405 851 751 297 607 550 538 26 17 392 595 77 255 306 69 189 61 757 571 546 301 337 544 591 233 654 927 104 118 630 325 452 455 552 919 97 358 987 348 945 874 722 783 348 199 61 189 623 8 313 516 580 309 103 595 238 689 394 297 929 478 84 402 704 787 50 571 973 846 109 113 352 703 112 400 108 921 910 995 117 167 319 295 755 344 121 768 760 702 535 56 488 389 78 514 833 77 674 865 343 504 934 263 315 882 589 885 49 776 332 211 111 457 138 951 359 397 357 974 292 921 311 793 670 329 638 578 663 381 92 106 123 118 848 519 86 612 153 425 533 750 893 374 495 779 924 434 760 698 77 812 630 863 142 326 832 681 929 384 86 359 525 873 389 960 818 875 523 587 842 116 263 400 429 314 234 107 710 861 460 732 802 143 332 93 906 259 928 882 416 316 280 800 113 311 661 777 144 286 214 62 843 742 173 189 901 301 508 667 297 175 278 867 517 339 174 303 812 407 648 599 86 941 989 369 589 436 864 728 539 451 139 280 447 380 742 262 620 538 73 366 287 747 800 143 962 140 903 464 600 47 897 571 385 376 386 667 332 931 292 499 170 657 372 417 930 764 348 921 330 789 995 660 491 899 595 333 935 96 824 927 627 359 302 167 743 748 50 609 562 554 332 945 254 619 313 421 660 748 231 750 356 678 673 864 246 546 695 980 49 919 643 886 250 41 937 959 443 117 650 119 66 108 337 422 128 357 429 621 465 927 900 693 774 156 259 405 759 724 263 872 992 616 552 297 549 384 468 152 648 8 993 875 900 429 959 450 108 349 225 433 67 524 194 488 315 721 818 892 87 168 413 79 716 45 573 889 928 377 942 321 501 431 229 795 422 741 166 484 436 577 801 859 324 3 198 133 659 152 31 948 136 911 639 994 438 555 39 121 707 875 714 792 965 720 253 693 737 421 762 512 60 906 535 765 814 762 614 427 980 236 141 281 822 707 936 54 417 173 
406 765 696 29 697 80 488 508 409 660 813 327 337 433 284 84 726 214 844 111 934 292 747 579 376 934 652 83 633 174 924 801 634 954 472 19 307 818 672 445 98 911 271 375 684 423 859 659 901 228 392 688 310 609 841 691 424 480 813 582 294 425 278 763 419 578 55 478 370 802 141 369 277 200 959 355 709 366 632 829 869 317 472 285 821 137 877 133 273 904 573 878 291 713 553 422 91 545 756 338 57 35 344 906 531 788 195 183 498 714 443 485 418 911 851 810 455 235 685 1000 967 896 788 184 452 957 290 338 723 700 414 942 842 948 439 494 483 472 835 612 648 937 477 678 223 455 870 129 518 24 348 361 807 822 849 139 297 864 493 106 758 634 52 886 980 578 878 421 142 95 468 496 290 960 918 574 483 321 737 737 977 791 1000 375 458 78 136 845 517 587 819 585 689 242 820 95 722 639 871 934 347 974 392 393 559 242 761 824 388 964 799 803 417 659 306 983 158 800 42 731 254 24 381 622 282 861 256 84 685 908 484 515 729 361 970 381 418 714 310 521 881 456 633 871 678 955 845 10 706 705 747 139 734 291 29 188 450 97 724 922 152 243 353 553 51 198 251 274 912 450 1000 201 831 623 185 744 973 48 504 394 481 770 594 509 668 822 292 401 525 643 861 929 522 883 961 237 932 378 320 299 722 779 752 52 28 936 952 796 557 343 614 920 645 84 322 325 615 422 780 472 396 287 973 470 925 123 600 125 950 906 262 469 195 477 111 761 787 85 28 694 319 571 417 415 481 846 676 475 74 315 171 477 446 653 570 947 107 840 452 66 665 884 47 908 374 872 518 14 49 18 429 819 537 134 540 60 428 84 974 163 44 542 36 675 677 432 581 628 516 429 875 467 313 254 230 76 548 310 393 772 998 46 826 923 369 416 868 702 240 563 712 592 77 979 975 400 663 342 738 566 557 633 970 78 675 734 358 388 729 880 878 434 90 318 883 383 162 659 928 634 280 846 645 311 57 878 50 109 99 792 612 760 565 418 545 974 940 411 305 296 565 994 515 758 684 761 879 548 89 921 885 924 549 286 20 619 290 398 98 351 843 271 724 84 564 145 292 437 928 350 44 6 563 358 649 263 302 154 668 7 
628 263 901 560 210 924 12 995 760 13 837 950 546 396 69 719 399 451 683 975 596 91 511 498 743 356 647 961 750 822 740 517 806 409 610 362 298 525 220 653 261 295 806 587 328 285 461 224 990 941 1000 172 694 885 9 332 646 606 714 593 833 637 109 957 330 230 563 469 265 53 109 174 159 727 650 35 298 271 278 773 545 880 744 125 512 455 217 26 719 268 835 511 855 3 388 142 918 589 425 231 390 885 736 880 668 260 10 55 854 267 641 234 380 543 22 615 400 979 133 263 464 444 765 888 842 923 810 349 228 935 986 136 698 842 195 80 528 37 467 451 413 775 141 222 483 403 31 283 70 159 751 916 154 704 732 23 872 513 228 173 727 809 338 65 821 533 445 36 366 10 38 265 192 965 344 940 314 976 384 426 896 170 33 530 748 449 112 14 370 192 544 982 40 823 277 140 649 39 360 42 617 73 779 503 953 859 363 61 363 705 357 522 576 391 773 434 172 507 541 673 332 818 700 104 638 651 188 44 473 586 308 532 3 924 189 515 404 623 939 103 147 421 612 921 121 83 34 288 385 903 586 28 453 947 634 765 569 996 518 108 353 438 678 13 376 908 568 848 358 412 520 698 41 846 861 256 265 514 722 828 758 490 262 641 704 775 398 462 241 736 791 187 909 187 532 725 792 503 283 834 235 677 589 112 589 580 339 545 346 934 610 39 783 176 356 414 252 816 233 447 148 60 259 513 212 287 112 550 796 964 837 929 258 530 435 486 35 962 754 609 831 639 420 681 352 921 178 593 505 210 822 559 897 226 410 829 686 620 111 474 696 908 300 258 354 115 602 780 468 370 444 96 892 891 152 332 742 1000 119 521 863 52 695 663 436 419 25 936 33 653 803 149 746 909 416 528 612 431 131 829 48 382 625 36 422 625 347 369 522 662 432 542 514 379 768 218 650 980 674 271 643 578 656 923 637 303 814 664 762 422 669 848 27 901 898 784 404 274 343 532 132 996 107 876 906 647 7 939 389 465 861 377 49 661 477 470 374 637 288 904 869 367 815 153 537 852 575 690 804 149 796 127 823 598 888 567 902 641 896 583 24 65 59 867 684 604 996 241 997 29 606 147 2 732 409 906 806 12 413 152 
51 94 608 364 509 169 355 81 549 200 972 908 526 704 620 957 916 563 511 989 921 472 583 753 886 140 231 741 548 295 416 977 10 63 656 636 88 531 206 191 533 895 365 38 223 612 20 202 940 896 535 86 348 195 182 337 995 573 186 507 936 450 941 108 567 434 121 391 217 817 534 774 181 6 975 495 54 101 970 954 206 685 976 661 388 698 527 70 626 944 717 306 798 763 290 434 201 839 748 520 275 743 604 200 411 514 345 808 444 484 422 119 857 710 986 32 804 738 611 104 418 128 171 944 880 620 140 976 13 54 719 251 24 672 496 558 253 37 796 931 488 16 78 0 756 552 514 667 427 588 723 67 567 528 863 355 665 111 83 40 397 860 353 397 115 71 283 993 26 402 203 394 743 508 666 889 443 623 705 227 204 757 302 756 284 264 225 906 703 740 61 761 906 971 818 561 936 699 335 878 599 364 569 360 578 567 487 585 686 920 826 286 723 997 529 946 628 66 919 129 66 658 467 688 60 795 900 653 432 776 564 473 532 973 331 456 571 366 171 669 410 830 597 577 49 535 409 182 617 186 811 236 969 142 287 590 601 657 309 14 974 185 728 962 296 102 79 187 54 291 68 736 865 805 125 110 588 500 513 774 747 257 831 48 795 158 739 847 946 728 649 25 675 302 186 372 621 953 733 216 39 657 142 968 652 409 452 195 574 619 910 866 196 705 67 207 160 73 984 756 833 268 52 722 961 57 581 461 880 484 100 594 5 146 635 251 501 611 167 237 178 469 54 743 364 328 850 609 424 462 581 619 296 372 926 871 153 58 252 5 46 841 841 619 717 827 12 118 79 816 124 409 776 364 123 726 534 673 981 21 562 663 697 258 684 11 341 938 819 494 9 313 326 776 650 766 729 443 407 231 690 739 402 60 127 3 906 263 141 30 828 591 385 157 460 263 798 133 374 974 93 577 932 577 260 885 496 899 324 914 822 549 688 615 609 714 642 622 379 568 706 900 679 722 644 139 706 950 216 148 346 271 962 370 316 867 707 361 875 450 371 562 807 128 340 487 132 395 891 221 954 220 870 791 605 136 645 795 818 731 323 946 771 341 281 519 546 194 997 360 523 63 994 831 716 785 608 955 79 367 
938 362 109 44 124 373 384 234 438 431 389 531 560 58 585 618 721 146 420 192 114 32 87 641 778 650 827 198 519 731 682 842 868 869 417 597 594 845 30 608 46 562 42 800 849 547 329 850 69 303 394 785 939 952 398 578 825 819 308 383 225 486 663 997 687 153 456 852 147 433 917 954 232 686 762 970 57 797 283 490 143 308 719 110 164 595 755 961 628 463 371 53 563 681 529 473 266 825 281 340 627 340 100 984 152 552 207 238 901 893 103 576 607 355 998 547 149 114 887 185 148 399 48 24 266 56 49 764 253 513 207 588 454 220 967 584 944 561 733 339 334 528 202 408 870 639 158 979 615 1 3 168 224 174 906 114 448 344 909 513 458 122 970 589 603 973 223 455 50 261 975 312 607 83 918 275 81 772 131 118 276 352 469 120 753 756 173 207 213 28 590 124 735 340 802 274 200 127 43 832 604 395 105 749 747 597 131 57 437 937 936 656 361 466 72 559 626 74 918 345 637 794 315 525 693 502 753 466 588 516 740 46 415 186 857 229 640 4 592 67 997 350 601 816 41 285 176 502 244 93 939 86 645 819 11 288 534 655 558 513 901 510 616 163 886 964 710 348 780 745 954 671 529 310 282 693 421 547 848 303 770 533 582 697 115 983 508 983 996 174 120 635 877 416 852 577 422 584 912 231 679 205 706 575 27 12 612 796 400 883 860 244 404 313 978 947 446 292 296 99 614 522 987 592 143 891 401 959 938 540 919 937 822 965 690 777 238 137 844 179 208 876 759 751 21 620 299 648 447 753 247 452 417 831 751 785 869 80 580 284 293 34 886 958 869 924 883 734 74 517 853 557 333 944 548 474 136 613 491 53 245 687 98 326 133 850 389 270 141 548 719 437 312 168 65 93 975 153 954 41 352 190 1 66 875 772 156 746 118 353 622 534 9 675 346 517 421 883 697 933 776 275 92 112 701 976 512 113 287 732 620 479 209 481 910 7 630 792 795 292 179 175 239 644 742 115 100 96 545 689 275 947 892 923 108 796 70 182 636 948 969 364 597 1 883 841 73 15 160 906 509 861 691 713 408 416 277 303 151 391 818 839 828 111 538 556 608 893 625 597 786 175 974 770 419 284 284 757 787 895 
377 72 396 83 765 289 180 134 90 202 933 509 169 980 586 967 683 757 829 152 661 284 9 645 920 832 478 756 898 578 465 411 666 490 714 650 12 910 854 459 222 625 724 139 197 772 848 128 283 42 48 364 713 843 626 158 727 510 141 187 540 935 643 840 443 230 529 830 146 530 306 794 667 867 783 442 571 0 455 104 718 997 965 489 884 394 146 379 353 111 309 503 810 18 958 364 307 441 902 384 261 367 89 284 36 892 30 772 66 385 278 799 990 422 94 369 558 936 47 453 805 154 236 698 311 889 669 281 917 387 448 933 257 640 737 273 752 669 30 309 635 875 16 272 814 982 882 844 502 96 705 362 871 101 382 230 471 879 75 339 11 236 360 21 782 950 181 738 737 31 407 593 836 596 191 735 784 906 143 974 70 7 20 521 905 17 874 833 517 820 157 275 719 785 733 570 197 206 487 543 216 468 868 590 71 708 598 85 974 969 292 820 331 441 150 882 703 71 306 658 497 936 931 73 715 964 128 96 201 838 705 758 56 821 215 126 858 428 861 986 330 689 781 629 840 792 585 169 593 542 809 9 889 634 689 69 981 330 121 570 515 229 621 481 920 139 912 842 386 736 50 773 492 472 124 442 619 660 84 781 937 137 241 117 487 61 869 525 443 518 509 444 314 846 817 40 819 430 497 817 773 48 198 994 652 451 536 377 72 147 930 258 457 996 614 849 762 689 87 729 576 242 839 247 964 468 542 151 129 580 113 549 211 72 725 319 600 386 748 257 549 253 504 627 244 909 416 595 742 481 532 994 206 618 245 559 633 889 631 680 380 270 488 230 435 88 379 366 272 435 495 803 648 830 889 940 597 355 811 321 694 285 339 481 639 477 798 791 564 265 520 624 364 663 515 67 431 33 354 3 640 430 654 5 614 642 49 356 87 608 646 244 630 56 532 470 708 242 437 652 865 376 964 547 911 637 187 873 459 521 140 162 196 312 669 539 783 151 92 711 865 541 553 162 640 967 427 109 370 676 251 966 444 881 294 247 201 884 408 709 141 151 287 5 358 392 582 401 266 947 775 277 747 452 829 481 681 952 672 246 939 8 208 576 528 269 59 536 74 694 779 868 957 859 587 28 655 342 63 357 
814 697 280 166 454 774 774 749 106 313 779 328 973 20 457 792 727 318 522 748 691 399 680 395 181 420 745 794 770 36 973 942 923 490 468 93 818 437 452 817 878 559 385 600 854 109 648 273 600 52 920 134 354 464 900 453 175 959 401 486 940 701 442 182 785 997 346 231 441 626 517 450 901 327 744 294 197 458 119 794 935 738 890 458 883 604 564 834 842 664 172 341 99 90 6 738 923 355 906 60 114 966 15 808 545 415 594 492 989 279 359 550 592 747 430 444 757 94 65 671 502 747 951 296 544 446 840 990 52 358 50 80 325 604 124 166 672 207 188 144 653 653 884 797 436 714 461 820 582 161 414 702 180 598 193 980 590 763 48 829 852 757 745 166 283 312 262 457 66 368 256 59 224 753 381 232 774 93 322 323 289 954 354 717 956 114 434 956 977 669 261 802 165 670 290 716 979 649 418 979 849 991 765 345 763 693 472 903 56 687 86 418 762 825 441 623 899 732 385 71 227 548 277 564 514 963 630 205 625 180 545 425 166 770 943 472 646 904 366 969 309 83 188 505 107 350 762 288 611 996 320 421 494 378 921 673 943 484 68 876 474 696 820 268 77 264 504 61 119 556 777 353 783 538 318 396 477 644 267 49 747 292 649 531 372 582 376 885 893 612 602 259 568 559 988 568 884 371 930 0 844 807 560 456 380 479 910 732 220 334 803 547 745 292 829 239 108 550 498 187 187 77 596 957 164 813 366 437 982 371 317 520 420 447 481 802 832 464 927 447 36 555 666 303 651 727 982 433 872 773 804 169 278 275 772 275 939 440 660 568 378 361 216 910 37 21 873 137 422 547 64 376 888 122 864 240 97 353 72 97 651 17 908 420 252 273 607 626 67 695 561 572 943 909 154 946 456 197 852 967 758 358 559 429 752 727 90 225 178 434 554 982 431 576 479 377 212 120 152 230 541 966 311 448 903 570 769 884 39 258 478 976 304 523 960 730 635 779 344 529 388 170 47 699 65 715 12 95 131 635 562 824 721 579 660 493 157 982 835 183 359 308 179 295 852 503 550 331 630 885 871 829 174 549 540 95 751 127 196 523 235 575 931 348 991 622 577 716 55 689 578 321 565 855 298 636 805 822 440 701 
275 450 49 941 643 965 652 956 555 323 993 953 335 128 638 606 560 935 489 198 168 337 822 38 974 57 305 538 595 975 517 988 575 930 751 860 748 162 479 873 528 560 86 513 250 387 115 768 662 687 899 435 707 195 39 860 779 961 505 16 131 761 113 774 924 154 494 780 435 301 600 431 522 583 195 489 659 925 474 699 849 586 32 82 263 862 473 314 121 571 589 333 129 204 392 362 74 685 65 504 264 784 369 120 763 54 34 251 333 483 443 997 515 38 284 109 452 758 388 406 909 949 361 808 364 627 494 467 746 473 740 453 296 183 769 451 895 613 453 915 642 25 993 9 596 586 239 459 579 841 786 928 531 170 509 198 104 890 917 880 529 674 89 92 74 837 593 806 295 666 453 482 759 181 213 360 105 556 432 862 186 752 616 968 184 308 977 433 979 607 355 879 765 724 966 729 513 143 189 584 300 70 734 944 8 76 606 439 869 313 808 332 785 767 831 811 681 264 26 492 522 594 17 694 74 965 779 735 162 488 237 223 840 34 14 412 120 836 179 872 264 231 722 640 976 81 769 53 597 448 848 144 59 793 94 112 69 381 881 816 482 42 614 729 70 617 552 231 153 823 155 571 664 544 503 249 416 79 177 310 528 197 969 568 56 999 747 499 375 318 666 226 839 43 381 45 481 88 97 192 620 561 381 985 620 368 884 265 499 210 729 416 666 766 193 114 952 325 798 77 219 367 910 952 247 185 580 554 914 262 952 417 513 442 752 173 347 368 715 772 3 289 892 158 3 592 703 821 367 607 265 658 60 42 297 393 530 519 469 258 986 991 231 611 150 482 291 459 88 93 402 547 374 297 235 365 398 76 473 128 196 211 772 147 971 325 939 773 222 641 972 833 520 953 380 46 339 95 980 176 939 584 534 332 1000 983 199 741 967 696 624 695 87 179 795 45 360 562 513 295 520 548 619 746 696 673 793 270 722 72 645 331 763 672 708 847 548 920 608 947 917 55 517 425 39 176 860 218 156 691 913 62 57 249 524 504 788 520 910 108 431 754 331 207 357 13 498 42 152 865 717 118 193 795 425 890 773 870 668 780 346 247 925 916 16 149 823 100 689 887 890 40 168 590 130 88 677 654 982 756 
819 335 89 528 576 343 494 241 592 658 818 287 458 638 955 395 272 959 890 231 270 434 77 131 607 84 918 329 0 341 695 557 638 911 65 9 545 536 548 960 311 312 977 677 521 505 697 625 906 749 81 303 712 192 335 958 299 505 993 572 733 953 565 709 489 587 717 617 262 489 313 945 158 943 879 891 720 286 553 658 481 943 674 562 12 607 301 179 479 36 988 77 509 101 96 731 452 244 587 0 306 933 878 55 412 722 674 150 290 854 557 777 461 964 222 891 825 334 953 670 459 179 347 672 958 278 632 822 21 365 273 793 466 747 52 33 165 39 912 350 756 202 111 232 156 912 360 239 658 389 772 324 591 553 16 455 798 348 185 858 33 410 735 675 25 289 532 976 16 474 851 247 71 407 92 3 966 88 158 2 138 687 201 729 299 217 710 535 275 411 212 585 438 565 95 362 98 282 885 202 895 1000 365 367 581 970 50 396 410 127 344 695 250 422 735 841 374 317 826 344 109 114 427 105 926 717 423 139 118 160 949 283 967 530 47 451 763 305 652 615 941 404 901 924 420 637 511 224 896 692 432 334 212 264 573 333 676 349 138 288 81 101 344 349 252 614 647 581 968 736 344 453 350 933 493 674 654 507 913 342 685 139 805 583 217 550 959 797 86 733 891 803 828 385 296 263 554 580 462 556 714 594 354 115 382 566 871 962 485 208 750 351 482 218 261 285 750 769 65 908 139 668 28 703 239 374 380 39 434 460 542 486 694 555 839 85 836 598 324 501 946 931 10 3 363 371 273 674 700 133 484 146 810 934 856 720 579 65 55 978 368 872 265 20 711 100 53 657 766 646 397 800 897 359 293 644 137 424 630 626 223 367 352 729 998 29 220 864 322 898 832 135 732 525 899 679 115 73 758 730 557 140 692 43 681 485 387 361 689 847 986 2 559 422 293 401 550 813 293 732 248 468 550 690 735 160 745 996 968 157 762 600 339 313 722 650 380 402 498 623 637 903 848 91 104 825 439 204 838 649 832 14 466 758 352 972 499 235 621 325 591 105 548 720 204 913 513 134 300 580 571 660 921 226 380 837 261 335 79 900 26 129 702 748 728 665 605 789 846 633 343 252 316 323 220 607 962 67 939 490 
943 713 177 89 311 215 924 339 24 967 802 529 816 941 335 810 387 668 431 416 73 343 309 226 571 422 604 636 407 626 858 209 869 263 209 784 614 628 287 653 820 726 51 653 858 578 897 281 875 874 813 720 605 549 135 534 166 300 408 34 130 978 425 767 332 229 668 135 698 252 723 969 556 857 919 506 17 951 572 701 180 58 192 266 903 27 284 575 208 426 247 424 999 653 559 14 151 729 760 622 591 63 704 501 383 325 281 295 992 907 683 723 102 799 855 643 915 361 779 340 643 132 334 411 53 18 4 466 280 519 896 797 653 606 531 797 473 515 480 334 587 627 574 957 189 973 330 293 220 200 67 43 112 790 159 369 654 606 634 571 632 130 637 616 358 338 353 18 710 332 90 608 581 183 727 430 328 885 248 808 278 542 114 307 759 389 380 457 755 797 331 660 935 657 797 218 997 781 769 892 217 813 97 897 486 399 877 826 965 649 584 826 159 418 714 204 844 270 686 390 940 229 712 464 501 548 129 510 134 218 478 113 686 975 423 777 110 695 681 339 992 289 864 924 161 916 90 631 224 974 171 115 324 761 886 736 336 732 280 784 946 404 176 742 326 630 277 397 897 564 130 497 246 615 975 990 650 833 296 296 727 680 798 912 585 356 953 989 301 916 626 855 927 123 985 839 66 909 236 993 877 337 938 927 305 269 860 21 707 336 965 664 404 500 930 660 67 651 520 469 216 864 295 619 768 308 430 888 408 210 211 72 512 170 539 974 97 435 216 950 156 982 730 880 656 46 408 680 18 891 51 637 941 78 414 399 452 726 163 465 53 797 911 580 332 56 763 150 519 861 445 2 962 627 850 897 547 576 574 130 783 924 579 873 799 93 148 910 557 857 650 531 990 501 735 190 10 984 44 312 293 467 916 485 967 682 375 339 137 811 832 375 402 399 967 282 817 295 215 458 637 857 519 240 412 803 436 41 950 642 748 282 393 840 137 199 817 70 799 755 214 810 998 377 368 940 98 27 39 113 752 875 184 138 724 308 283 919 377 278 148 27 420 29 754 481 686 908 949 927 371 24 946 348 139 246 720 979 439 37 507 400 803 337 971 748 878 274 707 326 124 382 556 591 546 980 323 775 890 695 
985 454 287 917 713 229 446 872 329 336 433 857 71 993 214 889 217 151 675 40 362 848 295 452 655 838 45 942 886 664 170 99 978 776 518 75 80 111 932 791 993 442 300 276 461 779 166 637 382 320 432 492 220 285 316 54 49 777 210 164 71 985 616 197 549 878 746 234 704 661 782 406 485 261 607 43 649 687 882 464 895 136 191 744 35 145 172 4 922 343 507 238 246 915 560 314 496 539 536 836 524 86 90 4 94 341 824 492 785 267 662 624 522 701 2 696 530 255 799 773 517 610 539 126 400 274 279 703 688 509 684 591 995 486 659 912 216 86 636 35 902 763 168 729 614 770 365 204 659 103 760 688 145 645 370 433 431 106 612 733 592 869 430 662 309 725 308 789 145 363 673 593 263 344 701 19 691 956 256 916 485 199 701 5 634 926 212 530 640 496 260 446 249 337 675 787 77 233 787 321 357 942 563 10 992 643 296 108 425 586 175 895 647 767 662 356 971 651 31 104 721 469 996 121 891 0 641 730 228 329 431 519 790 47 561 176 785 773 733 438 113 983 478 263 195 150 715 639 743 997 68 474 506 49 623 355 46 812 614 379 518 123 856 979 932 961 932 217 18 638 450 919 210 212 757 972 686 823 862 29 579 716 843 306 833 723 487 477 935 847 142 939 614 698 836 900 442 354 315 352 605 246 184 814 572 844 213 788 868 628 798 827 235 178 453 217 972 102 833 420 53 643 269 309 741 453 401 787 155 715 622 565 961 605 851 630 682 853 695 732 678 667 560 213 569 492 455 775 479 425 605 287 470 333 649 510 964 499 286 943 199 118 268 502 606 819 940 731 581 59 887 656 412 155 258 417 174 846 541 646 786 789 119 16 859 7 30 662 982 162 827 323 716 677 928 903 713 743 992 897 219 545 925 521 745 28 382 849 886 269 580 26 85 29 365 976 11 126 436 773 567 298 29 630 253 149 637 905 729 846 538 455 166 744 171 974 171 344 391 161 364 12 515 482 735 667 152 277 253 256 831 827 911 97 450 921 991 925 42 675 832 655 176 430 749 890 723 159 764 777 934 664 290 284 7 83 799 215 702 838 923 56 214 433 233 60 991 446 310 172 288 632 505 69 373 598 568 667 672 599 
878 66 562 564 931 380 661 978 313 69 78 608 21 296 701 334 755 640 951 992 432 603 978 93 876 818 618 334 363 612 975 742 178 80 897 271 936 188 316 838 790 222 826 963 234 955 405 711 267 345 316 915 551 273 972 238 546 679 824 683 541 461 30 551 696 568 904 530 405 159 742 484 394 439 263 465 212 652 477 116 554 906 462 542 318 33 288 99 679 83 509 667 903 748 272 311 653 859 424 448 476 310 346 711 581 7 690 932 978 641 835 127 826 633 462 838 741 491 623 366 813 405 904 357 899 573 786 704 335 655 865 628 711 971 853 197 407 700 543 301 546 159 745 835 729 479 228 543 774 159 398 885 121 453 192 276 476 960 640 270 615 914 547 841 9 27 464 872 519 371 787 729 982 646 220 641 41 842 567 714 654 544 207 248 436 260 398 423 149 917 136 853 978 435 802 458 471 697 452 232 563 892 573 329 566 70 635 790 304 252 718 966 787 659 461 201 146 20 109 709 933 601 307 59 785 224 754 887 552 999 700 922 604 362 594 826 374 553 508 842 229 822 779 607 484 317 413 441 84 222 3 880 736 279 775 969 818 451 503 59 668 636 916 729 545 653 539 983 932 261 801 274 893 526 954 752 79 543 51 791 223 267 16 884 717 28 144 762 295 791 755 229 485 583 468 18 509 83 353 787 246 708 1 101 737 674 203 309 430 601 261 490 957 766 974 970 169 743 721 980 264 844 646 883 576 610 125 942 907 346 357 894 936 398 720 291 357 497 730 238 74 938 196 262 261 578 432 190 222 434 952 739 74 559 357 909 881 80 136 689 581 354 820 903 145 951 604 400 854 998 779 597 518 855 900 741 477 232 727 155 351 633 484 772 187 697 778 345 915 529 274 876 329 663 543 752 785 560 233 681 290 662 294 266 854 168 401 291 540 668 411 374 214 918 305 796 190 718 902 433 691 254 558 245 546 920 252 211 147 311 72 450 892 60 843 72 805 678 748 917 924 37 436 896 685 781 422 910 646 179 881 910 937 944 56 406 710 438 843 35 212 145 957 717 24 520 983 727 897 552 449 954 891 851 482 231 187 690 135 192 26 688 859 212 593 698 732 203 546 778 626 738 847 528 785 562 245 727 349 871 
766 74 223 519 883 223 928 152 131 329 653 510 914 330 50 195 364 288 850 170 632 541 846 275 127 417 595 559 984 384 52 103 727 489 946 668 279 148 707 798 311 59 15 853 323 780 35 206 652 477 611 354 317 889 506 795 823 790 998 133 971 715 181 76 309 807 571 656 839 662 227 581 653 987 129 62 731 493 29 483 939 11 67 858 147 280 492 568 817 316 779 234 957 430 745 618 989 34 626 537 265 61 546 657 688 88 589 631 90 540 282 791 579 227 887 258 246 819 856 510 980 429 369 892 524 854 175 143 526 515 969 90 189 725 617 991 719 15 631 457 718 503 491 567 570 79 168 962 830 111 598 445 368 20 988 583 547 952 722 47 140 96 659 521 933 411 444 996 876 682 607 52 634 411 99 38 282 909 660 639 651 724 289 388 779 366 325 344 60 991 572 986 271 658 103 52 525 546 970 243 676 360 645 438 189 774 284 163 74 50 691 556 80 550 249 900 755 57 447 443 537 480 388 588 558 847 634 356 345 224 593 473 146 334 718 133 849 992 614 9 425 18 475 725 126 198 577 464 493 860 74 23 28 337 166 464 567 368 474 476 204 528 433 353 440 122 324 587 479 320 279 446 866 42 740 834 69 257 575 437 319 690 840 975 325 73 432 289 812 986 553 321 79 301 132 883 594 547 703 818 837 246 462 302 576 311 722 495 463 940 22 624 945 194 794 344 415 575 263 272 815 830 974 832 653 111 917 685 665 444 542 330 276 876 702 950 219 266 812 29 509 67 550 638 305 529 776 228 974 659 473 948 654 157 845 358 180 206 90 89 32 800 378 595 708 592 871 190 165 883 791 745 472 891 165 202 706 329 396 69 259 484 27 785 541 757 935 408 657 40 323 719 918 349 909 307 231 942 871 742 507 299 629 927 951 455 225 475 96 260 655 868 209 373 758 883 77 919 546 852 328 678 775 876 352 437 409 486 575 947 368 856 990 718 161 849 754 502 521 38 413 699 459 94 571 384 728 403 765 919 49 174 349 732 310 945 29 414 218 980 973 434 776 537 548 523 484 949 790 25 789 162 82 822 534 193 195 729 21 449 131 461 872 170 165 291 576 574 710 35 372 710 188 52 522 788 193 805 889 697 
266 196 480 749 628 855 133 21 193 571 668 674 321 991 656 656 236 810 64 548 373 630 487 211 638 975 411 665 776 23 491 774 510 196 391 186 287 90 734 812 771 151 253 914 867 673 568 154 880 854 432 439 130 578 32 296 779 220 968 455 500 567 285 76 186 250 370 362 292 388 681 142 125 854 512 872 808 855 374 673 554 453 876 746 491 124 924 88 412 537 854 918 453 142 366 330 542 7 389 559 492 400 496 658 827 417 519 480 238 16 578 429 435 838 123 901 984 647 209 431 305 796 317 462 757 578 182 441 173 396 561 440 351 11 40 446 139 461 241 942 483 810 730 487 764 560 362 594 221 848 399 608 475 247 448 409 465 278 761 415 830 787 449 225 400 565 110 479 982 795 793 349 790 88 346 572 731 704 318 475 553 587 536 260 661 910 926 720 765 937 55 727 9 570 269 348 286 581 202 0 796 220 369 934 561 30 477 554 312 60 405 884 632 421 670 43 251 748 169 889 169 4 764 902 945 63 896 510 979 158 126 711 337 707 812 356 424 77 813 833 687 265 119 911 74 479 703 929 840 35 977 148 355 688 842 582 217 39 998 463 173 514 617 572 660 571 4 296 371 746 723 900 561 152 492 874 91 195 117 356 955 382 751 545 723 512 400 84 55 378 358 283 60 728 691 624 615 703 216 856 708 733 678 963 550 134 855 512 73 585 259 27 592 809 311 752 386 925 382 354 19 680 682 736 235 670 818 935 792 895 568 433 289 686 316 370 405 278 268 761 310 379 708 974 265 142 432 199 643 734 196 626 72 883 732 539 728 728 349 717 27 882 996 199 279 636 781 398 485 235 721 996 253 642 697 369 429 714 51 348 913 261 942 620 891 256 354 427 970 933 417 753 136 227 8 457 322 203 1000 787 673 914 527 838 970 874 89 145 284 702 488 677 762 827 479 450 748 9 676 236 661 393 242 200 729 605 395 694 20 4 839 799 946 688 195 559 586 698 624 21 554 614 212 751 833 220 905 841 875 597 298 799 225 51 13 307 860 413 197 74 313 91 360 959 58 917 720 875 554 866 577 747 372 468 452 627 930 655 584 137 340 989 774 334 940 72 733 912 703 643 447 153 168 522 453 583 286 632 142 991 
790 150 651 740 417 962 953 384 742 179 332 278 631 911 856 672 115 459 714 229 288 305 907 187 543 840 924 939 875 662 12 210 399 433 261 303 510 791 690 357 241 796 844 944 737 364 376 878 13 777 579 985 759 3 912 733 523 593 711 3 934 523 324 87 733 62 16 233 177 434 913 923 497 505 544 107 855 601 756 587 229 223 179 227 313 27 449 847 268 879 107 117 554 286 708 484 11 498 75 589 373 322 420 162 69 201 700 633 177 917 249 662 376 704 447 682 824 492 757 941 739 990 27 991 545 804 394 185 523 876 398 164 449 865 531 98 670 546 735 58 727 374 429 866 194 487 365 891 965 449 349 136 312 993 953 67 997 79 102 577 114 616 681 740 225 989 691 685 642 659 510 809 855 644 4 458 283 65 172 814 523 598 571 626 308 526 828 801 339 105 362 294 319 370 955 663 819 469 979 286 712 319 846 580 525 971 726 265 428 139 972 37 353 693 196 648 670 359 247 573 390 802 602 10 691 572 436 615 896 848 135 514 334 173 172 2 967 525 346 380 236 775 105 336 193 472 556 114 637 882 839 798 762 541 410 529 628 24 499 928 251 348 461 819 485 195 355 656 43 993 97 844 265 289 786 431 960 814 409 611 64 2 860 35 792 714 949 63 564 611 355 599 835 497 746 945 606 748 455 905 907 323 707 682 751 720 108 473 904 389 333 347 748 915 485 42 831 363 847 187 219 284 36 977 749 988 878 414 579 482 885 221 722 382 196 727 447 965 875 726 827 485 551 498 602 870 349 790 303 710 886 799 915 770 130 855 432 646 372 656 197 304 602 163 643 358 824 668 376 17 724 43 679 338 243 952 176 702 791 741 94 273 744 3 665 128 399 455 598 863 694 129 762 763 949 612 787 63 730 996 9 355 846 907 702 201 240 977 625 75 378 977 99 986 19 482 852 98 123 798 288 981 278 175 108 452 840 628 305 280 638 340 517 450 765 439 355 870 974 551 240 460 624 779 19 239 628 819 313 63 31 156 457 462 209 829 627 687 188 516 307 687 758 698 526 425 998 251 991 136 935 60 557 46 113 256 441 773 101 103 734 158 754 78 645 179 500 267 329 963 24 137 76 457 446 257 312 871 332 804 
304 410 990 429 535 529 521 443 39 444 239 888 32 694 1000 236 832 561 168 462 749 575 56 563 294 961 588 552 776 407 78 206 448 595 997 514 371 726 456 477 509 664 756 283 249 813 127 362 85 74 839 472 140 977 387 42 166 566 778 545 710 705 194 664 906 244 466 365 706 514 429 463 536 577 394 723 422 548 482 581 211 664 54 101 392 85 754 148 971 874 667 564 167 930 643 912 463 467 938 373 60 182 726 42 407 419 455 785 851 690 85 474 343 240 81 965 306 988 847 428 143 783 827 414 967 768 682 947 21 893 472 254 533 544 740 306 836 557 44 689 0 945 97 46 581 706 908 619 871 927 408 604 542 118 833 180 51 105 897 676 259 353 761 82 496 921 45 205 170 304 168 377 741 724 789 170 280 62 148 165 410 600 778 230 728 936 516 748 521 175 740 504 452 677 417 402 783 56 827 217 7 34 898 114 890 856 549 924 400 596 441 416 457 587 728 780 24 15 395 810 592 620 935 893 82 823 409 550 812 224 704 283 820 546 371 737 286 88 883 815 240 713 12 679 892 543 675 592 161 344 340 601 71 655 685 312 457 6 1000 389 503 307 798 253 788 653 661 794 60 388 68 748 983 368 629 621 240 657 701 997 932 742 830 838 799 756 161 635 664 885 817 221 779 457 992 860 219 956 130 523 655 877 828 625 477 106 479 911 296 416 705 494 574 326 169 238 540 917 782 833 321 937 334 766 299 299 13 782 631 149 923 309 922 562 37 51 797 802 583 430 354 760 91 780 786 735 718 700 434 206 481 633 554 775 497 607 858 580 225 82 111 530 867 216 538 653 685 177 28 112 687 618 727 183 69 181 491 796 90 254 887 520 513 810 393 760 140 562 468 366 79 724 260 171 902 72 960 706 732 464 757 223 109 996 603 287 457 153 776 991 695 898 731 55 275 391 295 316 264 629 837 306 975 438 819 571 826 874 723 710 561 516 275 280 669 985 487 651 549 541 311 726 119 545 272 41 949 760 254 660 902 796 367 277 809 151 266 84 927 103 760 886 532 109 909 99 742 481 604 961 834 358 244 612 867 726 587 643 872 573 66 772 130 153 371 309 464 429 363 12 892 828 855 489 192 321 277 392 613 606 
406 390 185 344 553 208 888 531 403 925 870 658 789 7 257 812 2 701 570 715 496 843 11 862 944 976 117 730 537 683 780 265 514 443 68 472 937 333 4 397 423 39 499 532 781 650 11 136 134 601 359 638 187 508 829 272 515 665 217 792 867 941 46 346 891 570 871 893 492 278 286 486 994 341 846 258 43 964 321 594 35 702 906 910 590 256 175 348 488 457 450 618 41 98 311 825 887 662 952 703 996 355 806 902 328 519 625 713 859 893 159 558 257 161 679 795 119 690 4 343 677 395 672 937 575 448 573 250 818 163 416 117 254 663 292 251 95 386 193 16 949 786 700 252 255 324 601 885 887 590 66 986 101 456 695 806 34 308 888 125 43 292 83 526 627 527 272 1000 635 922 396 143 664 837 298 173 913 903 636 574 476 657 487 63 12 642 720 473 829 421 102 303 690 852 395 591 371 954 901 700 971 32 541 740 994 776 722 681 29 770 554 43 582 78 716 207 105 192 767 969 955 643 495 919 569 977 445 222 706 458 955 403 460 256 242 909 711 334 579 17 982 541 716 814 649 683 730 494 755 616 789 626 649 790 713 944 829 876 23 518 95 265 99 448 525 225 524 29 172 471 924 142 478 516 871 431 355 862 911 46 121 848 997 966 498 82 870 31 678 169 491 415 197 605 801 20 36 804 688 997 1 608 809 515 769 417 961 226 300 777 416 215 21 841 519 609 224 421 617 266 169 48 586 35 35 739 704 961 519 686 534 953 562 328 643 812 504 290 713 142 715 878 960 701 719 150 186 290 995 826 25 760 997 544 830 146 579 245 140 853 444 617 656 819 734 784 29 807 25 159 910 157 747 836 895 792 644 214 874 871 585 554 413 729 293 395 968 172 413 446 210 761 674 233 335 18 893 951 488 311 803 253 361 679 826 640 75 868 928 875 227 791 390 421 301 244 622 659 701 974 180 112 699 910 811 534 763 311 671 384 246 348 994 285 91 609 518 24 222 648 24 533 968 558 279 488 640 236 910 163 976 894 982 685 83 891 25 593 739 213 122 270 705 987 602 888 572 505 700 604 249 294 643 580 868 635 872 485 912 735 459 499 832 698 436 437 170 421 962 352 757 137 548 643 576 259 347 847 136 290 
743 540 278 851 79 484 957 291 644 913 468 108 720 22 122 217 802 101 810 145 355 356 641 309 389 190 333 686 463 886 167 927 765 731 613 7 760 698 743 895 806 925 747 60 462 95 191 209 74 828 427 479 510 2 195 738 373 584 41 123 8 69 475 407 405 897 454 46 447 891 723 834 43 853 918 196 291 519 908 60 38 850 858 54 198 533 268 821 491 193 145 73 353 252 911 444 352 23 612 653 597 265 900 543 412 936 824 513 422 406 412 638 700 51 341 578 606 281 270 115 749 995 145 25 816 1000 269 885 320 713 701 342 43 756 754 661 666 224 325 251 690 150 460 302 19 858 634 29 270 780 713 757 20 77 262 152 925 512 317 645 860 395 580 782 346 618 370 272 924 679 420 282 304 814 777 523 827 495 260 738 139 784 953 209 21 316 870 214 115 300 185 867 30 782 874 777 788 220 737 721 305 893 112 878 787 419 420 897 65 252 912 296 39 549 960 113 858 727 875 865 290 922 171 718 104 415 720 997 833 626 688 988 642 886 833 945 572 961 833 461 520 549 313 932 438 541 426 693 237 626 190 84 99 819 146 597 310 351 464 550 243 689 146 453 669 194 155 379 754 945 679 592 339 134 559 477 315 294 136 151 809 175 172 240 601 112 516 750 260 777 249 395 787 543 614 514 220 577 374 553 230 567 267 473 164 767 505 483 169 394 79 250 800 508 986 662 774 393 382 347 226 259 940 749 862 596 81 583 817 542 953 265 438 541 807 437 748 632 775 983 836 621 913 114 17 921 987 968 716 158 429 944 556 854 301 409 529 178 455 751 481 8 208 808 540 534 420 168 156 212 786 966 344 250 349 102 715 135 849 73 463 722 995 756 969 995 278 461 347 947 212 719 367 514 904 889 24 137 443 126 626 64 545 883 318 149 587 452 52 143 349 328 997 818 860 564 871 257 65 975 732 595 296 864 329 588 386 382 914 997 307 573 83 526 142 114 746 245 561 908 768 141 421 835 842 718 536 525 107 145 874 178 36 979 187 590 508 176 514 23 702 894 957 763 51 221 451 551 630 888 722 966 362 729 468 742 565 811 997 58 655 205 905 661 364 796 52 19 363 73 119 253 851 488 173 165 197 376 367 768 
391 491 960 72 475 33 7 220 770 114 767 638 454 238 917 550 855 36 805 115 138 413 583 786 261 114 371 812 910 18 167 52 872 951 402 452 347 511 765 40 418 728 274 750 253 234 11 544 771 80 579 621 187 402 937 173 204 114 660 946 920 271 416 249 366 223 846 181 843 802 759 234 587 901 731 140 539 938 271 341 642 806 474 663 636 119 446 198 774 578 321 175 802 802 411 964 241 218 692 755 939 745 50 984 185 771 811 142 441 748 24 684 626 812 771 224 217 280 273 98 299 769 566 934 117 403 258 327 485 479 302 673 336 190 141 887 611 203 280 929 761 696 547 771 66 92 7 385 985 861 321 952 835 540 58 131 635 872 511 972 899 783 189 254 292 261 694 160 7 586 750 153 107 741 378 106 684 68 720 231 152 334 770 786 9 579 640 929 644 668 78 981 59 46 240 743 977 736 130 630 919 777 422 438 385 304 954 750 881 922 600 31 15 168 667 204 295 66 999 115 888 276 379 933 895 796 269 623 30 241 464 13 166 461 828 787 701 812 395 188 429 306 182 270 583 665 872 753 245 781 465 570 778 942 769 2 6 697 808 761 743 872 400 588 456 991 865 498 808 177 570 480 380 414 527 470 208 847 655 802 728 758 492 885 456 45 348 895 300 583 577 163 315 387 274 51 527 469 91 534 678 509 816 717 709 522 289 98 764 633 900 676 947 174 287 472 757 508 268 726 515 83 129 230 205 29 557 457 222 830 232 632 584 644 429 417 351 436 657 529 392 348 59 861 142 983 513 579 539 41 790 120 921 41 646 428 599 648 579 217 459 583 322 19 451 516 219 803 469 610 963 83 483 596 433 72 906 749 590 367 203 938 315 57 97 320 915 138 920 933 289 631 203 814 848 323 43 60 717 733 200 879 396 206 792 527 736 269 759 388 348 704 84 262 728 60 889 269 187 819 913 524 17 930 239 747 935 296 989 147 824 313 324 39 156 816 43 567 982 317 408 588 781 29 984 270 994 414 819 272 54 366 311 124 393 740 470 610 851 980 295 753 714 896 580 788 977 193 36 319 546 517 579 560 882 761 114 197 505 200 325 472 826 736 570 696 841 891 290 652 111 510 642 538 662 229 590 592 407 780 
268 507 142 835 861 212 195 824 893 632 907 410 420 268 393 874 762 557 6 679 601 595 813 995 974 145 730 943 323 959 28 392 487 16 170 924 832 910 369 41 672 682 944 985 69 348 427 205 366 249 137 261 875 725 959 578 654 331 606 212 662 523 561 391 865 914 284 635 630 87 847 935 16 407 679 545 656 383 209 202 183 890 434 990 975 389 420 637 107 504 230 966 700 785 101 721 517 572 349 884 130 444 215 190 809 758 436 939 159 942 778 788 470 659 664 274 498 914 76 529 69 551 943 526 949 272 80 169 624 368 140 437 805 885 150 119 142 520 457 417 677 286 716 397 876 257 133 706 822 434 135 303 141 283 835 297 903 222 333 808 990 852 422 32 980 998 499 498 125 770 928 687 201 230 378 272 533 849 295 396 948 776 777 351 736 152 236 671 170 618 98 625 751 584 865 465 46 605 23 780 560 274 643 590 252 388 38 993 684 689 99 184 60 336 683 571 746 425 96 312 290 284 97 612 597 108 189 792 329 536 364 79 436 302 741 1 33 341 319 9 160 309 430 330 246 663 748 789 807 160 640 81 363 271 48 362 186 247 517 712 915 43 133 518 744 716 164 143 814 297 647 205 811 637 151 776 87 942 739 326 715 516 151 817 239 426 424 262 694 548 347 631 546 764 742 426 114 828 441 721 337 285 911 546 48 431 970 88 6 639 472 834 475 1000 902 874 350 242 647 213 552 229 187 22 474 580 969 222 784 984 314 167 497 88 585 714 479 166 665 315 475 154 927 520 180 937 634 386 534 97 173 980 293 741 17 330 174 963 998 24 498 580 993 168 546 498 684 860 126 939 371 977 342 786 38 722 648 327 461 452 723 546 616 197 515 776 230 691 706 416 237 843 806 73 730 88 409 930 597 119 995 379 692 709 800 280 508 634 179 290 171 506 454 763 645 591 718 859 595 220 183 878 782 222 211 162 472 810 821 196 26 189 222 760 611 864 1 212 290 937 818 449 821 766 934 332 233 795 431 930 7 902 15 71 81 205 17 623 71 89 918 989 715 345 884 969 781 49 198 675 307 730 569 626 402 558 529 661 173 317 926 966 633 673 558 961 95 163 427 275 209 564 980 43 435 542 546 685 931 380 
398 260 467 675 360 28 201 223 159 282 488 659 654 311 640 3 911 753 18 93 921 61 218 291 381 688 815 1000 898 642 913 843 177 72 212 60 720 987 866 453 360 561 877 390 297 460 814 794 334 498 353 952 343 608 587 676 207 996 580 450 373 198 838 566 910 713 61 275 998 513 192 798 40 393 377 947 491 136 419 892 343 506 295 15 778 716 579 67 383 131 988 254 675 17 741 265 259 338 940 303 392 856 997 750 5 87 708 528 128 137 464 206 166 313 309 150 591 736 204 30 765 719 433 744 364 496 875 552 781 527 144 722 494 82 838 310 755 255 776 915 704 726 918 736 917 176 216 597 313 938 259 8 655 340 697 579 414 449 492 156 958 17 36 895 244 863 510 873 716 127 990 822 988 399 630 839 969 765 149 362 358 643 665 582 360 51 397 72 335 417 333 670 8 725 932 19 347 211 956 226 888 559 950 213 266 910 430 693 26 698 487 868 73 968 372 708 707 260 706 53 680 260 399 999 472 992 198 270 82 989 643 948 364 164 865 855 701 581 994 563 758 690 540 323 903 927 792 50 720 79 374 472 78 573 775 19 482 190 74 987 477 565 840 714 568 201 409 339 235 134 13 494 744 21 5 496 329 803 593 932 84 370 414 697 318 587 403 808 483 947 404 138 902 421 439 25 547 620 670 816 834 258 165 689 549 497 924 671 109 729 152 569 668 205 278 782 259 13 532 458 324 709 36 513 822 248 526 402 567 869 294 957 482 882 644 952 748 449 129 707 238 828 302 206 466 711 717 918 474 788 395 115 480 417 894 617 894 214 259 376 12 588 656 35 683 785 978 632 794 40 868 195 573 89 956 584 40 289 872 6 755 651 414 470 227 990 84 218 855 511 403 861 600 208 128 246 664 324 101 448 562 730 732 281 274 1 120 744 178 415 425 840 765 862 780 976 430 358 158 256 919 796 854 524 116 210 913 749 317 334 610 567 580 883 947 963 34 917 173 922 809 438 50 79 597 136 462 472 274 325 159 920 173 930 695 484 117 373 730 749 715 20 687 411 142 104 451 851 400 19 350 41 4 250 637 669 565 921 974 120 370 621 861 885 860 169 409 192 55 938 893 768 442 649 980 551 742 622 274 267 
331 27 517 406 920 522 468 172 613 634 945 505 199 355 500 157 865 676 378 884 836 212 953 216 316 156 997 78 126 179 740 734 657 91 514 425 599 863 903 117 514 763 328 127 46 209 63 504 568 769 613 395 383 761 446 237 677 736 381 684 773 973 932 895 68 934 804 478 924 180 377 227 756 239 833 949 641 942 923 351 664 597 652 253 740 972 796 527 759 822 201 879 305 251 301 959 660 808 205 358 73 395 720 467 213 867 594 204 75 728 938 961 818 79 597 655 793 657 916 19 64 191 312 433 421 486 99 858 431 985 867 651 287 176 703 458 597 432 465 711 237 560 306 454 574 682 828 234 164 428 557 953 565 621 579 417 172 643 559 387 288 946 616 467 352 250 812 717 572 819 177 412 505 587 392 207 636 468 492 206 958 779 431 378 803 666 3 70 434 947 800 321 677 805 124 533 590 278 763 715 786 732 911 590 709 516 205 645 794 911 234 502 200 839 624 75 686 909 409 833 600 618 946 437 477 101 403 754 29 861 477 129 23 372 20 10 41 843 123 285 220 455 853 254 354 231 194 702 159 656 11 495 302 628 428 190 346 89 891 8 130 491 352 944 234 85 627 622 330 241 319 1 850 368 193 59 420 782 80 140 366 951 891 975 878 330 118 290 944 780 155 26 974 226 306 468 437 242 840 237 311 808 763 440 564 137 537 697 203 993 233 466 824 346 958 841 103 421 34 441 311 803 140 580 613 767 255 220 132 841 752 744 96 648 501 606 343 591 904 574 21 317 669 655 95 877 751 421 470 601 255 771 855 753 500 956 42 826 252 953 957 538 176 720 75 128 724 872 985 403 516 703 193 667 76 308 192 67 61 944 86 339 256 95 552 260 702 936 586 446 914 901 127 878 396 945 422 933 979 491 401 157 180 444 773 14 420 299 137 505 765 632 721 581 892 855 309 858 21 723 543 977 324 135 541 233 712 14 755 682 610 965 178 798 107 996 473 228 163 670 202 454 996 197 280 430 698 0 719 140 226 104 749 225 140 864 992 959 94 5 724 627 840 256 33 244 550 799 185 26 411 803 192 472 7 400 995 217 824 48 12 383 845 850 233 595 639 994 556 874 519 258 736 341 495 515 999 342 107 17 
936 809 183 862 496 185 230 188 272 798 873 66 998 926 580 100 238 636 284 568 43 381 412 326 64 306 467 285 288 418 595 666 978 565 63 698 261 649 678 651 554 653 940 95 877 374 570 885 504 759 819 299 505 421 315 61 467 577 877 689 281 657 6 316 954 750 285 616 540 563 741 356 110 421 447 242 834 946 525 190 84 191 534 766 565 637 327 519 935 109 732 243 656 973 908 829 931 669 828 246 845 426 411 157 165 426 333 15 676 34 580 142 519 943 716 727 709 54 950 10 528 267 423 736 756 46 374 380 956 570 974 384 863 950 667 205 395 663 828 998 122 214 351 970 570 9 894 206 447 315 727 550 171 756 868 401 293 688 196 349 482 831 845 933 136 410 384 530 215 794 777 369 528 420 890 623 481 164 964 456 189 384 912 20 384 128 265 745 856 293 353 15 606 14 349 997 346 578 896 301 827 7 235 786 162 984 49 999 142 578 697 735 939 864 718 948 538 530 76 208 733 662 437 189 81 253 970 806 221 177 170 504 785 903 13 357 722 587 93 678 756 455 766 705 109 667 170 97 244 840 120 273 510 951 795 691 791 203 962 523 937 327 388 514 528 206 195 490 548 172 683 672 958 602 508 914 409 657 253 413 202 354 209 953 983 739 199 600 392 800 349 929 714 919 988 552 51 903 659 441 602 920 911 566 355 125 898 394 58 957 876 736 155 325 793 762 466 144 996 525 599 269 931 567 473 338 196 39 977 867 873 173 469 397 77 593 339 300 611 384 142 754 737 834 561 134 602 960 23 134 665 612 418 729 951 964 866 444 358 82 139 850 861 437 557 49 256 872 825 347 930 855 67 695 134 634 551 798 731 324 588 138 566 230 545 563 644 195 845 824 790 214 239 746 511 398 295 6 123 678 209 421 859 310 448 65 77 795 907 883 270 49 116 755 227 471 763 277 284 526 296 790 656 518 671 680 242 440 539 129 768 947 299 880 270 329 127 376 928 658 991 369 726 94 14 244 985 382 661 855 414 490 552 673 907 625 556 242 466 442 199 154 153 622 825 614 510 610 581 585 399 956 109 715 864 372 938 399 663 192 262 270 578 558 613 71 692 400 900 41 390 534 193 531 395 964 165 823 434 274 
563 834 427 228 81 477 38 410 419 623 381 745 244 159 264 819 324 735 687 146 151 235 733 531 288 285 899 196 113 842 267 576 185 185 984 412 304 117 646 245 585 870 377 359 515 403 276 362 776 397 370 895 596 226 33 170 927 951 545 245 720 38 647 672 382 227 20 379 666 804 388 836 713 417 9 852 558 800 362 487 51 664 275 716 868 317 753 397 865 858 933 984 848 234 718 200 572 722 894 385 89 719 625 324 314 38 705 115 436 501 358 812 316 492 698 144 723 299 179 729 311 900 283 717 464 505 44 767 103 946 492 107 774 13 364 150 599 244 632 554 4 606 143 485 489 533 507 426 671 250 221 840 868 54 771 35 390 301 808 618 543 306 674 268 895 337 89 77 36 903 876 724 914 301 409 884 238 775 942 752 935 979 742 878 723 52 754 849 323 966 506 115 767 387 863 261 212 505 953 970 191 214 650 462 980 192 794 350 542 575 666 429 412 868 569 970 291 929 705 124 843 131 788 530 141 9 818 703 638 716 754 101 395 557 319 421 726 139 310 108 71 137 82 82 953 380 771 315 277 750 464 138 813 310 690 179 896 141 905 278 419 517 325 453 916 565 422 804 480 897 498 158 580 560 445 161 448 434 269 878 663 967 578 402 499 577 775 153 322 662 949 932 453 679 391 436 691 309 695 345 255 580 306 588 126 653 793 593 157 311 255 351 251 491 584 957 836 345 176 864 462 200 539 72 226 562 852 526 847 242 252 634 422 528 196 831 874 361 888 770 775 951 384 687 552 111 635 410 82 582 19 867 139 756 802 37 634 137 476 253 519 271 371 351 726 799 338 860 929 591 332 647 186 243 760 567 163 933 831 6 63 751 948 723 701 811 875 605 406 70 650 821 115 783 387 3 233 809 515 733 343 210 171 413 829 569 563 580 324 84 906 498 365 792 827 783 237 611 339 162 177 2 851 919 52 830 696 798 895 433 525 344 493 799 617 348 309 811 296 581 478 941 233 770 152 875 942 888 169 132 830 285 629 81 938 247 253 854 766 241 189 862 351 196 322 759 555 114 939 444 364 442 472 360 919 663 132 658 184 744 924 942 328 687 580 669 170 522 549 896 485 262 582 419 451 65 4 485 169 396 
974 310 380 708 487 723 474 367 231 454 463 721 529 570 214 783 938 444 277 465 427 991 791 143 957 982 530 726 95 357 672 916 160 216 54 262 461 395 455 744 774 407 910 967 413 7 169 227 458 292 974 901 37 651 329 918 854 639 381 104 751 973 800 728 487 353 507 719 427 725 699 303 968 118 297 890 909 424 328 48 20 787 89 27 398 144 482 825 229 924 371 179 254 879 949 320 495 572 690 647 898 179 527 333 813 824 752 955 227 97 407 274 585 745 320 308 218 323 282 393 423 87 549 801 881 617 346 476 83 210 222 484 993 105 942 173 58 186 148 739 944 431 641 536 130 892 92 324 514 5 930 945 760 2 847 597 208 571 95 600 637 183 674 11 483 742 617 171 649 502 939 487 601 833 450 316 707 869 289 665 66 501 623 555 866 604 171 458 555 841 1000 760 39 90 572 361 108 345 395 749 552 316 902 843 994 158 609 936 599 471 684 797 78 723 716 661 774 967 458 972 467 836 980 713 539 950 700 184 1 428 873 982 463 506 122 100 631 356 162 103 330 378 598 710 454 285 972 356 917 697 208 371 111 335 474 880 754 965 775 641 130 840 290 846 796 608 527 712 309 514 706 243 995 293 832 722 749 541 828 305 104 112 356 849 924 262 890 178 272 477 644 801 618 499 830 354 255 8 506 131 117 818 72 287 626 618 910 17 890 816 633 604 864 340 898 543 1000 441 457 565 759 130 922 246 847 169 430 62 305 727 992 33 650 750 234 782 514 707 292 640 848 971 836 13 843 660 347 98 928 721 717 936 28 722 474 478 500 592 391 243 287 781 244 434 345 805 388 611 694 118 854 784 663 466 637 784 143 707 267 227 773 280 252 724 292 983 304 150 405 371 118 15 949 10 892 408 83 454 499 864 811 444 718 564 271 77 567 236 536 694 253 303 423 700 636 295 685 825 264 695 40 899 282 885 700 685 336 348 150 291 669 1 796 653 970 482 444 338 491 871 333 844 38 855 292 475 308 516 347 179 965 270 135 804 642 398 592 106 16 805 827 285 195 509 530 615 919 464 252 671 779 437 910 905 46 416 869 704 309 348 248 270 703 478 396 614 275 568 76 132 343 829 753 269 346 102 46 51 454 843 
799 141 560 11 184 400 618 628 437 499 823 606 63 230 444 520 472 745 187 341 414 89 217 822 855 600 349 366 345 739 233 22 216 221 55 797 909 782 715 376 37 82 135 15 963 155 170 539 569 190 205 973 63 37 945 475 363 3 159 893 515 477 432 946 891 375 874 712 715 403 516 110 133 559 273 966 720 691 580 886 504 141 782 422 12 914 351 934 334 627 388 307 527 761 507 156 94 346 744 896 764 698 824 299 811 988 944 265 20 675 302 105 678 985 753 5 966 249 44 404 399 221 264 874 483 277 109 790 961 398 830 676 618 404 147 875 490 720 866 885 597 741 629 355 60 208 216 404 410 213 135 241 688 849 172 934 644 121 963 290 406 459 763 767 639 210 1000 329 531 503 463 738 250 722 413 232 580 903 109 632 745 529 333 515 138 178 903 129 798 675 315 136 292 460 991 423 104 202 324 734 762 586 170 811 307 180 293 526 632 413 872 194 748 570 323 874 506 129 81 475 590 668 244 495 251 925 112 561 931 949 128 90 822 480 180 373 774 614 819 550 246 455 988 825 40 756 184 163 877 813 817 251 503 270 103 993 793 197 377 843 239 39 509 906 678 704 910 817 672 888 873 19 401 64 552 238 505 238 845 290 372 803 204 211 596 476 448 209 610 460 685 651 942 847 579 81 886 422 996 732 800 341 9 230 250 526 230 215 384 224 10 552 146 679 581 929 953 992 331 55 571 795 943 149 25 338 998 536 903 950 847 544 48 620 917 755 712 323 195 329 171 52 522 525 877 75 999 51 296 391 267 617 898 83 288 328 943 931 54 126 743 226 560 810 66 69 69 849 181 728 735 986 999 85 840 940 207 319 652 388 866 760 243 530 478 24 711 553 936 545 178 663 694 706 329 190 308 529 944 305 568 535 51 344 243 850 687 621 407 593 293 465 83 775 121 35 71 976 27 555 594 122 326 920 467 885 943 91 845 434 22 714 771 476 394 489 858 265 482 220 382 354 408 361 475 709 868 892 715 404 789 976 901 9 972 527 602 238 609 122 256 445 115 318 320 633 669 878 939 731 892 867 907 11 306 449 520 336 370 78 320 541 361 836 842 350 293 394 246 322 432 988 669 142 181 857 518 312 751 905 
31 428 187 174 191 171 581 737 371 520 275 499 63 218 107 733 704 617 970 118 60 151 266 462 472 771 246 455 786 437 551 220 357 659 504 85 243 27 340 196 372 725 154 348 499 996 264 743 573 181 210 195 307 585 144 462 289 46 248 362 413 904 264 493 288 464 45 706 532 960 892 783 404 678 115 264 301 1000 468 709 796 403 641 11 857 671 96 23 448 324 501 359 171 867 453 73 160 215 733 732 157 64 833 462 602 392 895 665 123 527 91 682 310 158 494 927 303 401 576 796 891 37 65 961 90 337 168 608 820 480 992 448 715 546 352 317 172 929 369 630 289 923 56 84 543 213 245 122 318 940 368 245 426 793 363 756 914 708 768 981 531 574 336 366 632 552 43 166 723 793 162 836 159 925 227 26 841 687 633 558 692 624 529 877 531 414 202 323 92 860 523 361 83 263 944 899 822 327 630 410 18 318 953 54 872 305 751 778 684 90 415 972 978 79 917 407 324 758 672 904 995 702 553 428 632 184 509 514 128 536 542 573 712 407 628 326 417 767 808 652 120 60 514 759 423 143 288 899 700 624 77 251 454 279 530 592 462 642 508 953 263 243 340 270 539 796 875 687 114 895 85 923 968 425 863 425 632 908 372 347 46 794 510 713 19 472 80 89 207 83 211 739 390 246 537 268 740 456 869 434 796 518 273 617 367 804 132 466 225 337 566 701 417 588 861 377 215 27 255 741 808 375 562 713 952 815 608 491 275 673 578 7 4 626 98 989 746 787 895 210 3 394 353 387 279 456 805 925 853 716 589 699 680 632 880 474 325 106 856 338 481 385 231 657 76 58 912 822 804 213 182 773 183 105 180 886 738 864 690 293 988 955 886 171 479 394 474 781 47 158 178 353 29 141 227 382 437 385 410 24 428 194 607 939 714 136 76 358 476 598 550 33 859 971 192 514 219 55 726 134 874 475 226 234 897 419 610 421 991 153 987 101 34 212 576 38 788 361 120 582 502 467 151 189 926 934 336 734 998 48 505 870 595 806 344 102 69 31 467 357 64 57 329 557 880 667 227 464 56 185 619 671 643 866 490 901 365 817 712 548 567 10 703 812 106 729 258 803 628 685 610 47 353 345 865 843 283 287 778 499 
979 973 41 621 845 899 741 752 16 526 912 639 703 543 213 421 5 960 992 630 340 663 838 309 374 55 150 997 936 644 62 714 16 627 865 646 131 576 624 36 857 277 139 268 491 774 203 748 493 614 100 91 823 726 326 686 37 314 945 789 191 751 843 370 45 332 472 884 788 827 464 68 473 139 760 584 451 926 320 357 495 731 73 293 493 120 704 917 505 286 645 572 951 913 958 669 99 490 896 831 34 143 789 588 848 270 664 898 685 51 190 896 41 181 596 220 482 988 484 480 961 393 186 839 948 961 128 187 277 253 264 179 384 612 349 866 377 155 325 427 824 444 89 483 862 887 564 842 251 792 727 407 446 800 786 815 575 882 180 51 52 387 476 967 238 308 485 912 967 457 41 626 383 669 859 223 803 558 981 854 795 603 929 666 70 307 288 259 979 68 680 351 195 407 432 525 7 707 720 127 969 512 993 25 878 553 898 552 931 999 8 426 445 864 203 23 865 244 784 244 391 786 267 733 778 232 12 382 276 207 63 428 443 583 39 433 743 516 101 50 471 609 719 719 622 189 592 955 96 343 686 128 439 69 497 331 990 720 303 803 888 339 271 507 788 62 280 422 86 742 227 267 766 492 646 959 335 856 607 333 73 966 533 292 682 429 149 769 763 685 841 663 308 254 902 748 913 656 536 792 563 459 743 336 218 575 240 471 676 508 827 329 898 772 140 350 746 32 579 501 573 337 747 464 392 154 67 805 569 671 260 386 526 434 307 5 227 15 4 152 920 686 137 869 223 43 370 686 829 440 136 62 772 870 956 40 650 510 478 514 885 629 173 822 912 191 422 880 828 61 906 966 979 932 225 674 426 138 892 693 66 391 4 59 266 38 688 501 444 158 181 196 612 200 909 787 576 786 986 431 558 864 606 577 747 999 1 22 633 411 669 932 375 138 485 118 323 92 727 487 444 600 860 695 307 755 341 800 60 756 54 774 82 391 970 844 341 671 449 617 695 354 221 530 964 291 792 430 291 947 373 222 939 141 390 156 969 614 380 102 450 790 781 877 210 470 791 835 180 552 264 113 640 615 235 111 803 985 569 3 122 722 825 990 837 85 539 907 937 281 655 261 193 691 255 262 480 67 478 673 
662 407 904 465 222 403 77 363 91 596 403 755 44 353 212 662 544 600 120 45 870 545 39 900 403 93 950 259 223 144 491 606 570 342 392 240 310 554 268 457 413 575 66 740 271 771 310 314 567 61 660 285 395 449 756 829 828 179 479 830 252 601 823 459 749 207 544 742 128 983 525 490 652 579 944 189 370 526 141 88 835 419 651 944 264 234 649 187 181 944 68 347 614 247 356 302 991 593 129 797 292 119 47 693 87 190 151 703 27 310 115 577 904 238 533 867 613 687 430 219 953 186 669 292 526 252 369 653 54 466 605 530 565 840 705 734 199 133 153 591 357 673 785 830 591 823 420 431 627 554 314 767 96 979 821 240 88 318 328 813 439 431 567 894 928 28 390 654 861 240 928 23 737 972 108 124 605 318 454 563 778 871 327 524 335 205 147 740 728 954 396 657 983 213 567 811 409 683 685 310 573 400 86 560 519 416 475 851 636 456 58 600 565 151 446 169 24 170 580 556 516 954 934 850 745 11 22 890 529 720 222 481 61 726 724 477 526 150 645 757 405 707 974 358 291 3 736 80 126 527 806 395 193 130 743 855 814 528 267 65 366 245 544 834 856 290 367 80 410 489 953 667 625 230 458 535 105 617 724 14 162 472 769 381 682 6 972 92 862 526 780 487 231 749 448 368 299 424 802 167 591 885 801 478 362 127 257 876 727 169 167 304 223 428 668 276 772 929 285 530 247 590 458 154 945 547 836 642 965 309 179 605 157 200 983 60 455 892 87 813 307 98 180 975 781 562 99 448 243 690 981 886 801 1 670 561 795 875 698 953 416 72 312 957 527 683 293 657 397 562 102 420 809 0 904 884 203 723 577 569 749 55 460 250 39 599 444 214 435 114 404 537 472 407 282 743 394 589 424 469 306 808 501 785 659 666 195 985 904 332 939 479 325 147 637 879 58 951 880 478 194 873 845 355 586 596 523 459 700 681 200 618 194 769 165 826 343 335 932 967 8 526 935 690 831 949 627 933 581 410 587 994 482 133 862 965 624 456 100 842 635 729 79 918 404 592 421 142 843 710 395 418 53 957 639 263 664 807 159 532 613 104 617 20 508 739 12 773 77 725 370 381 707 418 584 854 941 322 483 805 
17 996 594 534 715 861 874 320 281 587 806 370 125 813 278 658 831 248 281 447 350 707 484 540 503 186 820 350 432 192 887 662 189 689 257 572 212 501 392 429 65 760 775 756 226 109 536 758 694 152 758 154 564 919 438 90 490 336 77 488 106 968 306 612 60 472 798 682 424 947 4 655 156 120 560 482 563 655 553 625 813 552 350 369 180 943 98 223 372 470 153 508 885 922 382 967 935 84 300 797 538 722 819 183 148 619 841 942 953 785 478 144 47 94 743 514 578 34 997 62 937 969 162 467 267 29 137 90 401 11 518 473 329 225 967 845 427 904 877 167 781 975 636 160 795 201 620 568 719 585 443 144 713 362 379 944 420 20 256 489 708 547 79 509 584 386 430 738 224 56 475 444 622 148 624 631 571 989 528 728 138 267 720 908 421 869 482 938 618 260 898 666 169 802 764 372 867 585 412 235 617 693 413 530 509 590 412 324 557 961 568 570 5 271 624 971 559 429 778 960 154 381 658 938 579 44 509 483 650 212 337 713 548 924 34 28 312 737 96 513 778 569 294 93 215 317 857 192 230 981 645 524 854 52 941 583 620 594 722 780 278 17 246 479 398 210 644 217 530 972 289 600 111 879 753 769 11 925 368 366 513 645 584 515 46 329 628 14 875 335 299 712 58 904 403 284 850 931 861 554 426 105 630 566 514 988 991 496 422 962 788 382 336 342 985 364 33 535 679 319 554 804 888 474 844 499 95 907 557 26 790 212 520 486 650 355 958 950 547 652 188 698 728 557 361 892 896 829 646 738 294 26 940 151 112 103 436 826 705 522 39 971 740 935 617 406 285 762 719 305 464 92 664 808 690 181 820 170 396 713 419 1 409 673 974 614 810 273 542 272 131 683 496 87 53 775 169 469 434 136 816 237 366 205 799 524 812 80 98 767 82 241 654 209 707 688 352 515 934 549 649 71 446 282 749 589 599 699 453 572 22 708 579 506 284 382 187 526 474 553 493 958 576 621 79 570 211 980 551 750 429 721 917 422 622 721 429 793 853 612 748 457 656 19 365 720 725 70 428 474 972 270 163 141 183 47 319 832 668 487 189 625 217 576 423 321 757 459 327 528 890 451 503 321 479 702 925 327 263 294 
166 284 262 300 351 852 172 350 807 737 903 647 415 414 45 229 660 927 951 406 403 837 212 60 307 542 288 719 248 334 420 839 580 500 89 102 253 922 721 316 427 293 753 133 7 286 815 723 14 336 684 32 498 878 710 660 77 464 564 582 691 232 702 72 972 531 935 645 683 681 778 779 323 90 259 656 890 867 906 203 675 391 432 574 712 32 549 224 130 249 291 914 363 209 796 561 425 155 834 232 466 447 122 123 578 742 136 407 557 633 593 197 957 827 548 691 956 581 556 62 999 933 424 364 923 828 755 969 74 545 553 673 651 225 654 614 32 300 488 225 104 596 977 300 884 134 450 291 751 811 395 424 546 466 457 479 630 333 500 842 660 911 997 601 915 419 247 732 976 271 242 553 691 500 746 787 882 739 76 635 940 819 238 12 140 95 724 153 286 310 599 861 151 291 547 95 247 799 227 947 465 579 89 305 193 268 550 556 147 346 195 996 751 654 466 100 798 491 577 870 269 17 395 989 714 780 28 671 992 656 463 832 164 824 835 0 411 597 558 156 408 697 876 406 257 10 985 474 151 721 793 302 929 46 457 545 492 270 414 777 133 818 36 497 456 64 98 900 578 896 795 955 28 13 240 171 389 240 898 668 564 364 660 826 716 738 491 85 170 872 584 410 412 331 400 349 671 356 321 345 936 175 268 106 783 787 213 408 49 835 522 176 106 728 152 27 908 470 77 840 927 101 852 364 957 538 42 213 265 280 346 354 716 649 795 334 459 999 503 786 135 90 479 700 558 706 444 500 269 407 229 355 850 154 967 48 793 266 74 723 799 574 195 161 897 655 644 424 398 405 929 685 102 99 342 19 610 577 934 515 234 58 66 668 627 260 55 513 684 903 284 294 139 425 499 407 736 732 313 208 899 325 85 821 611 109 291 683 829 544 146 452 95 493 665 996 881 442 85 929 950 185 836 851 591 19 83 515 944 165 651 675 977 166 374 958 143 941 386 231 844 775 183 675 294 916 413 152 290 312 923 952 112 738 840 754 887 634 625 542 399 920 656 791 235 446 817 227 126 433 192 337 748 328 771 889 753 40 114 816 802 878 442 158 474 236 773 673 182 157 748 174 176 737 272 415 343 357 244 482 
621 412 818 854 938 849 404 656 423 338 108 159 430 313 426 370 324 987 163 926 589 354 424 84 522 178 834 69 150 356 219 589 417 854 27 118 881 20 269 780 832 575 508 296 297 616 814 7 623 314 927 364 9 897 223 126 528 224 213 663 301 929 157 514 766 979 374 632 645 249 789 157 890 369 922 487 22 822 940 323 549 769 262 43 979 281 517 872 726 692 669 228 375 740 652 800 286 932 958 328 907 110 719 569 152 461 793 485 961 189 461 995 205 793 855 672 496 988 270 33 183 859 286 419 666 612 883 612 444 418 995 218 332 860 519 850 468 603 668 539 899 509 782 465 579 284 269 644 880 212 741 207 669 373 908 151 674 738 741 218 848 261 170 845 463 846 610 374 353 318 308 291 447 859 908 354 526 261 276 853 277 334 573 41 523 334 960 751 617 404 140 824 273 885 223 54 802 954 450 617 826 879 399 207 67 366 181 543 882 127 118 464 846 165 866 102 125 847 475 764 43 775 332 961 850 708 158 210 95 130 554 585 190 208 31 307 897 407 157 926 85 273 853 506 324 848 61 803 588 932 781 892 796 893 777 751 53 738 357 442 242 392 335 26 342 161 120 17 997 113 434 508 887 552 425 984 155 852 118 210 386 324 28 913 218 600 418 770 896 163 608 941 847 642 994 748 286 588 449 480 190 887 292 190 965 350 650 586 975 290 887 358 624 423 524 539 306 462 628 523 149 577 956 368 732 481 954 591 653 480 335 917 698 231 600 653 509 250 659 333 822 437 51 553 270 473 355 850 569 447 949 990 307 322 825 538 500 61 693 229 964 57 929 363 397 623 739 379 399 956 960 930 260 119 261 192 260 45 329 702 377 374 320 146 392 362 941 697 315 942 780 586 130 17 160 7 698 994 897 742 968 17 769 1000 450 507 354 801 66 852 264 80 738 738 60 366 484 331 267 960 482 294 997 692 320 353 936 713 0 639 813 899 717 88 7 570 480 415 168 78 836 838 695 95 358 441 480 216 828 350 611 664 555 711 289 88 734 934 812 809 873 85 172 425 694 299 96 811 210 687 182 291 569 118 317 490 211 201 642 655 258 685 89 756 760 949 343 293 332 84 728 94 289 405 996 26 693 445 724 116 
739 283 187 820 501 344 151 341 354 280 984 707 247 611 497 554 810 912 884 435 794 339 881 169 962 570 879 972 151 964 215 219 841 115 574 766 1000 954 575 345 700 301 157 207 371 926 792 828 129 999 301 957 72 966 547 815 372 799 542 964 114 637 99 763 241 895 179 81 343 208 192 158 328 863 14 298 536 268 638 781 118 788 381 774 59 696 323 964 591 105 773 549 354 132 279 602 532 584 825 758 636 489 941 280 211 190 520 340 568 947 238 553 367 122 802 386 194 738 523 56 224 429 22 615 919 489 993 932 456 114 14 266 854 457 971 726 332 73 98 719 48 721 368 370 86 226 710 307 482 348 140 558 399 628 327 137 942 475 940 495 110 364 551 95 868 798 90 61 291 132 913 129 416 545 158 700 61 261 223 868 76 444 373 185 785 106 330 662 388 724 934 11 532 838 150 180 67 774 776 215 173 631 13 330 280 509 518 5 423 332 987 12 180 831 351 670 561 954 216 423 944 572 545 171 414 863 898 517 371 304 681 718 555 930 976 975 159 46 679 251 722 813 186 267 728 543 397 574 44 476 296 238 738 516 928 126 939 697 44 674 180 478 477 585 800 531 708 171 295 345 77 895 527 877 874 324 109 22 534 678 100 1 17 451 611 161 969 668 901 381 8 905 829 627 814 226 113 940 964 105 442 607 193 122 309 154 208 438 925 717 746 478 88 420 81 259 362 260 242 796 612 858 960 962 742 860 883 311 38 338 334 95 926 668 871 875 581 768 341 734 404 314 139 275 440 999 738 60 916 287 306 722 718 475 699 415 4 249 550 113 856 64 228 172 677 766 435 696 585 600 860 921 12 619 7 641 89 138 833 125 377 30 612 640 184 889 41 259 540 410 55 871 961 507 811 186 511 41 625 578 373 797 567 583 648 448 146 264 883 737 661 576 104 771 787 101 227 262 297 691 814 404 953 470 224 471 112 641 325 17 1 327 543 48 2 554 458 939 188 26 315 213 922 10 32 330 339 207 740 110 513 854 893 125 113 792 796 654 433 904 874 935 768 304 763 990 243 29 978 896 813 345 536 787 96 588 198 598 663 102 568 449 90 190 717 928 152 996 537 649 721 675 475 426 99 1000 709 124 156 216 
86 17 89 463 613 849 821 822 528 274 621 958 720 553 9 738 497 502 555 363 876 881 242 957 727 263 831 106 682 893 423 949 71 230 297 694 682 641 13 557 2 795 254 2 884 24 920 180 960 576 392 135 285 559 332 95 537 918 2 4 297 696 237 331 987 836 504 519 43 206 587 597 838 676 471 19 610 651 736 40 596 750 279 457 410 217 489 732 222 161 542 246 276 395 197 799 412 522 683 293 275 344 837 735 970 583 5 823 216 803 454 610 953 771 999 275 395 182 153 844 112 777 113 958 907 569 325 985 592 385 125 120 297 472 316 194 187 480 284 711 527 603 736 207 960 199 451 336 209 555 843 621 628 377 310 508 37 17 762 409 365 433 382 813 443 290 813 26 798 210 774 656 960 184 79 743 34 14 218 32 35 267 802 174 332 168 621 782 937 474 11 3 452 936 844 540 368 685 538 758 19 584 482 627 203 63 586 770 155 535 444 304 717 850 202 698 307 860 567 144 960 313 799 650 474 918 213 237 984 250 63 864 937 264 273 653 159 727 65 267 261 302 872 502 767 188 279 880 10 8 779 472 983 2 75 464 971 308 670 258 424 999 174 447 861 189 530 180 341 837 431 204 18 874 388 892 229 597 991 201 409 689 458 585 844 802 171 705 171 261 290 666 938 259 183 22 894 861 840 411 410 74 266 143 476 112 209 430 148 702 289 935 968 969 740 697 140 271 372 631 458 588 821 744 505 865 93 460 415 240 312 808 527 818 691 184 672 379 811 767 245 24 928 681 732 924 5 876 35 965 343 905 752 597 299 70 419 20 480 509 394 617 848 503 975 991 392 286 402 381 465 353 207 183 455 407 9 965 913 331 886 568 70 406 174 164 416 572 346 125 652 26 483 927 61 8 524 767 403 829 304 194 491 316 539 588 138 186 764 41 237 409 112 478 707 597 5 140 797 475 84 489 883 132 301 837 783 995 24 659 746 535 113 71 262 416 489 713 208 269 836 274 27 813 543 330 520 188 261 675 458 419 385 461 488 309 455 768 565 504 269 365 111 543 817 446 224 600 461 993 434 670 821 952 651 806 178 475 985 947 671 849 444 540 653 942 365 219 669 384 562 955 687 677 716 366 157 33 688 210 
986 2 812 309 674 216 596 504 150 895 572 930 244 654 8 971 742 399 29 315 169 175 348 276 894 832 619 718 613 776 860 588 736 578 254 548 433 635 970 300 609 925 831 207 491 871 594 969 240 534 991 195 271 413 212 148 541 166 35 865 758 993 28 212 896 828 662 533 283 877 48 222 29 618 126 434 339 835 849 913 111 611 734 552 472 833 645 974 919 74 691 589 920 504 210 99 684 917 915 831 205 428 31 492 604 207 801 10 73 16 615 212 814 3 546 284 33 774 236 473 147 330 652 361 981 542 900 603 176 661 251 140 628 93 722 517 947 324 339 454 62 168 211 859 54 65 392 580 382 52 45 20 861 572 421 193 347 549 959 900 186 120 712 693 393 14 944 48 41 12 936 795 863 684 640 339 930 513 266 683 884 159 139 306 609 403 3 968 136 496 482 441 526 281 192 684 903 141 171 140 680 185 151 100 378 421 652 211 508 630 312 12 298 933 358 504 578 399 470 177 594 155 938 926 568 164 23 348 631 994 938 634 384 708 233 454 404 737 192 677 305 886 79 463 810 696 719 65 85 221 175 645 964 645 811 164 198 483 824 392 152 973 449 542 660 674 983 557 342 555 565 729 574 851 795 976 683 66 779 126 805 139 345 950 454 997 804 236 642 686 851 769 453 390 476 106 97 941 966 194 290 289 783 102 912 287 78 913 545 319 345 938 338 486 582 45 243 964 397 12 53 669 63 275 599 604 542 305 309 402 994 979 791 57 579 962 641 949 990 134 210 437 627 230 222 938 966 669 943 819 390 205 880 937 923 223 599 86 185 19 687 870 69 459 579 757 293 800 853 74 634 730 377 337 178 287 745 158 364 339 227 147 980 933 981 750 190 394 72 988 437 919 776 656 345 503 782 652 646 759 530 356 248 828 129 592 12 779 101 484 8 728 54 445 983 512 37 561 372 546 933 613 955 967 663 225 763 994 670 53 758 386 989 964 440 964 994 245 662 20 636 82 814 335 257 410 548 374 830 308 110 289 687 1 148 52 453 960 174 557 717 60 258 286 858 979 865 519 603 412 487 541 450 517 254 260 420 545 162 770 101 736 642 482 808 400 826 619 141 116 653 162 206 217 628 481 718 333 431 147 
926 863 988 660 282 412 537 980 272 937 960 108 63 118 693 82 559 623 532 750 5 858 426 670 297 686 308 998 440 697 883 661 716 281 657 884 427 413 170 34 387 617 868 136 547 970 433 284 957 963 647 324 294 963 94 754 528 421 519 114 670 446 62 480 323 133 588 839 223 627 375 320 738 260 207 775 887 3 186 543 956 37 592 551 884 427 601 388 679 108 271 782 652 947 589 961 469 730 799 687 562 875 200 111 474 361 177 46 587 300 512 280 102 682 184 856 276 357 956 876 719 183 761 881 890 554 308 322 370 499 125 145 446 205 997 710 255 906 798 790 667 211 605 599 95 368 98 15 685 250 683 948 155 345 525 912 253 131 620 485 228 994 657 716 83 504 721 646 513 926 204 532 515 746 95 25 372 363 150 337 895 814 696 580 905 290 52 155 782 395 73 227 963 508 2 192 982 67 12 770 312 648 618 269 456 746 429 19 541 555 593 282 417 56 196 9 830 561 500 278 590 214 883 483 195 896 699 400 172 710 366 869 706 882 277 831 336 173 312 23 34 787 657 766 99 873 553 946 707 851 879 749 413 740 613 887 630 891 467 176 946 486 608 805 11 455 153 547 48 306 580 917 608 900 840 1000 672 770 644 284 774 362 100 505 546 922 467 434 47 948 678 356 183 89 314 927 424 257 792 917 807 261 50 394 643 738 194 885 20 914 269 218 456 778 143 46 12 733 830 948 665 317 155 732 408 852 923 311 250 95 46 641 661 372 631 706 93 292 969 22 824 159 631 543 794 503 250 561 613 698 722 725 552 846 863 548 365 348 847 246 231 144 146 322 495 160 331 916 470 207 130 65 244 533 640 972 689 765 132 451 678 1000 705 318 946 614 176 230 952 578 581 941 370 856 221 315 966 302 611 20 258 468 842 134 915 177 859 28 551 661 756 230 556 299 537 489 795 111 867 658 617 703 797 970 304 990 828 198 100 393 925 680 957 211 339 468 923 571 485 676 44 784 398 383 262 465 200 342 451 730 588 596 310 439 854 890 909 643 6 883 778 515 532 361 491 690 348 818 397 213 338 214 234 692 303 214 351 543 693 348 362 690 593 270 549 448 662 5 999 326 476 561 130 333 898 56 111 176 946 968 
394 759 457 640 726 259 194 700 172 813 634 337 27 313 541 445 129 298 737 719 690 782 387 482 53 115 275 416 627 494 100 960 44 270 540 96 571 499 977 564 401 911 802 999 658 644 210 122 568 784 340 117 425 187 184 69 313 138 148 365 346 694 616 537 936 992 605 5 426 642 690 794 154 770 708 37 843 275 50 404 907 304 797 316 780 295 825 391 976 277 45 623 713 234 756 17 565 509 288 566 27 65 22 284 745 339 923 221 560 503 220 817 84 568 621 627 713 663 660 183 768 994 269 931 280 617 151 146 176 474 273 335 884 740 538 905 691 104 128 265 763 298 113 507 107 569 579 268 366 703 46 298 182 319 128 195 969 327 796 607 826 410 573 293 211 195 369 478 932 126 425 169 466 246 998 135 956 177 255 539 162 749 380 89 553 732 362 949 122 778 972 794 77 224 657 595 261 46 479 320 315 308 488 418 1 919 289 569 660 351 259 991 851 452 550 985 106 1 370 165 392 546 817 998 124 128 714 178 360 2 247 726 567 920 295 690 220 153 869 204 28 768 256 831 111 293 419 287 197 702 441 817 597 383 421 409 227 591 101 708 115 853 1000 282 42 316 684 719 228 551 553 306 624 112 331 673 502 623 802 724 308 955 106 985 867 959 43 878 186 412 184 175 45 306 918 468 627 146 296 3 443 342 948 685 52 17 407 268 799 401 291 895 476 270 610 183 273 746 61 222 631 519 817 61 335 523 505 406 174 49 490 479 614 625 765 720 790 164 797 852 47 922 875 262 968 472 529 178 635 352 329 916 167 528 539 968 477 638 799 866 384 598 185 694 287 397 449 824 768 755 304 960 220 862 409 51 330 811 884 959 558 858 428 125 140 742 760 544 688 373 919 451 4 1 527 896 435 370 626 914 479 590 984 341 784 175 390 770 155 58 738 815 994 167 426 760 418 364 491 206 354 74 488 873 553 428 356 896 977 470 652 532 406 217 433 770 603 993 45 337 485 799 486 979 703 909 822 961 913 503 18 34 279 902 787 892 528 458 168 940 822 245 97 588 436 157 345 9 672 321 609 315 129 808 341 714 167 300 892 185 524 966 400 721 979 848 983 985 744 919 172 826 408 330 707 17 451 691 925 193 
589 888 943 166 889 307 493 870 787 694 767 277 256 172 973 125 511 481 610 163 242 774 221 138 913 397 357 627 108 678 24 332 753 911 614 755 558 310 941 218 5 506 417 762 131 827 630 714 685 913 811 935 565 654 6 130 32 955 434 918 921 478 153 950 455 654 74 302 826 8 340 796 11 285 60 952 507 71 769 951 855 656 100 507 592 943 485 850 258 994 606 661 999 676 78 480 264 882 12 503 560 24 950 754 642 612 648 293 70 209 682 578 523 343 426 215 39 792 549 177 664 13 237 953 941 940 706 250 409 858 780 234 434 716 971 24 74 437 718 789 699 971 452 547 329 83 331 970 751 280 812 979 650 829 9 434 127 34 438 80 398 102 258 969 735 52 602 902 985 158 52 113 950 10 280 993 646 632 520 700 794 257 163 165 456 734 52 604 234 87 880 917 835 366 663 426 11 845 473 237 349 649 924 361 156 569 261 108 190 180 937 372 995 435 670 390 613 496 0 19 839 924 63 666 161 646 383 550 160 865 579 65 945 322 342 716 657 364 119 617 177 125 855 706 211 993 381 24 235 450 577 172 231 828 222 861 923 613 222 458 975 513 402 530 962 560 93 452 506 847 509 783 305 575 910 520 937 222 380 186 393 508 577 602 51 698 898 376 658 237 402 72 438 558 318 922 913 411 346 840 233 614 475 423 661 84 838 539 10 238 820 645 992 227 961 663 541 181 295 659 513 973 719 548 872 954 893 326 376 361 378 558 689 571 365 946 808 298 996 845 553 776 602 643 861 29 880 288 912 305 907 649 266 271 973 222 445 581 799 669 927 422 773 48 253 452 218 60 181 564 493 168 669 164 979 478 137 339 933 736 444 476 162 379 846 90 217 608 915 82 424 566 411 718 681 867 501 376 461 61 367 919 536 285 374 890 141 715 597 150 580 144 182 195 606 626 662 216 73 576 183 503 265 196 522 761 93 323 24 874 321 994 976 569 455 635 624 792 477 324 443 522 310 197 328 793 688 245 673 255 601 646 925 347 721 210 906 695 320 758 678 333 7 860 60 82 325 871 516 504 336 792 44 480 244 439 224 823 922 538 199 115 400 796 454 343 815 172 268 4 270 386 80 115 940 120 676 832 300 64 
739 787 714 673 841 647 310 598 115 311 145 517 871 190 819 394 834 819 196 200 310 234 28 522 170 116 412 39 656 701 716 313 875 708 503 932 763 641 547 133 894 948 63 857 229 587 79 60 305 303 127 175 58 255 726 278 860 695 216 721 215 663 343 43 788 758 244 820 833 636 371 852 60 853 493 412 817 584 663 788 303 99 915 666 284 577 939 280 508 708 384 703 729 501 653 756 365 814 27 643 910 680 651 257 582 335 287 35 972 229 476 917 133 16 729 34 103 867 570 428 859 892 58 387 396 804 972 163 354 517 633 538 896 555 190 180 765 588 797 792 977 264 654 10 707 417 175 243 418 608 86 952 800 781 844 669 468 470 959 354 79 384 436 309 271 626 568 389 55 231 558 964 516 162 329 63 936 63 486 148 296 773 374 717 714 337 291 823 382 216 641 589 222 757 82 217 776 223 709 731 66 745 621 712 466 527 325 181 74 221 290 520 339 461 223 140 113 195 954 44 504 355 673 156 210 219 885 68 925 164 568 697 891 129 32 784 92 615 772 120 980 25 411 432 414 538 516 93 442 167 646 388 775 157 513 746 1 159 501 48 776 621 847 617 588 993 681 468 959 783 221 230 352 20 87 85 402 413 40 535 468 356 932 575 509 728 503 105 408 34 900 908 397 590 504 580 252 208 9 818 734 11 824 95 381 749 537 833 211 411 768 634 79 860 430 963 807 428 922 165 464 212 6 848 630 168 448 173 573 263 226 422 30 720 806 606 986 440 918 828 68 941 768 875 455 843 198 64 931 807 4 442 911 1000 61 871 652 297 570 189 95 311 764 443 537 544 99 760 208 165 75 556 462 627 424 526 632 707 184 939 550 992 987 876 718 286 500 656 859 983 680 988 477 354 482 453 132 629 857 851 691 149 896 25 720 731 869 280 722 138 481 129 437 795 248 867 487 101 919 832 944 494 545 803 508 812 975 535 493 123 147 339 339 574 539 968 692 245 500 399 855 86 624 295 243 105 761 291 395 689 313 832 64 16 460 465 206 717 174 100 593 108 869 870 787 59 375 540 653 394 918 313 356 511 918 405 447 783 276 472 488 816 948 826 967 975 786 633 436 926 757 333 351 253 418 484 783 132 502 170 
72 151 906 380 730 744 894 663 260 900 880 728 795 47 191 859 648 269 339 202 854 478 722 609 982 997 170 886 479 465 254 750 712 688 235 108 589 972 569 805 639 475 431 625 157 409 510 812 775 525 30 17 820 303 271 194 927 551 442 501 578 717 393 564 958 777 337 756 169 947 361 596 8 741 709 107 362 699 56 351 98 901 587 94 498 155 70 17 746 317 710 124 617 200 51 84 761 421 231 480 271 164 317 61 49 662 188 426 539 571 467 730 215 964 944 625 283 27 67 793 60 669 155 872 142 411 987 395 566 597 917 10 39 826 738 507 458 321 784 248 416 551 372 272 255 521 222 156 825 357 791 524 236 764 938 604 638 487 424 932 846 765 268 334 452 502 454 821 705 286 419 754 329 810 858 568 415 162 280 91 235 133 193 677 15 166 222 140 390 329 814 288 331 500 761 68 587 560 243 340 83 451 511 789 693 834 718 464 306 216 882 287 178 659 610 426 537 564 309 448 732 906 150 423 969 929 469 962 342 453 872 523 105 948 57 217 428 728 63 845 719 214 42 707 244 547 820 213 56 240 786 627 590 737 802 68 175 715 135 25 234 846 846 761 766 863 614 911 665 22 278 992 259 695 527 99 456 589 766 286 315 888 295 766 217 327 880 727 680 408 266 266 950 391 399 177 908 848 546 333 807 910 321 780 256 246 99 57 996 750 413 569 475 518 766 71 53 640 744 974 201 81 215 228 2 553 222 530 203 654 166 386 63 851 723 904 970 60 380 548 922 640 22 621 774 36 25 640 220 67 197 734 953 220 605 304 382 592 489 733 99 279 232 26 131 539 779 147 828 258 921 816 670 678 477 147 611 196 711 824 12 197 590 137 49 579 98 580 580 862 685 93 151 348 381 298 598 734 574 26 899 888 638 486 566 457 946 503 766 195 655 472 644 401 504 292 591 187 158 266 426 854 731 238 391 822 678 81 528 963 466 467 712 814 191 554 219 652 881 165 545 175 151 800 730 102 639 15 709 195 953 217 555 901 698 974 730 68 426 206 853 94 89 237 371 681 307 123 559 523 229 303 257 129 845 192 78 144 129 360 668 322 526 500 576 466 524 515 173 850 59 169 941 477 562 351 618 122 709 293 
507 267 352 570 848 328 289 977 80 71 518 56 147 509 24 457 947 253 381 265 602 457 757 229 109 961 69 803 119 256 886 236 130 250 528 377 642 887 822 209 557 628 56 793 733 717 43 68 391 401 792 489 647 946 630 711 632 710 992 390 646 427 114 912 529 487 11 206 236 72 388 501 597 878 995 878 153 658 290 962 38 842 66 327 850 538 451 521 964 125 230 397 897 144 40 965 444 863 895 369 8 793 329 638 158 271 155 334 333 703 898 118 504 291 322 534 588 926 667 443 539 68 882 526 358 163 957 984 462 477 554 631 256 883 523 712 600 390 963 957 3 324 991 423 828 629 127 105 261 305 545 615 115 796 676 627 14 954 675 36 780 912 410 530 975 125 401 88 185 370 783 611 290 120 132 864 822 966 560 970 156 628 758 702 996 278 488 702 277 70 505 696 886 389 735 529 602 127 683 717 62 620 330 443 959 893 71 494 996 724 255 183 834 519 884 238 449 450 355 58 355 458 658 881 193 73 606 216 544 15 612 920 89 133 752 562 431 374 539 23 99 380 369 189 314 314 702 670 87 446 91 489 154 747 341 773 656 213 426 546 249 533 837 46 903 864 698 471 568 637 17 610 842 886 337 533 239 354 178 294 199 904 328 158 695 684 327 260 661 474 274 411 798 707 800 301 988 437 641 69 756 458 226 728 311 831 786 879 890 921 198 235 813 310 445 411 1 8 106 335 621 846 620 825 252 697 629 2 699 439 728 624 854 58 463 683 994 181 298 179 40 368 742 659 409 606 851 683 589 640 636 352 575 319 617 121 416 142 937 787 209 842 541 947 956 251 722 730 256 47 139 795 405 512 416 715 26 388 945 669 14 257 563 518 253 613 247 305 304 26 305 274 16 786 942 524 499 686 311 343 619 572 289 867 641 434 856 149 360 232 550 607 113 105 508 607 170 100 412 381 491 945 945 803 606 671 682 803 727 261 102 107 682 313 416 699 772 425 872 519 38 823 834 581 828 645 406 265 615 554 552 59 557 134 672 339 924 32 105 498 773 942 275 900 997 761 186 451 480 601 891 72 396 305 903 973 302 394 603 15 455 929 203 270 488 467 780 721 868 742 17 898 78 631 448 831 364 81 596 803 
7 31 590 251 354 240 312 133 133 288 961 445 400 526 983 854 93 359 687 669 879 826 996 290 904 835 728 509 972 942 735 352 958 626 447 484 714 970 314 897 379 224 906 820 302 158 289 235 395 131 841 466 16 251 192 63 983 127 598 626 125 419 267 76 5 569 702 333 16 124 518 500 480 94 706 830 167 470 729 263 112 337 700 365 572 11 783 995 511 285 188 909 562 15 897 783 163 726 10 135 736 77 175 772 291 278 937 565 958 604 372 612 28 462 435 458 954 167 461 6 558 10 876 118 749 295 570 563 623 778 771 69 853 145 502 861 434 976 731 120 618 91 276 558 103 215 762 188 59 415 776 575 516 112 46 523 315 463 495 742 792 478 384 829 555 239 617 458 402 180 342 924 889 173 289 232 804 194 867 623 386 247 898 721 520 592 48 13 318 939 30 917 407 89 47 844 889 391 446 556 626 820 516 9 591 340 433 244 51 456 32 147 663 442 503 439 494 853 708 347 411 656 795 352 262 987 224 474 478 886 462 426 192 396 492 212 689 255 83 596 271 569 477 142 752 224 122 169 505 788 904 799 711 236 808 217 447 769 792 735 804 146 523 280 226 782 801 618 791 426 276 147 723 975 798 559 814 157 689 154 785 776 251 403 625 359 485 47 36 873 691 363 97 44 378 11 817 443 883 772 205 909 320 813 294 99 212 233 279 451 180 875 549 507 826 135 769 733 581 215 72 167 801 246 715 952 646 662 543 747 747 391 351 492 897 450 687 670 983 557 101 969 264 631 403 779 133 270 892 533 774 633 416 849 438 870 776 262 905 85 744 803 167 907 458 868 116 121 92 523 178 965 526 802 918 271 978 210 219 767 655 538 108 200 524 55 429 298 237 114 9 755 819 610 729 706 232 971 832 823 146 246 409 107 655 718 507 195 915 865 782 220 649 278 12 954 565 204 447 503 106 545 686 757 259 212 479 210 89 425 828 641 297 433 382 211 685 297 475 244 337 316 386 612 226 956 104 811 277 357 191 242 137 209 91 52 31 788 82 949 808 212 904 744 332 374 422 544 321 434 311 50 693 878 102 56 999 592 393 646 676 38 468 130 294 529 636 717 737 492 851 400 43 329 181 867 85 166 442 33 
856 474 344 548 469 365 101 664 94 440 228 569 53 442 899 27 706 717 774 359 580 24 477 728 167 588 626 679 39 31 360 738 245 731 171 673 372 722 653 992 44 217 476 486 182 817 508 332 401 1 598 109 186 304 365 919 737 558 922 832 552 506 851 416 631 683 826 438 181 546 910 500 624 849 172 226 267 611 735 461 497 25 62 862 998 280 708 443 29 158 380 755 599 831 719 56 820 758 27 526 618 672 529 720 840 909 917 788 867 472 719 819 591 716 63 938 568 889 729 354 0 577 54 288 565 25 24 142 455 645 811 219 502 32 610 630 232 264 491 214 945 290 722 173 514 464 671 187 559 206 934 246 630 960 227 718 484 565 175 5 134 910 259 894 978 581 241 492 546 423 507 267 845 123 186 602 815 347 613 905 140 225 35 379 404 704 578 573 153 152 164 194 176 260 277 121 106 21 216 757 579 108 467 121 125 210 381 67 49 60 72 284 991 646 892 497 32 854 437 67 509 271 162 768 779 27 635 385 388 357 207 778 729 798 384 741 315 915 785 253 400 741 476 789 14 750 767 654 242 311 400 582 644 536 974 740 311 685 102 179 301 181 616 347 681 113 953 938 449 782 601 179 763 936 126 601 32 966 362 332 339 113 364 128 516 934 329 243 63 685 648 222 361 540 538 695 805 1 410 548 687 631 135 673 583 575 661 509 748 511 99 390 435 779 883 797 632 585 567 139 927 550 641 506 82 437 122 72 23 984 896 802 219 203 609 874 4 519 793 819 720 443 641 903 432 984 250 443 828 756 762 391 593 963 869 146 957 508 804 244 855 916 951 560 522 58 204 85 314 407 722 756 378 806 318 866 310 7 778 104 818 463 400 166 153 165 165 903 983 579 693 110 600 567 736 734 577 799 421 933 803 351 284 843 718 160 345 675 986 667 843 514 593 598 338 305 361 290 29 466 555 154 231 432 653 780 613 793 549 567 824 455 110 653 99 486 554 972 213 499 673 784 740 282 33 592 160 196 653 201 929 197 824 794 94 539 171 744 763 824 129 710 427 383 990 591 12 300 872 815 275 563 72 162 224 749 541 816 458 622 531 846 768 594 565 484 806 668 96 460 69 336 55 659 813 655 252 298 720 299 
433 323 244 137 864 75 614 591 473 397 816 19 251 792 766 806 383 325 773 54 129 465 491 584 580 153 310 744 59 938 761 588 889 193 760 900 150 860 738 181 84 742 321 678 399 973 785 253 746 922 642 301 353 888 619 797 666 348 344 669 239 824 359 888 512 94 312 189 274 206 465 965 36 534 671 297 413 947 341 758 828 825 402 494 663 546 643 316 975 831 661 345 380 291 282 417 194 196 962 777 601 113 477 633 248 602 863 243 927 731 676 511 803 806 568 777 709 545 879 968 605 590 311 422 141 680 582 197 216 868 479 637 296 126 239 726 755 707 394 653 996 471 375 473 324 342 743 565 70 170 54 45 818 159 559 734 360 570 714 379 195 238 199 695 240 114 820 236 156 953 139 451 278 510 505 799 680 124 81 739 540 296 252 19 595 732 86 132 329 828 990 367 159 634 342 705 80 941 316 875 981 722 97 622 759 393 579 1000 501 390 618 318 581 987 583 524 127 502 592 822 844 575 140 912 673 345 686 83 561 408 256 361 684 30 872 994 802 139 352 531 949 40 536 164 828 537 119 492 195 730 694 720 705 659 981 544 674 103 221 529 741 52 318 518 49 245 261 41 555 793 938 410 333 847 325 519 243 762 75 564 205 925 55 378 250 41 157 691 682 962 755 72 511 963 301 181 980 452 85 773 72 794 782 634 216 706 404 886 222 577 386 310 997 760 719 982 930 196 850 722 292 525 802 872 562 489 290 467 627 425 266 568 978 77 39 319 357 274 195 334 432 588 553 51 355 705 944 896 128 664 472 915 865 530 319 887 559 199 542 802 351 512 577 842 841 249 922 72 728 589 402 426 351 579 260 718 386 586 273 307 797 63 159 174 854 74 433 344 708 120 179 703 324 244 999 107 208 563 69 350 483 424 807 271 684 503 406 920 441 387 197 141 298 407 881 707 510 711 965 895 171 373 771 381 251 748 663 458 479 698 312 473 640 441 51 937 383 345 535 603 521 348 394 728 158 41 832 406 380 833 627 184 534 768 333 233 128 941 836 423 214 181 864 93 553 377 740 522 811 279 189 304 473 190 827 356 145 997 827 768 605 401 784 484 15 48 417 289 573 23 779 994 412 302 708 676 178 900 95 490 
485 324 971 914 603 846 978 45 47 725 997 418 639 328 336 496 703 721 927 838 18 693 147 184 142 502 140 286 604 56 161 114 344 949 86 474 971 949 304 553 661 631 914 6 82 826 991 884 525 302 784 424 287 902 36 997 826 196 284 935 531 443 186 634 255 417 546 633 503 395 305 706 745 436 227 68 599 46 429 209 495 899 493 203 16 418 620 347 850 233 561 145 727 90 444 385 686 400 401 37 502 863 849 886 964 656 589 991 808 108 938 7 557 87 203 883 336 196 979 97 261 172 498 877 645 690 976 444 780 481 322 168 252 128 673 297 930 848 548 599 941 853 149 489 368 312 665 890 618 877 397 344 287 269 600 12 349 593 719 24 942 717 180 367 515 427 489 923 487 173 655 7 810 383 720 759 445 281 564 983 0 459 450 324 398 428 658 638 434 379 916 393 264 832 402 663 63 824 97 613 935 974 241 12 565 872 764 863 886 987 903 161 358 987 99 474 12 934 503 77 810 619 874 534 640 819 564 814 772 976 506 922 209 248 26 912 487 700 421 454 441 633 171 520 854 905 2 366 40 895 765 422 446 83 231 504 56 8 443 404 86 190 828 361 143 314 989 41 317 321 357 181 368 157 889 399 184 714 676 818 303 947 822 654 979 918 775 876 438 836 483 292 520 204 269 401 251 256 287 138 687 921 582 401 580 868 590 640 424 312 858 815 883 510 248 225 673 478 404 115 90 252 811 577 50 840 149 121 383 666 266 815 301 542 170 570 656 623 728 851 826 253 744 1 179 369 635 639 12 954 110 576 815 693 966 618 139 510 440 904 793 914 616 39 764 851 23 912 772 563 170 326 17 210 175 820 363 477 621 579 723 491 459 74 837 875 607 95 658 832 548 597 211 303 868 651 270 72 986 863 770 932 251 211 624 345 874 710 861 686 881 687 50 791 787 396 513 219 269 919 176 763 213 124 601 48 428 871 263 594 849 323 822 746 547 997 219 504 49 1 338 123 650 608 780 896 916 925 302 390 612 275 797 328 281 186 431 315 431 270 987 482 6 257 924 626 515 640 99 117 7 47 713 628 477 994 874 581 403 471 177 69 273 627 974 664 907 177 436 16 455 884 740 132 434 354 414 241 307 74 
814 92 972 590 155 10 965 536 1 53 192 616 612 149 617 965 464 337 704 309 82 452 779 644 827 291 945 752 3 802 954 906 431 323 917 354 302 260 701 870 414 129 307 298 599 51 980 103 36 101 878 828 593 982 507 265 696 493 91 328 472 164 240 735 952 868 553 23 339 26 598 792 248 569 566 20 989 363 936 119 545 601 245 739 798 349 670 227 5 183 727 889 749 859 702 228 140 724 733 350 989 450 710 732 693 811 615 452 566 764 210 515 28 894 200 474 48 945 699 972 187 503 462 665 446 950 652 524 507 349 947 150 735 58 200 416 11 200 972 795 892 222 660 119 864 783 505 718 436 87 700 508 917 999 597 395 970 766 761 470 857 623 948 583 330 587 654 72 546 251 951 284 858 581 324 233 773 700 338 280 12 547 434 82 739 142 463 456 416 150 589 583 774 170 75 632 588 639 177 298 17 371 935 735 335 594 195 769 516 443 235 219 932 929 421 854 408 663 13 723 515 287 896 655 860 199 863 402 255 88 456 33 23 251 636 515 700 86 583 269 823 267 161 468 362 212 271 857 510 581 951 332 568 780 646 765 779 213 673 257 483 295 220 297 447 946 788 613 921 184 96 980 649 900 606 466 767 10 208 425 459 745 138 792 126 867 6 664 192 271 168 877 152 911 168 169 10 864 2 143 456 103 567 643 91 395 948 602 606 771 55 598 280 587 21 292 475 54 209 932 494 146 421 856 473 662 830 807 620 965 878 314 932 690 388 446 700 134 271 967 844 881 107 487 157 332 674 604 127 555 120 21 460 929 979 152 391 514 889 419 236 150 585 458 800 418 142 541 766 234 370 401 879 590 275 553 230 781 834 646 150 152 474 732 854 698 791 474 139 125 334 534 895 317 868 953 154 569 457 743 799 397 590 47 60 244 518 209 164 52 123 139 803 476 956 819 711 215 34 899 597 137 651 313 184 670 679 150 476 731 516 645 292 687 282 818 619 102 479 672 731 740 503 806 598 717 865 19 843 363 863 849 536 92 806 264 195 982 396 845 355 920 527 692 70 403 906 167 749 573 771 392 865 212 824 37 513 667 7 218 454 588 576 21 150 673 174 89 82 478 114 539 900 483 823 753 470 105 746 827 
525 583 37 514 542 788 625 641 766 452 95 283 47 920 873 70 932 31 914 63 942 543 329 264 137 455 496 943 612 53 257 667 923 968 145 204 480 176 624 515 42 859 147 524 714 425 331 133 669 252 485 357 340 588 252 129 176 715 585 573 225 55 873 965 334 685 161 296 303 887 818 87 487 481 698 417 439 824 97 29 192 357 667 574 40 482 266 158 733 22 571 806 456 277 30 685 773 879 735 823 410 882 230 373 651 940 206 195 639 289 36 346 627 632 234 103 832 351 596 426 320 2 415 631 661 169 624 617 645 808 881 832 452 211 409 826 760 801 52 201 566 78 445 269 698 463 683 236 129 421 75 374 670 447 889 134 575 170 142 78 718 136 502 80 709 497 94 975 639 481 470 428 580 797 711 900 730 117 574 528 872 368 350 933 232 835 267 417 986 972 847 479 742 89 755 746 198 651 422 237 197 612 563 146 163 766 242 283 685 752 190 408 109 749 571 525 755 744 217 670 872 430 397 565 40 650 388 724 33 113 361 130 132 699 858 234 826 136 109 721 791 512 383 526 491 408 584 217 365 153 29 729 470 270 642 925 815 576 814 293 781 128 124 376 992 261 904 20 578 682 607 774 858 879 989 836 716 924 36 243 616 734 378 732 691 203 439 914 626 858 182 811 901 135 275 167 333 925 499 971 774 803 465 82 292 621 177 50 204 151 9 174 48 922 323 723 48 200 239 656 145 717 943 74 736 296 419 271 785 412 184 585 443 92 887 634 442 553 506 685 62 17 568 309 70 294 673 986 863 102 381 696 77 683 461 453 482 574 468 696 380 651 106 286 178 280 589 723 366 306 738 646 602 428 618 214 391 547 859 202 561 780 939 436 287 521 509 513 307 34 318 295 67 444 201 442 271 123 125 812 519 363 842 907 260 540 626 992 754 58 174 901 550 750 492 687 253 209 590 195 832 732 278 154 836 418 740 20 385 342 543 901 152 131 386 52 387 328 502 611 911 495 921 316 158 425 853 851 985 752 308 916 913 704 436 794 446 991 12 953 137 751 248 866 442 172 192 781 634 575 990 232 95 816 875 885 397 979 734 840 882 373 273 903 819 838 542 537 478 945 731 884 692 854 298 732 420 641 638 195 
556 464 577 154 738 687 465 228 272 392 289 897 517 890 476 599 256 331 889 92 167 842 988 161 309 801 150 655 184 837 153 870 342 521 464 20 661 91 72 974 644 629 648 721 614 155 979 344 311 984 394 829 858 693 497 839 695 997 644 131 45 742 503 766 452 369 196 239 54 741 58 732 334 855 191 753 317 781 112 277 403 950 81 798 467 767 185 268 129 504 23 283 372 472 861 11 103 911 381 192 864 810 27 550 399 543 919 216 411 608 815 387 614 87 465 969 710 822 950 210 617 949 70 888 424 110 513 619 464 6 350 711 552 371 994 546 911 263 448 259 747 73 67 245 806 520 379 462 647 658 367 960 533 357 551 326 609 119 783 506 468 14 379 722 925 467 274 452 0 996 125 93 460 484 884 598 454 283 584 472 613 905 878 981 890 955 661 501 288 144 777 808 725 373 57 185 722 830 525 139 446 18 107 456 754 565 225 809 470 407 267 957 884 83 45 691 898 609 752 347 635 823 647 659 992 823 38 753 764 998 420 626 618 52 414 813 617 14 230 67 915 80 712 920 641 575 240 421 76 826 988 232 51 22 644 729 571 490 862 679 69 780 596 472 182 600 694 780 676 305 698 260 42 826 88 759 69 347 573 351 440 38 548 538 429 7 910 988 82 469 959 285 755 787 222 665 257 46 185 51 604 341 145 246 160 117 689 82 747 93 590 757 662 88 861 478 951 687 509 927 405 776 856 197 327 965 656 157 528 828 833 78 368 870 915 934 962 857 576 137 725 981 299 910 986 168 61 291 281 476 153 368 885 359 923 661 733 501 687 911 696 900 826 242 831 274 562 471 244 276 412 984 420 522 906 703 366 943 408 676 160 566 199 617 393 251 695 221 942 21 212 882 667 936 656 846 131 585 981 903 207 742 175 628 677 230 148 274 93 659 571 842 857 209 745 777 232 794 70 656 401 311 201 735 104 567 848 470 899 708 509 712 649 284 254 105 387 866 706 869 429 344 583 693 414 176 400 695 376 780 8 653 706 666 160 107 435 129 954 481 264 7 601 979 973 727 157 467 443 27 124 358 214 721 665 394 53 498 706 94 963 324 994 69 700 632 187 433 215 836 697 836 456 395 931 71 756 645 459 353 
761 184 369 469 232 41 930 76 962 124 779 952 135 267 382 269 240 426 39 602 353 108 228 879 716 714 774 982 859 8 946 403 418 780 843 430 990 573 450 522 679 862 365 471 250 931 125 422 862 537 710 42 709 981 786 637 498 496 332 855 949 767 217 977 192 220 142 421 995 887 169 470 575 312 742 651 516 207 556 568 584 7 621 400 501 150 455 694 583 419 146 370 33 53 531 65 123 722 516 97 366 649 592 668 945 464 310 731 217 118 122 816 723 606 200 761 737 521 375 112 484 892 569 623 189 4 605 671 129 979 289 223 915 2 630 397 681 59 846 202 916 964 73 382 896 516 593 843 301 901 486 71 584 158 129 79 862 43 652 162 123 48 56 38 340 280 874 905 984 305 350 268 676 754 136 100 473 782 327 585 116 299 676 655 404 375 871 838 456 768 262 453 591 635 462 418 239 895 38 238 614 502 421 195 580 132 938 33 685 491 694 257 99 88 600 669 518 22 330 295 643 974 173 700 893 638 601 713 596 250 734 763 415 54 970 833 956 374 258 918 109 807 401 125 776 961 647 399 770 417 754 774 352 638 175 465 964 867 748 481 3 898 715 308 638 520 769 801 602 133 31 208 171 809 261 864 682 803 714 583 586 260 228 264 862 800 63 424 373 7 13 53 499 61 667 320 150 461 791 901 785 475 501 261 952 393 585 763 779 690 745 795 550 545 316 606 963 978 795 224 944 386 959 35 477 617 106 852 672 817 906 776 59 114 263 798 950 246 154 432 342 238 773 341 937 820 511 293 992 714 88 880 67 506 781 98 379 210 962 671 539 828 877 811 853 800 356 970 921 245 583 723 575 279 503 883 894 238 825 826 854 888 235 801 117 226 602 312 234 382 44 847 596 988 860 955 990 362 484 964 385 203 343 108 329 110 672 848 385 386 711 287 52 314 481 140 668 444 788 523 391 53 415 987 315 632 918 245 651 167 947 790 531 917 586 324 222 291 275 72 553 377 215 167 718 695 786 129 124 214 595 399 824 533 492 81 979 776 841 387 767 337 834 455 899 488 808 193 477 211 546 630 210 147 267 941 203 369 361 231 531 554 766 264 909 339 35 105 497 747 794 535 526 701 202 455 280 490 789 711 
136 405 950 350 628 771 819 571 151 35 53 145 474 680 188 256 983 512 798 496 664 982 369 199 717 842 221 279 667 754 541 440 457 509 378 368 430 883 382 326 457 53 536 20 107 736 453 108 354 593 7 896 40 833 403 111 998 220 409 925 983 597 580 31 133 727 341 111 194 393 862 786 987 528 227 691 390 190 768 37 504 539 315 491 928 531 52 150 756 910 374 358 901 903 80 288 76 17 331 379 523 334 387 51 866 433 899 170 180 540 647 51 556 640 842 815 69 530 244 244 208 256 437 530 744 92 601 703 914 668 743 297 649 49 307 615 727 591 197 172 829 772 238 127 343 19 496 94 321 1 432 186 267 638 252 617 748 354 362 14 914 125 318 31 217 509 466 978 142 627 987 929 296 50 221 416 630 434 627 676 502 840 727 804 178 170 826 49 116 527 507 939 201 101 714 574 871 730 910 588 515 516 221 940 446 221 654 425 736 37 522 298 987 161 628 63 770 24 491 916 486 654 68 319 904 376 99 753 752 576 609 781 818 819 307 882 759 18 102 234 568 258 862 826 427 786 802 504 597 550 588 296 872 25 864 764 771 607 345 336 779 741 598 925 19 573 155 245 981 56 824 739 328 257 612 826 693 631 759 50 501 179 724 141 744 365 95 562 954 623 731 290 165 929 800 696 68 984 87 351 195 727 987 128 533 190 781 899 385 181 238 848 832 133 790 31 318 714 360 350 413 890 659 144 55 794 979 360 534 151 586 854 347 505 585 112 180 74 499 367 380 352 757 369 607 695 519 628 963 658 848 52 213 719 145 410 665 168 502 247 765 499 363 712 841 774 170 147 876 448 36 177 931 586 833 58 790 609 250 786 685 133 411 337 97 400 199 598 603 581 610 653 305 684 726 152 571 562 242 329 762 971 914 391 722 7 228 167 954 775 711 192 759 490 386 563 924 467 719 371 825 683 916 890 776 222 519 174 541 320 485 949 817 730 128 24 900 931 938 621 219 544 327 708 674 702 432 243 370 133 352 630 71 179 731 467 494 760 87 918 831 610 219 670 968 19 622 237 468 661 919 344 387 923 300 268 22 963 159 572 57 593 316 873 817 417 758 71 545 195 445 838 580 791 78 729 98 430 348 578 
937 338 923 431 267 830 570 54 400 184 828 439 99 10 640 727 994 116 138 655 181 189 979 188 640 329 631 519 496 652 62 420 958 75 705 328 186 737 496 206 100 794 492 902 699 894 389 356 986 23 268 70 671 809 999 741 58 690 516 462 975 198 894 702 222 927 37 837 139 942 660 485 838 489 318 686 680 895 155 46 552 917 572 492 88 649 333 275 454 34 191 589 561 136 985 814 883 760 838 418 834 277 520 879 941 922 513 17 388 906 666 646 954 754 19 118 176 256 715 441 693 971 423 489 465 257 386 628 688 466 7 606 363 777 448 672 608 207 984 344 463 743 534 647 416 79 344 817 574 742 949 208 262 50 563 323 145 127 45 745 990 469 111 322 915 126 517 106 17 795 47 920 505 982 178 281 507 747 650 177 82 565 81 544 869 714 624 234 21 369 339 405 149 392 335 144 998 828 374 397 712 279 173 577 41 987 272 544 745 25 962 70 347 584 886 517 12 628 160 36 746 822 788 398 862 863 100 281 388 668 453 739 377 520 662 313 571 151 9 152 178 92 760 756 274 12 164 961 718 980 207 430 925 45 332 973 511 769 343 801 718 713 393 319 826 400 84 761 873 833 33 222 382 998 405 413 286 51 436 641 338 644 596 721 186 171 385 244 852 749 617 347 161 335 551 945 639 806 719 869 964 587 501 534 233 898 612 395 477 368 614 494 414 223 777 590 542 85 403 603 721 982 591 43 666 731 210 494 608 31 382 627 412 97 373 775 820 822 309 242 170 47 891 105 617 283 10 95 434 591 126 745 444 256 621 891 552 889 590 631 413 29 640 861 783 272 982 326 204 197 539 992 543 31 814 520 973 996 482 608 790 192 731 364 978 878 513 416 2 761 480 297 621 585 455 210 899 115 303 420 845 55 297 399 638 621 564 277 712 597 966 651 218 306 76 833 362 626 897 509 227 724 246 583 36 327 602 630 674 869 813 309 15 530 612 937 775 727 43 896 486 363 49 6 624 362 880 707 640 132 129 671 237 726 573 150 639 285 529 60 32 818 38 883 263 583 723 480 931 775 849 809 171 836 78 822 96 819 608 509 599 987 444 406 352 998 224 696 391 934 987 863 648 924 952 576 922 180 993 975 
948 256 974 735 721 443 777 790 48 870 451 442 359 680 122 493 99 814 283 172 117 113 922 152 105 872 900 798 615 562 850 686 342 376 15 366 794 979 667 159 763 809 939 77 453 949 418 797 885 482 11 738 400 800 563 113 518 736 294 903 759 714 599 965 515 671 92 634 607 515 766 264 21 254 654 640 344 841 960 357 209 171 871 527 894 247 461 28 407 694 466 442 504 392 797 390 519 143 901 811 452 26 987 526 681 41 500 378 804 946 223 924 453 291 792 22 87 740 960 826 909 680 712 701 74 48 16 496 718 62 379 414 365 802 188 95 583 32 291 981 67 377 684 852 882 950 437 885 224 414 494 30 941 914 105 969 956 353 290 917 553 901 669 342 515 685 312 578 868 356 334 210 77 286 584 993 675 575 752 382 945 930 124 753 74 482 649 738 766 29 382 501 961 78 285 822 158 679 924 387 603 858 411 465 29 374 386 384 415 267 592 129 220 735 743 424 946 223 192 555 309 570 928 177 544 41 491 693 368 558 387 405 852 138 40 491 324 868 291 295 430 520 451 149 936 232 804 844 300 493 273 421 516 599 999 606 863 266 666 445 641 54 916 727 363 33 607 181 564 311 964 342 48 678 759 432 222 963 494 416 865 617 454 878 377 976 353 642 24 644 575 56 323 355 443 36 831 773 776 797 743 323 427 506 324 261 544 355 98 813 580 491 918 413 339 758 94 273 26 605 689 132 17 568 779 932 91 588 373 811 838 400 737 584 236 103 319 111 488 449 0 141 216 367 215 668 578 80 831 821 739 421 985 956 615 178 467 700 235 905 344 179 404 603 90 230 114 719 667 226 455 354 706 824 71 32 522 974 963 590 884 936 984 436 817 948 782 309 974 817 451 579 714 369 180 758 651 1 876 610 228 649 270 932 488 919 361 797 692 425 740 806 770 856 542 393 858 758 10 464 853 317 407 226 343 525 24 247 503 881 705 673 64 901 882 341 823 780 855 74 967 389 797 540 940 878 424 132 447 403 46 647 524 353 170 733 152 765 467 767 100 883 847 598 103 363 554 556 444 363 440 736 58 383 849 451 321 189 739 522 814 695 151 775 755 221 817 467 694 983 918 672 921 3 407 139 31 313 316 761 
68 664 371 11 645 123 700 18 577 470 835 704 289 222 285 437 566 5 356 114 911 404 741 326 126 16 25 308 118 42 592 716 277 761 49 95 24 961 46 442 173 417 374 47 828 427 504 99 192 430 684 46 414 551 939 215 331 567 43 749 724 313 206 877 617 464 115 522 235 56 429 359 626 750 650 16 480 764 21 190 711 86 968 990 598 741 727 153 328 115 210 733 796 826 462 671 674 395 431 765 640 363 912 823 691 124 295 842 589 380 955 424 470 606 51 744 337 857 927 161 867 687 252 942 197 538 223 833 269 874 545 260 747 551 173 715 543 962 641 916 120 873 766 599 714 334 4 156 538 945 418 534 55 827 766 391 987 542 309 426 330 109 399 158 80 6 726 983 7 294 600 766 302 823 549 648 229 17 280 328 604 763 96 699 853 555 278 965 276 462 725 972 656 933 851 16 602 870 852 747 936 37 343 357 642 964 105 916 520 366 825 300 387 48 764 284 195 326 2 915 569 380 864 419 340 19 895 369 877 861 808 470 967 52 965 198 330 137 782 298 962 138 273 846 677 577 332 941 98 972 690 408 727 86 823 122 964 437 240 621 344 337 999 0 380 432 210 801 837 939 743 720 345 218 849 434 805 161 484 601 621 248 813 241 428 626 468 57 510 172 268 90 61 949 817 193 986 863 686 75 326 171 509 284 353 880 435 452 336 824 834 904 3 877 274 235 944 158 27 591 962 209 747 454 220 57 988 977 50 218 202 705 35 276 820 831 824 405 48 117 586 511 701 739 193 907 759 417 673 688 133 136 787 388 285 186 258 948 48 956 354 276 927 509 397 583 55 269 357 171 1 26 839 833 214 568 306 656 879 941 424 673 583 563 699 841 891 605 689 774 128 810 172 577 277 537 557 946 356 554 342 652 950 826 365 164 611 845 692 815 279 843 902 420 76 623 649 359 620 76 917 544 16 340 129 896 873 949 605 159 643 9 129 742 469 629 335 8 687 367 514 162 127 154 326 304 563 553 999 970 912 809 183 854 205 954 674 605 0 930 734 344 345 954 351 70 697 781 301 152 736 384 259 1 374 325 116 795 143 677 863 910 249 849 715 289 418 383 981 165 460 826 758 608 950 783 699 661 35 984 
324 129 991 245 425 919 18 719 765 157 910 609 137 883 651 545 714 256 884 989 17 479 29 724 582 398 337 740 317 654 583 517 430 940 801 266 716 784 177 692 680 82 578 328 783 131 594 840 366 317 875 197 363 303 197 617 88 780 747 715 664 593 148 614 47 144 95 671 30 166 349 90 422 718 673 619 914 329 191 437 512 379 280 9 454 427 217 236 226 471 462 874 805 836 672 263 985 683 374 863 142 222 926 922 603 684 515 673 444 478 203 708 731 680 853 617 112 366 446 907 193 618 745 59 770 711 756 833 710 597 10 865 202 742 385 746 795 54 354 732 109 99 229 329 955 210 249 713 430 872 633 433 205 837 622 466 900 650 399 227 618 317 18 148 461 214 234 606 793 749 819 937 892 277 377 640 662 200 433 160 425 413 575 188 318 64 101 42 689 237 5 960 344 752 188 883 953 871 662 356 911 914 593 674 436 154 714 683 779 66 254 24 945 779 930 54 125 817 378 941 44 451 451 396 894 907 324 504 791 921 927 645 537 115 22 352 631 467 229 711 921 711 630 56 48 261 585 602 317 680 867 229 800 136 608 463 355 797 562 437 417 81 919 257 894 983 737 272 814 927 150 398 150 682 266 555 729 540 571 912 678 980 341 827 466 587 867 934 758 852 593 872 713 73 933 15 777 145 629 887 251 249 652 773 590 136 828 165 855 174 646 589 171 905 696 726 395 911 629 547 215 19 87 272 229 773 272 514 874 17 486 230 898 176 107 306 512 887 892 390 387 817 420 338 773 284 484 405 116 395 912 645 732 814 169 490 892 359 906 894 655 710 372 494 174 257 943 123 291 918 389 241 428 979 854 880 473 694 989 771 109 68 634 565 747 751 359 479 273 446 671 662 684 359 359 720 105 262 777 79 626 144 353 903 385 712 879 22 11 68 852 104 361 598 650 305 410 526 188 123 596 757 339 971 728 419 927 291 327 408 878 398 863 267 783 975 908 64 171 362 710 51 927 505 383 518 363 444 971 11 250 704 974 290 369 309 446 938 980 141 340 619 278 947 542 792 638 377 173 845 958 25 495 225 490 455 215 998 427 993 398 619 465 107 216 556 366 806 757 557 900 210 849 494 523 221 49 814 380 399 
476 286 523 708 653 694 787 122 286 665 979 418 929 776 218 840 849 845 681 574 633 919 318 425 51 274 891 937 626 152 299 611 912 915 612 115 659 718 456 647 685 472 67 653 43 364 369 284 730 466 173 686 474 56 187 810 212 330 70 173 399 956 375 391 730 379 393 600 87 815 200 900 942 425 271 457 123 844 290 264 546 185 21 625 622 996 505 700 4 5 362 111 623 639 737 952 113 579 166 721 162 972 714 789 982 51 848 490 770 188 667 905 248 89 356 568 802 535 754 864 183 86 310 729 512 238 237 430 369 608 7 402 983 565 493 127 793 181 392 190 30 95 199 109 810 755 439 625 407 297 74 811 40 687 528 780 48 489 765 33 528 412 145 258 536 824 768 942 105 486 216 653 938 261 692 412 727 558 293 861 182 753 215 368 306 69 811 882 715 685 643 471 983 582 740 711 535 923 284 885 943 733 160 863 534 227 505 673 703 869 629 743 290 932 236 474 9 774 484 731 534 716 854 848 771 423 38 175 85 460 270 420 652 166 771 331 443 745 55 259 930 18 624 443 956 768 933 525 32 792 930 759 424 391 502 660 108 245 894 224 146 804 613 192 297 903 645 80 474 605 592 665 585 5 262 559 387 761 273 262 48 815 628 759 225 9 43 950 654 389 875 853 632 348 585 53 401 753 578 497 237 520 155 710 735 815 240 576 707 424 70 810 484 182 792 508 753 158 236 150 463 964 478 163 339 187 176 175 149 545 845 53 552 33 338 215 880 129 864 979 687 477 216 692 935 635 724 747 812 562 359 51 837 699 249 806 583 178 66 246 746 298 961 726 909 440 527 250 26 769 372 116 703 904 817 230 221 402 197 969 473 168 652 144 567 865 110 464 570 228 459 246 854 298 950 265 371 924 490 42 896 743 585 945 906 604 538 464 68 53 981 886 689 648 672 344 446 883 904 16 181 502 499 523 442 762 934 589 305 981 485 359 483 574 278 228 281 750 911 285 895 128 208 746 70 308 42 731 306 110 790 168 957 875 582 890 271 989 107 362 540 477 614 309 323 141 852 344 646 990 185 771 874 330 533 440 972 474 906 629 717 267 342 382 457 206 189 891 125 698 10 648 765 162 750 992 48 580 229 998 
340 433 115 178 0 807 979 452 152 848 637 596 718 418 491 781 96 284 466 508 437 991 257 685 161 881 788 508 667 824 432 405 537 291 156 47 903 316 201 53 727 603 394 986 336 175 910 680 25 872 504 228 637 522 914 557 22 1000 278 434 900 601 883 324 471 313 633 28 728 684 742 772 572 396 983 125 952 513 998 307 81 564 934 543 841 275 46 895 288 772 729 887 993 297 598 102 653 355 23 415 165 506 425 203 345 709 362 869 773 369 904 966 43 420 869 636 64 486 904 58 940 680 891 833 159 317 462 522 491 239 591 638 149 394 888 485 991 892 961 594 119 183 411 11 857 721 454 156 77 352 12 223 171 86 405 555 659 38 115 513 102 378 447 520 720 349 401 402 618 860 254 241 891 92 916 376 549 202 279 121 406 209 427 715 839 968 351 909 114 909 300 133 784 847 350 148 753 477 7 780 979 604 604 336 961 753 930 569 550 388 423 201 678 939 623 901 678 871 204 864 345 339 375 452 367 846 359 813 487 949 298 168 6 834 573 167 87 518 775 314 494 77 682 317 540 233 457 461 734 214 93 435 253 159 982 178 356 408 702 996 430 125 363 979 493 676 871 761 693 694 712 838 346 914 215 322 90 929 157 657 769 180 514 190 308 858 263 668 813 425 693 164 691 731 831 671 870 467 484 440 696 176 318 335 697 620 105 784 48 379 68 314 853 19 198 978 80 998 624 687 796 697 636 289 545 420 815 34 161 641 523 813 113 74 462 403 545 657 177 480 654 776 91 703 885 511 738 773 325 964 606 410 707 872 212 255 656 865 271 440 53 51 32 461 395 19 377 28 294 127 300 189 877 144 877 173 493 78 682 96 203 568 616 866 742 901 919 586 217 671 891 631 508 550 9 633 758 111 226 96 40 747 192 634 754 37 437 794 449 668 722 66 996 626 921 381 774 323 648 624 357 83 684 549 87 345 232 477 867 777 66 662 746 789 49 480 482 857 556 664 750 548 341 79 370 933 743 210 641 64 860 707 512 387 408 653 22 617 671 169 266 557 452 20 966 546 880 662 122 313 735 372 838 757 447 512 540 928 130 794 620 573 637 244 518 619 653 675 448 892 115 539 360 336 328 360 557 607 961 378 
356 691 555 794 122 555 165 589 147 249 458 471 832 740 631 222 81 872 931 864 247 692 55 789 354 963 916 584 707 946 340 449 885 931 968 19 533 935 681 918 547 454 539 12 1000 576 707 662 323 769 41 123 336 5 674 40 634 452 665 101 350 826 797 934 564 271 928 47 442 905 528 406 386 520 350 352 921 302 207 247 809 446 614 452 354 410 264 539 731 597 558 439 471 338 249 803 581 970 135 983 70 284 145 91 538 352 21 414 368 980 969 237 76 641 886 29 603 685 180 126 714 74 900 231 622 190 291 835 105 631 327 865 975 87 383 315 922 771 119 20 635 309 147 67 431 218 720 981 171 279 524 645 319 882 854 848 234 508 265 840 761 238 445 947 712 122 15 14 898 809 902 317 815 845 535 422 363 769 217 716 917 985 734 771 749 461 47 528 427 450 639 679 975 423 97 375 625 251 916 142 537 578 473 580 724 661 233 732 879 323 416 806 565 552 694 857 629 288 525 368 241 801 935 402 623 818 163 635 253 227 70 987 919 26 15 9 678 124 863 231 187 234 172 973 526 627 938 106 424 70 296 72 569 188 673 195 73 756 217 466 621 616 47 323 186 996 931 492 647 464 849 707 631 400 310 180 109 598 866 76 271 581 694 243 510 945 704 763 213 44 822 59 862 246 70 256 761 252 19 540 681 841 156 904 439 979 289 482 383 9 769 796 240 890 874 649 836 373 554 861 327 657 763 756 71 423 94 148 917 881 685 822 112 991 398 138 123 407 208 195 569 983 674 917 697 899 152 225 172 528 186 503 715 76 167 641 168 663 662 519 380 438 356 271 782 186 5 960 458 293 860 370 440 33 557 344 716 130 74 948 505 640 13 744 453 549 930 560 128 564 488 996 258 864 410 939 723 344 561 589 188 700 765 834 533 897 165 190 90 172 967 84 832 830 133 240 398 756 900 111 836 204 218 303 496 352 919 714 416 86 880 766 700 790 644 945 866 751 926 267 619 947 5 911 977 97 846 911 560 261 307 786 664 510 609 734 229 451 276 694 594 500 367 103 312 757 312 885 990 644 834 92 386 749 253 551 955 876 735 237 341 903 755 503 437 26 808 935 541 349 137 133 128 164 790 226 584 572 403 999 
107 400 707 782 328 74 287 59 946 562 565 748 618 840 905 697 333 273 572 239 497 343 772 492 37 321 855 358 479 985 380 216 678 663 563 564 945 998 659 294 617 8 473 31 312 981 599 791 888 491 721 12 274 368 239 84 322 744 305 731 707 655 793 983 1 584 276 309 223 121 286 849 431 307 241 228 625 968 192 279 821 132 781 972 414 648 826 607 340 873 221 264 348 237 741 365 667 911 19 189 119 837 67 69 248 230 458 48 85 468 309 221 88 698 601 107 122 342 545 196 578 318 238 431 232 129 612 540 336 523 383 202 594 684 187 988 589 562 770 143 776 570 846 650 100 640 465 916 200 553 211 351 166 320 279 872 713 509 293 833 613 246 553 946 868 211 574 16 412 19 824 742 179 149 348 467 952 134 562 572 751 172 80 231 566 749 932 645 876 280 897 159 16 724 587 430 117 807 440 951 502 832 88 822 114 922 274 58 593 450 579 293 360 893 825 627 34 506 86 399 992 434 275 661 192 441 797 479 789 216 978 876 305 197 43 745 903 835 181 46 265 882 864 970 67 402 598 493 6 789 220 325 140 424 900 792 540 465 6 378 534 911 876 205 335 175 747 81 909 761 657 512 970 956 479 694 451 45 662 577 195 354 643 896 622 182 964 180 470 213 467 90 612 698 966 244 881 506 48 609 85 681 449 929 472 134 408 907 512 747 781 265 796 190 844 747 976 172 293 986 841 997 657 929 222 276 635 295 340 632 554 780 80 20 49 949 181 655 762 453 841 744 929 487 890 80 386 946 508 117 691 401 295 1000 636 33 673 865 449 586 847 365 836 20 710 151 356 951 684 484 903 484 207 648 5 877 253 701 480 556 370 267 62 650 214 931 679 722 917 245 284 306 258 331 876 568 612 223 887 419 194 538 270 603 504 802 268 770 321 8 187 538 116 544 889 686 732 424 217 616 256 999 313 930 747 332 189 377 284 778 143 903 229 624 497 914 997 329 845 972 282 353 68 490 89 156 690 343 940 634 970 736 435 863 28 423 149 640 266 881 897 611 678 429 951 413 2 842 423 554 964 552 779 608 69 408 908 748 563 135 8 661 317 131 835 527 92 333 398 659 246 128 140 764 648 48 981 960 830 652 
777 453 245 125 479 989 597 212 714 347 376 961 730 961 696 320 946 73 6 710 861 681 810 684 3 468 118 854 652 570 909 81 202 940 372 621 393 358 107 240 204 424 94 949 846 728 934 173 461 728 97 794 605 181 857 255 1000 884 231 600 115 840 925 662 543 905 273 628 366 180 472 132 131 764 799 285 745 837 363 972 300 601 146 485 140 312 890 723 221 402 965 931 919 906 259 499 80 754 732 256 119 505 282 451 922 987 403 118 93 722 614 440 489 185 691 372 194 590 261 423 351 414 947 799 314 224 370 219 816 201 524 452 978 710 523 97 695 747 363 889 239 125 39 543 241 746 585 241 899 314 841 400 156 467 695 709 961 438 815 849 134 947 4 549 28 814 632 877 12 470 697 541 258 734 502 880 754 689 372 33 550 676 870 193 981 15 472 26 406 493 933 647 691 292 864 312 2 251 747 9 339 94 911 882 836 481 699 901 881 289 204 863 544 972 185 859 4 835 22 366 645 950 384 463 834 611 305 140 646 444 753 441 476 749 413 824 572 399 273 462 92 303 832 773 308 485 666 755 200 835 497 712 62 612 546 633 963 628 41 603 86 892 65 353 711 120 471 123 881 573 352 34 12 627 166 775 648 651 729 546 124 499 480 20 35 932 353 681 418 556 453 63 122 215 753 296 215 635 617 761 668 748 630 756 603 434 507 157 200 68 740 107 161 430 116 309 715 744 498 660 255 128 759 97 428 757 943 174 429 631 323 995 230 851 124 752 848 68 582 493 175 186 747 32 415 639 840 840 958 253 214 501 185 266 762 299 678 288 59 451 623 498 250 318 894 457 281 58 993 923 327 197 536 950 163 934 515 596 624 58 364 250 602 806 671 850 464 279 511 944 152 239 232 367 854 575 885 79 818 597 986 482 706 449 641 406 39 396 265 408 396 535 80 971 748 707 44 967 888 382 807 916 810 945 785 625 174 387 482 304 53 301 212 295 388 54 7 742 973 84 477 650 631 475 507 797 714 616 911 58 680 139 300 605 470 349 318 120 2 833 794 878 784 0 433 244 413 142 612 450 560 2 919 679 300 853 595 547 664 496 712 747 267 340 851 893 314 893 259 79 438 943 508 746 634 69 287 264 486 365 
239 475 214 260 430 332 862 841 363 849 538 277 904 152 84 400 46 600 250 852 655 116 779 125 837 113 592 691 724 909 614 934 137 980 688 664 454 161 302 289 445 35 749 728 792 805 452 457 538 967 132 192 550 116 772 699 592 788 680 948 52 894 490 667 155 825 185 125 290 901 62 61 972 675 796 861 728 659 550 236 612 203 655 324 979 471 91 664 473 48 379 553 101 690 430 953 41 910 578 834 292 145 684 701 478 288 314 804 777 350 732 106 47 344 666 573 209 194 717 684 980 354 180 934 772 40 32 228 570 429 895 696 164 103 445 838 663 850 594 648 554 440 806 618 391 453 795 495 258 77 951 756 699 506 165 631 291 529 630 785 327 810 48 163 206 469 831 282 401 172 53 145 791 506 252 785 603 404 316 359 502 69 583 596 786 540 833 976 559 108 195 661 326 933 299 300 648 394 538 104 996 330 556 443 988 255 864 83 633 452 809 471 317 824 307 499 212 980 1000 187 742 735 893 849 343 731 66 539 453 123 8 523 798 539 926 444 793 239 907 235 943 732 452 153 71 898 368 846 156 946 17 828 479 362 704 755 577 115 531 21 563 158 634 798 68 553 657 103 115 237 405 999 663 127 445 623 804 38 422 884 72 654 675 979 347 602 672 747 815 707 923 530 137 612 136 768 479 529 300 534 455 336 319 405 851 145 211 954 863 917 406 48 535 63 242 487 433 520 52 601 891 964 53 561 22 712 367 955 888 113 654 570 159 272 862 285 584 604 679 476 591 64 551 872 141 645 104 430 339 1 978 0 756 802 52 774 583 566 322 649 345 515 842 809 537 693 606 630 314 24 440 292 181 321 292 808 909 897 806 66 402 652 86 472 263 101 91 271 636 686 686 93 234 471 223 279 18 219 31 590 19 902 645 489 137 460 563 167 654 397 27 714 293 663 141 167 619 523 111 763 702 340 850 992 848 729 708 201 533 278 343 740 663 609 231 844 760 581 481 445 824 946 724 286 204 426 430 320 245 754 159 794 451 441 267 154 614 267 920 849 915 940 582 216 167 207 107 645 335 416 28 182 151 865 397 741 913 266 387 745 620 15 383 241 175 218 449 996 942 337 587 669 625 450 485 232 15 749 563 769 
12 242 883 869 808 522 92 874 159 769 943 653 623 401 171 791 35 830 21 600 651 578 539 91 78 828 85 458 199 875 852 595 392 92 636 991 607 482 349 208 280 929 64 95 316 237 997 367 439 550 65 47 12 85 941 451 860 906 159 198 310 441 423 616 522 947 844 974 574 41 747 463 13 657 877 280 990 391 758 246 119 605 796 547 228 998 619 264 363 145 909 757 364 730 17 586 949 834 301 325 778 798 922 406 916 953 654 577 190 476 201 267 630 613 619 696 225 606 203 550 444 582 600 521 150 159 140 554 519 260 387 186 220 384 489 883 999 821 806 826 564 796 227 639 330 17 469 220 321 491 103 729 187 217 517 219 30 392 86 301 710 125 626 703 254 888 926 705 364 248 117 975 346 459 358 295 26 141 406 319 163 301 199 693 748 778 525 575 749 616 48 684 299 923 671 349 802 463 184 229 352 971 876 192 676 225 291 508 245 95 641 291 622 903 28 12 762 239 610 670 211 159 770 0 861 512 464 127 881 889 670 824 197 751 520 97 890 784 954 248 985 376 19 859 456 834 459 355 392 955 450 534 887 152 552 761 763 596 95 360 428 136 782 793 113 138 196 709 741 389 41 771 113 431 42 490 747 641 77 356 390 486 718 402 784 185 486 878 396 608 724 699 954 76 735 552 514 532 633 137 629 141 970 353 764 146 548 433 662 69 726 102 524 148 360 450 606 228 577 300 472 764 491 537 223 882 439 506 504 997 340 311 844 293 562 632 975 766 753 399 356 685 971 640 121 991 586 698 160 483 779 643 998 840 638 644 645 127 717 113 547 830 309 578 292 147 778 459 837 242 988 57 912 513 466 990 402 919 380 628 399 275 36 681 638 885 304 711 698 192 443 318 344 952 48 710 354 954 430 2 105 206 483 237 21 980 287 934 634 154 642 61 962 236 890 466 295 762 839 638 987 891 850 248 343 756 696 892 862 417 161 552 216 34 608 398 973 153 854 323 172 628 623 257 40 273 434 894 564 822 365 342 359 175 336 742 615 801 341 796 431 432 287 246 659 156 703 808 916 101 920 765 580 384 192 462 262 943 430 773 705 134 300 289 699 63 61 240 606 877 316 989 323 999 13 307 494 300 483 594 
129 446 606 713 397 601 282 351 504 892 951 566 465 927 379 885 1000 538 436 963 886 484 550 10 532 625 412 134 143 89 873 795 466 817 26 837 637 461 502 819 290 952 787 831 905 164 265 846 210 566 353 345 744 37 466 207 45 458 897 257 779 235 938 320 792 360 242 670 702 28 634 518 918 940 518 173 592 284 722 911 662 839 484 898 58 103 414 497 61 919 899 951 132 461 772 484 513 352 6 0 482 440 130 18 866 414 886 263 964 939 951 254 178 713 416 292 609 81 752 100 285 985 984 653 498 853 250 479 718 960 626 981 714 389 856 674 120 884 509 773 276 690 364 554 497 745 64 170 377 261 578 749 544 924 696 321 423 69 41 355 983 314 798 873 941 434 795 437 209 41 744 685 768 653 846 102 558 447 534 24 666 883 931 394 388 172 818 555 934 523 392 166 424 614 628 485 921 727 196 439 241 309 30 990 435 280 678 62 320 387 546 566 785 692 145 331 737 414 602 800 187 622 370 620 229 507 314 916 834 768 887 542 304 236 558 55 394 304 429 314 599 902 130 265 719 269 586 127 829 479 696 44 537 639 372 313 297 572 466 345 935 864 423 85 186 658 504 36 744 575 667 285 634 80 669 478 455 332 291 549 24 181 11 42 588 731 733 672 816 592 991 925 65 58 880 608 838 756 776 370 692 618 815 695 262 957 868 145 224 543 26 589 792 98 439 339 720 791 219 445 983 949 4 230 927 108 47 903 655 661 920 904 519 292 992 619 722 827 539 516 218 57 708 771 814 760 773 935 181 75 872 777 692 52 725 91 548 619 300 356 637 540 707 168 275 353 543 996 124 918 602 178 763 617 290 408 783 71 498 488 674 202 431 526 398 1 391 858 909 434 314 59 601 92 717 53 397 922 644 80 175 1 712 970 477 81 498 861 251 239 908 515 5 183 293 164 974 484 802 133 975 902 707 749 482 383 716 495 243 714 20 693 864 138 770 634 797 828 14 198 767 845 531 747 563 791 474 388 944 97 693 943 617 436 58 373 181 798 931 872 604 164 56 936 656 217 74 523 708 828 931 363 974 957 778 122 40 909 70 442 611 697 116 775 446 975 138 481 21 238 504 143 336 553 369 812 513 724 396 317 
195 646 307 559 698 490 834 218 999 239 99 255 596 283 968 544 504 758 135 971 192 678 240 394 520 398 140 861 489 630 19 345 449 444 16 963 272 552 197 782 6 253 776 747 332 227 145 894 628 955 281 494 114 154 208 837 262 228 363 754 59 463 440 464 430 405 13 256 559 592 342 216 542 711 656 389 85 824 860 327 294 408 750 495 171 517 569 12 991 19 602 830 942 247 936 727 996 790 240 511 693 565 356 909 533 755 87 94 70 767 571 973 588 235 988 965 746 469 469 683 804 93 84 144 28 850 931 534 47 161 634 695 444 208 103 462 272 46 57 343 838 450 455 0 110 117 402 656 83 874 138 961 64 747 507 974 21 101 375 33 29 547 167 354 23 969 614 681 34 576 24 400 108 928 674 791 822 769 928 679 538 448 469 173 742 94 166 658 161 548 351 846 239 780 382 99 818 912 41 525 367 624 896 397 929 307 413 858 154 785 985 633 293 814 535 691 126 516 197 958 733 437 426 381 276 298 756 116 623 575 207 331 755 546 949 23 76 270 712 652 766 630 125 588 190 224 766 868 873 350 80 492 651 409 180 21 624 661 530 690 715 685 571 429 275 910 613 269 96 990 67 502 429 992 263 271 242 449 416 611 114 54 593 469 293 183 55 977 575 659 833 657 152 698 563 457 143 643 861 826 359 618 680 194 574 959 103 901 986 869 829 809 559 808 599 10 727 657 151 758 140 424 888 903 175 559 48 986 831 392 3 800 454 234 413 366 729 494 538 441 498 344 834 508 881 718 950 632 444 957 626 910 848 915 458 183 865 205 107 403 156 685 640 730 673 603 497 381 906 606 697 687 194 21 888 250 285 113 485 824 971 272 428 18 484 426 100 5 737 800 689 850 427 654 75 602 178 289 54 879 165 693 986 30 622 363 587 964 131 908 976 443 385 161 485 448 808 174 561 407 195 857 258 580 504 72 922 919 814 540 930 141 765 573 56 963 774 179 16 368 531 167 308 407 786 829 704 989 240 248 392 867 965 924 201 371 152 977 459 890 381 639 707 405 760 929 694 948 444 138 273 372 592 212 380 206 315 208 114 368 770 112 594 840 450 825 511 547 584 280 654 482 395 548 388 41 585 529 477 678 
288 235 119 826 978 969 216 566 352 688 821 99 489 247 471 118 874 546 627 546 461 659 289 506 227 736 343 213 317 929 644 26 233 388 668 799 225 761 878 327 677 676 195 902 126 368 702 582 868 782 103 244 675 683 378 232 471 242 383 475 353 87 82 702 49 434 400 268 363 399 95 36 130 266 645 681 84 807 52 52 308 756 68 791 775 732 420 862 440 201 590 654 24 124 242 591 66 424 748 949 575 174 154 484 437 339 574 565 712 581 104 977 148 397 256 402 222 791 774 603 99 946 630 705 233 999 237 624 728 534 145 407 271 117 968 156 120 744 618 7 621 124 737 628 647 968 169 83 697 716 165 156 889 214 617 635 773 12 945 867 489 6 819 730 847 60 696 178 678 966 262 217 584 69 161 915 492 888 969 442 939 99 26 245 14 591 854 378 405 607 95 391 853 472 89 387 930 501 631 502 138 947 217 803 177 756 944 294 575 595 428 452 959 501 6 251 94 817 940 370 570 347 937 990 39 556 586 19 256 105 15 740 911 659 174 124 638 194 86 238 431 682 435 308 620 570 334 632 694 142 786 481 824 193 974 716 551 972 762 726 177 509 953 360 184 290 655 635 51 984 657 64 705 320 135 622 309 460 267 99 699 893 709 735 436 214 857 304 699 198 959 20 348 657 103 105 438 450 48 731 277 119 552 802 53 246 11 333 828 982 34 232 815 580 446 603 787 499 296 589 820 397 12 873 868 222 215 579 230 477 605 62 593 809 85 497 756 990 695 513 438 705 534 252 81 891 52 35 357 15 783 840 514 306 546 38 570 11 849 863 941 86 982 601 631 757 930 65 929 16 103 733 470 533 422 998 409 420 251 792 483 912 828 348 495 967 548 524 220 257 485 27 595 313 797 616 140 568 686 822 985 17 648 568 654 584 43 834 702 672 814 18 923 128 258 339 821 551 312 760 754 664 42 318 567 11 131 756 589 418 209 879 980 295 176 776 963 359 157 46 933 120 975 157 31 799 749 99 743 43 19 741 7 125 396 397 198 959 950 796 702 640 21 178 889 567 715 881 633 655 810 173 437 309 162 492 528 832 506 420 757 865 362 685 150 198 256 832 821 528 285 720 605 792 858 663 792 10 671 749 
158 616 523 659 538 593 67 824 254 958 575 366 100 943 531 867 967 663 537 357 17 379 584 329 797 972 572 115 779 759 630 748 953 766 732 339 645 665 375 949 103 184 960 591 280 726 708 726 760 448 139 401 539 597 667 401 949 255 853 859 20 101 868 79 190 910 37 75 198 589 333 903 758 592 763 591 590 323 29 352 747 214 476 943 542 733 103 667 494 307 91 253 561 833 616 43 316 752 273 612 279 692 978 765 434 897 839 472 173 57 632 49 820 722 540 934 68 194 845 867 748 807 814 22 500 173 421 616 164 494 676 542 406 983 494 3 506 382 630 541 902 580 706 768 160 313 752 736 42 832 577 574 896 344 922 415 511 192 47 479 761 78 478 387 984 379 614 691 38 473 89 822 249 107 705 246 325 348 940 139 584 669 249 807 743 862 610 923 917 693 188 244 971 842 374 32 366 310 709 264 830 148 606 478 877 707 287 847 588 473 548 382 86 699 95 272 326 189 133 856 37 282 905 273 37 846 12 163 285 666 924 659 535 609 745 213 548 427 933 665 785 623 673 97 420 668 928 61 693 618 659 460 928 868 375 559 12 975 664 211 855 520 479 909 251 886 635 136 223 247 281 278 464 527 333 681 860 263 406 213 304 522 133 276 606 349 787 465 347 720 968 182 56 812 221 440 807 53 483 699 540 531 632 938 648 105 672 97 616 521 616 22 434 518 546 383 833 903 512 428 310 350 688 8 411 741 69 973 49 190 85 380 86 452 171 166 73 482 533 503 535 926 723 483 391 939 109 224 827 389 252 230 743 295 948 481 404 185 420 888 538 530 107 974 443 107 934 961 478 193 322 783 271 915 899 949 624 676 689 488 198 497 44 598 593 529 346 249 168 296 596 765 651 781 92 469 494 130 409 73 72 617 146 937 528 272 409 189 625 168 725 393 927 885 416 223 797 349 189 668 880 880 19 416 634 779 329 767 720 813 141 243 100 167 642 315 467 923 96 446 258 460 918 168 254 75 270 737 16 966 619 424 260 787 991 276 434 455 901 754 314 885 859 286 119 981 192 194 982 68 577 990 965 319 107 903 916 190 602 64 567 420 636 371 340 375 981 389 245 92 976 474 459 792 852 81 339 573 571 384 
4 533 213 379 825 257 750 590 940 517 417 511 55 160 292 839 572 181 927 333 466 891 265 93 858 345 336 730 41 797 796 467 762 22 444 395 659 422 323 89 699 967 857 656 356 457 233 48 932 41 283 142 633 422 922 636 766 787 644 569 867 754 274 618 323 515 64 935 342 0 594 31 250 923 887 48 901 837 836 887 335 129 808 396 639 653 852 701 232 991 464 377 637 769 290 382 539 569 225 494 695 961 87 679 475 746 781 889 924 650 720 67 630 3 95 637 257 978 420 605 138 629 663 590 202 2 24 316 263 727 612 426 968 674 926 971 388 724 435 862 516 307 32 455 829 212 295 405 15 37 322 649 171 880 163 424 724 666 256 604 541 900 966 544 289 493 748 339 836 266 475 32 908 380 351 45 277 820 229 417 364 115 155 42 396 983 492 220 337 216 339 328 298 633 584 21 143 789 656 411 509 774 113 760 966 291 678 60 350 723 508 352 751 416 210 895 297 303 982 803 689 81 41 322 145 224 920 789 58 254 117 440 276 334 41 302 299 747 585 556 855 341 515 189 615 335 57 651 37 704 206 968 864 237 503 504 51 875 80 379 994 14 938 789 791 63 174 592 402 222 977 72 753 587 165 411 484 967 96 250 292 888 834 755 640 803 679 49 88 722 370 991 957 689 437 793 304 728 31 604 277 750 404 4 81 348 126 907 298 546 902 54 986 749 797 973 605 719 671 824 997 702 252 996 863 188 331 406 427 493 218 128 618 863 741 50 43 369 360 545 777 848 959 496 916 817 764 540 268 489 755 448 141 563 657 993 285 744 60 47 757 589 0 49 979 272 888 312 761 549 941 362 990 186 548 551 136 969 139 333 256 688 112 953 436 485 581 239 915 917 397 617 190 189 144 899 919 507 388 630 722 426 351 498 910 85 436 402 915 16 901 408 880 987 251 595 899 648 507 589 146 657 183 610 262 933 270 507 376 845 979 263 947 321 601 271 356 971 793 787 438 725 896 423 144 313 911 626 727 776 600 997 887 184 426 514 199 750 653 584 602 901 415 292 60 104 737 418 340 519 683 96 338 829 911 712 622 132 888 389 487 344 448 187 285 362 559 562 996 303 479 766 975 25 159 546 701 319 409 377 
345 206 492 727 501 22 110 287 962 956 797 242 488 638 803 898 295 80 278 594 43 439 400 573 935 469 546 398 40 372 379 926 11 338 209 124 870 19 799 760 104 963 943 120 709 723 792 665 983 97 282 437 502 477 512 703 201 793 468 58 508 801 707 691 198 677 508 171 659 812 226 882 229 114 896 846 395 99 582 616 494 582 66 867 23 906 329 707 581 282 187 223 832 868 187 994 369 541 525 894 534 195 646 16 607 869 667 72 530 610 68 423 825 364 644 375 101 923 805 422 961 78 651 67 0 291 769 867 969 142 299 139 561 194 637 664 671 84 935 669 184 643 719 473 484 674 456 260 750 645 987 265 367 500 304 16 970 609 714 410 500 460 476 845 84 80 424 323 461 363 727 607 25 928 427 566 822 99 662 923 628 363 487 933 488 539 727 632 965 289 661 79 469 593 707 367 468 84 11 816 658 813 34 464 179 932 354 785 824 248 840 150 711 808 716 29 194 167 393 512 803 789 879 222 683 926 659 604 402 430 675 807 3 306 121 312 265 269 34 174 909 41 192 810 869 402 424 44 870 571 658 451 499 956 920 501 349 443 602 230 896 442 942 56 567 273 536 388 963 502 808 109 536 472 358 729 933 80 341 867 135 64 589 106 487 20 799 255 317 879 250 32 488 391 498 956 180 15 7 696 457 650 10 867 424 119 221 71 154 128 106 275 758 579 871 803 230 714 823 728 987 878 799 837 760 939 203 344 653 688 59 217 599 606 171 70 166 519 715 300 861 42 515 371 312 681 808 614 471 840 107 303 270 250 758 996 454 646 592 685 124 899 679 254 674 320 282 941 148 243 634 73 125 519 187 761 514 294 82 142 851 209 826 826 863 500 392 799 614 934 528 426 187 17 809 869 804 263 156 65 903 128 27 294 94 303 366 764 961 769 891 499 784 431 382 79 92 464 732 25 725 128 656 254 689 105 481 871 301 108 273 412 583 6 500 269 364 851 560 873 450 786 672 15 291 841 955 957 772 614 525 469 875 108 240 876 939 59 8 804 110 255 841 314 27 27 913 263 375 898 857 801 712 43 679 842 343 502 879 218 376 537 90 955 952 707 658 615 10 580 755 743 207 732 614 980 616 415 795 228 
553 753 418 138 381 494 824 92 555 794 243 946 414 873 519 932 836 766 369 771 251 281 398 46 937 995 165 806 644 136 428 531 932 267 197 877 44 420 909 540 819 851 428 699 81 491 826 422 104 345 488 974 729 911 37 189 23 194 841 290 400 9 281 479 987 288 403 20 186 600 355 505 757 335 141 208 201 108 185 953 965 844 131 202 896 452 695 38 128 851 590 865 834 160 677 551 362 444 970 484 650 877 210 708 938 586 946 807 759 632 673 746 410 680 519 651 759 997 797 393 879 880 922 764 76 406 921 483 750 180 209 736 358 292 836 459 988 579 957 653 744 519 201 830 556 903 157 739 705 456 82 688 645 418 735 907 351 471 757 354 590 538 756 537 509 675 397 975 701 570 799 618 978 47 349 267 918 818 852 936 605 785 739 292 234 456 163 352 964 947 542 543 412 979 775 632 541 799 230 426 401 640 794 383 463 479 475 284 669 716 64 171 620 245 816 625 101 355 492 972 326 669 391 802 188 414 22 821 167 502 12 687 242 308 842 925 920 196 792 80 537 346 849 485 91 866 845 297 513 93 389 514 575 811 135 926 564 416 149 354 508 489 946 929 865 746 656 54 549 588 143 543 58 74 360 15 78 202 619 604 506 330 386 104 376 929 899 265 428 354 394 725 956 466 488 773 621 550 371 430 666 664 797 802 190 786 778 469 840 833 992 971 162 846 300 365 493 418 409 28 159 878 353 248 371 859 234 942 787 612 779 13 2 700 548 217 256 708 71 546 370 131 236 554 584 21 746 720 486 862 539 874 49 883 206 50 510 148 76 549 694 446 746 493 711 27 687 618 170 128 511 550 934 869 704 261 608 191 437 764 554 243 580 732 887 888 536 463 635 249 345 668 363 591 245 338 452 256 618 998 267 397 631 643 980 536 926 397 623 631 462 742 405 170 516 437 306 320 918 503 549 370 376 636 375 998 935 408 144 304 940 940 48 544 559 904 732 585 481 455 622 158 947 216 99 517 988 384 729 881 744 669 770 515 582 222 278 167 119 81 719 453 239 38 276 105 468 917 224 641 497 700 620 877 227 313 28 936 955 61 983 866 587 645 629 571 566 795 169 495 528 873 389 553 104 818 243 801 366 993 
47 725 99 397 782 881 490 741 357 613 309 858 592 435 61 658 849 713 157 309 405 246 587 573 184 34 17 755 435 755 314 135 300 805 369 363 935 243 310 767 485 259 638 629 306 208 252 708 876 326 808 430 540 39 167 131 930 827 443 416 988 241 151 30 702 995 666 423 513 969 324 659 277 305 189 662 286 173 786 772 818 749 858 479 793 671 360 197 886 848 658 233 282 111 974 253 294 118 513 407 743 334 590 91 854 984 954 759 200 164 752 126 145 188 781 777 103 585 890 398 752 592 137 357 382 589 492 803 124 394 391 246 468 883 714 638 506 65 450 336 171 819 405 575 204 811 791 951 395 959 134 245 607 454 705 835 448 573 574 487 519 569 776 838 929 252 776 831 797 130 171 989 281 484 499 450 8 536 653 893 411 853 961 464 905 621 936 189 457 266 978 750 503 112 397 244 869 344 120 126 89 73 813 689 832 135 159 274 260 224 428 122 434 44 576 110 884 301 338 733 912 118 109 876 86 637 48 282 351 101 26 51 796 111 494 575 924 73 964 890 398 196 68 477 647 793 586 728 31 56 84 64 240 407 218 581 176 52 743 76 537 981 602 304 240 576 459 557 286 905 203 861 690 969 291 803 469 331 380 351 270 187 107 804 16 743 163 249 737 29 358 943 86 299 934 300 384 172 723 591 461 799 443 436 368 227 59 838 953 992 848 738 943 891 790 484 607 886 986 493 686 513 44 44 961 852 343 799 980 75 528 309 14 645 720 96 342 680 817 329 341 185 107 242 756 755 689 125 108 455 703 885 818 981 470 55 289 528 361 743 140 992 413 533 626 118 257 942 785 31 827 329 430 998 34 103 798 583 139 876 7 327 703 207 763 424 376 702 300 4 215 902 768 731 553 937 8 841 725 261 432 421 969 152 547 703 924 405 817 612 187 774 92 711 547 692 840 225 982 493 195 466 303 330 340 986 335 373 57 263 347 510 646 205 11 885 341 768 912 235 782 729 418 288 221 369 953 309 910 756 389 101 243 27 523 637 354 915 369 448 814 417 352 940 30 119 384 300 634 990 32 748 60 788 504 450 305 975 177 444 951 55 557 128 44 561 77 934 524 875 67 897 913 679 807 158 202 77 456 974 
872 658 944 695 432 558 909 828 754 86 334 188 771 445 339 603 582 352 72 847 547 942 476 999 456 540 219 535 694 640 75 391 165 331 630 166 831 186 947 820 607 523 387 72 179 926 896 899 107 982 427 156 452 777 628 632 727 602 684 164 938 584 584 523 457 779 514 609 897 56 36 23 416 344 140 502 843 689 228 697 244 860 456 865 655 903 349 969 82 22 627 812 97 876 192 733 439 957 624 420 421 446 521 642 404 372 514 348 98 4 857 296 999 243 186 121 44 947 628 978 113 344 653 252 767 155 718 6 30 298 292 491 774 777 916 835 337 162 115 505 386 642 432 572 556 968 57 707 202 373 571 768 634 844 876 69 839 208 27 100 313 463 238 211 384 748 716 367 384 775 356 218 264 108 392 394 480 749 778 370 363 966 993 722 35 819 704 318 857 606 74 298 887 446 448 815 85 948 663 133 637 74 179 157 605 127 25 903 682 225 72 238 124 751 48 985 626 105 821 856 363 332 961 839 179 918 481 442 993 801 314 64 109 483 567 207 895 177 222 338 15 789 812 616 806 447 448 883 606 194 612 960 794 598 204 249 860 811 369 113 745 585 25 791 605 854 65 536 677 366 379 318 845 2 285 830 336 503 22 984 291 494 673 108 482 367 894 7 118 381 668 996 149 530 467 229 949 625 550 797 580 653 327 905 98 87 991 141 75 22 58 135 218 367 266 537 286 682 896 351 584 213 41 168 826 263 2 707 51 257 443 706 108 8 728 854 42 20 355 550 48 447 960 830 432 652 991 563 939 55 186 919 411 637 1 409 11 539 890 691 387 825 635 708 898 470 424 885 906 747 486 487 421 680 419 762 362 255 1 303 189 634 623 20 483 797 661 847 142 551 382 924 902 511 234 361 0 218 991 591 319 261 970 283 668 566 898 829 776 727 431 447 196 501 243 747 877 768 416 967 120 148 516 343 117 235 966 421 361 806 741 982 546 667 639 147 10 953 327 577 11 509 928 852 682 713 279 785 308 168 52 267 113 633 960 168 218 298 390 468 604 63 86 879 610 458 442 660 490 431 887 775 34 915 721 546 931 139 538 730 66 724 546 122 380 371 784 999 492 172 842 471 287 296 928 46 275 37 255 285 
488 529 943 305 199 178 38 37 14 479 39 524 356 671 163 997 544 566 781 290 381 191 744 206 506 398 702 880 236 315 80 186 347 850 133 378 593 523 418 107 438 392 768 724 940 89 496 721 110 262 983 838 895 840 608 479 201 509 80 345 553 947 367 585 461 84 630 213 702 715 217 97 506 388 626 858 55 960 180 541 407 888 944 723 400 758 886 619 425 58 580 327 206 451 730 267 123 62 632 375 416 48 175 90 243 270 532 81 513 129 816 718 489 267 886 725 454 999 934 325 430 131 206 721 13 748 410 613 943 806 586 151 456 458 241 557 931 141 93 107 673 333 486 682 403 829 37 32 386 542 108 375 290 854 542 262 378 812 406 594 185 607 69 909 38 691 350 832 158 275 968 579 600 809 841 175 502 207 812 510 733 134 497 205 769 712 472 491 600 505 774 368 307 323 949 699 947 33 375 60 707 346 464 570 181 265 62 695 826 296 175 145 325 139 387 666 749 533 364 445 159 551 329 974 648 877 662 150 854 58 219 225 764 537 876 587 506 151 922 245 909 794 896 544 32 955 145 943 516 925 70 184 286 294 479 717 342 484 548 599 705 196 208 989 197 387 125 947 533 704 821 408 451 262 383 962 860 480 764 560 828 340 217 277 447 558 684 964 972 278 545 109 989 940 6 840 515 842 452 169 556 510 669 303 754 30 836 792 185 536 128 8 121 917 528 405 278 783 691 419 864 515 881 310 668 295 187 664 857 248 600 517 172 541 198 810 334 271 825 704 689 439 570 1000 329 54 818 408 838 935 115 46 279 733 95 206 923 469 797 352 864 394 516 820 407 4 75 100 423 75 142 666 854 815 314 275 835 992 803 732 725 462 936 761 643 646 284 308 657 295 116 576 226 448 733 653 102 483 445 50 17 934 235 356 462 175 330 588 840 90 605 193 800 49 877 850 31 987 485 786 826 315 590 458 361 594 910 74 260 851 129 533 715 758 834 176 517 966 905 515 144 167 920 970 512 311 603 953 854 614 201 643 230 683 10 438 104 952 121 369 298 812 123 867 653 488 340 948 946 182 845 600 707 501 328 432 392 697 152 956 90 201 913 621 937 860 157 721 604 750 942 230 267 608 224 408 62 705 776 337 
353 735 653 604 779 751 710 49 423 848 693 685 882 936 531 901 457 576 557 861 904 918 557 366 659 143 128 734 753 671 601 670 522 620 409 286 396 921 529 173 839 586 872 118 490 402 325 623 528 628 401 811 969 914 138 437 213 189 709 392 656 523 817 791 70 653 105 445 566 65 750 496 584 723 869 484 744 73 724 234 51 296 777 43 380 421 503 145 279 883 964 501 892 589 520 261 828 914 106 830 503 140 578 118 439 13 719 469 26 409 849 616 982 908 621 912 158 991 483 861 286 987 563 189 449 749 231 96 585 716 950 784 795 889 799 815 336 366 929 630 187 230 561 609 543 996 946 198 396 814 308 105 540 372 680 707 311 80 900 224 330 298 570 136 672 973 917 79 57 407 51 321 365 731 518 105 7 276 642 90 636 351 680 573 951 188 919 114 457 678 774 987 562 449 20 28 194 518 779 733 385 283 656 17 98 92 562 510 868 419 336 484 290 555 960 282 728 591 738 452 173 252 111 541 966 228 671 237 14 23 572 656 489 576 872 719 966 404 345 178 307 260 610 738 561 438 327 173 58 649 482 892 5 734 499 948 740 602 640 420 346 143 337 369 547 441 13 424 754 577 942 285 777 173 418 71 174 619 276 791 206 955 842 555 447 994 657 95 255 814 901 761 185 244 438 632 702 3 441 269 276 517 788 94 108 560 88 993 568 233 797 23 316 767 479 90 977 23 261 982 53 249 137 549 111 661 928 801 34 8 705 506 126 908 566 196 432 364 192 58 591 247 453 209 599 138 65 780 727 280 701 128 626 756 543 678 809 928 786 248 569 785 361 391 58 364 613 199 318 211 17 676 691 423 762 636 224 244 161 588 378 0 785 242 16 954 623 216 140 671 331 922 997 972 987 996 679 294 772 67 897 106 776 178 309 567 37 828 426 297 529 566 675 67 265 302 549 55 924 838 708 956 901 666 933 255 213 340 553 465 243 786 609 914 378 615 587 523 703 918 606 803 181 900 967 366 154 672 591 733 600 381 569 184 386 749 486 800 647 500 725 109 414 668 141 330 94 755 320 589 535 292 852 780 209 202 684 313 904 102 786 414 252 381 939 791 680 504 508 971 270 94 754 536 466 588 132 855 551 186 
298 33 609 62 878 650 74 620 557 735 555 952 45 247 223 949 604 726 930 207 536 709 134 853 922 738 135 681 948 172 160 953 44 406 419 481 776 774 501 380 932 306 694 13 302 944 967 382 119 598 978 197 889 231 837 824 691 198 491 533 515 588 605 60 24 536 333 240 150 862 440 676 705 194 166 536 126 457 782 883 474 426 765 462 137 672 833 212 449 598 157 19 81 106 785 738 221 269 556 841 56 91 619 424 86 333 850 426 828 81 703 173 402 180 319 439 68 499 562 94 939 582 143 229 250 310 277 562 481 970 791 424 543 858 850 291 182 554 127 363 100 563 806 803 669 226 755 211 773 279 231 451 124 86 235 57 121 791 594 281 282 462 849 372 688 903 586 41 1 139 106 291 894 780 738 521 422 111 876 133 462 297 871 851 925 932 185 191 939 766 993 571 226 108 814 807 468 422 866 618 522 377 407 795 741 803 630 678 77 960 941 663 671 232 1000 515 405 255 66 562 893 632 409 677 634 463 324 166 1000 548 372 302 268 423 510 383 663 825 690 740 677 360 146 982 992 776 529 956 780 272 733 53 905 698 219 638 155 401 653 938 262 449 743 276 919 690 1000 842 848 737 108 659 352 587 466 470 694 266 359 912 978 156 594 927 252 701 938 379 659 190 877 254 935 979 83 277 277 157 132 174 54 256 625 164 849 54 113 653 993 742 147 819 777 790 807 330 774 904 589 762 80 899 381 151 606 813 45 827 694 205 481 616 521 85 934 551 580 80 716 213 115 636 661 896 718 66 724 881 797 654 746 281 834 128 66 916 774 671 709 941 503 181 137 412 108 731 508 791 109 289 944 236 220 640 488 256 480 602 577 868 477 909 335 904 473 584 338 123 886 818 412 370 689 510 876 303 692 48 896 420 956 336 256 621 643 920 555 230 578 134 963 246 620 36 628 182 333 461 52 239 682 935 133 281 22 528 369 114 105 871 263 932 811 503 674 739 123 223 449 159 679 81 619 264 49 280 807 216 343 901 854 422 65 362 391 810 888 575 489 545 459 254 770 86 981 9 503 68 617 643 1 817 614 823 760 610 854 307 917 179 106 361 44 249 841 742 801 344 809 991 476 664 828 388 64 35 149 472 452 527 
622 481 685 602 121 660 790 644 409 713 605 978 841 124 646 562 935 54 935 629 796 192 284 516 983 582 887 979 862 464 933 897 937 876 698 815 640 69 16 221 922 763 535 765 5 80 574 666 289 298 72 594 523 568 825 154 155 991 731 119 693 420 504 261 830 782 924 781 476 222 164 965 439 735 548 667 762 721 778 927 192 949 942 803 439 974 766 954 14 617 731 445 784 317 492 724 824 798 896 25 612 228 298 856 493 99 711 227 327 703 46 942 433 174 617 823 186 659 540 314 749 226 844 156 806 555 460 191 182 319 156 692 997 896 962 409 745 917 385 890 567 714 49 801 63 437 593 860 698 95 116 169 329 52 518 659 678 133 910 575 929 86 881 492 666 358 738 96 787 825 67 904 796 854 149 565 264 54 337 942 605 613 158 582 236 968 513 876 503 656 863 136 965 454 595 935 98 349 364 455 327 810 155 409 836 862 859 164 429 194 363 645 72 806 565 1 366 237 588 883 605 194 793 157 477 899 313 658 877 126 705 398 622 473 94 58 464 670 327 887 735 965 969 590 437 754 922 429 520 7 825 634 140 611 410 450 207 570 477 141 330 126 631 641 168 374 761 581 273 87 873 679 433 507 909 217 425 974 409 981 462 517 492 135 200 962 105 999 739 283 386 392 942 811 187 646 925 136 261 196 290 495 517 271 318 58 351 533 849 326 159 862 34 485 367 964 786 534 15 376 26 615 625 600 729 165 148 193 154 745 79 721 94 427 310 640 60 436 320 11 201 621 667 59 397 546 301 275 718 744 276 80 517 381 915 697 919 866 71 242 525 718 733 555 164 651 759 591 552 385 311 175 800 895 842 578 95 393 558 402 556 404 370 782 959 618 837 943 998 999 327 27 130 183 741 224 998 791 869 486 731 326 268 241 10 714 163 649 157 688 116 675 354 807 606 305 424 251 325 591 381 35 369 469 594 161 20 726 469 882 793 707 773 624 151 491 823 684 330 369 111 657 139 868 602 333 151 883 659 459 266 229 787 158 900 199 270 466 942 121 970 396 639 668 119 594 910 970 975 418 233 688 739 255 31 525 169 738 563 17 198 582 291 224 245 84 476 313 465 772 160 617 377 472 53 748 134 766 451 494 
221 469 238 731 101 478 601 879 740 228 306 275 451 243 475 859 726 556 873 688 100 717 3 668 588 996 799 405 141 690 941 954 153 154 419 589 864 184 466 748 196 187 365 449 668 3 96 489 228 371 92 907 794 615 836 417 493 604 368 645 623 480 941 271 823 406 327 82 233 568 0 186 204 216 333 185 165 810 21 795 659 872 443 452 899 725 122 580 882 120 534 438 797 221 797 956 624 283 677 818 934 116 327 192 999 754 315 798 109 7 709 769 51 434 43 448 130 597 969 625 873 307 70 36 919 179 299 484 55 353 450 117 897 553 662 697 235 344 34 266 718 320 137 833 593 830 242 477 62 994 548 296 870 6 109 988 69 553 596 996 334 388 322 355 315 8 116 337 767 582 295 877 587 696 44 243 447 758 382 327 538 969 824 872 349 448 856 374 310 775 211 565 559 798 367 852 869 477 585 874 814 625 74 833 307 243 648 865 379 980 367 549 251 537 352 562 885 628 439 606 151 723 392 181 327 467 943 650 320 330 375 962 280 264 596 946 973 686 313 353 80 394 385 917 686 749 676 876 187 186 73 710 633 497 192 49 753 215 338 351 864 505 875 54 837 200 87 827 317 904 448 906 188 48 997 778 792 217 123 15 248 771 52 395 102 669 270 493 837 517 374 435 867 374 803 609 663 165 224 812 456 538 535 184 933 59 455 150 764 281 960 501 487 812 886 292 127 9 0 700 132 489 121 452 733 995 55 546 889 547 726 350 250 154 539 376 288 877 533 666 361 905 880 165 193 640 201 311 633 467 345 188 502 885 246 377 851 999 257 326 685 561 700 417 427 996 878 148 535 769 935 825 951 299 851 846 96 254 554 46 12 641 480 734 382 582 754 970 515 979 499 506 465 879 774 607 610 340 870 124 994 853 462 859 840 53 967 102 6 234 173 979 493 337 629 273 830 872 594 966 268 529 669 590 918 252 393 457 851 187 410 651 322 44 372 209 644 380 872 795 919 226 803 418 262 737 260 852 858 389 821 802 929 207 991 448 588 546 157 662 167 906 327 132 784 236 436 543 769 498 650 517 36 299 482 64 196 107 515 285 885 809 626 106 23 15 467 288 535 116 281 180 3 705 176 484 711 873 106 299 
687 106 255 553 179 200 680 661 21 923 2 708 28 962 418 515 21 228 151 46 421 23 51 187 685 813 407 269 826 228 390 349 189 572 819 24 90 510 309 558 308 472 330 728 693 733 580 796 647 570 401 942 510 985 514 472 358 514 864 719 167 152 498 433 6 470 459 716 260 518 169 963 678 82 639 718 750 218 189 670 375 767 762 607 120 433 862 934 133 480 252 576 197 148 71 967 312 26 133 598 451 789 426 689 378 600 761 853 187 307 568 978 832 595 226 48 387 459 639 203 602 246 283 325 215 441 291 146 981 21 645 837 33 533 762 372 5 93 187 324 760 923 477 420 457 740 591 887 97 304 622 511 734 293 603 152 390 989 253 385 400 579 773 836 862 597 450 642 541 193 633 63 170 84 632 458 923 949 952 225 281 140 424 753 358 175 857 857 915 935 683 500 425 274 671 801 541 47 289 738 700 908 636 45 427 770 892 441 391 406 213 414 748 946 776 816 733 320 449 219 498 1000 703 26 978 488 837 83 141 510 3 93 339 441 890 71 677 144 161 946 873 69 190 657 555 594 758 666 975 100 405 75 42 98 263 950 412 386 449 40 145 208 81 71 75 785 403 165 903 148 376 593 822 762 999 911 110 431 578 339 506 818 710 907 922 705 556 121 772 773 536 267 411 591 76 850 514 17 698 468 733 82 43 23 165 112 980 717 696 442 243 244 795 108 838 684 551 349 616 422 550 771 573 377 760 632 33 654 903 136 949 528 360 938 624 230 363 534 988 136 452 194 296 949 266 164 861 894 695 30 104 468 491 960 665 815 522 63 326 421 808 877 877 277 410 430 242 743 722 606 246 54 379 709 977 50 554 725 820 566 299 93 11 757 888 841 429 461 965 806 482 571 417 353 733 40 411 72 247 843 317 542 543 577 887 892 796 504 581 59 976 28 538 224 87 642 808 487 999 19 483 951 246 38 421 903 914 744 914 162 766 986 634 98 763 636 184 964 291 453 551 84 229 544 448 890 866 37 731 332 450 655 824 875 618 205 686 526 337 82 883 160 288 115 541 100 35 86 868 629 935 76 998 309 878 721 40 579 424 158 810 795 151 710 265 908 190 71 944 744 193 683 522 638 997 302 827 656 597 677 
396 688 616 896 839 161 595 69 211 347 567 597 715 136 127 988 77 884 167 501 763 530 179 941 991 237 176 355 78 681 431 39 898 287 392 456 95 393 678 560 305 267 392 50 318 827 124 644 415 330 985 559 321 304 682 413 428 842 591 630 305 669 935 48 595 223 769 6 691 480 284 778 90 486 549 46 517 103 250 946 505 808 303 848 588 181 975 220 944 583 347 203 812 422 668 994 348 350 327 511 549 683 589 130 987 705 249 813 626 382 829 804 772 997 627 539 990 433 422 183 302 297 588 70 710 342 816 193 496 715 328 898 547 728 520 825 780 216 972 493 694 237 528 526 964 183 613 885 607 699 807 438 959 653 626 392 619 178 872 859 450 246 320 333 214 926 799 574 75 536 279 241 315 519 977 171 796 166 542 98 306 138 176 611 546 649 22 141 592 359 919 708 70 106 436 0 576 332 243 485 197 750 65 990 425 610 348 251 49 323 939 430 402 198 541 628 713 431 600 704 707 783 84 801 298 6 499 961 343 872 397 314 232 224 418 922 1000 536 58 917 874 680 401 355 84 698 81 587 485 493 103 341 210 293 769 324 560 936 646 445 24 956 663 620 838 606 147 9 793 397 234 493 437 236 441 345 5 411 170 317 92 512 119 241 745 263 973 286 880 552 213 666 953 931 408 81 861 476 147 941 223 503 254 82 993 419 20 476 939 145 774 466 885 901 658 124 162 713 642 415 652 611 560 998 905 886 747 842 244 183 404 989 790 688 588 685 366 568 84 99 996 644 236 90 356 384 226 428 599 993 147 193 326 579 653 862 868 226 829 628 535 647 782 599 757 304 794 640 453 611 88 293 754 132 362 294 278 591 86 405 747 511 760 454 777 519 985 392 451 207 502 829 816 319 544 363 534 50 480 959 7 23 430 549 804 169 44 776 885 978 934 262 238 415 417 667 782 470 817 112 310 228 248 918 234 309 756 980 237 401 521 885 246 306 628 915 633 474 281 196 402 634 811 274 670 269 841 991 134 103 927 61 624 106 262 706 533 528 621 829 749 680 611 318 957 754 277 134 23 207 810 420 377 55 896 735 278 700 624 985 461 615 291 330 293 649 662 942 335 454 66 992 669 486 448 898 716 959 752 419 
260 872 314 527 898 130 865 890 683 888 387 121 510 442 560 682 295 846 421 609 412 757 999 172 409 771 833 643 156 516 336 898 855 609 925 361 864 564 678 350 360 833 865 835 280 779 686 327 609 462 901 990 968 794 223 975 388 928 258 874 862 836 196 989 940 862 493 188 648 524 494 816 703 703 986 208 223 886 903 399 222 484 95 752 277 946 894 250 704 228 693 546 435 389 87 575 1000 52 118 635 722 100 135 344 694 371 152 174 721 739 234 837 454 467 940 384 402 407 713 90 868 985 959 542 997 343 739 42 17 332 599 838 46 308 333 537 239 477 748 461 462 690 96 126 512 189 648 481 426 507 999 634 599 887 287 169 356 59 128 660 156 918 170 271 222 177 832 813 659 253 304 846 386 700 669 350 54 235 730 931 959 442 989 812 617 207 90 598 670 418 585 674 173 579 364 239 835 43 478 169 153 999 565 180 457 642 61 88 104 168 118 978 93 883 501 432 804 800 13 5 700 205 179 211 848 723 975 252 206 807 994 432 432 114 924 211 210 632 397 856 351 596 134 962 101 294 362 828 433 370 178 110 492 73 631 225 137 899 81 963 57 924 38 124 457 910 708 297 561 571 836 836 907 210 988 365 935 804 166 150 689 813 187 776 572 983 151 959 423 948 52 989 232 746 99 698 248 135 402 782 456 373 861 306 314 922 455 348 696 80 741 669 122 299 116 299 438 193 169 70 930 451 492 463 678 986 472 55 572 824 609 360 450 721 960 395 406 762 419 650 405 588 440 81 897 151 16 274 247 750 800 96 335 907 547 209 50 574 638 64 541 521 802 403 335 339 612 529 474 264 19 257 245 553 150 164 963 936 82 721 222 613 90 880 797 286 901 458 53 566 88 494 10 508 868 325 57 517 841 14 572 938 961 599 108 190 803 19 935 163 808 44 201 373 276 670 105 428 844 262 269 711 355 888 447 435 419 599 902 687 705 755 703 196 434 265 713 616 321 608 296 175 956 959 773 93 298 780 787 310 704 398 413 502 18 189 926 422 93 182 957 32 388 835 20 6 98 401 110 162 854 133 486 329 873 453 256 605 263 1 150 643 943 833 130 705 813 77 924 272 223 262 848 256 325 608 945 882 894 73 
758 138 416 616 514 784 580 758 696 964 855 369 883 327 14 915 281 820 367 931 792 904 634 600 295 17 470 922 641 617 512 714 919 492 309 326 906 645 538 276 807 197 140 377 734 316 503 651 224 244 976 136 436 925 159 270 341 839 24 69 107 82 142 843 908 601 805 949 230 288 383 82 215 679 595 101 722 143 860 89 529 582 407 75 927 995 112 896 531 553 984 796 94 460 789 178 737 429 999 227 79 577 404 809 264 343 522 36 527 575 572 884 623 702 917 621 1 175 822 62 649 218 243 826 680 691 816 121 950 729 52 179 218 236 558 298 954 121 617 818 770 519 376 492 567 523 779 622 154 520 690 67 938 235 302 76 853 622 926 408 908 259 202 66 88 143 328 587 360 669 186 36 550 8 792 533 423 63 112 488 398 814 562 96 912 750 872 772 721 808 347 941 70 435 972 57 318 78 65 570 746 288 818 665 473 3 589 871 644 984 489 875 484 962 671 879 316 926 647 60 26 370 541 60 335 29 605 321 776 195 16 546 788 548 55 956 359 699 716 593 627 881 566 237 493 948 520 114 608 606 462 922 507 456 945 899 881 602 867 366 722 948 291 900 687 893 153 208 276 837 595 351 542 734 866 711 123 941 169 493 121 24 434 261 815 982 72 238 918 376 455 30 322 989 777 355 908 436 421 335 286 351 55 272 153 508 865 365 191 208 523 718 218 933 459 896 929 638 488 603 83 821 733 774 779 15 40 823 691 499 935 200 802 902 111 385 514 469 973 625 327 492 488 612 770 377 750 753 512 701 118 810 208 459 489 437 853 176 678 22 864 342 359 996 376 603 619 727 704 646 189 947 137 93 50 1000 496 584 347 647 71 903 142 466 53 767 418 681 620 882 732 472 52 625 867 222 929 841 888 841 231 443 812 502 652 142 796 485 814 944 840 69 744 681 748 302 108 645 705 538 901 619 224 783 27 412 106 656 262 620 521 378 824 862 130 868 560 639 507 756 380 458 647 638 554 591 735 133 918 327 643 735 36 35 700 342 423 328 410 538 590 605 224 41 535 835 338 159 553 854 589 752 790 129 915 848 261 310 576 970 250 390 469 794 582 464 385 704 747 375 221 98 572 275 558 342 516 461 94 894 
918 980 25 335 703 208 497 740 126 873 90 980 590 859 12 819 332 874 154 929 198 897 419 396 239 874 519 20 56 87 751 669 767 33 15 14 558 609 601 934 548 498 774 63 432 141 859 695 417 271 793 580 218 408 67 39 479 323 885 289 394 547 707 492 610 755 725 78 764 307 741 745 150 684 614 808 989 282 397 911 868 487 207 147 555 882 648 737 193 412 151 778 894 564 365 169 805 114 553 731 118 60 783 432 676 496 636 416 138 255 722 229 573 466 413 882 381 889 883 85 856 926 208 715 752 632 405 993 951 815 298 999 993 354 867 867 6 16 105 649 798 795 881 866 993 46 45 867 570 313 532 531 311 777 890 739 639 911 679 686 721 949 186 678 2 679 158 566 494 998 760 292 621 801 368 591 488 351 202 877 449 923 582 652 135 539 741 624 852 291 805 540 859 458 848 570 634 28 111 98 1000 261 352 351 894 553 767 338 40 765 855 318 612 565 237 501 145 455 405 548 812 318 306 118 629 89 59 364 652 757 903 389 171 326 856 31 949 697 429 145 564 411 546 309 800 656 898 784 924 579 945 228 906 879 690 209 834 394 639 45 908 111 334 871 295 538 533 562 440 603 248 437 574 88 937 375 689 538 133 748 10 411 113 294 604 445 122 64 513 767 533 703 119 260 618 266 739 495 376 841 655 905 810 903 242 971 646 144 764 969 581 904 532 832 252 196 336 198 875 352 136 374 440 287 827 832 149 680 601 978 3 721 913 624 1000 465 396 808 403 537 210 799 883 990 823 564 278 257 12 39 998 521 144 352 593 436 327 807 534 44 570 976 937 528 880 418 476 643 70 987 648 340 579 688 93 733 170 393 360 754 151 402 596 616 972 866 31 304 350 700 436 846 168 528 119 546 289 628 501 151 583 338 996 845 281 350 610 141 144 96 51 766 601 569 833 75 19 325 729 552 741 449 953 103 616 123 601 359 312 41 921 243 699 503 602 338 169 803 605 448 879 725 79 235 308 46 674 716 727 273 908 900 543 993 968 113 269 941 5 257 60 263 455 595 300 680 761 837 617 496 299 274 781 486 980 388 224 793 961 813 589 534 837 432 326 148 459 683 297 483 627 838 877 799 329 168 512 891 977 132 
903 672 500 331 667 128 349 157 902 493 811 815 176 239 549 237 657 449 223 938 319 983 393 142 8 827 19 493 769 438 860 593 364 906 155 850 226 110 978 965 259 985 743 338 181 76 840 299 802 905 168 827 639 305 757 264 982 664 452 529 724 494 948 294 821 915 845 897 950 857 175 399 313 614 563 526 354 732 42 665 54 529 154 883 997 585 640 538 489 888 984 506 402 583 126 2 162 812 727 104 269 331 46 108 449 113 973 236 408 810 68 130 498 567 587 738 266 479 254 581 362 548 741 799 616 465 432 673 584 156 285 59 856 22 735 879 489 91 524 415 613 611 519 28 543 119 194 350 228 506 400 278 649 189 531 345 631 227 472 700 237 72 281 34 32 865 899 456 491 196 843 312 392 380 291 554 134 994 1000 320 892 457 955 376 223 84 902 30 451 346 828 680 666 86 927 652 791 451 181 346 770 803 159 260 144 13 630 84 665 876 115 623 969 451 85 73 556 327 658 580 835 294 422 767 234 638 775 483 744 492 238 963 588 275 962 196 173 363 84 659 244 349 178 490 317 13 741 423 936 609 1 534 179 350 417 528 567 336 318 971 933 392 739 490 376 434 308 906 521 766 802 13 530 913 777 451 659 819 12 949 544 590 441 169 977 725 321 625 187 163 841 792 257 536 310 744 145 755 863 967 13 250 895 684 830 775 743 12 388 694 304 585 112 748 6 45 536 515 146 933 941 755 482 773 335 73 920 121 153 507 243 874 671 538 872 924 687 163 232 128 475 55 813 305 145 377 153 971 989 741 350 282 288 227 890 607 704 626 690 188 692 176 809 385 196 757 573 461 637 508 184 60 985 173 795 562 507 125 73 363 850 674 33 358 157 739 754 920 773 897 889 467 848 299 2 942 510 108 599 465 817 24 686 911 614 737 661 142 326 877 51 325 1000 725 773 246 257 804 867 997 457 394 542 152 880 840 941 947 96 372 453 428 123 216 654 961 941 170 932 594 763 666 891 272 527 195 952 799 599 876 911 32 536 491 267 710 40 845 973 574 579 672 408 957 801 122 635 432 121 673 840 602 178 277 591 807 113 843 147 568 770 510 613 908 874 678 667 247 777 685 157 422 464 693 978 795 251 99 892 73 
449 915 315 219 429 148 944 791 806 251 135 258 865 889 124 486 317 665 565 779 687 971 172 633 678 513 410 776 528 278 660 987 811 416 259 8 722 283 574 269 868 653 949 344 739 0 841 314 306 598 99 708 452 93 271 877 390 586 117 183 46 896 920 918 284 344 662 392 71 696 672 677 480 123 189 648 311 228 165 291 558 710 811 834 431 99 155 222 810 682 639 594 763 514 167 447 153 810 879 158 113 288 263 838 899 787 597 378 603 806 218 88 774 414 904 900 844 688 54 425 270 247 353 447 343 655 92 912 107 127 529 915 784 71 931 661 362 894 711 100 691 721 873 229 502 183 826 796 135 251 541 851 612 669 496 275 703 893 668 509 191 869 993 386 120 389 794 471 944 587 953 50 309 621 384 60 724 855 973 998 487 899 681 398 301 739 678 755 839 314 605 482 899 533 279 735 589 224 745 737 643 251 655 794 888 373 993 563 633 738 38 867 27 449 267 866 631 628 497 263 609 175 849 932 441 18 71 249 173 589 14 95 928 439 800 474 139 740 491 576 499 625 612 22 957 139 564 27 911 920 472 222 102 226 381 746 532 527 336 421 734 622 245 519 917 194 374 597 937 612 14 63 432 291 402 96 290 48 841 459 446 848 51 130 781 660 684 489 425 406 25 926 238 674 565 217 725 576 816 583 202 669 69 273 311 363 141 683 794 508 199 982 465 550 745 666 890 774 274 494 296 120 958 52 468 627 900 641 829 576 697 462 92 448 120 474 821 366 621 800 867 891 64 548 570 187 252 898 291 613 459 367 201 19 543 190 21 642 478 942 606 500 965 404 602 60 950 342 29 980 235 165 613 243 573 691 651 525 846 627 256 439 197 671 907 347 107 472 824 705 248 761 947 316 523 36 384 873 467 723 618 635 638 731 788 141 674 404 138 51 956 32 488 607 11 115 883 98 143 529 220 628 836 861 153 913 798 776 640 574 237 22 304 460 826 523 772 774 128 468 293 940 701 143 122 688 539 723 73 37 386 137 648 623 828 338 858 392 296 949 554 864 624 346 369 584 380 503 647 566 676 544 39 90 444 902 440 339 750 491 982 654 846 14 496 732 125 966 839 473 267 116 983 520 486 350 435 969 716 755 
67 719 389 989 842 887 342 44 346 550 226 304 709 882 61 476 716 919 709 258 768 103 612 889 514 314 339 476 933 694 262 883 778 253 24 681 511 887 832 752 380 950 284 29 314 650 404 149 57 122 203 409 153 719 97 595 91 759 731 832 972 191 430 659 115 527 133 209 922 505 504 328 113 704 782 792 735 242 171 402 803 97 133 644 306 565 827 392 72 560 177 410 886 73 721 330 362 401 328 397 317 659 285 736 460 316 742 889 527 376 289 493 341 312 400 459 631 838 884 439 826 36 242 694 710 93 162 509 47 377 168 54 776 381 591 790 595 121 871 510 176 847 626 275 515 517 396 148 68 283 389 293 589 626 549 65 837 434 220 649 163 478 777 346 775 618 740 84 663 682 209 646 737 623 621 456 183 147 535 412 125 809 360 6 287 433 185 422 427 196 687 653 145 862 864 490 816 581 143 649 439 1000 605 3 411 294 345 534 323 572 731 167 554 888 639 466 645 638 542 562 87 453 530 689 137 891 802 417 376 980 694 385 966 961 657 977 535 823 95 662 996 35 531 58 766 397 457 948 824 646 138 247 165 997 326 561 476 199 879 20 906 681 340 850 610 422 947 884 442 32 304 231 791 197 153 627 742 338 574 459 732 807 893 983 238 193 2 441 90 658 972 473 342 474 650 706 153 782 348 500 245 435 771 306 614 203 937 576 317 519 636 994 60 189 164 661 888 262 500 254 298 717 370 214 228 104 992 759 565 268 816 50 207 515 573 676 176 771 540 328 736 911 126 617 327 84 402 196 480 298 467 807 436 470 815 323 601 655 44 427 118 820 463 638 135 581 341 101 487 166 265 95 253 667 999 230 742 242 925 936 897 643 252 950 253 758 506 397 311 167 670 343 738 985 785 915 569 163 574 688 993 338 46 277 95 348 285 749 642 39 117 491 865 663 853 87 597 192 211 484 320 783 851 233 124 769 947 0 888 894 708 692 367 538 397 753 99 772 796 696 242 32 221 474 847 353 51 959 175 80 212 399 357 514 208 468 385 645 131 6 960 892 331 724 615 239 384 578 526 984 445 412 655 824 508 850 251 52 792 523 201 544 500 719 481 943 634 270 311 686 234 442 952 335 224 57 149 452 209 463 
578 947 364 67 971 104 776 754 383 604 366 165 782 202 141 295 908 754 156 629 824 205 511 360 466 967 325 502 39 801 812 993 445 894 175 231 644 228 69 541 805 972 984 432 516 57 535 512 726 952 722 592 678 861 478 70 200 664 903 42 819 557 460 829 666 734 1000 743 590 369 502 679 221 483 446 966 75 480 63 435 978 665 168 174 779 724 515 239 658 965 299 593 73 958 932 545 716 278 387 722 726 531 670 584 142 285 668 983 248 214 129 644 483 268 182 137 895 595 828 282 808 588 647 712 528 627 961 732 19 236 975 771 359 579 640 524 921 449 250 202 174 46 823 33 188 678 16 276 892 899 676 862 323 673 669 132 11 236 234 590 535 86 215 330 253 186 563 901 952 347 918 171 930 706 358 757 657 61 107 159 928 30 22 505 14 547 444 672 479 792 485 622 464 923 49 194 759 458 981 711 597 766 712 871 260 23 148 557 212 423 911 911 182 375 618 352 127 267 972 740 635 45 196 249 689 65 981 93 904 612 230 585 954 223 182 611 802 91 789 20 180 639 275 825 471 829 73 185 645 691 12 510 552 275 234 830 835 843 80 544 50 899 527 421 61 473 920 915 439 122 52 933 834 67 289 717 870 649 115 490 404 721 89 683 611 920 997 573 822 150 98 615 563 556 37 790 311 351 902 486 295 218 798 44 909 643 858 708 658 337 627 301 650 848 519 472 854 955 240 757 498 112 370 892 333 390 164 334 105 605 195 171 134 333 477 378 526 694 83 442 332 408 571 28 621 750 121 896 927 774 629 236 673 204 34 618 877 976 583 591 651 636 438 7 422 663 646 985 27 435 92 381 963 366 326 679 283 421 19 212 827 3 715 10 999 868 68 432 123 490 780 964 875 228 862 585 282 33 999 194 781 553 199 424 354 69 823 581 849 699 233 107 142 305 923 672 9 535 296 448 629 516 271 751 484 523 867 195 242 457 200 660 259 951 527 742 788 615 691 613 157 152 223 230 331 791 105 414 488 579 149 794 819 334 449 513 672 126 125 741 856 421 607 274 750 723 66 878 513 214 995 520 462 532 890 519 646 110 233 723 252 927 567 104 623 555 766 797 546 902 549 415 303 297 927 31 328 263 386 592 
908 500 707 266 303 720 397 895 973 68 623 769 769 26 118 397 935 631 163 747 552 182 288 783 732 842 134 214 824 286 191 372 637 193 632 597 983 182 731 868 184 350 445 961 226 107 493 557 69 933 661 913 180 545 375 269 549 124 405 524 234 14 592 911 544 800 82 857 475 743 571 63 342 74 891 65 171 816 179 75 372 287 215 765 871 359 320 853 350 228 325 744 666 432 652 794 202 101 949 461 322 819 666 971 267 824 844 504 73 1 758 529 598 597 303 156 296 523 883 389 283 863 754 862 863 782 959 984 612 202 680 673 927 741 264 980 49 716 305 754 63 218 252 845 650 387 69 285 827 151 140 914 349 517 541 274 513 64 896 438 178 126 917 288 88 20 184 676 341 197 633 271 258 547 5 963 651 840 675 139 69 907 376 425 715 39 878 25 699 588 529 131 84 145 45 973 136 494 145 391 650 992 739 361 192 324 170 483 309 254 630 696 49 910 455 639 63 829 643 933 670 923 696 282 666 388 288 723 718 538 324 804 432 226 159 906 887 26 454 157 972 732 157 22 127 381 475 772 56 175 512 160 995 118 749 58 733 491 172 308 945 412 48 61 759 977 974 230 545 109 248 781 663 430 590 651 584 479 995 701 180 955 343 330 510 787 228 454 669 287 188 484 165 396 880 502 342 418 722 71 93 258 380 812 101 370 239 185 979 922 867 497 628 433 447 657 522 949 497 313 2 910 729 209 87 758 100 620 865 742 9 573 322 510 742 264 249 902 211 40 641 725 406 775 674 400 879 119 755 478 961 346 360 711 878 556 706 253 342 491 72 378 452 343 56 760 945 426 632 304 320 263 20 392 277 594 779 399 49 856 768 680 356 534 427 729 661 371 359 879 482 419 275 651 59 744 74 463 625 51 937 357 945 902 642 423 599 27 993 986 174 335 417 151 811 745 282 260 755 835 911 571 69 224 367 94 585 57 587 397 55 935 609 311 19 918 514 717 599 613 440 27 704 804 352 672 617 75 954 129 221 567 789 403 445 631 732 654 504 287 504 18 154 231 779 589 862 750 862 777 520 773 416 235 760 689 271 638 163 901 108 888 479 548 631 167 102 671 793 827 411 121 251 787 723 218 228 913 179 522 
843 682 497 357 990 51 519 609 581 33 581 775 132 42 973 664 639 993 380 474 965 764 787 415 476 937 613 932 223 336 306 886 328 514 480 4 126 918 980 286 382 718 74 489 934 814 7 299 616 893 478 790 192 408 973 174 180 495 545 115 342 775 947 614 262 819 113 474 622 480 327 445 71 463 886 800 559 464 660 772 595 917 271 776 472 91 917 270 908 714 544 26 67 982 142 338 77 531 608 918 174 959 527 224 64 158 338 723 11 739 909 866 4 667 537 619 304 902 215 491 408 22 361 460 835 287 546 498 972 874 174 589 51 69 945 146 208 489 499 951 40 76 490 53 336 675 700 300 329 830 16 43 642 828 687 315 250 728 493 307 255 674 168 864 274 0 55 199 658 608 717 565 986 632 907 390 121 309 481 653 166 240 641 276 603 347 874 167 760 786 361 947 591 401 12 144 432 413 359 920 540 451 815 305 442 763 401 65 267 501 713 608 27 850 151 975 614 910 166 229 531 206 239 118 628 910 198 933 729 11 417 552 466 114 474 820 899 52 53 571 439 918 260 625 458 729 236 78 770 734 989 382 777 241 110 57 851 333 876 210 800 898 234 97 620 960 389 809 383 2 277 131 376 732 672 626 717 917 969 694 593 968 605 819 941 530 23 215 12 10 398 865 803 146 685 994 673 159 392 517 543 628 242 760 424 41 873 344 74 897 607 979 992 762 150 336 933 636 365 909 171 100 833 587 177 293 351 817 73 751 422 761 252 806 96 918 900 334 296 995 440 390 859 780 561 901 654 990 300 986 18 372 422 656 823 919 891 129 454 177 802 61 647 261 63 347 416 203 479 888 478 495 795 829 957 501 96 181 11 997 754 809 546 300 422 883 151 654 501 866 386 476 798 454 203 564 994 469 222 731 847 382 828 973 910 136 235 416 674 194 761 77 994 296 192 926 237 670 322 992 873 961 374 389 55 581 75 207 322 2 30 855 912 31 924 645 240 499 278 567 936 493 607 550 560 749 842 477 625 181 466 921 192 628 650 527 566 281 468 657 96 201 412 798 87 496 75 694 107 171 95 735 583 108 249 51 86 71 545 968 994 68 945 503 428 327 542 547 927 303 207 72 907 281 849 111 747 458 82 94 
5 187 59 750 132 664 508 423 205 909 917 896 619 514 763 645 506 19 653 247 972 635 537 194 572 627 897 123 235 145 149 269 623 664 685 135 991 650 43 550 386 363 655 1000 523 780 678 643 26 526 240 369 697 166 382 234 631 834 484 864 946 492 86 961 457 859 391 73 562 458 779 469 940 973 936 49 129 386 447 233 728 834 814 51 494 169 915 297 591 902 897 664 949 371 540 422 99 838 599 453 266 627 102 944 766 806 351 260 668 177 96 199 547 698 15 653 35 781 971 649 737 822 974 535 915 491 75 42 709 197 853 523 359 434 85 566 322 250 813 367 870 762 223 894 782 755 379 300 680 662 429 108 451 605 627 728 557 516 231 625 661 92 215 125 195 793 84 870 853 749 312 163 238 296 443 604 901 298 461 549 216 220 528 308 991 654 609 402 884 121 356 672 384 167 131 180 166 288 169 380 427 662 442 534 492 991 338 208 718 998 750 260 618 328 288 981 1000 267 703 160 707 826 259 385 57 350 980 209 930 987 218 469 678 598 635 639 88 26 475 855 641 552 862 603 139 259 717 963 1000 790 83 277 906 170 166 626 665 383 427 387 552 808 612 55 57 259 854 765 353 244 894 209 508 898 2 238 715 586 120 303 875 396 413 715 558 317 864 397 982 871 644 512 458 70 514 530 204 705 261 61 1000 360 979 991 962 147 121 478 888 239 236 744 444 218 391 607 23 517 538 377 568 532 333 799 799 494 881 209 282 155 266 801 63 419 855 44 322 223 870 765 940 230 213 737 480 301 533 169 501 276 567 595 586 675 246 526 315 887 51 886 519 386 747 875 33 380 200 369 63 479 733 762 889 600 927 382 854 444 671 757 584 126 201 581 140 973 257 652 138 459 213 463 68 157 586 439 392 780 463 127 711 932 289 9 530 414 236 704 78 458 211 135 418 733 561 992 10 208 561 0 733 167 451 564 182 536 576 252 606 545 734 344 469 150 383 685 226 230 682 419 545 453 558 362 651 851 533 905 520 132 100 690 844 827 534 407 914 255 308 51 973 481 637 240 658 847 424 597 518 20 922 950 248 650 855 287 305 155 538 967 138 740 31 655 203 230 277 130 276 316 797 497 566 678 815 50 183 915 199 926 
734 931 585 885 575 134 94 739 920 60 109 711 999 642 741 907 505 200 398 342 634 824 196 55 802 435 736 252 68 697 746 56 818 170 958 64 602 643 362 917 180 392 68 695 340 989 61 598 867 206 834 550 324 464 564 100 355 307 416 370 130 700 630 803 330 426 990 126 924 639 846 467 401 562 312 694 684 842 241 237 176 165 220 580 646 917 34 190 996 783 380 394 899 389 959 739 66 960 523 76 846 608 784 935 157 947 359 522 98 79 50 96 794 121 36 108 994 452 888 258 956 390 919 201 509 116 527 21 319 436 339 150 672 501 269 978 594 575 115 929 116 661 527 736 993 803 327 928 901 974 31 53 673 594 236 219 59 37 935 191 669 822 359 849 982 4 211 539 215 378 864 909 582 871 183 464 305 677 447 543 989 429 296 892 443 374 255 511 32 507 582 782 322 644 85 423 317 951 160 990 243 644 59 93 403 491 847 289 136 74 788 14 852 629 942 205 164 60 582 129 128 576 562 212 705 635 754 467 805 130 565 422 56 425 274 674 225 907 486 392 444 371 29 7 484 488 306 262 422 592 147 994 481 811 124 955 441 800 205 848 923 473 347 528 429 658 815 402 679 761 169 808 553 866 316 137 368 798 195 129 7 78 926 409 358 926 776 957 838 240 374 790 601 354 919 469 907 853 3 542 9 32 541 511 149 887 909 107 866 14 610 808 218 895 871 168 255 696 411 907 674 198 836 831 792 11 114 329 17 101 519 201 211 725 453 329 925 96 884 278 68 584 867 347 179 669 517 764 865 405 849 47 310 805 13 727 902 283 555 813 550 932 133 725 947 712 255 341 818 795 133 165 650 504 672 398 214 667 156 873 887 338 970 743 106 242 866 329 619 634 751 167 612 61 490 917 694 802 649 722 224 369 138 378 416 895 735 293 108 444 108 355 376 96 11 628 95 591 263 832 5 550 194 889 741 441 483 978 518 802 630 977 710 739 690 4 537 11 524 874 453 353 958 120 142 970 890 821 521 357 544 238 525 108 576 200 481 294 667 982 966 434 680 970 626 707 61 18 148 569 532 612 318 605 450 607 977 578 803 619 40 876 574 826 571 688 31 356 720 64 197 386 637 198 792 780 485 162 532 842 
989 161 230 695 660 227 356 750 457 996 966 206 628 545 647 854 184 791 144 664 239 644 614 789 868 558 893 405 3 955 830 269 396 724 101 33 219 13 622 363 979 605 689 227 241 186 480 356 48 266 128 621 986 549 557 893 767 556 408 235 219 632 817 744 86 603 743 580 962 197 211 123 604 341 988 27 587 583 670 912 70 630 272 158 702 9 552 839 898 371 278 988 815 399 613 737 634 525 820 951 507 384 128 481 174 811 609 853 467 775 458 70 306 389 892 697 669 408 249 38 736 950 914 539 393 800 148 97 621 545 25 503 896 612 651 493 61 339 197 495 455 674 934 579 303 400 311 974 73 479 54 232 957 14 885 858 260 417 667 808 67 737 926 4 517 271 373 160 71 797 128 502 783 717 968 645 244 17 35 904 793 327 294 469 180 473 855 111 889 60 358 57 438 886 630 575 926 304 159 872 398 377 431 947 924 188 68 442 632 225 231 990 21 923 352 994 337 326 357 939 851 564 432 759 686 285 549 829 995 248 825 686 346 801 690 566 633 306 105 68 230 415 613 95 16 76 334 958 886 551 590 250 622 842 425 503 635 942 550 938 899 971 488 917 575 790 902 208 418 627 112 328 524 73 927 696 598 22 277 102 370 351 756 551 811 629 715 104 321 142 38 269 612 342 453 175 193 282 284 598 541 39 89 382 250 506 925 681 51 493 277 448 751 49 184 582 755 420 196 870 354 2 656 35 623 876 664 847 655 878 521 612 944 51 975 168 434 693 749 19 546 431 215 623 962 390 92 136 633 264 895 77 687 532 614 408 739 975 997 713 10 843 367 804 177 604 431 556 42 319 822 308 180 673 521 730 299 617 697 438 742 918 408 310 514 588 622 246 451 371 189 478 372 123 189 15 596 412 455 618 925 759 517 920 596 99 974 344 818 983 278 474 553 161 697 437 528 319 87 217 200 5 628 824 41 622 196 787 400 859 14 243 412 579 127 128 382 478 313 119 293 871 59 420 991 117 978 422 572 693 352 800 646 980 555 976 226 963 661 573 407 212 637 259 71 726 783 572 123 50 974 271 692 383 892 975 229 787 929 550 204 416 998 693 914 667 616 714 802 419 710 696 506 319 387 77 469 335 204 370 
792 107 949 502 311 722 854 661 794 915 914 214 613 470 285 235 455 257 281 564 600 909 836 307 592 778 114 563 741 98 769 593 677 400 653 95 64 960 338 397 407 638 814 562 353 548 61 814 241 474 101 964 31 595 121 328 828 378 815 515 833 421 773 905 294 506 229 755 914 26 236 991 229 264 687 724 475 666 184 93 99 168 358 220 897 520 593 15 586 650 279 396 881 916 14 362 140 749 839 238 746 571 291 614 901 686 709 146 938 402 714 496 586 709 37 349 689 584 453 828 109 525 141 137 906 331 453 230 162 755 846 795 820 134 483 647 413 272 730 257 519 19 412 620 81 973 471 527 130 573 638 412 693 20 530 892 742 506 141 988 654 991 946 924 461 796 873 907 924 142 195 111 699 107 991 575 667 938 513 765 859 373 915 69 44 937 262 842 862 227 986 686 87 332 994 668 805 15 214 6 278 217 364 1 473 849 344 283 912 853 545 320 81 766 568 271 717 839 473 814 644 147 594 680 459 749 95 902 771 431 17 387 261 696 334 582 699 720 789 935 601 678 300 936 935 925 573 775 889 393 735 725 897 963 943 882 669 111 841 295 488 27 699 15 152 906 41 270 643 655 76 349 781 192 855 12 59 544 813 712 700 161 778 927 741 7 281 387 753 676 220 944 587 505 469 454 338 656 530 13 153 95 339 20 46 387 210 350 129 119 304 189 306 881 942 134 564 980 593 975 548 104 942 415 917 198 834 254 12 248 764 659 452 267 767 932 917 487 84 613 25 347 733 289 54 916 243 255 288 675 739 144 83 673 896 96 788 19 378 763 735 480 279 973 209 230 293 362 941 133 958 196 857 18 631 16 878 621 471 629 37 794 536 380 569 892 64 407 99 484 978 589 637 780 718 1000 207 407 456 21 8 170 59 918 811 734 650 431 563 360 709 723 189 150 916 302 282 886 116 464 996 75 296 718 313 613 831 501 24 362 174 556 379 229 285 38 553 340 268 764 382 825 673 424 128 294 819 521 47 770 260 259 283 198 965 413 831 950 470 894 235 515 695 303 82 650 331 503 5 468 749 488 28 877 884 354 996 113 597 596 195 877 532 979 110 978 967 510 609 618 522 119 301 720 815 16 894 443 253 37 
529 204 236 667 210 826 5 803 66 898 212 311 333 898 1000 54 278 710 696 542 566 503 167 428 81 934 493 68 507 798 661 100 344 360 822 231 762 92 260 314 738 488 995 53 672 440 344 24 591 157 907 127 163 472 495 151 618 517 943 290 360 127 75 262 601 362 253 391 293 370 946 447 276 950 937 89 600 299 154 295 596 991 273 359 153 716 243 50 252 773 70 264 709 955 399 381 586 433 724 674 225 581 504 780 741 679 431 761 533 731 875 859 791 221 768 372 760 544 224 743 620 46 835 467 218 59 346 106 231 668 261 21 745 872 46 178 991 893 82 597 202 271 741 372 861 484 667 267 73 108 978 967 29 135 115 337 475 117 209 85 874 29 798 449 567 21 946 795 621 937 57 935 696 108 649 322 213 978 495 938 687 453 166 352 454 272 572 389 517 594 666 115 943 2 81 943 195 38 345 839 457 111 526 683 864 518 3 755 564 313 134 995 892 382 835 345 836 850 632 363 470 621 804 501 33 934 769 927 268 555 333 438 456 945 846 6 376 934 994 80 314 797 948 407 803 819 552 7 437 70 512 719 296 846 472 46 131 943 243 371 568 710 929 581 462 58 47 109 307 809 268 890 238 717 259 90 635 158 775 936 25 134 954 400 45 705 548 553 529 470 505 281 860 603 454 912 197 74 784 693 377 562 365 410 301 730 23 124 534 953 893 202 167 677 17 958 362 401 191 780 676 197 225 708 12 869 912 788 198 925 979 453 264 109 92 573 821 272 406 164 118 508 84 455 449 155 606 316 730 844 829 25 943 117 658 81 486 307 256 4 246 262 117 55 68 662 131 446 751 795 31 266 869 62 496 648 916 832 299 332 540 94 36 260 5 508 939 576 450 19 241 353 868 257 712 892 760 805 869 716 740 161 186 446 633 526 152 261 254 395 338 950 945 673 956 274 413 129 490 823 503 534 721 346 602 118 214 287 839 249 318 720 871 663 631 0 282 567 812 987 335 618 201 954 568 932 100 464 560 9 618 147 506 239 302 67 714 42 702 132 783 73 148 238 204 391 156 987 734 809 162 13 319 309 952 544 300 389 266 924 198 732 710 184 120 371 85 562 99 776 287 63 136 555 112 513 950 130 764 993 
629 140 981 104 348 987 672 388 676 84 987 388 744 595 767 678 323 72 751 20 308 76 975 677 759 98 662 367 204 455 441 41 924 770 819 614 614 514 588 89 234 569 751 840 656 141 928 349 525 867 411 791 705 612 623 252 930 143 591 596 601 520 336 902 462 807 318 11 161 171 941 67 445 562 65 951 210 231 893 358 210 887 720 566 533 746 53 625 260 475 718 620 968 40 602 840 775 372 479 9 494 398 914 875 466 643 128 982 700 938 540 43 360 864 810 665 690 4 607 627 923 290 633 293 285 633 354 560 897 601 327 416 197 352 621 917 350 466 889 673 877 72 723 202 688 660 786 445 326 755 366 270 60 932 463 797 522 876 504 571 653 482 827 194 360 435 532 240 878 97 465 527 678 107 579 629 415 991 924 909 428 668 42 376 674 793 964 498 251 925 548 259 416 617 740 190 232 349 46 303 571 611 830 622 674 557 236 39 777 217 981 451 566 67 156 821 199 212 196 938 283 678 3 823 892 820 306 445 318 759 394 395 998 187 765 928 888 579 324 89 798 226 931 564 339 419 358 387 724 916 631 487 528 217 493 909 612 287 166 816 810 453 434 585 697 309 619 776 492 115 655 23 516 454 522 538 62 679 944 310 242 121 929 364 724 374 104 216 338 231 673 291 959 432 458 694 107 942 159 504 975 640 206 25 725 522 60 262 960 235 108 346 322 489 191 166 15 670 715 807 534 342 158 546 267 338 236 403 438 956 894 576 427 493 518 572 88 516 204 574 398 780 696 369 523 164 709 635 875 238 279 874 889 563 328 72 919 596 358 738 163 339 875 848 919 54 844 566 506 330 640 805 660 242 810 401 494 753 83 786 96 608 571 785 393 759 403 339 980 362 289 48 733 201 433 180 711 811 870 127 855 551 396 179 207 6 124 381 885 650 86 196 211 567 838 469 129 183 959 992 273 660 684 203 146 10 636 896 420 667 817 319 779 205 920 428 604 658 941 244 889 653 948 892 817 97 909 213 855 112 56 524 981 850 1000 593 578 227 442 425 78 949 142 21 885 368 731 428 784 668 958 56 130 25 48 962 261 935 214 387 163 561 889 920 270 565 226 377 967 262 436 396 862 354 57 722 168 22 857 601 
553 833 532 572 269 1 145 159 969 877 571 182 429 955 193 442 184 652 328 614 51 920 45 702 808 310 739 826 578 966 528 34 675 422 791 793 752 94 340 495 907 331 884 795 90 793 420 95 99 987 698 246 729 821 615 450 939 326 440 11 91 176 522 467 837 51 391 228 737 619 886 807 736 654 507 817 820 347 808 232 605 42 477 454 45 484 682 383 625 453 85 468 958 698 459 122 59 583 693 478 993 137 777 51 407 818 373 511 661 168 471 201 788 453 409 669 293 774 700 491 939 880 667 463 108 308 716 602 467 41 446 433 892 368 415 423 807 435 412 121 878 905 33 730 944 944 314 855 734 833 920 393 472 11 756 534 51 921 675 5 206 338 163 614 526 279 739 511 177 895 488 934 391 560 781 45 150 272 137 86 303 417 6 793 773 529 760 619 913 335 650 774 89 938 194 702 449 988 260 604 786 517 934 405 233 75 387 33 870 703 76 663 470 769 929 949 87 476 1 753 163 787 474 201 146 225 622 832 164 47 821 880 459 940 835 795 89 465 375 729 714 927 420 135 404 262 596 787 651 656 34 618 656 604 332 78 988 195 266 547 102 698 626 912 158 1 910 908 877 760 784 133 304 702 342 536 373 176 201 808 75 366 558 935 116 343 443 376 477 963 277 793 204 704 306 340 647 603 713 441 661 138 128 984 126 512 377 412 708 996 974 506 350 922 604 808 662 562 445 449 917 124 158 448 935 829 728 203 161 679 419 798 424 685 114 979 308 935 667 854 334 685 202 385 139 966 321 283 650 643 664 802 181 323 540 301 2 845 665 835 478 309 853 331 172 775 200 396 663 837 103 498 556 247 141 464 748 799 504 126 578 893 390 515 700 65 259 874 789 306 255 704 962 488 508 297 441 553 993 388 263 267 910 50 562 649 172 875 803 170 677 690 714 464 69 783 808 130 753 546 234 912 542 854 784 848 843 159 897 628 799 334 372 650 795 272 713 72 441 690 375 396 733 541 903 288 85 155 447 977 691 206 677 176 669 569 612 598 442 862 912 630 519 947 337 27 770 392 365 486 621 471 482 71 180 990 336 520 972 558 527 325 816 537 968 48 710 156 106 548 550 272 784 185 473 381 822 467 773 69 
373 672 321 236 310 181 905 701 351 870 776 954 604 13 742 458 361 735 306 719 970 639 988 375 73 70 772 617 703 110 68 366 366 535 291 511 339 31 557 699 920 579 17 862 276 758 481 968 880 90 316 544 481 272 55 823 80 603 895 482 735 650 741 105 66 380 480 586 826 789 608 14 508 91 627 846 994 940 665 50 535 134 415 902 554 460 90 812 867 145 516 853 912 574 855 741 137 694 684 588 130 200 125 902 466 575 992 670 105 126 80 111 73 145 545 961 113 219 393 124 854 157 332 753 667 566 877 175 159 420 864 370 539 157 150 84 681 712 944 20 560 241 116 902 658 998 16 998 874 439 574 310 444 937 852 832 895 733 511 289 821 702 642 950 16 335 978 854 193 990 558 635 237 625 660 326 838 319 61 134 542 480 511 894 504 555 134 695 592 75 880 20 316 792 675 907 825 526 266 48 913 13 620 997 660 685 107 476 53 896 647 377 507 11 568 381 717 870 421 120 907 13 48 197 615 956 160 433 221 399 328 606 947 443 503 650 870 810 505 874 194 382 336 329 195 731 742 975 933 597 984 479 627 744 934 678 803 892 607 111 752 555 855 930 445 69 322 388 322 550 583 250 567 719 628 740 947 229 188 318 255 257 45 848 511 564 397 620 679 59 398 971 877 8 414 877 551 680 599 247 749 98 442 483 278 206 303 918 24 785 113 814 345 367 130 430 302 301 504 248 717 739 0 467 861 607 808 33 579 538 744 502 401 939 363 753 328 19 919 865 105 743 473 920 319 316 999 391 915 128 111 613 988 510 976 353 446 658 964 794 479 0 305 957 911 493 303 844 285 804 520 137 822 500 94 641 348 750 89 218 658 613 407 498 0 233 972 442 551 979 400 21 944 944 194 974 585 584 245 853 476 720 966 950 392 848 728 632 660 817 622 376 870 387 21 77 157 714 163 268 70 781 229 152 544 124 243 61 155 202 939 309 787 102 454 39 213 695 931 852 697 17 296 269 967 878 384 439 55 366 909 909 850 622 575 268 105 617 997 356 180 226 456 896 276 732 606 83 33 99 220 667 554 689 669 767 112 23 187 925 299 824 559 839 904 20 352 852 686 848 91 790 327 849 7 331 170 222 178 286 
381 20 154 789 222 682 858 679 732 739 317 939 384 776 71 33 295 452 311 930 731 941 578 388 968 706 70 594 694 714 958 169 290 485 669 541 37 153 15 990 554 579 354 643 846 513 448 217 428 90 121 759 9 517 183 689 805 542 307 130 663 850 161 399 127 457 924 518 478 30 682 24 600 687 168 217 143 293 70 301 667 801 645 906 494 845 370 761 349 571 984 235 872 982 59 797 961 48 930 813 654 530 297 579 340 521 394 562 71 737 295 341 336 28 265 444 942 44 804 767 259 522 641 165 888 177 666 252 897 704 738 933 5 703 708 332 739 397 91 750 669 546 951 303 960 522 649 256 886 91 763 774 291 249 797 471 605 970 973 361 559 569 272 51 180 794 424 414 405 367 951 210 912 656 546 367 988 788 166 738 382 801 595 740 961 265 834 944 922 509 31 955 500 182 642 341 203 25 369 244 880 343 530 147 758 570 72 94 681 345 823 899 239 350 718 912 569 473 794 619 706 8 985 644 700 523 724 470 850 517 112 290 640 892 478 428 624 774 137 735 51 399 815 148 318 159 730 499 332 948 530 562 731 231 63 560 555 314 124 308 278 482 501 194 178 175 490 893 295 670 250 897 754 17 114 200 305 535 110 88 314 229 65 191 998 748 676 809 620 323 771 819 921 965 757 811 730 673 125 785 669 137 594 941 51 226 865 911 60 417 344 40 377 781 329 950 695 621 394 446 317 251 802 158 185 462 721 155 825 544 13 689 983 241 147 582 370 489 477 646 257 850 928 321 712 454 919 769 76 810 443 428 852 136 740 333 781 587 233 488 831 717 603 635 415 233 312 241 906 621 806 927 137 685 706 895 277 334 357 534 436 815 442 313 563 345 338 603 601 633 989 771 654 645 570 158 375 780 981 23 362 705 668 348 52 761 496 62 448 223 782 392 745 632 716 492 94 331 342 862 367 168 384 225 626 899 816 699 439 372 624 977 862 627 354 399 487 253 337 991 804 931 90 465 541 742 354 920 228 843 665 318 583 214 62 560 327 211 855 698 949 985 975 882 505 126 573 739 21 24 982 449 75 812 891 734 843 181 46 9 373 328 42 298 868 964 276 680 369 836 703 991 731 804 858 249 986 668 329 965 
974 686 625 844 814 469 678 363 254 620 685 203 4 623 995 508 917 927 560 36 31 358 205 368 754 629 184 784 856 173 647 957 540 475 149 12 864 559 749 491 33 342 59 340 454 172 997 418 827 930 735 303 954 347 802 930 170 442 830 712 585 605 450 750 433 41 475 452 187 761 385 275 858 649 279 472 552 235 859 339 84 969 217 771 880 157 565 373 214 474 935 418 820 25 398 878 923 872 361 641 762 1 389 956 546 133 931 472 282 162 151 324 109 531 222 895 82 485 989 207 319 146 399 846 652 882 312 474 309 56 295 27 551 566 82 622 54 226 628 762 490 652 939 600 553 444 527 535 458 253 785 77 308 108 164 558 853 200 863 662 793 52 144 43 845 189 599 953 485 192 182 196 116 251 450 136 374 818 556 518 280 489 272 457 515 429 707 894 137 234 292 981 261 222 884 858 681 93 533 111 51 612 553 828 21 545 168 259 43 364 770 693 192 465 141 992 892 84 693 173 581 516 913 204 316 181 178 14 806 414 659 13 317 814 15 885 981 146 793 202 467 77 21 935 624 349 648 301 832 699 809 272 161 905 310 832 78 513 555 954 605 973 862 329 903 702 7 138 217 436 291 356 796 339 246 113 391 500 354 624 763 575 496 831 997 663 301 965 121 614 217 846 152 162 554 62 242 189 251 448 471 535 235 63 321 494 163 465 263 195 136 810 470 364 29 564 753 3 756 429 833 511 519 1 865 631 735 17 559 194 796 829 445 420 853 964 591 879 895 757 757 865 407 555 775 907 6 677 595 656 960 783 217 906 132 104 692 711 472 836 775 109 916 79 503 0 207 36 978 198 375 706 636 414 664 9 328 881 786 175 258 355 811 276 864 755 349 759 213 331 94 811 388 25 345 643 871 956 842 459 557 99 456 376 529 637 254 410 22 559 275 380 109 489 207 829 234 620 321 613 843 43 819 435 90 495 977 964 35 633 788 940 438 163 306 652 561 969 790 329 50 205 328 85 860 597 101 705 987 233 724 119 207 149 713 966 700 691 899 903 645 116 403 549 900 584 752 195 376 610 226 488 470 467 82 152 495 366 713 603 929 660 172 811 343 45 351 503 357 967 557 559 846 873 972 925 28 369 471 633 
268 527 191 671 537 126 121 810 16 84 92 837 233 627 635 901 612 753 421 446 910 709 220 97 902 282 211 366 739 685 628 269 30 927 184 825 102 554 17 832 916 397 792 758 590 679 126 253 594 990 91 578 963 809 571 132 190 615 883 315 641 507 507 424 72 464 301 161 188 887 44 706 286 973 875 608 868 997 388 894 225 622 455 477 147 157 803 396 847 288 311 815 847 584 66 106 115 869 332 783 787 801 224 982 622 238 386 255 211 505 407 406 790 583 899 124 179 157 363 314 981 832 75 721 105 38 163 643 357 7 313 756 379 553 661 483 435 237 378 341 233 750 210 362 235 229 136 55 444 369 873 505 900 633 230 581 748 959 196 988 942 199 995 736 739 127 672 677 210 830 928 747 228 792 99 343 109 326 237 666 537 216 732 159 492 237 431 770 124 183 706 868 763 857 938 123 406 575 603 905 143 982 937 221 878 64 114 802 223 0 1000 150 383 323 228 549 814 129 409 924 463 76 256 548 296 307 622 754 61 973 877 139 860 696 432 196 341 294 878 677 746 105 547 36 11 239 870 212 54 322 772 136 542 529 501 575 326 858 711 530 185 609 555 979 875 127 829 37 557 399 15 387 906 20 452 669 842 661 184 551 720 566 105 388 477 762 390 202 582 910 839 77 553 292 469 597 498 683 667 670 486 82 468 764 190 157 293 720 457 624 986 612 744 820 476 308 235 583 969 481 149 939 281 618 138 571 277 862 193 710 625 781 894 424 893 809 394 714 555 573 445 384 96 776 367 679 927 799 118 403 849 960 432 31 641 365 933 53 399 907 490 800 90 931 656 784 124 925 57 106 497 876 406 207 75 631 783 689 980 46 840 163 358 6 861 761 102 180 359 637 844 739 648 65 504 862 589 266 280 813 75 368 651 275 67 127 454 350 163 280 640 770 927 429 130 994 817 922 537 553 801 842 409 319 657 514 113 389 811 530 378 167 467 579 993 880 512 886 487 876 899 963 103 447 828 568 412 503 157 171 754 599 832 53 115 286 607 975 582 341 931 387 539 749 370 268 602 455 642 370 264 404 528 64 715 776 213 446 407 429 242 820 47 44 750 999 357 734 139 376 699 486 277 831 509 482 122 401 574 252 
270 53 121 445 536 106 529 461 327 41 85 177 459 305 576 329 184 5 118 951 111 402 531 767 123 213 853 441 929 762 488 686 946 276 750 57 233 430 883 898 687 628 204 610 506 38 481 301 862 957 53 767 514 634 289 91 696 654 862 485 41 116 39 674 747 509 266 696 600 849 283 464 127 863 499 844 16 103 376 89 924 942 292 13 667 374 320 961 362 476 465 186 884 488 212 693 661 713 608 281 561 901 244 432 488 483 665 455 236 813 404 723 42 166 983 125 448 99 829 365 47 491 593 412 686 753 703 914 57 659 864 408 969 647 666 925 492 557 812 866 709 522 533 511 959 697 633 150 661 742 422 154 227 705 591 614 8 869 800 657 217 763 879 409 617 938 168 552 132 16 720 70 716 758 558 418 320 392 290 879 216 797 38 222 388 697 618 631 6 218 987 200 427 463 427 626 515 345 308 635 620 550 289 767 932 534 77 753 807 606 963 175 992 724 207 743 160 679 559 55 258 370 706 885 460 673 883 837 316 891 498 223 272 126 86 267 11 49 73 614 217 410 77 449 240 689 301 233 592 52 829 158 306 707 25 125 288 848 108 761 189 105 230 845 311 680 634 709 123 739 978 857 958 357 178 959 541 50 55 830 573 759 421 97 928 420 936 754 829 104 677 809 562 120 907 6 151 320 806 533 494 8 896 41 416 119 109 91 458 53 779 20 935 462 505 413 462 192 444 859 163 531 64 294 451 96 482 438 825 277 425 627 313 784 291 844 41 458 781 554 724 16 838 382 730 320 582 924 273 309 32 835 763 500 302 733 479 874 904 104 125 283 565 315 42 132 903 978 888 26 637 389 958 725 621 877 428 970 262 911 585 644 711 487 204 78 192 303 373 315 505 461 447 721 111 298 686 892 330 885 301 555 896 921 289 927 637 33 131 161 701 453 275 603 535 875 711 870 368 995 182 397 353 471 475 699 235 740 5 724 753 449 928 129 478 995 315 181 147 479 438 586 287 601 8 415 283 966 921 922 426 581 553 327 685 595 219 54 87 18 985 681 129 6 932 847 471 882 859 797 581 208 746 273 208 150 239 158 70 435 861 646 689 82 334 226 580 518 1000 531 228 219 205 647 4 430 729 65 875 719 
878 164 364 171 356 969 4 12 838 574 479 317 508 797 672 293 847 984 354 944 125 170 328 263 490 377 344 872 538 332 661 974 720 543 493 168 856 614 736 513 975 23 229 827 183 682 19 923 652 434 924 38 480 46 456 239 287 940 38 525 637 623 490 228 238 189 786 967 873 772 279 781 915 940 279 210 639 654 638 566 302 221 478 815 86 217 432 210 10 836 650 554 230 671 151 195 125 543 735 526 556 273 933 974 316 168 46 939 448 685 392 858 209 92 44 895 729 696 788 194 455 547 709 912 203 839 542 363 875 813 112 925 456 938 345 108 4 886 794 588 705 102 751 433 310 587 358 239 768 318 473 605 649 409 328 896 704 879 92 510 587 471 799 166 358 423 296 27 939 112 340 817 984 349 703 179 841 974 188 789 36 351 569 278 198 532 192 884 487 684 298 193 809 237 603 50 168 78 349 179 689 345 592 166 382 609 387 914 208 979 976 830 94 655 79 679 605 261 884 985 116 2 72 5 666 916 755 280 821 588 464 187 131 555 726 817 850 207 184 51 342 478 339 260 166 277 268 700 57 281 606 408 777 719 871 240 966 46 638 614 550 995 176 772 960 713 516 401 786 478 449 600 792 835 270 846 634 868 880 137 960 501 915 210 977 761 88 915 315 89 257 473 827 640 659 270 123 857 841 33 660 559 673 955 447 157 458 358 707 519 191 156 43 66 662 748 704 171 679 915 838 343 406 899 971 574 384 554 390 351 923 196 964 19 643 983 601 437 658 138 333 103 143 811 574 273 755 858 130 857 639 132 511 616 727 798 227 361 217 62 219 617 358 305 807 739 565 786 195 437 742 105 790 437 998 627 801 543 778 446 863 888 432 597 7 794 943 706 671 548 484 454 320 954 565 743 245 441 908 567 679 896 180 863 58 3 351 281 619 62 211 346 817 415 710 19 551 963 447 45 72 889 27 289 523 258 920 796 727 593 524 471 469 684 277 602 272 514 20 494 223 217 148 251 676 513 179 818 125 954 950 720 724 311 384 498 718 811 560 605 330 847 955 637 54 754 149 40 815 632 632 88 1000 428 158 640 88 337 39 159 243 886 910 250 819 413 973 985 119 197 232 738 724 84 6 874 145 914 521 652 
208 909 703 516 40 376 114 113 132 931 505 766 776 387 717 220 348 534 919 478 895 485 519 854 458 421 54 950 473 617 183 343 644 243 835 886 574 440 234 293 210 553 167 954 677 441 970 286 661 211 638 495 202 848 515 905 18 195 296 394 540 982 865 583 686 494 150 108 375 18 834 644 251 212 469 884 286 252 748 435 586 565 27 43 491 411 538 611 150 896 814 977 866 283 809 596 66 90 599 930 332 5 3 3 850 242 879 162 577 778 794 827 282 273 945 955 822 519 540 241 788 76 65 453 778 300 773 958 836 429 916 465 566 782 114 207 84 799 697 380 46 72 959 661 699 997 477 41 720 559 992 583 27 568 767 485 307 880 32 789 701 709 143 211 356 937 805 520 110 133 159 227 191 102 828 567 568 891 882 738 640 751 316 29 48 571 71 908 276 46 734 258 55 788 273 803 56 704 276 433 977 18 725 981 874 816 393 36 378 294 400 619 86 811 589 328 841 452 548 610 803 717 807 537 845 901 660 692 818 860 538 964 992 250 83 281 96 629 491 670 470 959 118 947 512 583 604 801 373 466 734 443 300 144 415 576 657 41 458 224 479 885 25 908 603 794 762 764 33 514 821 608 3 940 738 861 0 56 357 990 840 797 648 566 140 850 748 161 504 764 49 885 251 592 976 988 991 125 190 295 18 898 268 485 327 677 877 9 103 870 266 688 744 172 35 682 707 764 779 985 248 555 80 210 457 299 424 193 957 233 347 991 520 559 671 765 385 940 120 741 4 886 850 380 384 891 740 331 499 640 569 894 895 490 841 966 308 305 225 675 992 220 624 116 199 266 414 600 296 508 738 777 247 281 381 11 898 44 805 11 726 899 490 826 971 401 192 562 548 494 113 832 49 108 272 803 631 138 251 497 468 840 971 406 12 780 850 715 590 366 689 24 838 432 232 447 255 652 803 54 755 196 1000 59 998 415 967 512 631 477 871 837 653 947 23 156 894 567 241 1000 428 121 259 719 450 874 839 945 554 781 50 1000 570 233 560 809 550 151 858 849 945 573 190 322 282 770 843 43 464 480 655 469 918 624 377 602 284 975 65 242 520 175 995 771 474 341 248 891 437 54 576 293 41 492 854 192 137 25 517 591 
734 829 166 823 948 777 959 51 477 319 570 506 10 182 229 464 544 642 528 418 266 399 950 664 321 686 641 79 19 731 672 274 298 705 377 550 533 652 512 201 622 405 50 801 675 823 188 605 881 216 845 674 743 199 952 455 455 183 659 827 714 439 842 313 741 763 165 430 362 771 829 778 201 435 636 606 910 162 531 654 498 475 936 59 73 441 363 220 248 363 754 260 408 372 978 193 631 694 510 496 305 951 804 249 757 351 666 420 64 387 6 900 647 266 648 141 997 782 458 360 585 861 256 911 155 771 679 841 152 174 983 502 803 186 264 702 160 761 41 314 553 978 44 463 116 707 930 758 23 374 700 756 902 90 390 978 889 862 588 790 903 199 725 53 605 687 833 560 38 504 166 697 767 626 589 175 962 843 141 139 173 60 234 160 543 296 488 755 733 523 36 481 933 906 975 114 83 952 666 317 764 277 297 675 454 340 772 137 895 814 152 739 224 209 259 420 699 855 933 525 582 230 845 547 342 595 947 999 759 116 747 356 514 429 733 281 350 744 199 782 356 540 988 356 537 293 200 119 355 253 707 671 846 701 216 580 220 192 299 173 568 935 798 596 964 354 418 292 40 654 81 60 690 447 781 994 217 566 642 46 281 770 619 891 566 900 22 430 476 640 861 655 662 386 629 743 991 172 388 530 392 312 373 624 993 243 561 279 598 261 78 322 62 3 62 463 658 319 836 984 533 646 292 385 588 637 413 431 325 686 783 670 966 864 256 679 893 968 236 250 803 956 877 571 224 873 515 873 968 863 212 612 484 836 156 43 371 681 581 385 610 529 622 171 683 891 747 989 223 813 63 359 341 893 968 712 699 931 34 717 618 90 364 612 344 21 602 298 494 869 397 682 721 829 94 596 788 842 916 33 907 274 147 227 501 814 866 751 623 505 557 153 80 57 824 95 364 735 977 220 180 598 506 797 241 934 842 720 874 975 484 858 958 925 225 393 19 800 461 848 359 386 356 89 199 621 562 552 257 889 888 119 932 885 619 756 45 543 272 142 109 686 568 296 808 15 984 505 369 31 703 782 54 53 575 738 4 500 473 564 842 409 715 235 146 792 319 838 975 742 527 474 387 748 909 676 363 98 299 22 
474 463 421 834 441 551 74 641 894 871 19 173 275 358 65 892 363 444 973 654 727 910 204 980 792 519 392 234 394 554 574 347 756 607 811 142 31 427 28 324 732 294 515 675 273 225 180 482 492 826 810 758 823 634 137 402 997 126 762 829 383 540 115 573 828 328 770 453 270 399 194 414 666 478 271 173 899 450 523 517 622 116 418 755 751 690 354 65 271 391 123 768 136 729 365 509 475 634 28 145 144 363 557 302 932 123 5 246 856 476 527 725 137 932 10 364 772 221 997 292 471 9 275 3 460 241 682 37 150 824 883 345 859 585 517 796 70 90 699 623 407 109 948 183 570 171 351 915 107 268 820 576 199 77 834 718 301 119 615 586 844 616 334 18 629 673 702 294 402 11 884 728 601 508 587 610 5 260 101 6 251 893 144 905 125 223 611 809 131 404 568 34 491 136 433 93 96 843 207 40 147 11 437 617 599 24 318 297 735 372 857 470 82 94 377 688 91 853 636 422 166 986 598 123 166 519 846 183 269 298 752 481 68 582 984 392 521 475 515 699 749 692 860 876 955 959 292 878 449 421 835 922 57 951 321 647 189 731 370 197 502 56 262 715 214 412 723 49 27 862 427 8 576 981 13 14 486 664 529 471 350 476 751 911 555 940 358 930 104 274 760 396 1000 633 291 10 597 116 21 390 235 35 371 409 752 376 820 296 799 434 363 568 599 582 707 847 423 60 572 623 686 944 742 316 98 969 672 696 707 426 157 14 76 417 245 279 548 173 371 965 28 410 152 49 917 28 923 829 619 394 649 674 492 618 484 541 342 830 277 693 445 826 620 459 889 80 686 728 156 814 755 120 295 540 402 96 676 196 70 845 990 346 445 147 783 706 89 189 227 857 823 38 561 967 970 996 840 633 627 859 68 887 475 314 971 588 842 658 583 399 296 152 316 976 215 704 985 367 989 126 612 141 810 849 257 19 209 141 426 525 630 376 607 102 744 218 672 644 899 750 590 608 567 696 993 933 526 166 892 718 602 988 92 58 477 720 126 43 815 35 843 620 910 729 965 14 301 553 53 843 416 53 266 297 821 441 55 901 687 788 901 792 588 787 562 952 22 375 905 406 371 107 83 553 911 274 861 867 838 478 
625 539 395 143 840 365 414 472 415 109 568 41 178 143 888 98 609 470 572 526 886 758 536 543 911 799 782 527 743 259 691 64 824 364 542 774 524 596 18 944 205 497 626 856 363 792 227 205 163 846 986 129 405 883 736 503 714 646 151 121 561 306 249 925 328 430 123 263 92 438 60 743 945 820 46 350 436 977 767 589 464 753 837 160 459 592 979 44 298 740 438 446 430 171 134 881 131 989 377 540 494 320 378 335 539 503 161 363 23 602 664 841 744 976 981 428 612 82 236 501 742 150 678 69 750 673 560 204 580 466 203 547 168 177 622 636 920 52 132 291 164 370 467 602 401 392 419 579 90 509 819 829 992 424 272 676 884 346 221 717 708 270 620 78 137 808 679 414 866 82 75 526 873 279 656 768 19 325 973 326 607 419 518 526 969 399 398 806 150 333 290 616 139 522 701 804 574 25 161 98 394 85 101 838 759 722 136 244 459 595 848 871 172 118 804 461 662 780 807 279 378 520 379 497 57 336 92 273 583 81 826 372 756 766 674 675 744 898 52 57 668 620 469 699 640 577 594 576 117 111 137 373 702 642 764 578 96 181 969 794 207 129 310 561 554 599 887 188 420 414 549 524 440 949 558 729 939 685 581 502 904 543 930 713 168 320 605 830 965 192 65 436 995 268 511 475 932 408 239 524 670 101 552 278 224 924 587 445 451 329 806 347 687 178 732 650 154 133 428 1000 141 864 786 547 453 31 986 785 995 767 339 829 620 831 257 364 133 748 781 568 1 954 997 952 519 821 558 470 433 97 235 550 769 658 878 884 772 650 836 413 47 881 8 122 10 404 21 626 451 700 211 861 97 571 807 207 666 516 948 368 490 292 487 311 258 631 892 604 122 589 468 547 91 812 643 407 713 300 125 120 535 815 248 911 580 159 20 979 633 184 650 423 619 861 419 205 497 19 114 646 587 649 429 218 565 922 496 449 70 879 717 631 790 382 467 791 257 998 948 164 871 868 822 143 621 200 526 895 832 103 1000 266 523 495 118 852 780 465 941 279 694 311 549 191 865 751 767 81 117 26 889 111 995 877 424 860 312 744 986 501 148 250 306 397 317 636 27 276 682 269 175 446 670 288 64 608 497 119 555 380 
910 688 283 264 654 626 289 58 217 203 882 332 866 492 121 550 275 859 392 539 907 169 299 599 10 111 28 948 104 889 34 646 987 119 913 953 614 504 7 476 904 647 672 237 933 71 266 34 988 894 668 756 645 309 194 312 874 227 1 498 458 765 435 703 658 616 913 451 493 551 889 620 951 379 34 581 384 428 851 662 881 394 950 711 723 323 712 153 644 890 691 298 989 653 438 934 872 219 818 703 460 949 155 27 366 903 725 978 57 349 530 641 15 809 992 46 270 433 586 395 435 817 393 993 296 935 521 728 120 289 52 158 600 511 305 672 128 864 1 875 340 46 565 52 592 386 298 626 545 500 149 627 867 695 5 808 842 278 880 480 689 860 177 184 945 840 381 400 530 603 827 363 657 681 727 214 332 8 713 39 375 242 621 920 157 507 337 720 127 425 889 748 866 717 810 2 918 538 248 926 519 307 977 819 929 626 135 734 640 92 511 981 565 602 462 371 998 392 695 485 613 79 264 300 648 269 7 532 306 698 898 388 191 696 432 568 320 619 34 501 181 880 357 302 204 970 333 335 470 946 603 787 654 780 233 232 623 945 961 149 4 62 518 130 203 656 430 199 800 905 771 293 899 287 507 313 604 706 364 907 248 272 129 160 936 661 25 328 153 407 877 172 500 704 275 371 89 965 318 678 581 354 432 293 630 354 370 961 183 99 451 69 137 642 987 774 568 958 729 212 472 77 80 587 533 554 583 239 551 1000 425 412 783 945 530 581 32 413 127 619 287 223 63 198 555 221 527 666 666 411 995 122 475 475 588 501 250 261 971 823 931 101 865 413 365 708 334 499 246 745 412 201 543 821 948 723 33 700 430 129 786 986 972 648 128 294 54 167 180 601 225 511 161 65 738 507 553 8 732 533 533 292 170 696 16 157 800 212 453 7 591 284 240 986 952 868 251 495 214 392 142 703 644 544 708 76 498 931 599 891 246 164 477 154 219 738 662 776 892 691 806 222 329 451 462 870 726 898 673 550 428 73 503 842 287 778 587 245 511 206 629 668 307 998 448 358 872 67 337 171 308 473 128 777 319 849 877 781 190 746 951 76 576 482 39 215 321 279 785 334 829 274 813 591 293 996 658 679 758 847 
75 747 829 874 152 583 937 132 351 687 886 698 479 375 66 616 313 2 251 356 375 628 799 618 527 247 359 36 746 63 414 289 520 75 623 52 616 140 27 462 58 723 718 491 249 518 13 696 569 20 489 817 239 857 695 327 146 723 316 557 568 151 206 861 475 191 296 427 552 504 595 244 718 442 586 628 733 81 71 153 209 790 996 957 656 580 112 369 171 536 800 317 277 524 358 497 985 118 91 965 959 333 982 137 765 781 343 606 576 406 904 304 669 262 570 665 571 696 55 93 914 97 910 501 280 76 234 316 871 937 677 932 79 823 658 409 305 906 811 418 246 720 533 381 605 163 4 926 529 520 990 541 494 946 108 146 893 870 591 408 430 154 923 103 956 502 333 470 789 528 165 521 832 837 555 251 743 30 807 803 89 774 763 533 157 934 839 82 247 600 808 21 22 137 704 187 617 51 804 482 148 609 297 954 561 333 768 753 329 893 744 664 526 868 344 398 860 749 919 899 718 607 716 785 996 838 226 385 183 383 97 361 696 696 213 4 936 16 940 1000 238 848 722 386 799 294 256 514 342 181 895 347 75 795 615 357 820 393 459 340 982 799 926 137 18 884 715 395 440 847 485 246 823 746 248 762 246 532 438 710 737 631 485 426 816 516 406 360 30 266 553 349 271 642 393 457 18 446 486 580 607 214 710 143 39 736 398 762 139 208 540 661 198 820 270 838 530 245 702 917 462 408 308 397 531 663 175 454 253 654 534 405 111 755 87 293 265 674 616 730 856 352 636 146 542 168 700 42 21 980 656 809 226 446 701 655 335 213 373 980 216 71 642 657 672 327 289 179 131 730 119 626 665 296 75 506 880 797 852 519 654 273 889 997 683 302 26 583 935 646 65 79 331 523 92 121 16 721 661 270 382 825 263 608 345 834 782 777 265 87 329 959 551 99 417 620 101 659 30 728 849 869 111 576 452 77 604 580 337 745 927 694 534 356 17 30 829 752 436 542 665 887 348 727 667 481 939 28 426 518 461 503 925 130 181 700 507 640 801 372 821 570 679 671 802 79 916 139 744 480 236 647 454 672 946 613 896 20 685 318 633 923 956 932 715 965 22 931 301 186 240 149 947 305 130 792 356 901 196 751 
40 256 670 21 746 452 533 264 240 56 472 303 137 92 335 106 797 52 702 286 423 910 499 819 365 339 191 98 830 445 985 958 721 808 791 444 884 405 339 127 788 539 527 304 663 297 24 878 683 766 928 943 622 4 523 789 876 711 918 981 561 609 685 456 990 460 398 438 184 552 975 927 282 27 716 402 824 878 425 564 852 291 310 900 315 515 685 151 602 236 374 379 670 432 118 413 13 514 393 93 728 604 703 294 68 926 560 280 556 712 14 252 179 3 501 915 536 309 408 133 968 605 265 787 37 661 544 411 343 541 89 929 178 853 168 571 87 783 893 578 606 830 995 971 316 521 35 590 113 703 167 19 218 821 323 414 669 828 773 339 825 22 441 262 505 638 948 961 583 85 400 10 341 846 820 835 767 163 407 139 294 662 583 155 470 542 402 929 192 693 11 695 478 367 570 182 421 209 29 137 185 465 191 533 879 176 618 754 600 315 67 310 1000 746 825 12 908 839 899 262 587 799 88 350 422 108 148 291 490 532 251 832 974 29 765 266 521 971 221 152 217 345 769 953 240 270 321 114 449 100 938 397 361 5 839 33 614 321 44 442 934 163 185 67 159 472 290 371 728 43 842 460 605 512 244 44 610 652 669 361 530 464 622 19 570 508 926 636 577 822 385 630 731 907 846 232 999 607 842 985 840 372 511 204 915 640 128 149 120 381 416 974 964 667 500 200 97 6 95 376 134 347 758 580 380 947 853 806 582 332 750 556 333 976 253 995 160 738 349 478 74 608 40 980 95 813 354 108 505 992 785 173 530 305 197 836 182 201 523 375 603 273 169 943 213 280 403 810 748 489 867 677 34 180 50 786 260 446 602 83 651 873 952 920 719 647 773 26 444 525 292 614 204 600 680 102 488 17 329 699 136 549 706 931 130 90 542 501 402 834 838 401 438 422 23 926 482 878 200 161 62 134 556 49 578 904 191 680 226 451 736 515 317 232 608 389 370 242 74 731 346 383 40 997 271 930 866 162 911 714 766 625 920 857 529 961 414 989 751 468 712 404 594 51 395 355 461 885 416 184 106 77 59 612 486 857 306 952 177 237 191 367 964 565 167 866 155 322 504 409 138 959 999 30 450 569 775 267 563 273 
149 427 935 17 510 920 124 737 770 58 61 620 672 768 563 851 12 427 151 927 756 456 792 718 395 889 465 911 716 134 573 361 692 161 401 235 168 617 609 839 376 972 200 376 829 291 686 248 294 480 336 263 463 418 53 449 385 587 136 581 643 85 670 33 991 937 55 626 965 186 184 322 987 859 6 11 944 783 996 68 761 947 24 638 537 998 829 967 190 431 208 848 187 43 502 121 483 319 945 361 492 585 813 621 139 234 914 215 515 231 54 663 271 936 54 549 630 846 495 282 345 348 458 928 907 707 975 520 924 482 653 236 675 750 179 755 53 575 319 132 523 746 384 846 972 870 179 911 334 627 859 26 758 656 880 882 544 1000 629 31 545 408 330 443 419 120 321 540 781 730 103 724 360 316 506 993 165 985 536 411 939 178 66 800 446 231 519 23 225 598 993 122 313 511 34 887 958 470 659 697 984 468 731 291 917 444 742 648 837 68 64 604 718 12 852 192 816 153 450 448 365 579 122 541 107 627 638 243 404 909 698 828 570 767 47 324 106 471 317 90 638 331 800 959 299 646 249 650 382 235 397 219 695 566 90 301 433 112 951 560 200 41 443 210 120 106 41 403 92 867 903 47 833 126 865 441 810 337 420 419 792 72 918 933 414 979 69 148 300 932 943 224 661 543 369 587 363 809 599 4 16 200 532 605 944 146 30 40 219 707 99 880 169 408 122 285 149 856 497 787 761 490 155 183 210 127 429 517 869 773 836 8 945 57 780 696 82 348 488 857 224 295 659 104 158 641 687 26 817 504 270 587 289 964 757 457 768 874 804 66 414 111 142 879 890 636 537 199 375 97 7 372 893 23 206 204 761 643 49 723 820 293 124 928 308 758 864 372 984 552 695 959 945 495 244 265 467 911 272 144 233 645 275 518 124 514 946 593 654 955 874 476 100 361 496 307 618 553 350 203 592 107 632 425 123 557 906 93 690 86 137 139 261 332 939 617 510 214 888 491 612 559 664 400 229 434 300 979 388 939 7 619 877 422 516 767 557 300 78 502 367 775 455 284 164 989 547 987 835 310 834 598 198 732 895 267 925 714 539 248 105 878 312 367 795 195 886 499 403 79 955 79 865 945 150 407 881 127 940 566 
656 108 994 876 258 599 901 699 500 271 671 23 211 4 415 440 249 43 76 654 397 970 852 846 89 359 112 967 392 547 844 930 965 429 763 774 731 0 30 460 856 867 223 467 174 429 428 804 300 783 777 366 719 355 246 867 32 86 646 295 198 514 453 793 34 787 332 595 45 104 138 137 598 660 232 751 89 536 220 444 43 777 543 831 320 364 889 389 304 120 57 363 826 655 783 571 348 27 925 429 43 814 322 350 295 764 142 910 924 347 740 201 77 46 991 400 547 343 991 613 138 925 676 701 197 176 376 326 829 825 834 667 513 464 161 14 180 321 237 540 191 684 139 658 170 193 929 755 988 859 223 569 255 759 207 638 800 12 759 122 382 295 311 331 241 740 880 859 405 188 788 724 124 495 863 222 183 753 813 56 124 597 154 222 17 572 558 597 605 564 811 641 49 62 887 479 748 389 2 689 769 26 425 274 479 149 204 495 71 426 828 900 747 926 482 672 354 328 434 114 783 767 666 735 843 335 273 248 848 493 727 114 667 694 885 772 953 25 846 562 76 736 121 584 119 373 934 18 433 760 878 581 372 357 310 212 200 8 210 207 773 534 33 856 653 798 279 566 444 606 514 909 371 679 564 745 408 366 44 92 334 233 44 739 382 945 34 859 24 335 310 676 389 11 173 505 789 258 495 916 895 144 463 276 541 712 712 209 116 85 873 289 438 733 830 592 29 49 260 400 891 260 756 718 765 652 961 773 628 905 871 156 165 118 249 1 311 309 853 230 527 917 274 266 951 82 466 288 404 907 967 378 117 875 410 151 514 366 49 67 744 365 85 616 843 84 104 980 475 914 635 261 952 838 894 641 743 429 577 498 34 322 858 751 531 397 902 879 938 988 378 190 501 435 999 760 95 716 390 704 212 370 762 336 578 102 659 26 826 602 977 888 2 863 76 26 233 47 245 0 287 473 749 242 227 929 782 114 695 78 955 522 590 372 806 348 785 529 334 369 724 499 440 678 933 671 33 188 533 931 338 785 971 681 355 57 793 108 42 509 2 169 683 687 276 909 904 708 889 733 266 946 929 509 299 443 430 531 679 912 654 330 89 207 593 796 839 896 310 142 18 207 671 851 507 912 267 411 863 402 
765 216 940 55 334 586 916 822 165 159 62 877 808 2 108 771 601 109 522 397 354 507 556 198 504 763 319 476 466 878 857 989 486 989 229 615 645 634 634 601 194 107 629 275 206 252 73 942 294 484 901 275 598 298 901 409 543 224 67 211 460 788 553 950 70 567 751 17 550 687 938 923 721 507 796 427 457 135 714 18 920 866 818 903 591 810 736 750 599 295 667 926 586 397 145 396 213 571 345 719 390 688 739 629 721 506 295 433 993 943 697 83 852 693 449 141 877 587 194 54 502 848 741 118 160 233 788 992 68 338 217 528 598 428 564 58 712 622 995 795 58 765 600 205 503 513 195 169 668 346 268 548 155 205 241 499 502 222 999 749 804 405 903 59 982 204 344 170 618 196 591 499 837 400 877 769 162 317 250 439 589 532 734 501 752 423 961 15 958 12 590 5 208 207 143 401 128 93 876 100 929 465 463 333 685 204 444 651 510 465 920 55 779 343 934 182 135 445 2 902 339 299 900 53 563 745 434 159 686 512 602 807 6 68 73 791 230 372 50 216 478 458 880 480 813 974 71 849 749 698 627 231 329 139 318 235 786 226 601 683 645 165 245 316 596 340 423 983 565 863 683 678 476 874 306 708 814 670 566 284 349 606 50 65 43 742 618 455 233 465 347 190 236 697 518 403 586 943 42 261 544 468 852 946 761 341 846 680 789 125 880 555 460 475 737 620 480 409 113 810 580 622 637 702 187 634 865 980 107 68 674 399 705 158 840 10 126 222 752 833 981 938 544 121 681 510 687 332 659 141 216 378 793 231 979 223 722 744 319 729 148 294 959 670 607 288 634 844 911 581 783 730 758 143 459 437 493 492 8 263 33 402 160 252 661 403 700 222 869 118 889 999 341 85 161 755 409 294 573 324 771 364 84 415 416 357 250 419 729 876 598 605 168 664 540 593 342 929 946 678 418 613 852 688 183 987 979 370 335 388 708 259 608 752 399 719 554 481 366 498 652 219 961 729 277 257 898 743 606 871 629 101 339 559 843 165 896 170 509 961 308 290 17 274 529 801 779 565 4 641 186 3 885 294 295 615 602 329 815 961 548 173 472 194 324 523 691 784 201 63 379 474 26 516 636 417 16 634 559 785 
461 966 392 369 287 43 49 464 708 501 331 490 557 168 710 282 615 716 170 336 585 983 117 51 400 351 678 729 262 537 361 248 627 580 228 902 25 442 361 200 311 292 56 481 128 695 646 656 991 749 961 372 102 278 805 85 627 257 7 17 293 214 865 974 135 944 636 474 493 782 776 153 639 101 128 169 33 26 988 897 843 204 935 995 318 613 75 492 851 479 913 759 274 499 926 208 691 116 885 302 985 773 459 183 960 709 704 217 35 922 478 886 510 781 610 496 944 144 805 274 306 684 840 267 274 490 79 590 338 39 700 921 389 569 289 320 540 607 945 865 675 411 136 599 139 315 608 212 334 753 451 663 24 573 792 18 325 938 730 573 229 674 642 739 816 602 682 528 694 904 884 415 848 262 349 440 984 850 411 63 9 565 29 244 364 187 41 238 644 379 350 845 98 212 986 460 726 586 585 161 861 925 694 409 517 258 675 204 158 431 494 866 77 870 636 137 558 449 264 149 224 171 719 650 839 208 852 68 183 40 498 867 595 368 73 186 723 0 337 249 843 252 637 644 911 775 118 755 218 189 486 343 316 281 425 811 561 93 738 323 515 458 657 738 940 213 830 184 495 24 905 725 530 686 829 819 138 883 954 183 829 909 61 913 408 755 735 239 366 458 74 136 647 542 944 450 910 904 498 856 154 442 369 853 309 384 936 982 480 969 401 787 276 313 101 908 167 620 334 939 793 955 943 498 40 791 343 740 277 231 552 290 503 215 847 449 224 725 736 365 37 57 465 767 565 705 930 677 794 46 430 522 32 397 455 817 305 937 749 929 96 95 114 398 865 724 603 356 950 272 506 887 636 794 745 166 39 583 493 846 985 956 620 301 146 269 215 272 331 249 301 128 898 790 48 458 722 815 41 606 621 802 796 627 788 17 641 641 728 936 281 552 523 51 747 75 724 139 295 988 497 837 221 574 168 134 670 832 422 12 170 438 829 57 656 127 324 953 981 723 46 826 196 464 979 35 353 261 468 966 599 183 781 503 786 27 588 281 983 555 723 556 99 847 772 688 566 930 557 683 308 840 90 96 509 816 373 746 175 483 883 767 698 319 125 998 456 622 762 234 116 284 250 820 683 412 135 352 482 953 
950 689 717 644 357 332 675 372 348 681 209 55 410 542 310 132 77 732 47 471 813 983 122 108 541 454 829 385 712 313 273 382 434 765 214 745 141 975 855 492 684 573 974 546 368 882 161 93 196 848 545 625 623 821 679 403 857 819 953 276 202 345 526 923 577 583 85 807 3 866 674 738 222 239 601 180 568 963 185 450 253 805 601 834 543 216 644 356 71 496 64 639 923 110 296 245 36 495 80 943 198 350 522 336 173 284 266 351 590 529 565 685 753 737 151 464 624 142 466 38 702 974 88 323 902 847 10 347 371 693 801 541 777 288 979 449 931 946 745 963 165 800 122 543 245 786 573 342 43 459 985 446 958 252 395 775 652 51 286 230 753 549 700 339 155 889 643 940 154 528 832 385 300 810 254 330 7 645 825 823 249 742 641 301 966 6 277 842 817 709 128 181 395 831 281 124 858 29 713 771 780 851 428 351 916 772 836 329 820 553 114 72 956 715 407 875 111 872 825 298 50 476 49 995 533 650 666 199 610 939 591 845 606 393 193 776 484 195 14 284 85 787 316 628 323 755 314 794 464 30 329 875 136 561 836 802 759 188 535 681 702 966 77 630 385 505 438 410 23 369 870 122 369 487 222 321 794 777 606 796 628 669 884 857 687 474 284 287 342 125 45 520 52 180 560 121 593 141 181 519 173 43 793 791 943 123 624 106 646 341 959 781 51 376 687 577 304 204 259 271 23 969 895 858 789 528 902 396 922 407 428 387 48 504 326 8 178 918 457 171 191 812 570 753 899 871 205 369 822 524 154 280 159 78 104 962 65 584 827 707 592 955 164 205 523 851 147 88 35 9 573 761 170 833 105 197 59 778 869 330 874 923 188 728 925 340 296 353 967 704 879 161 899 226 761 659 586 557 579 938 242 863 646 856 661 270 740 792 410 628 904 301 202 734 987 367 257 336 860 616 873 75 123 558 856 385 544 198 660 674 446 445 956 546 370 652 950 524 672 312 121 638 137 343 186 572 206 981 986 529 697 299 871 226 152 718 989 568 779 764 520 799 763 399 597 440 284 948 835 409 703 834 983 28 57 641 745 617 77 161 62 673 845 352 558 899 182 258 230 9 992 323 656 746 978 647 92 585 253 89 
348 153 146 16 229 499 345 765 99 554 680 231 115 503 991 272 856 847 499 303 150 783 466 393 379 379 346 235 855 811 841 583 934 540 711 578 137 949 686 497 278 889 951 748 527 222 829 410 56 546 396 830 522 602 333 899 829 632 733 415 86 831 695 913 146 222 438 7 20 591 579 197 608 595 151 301 230 108 812 676 665 682 703 925 903 957 574 992 156 818 543 538 718 481 742 991 774 287 945 919 136 39 91 39 267 26 670 441 741 657 362 936 185 370 694 170 750 659 819 982 969 352 339 488 204 212 405 694 976 459 689 758 195 431 675 149 555 614 714 29 853 977 763 345 100 531 947 350 146 225 422 407 623 877 120 476 180 995 226 989 939 766 591 962 524 635 626 889 203 636 1 724 596 628 571 15 17 963 734 100 254 531 655 596 528 601 583 175 223 747 618 570 847 772 280 45 62 47 572 965 220 555 998 16 391 951 746 803 762 244 318 6 513 605 445 119 408 192 680 841 441 934 365 616 591 290 174 850 162 974 854 458 401 260 141 770 800 933 940 210 475 222 924 771 642 201 231 247 771 447 555 561 270 231 625 577 350 246 328 988 440 95 402 653 186 445 301 569 469 927 883 596 250 55 246 698 755 529 216 223 763 939 352 663 932 33 111 408 981 246 905 816 973 23 37 130 764 376 216 841 246 840 346 666 911 715 807 521 867 499 489 923 611 152 478 474 886 468 115 410 442 934 572 261 289 377 597 76 885 802 891 791 727 746 222 386 983 246 579 556 829 258 247 806 151 45 85 730 629 133 952 560 809 445 458 835 740 82 575 908 951 56 457 295 787 505 853 184 12 486 282 530 113 155 656 403 820 446 411 474 406 494 322 544 838 95 638 565 579 348 892 558 334 655 468 383 372 499 109 811 613 819 447 167 201 254 472 341 161 743 739 861 920 198 331 207 490 6 957 973 78 357 975 626 507 720 190 143 414 263 875 586 822 686 409 963 965 669 75 534 916 581 381 490 254 984 586 55 404 372 465 442 502 132 432 465 524 687 144 225 275 389 776 405 882 662 104 138 595 159 372 885 628 692 127 143 13 527 470 592 680 655 310 584 392 844 911 247 173 461 220 298 137 193 265 246 978 871 20 268 
859 967 406 884 76 439 439 190 802 587 619 563 219 584 360 115 978 711 680 824 733 687 547 360 483 487 756 857 333 732 930 110 949 663 624 85 555 415 887 954 282 77 347 482 276 492 907 389 484 195 382 79 71 276 210 516 743 856 427 312 106 929 120 468 684 804 431 332 931 466 164 302 736 623 617 949 281 820 990 4 787 610 784 598 91 999 830 347 336 610 138 70 848 32 738 116 864 184 550 959 843 922 105 72 164 902 380 258 898 490 921 160 65 954 719 391 7 259 847 263 164 771 252 59 990 223 670 618 637 466 848 422 844 301 321 809 769 846 102 247 872 200 983 546 70 511 270 849 713 662 149 344 797 410 703 548 68 865 930 634 937 908 396 911 68 77 403 100 935 452 90 814 484 406 126 234 306 957 623 548 604 958 85 306 991 635 666 530 836 90 784 613 454 928 433 20 1000 216 521 471 757 259 321 249 13 347 14 633 687 359 612 938 800 675 820 653 586 302 603 493 885 678 519 349 719 286 717 219 915 995 667 567 530 252 122 630 282 110 836 574 896 736 813 26 406 363 608 990 381 553 994 196 813 463 369 541 218 691 927 686 926 216 161 242 711 278 823 227 985 392 240 606 313 252 67 755 44 310 613 349 596 919 212 598 885 243 937 367 20 757 751 15 436 223 980 300 152 402 980 70 414 550 824 874 229 641 858 91 946 491 21 552 969 153 950 156 474 778 704 787 215 582 447 85 64 650 654 171 419 515 999 3 319 199 635 255 459 450 190 399 774 778 78 804 490 409 296 932 418 293 88 912 114 466 338 512 92 668 413 780 733 185 834 218 755 673 473 762 481 954 929 973 668 619 954 543 2 180 834 410 29 726 38 965 82 294 879 651 369 844 910 40 288 21 992 998 318 527 597 777 456 65 206 444 320 815 954 28 925 757 61 730 276 293 760 771 571 749 189 157 806 129 255 189 100 319 628 884 667 853 394 750 250 281 458 381 421 933 198 365 989 907 605 975 31 189 384 760 792 99 141 522 368 148 475 707 507 40 751 204 101 132 550 416 30 668 339 682 81 664 365 634 218 971 451 479 240 899 152 985 740 660 627 593 795 816 606 487 178 320 31 810 468 933 951 870 687 184 706 674 
997 269 560 862 340 922 832 872 383 159 881 539 818 582 73 396 299 642 276 793 836 734 840 182 719 771 991 745 916 489 979 548 166 350 473 776 689 657 451 511 535 599 438 642 47 910 606 798 982 109 603 21 562 21 970 692 82 929 113 2 257 87 238 253 548 495 291 397 908 442 2 229 207 334 886 55 936 161 207 924 114 140 787 503 675 40 27 997 994 115 548 536 139 340 274 498 160 362 770 540 129 806 984 553 382 93 745 911 29 611 638 109 867 34 638 215 438 888 505 454 379 87 730 826 327 852 932 314 289 447 588 352 375 800 824 21 190 458 119 626 355 247 733 742 237 51 470 429 798 534 550 461 946 561 874 274 56 64 277 264 423 760 924 248 714 191 741 474 138 134 10 909 46 439 176 435 921 850 116 329 620 798 108 550 982 15 211 937 795 685 836 709 59 807 932 169 573 375 149 199 632 549 897 969 246 489 54 288 101 737 977 541 187 190 137 181 440 478 820 447 986 254 262 675 738 264 194 168 14 122 310 747 448 975 367 518 16 362 286 446 337 779 193 817 707 813 732 732 149 64 501 895 36 895 404 457 640 520 419 668 786 56 278 816 839 628 830 186 334 469 416 40 364 318 213 163 308 702 987 476 130 666 228 886 892 910 215 705 531 348 481 644 3 636 43 686 640 779 975 113 203 412 158 615 513 251 865 146 943 413 275 740 881 559 953 519 472 708 388 343 385 88 745 870 310 900 748 438 991 636 328 71 670 750 406 239 195 807 511 97 191 596 428 121 442 712 411 900 90 691 61 324 892 737 465 715 178 69 39 227 232 534 339 399 366 846 687 133 78 1 258 136 130 271 101 85 535 95 643 680 137 326 159 786 756 612 520 967 862 365 140 221 820 466 540 576 625 48 29 761 536 702 238 163 841 924 85 7 839 178 795 118 284 560 955 360 609 246 902 677 65 57 780 645 493 17 917 575 410 924 774 450 469 744 360 354 54 279 841 477 450 52 766 637 443 836 151 74 204 751 72 585 829 80 84 118 763 939 403 582 756 486 805 614 633 257 180 466 466 346 356 643 292 41 422 813 35 148 820 660 133 269 445 850 525 307 645 465 717 842 290 710 626 454 181 303 724 426 172 732 
299 632 512 756 955 956 451 958 251 350 959 450 46 943 291 130 785 241 590 656 322 859 950 569 30 727 338 280 79 107 823 463 66 679 766 625 64 104 691 722 995 456 429 672 607 992 673 591 447 395 465 613 894 648 251 416 897 812 132 546 761 136 379 224 388 40 883 439 53 624 54 449 291 282 520 333 33 946 178 660 112 354 620 324 803 84 155 577 274 322 30 317 280 965 12 569 755 351 244 785 595 489 730 423 763 111 547 313 271 289 164 69 702 590 569 388 472 803 789 680 905 319 271 594 224 728 673 100 552 110 861 178 79 432 422 980 989 521 633 809 175 552 361 340 224 709 692 677 820 287 624 552 687 515 11 701 63 469 989 724 121 800 726 565 903 173 602 140 673 472 79 520 748 658 425 554 369 631 308 722 388 106 427 13 464 416 391 996 410 147 979 708 856 879 78 119 915 442 817 557 714 919 889 583 763 808 490 460 993 582 578 833 842 547 351 851 722 707 877 238 248 817 637 415 49 523 587 81 607 720 999 674 383 527 654 93 894 319 551 87 958 788 298 50 856 981 720 141 84 842 116 450 608 587 493 981 393 146 645 310 598 123 542 449 115 141 86 609 805 721 488 494 27 181 92 761 532 530 196 467 996 298 388 593 695 404 431 75 22 756 626 460 785 533 131 93 76 36 615 488 586 288 150 896 194 607 377 454 264 526 512 680 976 300 835 101 628 500 312 373 616 478 243 140 10 437 16 924 962 411 352 898 825 776 931 813 772 179 61 114 708 204 976 821 911 673 871 977 674 138 493 488 612 339 507 813 409 881 392 17 857 983 692 22 21 7 530 501 504 298 416 505 730 867 522 178 663 472 163 682 750 349 348 899 527 795 606 486 178 265 65 853 695 746 445 211 95 100 662 539 75 57 13 813 320 498 555 939 316 74 436 548 384 858 216 340 630 128 665 161 527 807 760 856 768 709 211 937 799 499 649 513 493 827 524 586 240 55 631 856 386 492 950 130 523 50 447 548 231 524 645 962 450 124 771 984 235 886 513 503 556 883 753 634 359 308 678 728 280 14 160 410 473 573 193 651 762 529 668 643 307 325 739 977 112 973 663 505 796 16 976 21 3 483 912 376 277 105 596 646 
808 903 155 225 711 516 485 471 278 815 156 113 254 536 89 41 225 50 758 616 110 320 905 339 135 557 811 278 683 815 469 136 953 699 957 933 928 776 239 937 632 725 929 750 239 412 686 650 141 120 903 235 651 331 128 313 229 675 490 182 353 695 581 293 134 105 294 320 759 54 986 978 608 663 917 554 362 422 60 856 920 604 745 831 442 424 652 367 142 956 508 260 80 838 850 3 966 861 423 436 340 539 582 992 527 124 274 691 529 494 971 824 404 981 183 500 157 562 915 535 552 149 450 269 955 906 855 57 763 423 639 398 836 867 935 208 233 451 552 559 408 692 359 372 740 921 847 997 137 84 639 42 455 923 782 115 872 277 438 479 756 615 441 334 155 963 125 748 355 404 412 257 280 134 228 989 44 109 342 437 408 963 91 590 517 828 825 522 117 627 363 617 360 126 651 671 286 122 299 384 24 451 19 848 592 402 47 887 99 437 7 954 702 901 95 13 985 230 529 491 710 351 521 416 156 745 836 928 726 886 111 479 139 393 699 6 427 94 320 577 806 560 633 945 815 912 241 923 505 222 885 117 174 956 456 14 453 44 171 451 704 873 93 55 365 916 272 461 554 81 639 222 773 597 705 878 335 920 56 113 952 306 427 586 557 34 261 897 866 378 692 95 84 909 739 518 732 242 258 588 474 822 361 798 433 828 643 318 343 876 639 384 53 677 658 669 370 118 252 631 89 287 830 798 179 192 624 135 7 349 925 348 809 906 905 60 792 10 954 250 226 904 729 721 871 942 440 571 315 543 677 717 699 179 609 163 344 18 274 742 618 701 707 800 447 798 852 705 856 363 538 283 953 939 852 236 880 69 23 357 754 986 324 730 677 793 767 640 66 874 545 900 633 149 327 717 987 512 755 161 324 75 226 474 611 251 446 979 754 185 763 642 608 243 183 807 583 594 640 414 975 982 757 62 171 976 986 725 951 115 380 107 652 738 266 596 152 881 810 715 711 451 513 120 1000 639 387 447 396 275 780 969 877 247 585 609 596 225 756 183 660 798 322 607 33 968 629 333 975 649 882 303 694 588 158 644 999 52 409 795 761 662 133 100 539 729 899 929 735 533 166 152 971 891 545 636 321 672 541 641 
987 971 177 784 452 540 639 11 10 752 625 543 128 396 789 571 468 327 227 20 69 846 132 942 867 804 571 440 242 268 120 676 611 294 555 619 779 778 238 82 796 928 954 146 568 28 811 974 770 912 38 866 287 566 219 396 513 948 83 804 266 172 644 255 268 236 947 817 84 869 113 43 681 746 255 303 483 414 308 273 378 449 943 388 765 231 260 147 864 575 236 169 996 887 752 525 386 392 373 669 540 203 85 211 440 676 656 195 235 791 281 721 137 462 55 995 107 322 675 813 275 257 932 571 652 227 403 590 322 328 276 249 635 959 287 585 638 673 681 71 40 385 32 189 964 486 912 410 225 110 803 569 430 944 555 854 714 424 73 141 310 864 571 530 899 229 611 101 69 441 149 257 928 375 233 761 363 189 394 303 921 823 723 848 622 862 165 5 107 707 132 906 757 371 239 913 161 611 96 693 415 562 184 458 19 795 83 912 107 87 361 908 778 330 565 10 630 447 846 397 659 353 115 853 899 422 850 322 7 965 219 637 612 244 802 145 209 856 122 389 601 24 679 375 704 546 828 744 484 606 97 234 135 79 179 369 206 150 697 747 850 293 969 936 219 959 43 443 716 466 491 844 926 960 63 290 688 85 299 441 565 777 307 314 777 998 500 78 700 484 497 328 256 593 893 478 173 623 166 52 10 66 621 37 235 412 982 574 261 71 105 683 292 251 439 264 464 721 715 939 202 842 906 464 403 558 512 0 268 955 761 123 788 284 44 197 259 328 617 813 753 487 962 36 931 532 203 140 616 255 297 321 242 442 88 525 602 807 223 25 143 129 787 279 378 477 397 515 50 925 791 494 101 993 584 392 577 985 575 739 859 326 637 527 437 539 42 714 76 597 543 739 792 429 309 895 406 618 867 786 436 259 349 850 654 202 277 371 85 321 295 266 72 821 870 241 390 682 428 29 735 682 872 696 564 66 789 832 354 548 978 434 940 318 608 556 693 394 474 665 66 811 785 116 425 669 437 863 599 332 565 395 721 463 557 866 369 222 123 314 408 314 746 523 780 255 460 657 519 302 542 753 395 719 538 931 779 187 351 592 104 38 393 129 372 424 74 649 939 894 295 856 716 548 923 498 917 47 679 816 
398 353 266 498 148 585 270 249 589 339 210 643 178 21 748 598 189 237 795 653 625 932 755 910 880 813 288 414 64 717 502 721 631 290 515 301 321 401 405 765 822 203 519 624 816 395 266 795 840 927 823 343 798 89 721 509 697 92 290 360 323 222 294 527 403 458 962 355 353 682 970 146 588 805 500 968 127 135 907 811 743 222 540 317 44 927 239 175 195 504 686 306 645 815 961 228 431 137 35 523 168 283 452 805 809 954 150 881 199 354 502 637 471 663 489 824 173 362 578 350 719 138 852 456 259 601 234 13 269 824 263 59 514 841 977 585 755 105 487 316 67 199 61 90 459 891 695 153 534 546 907 962 869 424 442 566 855 326 225 945 796 121 491 409 187 305 847 768 815 463 735 154 623 595 445 198 865 409 569 856 864 829 364 987 996 537 912 889 896 8 229 481 179 578 822 993 993 357 292 696 569 941 592 303 930 388 418 125 953 565 526 390 620 263 949 185 346 85 439 118 465 319 918 567 506 614 72 621 632 667 583 991 254 540 25 194 872 206 449 678 490 86 542 297 53 711 958 123 491 232 257 683 677 279 844 943 43 37 638 539 947 795 161 824 433 101 239 719 462 6 757 267 357 527 60 860 952 363 560 457 177 223 806 66 321 722 611 686 486 0 507 481 693 813 682 546 198 467 260 468 636 904 732 926 891 849 631 61 251 311 505 419 756 335 668 748 828 800 592 36 597 734 537 675 0 101 762 465 31 808 402 323 965 965 514 659 511 188 742 150 192 523 975 84 422 42 891 773 901 923 677 958 572 833 234 946 731 950 457 347 151 567 673 637 352 798 313 830 193 566 352 140 25 261 208 620 65 23 842 948 528 194 46 815 385 901 871 870 358 97 756 827 898 898 969 83 834 345 321 109 820 450 980 258 284 699 128 284 608 507 835 411 842 614 924 162 381 35 491 558 281 156 990 596 206 138 556 764 601 786 295 155 521 18 89 969 177 782 797 419 351 693 121 940 344 414 753 638 213 543 744 338 864 518 652 542 761 464 407 852 257 303 773 375 263 712 385 937 835 655 520 345 468 146 503 242 6 183 314 838 639 15 232 401 30 34 546 841 131 993 339 343 503 28 954 604 479 128 248 325 
242 246 759 405 829 905 317 48 904 595 741 996 109 355 406 998 781 517 257 640 633 872 773 990 835 265 842 462 937 281 206 540 962 377 214 143 123 891 42 806 314 977 435 669 874 41 167 642 389 587 712 336 36 234 817 122 925 247 847 339 14 831 764 477 716 174 669 882 836 719 109 689 397 667 930 839 661 548 341 6 398 216 666 771 248 791 425 622 893 854 151 84 287 729 39 902 505 771 442 563 335 496 338 917 236 647 350 144 855 329 475 84 558 425 259 520 753 855 61 726 407 524 230 107 333 554 181 835 790 86 15 78 934 92 396 564 190 925 449 922 247 493 760 599 445 831 2 786 246 43 408 160 872 588 531 882 986 680 295 962 27 662 25 271 962 762 606 456 255 347 798 867 926 215 758 88 954 25 979 195 324 597 690 918 130 739 586 618 394 741 389 539 904 285 592 578 268 468 734 165 290 32 40 620 938 136 314 51 26 106 889 132 218 606 631 555 319 882 317 782 925 983 899 436 600 543 318 189 110 664 44 809 982 295 367 195 309 588 787 838 939 350 660 833 163 273 753 880 775 979 501 310 349 893 381 230 663 37 411 562 257 341 21 469 301 394 120 390 523 657 49 705 346 212 776 104 317 297 120 763 184 663 178 95 746 657 336 730 715 129 959 845 225 291 223 159 978 395 639 18 87 55 267 537 368 536 487 47 984 893 854 958 121 697 179 291 186 634 152 664 918 268 252 616 332 417 807 604 127 2 632 355 466 610 563 383 822 79 526 790 832 622 506 352 560 937 215 708 197 339 404 368 738 701 501 150 314 245 660 645 83 327 798 603 424 518 301 980 141 670 480 851 253 252 500 439 288 739 85 235 419 65 980 110 518 427 347 432 14 275 323 903 598 299 591 244 479 105 431 82 751 236 767 56 378 700 804 74 748 793 154 993 495 530 554 181 943 211 69 327 40 60 639 453 794 434 743 769 142 883 296 264 322 179 260 530 490 753 963 437 720 931 610 933 257 61 315 543 543 108 22 429 101 276 769 980 979 5 614 960 814 877 118 365 178 1 176 833 38 668 60 693 894 229 12 435 70 593 66 695 347 577 602 15 851 255 585 831 539 158 768 568 506 937 976 948 673 559 402 156 
970 753 103 646 955 152 510 524 842 980 466 907 482 743 769 126 766 103 207 53 375 208 107 795 663 676 712 184 883 818 316 439 301 854 283 54 335 989 166 66 955 767 40 472 986 683 287 18 354 153 200 229 634 89 1 429 235 521 690 411 592 659 495 493 531 391 403 407 396 568 659 67 382 465 365 250 914 902 516 120 459 762 316 587 80 691 681 987 153 91 583 469 46 399 695 973 983 852 600 698 531 406 490 804 479 147 712 293 328 700 623 895 871 840 594 368 521 590 750 325 577 401 317 269 711 646 58 473 741 340 346 130 772 820 448 796 604 178 161 499 771 301 572 888 73 852 465 215 571 819 409 179 855 36 105 102 619 231 190 454 489 637 100 289 676 984 279 772 378 363 773 873 195 506 901 870 436 652 92 495 229 801 693 670 417 236 111 236 118 377 479 733 291 225 790 539 794 258 633 894 459 669 50 284 318 659 568 358 606 438 236 26 248 622 628 746 516 715 137 889 30 899 320 770 671 256 740 443 574 268 360 968 580 537 53 912 926 647 960 311 749 614 129 38 968 856 611 90 394 114 228 546 492 835 902 783 468 587 242 344 254 632 800 459 501 659 225 143 663 677 210 471 493 830 449 62 284 773 464 379 985 707 696 184 522 232 483 120 650 757 434 358 712 157 159 475 9 732 27 947 331 836 691 684 785 162 846 97 429 641 445 138 58 647 491 233 41 766 202 456 764 901 617 676 359 111 575 999 632 270 830 600 777 166 903 404 413 19 6 379 1 431 80 615 240 895 333 80 503 473 315 741 247 95 800 350 876 885 926 534 972 789 5 606 420 968 622 211 90 590 66 546 758 112 105 863 542 893 353 859 574 388 861 750 685 944 658 640 91 452 336 22 370 938 834 716 719 297 36 45 57 369 98 887 587 183 687 753 19 986 278 691 959 657 351 113 174 442 730 711 302 575 812 146 255 525 297 35 426 697 109 170 913 799 266 56 520 558 145 449 161 520 355 730 765 242 720 197 475 551 986 235 545 288 922 227 700 541 626 752 193 230 492 153 646 228 773 973 449 985 301 219 847 760 947 388 616 305 382 936 586 499 402 472 922 624 695 795 438 737 833 659 601 915 194 795 218 295 171 437 
85 600 475 868 459 118 352 628 15 192 756 461 718 555 501 21 291 963 199 804 561 146 399 207 652 645 544 949 506 500 651 699 906 781 629 353 185 122 582 844 54 321 45 298 449 42 350 788 314 835 729 857 96 471 1 362 875 442 816 918 645 579 949 288 74 587 426 178 558 992 590 334 46 776 471 773 649 49 258 638 166 791 542 903 482 727 677 262 886 862 451 932 652 448 15 218 189 969 99 3 567 817 173 852 793 19 827 292 569 438 413 146 818 734 768 107 612 687 563 935 689 897 618 671 459 52 214 634 949 107 665 642 212 298 941 98 929 376 886 545 421 184 760 208 570 668 421 741 926 10 510 490 285 253 525 792 93 205 243 883 426 702 454 722 454 991 541 864 500 143 900 452 552 773 206 453 721 101 978 907 943 881 558 60 511 980 641 824 449 449 773 239 606 476 515 283 874 810 626 55 800 300 969 157 365 518 319 170 628 134 379 951 284 962 111 930 688 198 360 504 144 445 850 340 118 392 613 744 872 549 115 578 125 15 556 577 560 668 728 857 273 477 275 484 511 492 158 446 973 635 942 923 633 807 609 283 348 855 626 396 198 603 910 58 859 830 982 454 521 615 182 716 164 949 650 395 824 175 640 865 81 583 47 100 34 512 713 783 54 201 824 647 442 170 153 750 986 457 263 635 976 38 993 571 713 337 599 987 935 22 686 696 388 160 650 369 480 583 90 684 18 317 133 352 530 936 531 323 429 97 374 0 450 27 380 649 374 208 219 522 110 34 285 201 288 45 440 437 238 222 607 332 728 774 369 918 653 207 860 982 836 791 432 584 946 145 762 445 821 254 659 616 271 609 766 242 282 209 248 408 693 572 967 859 908 120 748 915 486 306 136 626 234 767 679 699 3 152 842 616 443 299 767 190 961 333 471 70 71 629 425 977 299 360 804 467 823 107 600 704 987 926 891 995 830 413 186 685 226 28 385 481 604 61 192 658 981 551 958 684 184 971 896 865 311 36 996 634 383 973 708 419 385 544 817 212 561 452 858 465 268 619 891 754 993 852 149 691 434 77 405 287 124 889 6 848 281 18 604 947 42 776 34 129 709 619 532 895 405 443 883 51 483 899 108 564 813 248 191 401 
474 679 686 308 304 944 308 586 971 317 294 62 377 836 962 314 760 750 114 198 963 638 580 142 135 705 414 318 42 196 549 379 520 990 554 166 436 853 598 690 979 976 304 348 873 160 10 828 426 865 701 780 621 225 90 171 438 443 316 507 27 108 14 129 107 318 321 91 118 140 791 155 392 791 801 242 929 407 168 440 66 467 90 771 265 762 338 766 557 365 854 971 792 44 692 179 300 707 865 968 686 555 986 923 133 451 237 395 525 322 987 440 365 238 639 373 338 474 823 974 71 702 981 331 948 862 952 843 522 783 731 730 391 643 991 371 833 602 668 735 913 498 970 749 24 835 72 837 594 187 641 747 751 428 786 832 148 180 423 407 454 529 473 781 115 168 856 0 848 909 851 815 251 233 119 916 650 811 407 159 963 558 511 115 910 236 965 956 666 215 561 72 334 162 306 744 667 432 466 678 146 258 462 99 890 465 452 838 687 594 116 906 53 584 324 999 804 40 250 52 159 136 978 478 202 693 159 644 180 165 168 355 8 366 85 253 696 48 505 842 187 823 781 900 832 419 423 693 474 118 40 140 7 32 681 396 453 101 183 387 305 51 245 748 442 818 581 138 573 332 71 375 188 866 751 502 272 942 44 12 101 881 275 289 849 484 742 732 482 3 927 495 877 968 480 983 93 545 451 624 459 228 153 19 677 508 94 884 561 26 359 241 318 705 171 942 143 972 393 911 993 770 317 879 320 159 994 788 0 224 342 767 355 994 857 138 69 725 792 228 90 43 793 808 301 781 632 555 110 337 261 291 697 864 984 455 730 517 26 765 537 947 411 93 216 618 481 617 774 307 325 826 470 179 134 253 279 910 812 13 701 914 185 259 909 941 876 282 162 453 349 900 352 718 165 39 179 69 908 50 792 70 434 476 379 195 654 342 640 316 440 85 559 537 315 463 383 608 798 449 684 273 564 865 850 758 137 940 198 844 621 106 226 807 622 440 862 470 952 482 928 503 849 525 538 397 500 614 680 960 89 908 479 172 112 593 743 18 751 630 117 754 456 786 61 139 616 90 349 898 165 882 591 191 952 592 38 836 699 261 695 995 655 975 610 719 49 119 25 496 204 448 460 13 104 310 489 767 880 536 
958 935 555 214 836 445 8 215 140 170 663 696 313 665 568 799 691 484 90 365 473 18 796 461 454 571 627 831 9 223 910 529 97 992 464 400 223 45 885 700 140 852 794 144 794 389 890 607 659 47 537 272 118 658 483 915 578 66 439 705 772 128 424 231 901 348 299 561 985 189 577 46 40 168 99 355 564 126 788 970 759 88 485 422 179 391 296 973 950 999 964 156 562 187 227 852 343 327 368 76 554 349 754 84 334 858 139 355 279 788 570 235 199 622 616 101 197 203 282 994 787 518 455 991 496 964 858 362 770 465 755 459 945 598 727 963 768 867 400 877 558 948 971 543 877 827 814 679 89 535 617 0 472 574 568 442 224 817 901 89 395 194 981 582 686 696 719 819 54 947 265 158 371 165 924 944 91 948 387 638 796 441 3 819 654 243 445 588 361 677 268 759 533 888 917 730 646 6 431 576 1000 837 964 386 627 7 218 737 850 45 601 153 557 102 917 545 414 669 518 110 32 681 474 781 568 985 162 600 323 289 881 276 466 676 867 482 676 318 498 906 383 777 807 300 896 138 78 453 387 284 966 963 848 116 249 33 590 833 227 340 347 414 922 579 170 530 442 584 202 523 211 686 300 692 744 499 643 184 466 251 682 250 188 618 637 176 227 927 829 657 218 767 56 249 906 805 994 130 241 899 158 195 74 448 825 816 852 501 302 272 64 556 662 195 103 405 751 342 69 691 56 133 906 157 789 919 723 88 120 103 322 510 926 613 522 694 8 31 48 114 402 874 43 548 69 866 680 571 73 298 580 885 264 923 340 524 829 84 766 5 602 19 643 12 729 995 334 207 724 437 394 649 716 523 958 287 676 188 481 704 128 683 632 282 309 172 847 107 1 50 241 664 125 733 522 48 539 498 786 547 516 383 908 251 169 805 943 154 493 623 442 773 395 252 996 833 410 977 729 588 378 464 173 571 671 284 71 363 840 83 731 767 871 536 534 521 50 464 110 829 382 16 246 447 768 867 735 230 889 914 972 973 227 820 678 176 750 504 248 147 146 992 754 756 944 210 891 837 92 140 98 765 48 940 798 551 122 614 487 465 586 326 90 350 71 394 925 214 532 48 77 817 856 310 98 934 715 11 986 582 
145 906 969 0 980 286 817 635 297 314 0 92 268 760 833 303 382 7 19 307 94 863 743 539 221 475 3 413 183 196 305 882 369 170 977 637 948 433 624 17 372 124 328 626 359 924 203 967 933 163 810 519 56 920 921 444 524 148 395 242 82 472 78 866 101 896 621 915 693 262 739 247 526 325 727 161 9 97 957 3 284 52 404 827 717 400 615 610 544 956 28 660 377 202 46 760 171 409 655 742 22 254 786 887 149 498 423 562 314 549 930 843 365 345 629 730 619 759 395 384 211 824 692 122 75 18 647 396 882 746 981 230 921 206 572 394 562 440 784 886 183 978 532 997 491 521 685 949 147 337 305 498 77 263 340 875 91 965 219 132 537 741 911 553 91 449 483 512 261 859 147 786 49 15 987 973 947 243 229 308 398 880 70 785 639 647 935 575 830 258 724 379 768 321 768 466 549 789 272 605 456 909 647 284 395 901 122 74 929 923 61 328 390 690 575 223 875 635 344 308 938 534 820 255 298 524 235 283 902 319 244 847 585 421 469 297 711 629 721 941 208 944 5 754 827 516 577 365 723 834 297 540 652 227 208 108 560 236 767 786 937 577 818 623 783 82 262 644 488 200 808 973 699 584 710 368 839 302 265 248 330 846 736 415 896 323 133 573 724 839 132 837 597 158 772 622 607 275 918 735 969 49 15 355 990 71 155 61 912 140 95 432 410 884 651 935 308 643 4 21 865 638 220 571 341 839 312 403 821 403 555 485 691 449 79 38 597 923 697 299 385 610 219 532 386 618 462 549 908 508 101 419 539 548 212 83 238 258 20 178 448 609 177 192 547 646 367 39 793 989 69 199 454 172 268 693 673 936 831 436 274 240 594 961 570 782 220 675 216 915 144 675 711 820 328 423 547 768 204 517 84 695 830 73 300 211 997 549 645 990 934 946 402 393 6 626 858 661 632 36 941 359 626 950 415 631 105 928 343 481 961 482 295 482 2 945 960 623 259 974 29 568 452 543 43 402 604 219 49 809 521 215 690 517 848 213 130 908 707 482 191 909 262 859 506 167 172 332 53 759 843 977 219 206 95 645 115 892 984 231 972 496 167 722 856 101 182 927 857 887 430 434 662 154 424 214 649 151 349 132 
14 626 735 804 753 852 305 914 455 186 194 657 888 597 79 498 748 908 1 591 369 586 437 121 739 165 667 308 137 201 461 102 425 671 690 805 704 25 130 395 93 584 230 234 631 782 931 780 128 327 778 983 643 950 440 721 563 102 317 140 715 681 563 450 837 91 147 561 540 937 61 743 672 184 97 299 937 334 956 161 144 268 117 517 664 526 990 878 912 816 152 557 960 657 198 693 192 391 467 312 981 5 154 769 563 542 822 824 256 551 874 675 863 425 507 881 712 908 979 980 321 772 434 440 930 640 651 267 581 113 198 405 851 231 968 894 591 924 162 643 445 114 306 766 961 53 369 416 12 42 615 113 213 288 42 669 37 27 237 158 937 780 865 255 478 830 872 976 624 261 763 368 439 726 85 166 307 30 19 44 510 896 888 657 20 661 785 717 97 170 593 326 602 673 719 200 376 317 381 235 448 561 397 429 814 740 629 607 987 580 832 303 341 204 702 420 453 60 630 1000 699 444 100 793 388 176 426 596 556 675 746 627 360 850 300 373 436 843 350 765 564 262 119 88 612 97 237 275 217 129 156 815 107 516 146 310 323 442 511 157 41 431 410 134 955 988 76 408 424 906 550 483 513 630 47 584 353 405 378 580 59 137 592 983 479 129 243 265 521 911 900 438 229 654 223 353 63 61 152 516 708 405 164 549 465 518 990 519 715 118 369 999 946 495 537 43 513 162 783 43 503 218 168 20 304 933 862 110 778 840 599 519 919 363 635 269 702 108 533 644 695 273 65 547 666 941 336 724 639 249 687 562 223 649 723 16 150 590 532 205 397 133 24 984 7 501 686 583 970 8 156 826 472 132 441 730 228 321 54 715 659 17 919 110 896 774 130 705 488 458 929 523 607 501 917 85 108 961 345 149 463 318 911 332 92 758 86 929 956 813 677 24 117 654 699 322 793 308 175 675 480 738 844 571 749 212 305 106 298 428 807 717 890 920 429 85 132 463 353 111 804 346 879 381 154 95 221 808 157 487 315 495 884 794 636 242 149 44 988 992 644 112 50 647 135 986 552 453 828 200 28 852 26 358 851 274 93 445 9 636 82 464 662 986 29 506 462 737 278 596 313 996 599 127 125 806 837 299 996 330 
378 815 301 804 721 627 436 621 859 166 973 359 672 809 882 476 507 635 559 247 87 680 539 444 149 79 428 731 569 151 380 640 771 456 865 37 594 818 836 988 667 500 352 463 398 915 249 562 694 96 318 213 259 551 417 138 634 885 213 195 3 920 418 480 566 2 982 824 622 363 313 213 118 198 814 73 760 4 169 249 654 131 44 300 214 231 421 323 597 705 287 706 904 210 59 966 74 906 797 44 156 810 112 486 88 157 414 662 116 789 160 150 269 545 951 466 21 749 53 106 466 691 12 197 964 238 59 922 87 363 828 807 194 777 888 523 120 208 662 614 953 354 777 686 664 527 125 702 390 105 334 850 85 295 781 379 289 85 174 834 797 211 527 857 645 272 533 149 431 128 29 141 403 653 892 18 168 100 37 220 698 643 663 273 442 307 176 172 812 752 710 450 488 124 14 253 549 234 328 919 926 56 319 943 966 531 483 867 778 59 181 582 382 915 544 630 629 996 787 84 291 840 883 681 455 879 490 448 135 769 473 783 882 605 277 829 83 925 824 435 557 184 848 313 731 603 804 138 552 49 855 513 138 328 499 749 671 161 764 524 758 423 690 179 247 598 438 267 363 26 720 23 230 166 964 206 637 380 736 452 36 744 663 90 383 889 404 65 984 235 358 981 843 967 367 985 250 878 619 231 691 695 798 591 181 493 592 684 266 570 913 608 229 196 791 799 697 50 996 613 689 494 411 930 188 523 322 588 310 560 453 165 818 50 922 557 553 228 811 841 157 725 169 591 347 799 291 969 751 249 888 159 337 180 347 778 694 508 882 683 742 674 497 12 354 391 302 545 860 832 11 446 55 776 760 686 38 946 214 533 299 271 43 843 210 130 654 679 173 459 156 327 877 557 889 499 666 744 1 383 61 285 132 697 250 397 19 366 334 85 777 988 903 440 657 76 690 589 115 779 739 399 257 256 76 177 329 118 715 52 962 534 949 277 208 659 842 246 928 412 917 968 473 997 557 809 824 863 391 936 699 174 750 448 342 350 222 825 776 716 248 67 379 265 231 337 48 578 7 543 669 398 521 524 291 58 957 668 804 143 797 975 618 955 792 868 778 601 812 676 84 716 454 236 136 268 76 38 226 498 
639 176 352 969 238 475 79 381 317 362 856 410 14 437 201 807 872 91 0 87 14 582 693 239 391 412 341 172 858 84 251 300 292 91 986 333 591 894 252 140 492 860 449 851 815 11 994 24 739 590 137 908 213 548 618 214 813 526 27 587 734 534 961 120 728 584 393 553 538 818 276 524 358 686 309 769 709 808 425 738 718 934 186 725 169 918 286 80 611 0 800 944 814 220 247 819 713 572 794 964 961 961 610 117 257 611 272 613 682 526 527 400 535 612 96 385 829 961 250 83 955 390 501 312 536 318 838 857 630 590 706 768 965 874 623 254 866 899 406 191 243 963 514 364 797 453 884 935 312 388 807 425 314 988 462 511 354 594 535 407 3 670 927 506 542 38 848 194 881 430 120 42 827 827 833 840 186 367 87 810 694 830 217 595 629 191 642 193 811 629 230 578 990 226 691 49 878 730 367 778 85 497 588 614 41 737 62 253 132 729 764 496 892 861 201 986 635 237 8 804 903 209 230 963 554 983 896 496 433 130 430 989 679 197 473 147 384 629 178 49 557 79 490 210 586 897 706 691 805 995 479 120 324 996 788 428 423 240 543 545 823 913 864 630 541 219 910 9 968 903 834 699 153 256 104 980 31 396 900 153 16 592 446 720 640 782 702 869 432 12 640 245 708 578 533 276 717 189 836 867 300 464 573 369 278 596 532 448 234 863 461 700 148 405 274 415 848 795 641 271 427 60 496 700 810 271 116 369 484 190 608 201 527 985 954 836 395 78 677 787 23 704 874 422 916 430 588 272 229 63 273 580 351 551 24 447 716 32 687 944 792 910 577 303 0 141 592 688 847 887 489 267 945 343 74 34 627 235 849 242 214 977 906 874 705 308 341 67 829 280 426 683 643 897 485 753 801 806 829 347 701 756 365 177 126 7 213 962 893 440 781 310 782 77 935 782 276 841 627 133 945 157 478 963 881 217 798 557 876 229 59 690 773 277 71 841 32 11 289 931 97 742 774 646 105 820 905 972 510 682 652 698 418 678 51 664 616 553 92 369 246 398 202 73 396 523 310 19 866 172 529 219 389 489 138 373 726 723 24 26 487 890 807 900 455 986 928 254 814 804 465 396 40 159 405 158 420 353 35 755 
255 693 773 895 426 228 788 760 236 25 928 75 920 838 176 100 995 310 855 320 145 720 618 127 189 358 382 866 262 14 415 908 719 180 408 924 606 522 147 85 746 467 86 639 558 783 858 830 962 501 326 404 14 114 934 175 787 158 786 440 115 162 157 28 815 205 146 734 627 635 681 838 782 723 427 96 877 267 604 309 69 380 810 785 180 263 155 353 618 58 766 379 897 430 236 248 371 673 263 729 860 98 19 915 655 933 821 373 830 261 241 115 477 874 3 338 690 444 365 230 675 418 489 219 675 193 193 902 201 804 829 409 892 214 696 262 997 430 228 122 165 370 470 391 992 539 502 740 26 437 987 304 328 97 789 9 387 697 129 390 242 425 613 402 112 407 551 556 203 654 294 763 427 260 498 2 567 419 929 965 408 233 211 378 688 611 670 238 64 812 47 214 187 790 948 924 836 982 245 312 859 709 37 661 411 415 33 691 237 982 156 408 453 883 571 433 837 626 558 875 786 140 768 377 744 369 717 139 309 444 597 533 439 903 472 677 465 875 261 433 437 185 107 961 581 972 347 224 728 469 927 764 155 952 257 297 776 902 536 40 911 41 490 801 450 407 134 758 868 886 947 575 900 519 1 750 596 168 126 256 471 274 16 399 433 319 917 102 254 312 403 262 187 540 988 778 945 212 566 440 53 650 191 76 678 597 625 574 70 905 912 256 576 757 949 262 416 907 874 744 793 838 582 160 161 160 720 563 713 631 162 374 348 314 686 329 420 844 899 700 247 900 801 4 682 151 84 322 874 75 276 865 172 421 344 620 940 918 538 750 538 768 864 421 632 973 465 836 575 660 425 477 420 976 151 727 508 410 6 878 927 767 802 270 992 610 948 616 351 577 81 698 935 1000 991 379 778 557 757 129 599 256 2 691 321 280 378 326 249 280 994 300 715 343 927 268 985 903 53 558 371 394 390 308 184 893 941 850 489 568 994 917 352 138 729 565 595 903 896 42 910 585 122 202 418 618 490 242 167 547 693 421 435 846 301 390 887 53 111 34 896 416 134 484 220 120 182 799 813 335 247 634 540 471 418 564 585 149 985 887 319 746 911 427 741 339 949 11 228 115 920 336 265 846 535 789 787 304 713 173 
444 461 545 59 493 591 851 184 786 883 351 400 242 512 875 787 892 45 223 719 131 804 931 264 840 931 12 427 960 178 513 376 270 455 721 771 173 994 645 432 112 854 804 769 845 714 442 974 904 929 670 248 108 967 172 121 742 565 113 767 733 275 712 971 919 605 661 29 641 572 360 464 122 830 817 359 88 608 335 910 703 380 803 322 721 586 476 76 988 398 882 939 830 631 940 195 568 911 446 342 637 228 77 414 114 286 153 856 671 217 777 21 19 649 386 256 149 15 232 61 915 413 145 436 208 241 44 251 708 683 611 268 32 847 634 385 286 930 891 679 498 254 35 199 531 47 951 787 27 806 703 603 784 741 642 83 857 920 235 685 596 400 557 310 167 581 5 726 901 47 538 790 706 729 646 898 593 97 302 26 76 351 486 290 59 541 193 747 689 781 144 474 936 365 800 273 80 486 56 229 496 12 182 890 734 50 817 318 462 275 130 28 549 884 131 773 231 312 962 720 120 452 112 987 859 113 216 438 819 950 884 183 557 802 139 467 786 547 400 551 111 355 765 798 259 901 612 727 257 957 427 172 176 270 887 320 292 935 540 811 160 739 335 518 4 305 913 60 128 257 803 595 687 875 951 57 400 70 937 999 961 930 360 705 831 193 264 433 515 673 597 536 258 207 849 914 567 332 20 934 565 310 585 361 774 908 581 152 118 573 648 663 317 942 827 273 542 279 412 364 672 548 404 112 517 784 880 962 562 876 803 994 407 729 143 681 931 599 911 371 553 773 361 658 630 606 2 136 1 627 964 2 325 49 230 510 597 112 595 347 519 432 296 934 41 596 290 997 792 678 515 477 321 369 983 652 202 806 454 326 409 155 126 247 422 1 319 300 373 872 914 477 386 265 439 158 515 1000 194 276 663 458 381 296 849 972 10 277 466 724 553 388 392 277 819 873 603 670 559 934 994 9 335 648 271 923 264 304 619 316 531 952 331 376 515 73 353 123 73 127 482 396 494 338 112 677 730 366 8 59 402 368 58 594 966 680 851 268 758 889 141 514 103 131 328 132 811 427 886 395 464 756 49 131 90 357 596 175 663 207 467 547 169 918 515 484 943 416 365 431 273 255 479 845 570 19 887 472 333 775 
711 692 278 351 739 83 848 476 368 288 473 359 774 125 400 412 515 73 780 581 563 383 184 573 733 454 562 359 272 324 242 923 128 667 765 317 459 389 138 872 715 814 819 238 784 295 307 932 599 873 152 299 526 49 359 9 438 51 499 798 585 609 577 648 906 551 331 989 846 479 524 789 892 986 183 108 861 797 847 63 428 459 999 251 698 594 823 860 954 243 113 446 257 438 167 185 485 491 577 150 187 863 179 780 690 138 21 419 163 29 219 459 665 699 12 711 789 825 503 589 656 564 474 471 598 830 47 831 617 71 295 136 397 886 314 326 614 163 605 270 810 417 508 941 475 12 744 898 569 584 534 920 476 997 260 840 635 159 593 354 675 232 950 774 945 104 370 433 961 922 708 22 398 264 22 112 780 167 5 528 15 81 971 538 164 794 70 208 468 118 133 811 580 674 559 514 736 33 602 697 546 330 282 849 892 895 876 71 924 529 501 430 213 255 564 180 879 817 459 800 768 940 272 919 100 393 788 837 162 409 577 343 681 384 681 918 446 475 64 279 599 210 545 763 578 895 274 662 620 237 297 195 12 707 977 795 712 706 435 226 205 601 331 447 729 771 580 25 946 1 637 626 219 97 98 598 477 242 449 315 116 102 4 135 909 350 154 608 841 21 871 774 684 843 721 356 291 171 835 684 865 112 435 696 174 421 300 198 423 233 987 726 501 852 242 410 382 615 718 827 964 965 94 554 190 928 669 789 953 465 419 921 946 695 81 802 856 142 31 925 694 946 389 970 899 338 528 823 576 48 630 247 636 694 102 697 268 953 114 383 36 74 919 944 851 142 603 158 691 251 985 170 100 798 71 512 588 415 659 721 63 526 250 320 977 10 696 586 887 910 235 728 448 722 731 305 610 867 481 821 922 526 72 161 895 561 917 345 373 498 234 573 735 266 988 868 541 180 396 746 477 675 64 995 365 919 125 789 233 220 772 895 220 675 378 699 542 389 737 263 158 870 609 71 444 306 326 572 706 683 363 369 616 195 175 405 362 569 344 299 980 534 975 783 97 406 730 243 528 175 708 102 421 665 502 819 957 668 743 534 970 563 624 580 718 467 257 206 303 640 948 645 14 104 32 423 902 379 488 951 
833 256 903 100 961 603 689 9 467 405 182 930 700 117 216 754 996 139 119 172 687 406 507 380 202 305 87 52 299 873 281 843 983 836 288 408 288 938 484 552 276 122 492 98 364 507 604 179 979 582 394 513 990 231 7 714 484 347 474 326 374 630 798 348 681 416 506 874 633 335 93 248 431 906 885 126 216 360 331 246 179 720 92 455 238 198 204 297 99 874 88 86 794 98 475 547 746 717 155 430 904 634 172 512 65 784 32 491 240 479 529 863 515 905 73 396 632 905 344 359 839 193 592 195 380 307 908 430 12 476 17 129 713 749 834 88 544 888 671 119 897 512 415 296 944 807 730 826 175 601 366 673 58 308 48 763 450 433 508 252 987 571 265 377 657 895 261 692 629 722 928 867 413 729 587 665 874 379 731 592 478 558 9 288 514 505 29 599 742 211 925 781 305 956 298 830 196 171 535 299 99 670 113 611 455 487 485 756 549 864 965 416 165 511 576 922 685 156 225 913 504 335 390 236 642 459 818 168 400 729 456 459 664 630 527 813 54 782 602 90 112 436 736 371 356 695 200 715 434 760 132 947 258 704 676 598 723 555 360 264 251 532 697 413 232 930 526 447 733 437 7 266 92 627 817 854 59 62 473 501 70 73 983 828 527 602 842 488 581 694 312 584 669 315 536 372 713 151 961 281 429 814 405 829 732 223 896 128 659 475 58 628 21 221 604 426 963 337 488 158 216 512 711 952 699 779 720 58 589 839 93 493 224 932 877 19 867 339 550 450 698 62 175 533 943 237 743 387 640 808 614 106 35 532 91 684 947 826 352 626 387 606 112 738 385 733 186 944 526 412 137 551 610 145 215 633 482 397 313 585 78 46 956 743 409 942 939 943 899 588 830 240 960 646 805 10 107 612 796 865 303 768 501 900 702 773 503 872 115 229 110 51 438 214 605 563 351 75 317 736 631 55 953 378 128 957 243 477 512 643 980 883 245 772 390 375 460 322 757 809 80 289 61 921 625 130 52 588 796 263 972 212 217 988 318 949 246 622 613 605 410 611 593 85 101 390 667 869 792 681 912 825 729 94 173 554 24 648 2 345 798 535 327 542 256 664 768 838 591 952 362 193 213 440 744 324 935 626 662 971 
482 650 898 703 558 926 886 985 310 333 137 244 401 85 96 741 340 744 144 348 660 705 714 643 261 921 720 778 405 621 594 29 49 550 67 785 232 246 992 788 984 857 466 906 45 301 211 13 121 96 350 685 347 663 278 932 117 834 552 167 534 108 244 613 103 959 133 605 440 55 998 550 849 334 210 45 851 674 603 140 890 232 637 220 794 373 385 251 244 746 666 972 894 757 600 213 780 812 170 223 557 515 701 342 403 791 16 730 122 767 196 401 250 602 25 973 17 102 570 755 361 18 151 242 507 352 46 669 49 372 322 754 312 888 183 923 39 327 87 731 571 215 909 54 711 239 518 663 246 256 346 661 867 433 399 898 795 354 590 795 588 713 26 216 594 536 431 1 825 931 613 606 737 250 954 999 652 222 224 283 639 47 392 310 45 322 642 27 765 956 442 487 148 347 189 659 775 400 300 505 917 513 613 764 537 5 446 927 130 441 590 522 579 790 879 343 307 282 629 657 936 633 441 816 696 370 538 703 442 553 248 862 695 178 397 513 37 974 755 510 191 750 906 964 648 986 516 501 428 963 136 165 51 828 695 225 711 336 383 919 512 573 906 751 189 638 882 360 408 350 811 902 518 208 670 133 899 820 172 556 345 992 467 487 490 640 73 975 749 753 397 906 560 615 444 116 2 505 461 841 394 539 171 437 792 250 709 434 908 953 139 408 116 103 780 501 557 583 172 73 564 15 818 436 744 887 634 437 522 643 626 562 116 173 73 343 166 854 706 345 821 901 608 360 182 655 655 779 640 315 4 99 458 144 844 762 20 186 455 486 595 232 791 267 527 803 247 413 650 695 494 86 413 382 4 991 226 17 72 873 729 832 448 173 837 171 331 336 850 539 978 808 320 80 992 243 586 690 274 156 146 383 632 355 403 579 618 888 906 388 68 541 426 925 937 864 946 218 266 825 500 949 618 242 4 930 495 459 264 105 448 668 262 872 505 883 800 172 253 159 786 824 798 372 405 854 545 170 482 52 160 515 486 881 670 764 495 643 443 86 750 548 271 199 329 806 0 137 582 309 580 181 985 697 19 802 696 63 549 688 803 477 150 680 900 589 494 320 738 545 622 517 765 363 905 691 320 122 841 733 
1 992 222 584 325 174 929 934 390 117 280 112 814 668 826 10 584 739 173 777 524 758 542 192 748 419 469 677 162 837 0 804 174 432 853 865 68 169 388 446 889 297 546 339 166 99 788 370 616 770 156 876 322 269 491 625 575 278 529 224 370 13 208 886 364 564 549 255 901 571 563 106 382 572 165 182 867 436 968 765 68 112 653 404 379 747 258 879 94 679 336 640 601 310 173 744 211 143 775 991 453 54 338 60 716 899 513 968 319 380 502 847 675 360 896 961 327 599 731 638 118 964 765 324 815 684 987 810 301 583 993 324 347 816 773 296 887 589 861 242 376 627 870 493 410 490 635 28 633 78 908 809 550 876 209 860 166 259 7 139 60 605 852 610 571 281 18 751 874 655 836 949 441 444 872 585 515 254 876 474 446 684 337 941 842 526 561 116 722 700 663 202 574 937 975 656 698 793 738 61 618 631 678 720 377 690 14 285 723 690 886 116 816 126 415 980 756 447 572 532 726 86 587 995 68 822 136 608 72 178 97 326 840 9 577 866 473 272 210 484 704 240 858 705 953 10 811 731 334 688 800 258 879 779 329 617 386 185 619 402 658 217 814 805 154 509 219 393 465 755 135 179 952 797 744 80 571 480 176 518 644 566 689 268 217 355 571 862 934 373 84 408 137 933 414 820 149 576 616 773 548 775 861 978 790 619 371 242 479 265 420 677 99 156 90 971 106 693 22 709 374 291 921 124 840 359 98 540 673 859 404 433 284 182 171 282 153 247 503 649 904 66 642 44 686 260 60 747 972 181 988 247 468 402 644 816 760 252 509 552 480 112 921 701 525 389 956 368 68 781 931 193 230 954 966 549 692 579 918 481 669 568 419 609 448 605 416 83 916 209 950 520 919 431 831 454 336 207 348 147 852 75 389 633 236 127 508 338 761 401 244 542 717 150 405 223 426 194 516 681 705 824 832 92 859 865 494 235 740 161 161 937 279 332 377 157 96 708 447 233 317 824 411 673 434 890 468 851 977 8 722 66 76 667 382 904 610 944 393 65 917 230 311 72 20 762 102 327 141 799 196 49 570 318 503 36 338 260 268 629 808 895 719 25 195 240 912 572 659 81 491 915 359 61 600 450 61 960 32 712 
220 729 660 225 862 389 106 746 581 364 513 297 835 690 759 4 69 199 592 383 861 128 693 782 105 655 615 228 189 682 604 350 441 836 493 332 999 297 898 568 986 211 864 369 701 224 508 903 736 164 841 322 136 174 772 674 461 116 859 110 908 62 890 615 950 268 473 769 980 930 465 39 555 900 628 310 684 857 410 229 348 949 639 918 369 331 561 971 360 930 573 414 360 756 680 536 896 401 36 858 182 276 742 499 387 297 675 765 655 225 628 392 899 728 534 881 841 460 560 784 986 608 829 752 852 842 211 40 482 998 306 145 883 432 290 384 481 408 123 747 160 255 526 168 949 76 856 838 498 343 398 128 361 321 678 132 812 525 781 902 188 238 944 108 722 171 200 745 203 84 173 110 574 793 49 382 531 766 356 663 154 310 994 390 995 86 856 1000 500 109 793 71 823 521 440 345 900 124 588 650 265 242 701 97 92 742 529 9 534 355 220 38 231 828 66 932 762 676 520 658 809 430 289 71 314 340 890 511 831 535 536 200 29 401 386 137 88 430 578 459 606 426 990 901 547 824 618 952 158 331 577 670 850 435 976 117 816 759 423 655 132 711 136 700 134 379 174 563 786 426 429 834 724 359 707 149 569 977 996 446 756 210 781 548 430 676 514 917 287 444 124 568 108 715 919 882 377 292 151 585 259 223 409 938 751 339 334 458 799 286 999 223 429 448 660 906 490 902 352 221 529 886 983 3 383 447 364 900 132 832 294 509 517 203 192 481 364 674 368 658 435 547 956 992 69 696 147 744 560 914 662 871 174 749 663 903 268 493 180 601 185 570 115 716 475 145 929 131 302 257 483 763 164 77 233 726 81 865 502 146 420 105 55 784 685 268 880 308 672 142 76 196 846 93 483 259 491 117 958 978 558 440 283 250 769 121 103 532 794 213 242 529 830 170 756 541 93 794 28 646 784 285 959 128 749 22 94 141 848 677 55 678 722 772 86 82 539 534 984 483 138 715 386 790 95 95 639 845 387 428 991 732 598 829 889 15 785 529 701 835 465 294 574 204 796 506 841 407 871 714 125 436 346 782 437 836 823 660 134 494 281 338 635 901 603 775 189 421 743 354 238 88 842 765 153 96 160 580 184 738 
92 392 188 482 838 933 835 311 542 772 777 245 539 665 993 581 771 921 192 984 251 733 90 613 681 511 273 514 998 430 32 1000 812 571 70 977 485 484 399 76 259 632 9 772 265 969 131 674 76 868 993 394 636 669 872 735 48 532 492 42 767 194 304 389 723 236 590 887 906 646 602 842 821 720 103 204 575 528 775 433 796 151 554 284 42 15 568 737 25 22 748 617 569 250 259 607 316 251 271 985 135 428 38 727 155 419 602 858 186 465 467 244 938 946 450 116 387 7 236 632 605 124 271 174 20 848 922 590 401 555 724 773 855 600 891 496 661 191 124 427 384 190 486 484 664 382 590 394 402 693 689 513 979 594 35 510 470 41 530 11 425 576 442 204 871 737 394 841 643 14 558 780 796 494 431 79 115 417 659 818 561 811 652 327 718 326 223 310 252 269 199 191 571 407 760 797 330 910 304 479 695 808 373 354 322 387 330 903 356 334 450 554 736 949 10 170 300 397 52 487 842 716 42 462 428 5 141 516 234 597 210 103 115 880 634 759 136 815 394 302 213 799 745 910 145 4 960 922 637 453 760 67 713 863 708 444 218 5 983 377 693 243 693 921 386 637 354 353 847 581 600 498 11 470 159 756 114 278 272 740 83 424 95 418 479 993 518 271 674 136 572 8 107 925 197 936 617 334 604 138 708 760 504 475 652 328 102 837 739 685 545 21 342 694 896 418 709 341 679 925 996 357 621 790 803 956 137 618 455 418 357 908 366 795 760 754 340 940 689 495 776 608 407 472 155 215 546 854 284 929 677 15 737 378 86 387 485 893 826 963 540 626 709 603 233 123 960 797 120 139 37 998 985 631 865 241 716 408 84 178 820 487 432 478 133 149 185 735 928 532 874 790 771 542 343 38 469 834 359 201 9 675 285 860 710 753 765 518 607 977 290 430 499 608 611 912 115 519 882 601 949 649 974 475 585 324 939 405 570 77 810 941 199 980 521 409 49 218 659 716 147 357 222 898 973 583 146 273 442 232 968 717 83 896 272 988 23 964 138 99 698 311 366 803 743 509 534 662 936 693 622 883 564 572 206 594 439 564 481 45 602 403 324 877 831 737 513 517 375 430 688 609 468 339 274 959 265 542 859 56 
936 232 825 70 295 54 756 670 529 880 294 900 864 863 579 867 423 306 318 218 845 939 601 11 318 449 271 986 192 251 943 395 75 70 431 600 522 557 130 341 311 867 677 997 387 898 278 680 733 796 353 339 190 518 360 139 123 806 100 286 635 220 953 395 949 100 936 409 923 416 564 54 438 48 495 157 220 132 959 658 94 959 810 626 270 996 64 280 198 937 125 906 24 585 113 740 370 107 672 570 806 87 949 102 195 151 688 433 631 810 630 422 60 981 852 450 850 10 963 434 82 413 753 210 509 698 710 948 842 436 300 377 457 225 746 973 349 939 834 867 238 11 559 185 901 404 102 97 113 718 915 781 428 447 898 331 584 963 575 195 845 817 319 127 369 865 249 913 985 940 931 469 736 831 493 832 852 201 956 998 130 757 801 897 361 482 371 910 86 68 586 758 433 922 245 146 655 475 524 641 248 200 717 802 355 903 900 378 467 440 290 106 388 512 82 274 24 736 102 625 219 60 193 412 853 568 856 306 75 475 300 972 950 108 61 376 158 381 745 555 547 576 159 633 806 709 194 859 602 830 692 488 747 427 21 228 730 811 389 548 931 254 328 870 912 630 790 13 41 398 288 186 767 549 890 986 783 846 456 434 225 86 273 705 410 349 600 629 131 173 244 138 346 953 960 464 222 568 31 279 624 476 226 217 22 621 22 462 363 279 637 100 830 544 335 900 344 673 485 658 152 240 693 99 883 91 469 27 497 433 437 412 80 865 443 802 321 353 390 819 201 662 510 934 733 572 616 811 468 323 337 698 910 188 76 519 572 196 435 763 500 578 42 651 946 394 871 564 841 277 801 574 618 881 205 558 189 838 125 708 757 554 910 96 312 317 572 895 997 535 128 131 967 563 139 540 330 420 171 540 596 895 262 917 50 345 962 75 946 678 605 91 621 608 477 147 262 147 157 241 253 766 77 101 303 667 624 71 199 215 654 562 249 354 605 585 192 26 86 162 832 197 85 757 458 262 844 247 319 553 82 38 406 763 687 481 911 22 788 417 926 20 83 817 967 665 360 324 500 383 712 121 786 535 681 177 451 2 139 238 684 224 163 2 586 746 154 292 98 424 697 236 989 490 348 162 618 131 100 402 
708 344 222 356 225 585 777 708 329 872 438 463 132 940 70 659 987 661 127 458 111 839 551 433 514 844 850 265 910 532 433 288 900 930 195 972 310 745 988 19 756 527 846 255 823 545 601 625 640 425 781 307 530 263 647 375 643 1 541 123 470 85 401 185 357 674 214 819 680 431 286 701 187 367 285 449 161 495 489 663 709 691 957 715 288 328 733 218 22 292 779 157 694 785 654 815 223 158 934 594 201 519 152 4 37 18 250 715 973 829 733 455 658 838 20 487 946 760 585 251 405 495 239 993 305 836 102 336 506 536 715 72 672 165 527 241 79 709 955 253 120 921 990 340 718 937 126 425 288 474 982 408 902 631 913 284 721 571 143 376 58 205 94 153 683 514 416 465 203 123 867 531 695 70 289 235 948 593 594 965 484 235 395 590 716 406 483 311 65 905 828 783 747 863 440 213 132 349 22 11 582 387 946 434 142 994 296 880 860 47 996 909 399 757 818 275 195 638 890 51 250 534 547 402 796 747 921 31 280 966 260 68 267 50 572 500 38 348 934 749 839 556 485 883 203 919 298 663 130 801 216 152 164 79 551 15 437 452 666 107 749 826 985 673 407 416 409 6 851 802 49 634 249 109 321 91 184 413 958 831 657 925 442 374 200 792 672 639 999 734 101 531 488 643 86 312 458 946 667 759 57 782 361 95 807 179 498 369 51 698 310 868 433 146 76 245 689 184 57 928 222 292 296 777 245 16 276 790 243 308 920 468 371 414 375 17 116 976 627 778 7 362 310 933 198 785 850 530 511 498 240 117 200 748 316 849 906 831 359 948 795 317 492 942 793 855 282 738 666 374 221 916 547 534 280 384 305 425 501 886 719 329 722 598 17 197 111 942 991 869 992 180 552 906 908 566 553 626 271 148 635 295 497 557 246 975 598 160 565 792 865 174 968 690 985 197 974 806 333 76 491 366 684 353 160 419 952 9 109 510 485 886 911 112 333 527 532 985 731 279 775 925 409 959 495 29 814 622 467 781 91 628 74 417 565 844 809 105 994 536 686 597 935 689 209 726 522 983 344 648 734 859 221 643 223 960 155 366 929 306 208 906 890 206 126 377 814 864 927 474 207 657 801 244 962 543 570 922 953 707 
678 550 5 918 510 823 542 377 871 812 549 600 331 205 895 822 766 44 744 558 721 973 512 613 849 765 131 71 35 31 907 105 962 83 400 176 176 308 26 897 354 203 743 195 618 822 254 537 832 685 822 714 11 439 944 737 955 571 432 718 135 442 56 324 72 289 21 81 637 803 658 427 319 879 439 61 855 969 992 65 623 965 789 660 890 192 622 248 863 711 734 693 104 536 62 459 869 673 985 334 293 886 147 32 13 422 703 65 901 40 547 613 507 250 642 443 317 38 387 143 348 748 679 940 350 339 903 779 942 440 397 968 876 589 972 214 876 822 71 855 900 368 796 144 686 381 986 291 943 266 665 836 690 590 346 300 508 852 55 33 875 553 369 555 512 589 485 896 616 868 442 162 195 421 831 104 345 415 746 942 167 726 446 153 2 27 988 254 149 173 243 307 796 747 471 643 612 643 915 740 404 187 281 222 536 987 125 272 322 222 460 928 273 121 926 293 957 947 479 846 736 650 204 599 679 911 183 430 937 917 754 58 98 778 291 768 169 798 272 936 993 943 53 429 514 975 93 791 167 14 74 741 564 508 311 280 100 606 89 886 64 362 708 535 56 116 467 526 393 568 416 442 823 944 570 230 194 996 505 663 339 844 317 471 660 125 898 209 404 198 27 785 723 262 325 367 9 482 0 340 713 741 469 482 404 314 298 628 791 622 752 683 575 355 468 385 164 822 829 133 751 73 168 145 177 419 752 839 37 922 703 473 73 66 763 855 4 830 876 634 815 197 539 903 730 21 374 253 619 299 170 560 293 376 135 357 125 174 69 152 243 919 56 505 980 99 531 344 313 595 925 856 656 191 898 110 160 989 730 600 585 13 430 8 120 596 464 90 923 833 688 358 875 518 748 90 552 86 638 895 897 41 626 527 742 470 313 958 953 661 21 818 761 497 107 336 946 563 175 700 923 16 650 121 76 685 325 417 919 397 599 803 892 990 650 329 997 928 135 909 179 928 988 365 292 621 301 32 940 83 756 464 432 464 816 598 513 889 482 65 747 230 856 815 494 973 428 278 373 952 296 330 815 976 402 283 336 786 16 243 696 776 126 827 482 580 687 173 815 465 807 915 677 79 924 158 161 781 728 184 
419 185 261 496 605 464 94 735 54 929 665 892 361 400 161 119 419 85 940 181 832 142 281 258 376 727 469 459 282 828 731 684 187 300 589 865 770 792 345 680 658 610 995 897 834 537 195 388 360 431 562 394 712 407 828 833 250 611 834 275 904 182 302 531 533 799 424 184 844 886 490 541 651 711 775 676 546 136 497 694 11 984 850 627 645 192 947 28 355 705 790 379 843 514 656 72 150 89 840 716 532 293 419 348 986 168 280 675 551 550 37 564 386 750 939 822 544 124 531 49 105 635 268 56 780 261 206 345 353 381 173 649 48 481 784 300 585 898 975 858 983 36 338 477 479 335 761 717 872 482 9 528 932 19 578 230 109 160 131 731 956 589 98 462 213 560 296 794 622 510 446 535 516 925 181 940 149 776 338 114 994 427 85 167 87 602 156 303 146 828 766 625 234 534 292 765 59 979 541 564 452 715 784 808 337 585 539 252 647 948 151 488 489 451 874 15 494 138 366 686 446 480 699 414 48 498 304 518 348 240 941 590 870 711 747 15 11 67 818 241 644 696 640 576 470 320 571 662 108 191 857 420 813 737 749 323 356 243 476 280 254 350 53 183 47 960 950 564 496 37 971 915 678 170 461 76 236 25 965 416 560 413 663 458 677 927 603 596 712 8 518 571 369 259 220 994 503 71 305 851 970 49 880 117 606 777 974 30 184 295 163 590 2 520 557 377 701 241 687 157 598 922 631 292 659 683 486 76 337 638 474 207 121 54 99 36 646 813 946 584 697 330 836 315 77 354 284 922 996 574 190 970 151 79 659 777 205 530 247 578 556 659 279 619 281 132 937 64 511 766 468 703 623 482 928 434 666 604 992 292 198 478 924 504 996 513 116 871 707 457 918 897 915 895 683 464 974 806 70 968 690 550 804 136 876 4 392 570 682 289 396 241 44 901 660 213 154 316 764 872 988 563 749 708 459 868 867 922 679 636 271 659 645 373 892 713 569 453 341 50 65 657 266 201 920 511 831 613 102 596 770 335 117 668 35 220 783 108 535 946 368 235 446 891 278 358 980 211 468 508 537 389 265 125 39 183 616 286 129 350 707 820 648 242 917 262 710 603 864 189 411 892 406 917 145 105 606 718 697 17 
486 82 578 930 896 142 408 182 512 718 482 823 524 277 985 22 591 383 327 520 118 124 546 129 650 966 826 804 24 539 820 13 5 960 746 704 603 300 307 715 515 110 517 284 400 274 116 879 962 61 778 155 777 484 417 86 872 10 843 961 934 315 940 24 925 120 521 583 603 908 94 767 615 410 474 304 634 297 8 232 643 10 379 707 645 125 56 253 365 348 633 527 297 287 6 670 656 48 432 771 592 986 36 4 108 152 938 638 923 23 30 688 45 504 72 557 618 523 126 715 212 939 504 605 967 689 368 612 762 78 593 210 316 398 927 52 240 943 554 737 695 810 796 913 613 785 841 670 719 986 684 77 316 653 167 843 993 537 334 588 963 561 564 479 727 890 615 431 4 474 230 687 3 782 37 93 517 506 365 328 990 746 833 659 756 792 805 81 101 985 263 894 560 33 338 887 194 734 266 271 571 212 756 260 867 775 750 491 902 72 478 132 830 647 818 567 808 841 480 92 906 978 568 955 718 39 664 146 288 878 720 952 140 721 365 48 273 304 604 168 901 949 963 724 889 335 829 61 328 107 126 983 260 955 584 945 733 64 968 295 171 985 456 768 236 595 816 781 900 419 767 563 921 188 907 167 504 777 850 692 316 859 161 532 160 639 619 679 526 242 335 688 77 36 63 468 124 371 629 284 234 964 486 96 463 388 215 229 38 185 339 3 676 308 246 489 931 832 744 429 975 704 649 957 22 450 976 719 809 477 409 952 511 684 368 897 788 889 375 412 786 386 839 278 651 954 439 866 170 705 60 640 402 378 657 105 336 409 976 378 394 510 30 806 968 791 304 778 867 150 36 27 567 893 385 534 550 695 459 686 537 527 524 404 251 668 758 540 311 599 912 168 735 358 164 366 236 856 523 471 585 655 346 161 703 325 489 137 754 787 831 120 901 975 303 886 116 514 438 48 892 75 355 784 331 872 878 638 61 913 662 189 937 412 90 417 222 974 311 854 831 856 125 572 460 865 77 139 855 737 444 529 911 435 750 945 588 859 34 432 500 657 6 677 749 122 910 722 382 516 736 957 768 545 504 726 314 372 321 359 657 236 187 610 825 734 758 511 19 909 864 475 340 864 284 118 976 180 465 881 
733 226 786 328 808 327 979 49 944 270 660 762 263 153 790 522 520 80 471 419 276 546 592 301 599 319 38 493 758 706 313 763 55 239 519 806 314 615 885 829 381 132 664 244 8 966 510 855 253 769 671 368 999 904 583 599 409 741 128 703 49 52 82 488 4 178 497 611 194 0 534 315 230 734 889 277 602 748 555 909 934 467 684 943 36 931 409 453 553 966 711 320 168 174 392 134 932 251 675 270 830 55 730 486 287 520 317 463 596 934 810 560 216 740 852 447 141 332 158 43 356 282 27 115 529 778 189 118 507 469 927 58 311 539 626 562 435 310 817 371 974 140 198 475 88 234 601 819 400 695 363 256 78 354 66 798 677 158 300 650 970 927 156 103 338 946 577 799 894 142 364 225 490 740 797 363 350 121 951 761 155 385 66 902 684 669 829 557 487 399 851 46 917 935 343 732 426 74 331 118 553 274 184 413 366 647 903 165 126 329 621 901 641 731 33 776 540 272 757 516 605 952 421 824 979 715 302 604 66 652 278 689 374 499 455 421 486 857 725 435 325 133 584 494 373 779 653 820 403 672 46 168 298 848 208 28 1000 74 706 437 720 509 260 798 198 265 546 509 561 808 811 1000 681 613 586 298 197 283 67 632 885 931 583 721 401 700 225 606 543 530 497 26 426 855 398 728 708 846 408 1 925 944 495 774 137 27 685 930 374 383 972 82 163 80 893 138 964 898 534 695 691 753 981 618 572 191 111 921 510 948 408 729 775 2 228 699 964 859 899 81 514 337 778 511 353 431 959 475 103 951 428 321 47 377 309 871 652 37 763 974 187 994 496 38 597 244 699 460 383 749 102 610 583 114 435 328 576 487 230 106 326 974 827 381 786 724 488 722 453 688 526 106 691 962 672 347 194 350 695 714 384 795 26 729 200 597 680 717 606 474 98 246 181 141 37 533 243 87 145 398 110 283 10 915 570 491 869 142 407 385 543 821 77 525 526 755 805 319 137 663 1 698 596 614 482 864 307 542 549 976 202 934 337 125 417 409 881 788 730 509 852 222 311 16 651 486 261 345 558 561 373 694 633 455 953 681 205 982 329 983 370 958 455 502 375 481 900 56 589 196 39 899 854 10 733 975 92 911 995 616 
700 339 91 408 780 689 772 379 399 746 178 905 158 221 137 565 392 259 730 182 711 94 23 29 504 852 466 695 108 687 57 57 269 672 944 859 841 533 733 435 255 55 105 250 976 587 906 640 415 691 923 165 826 30 585 828 319 498 722 516 351 1000 569 523 280 55 205 301 413 671 543 511 935 92 531 98 613 408 856 863 915 231 765 229 961 696 941 971 763 926 154 849 499 874 1 117 299 572 922 268 934 845 559 408 739 122 517 488 544 73 856 962 105 995 862 803 124 766 597 575 885 284 326 21 151 26 806 814 524 946 695 451 52 767 718 854 787 909 755 468 567 480 836 45 853 36 695 101 884 586 127 28 280 784 607 577 88 939 326 940 804 57 980 702 597 731 369 862 216 610 135 750 55 982 243 805 620 25 552 818 966 168 345 39 253 240 501 74 268 73 366 770 464 170 238 826 678 163 61 994 862 297 201 952 232 503 427 249 602 689 566 655 728 813 155 898 891 12 317 921 496 449 504 837 232 997 939 352 993 431 884 502 414 825 986 844 435 204 145 985 162 721 983 339 162 355 733 236 323 589 986 375 613 271 782 547 775 389 483 761 617 102 209 904 611 22 247 686 706 566 474 301 236 390 496 137 221 463 535 264 626 853 202 463 804 445 556 695 801 524 28 476 746 45 0 131 386 141 461 436 644 450 707 886 291 84 76 722 753 809 678 128 454 265 176 338 44 354 500 885 307 540 510 262 174 793 476 876 132 800 519 465 587 83 87 671 221 14 443 263 880 374 87 41 719 56 168 985 67 760 414 724 826 849 984 568 960 371 650 476 132 821 837 98 95 742 601 875 220 48 136 287 588 993 53 661 911 128 258 39 330 915 371 836 865 478 577 772 66 693 779 179 17 808 733 850 311 992 348 806 208 652 335 360 968 130 810 166 283 399 880 356 818 678 354 999 677 809 175 978 365 87 602 889 717 43 215 278 227 257 41 936 672 689 793 603 687 834 612 184 47 68 303 829 698 411 297 671 969 607 416 416 595 997 255 720 767 395 918 961 446 88 901 166 549 194 57 260 507 775 412 256 354 367 127 258 796 70 820 98 132 9 375 705 25 208 381 183 638 225 46 406 5 429 226 436 285 543 496 253 
40 647 764 751 670 893 684 630 637 421 432 75 272 321 465 201 538 429 337 723 746 105 724 422 242 816 826 155 434 607 918 235 155 391 621 232 893 446 621 947 894 370 861 656 771 128 349 871 779 776 807 268 1 889 280 971 316 329 150 922 464 910 235 465 353 740 225 232 630 648 487 796 184 80 632 274 466 421 37 314 316 597 688 595 866 521 966 172 372 302 747 607 873 739 486 443 252 908 611 741 322 21 347 735 80 52 504 502 572 240 626 835 480 858 339 295 430 228 697 816 408 627 716 81 701 338 58 298 889 550 181 309 190 234 576 918 365 345 168 642 178 401 266 50 169 954 795 440 550 753 494 914 569 691 663 323 55 980 952 994 846 710 668 962 571 364 110 259 346 789 368 541 11 554 680 17 637 332 771 809 673 657 2 476 59 855 850 410 213 400 326 843 325 449 711 61 966 612 425 781 834 717 21 864 13 300 724 248 927 415 479 654 277 865 996 780 445 770 345 1000 655 233 967 780 250 67 220 929 157 954 330 794 900 314 480 862 562 782 851 423 250 428 112 511 436 363 710 886 543 653 267 10 294 179 791 462 580 287 348 584 393 954 356 612 413 778 151 841 625 159 362 203 969 147 193 519 647 628 3 942 353 766 390 60 773 581 374 711 752 636 598 775 898 920 127 871 754 114 902 425 429 93 167 929 477 660 175 756 294 981 601 170 55 214 444 584 948 976 175 662 164 56 669 673 705 490 896 67 581 791 425 70 184 470 152 754 79 205 716 3 122 74 523 555 791 222 753 474 589 277 571 733 647 908 915 86 380 880 428 782 0 796 401 93 388 567 773 302 653 86 88 276 422 431 624 716 100 709 235 209 170 311 237 665 585 279 651 770 249 241 224 842 175 570 963 996 403 201 463 601 87 744 267 625 934 76 788 767 445 149 187 35 438 495 849 189 980 634 860 85 551 711 210 629 830 174 939 551 312 999 614 865 483 573 162 733 710 574 379 746 471 980 4 633 318 701 8 214 749 658 149 627 434 184 914 730 185 762 902 807 239 397 814 60 653 295 301 401 567 627 485 943 475 501 177 76 437 494 173 609 110 174 892 339 941 319 593 527 450 952 939 924 129 513 696 183 912 668 201 124 
252 17 546 815 600 170 103 189 670 628 986 388 799 92 7 904 470 895 835 381 253 969 80 31 556 245 638 269 251 954 8 655 677 478 253 636 913 512 803 166 578 226 527 602 391 863 22 155 367 75 379 37 985 745 466 213 705 290 942 818 131 311 33 824 445 622 120 848 523 944 692 681 999 996 905 511 765 904 456 854 783 528 936 329 909 698 672 839 8 563 9 235 246 487 733 481 938 279 297 891 470 819 634 732 292 39 612 939 325 127 256 855 685 723 959 198 528 500 1000 337 890 150 363 707 540 551 261 908 24 115 96 890 332 862 157 453 230 224 915 624 454 319 90 654 701 444 498 890 395 930 341 577 667 649 107 949 463 606 17 529 839 641 143 897 493 966 576 166 440 195 917 497 30 222 388 147 149 764 496 241 420 456 229 909 783 313 359 290 417 937 248 434 885 269 322 498 19 692 932 598 604 268 251 705 358 696 479 344 679 182 618 816 491 911 371 587 915 697 299 27 892 734 78 660 766 974 782 911 139 597 117 519 190 840 20 586 923 20 646 499 600 779 916 781 76 568 862 327 199 146 562 750 667 961 748 771 953 983 753 304 138 557 142 944 291 556 533 902 0 751 790 178 516 249 718 660 768 954 733 428 988 595 442 405 49 950 321 566 486 699 465 895 967 707 841 745 319 486 891 725 92 742 63 114 665 639 345 300 235 573 894 190 382 684 833 355 85 218 333 772 70 49 565 64 390 505 752 826 980 276 347 630 650 211 828 47 456 785 507 393 904 938 984 220 602 584 457 838 238 904 902 690 29 644 291 254 272 573 612 107 423 682 682 498 859 222 892 936 245 691 960 773 375 467 585 517 668 777 771 677 342 535 590 946 420 760 569 549 879 497 809 52 907 162 313 512 796 357 123 226 733 170 771 181 460 453 50 890 942 181 140 776 434 542 512 71 648 682 399 552 536 393 299 587 596 604 85 67 902 92 220 527 792 824 565 223 872 977 893 555 702 511 715 302 9 299 957 354 453 647 737 151 110 765 752 160 686 864 282 181 913 774 971 345 868 804 99 947 281 724 26 433 765 646 493 332 401 618 166 658 862 826 178 858 568 280 447 999 720 86 86 780 399 823 611 163 348 285 321 500 
944 927 595 625 979 318 826 811 683 891 523 37 735 255 155 572 207 579 311 598 373 803 253 212 322 741 213 721 676 166 110 735 893 3 116 510 581 730 813 395 551 605 926 508 112 673 892 867 510 904 922 16 699 319 522 578 904 153 911 817 646 462 0 487 998 659 649 840 578 602 742 973 769 431 2 251 909 111 230 102 714 838 592 369 836 634 717 46 335 195 381 752 334 645 873 628 888 119 200 481 3 941 684 921 157 442 877 169 779 183 973 22 738 561 399 516 537 871 449 444 712 237 588 337 957 466 610 240 801 870 695 291 851 477 206 845 481 126 699 773 477 427 42 794 242 80 609 564 628 83 636 94 877 311 230 400 903 433 898 967 37 24 845 277 411 175 796 656 571 537 127 867 158 225 1000 900 360 612 995 560 295 812 373 645 928 89 540 190 202 871 863 52 157 46 39 479 223 463 147 988 408 491 286 269 498 232 438 881 578 934 628 272 325 818 255 395 776 244 89 761 145 393 494 544 442 499 3 655 367 992 72 828 303 352 827 985 465 885 201 524 312 316 578 259 488 770 41 984 94 587 376 738 295 223 786 337 571 265 861 605 680 522 974 992 673 637 491 90 183 391 615 423 281 141 38 773 882 466 65 139 598 347 869 782 993 865 81 373 67 719 734 157 554 535 935 229 882 111 164 828 915 322 50 574 413 530 320 623 824 609 821 434 259 846 518 127 289 262 896 932 150 768 30 652 584 430 34 933 165 616 309 641 399 235 51 7 673 20 910 573 320 702 358 68 211 618 371 580 17 792 830 858 684 588 143 656 775 813 862 932 918 248 825 9 114 807 267 429 732 483 658 922 489 52 559 236 850 92 201 757 68 822 246 393 616 129 313 394 394 69 121 305 153 531 348 102 552 716 360 173 349 484 98 404 373 830 768 961 317 13 342 11 424 532 199 243 351 945 439 874 119 747 161 422 644 373 485 909 219 618 105 647 18 933 443 516 646 208 467 544 607 86 813 222 710 901 704 831 462 191 909 679 426 3 75 821 627 23 756 251 944 884 757 109 404 613 636 649 796 506 794 686 421 160 100 185 940 746 910 528 151 258 218 860 781 843 955 932 313 691 753 857 694 803 24 909 754 543 69 904 
429 330 545 599 250 870 461 67 66 466 724 881 343 863 111 410 750 706 879 551 342 785 745 383 693 603 671 36 45 822 353 600 488 540 810 15 808 628 82 785 322 47 724 191 889 213 158 781 886 715 423 470 215 106 528 375 906 776 593 346 541 459 122 396 913 218 224 284 276 725 0 731 699 76 608 347 468 707 786 795 603 230 249 867 701 424 646 980 935 480 438 924 573 242 314 869 783 104 819 802 20 615 908 234 731 162 109 322 675 16 19 543 229 777 20 350 451 778 946 814 571 88 958 381 283 587 586 403 262 500 475 734 731 174 395 511 129 190 306 279 953 348 112 832 415 786 998 543 200 506 928 498 338 466 192 242 736 51 218 341 100 818 46 211 968 645 719 495 970 433 223 144 801 320 498 45 910 619 769 136 403 854 624 973 928 469 513 3 849 713 603 35 95 900 810 270 710 109 727 572 981 39 483 394 642 566 114 718 163 694 523 29 861 829 40 734 326 527 254 156 344 648 977 71 271 27 248 522 758 615 714 856 242 821 356 641 340 412 329 74 517 930 591 171 856 837 888 662 824 654 916 919 183 898 902 240 327 867 963 0 117 346 653 13 126 897 516 77 494 310 987 788 813 293 259 277 629 237 376 343 669 224 54 644 74 734 513 187 341 110 864 418 575 410 831 531 99 784 10 163 894 8 462 604 18 699 305 597 482 720 773 341 633 492 446 367 376 304 455 571 903 458 825 14 432 267 611 108 536 846 356 935 254 531 975 222 205 156 166 140 711 862 253 955 369 236 567 240 897 133 128 389 198 769 969 797 443 932 854 234 15 995 320 255 134 598 542 365 866 640 798 966 850 430 472 602 951 668 799 683 935 284 466 633 284 720 605 290 523 952 447 734 990 475 478 193 196 734 234 259 953 433 421 352 556 94 72 749 846 192 245 313 568 490 251 876 766 705 411 436 536 935 758 871 696 571 693 887 322 49 456 434 891 610 497 793 97 872 956 624 889 791 557 646 648 704 354 743 254 48 799 15 870 826 373 266 814 252 915 182 946 770 7 705 143 159 686 8 109 80 176 585 204 672 45 783 302 260 545 297 718 19 287 921 343 638 305 839 662 564 17 594 786 972 778 307 817 154 242 835 
65 940 538 397 268 554 887 508 16 747 32 221 238 443 545 925 72 863 378 320 538 376 115 160 140 406 387 634 319 279 689 895 553 167 391 630 219 426 458 383 529 490 297 205 478 20 910 940 48 51 620 153 798 67 358 405 933 688 306 732 456 577 313 995 813 402 47 620 301 855 314 319 542 207 747 834 554 163 917 599 573 896 361 274 646 518 117 105 558 188 786 115 132 194 342 18 316 607 743 544 38 183 890 177 659 99 361 786 676 813 976 452 1 491 477 179 6 204 176 96 76 280 639 208 251 852 514 671 351 960 79 9 771 901 705 197 830 907 633 416 770 838 892 61 833 162 543 174 141 950 806 516 871 66 932 393 591 738 571 936 566 141 987 477 909 368 514 577 861 238 155 167 821 940 903 524 349 702 397 818 150 103 443 43 563 804 717 396 514 230 95 379 221 920 192 633 934 125 184 438 814 721 203 753 376 985 616 902 918 3 333 368 323 979 804 88 1000 772 555 911 127 342 507 96 359 317 908 832 594 478 214 738 696 683 473 457 674 87 356 464 521 256 299 370 390 602 860 360 40 798 451 887 919 141 692 521 488 853 549 458 738 372 838 386 959 924 145 851 10 440 908 100 706 767 374 674 768 189 424 869 784 112 803 811 676 538 425 667 155 945 509 356 113 908 759 781 180 532 960 457 512 716 108 992 809 986 54 551 947 548 150 71 584 773 232 546 934 984 733 358 248 673 465 796 289 116 319 221 867 565 751 282 243 938 492 69 56 320 966 135 27 421 689 757 548 16 64 194 408 644 48 723 167 661 923 274 377 997 766 518 183 253 609 190 253 578 538 270 103 388 92 562 604 771 284 748 578 412 850 792 679 7 542 330 534 669 183 169 553 972 940 424 188 154 698 281 696 975 958 593 573 695 597 878 227 943 53 876 659 200 104 900 349 286 141 921 197 486 95 171 43 941 651 989 826 325 414 121 763 656 341 980 264 221 934 378 82 762 53 447 639 920 466 999 265 422 354 813 694 481 252 195 801 973 932 57 240 436 532 734 265 312 258 326 528 837 882 734 865 423 593 316 636 24 550 601 583 65 800 379 176 595 145 266 484 690 77 579 948 657 907 434 164 689 423 595 338 745 466 899 
120 453 130 819 673 968 764 626 224 356 862 631 820 447 842 874 50 224 684 711 161 920 464 43 860 76 184 819 873 606 644 953 269 543 623 251 71 872 770 851 578 642 456 313 665 954 866 963 700 11 694 853 572 477 638 121 986 649 673 159 985 826 433 149 549 599 78 604 237 264 724 198 302 413 771 617 316 638 382 290 580 576 493 683 257 144 959 990 685 320 914 412 443 704 824 119 430 945 206 997 74 197 95 695 555 948 261 373 963 835 119 968 651 167 676 98 334 166 175 167 858 33 668 29 373 83 926 499 753 271 35 867 616 26 764 656 228 8 122 371 377 571 810 450 41 652 713 500 328 477 125 727 932 679 854 174 261 452 178 119 419 23 176 183 511 757 501 587 701 61 981 396 467 861 218 158 420 813 586 974 890 360 340 438 762 64 970 370 255 268 579 335 779 569 889 730 135 578 695 268 574 828 756 12 761 339 219 337 120 825 808 673 838 577 981 312 533 409 110 243 652 52 533 547 616 699 967 940 690 634 592 327 893 532 637 76 521 252 127 585 221 915 845 66 122 823 962 587 431 139 708 454 497 917 105 386 492 355 642 844 518 963 879 192 361 589 209 222 801 943 26 404 714 309 781 406 868 991 930 936 850 338 171 444 463 934 975 495 626 153 442 195 981 340 166 473 625 785 40 13 613 566 378 648 422 764 696 36 245 281 613 65 507 269 826 879 33 293 602 633 370 915 827 339 521 236 573 1000 711 537 91 373 234 788 184 766 920 712 207 874 341 58 275 31 899 206 463 919 38 613 518 941 233 46 205 534 836 523 601 995 901 879 815 316 263 373 925 98 216 727 479 0 748 293 0 28 964 93 578 806 402 981 691 714 28 159 116 549 795 94 853 405 854 977 53 721 841 782 240 920 492 501 821 864 87 389 415 275 121 767 796 345 272 970 964 383 298 746 675 324 841 824 855 285 5 596 947 507 545 35 787 692 180 592 121 5 318 438 83 516 322 11 537 615 303 310 920 61 686 813 728 468 412 95 466 539 338 143 530 189 790 271 317 756 18 111 116 895 96 508 128 499 753 346 554 831 802 614 439 451 356 677 520 720 126 329 367 28 158 312 249 493 349 90 652 729 647 969 850 597 
831 508 264 244 395 889 487 77 2 201 124 938 50 255 971 332 842 795 33 104 404 680 158 361 611 888 49 512 97 118 583 904 565 512 480 428 516 929 604 712 399 209 70 557 424 705 871 502 436 649 179 266 782 923 850 60 265 911 308 873 463 657 498 738 383 471 199 758 646 557 637 703 717 641 458 88 164 381 370 255 473 40 879 787 993 493 891 644 906 279 354 618 582 266 641 32 990 124 302 703 457 406 270 787 306 174 957 915 876 880 333 722 302 127 966 609 346 631 668 775 356 351 29 129 320 342 721 483 951 337 350 937 334 846 469 923 683 399 352 136 125 736 18 60 27 970 308 234 533 41 957 866 318 114 894 42 513 148 787 294 691 56 209 916 645 266 547 319 655 967 368 111 400 730 297 971 73 269 169 450 176 707 693 52 671 459 193 581 516 643 6 725 704 58 104 310 905 588 439 922 651 355 523 524 278 331 223 647 444 983 615 14 127 475 414 602 237 102 562 750 824 946 350 249 432 429 601 974 580 861 388 850 728 889 645 374 641 529 977 182 959 915 526 353 68 733 890 654 778 180 899 851 18 448 101 523 801 75 128 744 595 495 823 468 632 151 761 915 232 735 342 230 988 134 118 374 191 160 140 906 776 602 588 150 749 822 39 198 337 987 327 482 574 250 178 184 470 425 175 260 958 654 248 417 850 239 893 562 510 807 215 791 339 335 174 271 538 571 150 488 463 972 505 544 763 385 698 32 346 842 251 346 265 271 304 481 341 956 747 865 443 881 382 102 717 538 783 499 276 609 596 584 810 745 395 573 429 619 992 280 41 977 411 592 53 393 49 300 912 953 410 653 45 922 212 783 653 804 762 249 564 632 714 304 817 490 528 798 826 69 335 90 594 798 735 185 197 350 93 125 601 913 326 287 2 675 862 507 819 244 563 803 484 269 770 163 419 136 737 924 725 795 928 100 334 960 93 246 754 58 293 301 345 126 116 39 577 563 185 303 694 156 838 507 261 801 441 740 724 802 259 307 902 798 814 30 990 120 551 949 18 338 295 134 81 25 305 361 620 909 149 927 630 618 814 498 401 618 248 817 806 962 788 340 838 422 619 739 488 330 70 579 516 39 203 410 644 997 355 334 
389 515 564 78 180 964 752 319 931 254 594 802 163 601 939 449 128 655 423 276 571 957 601 172 13 834 105 681 602 687 887 410 120 976 423 894 985 491 763 413 799 279 871 629 434 936 485 994 595 871 736 198 647 427 636 247 258 352 616 803 310 854 238 585 284 610 327 21 71 353 357 847 435 173 574 853 259 137 314 606 889 712 637 641 640 766 936 618 615 555 698 824 223 933 173 263 521 736 585 937 548 360 274 489 316 46 104 310 21 494 626 810 262 198 348 554 362 279 114 686 945 748 368 234 817 948 267 189 88 752 124 487 644 169 5 450 535 524 196 0 57 277 349 876 64 117 762 289 739 272 658 936 209 736 262 602 502 552 629 428 807 115 289 144 834 293 523 734 837 348 925 256 94 555 736 902 462 826 47 201 924 626 577 535 55 214 95 88 519 698 253 895 52 601 125 448 189 138 646 418 292 808 219 348 840 241 536 690 703 77 462 492 266 245 956 717 33 912 244 17 14 929 392 540 185 225 43 931 552 551 50 337 775 59 710 484 426 141 426 893 796 799 885 482 871 243 578 404 857 627 893 695 60 562 494 771 418 579 812 134 62 327 920 314 632 664 757 724 542 84 844 479 888 868 99 441 687 266 764 104 525 727 339 381 31 787 695 271 62 797 902 845 86 517 267 273 389 51 807 516 646 712 911 501 602 993 436 835 919 481 790 193 22 885 276 828 981 353 473 489 860 94 407 620 930 893 34 633 158 146 44 439 156 157 773 873 307 61 945 103 801 11 7 58 725 207 367 12 624 889 213 735 157 66 947 605 797 760 578 461 511 48 489 139 928 413 11 9 997 249 319 738 813 326 870 239 579 367 669 638 885 19 688 225 762 205 180 155 543 135 802 231 461 859 537 814 224 72 894 79 184 69 934 450 965 251 408 253 865 658 595 601 74 423 49 865 647 1 835 575 634 13 216 935 588 503 13 635 586 481 396 785 765 737 948 265 52 335 216 587 585 425 167 698 55 818 345 584 501 517 78 37 637 306 550 872 986 508 314 742 929 674 991 597 646 86 982 314 600 835 489 529 530 258 744 171 937 542 62 375 269 264 739 371 192 432 915 382 726 891 593 875 93 213 762 874 135 164 369 237 
228 208 454 881 27 56 888 569 817 368 796 654 36 858 108 67 870 69 12 946 517 524 651 408 860 290 277 287 651 513 725 65 357 486 855 576 772 982 361 701 285 625 111 375 371 173 763 731 412 210 864 404 691 604 435 524 325 341 87 537 91 829 431 994 6 222 229 490 86 17 465 603 304 567 39 863 104 508 701 71 3 715 571 291 428 743 44 621 967 203 36 461 774 539 498 277 349 860 398 623 974 367 745 10 365 280 788 361 95 241 146 638 730 760 944 281 743 894 459 966 251 356 656 968 819 149 664 582 27 291 299 387 717 115 940 523 406 30 311 219 63 415 444 164 93 856 580 814 655 401 8 218 463 446 601 627 441 318 694 576 446 454 133 373 328 833 941 479 101 298 794 387 269 270 746 672 460 764 734 39 146 238 393 956 895 215 305 210 783 306 22 252 980 798 179 474 601 621 655 308 119 539 536 442 132 354 227 946 853 588 940 674 819 90 901 405 192 18 225 130 375 780 442 72 930 231 447 148 969 393 268 246 363 582 968 358 234 441 59 869 182 199 434 701 712 289 201 37 546 957 111 837 963 242 788 426 171 106 570 704 621 805 418 572 460 791 274 6 602 959 655 961 992 550 141 950 412 213 717 131 880 461 362 834 379 993 912 134 960 636 798 283 483 403 570 224 619 310 47 296 476 964 79 176 753 937 307 827 18 811 864 38 715 482 582 678 904 657 298 202 921 923 100 320 510 381 261 674 972 986 701 124 529 233 767 194 26 718 651 361 732 407 549 874 671 992 223 107 220 291 694 434 299 713 116 660 295 729 452 565 728 140 219 28 887 16 282 953 882 184 319 520 542 217 907 775 393 859 70 34 810 195 649 463 969 490 560 938 956 306 293 246 313 945 198 10 825 288 24 973 484 450 61 132 163 914 221 609 109 256 829 532 651 622 231 280 626 446 858 258 322 89 569 721 439 378 846 965 514 209 155 890 633 256 925 670 384 742 135 784 358 531 609 836 420 559 466 648 30 927 898 345 986 730 13 691 16 324 163 913 465 546 210 97 757 763 915 981 886 215 707 528 908 546 158 10 846 620 159 469 254 409 75 579 22 162 552 483 319 716 308 678 605 401 680 848 187 586 729 143 
539 267 324 623 182 264 106 787 723 979 334 7 515 625 762 56 604 720 112 169 952 750 116 294 421 402 94 714 485 0 40 366 906 361 653 188 421 656 671 197 646 189 663 45 639 837 187 162 417 744 401 428 883 716 180 290 308 847 914 601 573 412 83 537 691 828 281 148 837 301 694 508 232 251 424 457 147 772 438 87 229 473 765 145 753 96 534 335 27 652 687 834 753 206 147 692 1000 771 699 957 248 51 801 159 507 294 422 968 553 529 304 297 918 64 809 746 975 941 12 923 614 952 844 689 827 971 430 765 667 913 316 431 979 737 888 833 117 16 575 226 948 559 531 564 231 885 714 568 652 15 984 367 846 195 874 533 973 616 222 474 374 661 827 328 912 793 761 280 398 121 701 683 345 292 907 544 244 91 482 195 604 512 116 194 566 635 45 565 14 46 119 29 698 395 860 810 1 715 995 7 590 242 335 758 529 531 405 664 819 277 250 502 897 408 25 132 699 158 22 228 356 317 786 576 179 790 501 45 676 303 672 284 313 112 358 93 96 242 637 29 649 189 304 302 537 782 167 297 918 919 762 595 968 569 855 662 228 396 135 186 390 231 177 127 623 571 361 217 211 429 306 774 276 386 151 244 557 691 595 259 294 724 432 552 857 2 686 851 939 587 373 594 667 886 842 205 981 497 802 969 745 990 898 785 92 4 102 751 85 374 760 612 299 343 239 161 807 891 652 897 485 823 930 883 146 514 502 373 638 995 165 84 689 661 681 156 766 586 216 350 965 30 349 992 798 938 675 481 629 975 281 9 577 794 288 358 921 982 731 373 754 476 38 332 582 529 390 89 616 748 455 751 643 580 46 38 158 721 755 142 33 91 267 44 216 743 245 659 397 882 245 518 169 344 267 776 261 628 762 381 320 140 319 561 47 14 463 126 678 670 174 595 829 293 310 490 176 443 655 204 401 550 901 306 646 298 308 14 914 332 5 97 675 265 467 153 560 282 268 785 48 627 274 42 823 636 159 969 511 337 437 386 310 690 177 959 847 990 483 490 193 722 446 312 294 19 369 738 328 615 116 35 986 642 644 301 2 614 678 581 418 868 693 355 870 591 278 156 146 382 141 25 280 616 41 262 9 396 843 157 
781 503 853 98 331 434 334 344 169 889 445 893 842 875 893 708 443 202 865 508 205 155 73 68 754 40 647 30 465 220 954 469 812 832 245 928 626 480 479 745 537 194 941 571 349 834 278 793 274 792 261 259 635 658 285 756 384 930 847 433 624 63 656 230 149 375 678 513 862 825 841 230 188 536 683 881 769 131 806 979 829 931 794 418 452 689 516 29 399 956 693 470 423 679 688 7 944 480 834 576 46 102 948 287 167 223 234 26 494 851 713 235 108 819 697 49 983 999 500 953 519 742 258 400 839 56 793 706 921 879 260 723 952 379 18 954 212 405 42 846 76 313 844 785 577 80 993 200 104 730 932 950 226 1000 870 180 333 93 922 578 641 716 804 262 615 936 453 298 985 867 204 497 58 370 893 965 794 797 523 138 719 607 335 978 965 86 274 283 406 830 709 550 673 933 920 120 255 764 170 452 982 835 643 132 837 437 976 659 317 192 978 703 871 583 476 251 844 138 639 897 598 934 654 307 272 701 351 386 491 899 23 703 20 972 891 549 140 383 252 466 81 872 457 986 583 137 879 531 255 710 821 229 263 876 766 159 693 401 788 747 160 441 774 594 317 305 159 653 320 172 344 345 908 787 567 248 3 641 814 726 199 987 66 919 54 585 988 619 167 12 527 351 163 773 93 795 795 79 608 986 457 193 551 190 344 209 668 976 659 232 935 246 789 87 659 595 639 172 399 616 594 503 913 883 692 166 211 394 541 187 416 504 936 249 317 778 576 539 311 315 565 614 442 0 677 174 837 259 267 758 158 29 961 601 597 676 29 438 863 823 17 414 468 940 991 246 543 167 55 916 966 412 563 696 102 281 721 85 683 383 394 537 286 653 693 102 891 12 38 417 725 767 382 588 570 703 302 731 660 379 386 131 302 54 919 561 293 795 459 122 990 320 626 789 182 159 681 915 498 630 838 750 409 711 935 78 778 760 484 599 769 382 327 240 149 895 275 775 895 293 555 291 880 961 588 246 972 214 674 210 607 683 294 914 883 196 549 879 51 355 468 752 478 415 259 858 178 407 882 945 624 148 235 808 369 456 721 968 683 829 470 350 656 83 258 402 627 520 355 14 277 773 14 158 817 332 557 160 262 922 
761 542 112 510 621 981 205 955 333 782 873 33 33 342 868 969 440 582 42 74 296 348 160 471 484 148 901 175 729 30 246 230 734 843 910 331 359 472 791 519 807 118 721 866 60 531 7 954 737 317 193 132 32 797 356 501 466 424 630 454 632 267 704 105 632 949 556 786 626 83 256 86 999 579 65 761 664 266 238 447 970 367 813 558 744 257 323 955 401 460 100 510 808 684 221 97 54 849 148 986 439 27 274 470 733 914 301 707 528 469 368 553 424 675 92 835 994 537 666 334 359 101 272 168 871 143 877 493 300 516 581 624 27 825 768 569 819 69 190 228 930 98 346 433 631 309 48 81 68 762 47 611 470 57 332 938 628 222 81 201 215 142 699 804 730 389 351 205 695 208 391 535 912 264 167 251 765 995 267 482 875 584 557 274 624 112 130 206 489 414 217 195 321 572 42 545 44 38 761 238 681 675 688 254 804 901 347 584 453 141 259 577 315 104 395 460 403 530 648 289 252 577 586 973 282 488 406 398 714 762 362 963 572 774 253 304 977 506 439 768 658 849 221 382 160 696 764 687 450 178 638 915 173 234 578 224 645 641 512 107 164 688 85 541 342 16 852 215 212 216 762 825 222 850 30 142 767 73 893 447 639 788 935 456 1 878 918 465 257 760 205 831 840 865 567 34 274 869 123 468 453 454 826 526 296 700 220 52 723 290 735 542 742 529 949 845 102 923 646 297 542 820 158 261 436 59 430 488 638 467 159 917 237 366 246 837 629 837 522 343 38 984 908 130 344 872 347 790 950 618 737 168 987 346 803 866 995 666 478 185 542 212 871 634 994 787 614 790 151 60 654 529 883 487 996 397 910 280 886 915 252 545 39 321 565 525 981 927 306 598 155 167 745 629 271 172 742 759 220 438 346 877 156 598 158 392 174 81 666 803 285 664 845 542 314 611 170 281 960 332 296 939 57 664 987 140 205 723 662 999 589 780 993 777 816 8 105 353 659 135 349 2 133 297 630 126 324 370 685 687 585 818 668 96 219 555 305 517 221 527 33 32 564 928 677 798 923 295 302 853 99 576 74 255 69 511 573 504 459 417 674 632 286 261 663 330 966 314 120 694 298 878 300 161 947 889 646 684 345 164 
539 173 452 303 948 569 138 573 738 503 194 778 702 895 214 549 300 624 677 497 299 507 551 789 431 281 828 997 982 616 542 760 836 562 118 844 768 174 916 660 423 307 378 831 539 416 764 248 101 580 668 596 336 807 101 796 659 473 290 803 508 277 527 787 183 28 569 972 138 9 31 707 144 745 956 375 392 379 574 738 890 38 427 929 211 265 344 534 70 108 944 956 788 751 230 398 545 450 299 682 788 560 792 47 246 219 611 870 205 699 239 568 36 240 216 854 144 412 225 927 785 421 92 210 877 530 295 668 456 881 802 894 212 685 557 484 246 613 188 593 867 924 312 816 290 715 124 192 408 627 733 310 128 271 165 58 64 413 312 389 596 209 450 661 40 22 896 610 696 790 213 427 154 159 671 655 225 692 693 450 420 585 237 120 762 467 492 956 649 968 965 518 4 607 501 783 570 123 927 868 818 621 71 212 102 547 591 22 845 243 254 36 260 723 945 377 894 372 556 474 771 187 118 806 705 836 714 30 587 605 943 10 524 751 910 432 861 943 218 650 211 946 523 427 215 596 807 929 498 928 854 456 313 315 128 851 20 853 324 882 156 945 814 549 238 145 885 214 376 423 32 193 397 184 88 255 282 651 200 846 810 739 644 293 888 773 79 707 813 702 316 970 568 310 968 618 180 886 823 448 622 601 699 562 687 814 663 912 519 950 661 613 537 765 511 449 454 804 728 677 403 965 718 766 266 416 412 642 707 729 833 910 95 536 656 805 138 0 57 210 608 124 278 346 664 923 251 983 279 235 507 478 987 935 988 638 655 257 167 704 771 152 450 201 938 944 694 426 438 809 834 472 356 73 616 646 620 173 356 730 929 682 950 295 436 966 576 825 823 222 739 210 553 345 424 205 912 32 775 46 839 44 537 239 706 97 61 633 809 739 925 698 960 709 842 722 186 807 412 728 669 102 501 907 767 211 145 414 73 926 405 600 699 8 685 366 416 192 920 171 703 934 328 960 493 111 539 358 398 414 81 123 455 137 274 925 300 81 88 564 798 961 972 210 532 649 696 82 975 631 563 2 159 150 582 216 808 115 157 413 460 439 740 89 619 80 659 839 709 884 727 640 562 837 820 135 140 273 999 957 
157 994 395 370 607 309 190 61 545 900 158 93 170 28 980 7 34 524 245 205 853 576 123 103 782 157 379 991 793 0 353 279 169 662 711 170 604 225 775 642 819 699 971 812 282 657 87 744 812 365 161 718 851 1 104 882 159 462 589 835 821 170 831 968 868 150 788 398 191 881 530 657 725 666 274 714 781 67 368 528 714 587 914 482 568 210 781 382 621 502 330 390 354 549 734 547 349 22 926 196 900 423 538 26 492 660 252 963 963 330 524 785 150 902 368 892 764 115 641 162 384 410 359 479 734 353 608 739 734 434 490 531 275 575 897 902 644 753 41 865 175 586 273 48 86 514 817 40 102 96 390 406 127 385 279 428 991 636 322 251 786 113 272 726 119 182 38 338 787 17 392 797 153 298 378 955 85 951 716 509 135 255 189 804 176 619 502 158 683 695 640 243 185 274 120 605 966 79 6 976 755 610 598 647 100 21 510 55 245 43 985 852 897 483 501 647 370 59 38 244 370 685 929 460 617 943 242 498 808 143 64 118 665 554 747 970 456 544 49 195 359 679 173 388 840 566 129 804 923 313 72 428 656 262 983 773 369 71 735 833 800 656 127 94 727 802 790 729 968 398 429 115 111 231 476 459 436 920 530 103 72 836 740 409 241 611 556 95 744 241 937 955 564 412 466 697 932 976 345 543 413 806 679 943 928 672 448 254 222 419 97 967 929 470 764 269 485 694 964 102 146 830 127 991 958 318 454 301 817 999 439 26 699 660 154 42 180 458 701 975 671 117 901 672 974 183 118 434 469 746 303 476 445 981 790 59 275 12 877 679 485 97 320 497 732 481 497 455 543 697 894 214 519 867 114 918 590 420 226 185 36 35 330 756 390 880 238 791 231 733 403 940 730 209 38 753 875 455 963 845 421 628 630 120 447 796 196 644 600 932 726 787 278 223 929 426 677 604 974 127 52 79 696 818 532 878 420 747 817 928 783 133 672 3 660 880 711 600 312 421 667 900 876 698 172 100 159 986 292 671 535 138 438 806 561 838 554 965 28 452 563 611 297 164 192 68 265 234 188 435 726 650 362 46 193 280 78 152 206 927 614 659 576 367 544 552 670 685 609 105 793 494 332 611 160 478 223 203 165 133 
384 74 739 363 289 349 762 842 297 333 280 217 906 699 852 677 906 532 190 397 164 140 10 368 665 446 125 830 262 917 776 763 668 314 13 240 520 276 882 87 971 719 652 848 178 907 56 321 994 165 433 120 748 948 535 31 520 206 697 936 42 503 442 952 598 242 622 942 733 914 90 27 892 67 869 816 80 406 488 882 465 793 221 874 430 168 301 991 849 285 249 691 357 812 42 630 885 816 26 574 736 350 452 425 244 215 689 977 63 894 880 824 151 656 329 896 655 401 861 312 889 282 820 304 642 434 516 976 516 272 542 151 985 846 594 241 545 949 266 243 922 113 680 532 934 374 299 922 383 717 56 340 365 565 404 16 436 351 50 674 64 181 357 740 282 993 77 332 445 408 203 333 467 726 599 974 591 964 11 929 960 835 892 386 877 218 464 610 38 0 733 451 293 776 54 226 199 705 983 197 930 77 544 998 486 646 194 521 444 318 58 731 233 743 788 938 879 604 10 889 880 779 596 647 37 577 68 600 361 312 869 78 151 413 17 877 353 716 505 766 92 317 533 750 201 489 442 843 395 18 40 511 105 483 622 896 420 550 734 128 526 484 780 666 721 107 874 268 850 383 286 237 567 80 122 530 37 69 858 62 883 382 416 333 375 363 532 799 772 277 989 624 913 492 807 814 296 869 92 471 963 651 706 589 93 526 963 691 147 930 358 632 26 471 697 123 202 353 168 662 306 114 277 807 916 439 64 503 82 822 217 677 150 610 870 274 591 466 705 168 779 830 534 539 363 107 966 802 655 36 871 222 775 654 746 955 629 927 159 386 147 260 965 839 582 701 291 960 238 609 347 88 356 285 923 788 424 122 985 906 647 14 625 269 226 166 513 463 97 684 346 217 230 816 889 2 821 567 662 558 856 720 438 489 983 238 590 516 440 362 880 368 468 855 9 287 740 781 838 804 530 173 928 468 128 153 12 170 192 525 846 497 277 477 308 635 842 242 797 480 122 401 628 727 110 177 765 217 942 847 42 586 245 450 8 729 926 347 996 418 706 311 104 181 47 982 427 956 430 188 51 409 952 414 625 904 673 393 542 330 576 233 357 703 326 323 913 820 297 933 435 214 192 954 846 676 466 170 264 10 
667 213 419 75 520 668 339 482 501 939 306 725 299 926 361 312 492 298 916 499 550 820 383 9 6 276 434 602 103 887 854 923 949 148 176 487 347 641 357 316 935 149 942 482 579 800 757 233 412 662 185 88 549 395 901 563 459 417 908 145 920 175 705 166 925 821 851 89 396 741 957 779 830 133 179 854 250 383 890 793 649 741 57 620 311 138 180 368 299 374 109 868 40 23 630 923 779 955 697 641 528 480 292 906 364 336 507 301 483 488 762 890 976 757 364 948 676 768 60 242 807 818 784 509 361 698 888 701 631 330 67 120 739 91 870 156 194 964 517 117 768 533 175 943 557 648 499 976 233 467 100 204 647 900 886 649 786 998 445 201 912 639 304 834 785 344 638 160 369 561 94 562 143 281 468 710 729 192 932 372 903 149 918 610 137 892 752 313 932 891 126 802 407 308 480 168 651 459 505 731 793 458 619 350 519 235 176 543 753 911 623 926 535 407 32 524 411 861 538 11 996 781 974 80 622 507 310 278 825 228 442 150 6 894 278 163 898 888 965 901 297 375 299 176 82 372 857 284 519 665 203 845 149 922 165 396 125 886 187 865 484 987 992 685 603 542 417 322 518 188 640 512 609 352 267 37 792 308 688 533 426 720 974 251 859 239 570 297 100 872 419 713 607 407 299 568 12 427 433 882 90 289 276 268 361 252 838 672 951 233 931 112 746 395 983 64 523 701 600 795 72 741 966 151 492 285 305 439 964 686 106 884 599 515 340 217 485 86 321 569 305 88 597 227 607 699 329 72 8 103 298 67 968 38 813 609 934 101 504 769 249 194 383 195 61 895 189 201 483 752 96 753 862 759 483 762 696 234 382 84 626 701 930 628 291 511 715 523 541 423 773 510 863 48 218 378 445 724 377 352 763 912 686 810 213 86 721 66 783 843 410 785 673 95 972 644 564 520 946 485 914 360 784 16 243 102 907 905 467 231 946 91 108 110 242 489 52 858 719 135 27 407 884 452 545 809 4 446 60 792 295 928 410 972 64 319 20 790 375 135 522 94 624 517 86 366 15 883 713 187 141 180 42 7 467 152 624 828 305 889 623 592 510 422 796 145 964 227 331 391 740 100 923 11 905 630 929 710 550 432 
797 578 913 885 399 441 3 367 125 512 653 479 218 423 224 671 239 988 349 755 615 764 526 643 563 451 425 49 263 451 384 689 791 201 878 780 307 369 18 838 352 479 317 869 105 907 589 678 1 666 202 150 529 711 488 156 57 367 962 102 856 117 701 863 931 218 475 603 282 368 130 757 84 551 582 511 989 546 85 449 368 513 509 212 214 883 421 580 563 816 210 111 505 204 726 662 705 598 438 862 840 263 383 318 622 502 357 567 401 655 991 412 358 904 739 497 521 31 177 209 661 769 751 191 694 182 692 611 618 751 600 721 654 880 403 546 865 687 725 315 664 670 978 5 709 541 227 606 928 184 2 652 966 256 963 568 670 294 870 8 601 876 210 44 647 663 193 851 914 975 445 716 82 656 975 517 741 18 981 766 16 686 283 812 120 475 981 777 132 779 888 128 433 730 754 947 959 371 483 385 238 132 170 653 229 413 460 570 906 706 532 112 787 493 823 629 349 406 834 916 784 343 52 869 643 458 845 99 443 854 325 251 950 66 721 57 655 845 904 442 630 167 996 0 564 375 969 514 500 510 514 208 185 432 138 286 233 303 800 834 291 315 798 160 334 962 763 839 776 310 812 591 568 474 57 562 143 609 777 843 86 177 799 330 229 274 812 122 737 249 521 757 857 171 171 366 643 36 559 297 882 605 343 432 486 815 710 273 446 881 235 169 213 40 97 732 764 183 628 163 409 413 921 632 809 330 16 123 30 522 327 920 814 328 619 326 52 836 953 612 948 611 10 964 203 233 836 76 10 840 546 794 594 328 692 200 348 67 444 628 902 908 786 901 789 750 328 75 221 591 113 496 709 53 945 985 626 245 501 863 898 807 760 767 838 215 957 155 849 453 662 633 804 624 926 238 979 456 212 78 516 833 440 618 61 908 81 278 837 560 735 396 30 485 729 486 196 827 290 622 669 911 60 609 632 344 796 317 131 222 308 977 9 11 446 749 343 47 639 644 99 734 160 593 83 750 293 537 877 923 437 751 85 275 685 623 479 511 535 932 128 437 284 632 144 257 603 319 247 140 366 560 368 926 726 765 891 759 739 115 208 413 710 102 114 729 728 779 605 161 567 469 428 267 401 270 72 559 677 612 
423 643 714 832 137 32 759 797 631 792 240 581 51 931 159 498 101 314 880 946 671 605 304 313 300 409 556 294 374 991 783 692 883 738 392 389 658 625 572 679 787 281 262 594 275 890 403 408 567 595 674 436 504 573 494 795 844 976 943 932 229 126 497 646 485 337 836 868 885 567 556 183 226 273 622 202 755 977 823 307 188 860 80 453 681 23 999 962 207 232 586 1 290 5 326 0 477 223 570 867 903 338 518 583 391 670 604 181 664 866 907 924 954 351 980 683 751 830 714 494 940 221 941 28 149 591 972 160 483 228 764 811 32 136 514 4 341 47 781 622 108 390 921 898 855 475 508 516 264 121 62 506 965 18 309 433 93 917 85 967 737 848 191 316 470 39 399 425 240 700 643 787 194 284 27 67 844 941 735 567 502 557 671 883 926 163 604 530 546 128 954 863 867 386 965 829 351 866 211 247 740 479 686 426 918 304 980 43 258 931 433 158 850 241 133 625 34 646 586 543 326 690 58 701 559 696 763 395 432 670 359 519 762 644 509 384 221 192 457 401 45 597 283 782 454 391 277 565 781 637 695 520 555 326 235 170 66 874 575 917 938 255 592 313 286 749 527 417 340 984 729 299 130 778 376 215 516 96 76 386 874 399 946 134 579 519 484 66 976 85 243 755 65 594 554 455 800 772 436 912 641 679 151 105 552 973 780 749 441 291 530 63 497 339 900 382 939 116 984 260 58 516 865 574 259 836 681 34 751 749 851 269 752 236 251 137 877 230 897 746 503 607 908 967 252 880 35 291 187 551 672 282 998 868 620 275 856 550 861 981 35 896 874 483 632 247 405 537 96 98 375 262 777 373 641 674 291 773 361 964 338 135 695 132 176 109 583 296 298 522 425 958 85 808 212 272 780 124 50 942 11 216 22 509 483 937 831 613 48 778 950 278 45 958 946 413 606 228 893 423 765 696 422 868 506 685 509 946 688 493 475 544 902 985 422 687 620 909 307 244 564 202 250 510 848 355 559 585 193 390 826 97 206 641 102 196 371 872 488 888 583 662 464 995 330 999 569 592 300 859 533 535 660 890 686 214 321 550 851 312 86 426 892 294 263 558 444 381 215 108 736 239 299 927 125 399 680 764 617 814 
19 852 895 13 99 877 318 593 61 930 936 792 771 417 569 234 797 718 567 831 340 847 555 717 160 494 956 878 365 860 797 952 564 36 632 178 404 449 334 53 299 692 510 258 133 446 880 830 404 167 449 765 863 25 582 225 400 82 256 305 292 483 407 305 892 883 231 858 892 168 717 406 85 420 74 730 467 171 755 770 491 420 17 308 810 340 735 210 461 666 700 166 515 383 764 940 349 865 710 539 755 861 600 427 253 447 850 188 393 397 916 778 350 406 258 189 416 454 148 82 259 553 655 702 90 593 863 824 997 543 273 600 593 456 889 269 733 49 215 936 56 862 672 751 281 655 20 684 337 133 908 493 588 673 898 422 601 172 205 729 583 943 983 277 139 839 568 811 666 679 809 337 874 371 420 676 687 313 890 831 447 769 731 985 716 886 504 817 623 803 90 45 746 960 68 763 117 790 360 634 85 137 239 121 310 190 523 744 819 127 444 192 345 185 341 632 284 146 251 562 248 139 615 946 437 102 285 503 44 836 981 248 564 228 980 391 785 354 350 134 632 536 659 818 749 294 301 111 529 983 741 32 769 216 6 525 56 237 651 956 359 937 823 497 459 201 187 95 141 935 27 804 54 136 679 136 562 758 205 14 162 703 710 822 159 328 361 618 436 825 553 712 911 887 798 504 240 179 157 379 891 495 496 481 7 393 252 426 759 393 316 731 963 348 843 413 472 275 850 773 405 618 441 580 806 155 588 882 258 910 507 566 812 275 666 520 529 108 320 609 858 560 282 178 232 168 286 315 77 451 927 570 504 954 91 771 887 470 258 191 276 340 117 986 364 149 69 861 431 910 557 465 177 41 859 555 931 492 48 4 24 114 789 248 202 633 174 854 866 934 566 435 727 508 771 34 83 411 575 94 225 273 976 868 828 391 646 754 773 293 315 499 884 673 719 476 17 698 315 72 195 17 567 928 789 610 816 557 11 149 276 518 714 352 6 9 557 644 192 888 704 34 234 21 775 743 570 794 965 291 782 700 471 519 187 859 798 855 1000 530 520 890 730 359 827 113 718 369 970 266 163 769 348 348 760 22 48 92 81 684 563 336 309 16 688 302 689 491 179 484 524 382 23 898 880 987 290 339 97 423 
737 51 716 973 918 352 50 180 496 402 659 321 17 427 968 359 56 150 712 594 342 528 865 251 878 841 909 612 887 752 878 213 544 551 117 812 457 863 742 782 873 213 595 761 414 238 64 768 704 939 461 660 477 887 949 240 163 518 753 378 523 435 943 231 534 138 519 711 528 900 590 698 961 57 919 701 339 162 632 922 923 530 132 635 871 36 544 427 779 98 532 848 511 629 853 925 258 536 713 994 75 165 328 959 521 146 150 12 803 600 401 821 217 677 642 18 450 81 847 892 837 218 298 802 322 312 752 811 487 991 31 855 445 517 388 685 760 135 923 696 571 942 3 683 757 423 664 750 854 446 192 141 962 621 247 837 269 919 915 936 91 74 988 822 313 860 752 660 822 174 875 203 889 452 642 193 251 353 115 107 227 773 371 13 469 276 587 743 24 292 915 441 33 651 130 483 848 939 679 459 33 641 616 350 254 76 879 259 12 804 641 33 738 882 253 63 925 891 151 352 911 963 171 219 696 95 288 23 875 692 893 515 697 41 790 410 766 415 294 558 773 634 996 95 818 314 901 107 714 693 62 119 900 446 749 639 590 712 468 914 480 839 637 727 820 691 764 932 261 451 58 787 324 379 605 500 689 964 42 468 473 870 419 465 853 280 929 357 873 224 482 469 168 970 41 66 767 567 247 102 335 827 970 454 961 764 203 452 22 855 551 579 459 607 5 220 604 19 108 771 356 722 713 701 958 642 616 172 707 623 903 168 77 903 352 296 409 527 9 698 387 198 892 77 463 875 397 427 97 10 28 264 715 250 2 380 314 71 284 130 484 449 972 773 125 774 197 378 344 848 60 652 281 427 249 399 169 670 950 63 745 800 738 507 604 669 418 330 87 366 672 658 940 979 297 873 341 929 90 970 894 110 21 23 188 643 977 2 561 587 499 470 643 994 317 805 125 983 907 414 857 611 937 52 870 918 344 308 560 252 426 570 108 262 176 362 15 751 451 224 324 633 908 115 350 73 796 545 993 45 309 378 431 141 805 937 231 237 652 935 397 568 862 700 858 764 754 27 294 935 914 421 585 11 899 450 894 919 404 812 750 368 174 214 26 181 10 147 279 835 411 871 137 644 543 472 700 152 21 444 
410 937 106 321 948 223 688 615 36 424 840 567 189 87 103 165 537 217 332 649 362 885 329 887 328 831 503 415 87 475 352 503 924 152 418 23 473 484 713 946 515 117 90 122 751 363 100 155 841 781 496 838 121 721 372 498 229 479 699 299 617 471 748 151 627 577 192 274 747 605 140 62 498 865 425 240 639 963 490 87 908 754 468 375 258 873 858 370 308 310 423 149 336 114 90 420 182 270 682 102 892 237 279 628 438 875 876 943 655 993 66 439 858 105 198 931 483 298 884 909 782 858 155 747 468 835 317 220 234 43 306 602 523 291 89 779 258 740 518 807 362 609 873 598 815 151 408 462 196 471 863 659 314 40 201 146 426 730 990 868 734 941 485 691 327 549 211 686 373 651 996 904 415 39 731 831 378 749 742 433 994 740 505 656 945 190 957 291 748 96 317 871 93 682 9 487 935 289 79 362 595 26 367 576 767 588 615 334 720 436 908 657 793 106 381 507 561 458 201 727 244 41 999 66 182 266 498 919 894 582 82 85 828 258 645 923 234 875 110 746 866 823 74 822 471 356 20 952 457 676 115 57 490 636 414 149 818 606 294 781 577 183 142 738 686 334 335 236 711 563 878 740 211 657 456 667 928 760 180 194 734 295 458 818 304 221 891 395 8 685 108 213 950 170 772 583 988 473 178 744 266 579 637 961 617 28 413 509 872 211 650 914 931 388 295 335 16 157 194 608 123 225 969 111 168 264 30 975 704 856 650 50 188 521 446 565 361 224 289 745 79 357 5 743 238 302 67 590 241 60 908 417 456 387 938 256 713 114 632 902 608 759 224 524 894 610 922 673 539 151 741 247 704 105 323 289 536 359 595 990 139 418 542 904 700 253 170 675 810 52 683 79 806 303 122 103 993 491 845 944 401 575 122 316 326 380 379 586 46 570 676 552 509 979 80 46 496 888 424 839 870 311 370 487 592 156 226 846 26 953 710 685 687 82 407 776 0 879 727 614 231 228 452 578 169 91 716 997 408 400 571 603 394 748 326 560 766 65 692 442 598 240 712 549 534 625 434 743 678 152 765 984 788 746 598 867 578 9 824 794 422 478 126 190 874 613 594 929 980 362 845 235 613 708 228 717 44 533 474 772 
465 945 362 706 752 526 860 111 166 126 335 784 992 454 376 326 788 537 758 153 658 89 99 813 567 26 650 571 215 341 872 28 895 665 445 392 617 611 367 963 296 204 549 348 712 431 71 773 936 571 558 739 968 758 873 63 578 153 598 119 821 552 343 842 779 153 61 219 934 122 588 539 271 869 616 223 131 289 5 104 713 505 410 521 56 329 543 463 622 206 866 497 97 716 585 128 221 273 342 760 142 713 30 837 936 823 925 171 132 832 385 251 80 830 958 214 221 161 26 334 999 404 426 95 648 629 32 995 402 306 635 37 603 613 590 77 756 116 442 262 186 879 181 327 587 165 434 65 269 619 387 21 427 42 376 342 902 812 296 585 511 372 759 592 318 915 715 764 996 930 210 910 234 333 60 402 342 640 256 522 681 608 856 981 635 236 740 642 774 280 609 846 515 282 848 633 655 687 470 844 496 50 394 817 277 687 506 493 996 580 525 822 339 286 905 702 871 672 970 553 844 166 794 733 895 575 47 382 647 809 607 320 944 810 956 130 324 331 298 641 881 131 187 665 261 503 882 935 969 470 392 243 581 299 508 882 585 663 765 126 316 583 616 460 461 448 782 183 219 881 651 159 35 117 989 850 214 57 91 356 564 708 984 844 823 3 540 692 268 794 448 313 545 150 688 514 947 753 289 293 204 628 296 184 170 327 653 368 320 759 120 537 218 588 883 272 993 596 853 793 47 907 731 272 584 464 580 329 733 205 382 345 873 251 20 744 912 561 750 264 930 983 535 294 130 772 921 262 124 904 518 562 270 663 422 545 306 630 679 537 818 928 777 578 458 449 411 683 490 534 139 933 501 599 479 897 688 836 974 693 644 215 920 440 564 176 860 701 218 985 700 907 433 564 107 222 95 32 528 776 653 134 8 212 307 418 946 660 274 736 304 850 599 864 520 785 756 564 385 755 304 604 931 49 134 534 41 268 794 565 653 21 523 573 331 285 724 820 278 911 740 681 586 77 190 712 940 511 897 955 894 466 27 529 352 491 673 233 953 281 819 865 360 166 575 735 394 167 201 367 295 269 131 868 904 830 675 780 628 615 252 364 942 320 562 169 985 771 952 329 111 991 143 73 956 120 456 858 390 304 
78 536 571 612 661 857 164 720 797 409 376 914 489 410 533 363 555 332 60 890 375 912 363 153 162 554 557 17 299 230 997 461 411 1 799 119 681 229 9 31 514 392 491 609 113 146 9 450 603 359 118 268 931 987 632 510 966 346 706 778 338 301 200 83 850 650 361 15 991 592 99 446 847 849 756 997 98 406 332 591 948 879 92 682 170 991 631 452 513 37 516 451 948 207 316 260 996 719 923 67 620 0 77 217 318 763 704 907 276 701 884 329 940 866 93 121 477 78 542 651 431 416 489 266 86 623 859 87 281 755 429 396 624 799 977 416 556 458 528 923 319 909 163 842 622 206 202 219 138 688 135 301 204 629 241 766 382 194 352 99 872 617 787 715 209 864 370 333 514 466 763 621 413 251 179 361 631 630 311 771 177 746 601 887 470 473 759 681 128 698 178 643 621 95 54 436 466 38 550 389 586 735 940 781 550 301 524 633 831 754 267 593 26 469 446 233 149 993 457 906 824 839 454 14 343 623 748 714 662 709 377 669 534 939 674 699 386 479 836 214 136 466 692 710 632 527 616 103 855 737 72 61 79 81 169 971 427 164 76 306 545 307 417 484 242 908 124 267 219 570 614 632 196 193 315 116 211 435 777 548 455 805 613 841 725 704 945 606 75 783 554 371 995 562 46 184 87 322 163 580 694 47 563 823 783 432 993 464 498 240 745 137 114 7 114 103 791 88 412 435 122 931 592 574 576 125 283 100 304 731 455 681 241 445 849 463 3 319 853 466 844 673 599 423 956 30 419 988 807 491 709 618 784 524 316 646 981 263 140 111 939 181 969 796 894 871 586 553 122 686 78 691 984 372 405 241 1000 457 94 60 96 875 608 486 0 68 296 386 457 858 518 287 948 313 974 487 543 405 578 182 287 495 693 782 511 857 317 126 48 689 406 540 7 534 848 571 807 214 778 833 263 313 9 918 379 424 376 143 254 258 377 735 125 266 816 86 965 570 259 474 405 736 16 630 953 493 634 9 481 72 143 878 340 281 293 364 897 780 70 229 396 554 495 703 443 131 586 608 22 999 710 572 403 382 460 234 9 85 849 62 976 374 573 3 311 972 41 731 470 344 447 324 690 5 588 929 212 985 185 634 
239 613 481 893 339 953 384 390 451 582 510 530 12 880 372 244 823 231 69 868 694 521 762 175 963 479 912 299 810 322 304 728 502 756 680 720 859 661 382 819 844 727 145 37 42 575 511 315 629 820 649 627 823 304 188 946 569 189 972 584 847 859 766 43 354 771 752 909 487 92 970 403 139 795 796 299 72 434 793 423 104 592 522 238 217 136 4 966 812 872 508 977 641 697 270 903 15 900 549 305 433 787 316 447 24 987 498 720 747 99 697 604 224 948 305 169 272 831 313 678 987 785 33 973 94 363 394 889 883 148 654 949 324 345 119 742 663 159 275 670 527 721 707 350 892 46 428 21 971 42 654 184 253 380 992 1 551 794 767 58 675 48 694 89 140 815 983 938 687 517 724 325 648 399 475 286 973 10 812 356 822 750 745 805 796 366 764 209 326 230 216 367 534 777 118 767 31 462 33 579 801 39 540 139 153 9 696 111 927 116 186 476 854 837 335 595 33 394 898 684 629 979 728 244 606 963 491 792 361 553 547 83 96 681 814 538 369 61 817 275 521 503 679 749 731 798 458 77 321 384 256 697 464 206 784 317 781 708 585 838 555 689 986 618 973 132 391 349 226 943 859 547 181 122 810 568 902 915 570 289 563 427 369 453 244 34 993 272 190 677 757 849 471 83 638 850 413 292 695 162 798 188 634 677 624 957 217 972 304 661 167 960 821 195 818 235 724 863 178 72 786 845 614 177 881 190 860 318 176 777 137 758 146 836 783 90 500 915 617 559 805 184 867 302 560 398 516 778 914 174 701 495 941 38 713 660 879 889 389 75 536 438 315 971 94 139 206 750 415 680 110 102 650 366 96 221 654 75 783 352 373 698 936 13 989 20 431 486 80 767 11 741 121 946 770 795 331 724 391 264 898 87 58 324 299 77 47 700 33 436 1000 586 60 115 958 375 846 947 420 503 0 860 569 485 698 845 880 254 587 602 917 96 574 164 26 759 487 559 855 942 315 188 202 698 140 347 865 117 171 249 428 813 943 80 322 987 840 642 408 362 726 161 340 493 867 635 923 177 748 742 580 608 954 898 452 578 389 458 530 377 144 399 886 527 500 643 813 747 340 490 341 33 199 69 361 27 373 51 734 817 
651 981 750 20 805 704 632 840 501 112 200 849 885 753 217 910 280 165 735 355 429 714 542 456 447 227 806 954 298 640 637 618 619 804 639 828 140 664 931 538 638 381 114 238 835 103 491 616 300 763 552 118 530 966 97 651 80 221 300 374 693 804 869 761 837 712 303 254 145 183 750 624 580 636 493 234 406 830 963 456 307 954 954 463 933 392 988 711 42 713 596 150 238 882 120 657 274 320 392 568 81 523 300 552 302 423 961 925 442 283 227 346 738 80 238 680 246 415 893 402 961 378 122 703 824 666 743 347 106 478 218 991 698 838 955 381 856 127 240 808 148 298 174 697 943 675 553 791 537 255 45 606 143 555 903 352 460 624 945 991 189 975 436 101 902 32 17 889 205 11 911 53 360 186 217 202 489 904 613 908 72 216 338 789 73 521 31 445 801 858 485 8 247 424 148 811 707 71 969 593 900 558 936 742 476 497 768 377 102 814 478 640 561 245 49 45 862 514 805 102 24 957 539 992 312 356 338 26 395 59 260 467 426 612 642 577 61 262 220 417 769 275 522 475 556 534 372 552 977 702 206 255 188 954 910 169 270 603 967 245 642 79 690 235 458 688 517 336 852 413 812 275 667 55 45 335 354 247 475 42 394 370 578 349 947 19 599 241 275 309 645 24 79 932 748 515 721 773 229 818 795 906 241 671 792 563 788 194 920 380 401 582 31 459 386 927 287 286 764 746 913 840 465 424 72 976 603 660 940 786 34 882 405 753 588 439 649 539 214 374 450 821 241 31 601 149 416 819 530 611 449 487 102 820 903 993 471 111 456 124 390 2 508 893 763 842 730 211 313 236 557 300 128 650 126 852 764 17 895 81 683 887 847 853 335 963 762 817 437 799 176 706 695 962 390 577 11 449 817 793 30 419 689 849 35 678 438 450 783 21 332 743 861 797 684 501 266 665 361 343 260 348 386 675 612 757 861 729 643 369 342 90 286 304 7 538 375 922 795 931 955 728 587 732 639 38 788 182 416 308 995 653 422 658 70 910 364 162 168 286 388 170 748 319 472 108 182 182 653 341 165 57 37 674 898 636 483 69 683 237 976 308 194 514 368 984 444 627 631 590 636 658 176 159 409 205 217 161 970 939 
90 572 474 448 470 886 915 276 167 235 595 22 344 865 122 762 63 513 200 126 38 275 801 760 998 950 812 6 592 814 207 864 642 466 615 430 14 879 478 196 448 42 185 304 850 810 693 277 338 449 40 48 901 453 274 714 712 354 477 790 956 676 470 692 652 336 957 61 562 602 56 653 864 332 989 589 212 511 289 674 904 377 362 265 913 647 123 383 996 540 950 877 142 41 222 323 790 189 175 539 494 986 789 826 709 799 403 94 357 760 210 335 192 893 965 377 970 751 616 405 768 266 441 526 475 389 539 751 318 761 10 230 856 933 733 447 13 153 44 565 651 391 942 556 934 135 667 380 291 131 68 827 301 696 232 257 979 605 989 59 1 134 987 432 247 525 821 708 766 160 874 465 416 52 815 234 771 1 840 137 814 718 437 188 990 812 691 905 499 193 547 116 757 243 620 227 851 755 515 586 980 368 818 494 589 915 292 178 207 408 399 16 358 94 710 699 177 509 119 579 626 492 541 657 810 459 394 843 234 353 0 375 495 180 556 774 201 65 31 317 545 883 386 909 176 68 939 734 77 410 647 786 971 760 406 484 111 745 825 120 1 127 29 818 146 254 608 166 410 782 487 973 451 566 238 673 999 701 819 650 791 983 218 989 197 649 423 165 458 590 770 903 296 491 310 536 947 763 815 107 416 399 7 441 610 66 241 748 758 648 967 450 5 29 908 739 220 25 400 521 718 799 518 886 899 800 896 229 821 990 887 672 629 986 893 356 994 536 80 893 786 766 280 297 174 780 101 302 254 692 313 158 919 810 2 796 574 792 71 974 353 476 152 604 671 617 705 494 69 42 883 667 261 661 511 536 461 271 446 10 236 371 223 334 473 774 609 956 881 511 84 390 918 640 937 297 697 939 728 506 751 585 548 932 736 681 470 725 34 258 637 372 948 348 984 918 598 524 376 967 293 310 10 180 971 59 527 885 401 667 886 797 158 783 912 137 133 366 118 248 190 469 549 934 343 217 938 524 182 14 535 932 324 535 306 271 585 627 131 517 571 43 66 368 686 767 359 569 528 229 52 673 692 203 997 975 167 735 742 212 48 124 189 985 887 608 69 236 751 611 337 890 919 592 89 669 22 629 265 498 
582 551 590 479 162 304 492 524 738 169 407 272 609 934 797 349 980 263 821 777 548 446 960 160 788 963 243 418 323 271 147 819 7 340 226 415 342 954 555 261 960 389 727 562 781 411 885 494 330 5 909 839 218 688 386 3 254 58 627 746 145 948 961 708 14 0 827 907 572 798 410 927 812 154 301 985 864 59 938 308 748 753 142 323 232 54 155 460 311 801 970 790 166 617 732 201 550 474 529 250 315 818 13 69 397 350 650 94 449 367 649 218 566 398 865 836 992 225 490 516 751 67 944 60 957 210 291 555 62 931 569 3 238 967 440 352 285 313 877 967 930 983 688 862 832 922 242 570 444 967 614 258 744 932 576 156 943 967 155 701 472 693 649 24 606 291 701 301 400 606 407 188 199 580 106 237 226 870 431 573 804 353 674 844 908 729 63 676 203 976 659 36 145 648 442 900 861 565 652 142 90 431 87 95 365 974 299 521 236 124 928 570 180 856 465 866 544 725 484 731 432 758 634 290 60 372 225 820 965 359 142 432 569 894 791 522 678 832 354 436 757 965 559 480 291 434 103 490 116 828 45 161 80 876 482 702 772 667 4 108 941 568 30 842 251 405 783 258 328 466 424 519 626 580 382 995 823 354 84 453 53 682 566 595 716 944 672 98 53 987 380 787 107 376 564 704 14 572 449 100 520 799 601 2 325 638 160 853 105 864 835 487 722 743 254 965 979 555 3 472 784 665 189 865 765 702 279 992 801 465 100 130 873 694 359 72 390 93 434 83 807 481 933 974 821 975 654 481 322 176 500 268 174 526 763 86 557 319 635 658 557 734 72 939 137 336 260 569 559 446 665 651 538 889 269 230 179 700 196 769 512 687 627 931 246 531 315 870 91 773 208 917 884 599 631 32 419 853 478 401 639 978 568 776 23 543 653 240 60 159 798 969 979 245 319 10 529 602 880 968 856 767 883 125 212 360 664 128 508 1000 261 838 0 20 671 204 514 974 674 116 499 348 768 868 928 39 922 313 561 594 348 123 110 509 806 807 541 871 577 934 130 185 474 738 958 101 639 254 485 515 892 785 297 620 50 447 61 999 647 988 408 830 365 29 495 263 67 842 638 763 727 876 476 163 251 545 401 674 759 331 
625 74 424 132 466 943 626 620 531 343 563 648 182 81 369 252 27 765 357 447 904 682 374 8 924 807 199 651 670 901 130 866 210 938 583 50 885 373 276 665 495 919 912 308 972 990 240 801 173 778 372 424 657 853 150 741 511 603 362 376 152 83 860 879 125 303 558 230 710 293 807 865 908 628 100 130 503 589 517 553 76 344 32 781 254 896 383 364 842 928 253 373 153 601 642 875 466 871 921 98 697 691 842 627 605 705 604 860 192 34 921 290 316 412 572 275 739 270 962 434 454 490 778 118 359 49 289 111 61 463 442 915 276 596 458 537 493 653 392 511 399 590 865 699 530 716 252 664 635 342 526 739 173 149 545 476 249 174 827 442 150 310 772 671 872 485 455 909 921 295 515 362 645 73 933 305 924 167 703 163 935 349 537 426 116 243 191 449 71 790 150 972 366 165 639 778 755 122 544 11 156 809 751 951 712 300 618 128 498 820 837 517 596 29 743 518 295 341 311 173 661 998 137 309 55 139 158 248 572 828 655 363 61 458 612 278 842 745 445 132 54 108 575 875 541 851 648 166 485 587 930 724 396 719 716 166 624 77 597 8 884 512 779 867 674 800 618 764 230 241 569 187 780 882 358 203 606 285 323 63 811 407 654 343 446 990 432 998 414 818 626 478 394 849 974 924 755 121 332 941 803 948 869 739 696 477 716 181 758 852 640 616 515 190 575 731 931 197 697 358 615 62 671 769 302 797 472 384 111 273 665 489 395 852 532 760 52 58 236 544 211 390 494 216 934 720 873 606 200 591 445 12 73 2 379 195 79 342 2 800 889 629 108 991 594 543 612 612 344 398 288 709 494 663 668 85 732 918 23 530 550 823 295 842 130 140 640 854 248 502 69 910 812 568 330 877 691 52 670 571 536 512 942 596 552 106 406 370 239 587 490 578 555 347 134 480 459 330 529 423 271 496 794 949 644 276 613 760 217 880 580 341 157 214 240 515 596 366 413 538 516 795 790 275 579 742 774 158 967 324 813 844 157 404 156 625 808 272 912 112 898 664 709 426 253 260 54 230 848 929 156 781 282 118 82 953 146 164 442 858 979 145 653 790 786 342 471 20 662 881 147 124 686 432 849 958 58 316 622 79 
680 134 527 881 415 557 172 865 73 757 579 619 898 112 706 772 717 774 201 353 602 431 105 253 867 28 109 865 160 772 405 961 699 881 287 165 730 959 671 725 949 624 587 295 91 249 989 228 224 225 329 85 281 435 67 73 455 980 4 238 115 365 221 116 437 868 99 290 813 853 638 576 562 135 646 667 174 956 907 675 362 717 283 558 42 127 235 731 933 462 301 985 180 985 183 194 909 491 263 802 485 853 42 333 484 177 653 585 922 806 504 279 592 453 218 772 399 474 1000 987 904 59 842 336 678 28 617 858 445 406 620 305 110 322 214 373 301 483 660 855 552 527 183 300 809 744 278 467 392 909 992 766 908 584 109 172 537 956 155 164 229 958 601 278 967 489 341 908 228 558 377 792 72 516 884 594 827 641 314 326 194 804 361 844 188 902 563 536 147 856 397 374 841 697 270 98 125 662 202 960 87 805 164 775 125 13 499 701 688 642 365 30 753 781 788 350 166 141 147 498 601 772 439 39 441 857 155 548 916 46 610 986 818 709 385 299 81 686 797 302 543 201 859 545 303 122 615 921 159 424 622 796 189 806 527 396 744 17 631 737 401 259 861 220 593 28 891 343 404 467 216 3 935 450 289 571 862 587 503 269 997 843 370 454 308 622 664 108 521 967 894 126 106 362 978 807 907 272 804 196 436 933 224 49 413 545 213 746 259 317 716 582 465 735 611 546 73 787 872 214 122 188 144 140 412 579 287 819 261 837 829 750 82 668 671 458 545 223 184 144 446 441 36 419 126 80 779 331 706 302 777 696 524 76 620 224 542 778 479 964 378 54 787 716 903 82 625 111 963 741 585 112 140 765 400 810 415 578 24 509 747 231 654 481 964 9 682 93 959 183 654 407 923 516 421 563 491 404 507 623 265 364 31 304 475 21 953 56 375 307 816 733 867 752 315 802 662 883 50 480 149 184 147 252 492 450 127 330 950 758 409 247 608 341 273 641 619 559 414 89 621 385 849 825 646 763 931 888 61 897 332 648 451 255 735 12 333 880 564 85 271 826 136 669 461 303 298 832 844 695 916 370 253 365 683 323 793 240 321 827 727 983 817 513 953 869 731 568 230 882 691 131 342 165 598 740 970 930 722 280 
785 920 716 784 123 669 562 349 605 218 430 100 269 813 836 277 878 229 571 796 205 258 930 398 736 557 571 526 44 895 821 155 75 928 891 398 500 92 407 100 32 679 719 987 116 673 207 93 299 184 435 905 551 688 101 603 609 239 460 366 830 306 760 886 675 257 521 833 178 987 504 883 656 728 907 663 411 142 819 267 392 508 542 107 800 799 792 309 350 219 445 696 724 656 902 305 397 636 778 319 809 724 836 805 537 807 46 383 836 481 134 151 236 860 557 577 732 194 704 199 646 889 18 186 958 153 789 702 525 233 249 387 840 342 54 960 994 475 228 304 118 675 367 157 659 740 200 48 882 561 267 24 951 728 462 71 857 635 594 210 759 814 141 476 779 492 426 136 222 93 282 365 177 130 907 904 227 439 386 554 255 277 914 358 195 488 81 358 85 93 141 169 611 558 44 378 835 691 658 618 34 354 373 357 187 877 745 219 230 294 849 588 950 143 662 823 25 59 647 210 755 613 653 912 310 816 450 238 438 365 188 788 208 681 340 606 691 552 737 917 79 141 478 782 307 2 682 753 409 157 530 56 165 310 545 245 838 236 322 821 135 655 517 673 368 825 478 281 150 247 261 67 704 972 571 628 317 524 842 264 167 149 971 697 845 853 192 994 642 875 102 125 784 947 100 847 623 106 948 704 796 142 323 235 317 196 248 864 477 554 226 494 335 861 664 196 295 683 968 100 330 6 871 709 370 85 449 809 685 577 583 896 188 856 711 975 909 784 921 707 381 790 158 839 829 72 253 935 94 772 208 379 444 167 835 566 443 822 260 928 488 201 364 361 212 813 431 652 254 786 325 825 10 775 834 469 455 385 29 545 730 799 953 618 267 901 83 839 919 603 819 932 285 305 798 627 585 155 424 907 785 780 814 154 85 976 788 535 902 608 602 960 700 598 461 536 129 124 589 396 269 208 61 549 263 63 984 357 491 417 946 65 611 94 54 720 155 348 696 285 516 552 265 298 768 820 514 266 529 788 437 736 657 981 429 692 352 739 662 246 497 887 464 310 636 584 43 816 795 347 713 308 457 313 776 767 81 55 507 54 437 3 150 449 806 396 980 523 965 518 474 248 616 94 528 297 616 980 797 371 
75 81 214 885 862 961 2 600 50 253 205 197 707 497 923 776 962 222 709 692 257 357 787 298 367 863 360 314 173 9 748 770 60 678 240 627 183 425 129 313 978 742 333 158 650 801 993 843 864 820 875 385 148 157 178 532 302 205 359 656 908 594 734 925 400 293 654 518 387 891 388 642 299 173 948 21 40 336 435 329 2 30 77 196 480 19 693 362 459 780 25 567 967 532 757 904 171 1 808 717 802 629 408 558 439 133 26 630 626 964 522 406 618 897 240 709 918 33 787 150 828 722 629 562 161 559 408 132 475 201 177 324 383 832 395 870 808 52 898 932 55 599 932 324 122 565 65 218 112 423 231 706 802 622 852 973 372 784 920 777 172 167 997 205 636 699 887 718 653 954 616 81 887 719 565 792 570 589 210 274 510 278 645 33 811 908 516 557 198 961 370 886 711 699 532 664 527 497 520 413 62 184 857 404 930 836 302 460 811 247 254 581 583 155 225 520 210 449 208 886 554 97 281 180 54 528 749 525 62 969 618 766 161 559 912 682 100 342 622 980 275 474 669 408 419 530 547 806 613 491 542 513 338 473 82 969 521 569 179 366 713 614 587 111 529 572 93 934 670 586 636 410 648 832 563 649 344 748 431 936 721 51 403 308 683 759 663 391 90 76 46 735 732 510 381 282 196 49 570 814 535 427 43 897 760 946 600 193 240 841 990 275 441 489 362 690 76 247 431 66 417 935 784 879 760 422 906 27 856 336 487 239 786 656 632 499 473 401 922 897 524 733 504 856 521 543 177 413 636 56 788 686 61 232 435 652 835 123 314 44 911 621 883 241 979 553 913 570 185 630 552 409 438 529 195 107 656 785 149 908 307 580 588 808 219 718 591 18 212 350 276 497 407 221 814 995 208 78 541 34 602 760 45 78 72 539 622 721 881 731 713 743 436 664 99 149 521 311 286 775 571 472 827 703 324 611 98 151 843 300 923 941 207 333 506 493 862 866 694 732 343 947 281 660 724 334 668 931 763 276 201 815 769 755 935 976 869 461 62 703 389 258 332 77 470 229 686 406 483 5 125 547 804 217 313 552 409 885 194 659 357 156 707 211 70 848 538 466 323 571 440 509 720 166 150 543 386 401 823 844 
165 115 488 565 32 313 530 47 326 88 203 944 653 513 510 223 861 704 502 599 493 745 655 967 549 33 930 237 6 75 624 988 655 253 185 331 960 126 234 847 710 250 664 271 254 782 977 627 102 756 311 295 285 203 571 761 505 887 217 150 369 332 742 306 370 713 459 73 116 337 184 131 574 96 742 387 870 847 878 200 517 812 180 647 527 228 221 197 563 91 929 370 966 418 58 654 923 934 81 385 948 761 45 888 189 202 970 399 126 692 432 732 806 453 236 378 218 103 913 459 17 182 487 788 474 203 375 60 69 532 793 756 974 277 851 15 490 779 223 353 262 794 84 438 688 654 844 929 262 245 370 729 870 904 868 494 246 797 846 710 97 78 375 744 276 401 406 972 653 371 520 49 317 278 858 888 661 675 284 99 494 707 731 516 192 770 822 342 784 275 851 521 315 455 190 777 887 277 433 346 473 957 111 265 817 279 421 274 90 423 440 498 621 949 937 424 548 676 450 242 879 745 251 442 176 228 962 228 313 546 170 28 200 829 633 848 150 616 991 700 457 901 390 942 546 498 768 989 523 859 745 514 22 85 855 366 431 323 415 57 567 712 764 293 706 301 375 491 850 818 56 617 146 722 671 274 15 669 662 256 460 529 340 427 367 649 1000 742 153 566 735 458 534 621 111 901 137 640 35 370 482 773 247 310 516 337 979 268 227 655 750 641 8 57 270 632 635 623 396 565 224 213 248 60 548 583 113 892 83 201 786 102 264 135 944 535 635 627 141 50 954 973 598 281 863 739 816 603 188 636 377 1 239 328 537 342 298 331 344 76 435 20 676 951 791 572 439 636 850 955 590 884 33 217 504 8 761 198 808 529 763 946 875 335 44 993 127 448 928 638 996 737 917 861 625 761 478 868 639 71 572 764 657 826 544 416 173 247 651 568 908 725 447 306 406 983 99 223 813 40 244 508 911 239 855 906 23 610 815 128 70 223 263 108 759 685 873 595 572 525 854 189 46 426 147 288 224 359 249 755 5 292 48 834 686 841 141 310 870 135 592 183 1 679 120 929 470 908 736 902 843 38 672 743 968 928 817 876 485 194 461 513 276 93 150 737 457 795 84 719 337 744 71 236 606 97 318 247 890 840 
614 948 745 140 352 557 804 453 448 56 690 199 0 289 242 876 596 289 739 495 47 184 306 591 645 271 829 88 721 736 44 681 696 468 342 594 545 505 900 406 997 664 704 688 130 638 894 218 608 298 806 819 312 640 181 310 496 481 514 845 864 196 723 410 123 224 974 885 755 115 692 951 678 698 792 50 711 110 530 903 595 122 862 338 748 227 477 880 511 772 320 233 24 848 74 206 379 65 751 33 67 552 898 496 781 56 145 223 854 462 632 178 126 325 220 646 97 844 596 199 414 921 234 568 46 292 783 709 475 377 687 498 119 830 703 412 225 439 158 51 930 396 814 108 722 422 368 823 771 265 457 393 414 771 626 444 753 751 454 162 660 148 950 4 724 334 417 592 173 111 388 27 806 860 576 549 357 52 65 499 48 467 142 912 81 384 875 302 359 945 539 852 379 565 707 607 359 35 353 834 420 192 550 782 528 821 570 455 586 694 603 937 251 864 641 442 140 413 893 968 875 656 412 340 38 297 601 951 599 926 194 274 388 649 143 650 562 113 228 139 875 904 876 473 116 348 666 428 664 549 305 507 790 481 757 956 821 975 132 459 660 216 647 929 456 920 95 505 253 597 64 16 3 710 508 676 721 227 315 769 306 666 918 637 100 884 639 346 831 554 446 196 952 287 331 521 691 858 496 705 976 672 840 385 767 15 498 945 241 559 440 215 73 37 990 484 498 859 42 463 942 62 817 783 124 12 278 743 690 933 743 966 151 561 587 933 364 206 616 972 495 360 823 594 517 172 993 719 926 495 5 582 558 339 682 276 565 17 92 291 808 63 915 451 770 996 905 503 363 518 78 664 706 928 409 761 57 449 162 201 334 527 884 20 618 435 178 251 117 676 111 159 982 244 50 571 928 172 819 343 302 466 488 373 796 240 602 768 50 410 372 545 313 414 991 531 321 286 238 584 640 578 200 900 259 911 354 254 499 215 304 338 879 202 913 97 478 647 411 242 757 903 761 638 842 639 364 744 682 967 768 317 905 688 252 894 497 216 609 948 474 793 122 326 530 529 638 401 183 402 708 708 534 272 749 443 25 541 518 275 168 441 480 226 12 51 6 174 422 608 1000 485 159 650 977 19 2 668 784 829 
897 588 604 297 45 644 545 212 194 950 571 580 303 975 172 955 895 766 371 450 511 846 659 476 820 18 34 893 503 974 250 54 537 304 956 581 157 82 265 358 59 995 212 790 588 850 273 990 951 14 461 776 868 115 262 183 507 155 0 221 292 597 474 209 100 174 834 665 802 224 325 258 864 863 284 799 593 297 715 648 75 555 957 936 22 495 185 743 922 615 764 791 540 839 982 506 435 17 368 205 118 371 508 279 227 632 114 134 307 111 659 42 99 152 428 71 982 467 941 140 499 569 729 393 949 885 154 59 483 266 849 78 315 763 383 201 461 789 540 888 445 507 815 114 54 506 497 628 159 680 481 101 365 616 608 501 402 180 635 71 252 974 244 555 324 243 597 810 638 878 738 867 102 858 583 227 146 613 868 365 807 609 664 472 602 245 641 86 825 102 234 518 793 842 186 125 875 589 708 460 82 513 870 527 99 593 133 796 315 687 218 712 575 438 572 724 55 998 814 825 858 533 363 135 80 649 495 39 926 735 479 857 801 213 198 882 2 530 791 743 639 925 323 179 878 894 477 993 2 842 896 364 673 853 224 94 374 833 165 928 221 195 205 408 649 878 821 390 748 75 423 551 951 118 48 152 822 396 702 834 528 520 419 517 823 57 322 915 159 428 344 57 457 61 981 16 512 789 724 533 752 30 55 642 729 879 134 681 979 463 880 278 761 598 865 687 433 703 106 789 387 690 290 264 78 963 803 228 124 570 162 730 921 898 799 964 881 947 859 863 124 973 152 481 377 47 516 757 447 189 548 662 151 605 575 643 915 349 525 608 592 931 280 487 699 976 403 458 391 459 321 643 750 0 300 29 482 698 144 588 109 882 348 101 416 606 404 377 163 680 887 185 886 109 166 214 528 518 834 982 41 416 105 479 861 69 992 378 312 984 52 434 943 574 909 875 560 634 998 908 597 945 716 544 168 191 850 713 411 98 663 634 479 888 809 365 208 868 559 278 871 78 309 101 560 209 549 297 942 576 938 834 44 476 785 955 322 717 782 82 623 319 280 911 570 683 570 643 230 267 449 39 707 315 978 662 277 858 639 222 959 132 453 959 867 787 389 619 842 633 227 477 354 884 648 924 416 575 176 580 
491 5 91 289 620 732 427 323 661 46 406 78 273 319 269 246 139 80 200 50 37 153 102 446 626 439 230 764 155 798 223 53 481 457 964 784 253 171 305 445 570 881 144 629 174 69 45 977 526 315 573 380 341 616 743 273 382 916 93 508 998 579 860 492 788 175 649 315 280 71 769 359 257 1000 922 324 374 810 859 292 981 764 72 506 867 786 944 250 116 796 505 829 372 653 336 73 581 92 737 378 750 729 656 486 705 910 336 42 977 642 156 863 100 481 80 6 573 56 523 946 441 470 332 434 855 193 924 805 981 624 342 268 364 135 552 390 687 689 929 688 347 960 278 860 490 316 232 798 728 964 187 326 966 84 548 186 520 843 888 969 366 297 115 661 831 398 148 229 62 429 386 271 301 826 293 897 708 799 363 85 430 18 732 504 786 400 8 251 858 406 555 49 488 796 917 254 442 180 338 81 578 323 822 32 658 734 308 847 18 826 59 469 112 391 946 348 610 564 688 331 543 425 592 786 768 542 422 373 985 284 993 767 926 469 519 535 528 709 252 708 266 275 745 547 536 154 634 510 427 356 541 302 744 511 765 954 506 786 491 367 505 567 542 822 283 287 649 661 672 816 850 683 23 750 368 556 887 333 341 308 939 168 781 402 482 993 684 762 494 300 440 252 741 252 276 96 190 267 785 760 163 62 676 28 591 954 155 715 945 411 435 375 738 213 867 264 977 387 380 417 724 441 789 634 1 116 49 485 295 255 194 70 70 374 473 92 732 481 949 633 552 797 224 396 957 631 785 124 282 799 389 224 956 80 897 432 341 153 655 945 326 317 450 317 803 680 121 108 907 457 610 791 429 752 766 616 96 53 134 276 92 862 706 455 756 286 668 961 448 523 885 52 305 26 921 545 7 151 453 613 312 352 130 883 758 723 447 112 120 304 979 286 304 942 814 278 388 181 464 838 666 85 348 427 893 49 138 374 836 730 790 503 659 165 832 802 25 301 676 250 602 234 112 322 561 28 800 25 535 583 993 498 351 784 288 518 906 133 214 991 589 930 660 749 367 455 105 416 546 884 122 265 397 397 583 454 106 494 747 597 759 400 556 633 656 362 508 751 197 715 370 155 867 618 123 702 762 112 609 304 
89 507 219 451 176 571 617 96 378 309 169 730 974 700 842 68 34 186 592 691 143 30 51 654 759 824 209 555 808 828 239 474 678 933 765 901 994 842 517 390 595 802 411 309 985 225 137 230 333 788 535 858 806 680 108 948 490 868 516 712 172 234 658 385 455 116 604 362 547 548 738 159 175 159 438 803 45 533 243 376 567 998 690 564 20 119 55 309 770 982 820 911 259 352 340 784 467 48 29 26 971 561 733 615 638 316 19 37 864 48 749 907 13 198 548 658 156 213 158 999 427 174 413 817 725 892 390 848 111 37 398 895 793 655 512 356 942 744 450 108 152 381 175 136 886 675 457 751 824 847 528 577 39 418 621 11 830 155 728 8 500 65 977 884 274 863 756 60 223 107 812 905 595 617 18 502 833 751 767 120 178 832 863 147 713 476 40 863 85 0 121 621 139 347 956 379 367 106 430 992 437 683 915 580 734 847 338 648 964 90 95 205 387 480 57 611 14 406 916 273 709 458 307 172 799 449 306 785 517 578 286 57 879 564 430 746 126 651 290 408 643 588 236 296 78 53 581 647 322 722 691 830 745 832 606 476 857 969 57 718 416 708 916 43 852 667 926 801 337 669 598 181 643 886 135 334 73 821 890 193 379 281 872 135 64 249 713 346 111 425 763 204 409 545 743 997 891 154 755 2 23 407 745 290 407 581 238 352 204 781 982 759 601 240 892 456 417 154 959 818 54 68 769 744 477 665 341 76 117 317 379 803 117 475 8 625 788 252 265 648 360 360 692 392 871 644 352 105 976 967 568 60 237 153 68 430 815 66 369 949 508 101 582 947 923 757 882 387 135 153 633 223 945 650 433 415 789 904 1000 338 556 25 800 961 795 766 129 566 204 37 168 353 362 518 169 547 42 1000 657 227 473 779 915 302 640 237 236 414 738 385 437 875 23 76 547 189 244 624 258 562 440 747 525 359 725 157 126 919 536 712 327 181 793 834 841 711 968 769 236 511 382 500 990 647 951 696 1 959 232 702 543 157 208 36 357 33 465 609 917 608 86 838 463 870 642 630 255 316 1 756 427 232 728 953 988 304 869 923 50 162 879 381 722 226 756 831 891 336 667 851 729 887 556 390 532 964 967 36 982 276 
162 341 479 62 868 58 897 88 899 324 543 869 754 570 60 622 338 497 285 652 551 75 816 437 988 100 114 2 194 930 758 580 464 529 961 983 434 616 258 457 160 203 913 272 543 348 671 687 252 904 516 788 35 751 451 177 587 690 359 53 99 975 86 933 659 308 527 511 910 480 116 51 366 424 572 236 917 461 138 440 201 332 319 633 709 394 237 649 214 321 796 561 747 330 895 714 436 265 135 881 537 694 238 712 645 299 763 223 876 200 865 147 955 899 295 751 830 160 549 53 21 502 201 930 162 547 54 736 838 545 796 251 936 181 40 262 137 279 472 725 11 704 260 585 338 628 863 894 797 800 272 650 465 92 811 590 319 951 20 902 84 773 114 877 72 877 705 739 286 243 106 344 873 554 62 557 451 92 101 597 551 118 738 576 819 241 935 505 696 92 781 515 547 953 413 777 647 788 445 227 207 882 486 950 949 105 6 55 332 431 120 893 718 302 588 754 730 532 321 793 21 946 388 282 505 311 101 310 563 524 872 457 218 488 40 550 456 828 60 115 184 433 318 421 662 243 293 425 361 860 811 586 8 796 764 424 41 475 293 979 42 191 495 820 102 4 873 882 736 608 531 932 853 301 31 939 511 632 113 928 86 637 309 624 995 33 464 507 36 165 129 176 107 337 37 499 20 134 635 397 803 121 278 80 447 799 153 798 594 810 646 590 248 906 457 847 713 43 229 668 918 761 777 625 631 675 280 790 579 761 359 170 434 619 419 221 37 144 710 12 746 448 906 918 333 593 198 437 586 200 391 20 822 417 806 654 606 600 484 4 454 175 342 399 648 732 669 131 494 621 398 726 478 628 619 352 482 671 992 297 33 722 667 902 902 495 9 833 590 382 943 176 642 145 284 574 524 45 281 328 166 922 121 802 966 874 335 108 340 982 254 814 403 255 867 130 860 617 321 853 992 210 668 303 229 208 555 657 408 103 994 678 43 930 188 218 409 431 116 281 261 684 361 893 291 393 17 862 226 393 203 786 457 579 60 510 902 410 684 871 482 51 338 287 866 853 381 511 562 207 651 328 951 66 45 922 5 912 61 942 178 16 21 839 792 237 781 154 585 941 691 453 67 382 642 397 772 300 627 702 
913 210 51 498 257 582 889 361 825 593 618 223 36 528 827 222 621 940 454 805 961 997 706 179 799 879 872 777 683 994 844 826 482 985 297 704 506 956 653 148 656 20 898 851 205 108 873 270 492 127 103 497 873 374 100 887 130 729 379 726 870 414 69 449 47 934 409 967 24 365 620 84 529 563 974 826 829 640 93 164 489 826 601 964 450 304 151 56 113 579 161 202 629 781 509 53 867 734 784 935 412 841 121 818 456 694 589 832 877 925 476 654 391 241 661 500 268 590 841 287 847 91 764 923 60 547 864 21 565 620 939 535 764 257 937 407 227 77 697 114 328 818 847 909 458 470 445 655 555 346 264 792 319 357 518 280 979 921 561 802 898 149 141 64 985 554 235 630 250 595 696 512 697 535 791 155 30 268 777 845 521 248 13 870 269 150 267 196 873 171 584 138 316 189 709 952 885 810 484 571 203 616 553 564 473 815 202 149 942 724 119 732 433 774 833 92 220 651 596 563 704 898 964 424 747 843 515 164 753 641 849 581 781 935 357 852 934 291 654 445 483 754 28 757 706 438 918 941 763 382 33 732 420 923 823 3 524 795 932 602 765 756 400 413 248 708 85 271 319 470 649 881 996 774 977 781 810 373 361 1000 796 99 413 754 88 254 757 594 204 736 704 25 710 867 228 634 475 989 400 394 423 333 109 725 907 980 592 928 557 702 158 165 684 21 189 715 675 685 335 806 432 585 576 854 299 824 932 766 349 38 663 556 453 694 84 740 790 562 610 64 317 372 825 91 301 231 99 499 986 488 421 808 624 822 845 820 4 441 375 29 859 292 55 242 915 728 564 791 102 387 25 35 856 310 862 230 929 734 606 305 943 784 678 763 434 476 671 59 106 603 702 564 430 304 624 245 147 45 159 222 721 649 582 92 878 669 694 542 117 212 168 626 980 718 63 526 758 574 269 229 909 897 217 451 614 636 942 501 7 918 228 525 25 245 591 743 608 789 743 306 596 963 839 51 452 671 792 73 432 153 774 897 921 917 315 218 613 214 516 807 899 925 197 129 181 446 288 885 775 247 127 624 41 617 839 802 748 655 112 20 566 179 187 713 105 291 676 961 492 109 249 286 322 973 424 965 134 648 900 700 
595 347 496 169 313 686 485 689 101 795 655 111 521 251 60 768 926 277 789 847 159 429 157 151 943 444 825 348 383 493 339 979 688 189 804 702 185 649 279 897 239 758 583 681 777 371 967 509 755 698 313 107 249 509 1 710 566 11 519 718 594 460 957 984 272 494 44 882 488 244 989 100 481 131 179 646 384 759 375 796 653 612 228 684 747 191 450 367 596 814 479 280 957 599 826 923 807 565 836 336 47 126 390 89 523 624 866 803 591 236 659 917 370 423 116 787 59 100 590 935 280 27 549 296 392 278 323 387 767 211 637 139 788 601 190 557 524 993 442 44 411 763 230 535 506 114 87 130 866 917 271 791 318 880 600 485 61 115 49 969 874 841 609 488 135 626 394 54 788 809 338 992 310 591 718 704 854 436 592 857 515 586 254 613 69 791 836 313 805 356 259 369 775 340 871 136 363 327 864 565 259 918 687 969 786 348 745 609 304 795 735 47 852 951 456 686 366 14 314 38 643 467 745 823 203 486 936 839 1 177 487 818 812 145 351 344 961 497 274 377 591 963 868 983 485 201 220 501 690 338 152 523 338 243 624 467 261 529 352 200 56 267 406 501 297 32 363 929 668 159 619 172 351 645 923 310 381 618 544 317 863 860 274 69 5 470 882 878 993 727 738 597 827 966 556 435 731 231 876 492 508 609 375 974 156 107 143 549 782 682 800 259 977 521 206 229 898 422 856 506 814 478 601 573 622 862 821 460 823 604 253 483 795 572 760 291 629 714 541 249 117 534 487 19 750 138 831 913 848 503 517 988 566 180 488 51 882 384 351 379 997 816 932 740 944 557 896 571 707 58 917 476 147 453 734 961 883 157 918 397 473 237 263 94 676 445 690 861 424 581 666 675 613 88 151 617 295 364 639 612 539 342 369 640 37 494 898 297 315 502 699 477 716 94 416 89 781 540 577 654 498 862 404 116 898 403 478 846 579 609 895 923 375 69 198 259 796 190 978 576 204 736 436 620 142 735 862 601 945 882 911 958 385 487 791 426 22 89 303 185 904 610 454 97 466 320 402 508 851 650 915 799 78 622 218 208 944 304 4 846 315 446 942 77 997 136 600 946 873 634 147 954 600 286 545 906 774 618 944 932 
266 783 472 810 16 217 347 187 463 39 37 130 500 859 47 705 9 56 327 866 397 404 889 958 341 571 706 911 623 724 264 54 930 229 652 828 124 31 657 727 803 884 299 205 629 648 282 369 857 193 900 846 436 705 894 442 806 707 432 396 781 463 18 992 958 372 94 74 186 660 168 950 967 240 722 364 40 808 760 49 332 225 318 668 899 765 369 511 847 998 470 130 206 579 953 306 587 5 893 650 324 833 30 89 212 816 847 172 731 830 905 29 163 939 393 390 746 736 82 105 659 771 809 855 815 645 391 81 130 569 706 156 600 650 564 950 931 658 307 197 36 410 889 555 196 743 543 526 530 676 967 973 22 798 878 216 891 339 546 808 813 978 471 81 179 621 777 61 920 549 890 969 837 306 591 772 674 999 481 741 646 70 835 104 691 454 243 928 19 955 206 197 921 747 284 460 608 358 995 686 156 52 557 85 485 532 884 896 190 650 663 493 57 191 750 77 975 256 852 633 254 961 368 345 182 774 988 123 224 541 802 390 726 312 48 730 161 928 273 249 481 346 884 803 982 293 749 850 811 129 724 592 272 128 215 387 568 983 243 498 927 575 710 320 375 836 162 707 503 368 468 279 946 697 771 400 748 532 150 474 969 745 693 994 507 994 39 809 882 516 690 446 703 560 946 404 970 724 848 213 333 115 31 638 847 815 9 162 508 635 475 363 607 316 46 569 682 595 356 463 148 814 809 333 279 45 113 238 751 936 460 205 939 563 142 898 281 374 852 639 552 830 930 803 958 881 100 694 773 499 361 273 501 892 120 14 78 523 782 171 157 179 841 747 823 791 649 466 535 624 300 989 843 222 239 607 238 535 206 859 979 860 264 10 815 933 733 602 153 880 123 917 5 226 108 537 764 143 573 792 77 495 443 852 878 390 892 580 999 628 140 427 80 501 977 953 383 111 972 985 768 908 610 865 18 927 782 897 419 13 279 531 509 417 584 974 647 904 116 360 248 727 734 864 217 518 324 978 373 792 177 712 241 823 978 233 784 22 904 854 774 378 397 682 677 187 700 113 627 568 682 741 942 837 938 559 873 593 740 121 421 345 736 845 649 493 368 7 529 744 114 172 832 861 20 973 691 121 532 948 
885 202 222 777 744 410 578 742 284 37 424 992 895 500 663 318 98 180 647 279 162 477 363 883 856 668 446 686 775 658 385 941 404 412 801 4 694 97 41 538 684 534 555 943 712 467 649 290 673 618 440 889 427 262 472 911 126 41 536 751 807 844 486 42 511 27 608 224 420 395 90 47 942 274 813 532 522 529 293 239 239 393 742 698 128 384 254 327 159 912 414 873 607 808 906 940 310 442 340 68 424 355 969 14 329 720 829 971 938 505 237 456 801 730 269 802 925 269 321 599 741 39 905 532 509 828 655 994 677 222 50 558 668 1000 310 874 283 95 677 805 766 400 332 906 532 157 412 990 220 787 295 404 1000 200 917 355 886 694 351 17 217 575 181 931 80 925 578 652 89 810 77 971 482 141 66 326 785 588 964 311 288 909 393 494 193 783 564 295 372 951 416 658 837 801 16 335 819 79 476 744 257 554 648 697 481 386 553 525 671 432 43 213 784 539 941 459 217 625 821 555 722 849 377 555 556 146 849 399 599 468 274 48 968 338 354 934 386 772 896 824 528 506 105 964 30 987 542 496 514 248 503 239 875 991 180 298 275 826 383 769 603 96 260 680 358 64 915 845 869 258 974 239 773 372 468 43 887 551 747 394 243 310 410 904 750 22 633 323 657 188 874 284 974 919 631 995 697 51 303 18 857 591 696 63 815 959 566 518 958 33 918 257 885 2 517 264 849 842 973 609 443 718 31 844 611 317 670 709 35 215 430 95 528 983 209 884 421 164 197 428 227 950 63 407 429 689 698 663 177 674 626 442 12 725 917 408 733 927 677 952 146 55 78 163 696 782 806 213 970 807 158 389 84 13 755 82 787 949 511 559 95 99 132 703 151 934 644 737 31 452 876 585 359 821 220 22 315 798 634 722 915 598 249 276 393 612 63 821 945 844 16 399 294 509 367 398 398 826 625 64 135 190 116 177 416 811 70 839 682 349 622 992 81 669 678 61 601 424 181 346 7 621 247 518 979 45 921 461 562 651 547 88 152 285 318 409 816 126 423 733 357 642 652 75 50 973 330 448 596 833 664 887 723 616 467 482 884 145 110 39 303 318 540 807 303 936 965 469 403 926 111 601 378 820 218 456 229 295 189 102 
989 658 359 497 912 332 735 182 308 612 653 532 376 548 613 381 774 992 801 637 150 640 208 383 710 904 748 410 997 326 98 910 504 707 209 18 542 774 340 416 80 889 147 415 175 243 711 874 227 1 416 32 346 257 187 381 293 917 738 70 861 564 612 442 49 106 937 296 987 844 853 960 323 136 591 319 615 425 442 986 893 492 53 667 876 825 419 686 162 714 246 686 494 427 742 892 821 585 501 768 646 614 101 871 384 12 810 61 305 513 831 584 385 682 255 409 658 34 208 239 514 962 933 921 960 910 109 76 121 997 7 651 917 719 224 113 951 59 388 327 364 44 845 823 554 74 790 193 994 65 514 201 211 128 133 433 705 728 856 715 220 499 48 395 657 640 135 598 530 640 753 377 698 757 313 457 785 454 825 69 886 676 329 903 173 944 63 631 68 655 425 212 257 471 424 143 518 370 7 740 294 720 771 867 443 475 695 691 560 311 788 498 584 410 833 765 808 454 255 367 440 552 441 774 327 399 734 750 765 507 513 478 221 904 393 210 581 683 820 987 538 911 284 557 948 622 503 263 363 815 631 937 637 640 275 351 929 467 446 334 429 659 427 216 756 879 982 560 598 8 806 2 220 132 104 241 844 809 79 209 582 547 263 273 293 281 108 978 253 244 521 717 649 958 466 154 742 602 664 640 263 203 875 546 611 18 674 643 322 546 127 273 76 106 813 220 981 383 710 902 409 176 965 831 435 24 978 795 423 908 773 900 396 290 423 10 975 779 146 376 728 878 125 564 329 403 507 429 942 983 301 228 367 941 245 318 837 264 157 721 572 496 923 135 134 135 334 880 397 329 608 630 574 589 695 655 70 886 682 509 3 619 769 935 234 258 426 550 814 620 952 668 352 498 312 295 291 954 662 316 112 56 886 578 991 951 821 598 995 642 121 16 827 20 644 515 325 357 853 362 361 944 181 533 932 237 397 765 140 445 362 93 528 711 857 369 811 135 296 332 240 968 406 295 955 835 830 85 362 653 344 226 810 825 461 252 117 969 277 226 399 188 870 177 681 424 703 658 238 711 562 783 207 946 900 235 46 926 784 729 222 143 670 534 32 388 46 923 989 693 266 424 365 409 229 765 611 408 688 971 
723 665 399 329 992 825 24 230 585 944 118 749 849 727 366 947 665 768 115 864 960 467 523 941 55 91 705 354 97 471 414 239 802 413 453 4 217 219 172 655 352 383 547 774 100 210 587 795 404 116 302 400 850 234 836 460 665 236 337 194 438 974 356 669 702 582 920 892 380 972 500 895 452 27 93 263 31 191 6 378 628 607 266 482 688 277 693 385 894 615 865 283 41 119 423 731 981 956 417 691 808 688 104 360 541 761 718 247 618 986 138 202 926 375 111 31 244 902 142 638 892 172 431 263 253 684 892 460 586 173 923 807 889 200 374 8 909 669 412 500 274 976 198 54 686 420 201 377 308 756 646 991 993 192 715 172 480 821 693 529 802 494 670 249 399 982 883 893 830 469 519 989 760 459 617 23 459 629 677 821 702 529 136 618 410 868 352 847 669 352 107 748 857 21 575 345 517 887 854 812 951 164 970 1000 208 825 789 292 565 515 429 184 952 752 263 937 933 466 177 286 941 951 23 886 418 16 122 373 907 967 156 655 674 150 226 386 591 202 853 878 181 72 873 631 822 817 880 31 85 747 177 480 983 581 773 960 585 940 749 696 297 967 613 484 481 364 72 460 128 836 744 680 579 819 901 92 39 923 984 414 734 958 916 844 350 338 328 593 714 915 643 710 927 71 44 552 678 131 412 428 149 408 113 924 400 11 852 680 852 543 626 225 476 365 761 537 824 353 760 245 268 403 99 872 425 337 529 81 516 462 398 860 939 657 566 208 239 55 704 712 959 131 754 152 885 282 544 911 138 352 944 21 354 711 803 634 307 688 534 180 553 453 698 82 200 817 829 459 92 383 366 915 346 356 630 357 706 966 605 6 17 459 762 309 270 330 405 340 885 166 413 440 132 814 774 644 647 958 450 840 274 651 907 226 175 692 267 79 89 799 342 53 75 284 83 696 701 481 401 470 846 405 776 933 576 569 731 799 477 650 144 422 400 580 257 989 734 675 124 69 645 528 680 669 215 773 831 555 668 860 136 882 774 878 283 649 789 982 606 832 480 785 669 845 674 250 850 794 534 130 498 6 76 939 934 701 499 73 513 680 166 912 212 710 366 464 291 545 573 157 223 308 885 159 417 418 99 127 656 808 
396 844 921 420 637 759 126 802 515 533 6 904 627 204 414 831 453 150 16 704 56 899 170 974 842 733 778 331 33 503 107 554 580 145 410 949 189 289 505 75 51 360 132 410 514 835 459 43 529 818 365 752 136 388 952 364 137 477 140 811 811 797 531 144 309 224 731 916 750 276 959 377 260 251 601 859 553 542 117 714 632 512 710 975 186 30 231 964 183 930 820 200 895 757 705 128 303 529 836 102 45 64 477 552 702 655 828 395 695 727 469 70 633 335 302 77 765 854 593 383 937 742 835 1000 825 353 190 253 370 288 919 701 842 128 314 706 290 845 125 96 846 655 707 645 514 502 134 536 894 358 851 886 202 20 432 879 784 196 143 308 222 194 881 786 647 210 209 542 317 474 224 93 983 233 327 13 638 508 159 761 518 152 624 235 665 837 922 582 506 903 950 488 44 301 655 455 886 437 884 400 33 772 969 810 825 688 383 916 577 224 74 22 261 976 990 83 130 267 363 597 228 380 627 565 7 485 52 953 204 337 203 381 734 7 584 891 240 471 95 627 542 751 454 221 474 825 65 715 185 391 649 214 812 805 277 308 627 499 184 808 259 145 348 972 437 109 110 320 653 49 68 159 971 81 177 274 933 183 33 85 301 350 120 937 301 45 168 667 185 181 538 478 450 742 217 277 331 655 220 26 366 933 603 132 635 975 429 103 41 805 985 793 543 822 504 337 101 651 574 672 502 695 604 627 334 863 842 198 801 305 102 958 92 526 63 793 769 335 85 181 735 467 531 489 93 855 276 243 124 457 617 722 874 119 31 940 500 47 583 388 768 791 74 740 860 152 746 147 731 970 306 0 373 379 877 482 500 242 867 756 537 893 135 590 844 849 518 194 194 411 119 892 686 778 985 147 885 318 968 786 336 62 999 318 514 100 901 371 48 280 618 421 54 837 392 0 65 501 363 685 211 164 784 309 23 3 914 247 170 529 62 617 884 916 615 35 17 186 235 543 260 664 767 38 229 513 663 635 74 470 586 807 4 505 258 888 469 319 143 375 159 598 482 936 397 341 437 484 103 644 483 89 149 455 804 697 31 776 448 899 598 795 87 487 753 573 110 417 755 796 622 261 814 490 767 967 212 595 788 229 
638 344 233 319 75 246 788 565 732 781 62 562 368 645 732 787 654 353 407 60 635 219 528 714 720 81 774 154 757 565 220 386 491 263 289 342 884 23 157 961 693 238 522 550 704 96 784 286 344 727 467 606 465 698 332 115 601 861 699 466 179 807 768 912 748 221 899 13 910 309 799 890 894 592 104 664 242 790 242 383 736 693 499 273 920 273 380 174 413 472 287 890 685 73 356 620 711 826 870 75 218 852 133 592 113 363 140 199 582 873 6 161 568 582 875 350 240 70 286 870 630 23 455 947 335 461 47 447 888 400 358 860 234 920 989 737 514 698 506 561 518 135 147 151 691 552 716 695 961 765 966 664 514 90 187 495 954 310 64 965 245 878 203 951 368 509 21 269 169 339 918 449 198 411 83 769 958 255 718 564 162 59 692 818 938 214 886 780 299 802 88 45 569 561 951 484 572 405 48 31 99 70 364 397 398 233 645 238 610 671 722 780 894 770 743 575 119 804 523 573 259 318 660 495 826 188 806 760 517 192 1 542 878 581 818 43 530 544 214 365 269 363 973 927 39 829 139 510 181 470 196 909 585 219 455 639 280 76 974 778 500 935 190 178 96 972 826 937 836 308 270 312 824 311 94 338 977 994 708 381 95 723 116 41 555 499 93 786 754 789 683 693 962 743 717 651 831 387 645 859 684 662 638 867 423 802 828 427 754 354 298 427 426 127 250 764 910 57 941 991 743 47 969 383 558 972 62 252 35 414 908 54 278 333 978 409 262 416 859 628 270 129 267 915 468 375 153 336 724 25 792 478 462 497 331 259 763 544 756 980 663 123 571 936 459 199 430 382 789 41 343 679 583 139 422 359 34 784 154 606 738 24 500 729 458 235 40 731 215 630 903 162 605 743 748 649 120 139 848 134 860 344 193 950 381 147 803 157 823 415 284 628 841 828 186 641 780 874 646 343 226 119 59 663 115 0 748 370 962 383 684 683 963 682 610 157 982 820 677 338 118 653 1000 95 596 189 732 596 345 122 287 691 165 870 10 513 876 91 116 443 388 393 742 800 398 613 482 266 659 322 189 380 345 386 123 596 88 163 149 153 424 599 965 595 348 137 671 82 568 860 9 253 980 573 809 76 891 562 23 238 
262 101 957 545 38 875 496 492 802 781 214 68 770 666 943 132 403 756 68 280 586 68 390 922 143 33 667 691 32 833 768 207 38 409 501 976 601 432 288 171 557 105 997 697 152 628 352 532 800 849 51 866 878 324 417 399 506 325 719 917 348 44 652 919 588 605 933 941 336 918 50 631 789 758 219 442 688 117 760 66 39 873 628 795 42 474 365 31 404 933 43 38 222 121 851 927 19 526 640 576 458 818 52 523 931 993 10 588 467 479 494 988 140 717 80 547 175 292 577 638 860 18 455 842 961 163 734 526 264 352 787 891 632 264 946 399 26 272 407 653 252 377 585 582 778 606 784 607 554 315 128 738 640 401 347 57 393 543 259 110 223 145 720 101 451 847 296 860 581 75 390 206 917 144 730 576 957 419 513 944 817 179 266 670 346 150 91 428 785 460 643 634 50 767 588 737 205 308 702 680 463 555 110 616 261 662 958 844 593 827 626 251 99 88 952 153 984 3 176 616 845 239 910 118 256 172 200 552 864 629 153 572 977 165 738 187 752 567 297 308 617 544 18 711 943 472 534 764 554 477 302 592 81 217 794 670 206 197 256 832 266 775 790 779 291 783 44 537 679 38 244 752 361 845 608 347 984 418 741 633 669 656 718 330 978 979 990 375 801 115 572 949 189 100 648 487 393 693 384 953 654 360 20 448 366 328 447 704 551 785 113 616 459 266 714 148 543 158 585 608 390 301 203 718 1000 633 103 941 488 245 813 110 923 691 537 674 482 675 819 819 498 358 650 626 803 619 644 451 620 518 201 382 166 627 775 80 695 715 896 572 729 913 497 56 85 591 418 46 17 162 888 22 467 884 432 470 604 514 43 453 619 649 593 870 471 321 368 694 844 255 97 291 429 305 391 627 891 165 419 363 433 280 228 389 631 711 320 43 656 697 707 943 896 814 212 692 593 54 869 896 616 225 677 67 528 932 694 694 703 578 697 306 347 588 12 184 247 700 251 276 24 767 357 370 169 872 271 747 646 397 31 493 521 579 47 738 438 180 85 809 243 259 204 587 285 532 250 622 922 396 973 340 642 947 159 521 869 676 68 218 571 427 640 392 623 669 896 479 914 846 843 192 266 473 957 197 58 963 400 766 
614 934 160 94 895 932 432 886 519 865 121 16 61 132 463 973 453 520 119 779 711 489 997 341 556 838 346 181 989 425 90 969 563 399 928 945 576 936 512 527 499 713 783 441 753 697 284 194 666 411 296 139 308 38 739 672 36 491 141 76 188 183 874 455 788 991 441 228 767 192 879 426 104 616 219 707 396 640 690 151 326 855 212 870 769 109 599 51 346 36 819 356 601 241 336 361 330 526 265 113 163 932 497 235 52 100 577 790 308 337 465 975 903 37 294 919 253 996 952 842 727 94 727 264 4 77 292 894 108 91 715 647 905 40 97 658 521 440 993 649 578 960 661 996 790 627 116 436 73 78 756 821 804 799 449 562 800 514 170 461 416 188 770 183 800 764 968 126 192 337 85 583 85 565 988 614 998 205 543 141 861 613 32 4 952 721 516 486 649 619 53 293 324 793 363 932 0 938 721 515 287 325 233 267 268 998 141 512 976 373 862 225 26 406 138 334 122 7 304 337 784 757 660 850 962 280 667 45 131 96 675 858 2 312 942 753 383 563 344 764 657 939 397 653 814 636 581 647 356 696 918 23 397 654 440 804 764 868 442 816 205 893 504 811 223 650 383 18 219 571 385 653 422 745 199 643 147 300 969 647 163 593 643 860 609 143 507 212 373 718 137 580 665 48 767 660 991 596 65 1 987 154 33 330 299 907 249 458 56 756 787 169 513 963 732 662 757 399 418 426 485 145 658 522 527 323 853 304 971 362 514 743 800 142 801 944 151 340 707 472 198 274 669 897 678 789 292 451 517 952 453 130 560 28 37 549 680 524 541 206 697 615 55 599 389 84 798 233 438 151 161 337 391 915 513 230 337 940 710 603 848 548 23 554 188 470 65 138 888 194 80 546 73 773 776 867 426 207 957 148 997 862 944 538 29 502 698 857 492 244 330 588 206 995 189 132 910 374 730 881 787 326 54 149 953 356 164 63 821 158 435 979 254 546 92 96 244 32 696 213 53 484 186 321 276 700 40 634 945 81 246 915 831 835 562 755 413 84 604 639 545 224 318 223 538 700 287 361 386 232 352 611 387 857 259 986 400 334 975 890 744 717 354 771 914 726 187 147 280 857 313 434 486 302 977 842 906 712 719 829 
77 623 99 885 899 549 575 435 689 71 381 484 382 528 658 896 985 211 431 361 39 367 472 119 134 331 676 89 755 296 922 532 491 270 110 207 834 981 842 752 127 385 677 744 209 479 383 714 647 931 374 25 458 57 255 705 962 179 307 227 975 281 930 336 465 916 480 421 363 899 292 158 68 627 542 181 326 882 993 193 44 183 816 681 615 768 965 764 842 900 241 596 502 417 537 565 462 789 147 842 513 685 399 277 933 890 909 201 225 507 552 212 782 356 602 951 723 732 426 275 98 445 297 36 648 13 730 15 847 511 474 194 188 15 42 159 154 940 892 233 723 147 210 233 386 358 2 300 839 901 268 776 761 627 217 807 441 993 626 212 137 863 34 922 376 936 131 550 936 984 429 458 867 102 392 212 241 895 125 308 308 838 483 133 329 996 504 188 839 867 857 134 707 308 521 227 910 214 885 11 34 317 162 248 494 12 683 543 688 164 782 620 830 710 693 936 275 615 289 608 62 545 156 606 595 378 66 114 67 957 844 291 247 8 684 419 491 257 872 623 377 299 627 39 169 758 507 882 729 509 724 541 849 896 881 869 786 29 860 729 988 854 341 890 643 902 962 23 739 75 469 984 325 209 714 349 411 351 750 865 418 468 551 162 565 406 964 825 164 950 984 751 630 261 563 219 590 528 221 250 724 502 791 758 437 669 514 441 432 254 394 870 684 443 954 607 389 140 165 796 661 382 864 892 669 95 991 840 450 582 423 598 875 135 10 745 578 633 909 799 38 484 126 534 442 232 716 10 936 974 698 668 138 377 638 860 369 474 163 666 323 831 479 33 62 857 528 681 694 298 984 243 709 253 152 428 98 645 142 832 86 136 173 609 321 953 454 613 297 368 573 514 355 705 993 745 94 855 26 157 196 9 442 885 230 567 720 333 857 592 432 619 674 333 434 601 702 538 295 517 488 247 845 162 704 965 630 661 87 543 472 811 365 4 748 130 980 743 6 321 518 919 189 750 703 826 999 377 105 991 857 766 285 410 461 205 954 396 591 585 564 362 244 351 257 442 339 482 59 86 270 435 325 203 300 126 586 312 449 61 599 313 520 436 820 112 952 23 499 561 356 602 183 311 668 98 294 362 316 902 
108 71 488 155 338 674 592 377 3 612 275 663 229 482 523 967 760 207 495 93 235 971 804 702 349 688 626 931 969 914 161 345 793 641 15 94 511 126 101 314 793 373 912 877 644 832 201 249 76 787 682 855 984 141 681 375 163 728 114 605 500 188 786 655 97 839 950 74 865 760 626 542 946 180 296 729 742 239 622 760 45 81 461 918 172 953 303 440 924 266 98 45 325 973 3 485 434 769 556 206 178 415 635 118 540 620 948 598 342 795 743 367 937 63 760 712 34 360 293 926 910 394 736 421 711 449 42 734 800 127 969 164 491 509 584 637 830 730 522 288 699 426 350 544 178 444 706 708 212 299 625 813 383 892 848 89 792 744 589 165 159 359 75 959 911 56 208 622 505 405 295 47 690 708 836 843 536 647 978 708 769 940 60 982 836 626 817 819 589 603 800 23 25 933 985 604 30 625 375 417 142 853 651 958 938 146 544 284 315 948 702 587 734 528 59 703 428 513 360 264 700 591 484 164 827 104 304 558 141 739 567 568 43 292 458 75 132 698 325 255 864 22 917 231 940 750 966 928 952 574 605 765 901 290 332 529 607 922 221 313 399 347 11 623 590 916 898 48 196 794 256 989 8 865 477 917 726 766 944 794 831 284 336 795 139 280 900 66 971 916 903 496 339 200 869 694 870 66 579 360 183 327 391 586 957 988 189 851 867 944 422 493 435 742 330 117 364 35 195 960 879 889 638 697 120 855 971 879 132 87 669 291 392 728 272 809 878 381 54 340 965 508 55 274 311 741 756 244 269 92 465 804 190 667 762 456 677 445 403 100 764 144 274 347 369 247 455 706 530 870 443 497 484 943 631 904 722 757 772 436 27 483 854 791 14 764 648 302 542 459 746 410 433 18 4 721 69 249 90 159 43 12 437 146 735 665 338 598 472 966 715 532 323 359 717 565 502 51 570 426 972 568 15 176 366 66 471 177 542 574 906 268 861 662 551 832 938 6 40 386 527 454 70 689 162 797 835 529 38 26 102 899 599 283 484 193 411 25 762 882 664 719 393 116 431 321 923 302 901 17 711 188 303 943 313 434 816 509 378 278 738 233 903 459 979 948 529 166 45 985 64 19 333 502 73 379 379 893 365 244 
378 99 194 438 934 111 841 531 624 17 556 123 788 328 501 136 764 71 529 764 937 886 606 257 693 789 842 811 921 700 467 645 753 584 719 351 608 757 586 23 662 809 959 195 467 98 466 901 246 505 607 349 28 93 106 907 208 83 599 713 937 706 286 966 451 276 921 333 874 777 839 57 823 850 143 832 824 891 743 27 974 727 844 866 100 773 337 540 704 536 306 111 832 489 814 825 172 175 456 169 79 559 699 443 91 340 294 152 382 921 560 612 677 849 90 627 638 274 430 353 500 639 103 388 868 234 511 759 390 307 38 448 593 26 467 522 910 585 759 233 883 719 914 413 281 419 77 108 147 355 793 281 170 0 562 496 438 110 435 249 347 518 351 462 560 412 68 700 99 558 998 302 132 141 607 447 11 792 105 281 776 616 264 218 166 223 234 71 597 184 70 476 451 857 878 998 619 590 847 736 384 568 460 366 763 662 11 309 190 94 782 211 318 722 463 347 478 346 729 141 403 260 409 495 595 621 647 409 180 176 914 854 478 120 135 286 943 269 498 2 723 972 323 803 143 995 602 318 420 380 980 485 547 187 70 290 105 652 946 769 809 601 772 19 709 860 234 779 541 486 292 520 658 828 867 636 196 475 148 943 576 319 947 686 456 600 245 311 385 210 524 200 679 2 64 705 337 765 114 266 287 398 436 371 17 391 741 566 492 463 516 593 302 110 807 288 537 893 668 916 700 66 189 499 430 853 738 655 985 822 606 338 849 639 584 276 398 293 348 548 694 252 244 112 718 865 824 826 991 795 762 884 473 443 103 597 659 806 412 328 334 991 209 649 477 845 824 504 581 96 337 311 329 328 14 409 107 880 602 460 582 315 20 774 306 676 242 468 615 203 73 178 962 20 267 666 510 888 528 426 249 320 21 135 331 865 677 587 649 613 353 836 300 777 744 537 311 829 658 567 791 262 693 934 977 217 986 866 36 873 513 231 617 257 975 541 301 15 913 734 936 623 241 857 691 141 663 967 383 703 911 272 303 564 742 410 33 409 699 309 785 653 768 161 368 911 424 971 109 691 633 669 0 40 419 423 660 306 520 702 313 55 441 905 121 960 271 132 312 278 788 679 529 942 729 700 448 929 467 427 
554 704 94 459 677 178 288 565 390 40 429 380 407 736 663 484 285 436 713 184 95 314 558 361 801 792 359 172 56 267 609 390 492 388 590 113 294 451 447 616 439 975 137 498 220 329 40 163 392 263 237 856 759 392 874 953 79 759 280 870 951 25 252 532 772 152 262 488 448 900 237 831 547 171 60 809 421 940 627 645 798 622 167 404 698 32 485 60 196 930 522 529 993 939 222 746 637 664 581 146 681 807 533 786 200 8 623 661 880 770 730 521 519 591 310 174 5 355 808 492 173 133 966 458 69 762 740 708 968 572 967 234 77 687 849 108 566 386 879 674 7 795 620 759 943 597 186 67 760 511 583 280 450 446 690 550 28 169 907 106 428 506 509 999 973 407 709 812 220 273 819 138 477 880 719 719 102 95 343 515 53 759 24 523 490 951 336 168 750 951 955 278 433 410 491 98 782 879 292 581 258 139 168 948 937 258 877 82 838 379 440 497 602 508 337 398 737 686 513 695 825 100 55 458 131 696 385 476 417 80 695 127 959 6 82 228 766 21 72 390 219 348 293 557 332 562 75 775 427 296 715 518 266 236 639 768 525 632 413 401 411 864 956 402 527 562 834 925 574 374 408 501 209 302 39 426 924 849 85 372 77 656 795 554 571 377 946 120 785 877 700 876 353 676 646 168 224 887 849 791 991 747 17 758 451 847 70 77 633 989 564 687 220 816 281 604 658 769 737 558 845 984 562 516 244 15 318 738 104 8 560 785 484 659 686 318 207 587 59 750 952 102 351 215 154 461 771 674 984 264 459 292 205 123 569 2 931 148 572 608 750 468 536 742 183 595 536 83 779 885 460 51 415 663 803 405 879 821 521 180 825 40 177 886 978 866 984 17 667 717 615 306 890 85 972 451 396 677 601 950 761 766 568 98 154 531 345 548 215 271 133 864 822 234 858 239 470 847 375 323 836 685 628 266 871 307 289 971 140 822 928 439 933 266 113 605 83 515 277 767 437 232 880 518 369 220 5 586 234 378 11 253 182 461 959 441 137 613 504 687 102 162 763 968 783 496 21 315 432 655 356 15 229 38 753 183 547 860 289 126 575 504 656 177 571 805 61 575 574 641 996 512 803 476 259 793 505 969 40 668 
945 174 24 326 791 885 705 551 447 626 311 337 557 990 233 715 990 320 992 172 429 720 154 122 53 265 427 188 42 448 558 90 747 192 940 867 635 14 932 535 13 483 640 442 306 251 833 466 26 410 83 441 411 811 169 46 713 256 771 391 631 664 74 362 398 469 551 222 190 691 330 801 574 996 866 869 570 463 921 411 126 359 960 606 958 209 658 49 647 174 734 137 843 168 208 416 215 843 936 275 804 479 90 86 791 699 470 738 416 828 976 536 885 550 191 55 965 569 737 124 463 504 876 416 32 117 958 926 639 951 126 113 620 217 605 885 745 645 11 86 343 419 842 922 691 511 59 183 342 58 748 921 249 215 402 254 907 822 204 254 881 164 911 769 249 725 632 321 791 290 729 232 811 54 871 296 803 100 231 485 449 650 95 876 86 271 514 288 556 661 704 263 409 17 673 518 525 427 400 442 266 556 169 560 61 239 803 48 397 318 408 313 493 612 139 68 70 860 952 914 838 963 619 188 685 270 767 974 972 1000 686 59 770 865 689 473 643 448 52 931 199 847 987 452 873 284 126 965 161 493 149 171 562 676 631 449 966 194 122 476 125 537 223 289 734 758 676 1 828 494 398 238 746 341 294 66 474 112 245 133 919 308 537 324 919 933 231 820 949 934 588 58 798 567 719 879 877 856 502 687 183 265 817 581 728 835 509 705 755 584 419 902 941 365 444 890 298 357 124 417 800 540 582 395 125 705 742 666 138 952 862 353 668 202 816 304 8 111 403 385 216 512 533 14 622 457 941 620 664 653 53 925 405 990 274 463 609 78 522 546 920 476 181 970 788 806 637 864 344 609 667 323 903 386 638 359 924 184 540 5 463 513 782 522 470 39 82 864 333 540 772 365 566 189 192 962 6 982 384 589 280 282 26 301 77 153 477 853 713 411 79 842 821 885 256 185 950 52 528 636 139 718 908 525 71 676 823 453 80 241 261 53 999 206 561 338 818 686 589 736 546 319 275 199 332 495 644 553 626 379 683 350 781 192 67 743 231 517 641 498 345 113 603 588 600 300 592 224 918 544 655 37 353 424 726 549 269 272 821 736 826 747 985 948 609 771 763 629 786 668 231 299 537 172 561 961 528 291 107 256 
745 889 381 379 202 380 745 838 814 748 129 819 646 664 31 665 476 369 141 470 748 140 218 291 478 463 784 432 855 527 649 228 582 290 290 607 947 318 775 143 124 40 781 419 736 286 67 767 436 437 870 217 578 704 691 159 310 98 542 878 350 403 649 842 847 810 198 496 394 599 23 78 667 164 786 247 448 799 891 571 349 434 729 371 758 397 231 73 493 483 446 718 0 413 839 557 917 821 389 555 232 34 372 821 262 958 800 639 631 355 381 480 76 442 86 478 843 947 960 598 588 325 202 56 151 597 775 164 680 308 628 35 24 449 266 171 1000 429 625 531 328 193 906 848 764 609 267 777 985 704 692 441 815 766 436 716 246 800 464 241 879 281 546 320 1000 303 551 395 157 246 136 434 989 369 835 613 594 54 782 247 887 22 226 169 614 513 715 567 176 118 288 183 801 558 199 881 116 429 428 39 298 926 149 915 849 875 848 355 516 215 804 873 706 27 90 861 608 978 68 135 876 170 361 192 941 135 162 696 220 501 135 82 542 654 339 731 800 133 46 510 206 76 654 886 480 258 83 664 859 435 323 218 33 538 248 822 817 785 971 671 682 632 271 134 310 79 32 872 645 442 355 846 813 614 411 200 543 253 393 968 550 260 111 745 892 426 553 937 257 511 585 398 891 726 767 36 136 264 986 383 207 589 350 784 623 230 736 834 315 411 720 74 175 917 356 788 477 68 5 323 385 455 341 404 364 772 13 733 805 696 569 396 486 553 88 261 718 469 290 516 396 250 589 450 348 789 756 170 88 392 649 342 428 682 865 297 538 258 154 979 546 818 749 249 978 434 175 840 503 817 339 447 648 683 342 395 449 681 440 172 966 947 577 192 721 573 75 231 72 258 414 666 623 44 502 85 578 463 228 751 930 112 168 812 536 628 371 15 988 692 847 765 126 732 354 444 745 439 514 604 794 894 981 429 420 463 534 380 249 199 891 727 741 879 426 408 122 167 116 730 124 845 588 367 132 780 966 526 816 274 938 404 490 618 679 970 500 936 706 112 328 574 206 39 457 633 654 216 169 122 289 694 805 825 671 791 350 276 653 975 321 907 810 476 82 760 929 1 917 868 550 932 271 902 346 94 343 417 673 905 
85 696 169 951 676 634 431 79 37 139 10 675 709 843 803 73 583 580 239 43 619 907 898 445 642 723 440 814 286 850 113 995 439 756 951 769 350 932 0 23 600 205 285 18 247 14 195 993 82 204 870 923 139 199 77 586 325 10 822 988 438 119 730 88 650 908 994 588 925 430 534 476 683 994 145 479 25 856 114 292 633 206 41 883 83 671 683 596 237 371 187 184 282 721 869 211 205 811 338 798 66 918 491 350 19 506 904 108 750 275 261 446 860 398 968 880 650 743 440 61 930 162 150 897 944 718 351 924 541 170 508 556 953 20 564 826 866 123 49 776 109 198 240 463 706 199 117 934 683 810 441 38 343 73 815 846 851 440 90 233 573 66 232 257 606 374 198 519 548 377 461 564 693 68 599 331 363 286 114 954 336 645 75 434 392 47 898 50 82 92 421 48 395 281 494 74 898 592 730 848 71 370 981 674 533 15 714 318 429 53 54 552 751 137 888 373 469 761 845 423 164 298 209 898 928 205 374 517 421 630 653 644 22 504 296 402 59 693 924 658 336 189 257 462 964 135 403 225 815 149 698 295 37 736 190 294 251 961 317 8 138 934 253 208 467 258 101 223 728 345 113 16 555 914 35 126 128 243 124 330 616 221 788 205 835 80 424 443 194 745 183 798 779 667 720 411 403 464 826 979 652 502 878 896 650 42 585 108 638 171 879 453 149 202 172 277 80 80 170 601 935 688 487 977 883 974 441 597 56 302 837 840 375 336 616 638 263 603 169 179 610 472 969 551 258 924 770 566 366 783 449 907 807 409 318 103 885 594 155 111 579 181 396 811 125 398 776 399 533 507 194 176 433 552 885 197 356 955 809 660 432 840 92 331 193 455 218 899 934 318 288 471 759 268 244 652 357 186 869 493 878 612 891 726 890 798 97 741 640 802 79 437 65 17 455 130 549 756 47 106 349 943 195 866 783 278 836 287 105 828 73 0 242 778 14 72 120 1 987 657 530 430 203 382 299 658 674 594 758 359 320 788 741 895 773 466 831 919 968 396 925 724 88 456 696 99 560 808 805 885 833 403 945 276 647 448 320 100 675 839 119 946 69 801 980 688 833 420 38 763 707 685 319 562 598 703 278 888 910 445 
840 866 556 619 617 717 196 748 56 395 960 520 730 317 988 714 695 763 389 461 918 616 34 257 978 163 71 272 263 155 265 581 706 175 763 699 198 96 14 280 251 224 1 516 921 119 597 761 224 540 203 712 891 61 134 380 242 833 293 767 465 976 381 28 233 401 564 875 673 805 646 458 256 284 979 775 218 213 310 746 272 750 905 839 194 766 500 776 757 861 555 282 939 356 60 700 209 463 935 979 728 967 997 393 985 669 867 506 29 316 606 321 491 807 144 866 630 550 858 244 792 673 281 28 31 114 518 710 422 406 58 674 262 355 312 153 923 67 424 762 613 64 77 226 70 230 554 686 826 998 77 413 29 783 933 634 742 501 58 470 804 378 112 89 336 680 320 509 338 129 640 321 881 469 775 71 561 220 639 232 290 916 911 992 344 690 27 176 629 311 452 25 753 658 952 782 652 980 306 705 815 464 608 960 383 264 326 937 301 126 383 818 640 679 353 237 779 29 183 128 13 322 493 440 503 953 613 924 441 998 248 888 706 498 933 357 634 473 513 303 251 841 833 777 730 34 698 284 113 287 876 689 150 421 471 432 396 405 50 994 719 692 352 15 988 701 196 898 722 298 646 598 232 655 72 321 696 927 372 179 301 210 918 819 750 696 482 791 114 250 668 926 735 386 897 884 284 565 860 548 623 996 896 54 768 550 986 988 612 78 474 369 610 56 949 717 653 160 995 980 148 617 949 622 566 458 694 847 888 330 437 729 54 113 425 578 629 882 212 179 299 988 510 548 175 343 168 726 100 764 407 47 725 780 57 986 156 703 436 979 323 157 33 342 926 898 829 267 360 951 952 732 459 790 224 372 652 111 591 770 365 285 531 308 293 896 105 71 16 550 438 186 10 146 896 885 922 450 763 865 54 403 994 657 238 268 367 398 648 254 122 205 411 630 464 240 415 825 953 685 50 588 721 533 285 287 112 565 274 907 691 604 213 749 302 803 428 634 832 576 895 307 225 213 858 668 867 252 321 445 341 599 258 705 890 653 201 146 631 565 280 805 124 357 546 919 968 72 614 852 405 430 429 496 35 795 920 305 141 890 475 673 848 265 329 590 123 138 697 655 17 779 619 532 786 225 434 565 2 610 
55 348 538 147 372 671 657 625 647 663 285 807 547 222 477 646 609 417 221 361 259 944 92 159 560 660 918 662 2 613 819 760 510 274 873 91 395 184 599 617 489 738 753 519 738 359 709 78 768 566 692 671 805 612 600 360 889 844 760 146 632 437 248 548 12 880 913 14 305 860 392 593 457 901 580 208 736 265 864 470 392 242 610 763 197 408 850 684 715 495 444 366 927 623 745 570 912 236 148 90 449 168 227 877 73 225 580 265 687 440 952 802 393 570 308 166 363 998 882 633 564 894 895 206 752 181 265 263 184 623 539 579 882 925 174 759 417 51 285 183 790 423 871 599 837 446 457 496 227 899 378 997 994 771 68 156 52 626 718 75 467 741 895 487 650 196 766 551 951 129 607 404 290 306 956 335 647 117 177 972 710 705 989 180 185 491 774 786 307 471 684 122 905 146 633 730 508 592 878 656 813 142 914 546 450 568 301 406 441 297 531 935 654 940 84 562 224 330 227 516 692 113 132 934 886 402 444 310 952 92 511 127 111 967 52 358 126 53 18 697 42 144 647 402 150 913 169 688 731 215 122 778 834 525 97 837 185 92 929 318 356 701 545 945 576 227 674 374 21 450 791 679 407 133 73 320 98 858 604 531 251 70 23 653 894 426 105 376 783 448 423 985 119 398 852 301 951 132 329 676 413 499 769 972 465 962 438 896 66 564 610 962 915 934 500 682 436 468 770 303 877 784 278 481 529 8 235 804 484 423 723 566 618 571 173 46 830 71 153 692 643 930 284 92 1000 797 489 525 114 746 696 750 692 562 423 319 388 982 811 1 600 101 821 820 507 26 163 899 474 75 874 328 830 542 375 844 199 820 452 938 845 551 541 154 315 720 258 639 193 145 309 987 593 634 84 999 449 706 787 825 627 131 649 768 981 105 188 803 454 489 156 450 851 673 918 34 846 22 523 190 531 21 821 955 742 603 356 871 846 648 604 162 396 368 888 885 642 289 825 760 154 366 206 985 729 593 27 366 282 406 468 513 951 923 617 125 315 497 29 68 878 373 861 196 93 89 46 206 466 950 764 299 348 472 186 748 961 928 29 437 446 124 168 599 785 876 358 632 73 98 216 69 862 178 295 409 793 640 538 454 
805 14 845 1 31 127 444 76 82 835 922 543 119 946 224 557 342 959 884 128 555 227 457 340 656 33 898 506 16 334 485 385 844 202 113 24 223 188 594 641 934 114 105 538 706 659 641 225 132 863 414 781 199 171 665 24 310 7 960 681 450 571 617 634 395 499 729 971 940 318 918 160 933 757 567 220 908 794 524 816 357 40 782 203 273 961 31 154 226 360 371 788 459 680 389 800 685 822 304 780 906 795 781 575 101 264 446 930 359 817 248 215 37 501 621 270 861 736 337 882 172 294 695 957 429 676 629 154 231 904 805 428 757 32 254 235 423 674 548 889 269 428 520 920 864 355 7 207 775 118 200 804 536 866 137 261 808 221 728 273 970 624 515 87 782 343 339 134 518 293 205 654 531 344 684 19 352 225 299 457 74 453 231 584 227 194 379 907 357 254 160 943 473 423 655 993 26 755 775 122 653 141 281 694 515 484 251 979 869 629 379 679 506 275 354 411 3 854 897 57 487 467 539 682 3 992 588 225 522 656 27 144 451 773 712 403 267 454 470 39 730 855 90 219 331 250 808 522 960 877 241 112 245 234 160 451 83 882 491 722 772 259 871 976 963 142 208 958 662 360 754 958 473 435 798 241 615 779 549 809 789 767 603 953 355 27 393 798 476 895 500 632 692 748 646 963 596 171 484 697 674 17 941 286 927 122 148 530 292 825 256 223 607 991 491 288 799 348 981 242 945 0 514 524 271 614 203 462 85 855 465 776 653 703 430 328 558 781 251 363 883 884 432 643 758 198 930 335 156 536 919 913 54 876 787 641 574 27 688 289 745 218 1000 211 769 75 608 987 97 493 441 480 733 549 814 602 59 22 75 68 139 593 1 642 757 280 342 534 499 567 587 657 521 647 973 572 63 944 497 720 580 807 558 310 513 401 631 69 597 600 897 493 5 182 360 103 738 426 409 783 77 143 927 488 636 897 482 58 207 926 442 830 274 260 994 507 939 405 48 290 103 79 349 700 795 869 33 908 563 624 926 958 331 496 814 615 202 618 17 541 969 866 330 602 406 721 518 779 891 39 384 623 722 828 165 847 25 325 228 965 479 554 237 734 306 835 503 283 782 29 696 507 366 905 253 9 245 689 432 872 
505 86 898 386 746 74 5 190 124 710 545 213 221 854 134 923 90 695 311 46 735 916 735 370 978 562 50 722 161 508 947 390 45 423 429 433 335 405 486 958 33 295 209 881 292 331 254 80 94 504 975 859 743 886 969 237 323 892 34 623 894 849 569 554 197 876 281 777 168 427 992 18 359 364 107 872 893 424 40 529 117 610 19 476 513 179 736 396 256 658 380 269 299 244 797 766 448 830 608 283 559 928 194 127 891 870 927 761 887 207 570 969 193 4 143 127 325 20 97 502 808 705 116 948 301 220 312 718 121 779 198 23 288 892 414 3 464 374 348 558 622 760 145 401 634 367 650 74 500 65 118 943 523 944 744 188 427 646 402 178 824 819 84 377 763 241 141 403 535 520 326 479 502 895 300 654 271 56 592 294 462 104 377 321 284 310 413 124 780 63 554 920 913 447 921 399 787 276 356 686 662 139 815 292 79 882 126 484 243 944 962 911 889 803 935 451 910 773 641 407 221 474 615 518 634 861 936 854 621 6 901 161 746 445 880 28 439 209 665 789 694 792 590 266 906 600 361 441 277 48 919 469 168 126 580 942 900 995 751 109 583 847 881 95 272 383 577 514 120 565 516 477 488 233 890 264 604 491 42 325 120 776 939 157 809 877 327 357 566 700 194 988 804 533 363 909 936 606 974 408 323 362 831 293 598 105 921 320 962 540 545 26 145 846 318 392 904 11 682 100 968 133 567 33 829 169 74 406 658 497 814 248 367 412 22 75 227 941 220 717 109 497 198 803 594 624 611 816 419 972 642 577 510 966 412 603 615 403 473 588 942 964 346 586 274 74 62 323 107 992 694 69 874 534 429 161 214 249 146 390 30 418 394 181 611 704 32 4 591 464 968 664 92 590 95 327 29 398 612 894 733 568 820 595 546 224 514 157 438 104 650 118 853 635 72 504 60 670 888 852 567 960 410 345 13 144 492 175 910 110 908 326 49 248 632 830 471 69 363 841 222 796 161 450 588 247 718 316 652 42 307 486 433 453 870 13 740 53 18 290 238 952 267 440 36 725 83 254 212 169 929 488 859 164 343 168 877 785 273 166 26 433 498 209 64 377 881 742 203 494 923 972 488 69 82 352 593 226 878 968 
405 149 26 949 657 893 784 355 131 119 46 307 195 855 36 763 732 195 997 99 847 223 116 475 207 772 541 793 870 524 889 145 878 188 827 79 74 404 649 766 404 529 528 673 883 465 492 95 167 249 840 123 722 928 367 755 120 120 274 542 132 700 559 279 380 890 772 758 396 341 122 556 15 814 959 483 664 245 467 63 418 437 931 396 199 835 787 258 235 664 738 54 935 834 919 521 601 740 515 587 771 600 325 326 144 285 371 866 528 297 124 850 707 759 573 668 441 713 464 822 966 829 560 526 539 586 311 940 307 953 491 924 721 924 454 233 489 323 826 114 982 790 459 445 315 689 176 803 699 999 601 57 941 170 67 861 400 751 301 509 588 195 787 277 15 327 794 46 17 837 497 303 987 567 663 847 352 225 659 343 229 986 41 25 255 728 8 6 371 858 523 383 918 69 940 917 756 374 936 682 110 320 101 309 956 688 710 374 347 432 101 291 956 16 883 865 346 504 987 295 700 80 424 534 197 347 680 773 908 291 833 76 807 984 478 822 764 941 129 225 285 960 684 860 455 640 626 928 874 260 115 879 598 856 643 695 536 27 966 920 83 549 686 19 756 206 135 359 617 591 618 11 702 741 628 545 355 216 720 595 299 475 571 510 298 185 51 731 396 465 397 81 7 554 85 437 840 462 621 502 703 225 996 829 310 263 711 344 488 512 666 349 437 234 977 485 716 829 158 651 692 633 910 300 574 476 279 144 47 641 578 437 380 734 825 218 487 561 539 266 278 590 568 822 531 468 299 450 402 66 195 901 655 654 212 102 73 247 928 209 152 111 166 389 266 499 236 812 871 320 510 577 734 5 201 181 262 875 507 678 495 746 631 718 146 2 574 271 503 80 60 892 918 543 1000 140 82 947 262 937 824 308 819 349 933 674 881 971 337 349 908 161 575 372 654 399 583 947 62 275 798 482 107 940 246 511 889 75 741 970 331 746 645 347 349 688 108 249 40 773 299 267 670 269 249 187 121 715 972 226 421 739 360 684 661 148 265 229 183 692 639 547 945 520 999 533 139 299 314 389 212 515 2 16 171 117 552 538 504 964 451 728 176 207 895 447 265 660 60 413 671 646 74 773 443 476 362 747 149 473 
531 519 602 169 221 422 180 174 203 174 905 451 462 188 676 765 471 378 807 800 549 587 900 508 646 400 240 301 433 607 225 268 783 188 947 412 711 661 717 37 552 108 582 665 957 421 888 329 196 143 693 447 412 653 403 382 330 606 956 654 795 549 333 131 912 786 631 648 737 560 993 385 677 898 367 355 665 935 481 357 794 948 438 84 151 54 899 871 724 498 159 865 266 968 57 13 468 83 527 508 524 558 384 524 855 609 710 580 760 330 85 722 552 432 114 973 951 652 975 382 397 582 502 319 909 343 703 172 110 239 979 259 412 990 848 498 190 579 597 352 275 941 187 784 820 431 531 233 631 254 179 929 14 411 614 563 137 485 56 579 862 595 244 991 804 623 238 936 149 670 46 487 939 770 28 152 609 675 211 899 597 988 943 733 600 950 4 523 271 883 598 250 661 458 920 244 680 446 386 190 666 27 749 72 638 474 922 324 657 393 690 313 6 875 523 386 648 197 650 22 191 754 964 161 317 591 328 246 49 510 904 216 252 263 937 344 964 711 80 627 319 197 25 196 991 534 535 413 336 128 956 705 750 140 805 342 658 947 793 491 417 777 747 144 130 958 549 769 779 797 851 961 585 222 584 262 234 514 690 729 700 432 525 587 282 738 823 511 619 252 518 322 898 36 970 604 102 502 844 592 995 531 614 499 781 81 866 173 673 658 802 30 353 680 606 340 647 603 57 550 756 340 358 101 156 299 205 396 35 877 732 80 292 6 679 170 890 836 678 937 241 333 663 743 566 157 415 809 96 147 284 627 57 665 447 883 24 54 974 115 961 864 883 729 522 558 419 671 797 383 474 637 399 903 935 181 574 224 758 458 222 718 761 644 747 627 688 116 155 125 11 49 879 324 775 928 252 879 975 115 836 503 817 493 117 182 530 925 722 883 179 246 84 545 227 521 122 668 114 608 889 197 95 690 283 827 836 327 507 497 226 424 582 911 24 974 900 323 706 660 756 768 229 759 946 512 107 945 676 800 553 407 370 477 736 380 61 246 170 200 423 850 177 669 552 223 693 443 175 476 378 668 403 707 251 76 231 67 337 561 917 445 67 957 296 370 886 602 796 99 815 849 261 347 468 924 326 778 749 856 
639 7 253 428 538 151 762 73 488 541 770 324 639 62 229 465 588 421 126 892 922 782 603 480 416 86 508 50 928 156 634 591 217 17 629 496 767 457 653 988 995 629 865 956 472 242 868 21 854 725 836 633 600 144 488 22 145 644 257 709 848 740 271 97 232 201 296 402 923 220 936 851 962 860 20 573 277 395 779 836 510 13 333 609 282 781 243 663 266 885 593 255 330 919 950 595 288 191 819 258 459 602 151 989 922 739 832 535 169 611 711 284 69 379 926 432 492 138 44 474 572 308 951 906 917 844 484 894 635 920 245 516 440 593 830 885 941 891 369 11 650 712 805 289 372 922 622 413 908 558 451 799 325 62 953 335 495 559 895 809 536 957 637 558 367 660 316 474 936 865 86 50 571 140 587 341 890 625 625 429 106 39 213 88 578 256 277 609 325 840 925 555 913 456 801 315 986 70 443 709 618 379 603 626 99 421 32 730 347 125 371 199 646 756 298 360 556 50 737 679 97 197 441 84 95 55 882 670 885 142 113 379 694 388 522 994 226 921 619 509 600 176 29 614 831 46 165 44 973 770 516 701 375 51 178 37 305 488 210 764 81 992 245 794 66 332 555 30 480 472 469 557 466 537 674 735 692 520 460 440 165 7 213 124 643 465 501 323 532 790 166 635 164 183 980 213 723 773 772 637 290 286 667 610 61 874 868 536 574 906 774 898 548 106 450 529 997 904 856 120 455 465 11 395 477 884 63 244 173 201 340 528 500 65 433 923 343 401 7 571 71 826 320 783 446 669 835 479 360 49 538 549 215 93 988 64 993 901 883 828 807 227 598 811 304 634 114 323 699 655 92 417 116 163 812 377 500 384 300 352 850 389 985 13 381 777 728 124 890 495 442 733 590 814 493 815 971 153 773 761 336 366 568 178 367 569 274 315 437 754 496 629 65 680 735 495 18 632 857 722 446 282 269 679 803 697 904 625 591 339 556 881 689 522 189 676 836 54 368 335 688 68 245 220 918 625 892 197 119 807 855 425 169 850 673 974 287 268 81 333 404 56 209 100 643 670 731 212 92 306 75 696 320 954 91 699 718 272 261 901 77 103 400 578 13 144 20 438 406 424 637 691 496 839 44 877 378 237 776 682 
464 48 871 366 331 349 797 618 715 262 156 918 39 495 993 520 791 256 824 324 253 214 944 787 851 967 54 95 600 637 693 329 551 855 480 471 500 297 711 928 960 321 666 89 423 327 709 781 621 804 909 843 827 978 39 718 548 615 274 290 136 692 216 924 889 375 234 42 716 113 181 673 902 227 817 21 146 836 829 463 677 490 697 262 75 541 400 361 242 418 412 320 460 452 56 71 837 30 784 10 752 66 461 921 714 227 591 393 899 404 719 78 148 528 25 571 780 58 817 419 523 383 197 986 171 677 240 807 796 725 683 766 704 366 901 234 621 764 378 477 198 477 230 929 839 535 920 730 513 545 415 797 819 356 427 670 202 895 534 231 230 412 669 641 429 310 506 612 650 708 718 954 986 548 611 260 872 836 236 737 211 502 16 142 811 859 33 104 921 996 132 737 689 736 7 725 362 84 393 969 192 314 106 655 940 582 119 538 864 402 865 88 925 892 475 320 270 343 702 965 144 202 800 839 420 698 951 59 714 675 184 123 987 161 847 957 940 705 406 574 10 630 107 85 685 16 839 809 971 322 334 309 269 755 281 771 856 260 811 904 198 918 768 114 982 256 190 622 694 869 97 514 444 99 814 579 612 694 693 362 351 820 322 466 512 956 936 987 621 217 287 912 508 401 812 153 35 225 404 348 813 264 879 819 487 835 172 956 303 215 315 105 587 744 790 667 729 474 658 360 155 780 378 649 167 862 930 357 58 415 577 40 330 101 358 8 428 922 533 29 341 269 988 695 756 713 574 291 374 169 429 830 819 363 906 343 25 320 251 554 750 534 583 906 618 326 443 51 44 412 578 730 481 217 403 563 284 371 854 175 838 14 710 327 59 257 166 827 342 404 852 309 417 738 903 626 840 78 475 583 852 411 4 944 928 460 20 489 326 207 847 509 141 501 703 633 500 871 798 877 573 3 665 90 567 572 165 204 364 838 172 584 598 609 326 307 723 19 689 498 659 474 774 778 644 721 597 887 831 885 19 474 638 940 471 672 58 397 193 962 167 442 887 114 842 28 251 604 761 456 528 239 536 66 361 581 9 229 462 443 976 83 293 408 13 592 689 532 84 913 848 981 98 208 827 206 277 308 613 499 
123 695 812 764 856 418 43 802 746 224 434 187 541 379 65 398 507 177 751 493 89 399 610 897 819 166 414 807 600 344 381 622 915 171 245 696 523 797 751 380 548 426 278 480 51 462 553 839 829 513 712 175 503 684 495 329 915 406 420 947 212 733 591 658 232 852 429 556 132 727 181 532 381 554 855 988 498 184 109 305 720 857 632 79 417 453 586 918 336 590 35 854 596 645 359 566 314 974 74 265 827 689 144 914 634 262 771 474 96 681 578 411 835 357 495 425 609 256 274 813 366 820 259 237 520 337 1 882 113 630 516 52 596 646 791 152 3 72 995 40 144 506 941 563 100 913 332 607 295 890 968 452 192 895 989 980 194 868 671 304 760 864 837 83 542 533 145 897 234 323 122 460 288 238 305 719 999 963 935 803 744 449 142 298 302 1000 921 683 767 335 44 528 371 993 163 750 611 873 856 337 834 79 280 688 942 986 181 849 13 116 179 327 969 476 480 411 373 20 616 0 462 576 837 347 616 547 821 915 800 841 905 871 533 293 698 883 169 212 712 340 299 247 749 763 209 990 100 729 1 857 316 836 907 274 635 327 193 332 686 73 42 185 235 55 237 732 412 276 12 652 652 506 748 377 253 641 672 504 449 687 551 863 33 721 82 428 293 224 455 397 522 877 158 800 545 808 884 853 438 360 952 477 555 15 197 313 447 716 550 28 170 738 103 36 943 249 213 191 46 360 678 876 516 559 320 761 498 562 65 702 955 552 430 31 36 537 235 917 769 994 549 995 554 494 512 247 250 257 175 660 198 52 963 275 822 827 886 404 410 696 994 941 794 968 917 989 204 248 322 261 388 942 523 632 140 915 830 214 143 378 852 462 581 765 756 243 980 420 116 308 260 90 402 144 492 440 310 39 252 884 923 71 316 138 233 48 379 452 147 141 232 696 411 721 836 71 268 82 661 732 450 856 269 918 429 485 694 36 549 418 317 960 748 479 898 765 695 1 631 633 546 432 767 718 19 624 371 723 434 594 984 646 12 596 612 810 395 878 311 861 711 949 930 936 216 920 337 466 372 188 405 710 583 930 274 962 497 300 629 268 851 27 39 722 71 625 404 89 310 998 332 696 539 225 919 692 425 367 540 992 
930 616 878 731 831 863 512 481 730 929 722 896 734 109 134 336 907 173 884 755 190 307 304 338 933 541 381 605 891 573 18 41 175 55 125 923 156 973 549 277 896 547 426 702 717 785 103 302 810 647 766 965 689 399 915 322 600 252 221 612 702 157 24 487 92 766 780 353 942 444 234 650 10 430 908 712 725 523 54 78 588 498 223 409 292 271 643 923 751 141 200 546 123 814 228 343 458 777 635 413 299 46 924 622 611 956 391 565 777 969 928 470 605 330 872 848 95 186 886 586 2 446 347 538 518 144 668 173 331 312 700 310 532 676 431 919 55 962 848 982 440 237 697 197 797 332 834 51 150 852 236 866 188 605 68 597 835 279 685 965 806 823 858 339 100 589 280 817 247 746 648 403 226 680 954 376 464 875 458 478 407 873 200 882 896 945 172 473 743 665 481 219 279 962 509 761 586 508 772 343 157 535 342 33 678 724 808 678 994 538 123 252 718 297 40 910 646 909 496 603 404 892 117 445 74 37 663 733 865 16 793 689 606 283 904 723 42 818 549 381 315 82 996 58 327 644 479 170 623 584 820 936 668 958 783 167 418 23 854 238 997 118 754 820 538 451 621 750 771 901 474 323 24 343 955 96 64 594 981 52 987 776 940 840 993 245 484 277 533 949 16 289 143 322 954 957 785 271 676 446 911 498 738 858 349 114 603 657 612 371 880 851 543 544 912 457 64 92 721 297 685 293 932 617 704 29 786 305 850 80 37 872 112 882 663 442 501 963 8 721 497 655 525 669 100 924 447 527 895 386 492 825 778 154 17 275 342 602 547 383 661 600 234 58 963 714 341 497 955 944 370 625 0 940 242 820 996 705 968 133 568 743 264 260 710 651 539 613 678 461 966 305 640 806 696 974 720 371 668 60 873 907 373 227 804 80 529 28 668 160 897 214 834 445 720 992 53 677 484 136 522 69 10 70 910 727 825 727 104 103 443 480 422 201 887 93 33 528 154 893 985 36 146 695 20 133 37 576 923 193 723 955 9 314 650 686 280 929 929 529 438 847 15 602 856 101 165 769 863 657 992 320 927 426 45 945 756 915 756 253 312 538 156 133 727 121 436 202 548 502 495 268 30 519 449 381 778 767 892 996 
622 29 930 168 86 951 358 54 953 585 856 29 12 801 696 971 487 997 160 457 375 952 362 269 218 35 29 125 967 292 351 201 431 672 359 583 53 494 39 621 643 393 763 543 887 305 604 916 65 782 559 29 785 964 474 928 981 375 445 906 397 342 936 191 255 464 529 666 438 7 5 324 695 940 838 622 83 428 800 657 290 10 531 67 802 25 524 210 139 859 208 863 826 707 715 448 103 96 674 817 417 130 569 667 541 808 390 982 994 87 539 145 677 428 672 3 201 490 427 831 146 73 716 186 188 748 171 854 781 658 571 990 948 179 109 674 63 147 317 154 171 811 593 379 299 580 984 333 655 787 788 394 728 172 546 746 730 655 455 109 963 720 913 959 283 487 50 358 765 606 457 331 4 295 508 322 99 515 777 213 975 658 743 329 63 452 701 225 124 219 638 659 626 443 315 953 617 48 498 499 672 352 281 136 79 756 783 366 470 741 695 467 522 568 768 352 590 280 738 796 260 461 823 727 828 235 294 31 134 917 234 622 981 126 662 91 65 751 581 598 675 981 324 201 115 560 189 380 754 613 863 274 974 687 537 424 815 813 906 507 643 24 757 154 258 291 425 897 727 363 399 185 155 229 837 755 805 667 686 999 573 936 340 735 888 2 654 588 428 883 829 617 40 129 565 50 102 559 852 103 680 195 44 483 798 66 300 578 622 939 416 55 330 572 882 105 813 430 724 748 840 805 57 322 208 836 36 996 398 819 377 747 492 127 82 995 755 362 73 109 623 341 447 60 616 651 408 785 47 593 823 795 719 568 398 651 732 233 669 72 638 441 52 614 671 557 668 83 493 427 212 905 976 899 650 156 116 883 376 909 557 824 755 551 426 785 37 813 412 146 64 257 981 909 966 754 257 819 179 108 720 258 30 456 731 814 218 186 936 813 199 212 775 268 426 679 43 565 179 245 636 831 910 362 747 931 433 155 278 141 322 787 266 31 191 641 405 937 527 923 590 371 914 876 98 243 367 270 510 64 529 537 137 145 179 28 51 107 650 112 552 265 472 962 937 218 336 866 114 869 572 284 737 941 752 310 345 723 31 844 292 591 99 423 244 188 887 927 752 601 223 446 31 435 373 137 206 964 591 937 
263 355 558 174 82 200 428 811 517 216 814 170 123 517 631 709 141 567 379 32 273 438 139 625 908 34 719 777 299 704 392 736 823 914 459 721 656 638 479 224 253 731 640 923 553 607 38 628 916 381 203 849 530 651 513 946 70 689 283 892 32 581 479 168 948 790 828 854 657 328 492 294 208 431 941 111 156 906 277 59 338 437 303 864 646 947 828 86 18 352 122 885 603 266 850 954 76 270 618 189 753 693 113 284 653 109 104 957 760 420 97 162 354 410 146 308 407 244 43 752 107 889 331 57 69 468 871 614 552 208 803 107 870 991 923 738 593 71 672 646 893 952 768 92 989 806 776 284 547 314 279 907 746 736 50 918 85 971 853 7 58 471 918 886 875 753 661 494 813 476 480 430 403 989 548 614 862 21 933 848 20 271 120 658 275 201 799 61 10 669 191 345 675 626 577 340 807 799 621 638 197 628 257 823 98 486 37 91 480 321 956 740 542 693 441 131 821 400 874 944 96 73 325 883 297 42 126 140 402 817 447 990 911 63 170 90 300 277 561 660 138 872 419 791 670 464 0 935 934 272 365 357 813 524 550 84 593 650 288 442 701 862 615 937 527 309 152 718 360 134 114 945 562 3 217 491 257 451 662 535 229 532 973 904 216 803 908 386 372 874 274 300 922 413 764 280 609 117 28 871 711 974 415 585 68 213 989 135 524 506 555 63 857 15 450 297 165 918 351 859 338 404 641 654 860 55 917 795 748 118 286 502 782 856 926 669 17 295 417 128 443 225 923 532 987 273 584 659 812 819 110 823 992 164 481 944 800 780 713 381 953 276 605 555 21 970 530 885 322 568 88 6 714 537 223 529 870 990 314 340 140 44 688 563 20 36 496 765 638 183 29 916 19 181 181 409 347 744 609 80 517 367 363 714 654 50 139 921 636 531 869 669 9 840 721 186 396 949 178 324 642 240 926 626 469 26 326 308 881 231 930 778 1 226 74 162 779 507 426 768 60 293 73 528 761 889 647 685 545 450 217 887 257 557 665 333 8 689 856 306 905 718 809 844 426 244 310 404 697 971 501 702 468 158 937 690 993 749 672 850 941 69 406 639 804 623 411 848 342 423 887 965 212 520 934 488 529 892 122 59 
11 86 711 941 192 372 479 31 380 94 39 806 706 959 911 831 166 977 500 3 43 717 830 951 275 473 49 233 893 725 882 170 417 796 37 776 499 227 684 304 810 122 411 524 444 294 233 174 198 390 451 797 654 835 839 348 657 92 650 123 197 847 220 708 867 501 394 595 144 384 911 553 603 251 829 390 104 261 723 847 28 784 186 445 434 357 460 128 390 845 420 676 747 99 710 506 263 598 413 848 592 275 20 762 424 659 396 754 585 930 254 440 965 41 709 89 384 705 284 495 720 209 179 510 903 531 868 750 112 287 388 293 322 628 748 314 571 597 66 0 587 637 718 657 770 587 245 676 749 837 947 892 222 259 43 785 662 565 805 103 828 866 1 824 686 821 53 699 985 335 682 215 183 552 1000 985 439 186 536 476 566 607 0 367 466 238 584 418 94 192 576 292 246 399 527 175 465 991 584 299 359 173 868 201 217 619 106 495 891 671 608 539 407 884 582 423 725 160 53 334 371 460 680 261 398 435 789 548 466 748 813 527 907 59 292 673 216 312 972 345 219 527 190 332 502 162 810 510 257 277 603 942 816 212 791 811 703 540 165 46 106 797 467 515 962 588 33 718 741 224 105 831 245 748 432 190 730 776 377 275 375 188 398 217 149 409 737 271 941 757 780 569 683 472 209 507 451 704 37 867 895 46 529 387 332 489 268 518 48 591 181 46 198 861 198 922 755 684 515 0 733 967 475 62 205 805 832 748 758 63 697 758 54 821 250 647 282 738 260 440 536 114 349 393 763 554 950 186 377 613 476 684 591 729 653 955 602 316 799 482 315 417 785 153 169 425 526 637 238 843 70 375 636 301 30 853 138 775 992 315 959 934 450 758 509 590 889 588 941 962 405 984 403 146 966 427 469 491 196 744 942 129 373 169 166 398 105 312 704 515 903 114 609 229 981 806 472 214 625 662 671 516 921 956 68 582 37 408 395 543 924 551 433 20 133 917 214 647 224 925 560 813 869 906 725 85 55 964 128 497 44 695 154 717 496 896 7 259 429 819 369 922 984 503 272 723 37 343 684 710 953 318 934 808 471 372 850 264 58 343 958 267 245 702 804 489 780 555 857 230 572 366 307 615 786 100 904 92 187 109 
389 774 616 41 795 591 797 617 897 624 11 5 370 847 199 645 895 509 545 941 596 408 553 211 76 535 873 688 57 208 909 161 360 803 816 70 305 200 384 98 948 405 768 327 418 678 119 701 693 668 248 975 432 344 454 297 3 31 567 712 860 687 351 701 591 475 905 464 900 990 108 795 986 456 625 514 32 114 608 619 861 493 73 766 24 558 766 496 222 227 559 213 69 724 253 330 648 709 163 723 507 383 454 399 135 658 517 605 450 515 60 19 849 724 608 333 486 645 564 915 585 250 902 111 651 320 103 941 817 527 460 599 223 667 777 844 374 761 764 845 285 317 469 900 558 241 373 702 817 547 292 269 542 296 452 45 605 53 681 179 728 881 655 476 653 843 762 256 880 860 344 994 656 266 781 855 169 793 834 726 108 625 968 479 377 808 190 844 758 553 202 857 172 19 246 77 412 660 588 200 90 305 907 382 685 263 370 702 63 160 624 250 907 501 980 125 273 658 789 864 32 636 408 936 970 788 555 706 761 860 964 253 926 723 55 969 906 330 425 881 498 891 274 112 256 565 667 731 203 280 592 644 421 716 159 443 84 169 330 570 398 491 939 536 328 404 97 652 751 707 774 425 683 860 112 286 239 256 738 131 715 966 872 419 279 268 871 77 51 59 780 880 846 867 545 792 392 458 774 194 922 766 306 289 481 229 920 152 980 471 614 4 629 47 727 4 437 10 369 512 938 345 658 606 279 674 832 144 321 869 498 686 665 437 471 279 607 170 977 234 94 769 166 685 982 817 761 268 0 804 399 331 77 216 441 773 840 379 561 16 460 261 841 944 702 614 506 507 491 507 24 55 731 531 54 196 152 94 45 952 513 72 837 163 655 372 784 308 655 762 616 479 352 259 606 147 329 117 639 746 609 526 767 11 173 107 797 211 331 622 304 942 390 66 741 798 86 103 340 151 440 512 79 854 151 929 845 874 389 41 185 654 306 10 565 290 321 94 890 602 939 599 256 393 705 148 916 943 261 973 650 265 701 484 807 288 551 497 585 800 299 705 460 907 703 809 132 336 467 89 461 694 691 212 914 182 404 915 193 471 60 400 245 960 659 375 104 24 476 483 579 520 723 510 338 875 233 411 862 273 
961 269 463 577 26 533 987 707 165 835 803 894 436 392 325 105 275 509 807 598 764 366 192 260 585 630 889 925 37 575 98 468 866 147 989 189 800 850 960 957 760 983 392 777 529 731 610 380 862 291 906 438 430 959 226 549 252 880 767 213 922 449 694 240 147 632 298 11 717 986 882 244 508 69 176 589 665 938 873 453 642 37 624 723 823 733 651 679 152 76 908 864 571 34 360 847 171 886 637 721 879 768 594 404 203 677 950 258 585 519 180 72 793 327 345 858 572 336 268 724 613 736 381 802 474 885 424 697 759 212 142 828 311 410 236 129 739 162 495 25 667 251 910 732 505 896 679 936 255 727 726 934 205 543 88 459 757 376 974 422 240 177 790 665 234 240 317 35 575 921 130 681 375 361 403 281 387 783 581 453 416 821 238 737 771 270 309 353 537 237 313 530 120 705 17 587 519 757 393 312 931 806 111 458 2 751 176 558 703 349 992 723 718 980 595 593 841 997 264 112 478 457 915 779 647 278 142 695 421 550 852 824 367 700 781 556 259 383 584 300 824 150 646 470 314 543 126 564 71 36 27 8 853 62 641 565 745 405 70 508 68 732 637 970 237 731 704 411 972 287 106 331 605 952 196 145 296 623 506 416 56 234 900 285 319 32 285 144 257 704 192 335 501 433 206 881 916 327 995 793 751 954 374 919 753 836 188 419 178 452 398 802 350 967 843 675 747 423 286 131 771 341 513 112 469 710 490 302 873 658 190 253 824 238 985 757 339 359 163 702 195 469 9 835 284 643 586 666 543 92 50 182 159 647 572 594 980 208 775 154 433 574 420 217 838 732 69 537 861 438 281 598 388 803 542 117 893 492 112 159 660 64 447 645 636 393 975 614 652 869 862 952 522 492 690 691 166 941 688 780 515 328 546 346 708 698 492 467 957 946 756 562 52 1 591 154 55 392 480 595 978 308 987 77 911 60 30 153 275 585 678 954 921 347 880 311 275 106 671 464 887 515 550 905 845 94 0 282 660 267 625 724 909 300 695 357 205 651 236 371 922 74 665 534 426 604 948 520 283 741 428 117 244 955 757 569 383 611 292 648 989 18 853 941 15 675 655 754 829 994 588 115 10 233 78 101 428 20 147 534 
756 835 754 476 674 345 888 821 807 939 343 158 856 720 76 700 390 86 880 449 358 323 214 123 251 625 885 93 676 917 703 248 421 447 676 366 97 833 440 133 684 303 132 283 45 301 992 356 298 301 245 497 999 398 942 710 29 228 581 89 383 723 635 409 920 564 915 581 48 838 522 855 150 840 894 730 2 537 119 611 990 314 629 434 277 250 649 192 129 517 699 511 596 64 61 688 206 567 359 197 94 177 879 43 367 176 588 911 851 924 187 73 365 755 659 662 683 977 796 194 321 856 818 870 737 295 678 125 281 445 823 211 744 74 773 638 499 802 190 321 90 540 244 22 210 684 733 957 399 774 997 548 768 196 634 375 962 35 257 857 448 220 66 225 111 501 62 13 759 35 271 64 285 425 305 265 890 986 96 829 649 314 188 513 858 577 878 49 244 188 299 867 509 830 933 714 973 324 727 725 59 260 282 740 481 892 419 977 16 631 195 272 638 84 802 529 137 443 47 565 525 879 496 394 16 956 972 293 778 531 237 909 466 120 114 623 979 795 692 54 436 746 177 375 63 259 719 423 301 234 995 229 488 560 226 160 150 107 419 40 683 875 920 429 8 113 398 625 118 716 870 372 919 123 336 799 333 310 469 713 339 809 209 666 3 653 711 786 429 946 320 389 18 525 553 933 877 550 790 622 918 755 849 52 143 783 166 423 198 291 219 29 384 145 241 69 932 557 737 280 294 235 800 553 225 146 962 591 470 836 86 472 122 774 760 805 282 822 889 177 337 928 972 761 177 405 957 400 687 892 125 282 427 351 328 567 885 419 541 344 925 926 723 87 629 234 79 822 450 707 270 284 943 597 851 564 16 562 998 42 974 746 848 498 831 671 983 906 528 888 853 16 7 873 748 987 791 248 315 223 702 239 867 43 938 973 740 226 596 729 684 496 462 378 967 395 190 334 602 721 970 626 104 236 127 943 621 844 314 481 269 694 419 169 277 758 449 223 13 957 178 518 181 710 384 618 84 479 860 944 192 463 117 15 807 823 989 713 148 533 887 129 706 556 318 272 659 709 567 307 593 659 583 845 930 436 526 803 518 381 928 471 289 802 170 118 475 300 503 235 191 704 226 266 471 741 579 298 22 922 
923 987 319 93 288 113 18 452 629 870 908 847 461 785 17 214 677 80 127 620 388 637 310 970 523 962 646 710 566 866 767 528 380 66 50 212 478 860 30 907 577 496 626 988 400 507 710 655 190 201 178 479 603 288 476 674 458 747 487 723 337 855 293 679 386 695 449 88 917 88 205 725 673 991 901 75 952 576 412 219 641 804 422 984 727 887 425 443 419 965 110 783 128 897 950 878 470 826 170 83 681 485 834 522 672 745 232 178 104 132 288 809 205 411 314 14 854 521 635 798 144 732 135 998 95 235 305 600 144 421 990 464 522 548 593 121 552 905 494 603 87 865 610 843 569 792 381 109 254 244 533 589 77 786 783 859 215 383 93 486 684 518 76 198 231 75 356 888 92 928 444 371 753 531 145 849 295 449 370 323 611 308 982 7 118 945 306 809 832 631 77 806 879 372 904 582 280 994 399 13 333 380 95 828 784 448 9 908 367 560 753 62 76 184 740 95 610 235 484 578 544 47 340 499 701 292 643 962 579 150 263 362 14 813 131 135 809 245 177 1 639 105 320 508 695 287 204 182 78 395 0 990 239 190 749 527 347 539 100 454 906 38 381 757 743 829 851 697 578 549 894 561 898 396 171 323 27 353 623 884 203 748 194 332 20 913 554 651 739 369 114 110 864 496 326 166 556 907 121 577 228 188 48 31 714 507 389 94 922 661 707 663 804 680 972 921 953 586 115 705 896 362 905 417 426 876 594 245 115 88 169 835 650 705 556 205 916 452 187 373 134 691 819 289 889 442 190 641 89 486 852 809 912 862 79 972 725 438 251 738 111 650 994 290 90 128 601 7 262 219 645 300 725 585 682 632 864 503 444 360 101 390 996 473 213 429 111 775 782 451 940 590 677 689 899 916 994 42 825 488 908 974 520 548 266 444 954 59 520 358 345 354 496 349 781 390 599 415 141 418 413 432 525 710 641 652 42 34 642 834 633 361 381 80 512 918 658 787 127 702 198 762 983 260 28 457 15 803 389 463 818 709 482 84 636 122 20 784 207 325 197 982 397 312 467 488 163 214 114 26 749 347 547 683 330 581 183 420 318 412 502 402 687 833 826 330 251 378 37 377 368 356 415 241 134 146 631 200 626 39 
903 141 464 681 940 841 435 581 207 672 70 662 746 231 135 228 355 994 457 34 884 68 482 531 746 521 793 28 602 984 958 785 703 97 336 506 743 228 888 976 332 557 474 628 504 64 8 743 767 940 420 45 540 726 589 269 468 296 496 766 900 818 344 820 568 447 697 15 862 685 624 874 640 716 931 199 863 731 385 575 928 167 322 910 974 795 826 410 941 429 827 832 272 158 117 801 177 138 881 302 942 213 569 88 89 517 532 625 337 917 178 524 533 21 785 906 603 701 948 439 832 469 673 280 157 967 664 61 1 99 339 408 454 838 715 643 338 951 264 25 39 63 567 626 448 279 290 191 940 794 500 683 320 805 253 547 884 98 48 685 275 676 641 651 150 521 961 411 429 313 782 835 789 730 385 171 680 50 7 789 923 508 756 763 744 271 688 405 940 691 884 866 96 603 322 760 606 708 746 557 756 168 447 630 683 502 57 253 170 181 116 284 361 465 498 987 173 322 90 508 745 580 48 925 903 893 253 901 900 992 474 361 78 79 716 692 940 391 382 720 122 134 757 373 374 424 61 308 874 531 488 98 713 477 210 705 523 601 432 181 653 825 829 563 645 369 167 176 999 279 599 374 22 404 822 977 336 948 925 2 472 685 867 103 776 562 154 426 471 480 692 626 917 582 203 479 211 105 699 516 492 275 103 224 87 490 744 24 729 155 898 738 748 114 10 458 422 568 363 236 773 965 55 926 283 790 490 640 130 245 560 670 681 277 948 732 397 135 664 199 197 0 588 879 121 751 101 624 2 794 190 794 268 127 861 613 268 304 253 849 543 103 161 826 417 624 989 625 161 352 928 551 429 683 805 740 133 593 175 634 693 193 446 708 658 909 163 736 265 934 298 461 96 291 108 435 246 83 676 7 111 602 332 720 367 813 585 531 814 118 44 6 158 384 116 320 369 576 990 953 157 113 474 292 277 364 770 520 799 533 158 836 948 875 544 566 383 227 248 797 191 47 350 334 209 837 602 292 374 69 868 589 624 430 269 866 422 264 560 313 688 944 744 27 83 917 702 895 944 426 280 849 196 979 921 58 238 132 278 544 930 175 875 432 764 335 583 175 517 288 515 690 877 769 839 314 536 462 654 922 
148 670 680 203 146 884 928 543 153 648 714 771 529 488 60 358 219 597 187 93 80 274 854 548 793 979 853 0 423 396 491 622 314 19 555 318 933 972 934 203 557 442 525 556 279 407 284 866 882 125 761 143 572 764 814 265 553 67 973 591 597 256 259 679 754 237 572 672 712 16 931 379 356 834 374 920 373 955 575 573 188 896 516 725 595 903 166 446 289 329 202 639 571 103 268 814 943 314 944 795 546 190 704 532 548 267 616 415 469 890 429 6 894 35 36 596 888 108 146 24 582 839 339 943 353 700 34 45 208 906 151 412 502 893 869 738 815 109 357 258 823 863 108 39 825 419 707 795 588 820 888 699 65 490 926 259 589 419 204 174 950 952 436 716 20 233 569 61 184 608 776 203 669 422 28 368 912 931 623 181 519 872 663 469 866 675 905 906 434 405 145 408 277 516 605 199 780 787 311 610 924 994 111 196 150 221 799 799 191 788 541 541 62 881 173 693 355 812 416 885 620 974 738 123 64 662 373 950 812 347 410 644 890 479 75 643 905 47 843 147 682 555 531 126 969 659 474 606 289 767 952 549 22 146 213 917 795 276 218 486 983 535 974 591 875 127 909 859 271 260 3 652 645 846 367 385 391 785 148 391 720 572 378 181 893 372 573 418 64 111 959 82 869 753 82 710 748 891 294 676 4 372 566 852 842 926 519 856 262 569 335 119 920 864 723 986 781 749 836 168 997 174 738 595 919 88 985 36 379 208 628 670 973 984 943 368 56 517 614 77 532 804 762 199 81 637 857 857 510 936 227 477 207 444 630 192 337 708 126 652 752 517 946 638 936 353 253 648 967 369 859 16 23 837 963 659 298 724 933 552 236 138 680 79 559 147 19 379 558 65 814 794 440 351 54 410 715 398 735 462 698 901 189 783 779 425 47 430 91 457 971 635 826 359 532 588 127 854 822 279 587 14 942 340 978 521 143 787 284 4 553 203 637 985 968 253 654 368 121 117 708 414 800 900 935 949 526 663 89 685 21 296 229 51 661 678 661 25 916 733 136 326 891 441 360 970 920 11 108 361 983 607 210 198 783 64 591 746 463 930 6 616 188 105 912 606 75 209 708 475 48 980 416 123 148 427 685 652 981 756 
177 812 234 111 686 403 371 720 776 292 512 706 506 807 518 586 838 558 311 379 386 431 992 778 750 381 710 325 86 504 317 822 522 892 372 214 728 779 616 724 546 224 585 357 784 159 680 513 674 873 530 107 202 48 53 329 124 797 947 361 759 957 532 802 974 686 319 232 40 66 688 96 225 518 662 132 80 43 95 847 906 331 108 628 315 653 141 566 704 447 451 216 72 669 556 488 90 170 90 210 460 7 762 285 247 406 752 222 403 660 767 726 286 878 988 824 754 827 407 745 188 604 294 441 793 141 555 408 797 406 829 88 780 598 132 122 413 645 131 479 116 380 881 135 689 56 948 820 551 212 979 751 898 535 312 650 71 720 610 450 685 387 39 339 321 879 312 755 657 851 246 122 164 244 761 419 887 283 661 350 565 972 674 977 687 688 523 427 150 289 111 530 70 10 11 707 687 46 984 193 940 720 5 38 862 26 779 363 705 62 133 920 551 277 417 425 239 438 373 465 543 874 357 174 34 583 386 562 872 362 265 30 624 298 345 122 144 349 293 14 274 485 303 266 882 923 471 168 14 890 232 610 486 576 524 359 254 343 895 640 15 534 650 342 938 352 456 86 944 896 507 814 529 783 432 925 810 390 408 879 396 167 748 218 741 156 524 954 624 702 230 655 786 9 767 364 308 122 967 630 68 112 383 740 28 288 123 438 918 150 859 162 860 650 796 619 627 378 309 194 416 560 104 736 506 581 996 576 723 131 48 649 59 285 578 578 621 13 583 639 436 196 833 78 276 891 408 396 747 456 261 327 383 378 803 720 985 95 868 798 134 559 724 631 738 298 313 436 191 339 91 101 958 821 579 801 650 917 396 466 453 572 974 837 781 718 141 346 445 241 375 213 47 660 247 396 529 737 869 35 593 402 161 669 345 261 714 978 663 750 958 782 521 573 562 757 875 7 730 832 235 66 749 935 601 723 189 113 739 14 868 461 5 633 240 523 463 340 632 34 746 94 513 65 377 276 65 700 135 366 854 863 295 4 122 307 160 401 451 771 865 205 114 607 60 735 839 961 574 256 95 426 752 349 961 778 107 290 667 465 782 901 717 40 157 487 166 339 829 706 665 497 492 364 822 118 276 639 11 398 
687 453 816 235 430 130 984 24 354 675 42 6 719 226 1000 733 377 324 461 400 496 478 323 409 181 143 930 351 737 968 898 955 238 301 538 202 930 554 325 781 993 581 178 190 742 751 545 399 608 806 96 878 917 517 920 463 654 772 599 623 366 154 878 449 941 919 757 124 505 647 38 644 657 898 154 85 994 467 93 551 687 12 786 987 992 783 514 173 283 586 53 958 335 490 648 230 518 366 119 170 809 848 828 424 809 299 692 620 863 471 203 116 791 963 194 335 836 442 250 778 913 862 106 584 16 149 329 880 630 122 882 216 153 766 287 634 340 698 527 152 421 859 699 308 796 990 454 868 220 460 478 353 497 928 853 42 922 875 143 42 917 682 451 793 907 703 548 108 572 852 417 601 130 471 831 792 720 742 668 285 773 156 393 51 481 567 166 363 957 171 946 7 160 309 942 177 751 602 40 484 95 85 31 70 409 800 908 669 693 516 790 598 862 443 512 899 321 917 857 400 394 437 960 50 925 20 873 921 832 677 286 572 205 110 331 199 577 924 858 930 245 812 342 539 220 449 898 254 636 626 407 475 50 819 31 143 987 692 584 387 893 920 877 110 756 477 510 128 365 308 359 706 444 360 934 48 550 538 908 625 727 432 257 818 318 830 522 787 608 41 835 970 449 134 929 290 658 623 553 846 683 348 487 156 795 51 206 311 403 998 170 0 324 384 789 842 332 609 879 360 371 703 667 891 39 82 80 705 830 309 266 43 95 514 539 411 786 973 875 516 909 16 453 458 234 420 622 740 966 218 133 220 764 326 915 454 627 584 571 404 570 721 280 965 831 650 555 677 318 253 579 496 221 962 557 615 17 543 155 669 666 815 831 637 484 495 474 417 416 97 818 294 815 953 894 22 596 493 757 592 995 91 702 786 28 316 549 433 760 357 439 858 519 5 695 233 918 81 945 531 594 621 103 895 553 895 782 980 490 190 966 852 248 248 587 349 59 238 581 350 838 498 198 975 487 206 108 256 805 537 505 291 721 197 354 809 105 680 253 415 32 482 575 718 877 248 877 334 938 393 871 345 658 973 511 128 518 157 167 262 707 239 929 300 101 676 891 696 532 238 388 470 584 301 762 203 906 787 890 31 
829 90 653 182 919 698 652 304 734 549 46 176 994 764 587 807 921 238 449 558 873 318 959 1 107 749 343 259 39 623 385 576 409 371 737 195 53 364 153 540 570 59 502 508 674 708 386 835 561 137 861 166 537 56 615 458 150 92 104 785 500 856 855 497 883 291 699 752 731 881 803 362 305 955 547 70 692 112 340 329 642 16 50 354 586 814 401 802 131 850 996 967 483 262 629 824 467 414 996 760 201 369 448 430 428 705 136 152 608 467 434 342 149 106 61 175 568 910 629 44 570 378 829 317 338 239 112 550 371 902 370 185 66 976 306 822 654 700 168 732 957 586 424 367 231 418 95 930 485 167 956 452 934 992 148 886 627 358 66 896 253 154 253 908 927 58 742 53 902 512 986 882 899 618 160 726 654 512 786 552 87 71 277 793 887 126 493 407 704 545 0 861 620 432 262 692 314 748 861 281 234 179 767 888 605 6 501 567 431 684 76 143 703 940 396 578 542 455 515 445 138 323 763 170 850 61 259 810 392 923 253 32 388 632 469 87 854 340 81 141 990 361 702 358 427 758 692 49 343 955 752 30 763 798 672 781 355 336 882 111 790 630 294 115 865 210 326 881 898 476 603 797 362 288 25 298 364 909 991 285 720 264 105 550 437 435 384 488 504 315 157 170 876 489 329 285 989 934 272 466 286 642 642 280 354 468 148 629 937 655 855 608 345 735 355 45 349 176 720 364 54 570 422 236 266 492 406 827 142 388 425 879 252 108 451 700 395 583 464 537 678 581 445 13 385 782 438 830 971 7 377 507 809 382 675 53 947 605 495 598 183 326 871 936 713 872 171 520 925 411 527 905 36 575 110 174 44 611 166 468 270 37 64 975 640 657 38 176 293 659 989 350 114 705 959 993 796 664 706 481 196 612 792 136 873 879 705 111 557 878 486 980 428 919 401 101 212 915 438 21 371 823 274 149 449 985 721 158 421 178 472 694 587 530 930 324 287 444 959 360 426 658 733 930 668 734 580 333 851 919 952 132 359 4 362 895 541 546 985 30 784 389 746 1000 472 723 627 283 195 905 105 994 967 114 301 596 485 784 774 919 696 426 315 177 352 667 305 70 740 939 693 646 877 228 276 226 55 16 832 115 
57 324 219 822 378 619 130 343 832 606 623 26 140 615 939 755 637 903 456 205 167 356 703 874 927 603 917 88 465 243 338 775 208 683 688 484 555 916 450 508 143 274 818 714 550 578 380 421 866 460 321 558 116 417 257 327 671 907 887 215 452 750 924 708 431 988 977 766 370 578 409 779 416 812 543 595 267 19 596 830 690 835 927 488 456 172 131 203 74 8 635 39 348 717 631 715 175 264 297 105 186 676 125 849 915 743 955 199 28 730 952 100 393 265 792 364 536 965 36 4 590 289 378 54 662 221 533 842 264 454 32 582 657 21 957 859 630 410 554 684 399 344 417 919 522 478 550 857 532 427 8 792 668 476 184 487 850 339 386 409 864 195 274 614 990 434 928 613 524 757 376 461 346 217 67 437 30 502 795 769 596 451 822 995 778 32 155 984 866 525 308 697 474 809 681 127 662 773 720 783 423 121 51 195 952 274 212 154 450 960 440 808 949 585 496 747 292 740 217 373 377 931 334 95 718 664 3 306 243 772 423 670 17 980 783 310 887 709 156 112 692 377 559 724 564 268 129 333 216 476 9 633 569 256 937 58 826 126 624 706 827 506 635 417 916 86 597 31 204 442 103 909 43 819 835 545 281 175 620 183 679 383 664 917 112 127 990 966 65 456 729 969 41 598 1 110 969 444 571 196 622 80 236 312 117 343 184 443 500 630 708 919 760 776 45 231 890 183 48 255 151 838 604 241 985 872 823 212 848 803 284 782 354 737 225 912 601 544 171 834 573 729 724 382 764 681 389 767 859 882 381 329 71 199 598 338 678 742 593 275 229 614 236 815 806 380 529 209 983 745 419 868 105 609 236 795 0 738 167 200 440 222 281 997 268 398 896 891 78 706 246 834 987 490 703 986 252 686 1 534 28 139 900 270 929 183 569 468 474 406 679 556 195 633 3 329 599 20 539 109 755 930 86 555 311 955 73 408 111 600 516 347 404 602 32 357 992 603 448 745 584 448 301 874 503 15 880 595 267 65 467 753 879 906 928 263 766 896 903 481 299 974 856 219 493 812 747 14 244 331 30 83 46 277 712 73 766 415 117 570 757 953 419 901 792 302 40 616 332 415 900 965 231 63 843 538 463 821 836 974 
677 26 442 761 264 387 730 786 799 59 940 1000 157 457 947 622 150 741 165 647 992 809 63 39 107 172 636 841 274 395 470 802 393 427 123 832 55 379 929 397 999 797 115 899 68 295 880 139 349 472 814 62 903 101 652 206 697 691 857 899 264 529 699 618 340 821 988 370 809 554 192 632 531 952 792 359 48 287 490 368 591 553 838 440 369 973 779 539 492 920 832 367 788 875 303 515 677 614 864 551 238 647 757 404 438 169 5 637 782 405 749 193 672 368 170 160 29 399 573 326 771 824 717 961 177 346 717 333 595 998 414 889 957 525 811 245 523 209 699 803 419 302 419 201 692 152 601 925 433 151 283 292 206 482 906 941 793 27 289 579 741 956 644 592 776 967 450 348 610 344 603 866 708 311 217 659 369 46 496 951 137 722 719 5 364 196 363 852 743 227 453 568 910 702 890 991 990 66 7 377 779 123 762 876 43 536 41 529 613 671 615 175 255 803 889 562 183 740 102 530 466 23 439 597 665 739 412 17 263 64 696 735 971 330 204 119 944 617 52 849 373 758 174 871 878 144 668 768 718 426 308 988 238 825 540 43 430 396 812 505 993 450 43 1 930 786 997 817 673 718 243 644 970 683 406 682 851 625 752 459 480 143 505 159 876 769 720 404 157 546 771 376 9 839 614 420 968 713 232 189 211 845 641 669 19 728 214 297 916 408 49 199 135 469 379 282 138 325 995 210 633 438 274 56 989 758 195 582 68 266 700 594 716 400 108 542 401 436 702 387 896 186 106 313 63 212 427 810 743 699 346 824 384 649 350 151 636 26 269 273 241 545 76 490 388 0 387 756 623 919 607 148 674 549 114 586 40 368 517 621 318 687 806 94 857 504 257 378 346 898 234 981 77 218 408 466 70 706 641 319 49 25 637 463 526 390 782 778 564 469 866 429 655 477 220 577 256 551 678 81 448 620 992 636 121 622 482 931 63 103 618 448 195 342 485 724 208 555 173 203 567 328 395 883 55 648 225 385 473 983 353 769 528 917 460 913 495 245 346 999 455 2 418 885 290 339 464 744 425 326 291 246 187 801 309 85 819 164 485 804 727 354 745 321 458 583 305 959 514 979 196 534 779 80 852 197 569 621 981 305 
513 289 314 704 898 788 642 924 784 655 267 655 349 953 280 210 89 537 358 456 74 116 239 429 729 50 196 386 632 634 812 256 560 959 878 67 849 94 984 697 504 47 21 996 715 248 99 949 39 164 650 469 853 156 494 928 350 634 247 393 815 71 410 978 926 720 820 598 88 603 687 577 774 96 139 619 770 399 858 839 248 962 113 415 761 327 420 557 688 104 70 528 752 155 4 391 13 824 759 519 917 494 188 367 565 790 765 597 715 470 410 431 689 715 713 361 134 209 38 258 647 511 748 552 615 750 59 783 355 199 581 787 945 763 519 18 818 692 75 754 207 24 657 71 203 995 986 29 337 724 286 799 585 242 115 809 26 97 532 266 539 10 328 559 570 714 284 721 607 980 20 845 162 581 134 5 570 571 456 947 182 867 778 377 200 190 300 292 810 368 471 639 147 105 841 867 354 427 884 328 243 617 481 482 918 174 883 157 734 96 821 537 955 272 89 922 579 396 110 830 530 440 313 195 709 583 676 924 96 656 590 663 144 882 427 44 866 607 777 539 968 142 362 661 428 728 622 735 261 467 741 899 679 476 379 449 535 108 129 380 905 414 33 900 880 404 360 935 683 214 10 779 256 632 218 944 185 745 174 946 166 218 80 942 399 782 866 807 702 1000 747 748 308 478 195 935 427 501 370 140 432 280 975 901 230 202 344 428 84 946 305 439 881 539 711 529 469 958 683 453 346 269 606 440 751 482 611 243 80 117 130 377 892 275 780 974 805 783 900 77 882 607 198 468 448 14 305 786 85 25 975 900 442 130 590 661 717 902 5 19 866 663 80 779 702 353 631 265 7 669 97 996 170 917 518 227 843 963 626 79 97 738 330 897 632 122 575 333 204 674 938 138 149 560 122 126 167 236 195 839 21 882 829 896 571 707 252 796 64 534 477 791 379 397 342 852 769 783 642 971 886 764 697 611 237 733 453 586 910 146 137 361 897 623 939 769 319 997 630 495 754 146 454 363 141 950 982 904 669 74 607 606 402 817 124 999 61 785 391 327 829 487 515 172 165 328 943 478 183 19 581 490 489 924 689 827 324 126 747 39 996 266 93 29 246 573 997 149 702 637 652 591 267 809 270 507 463 354 423 720 
636 95 110 487 170 300 973 305 177 70 102 889 268 483 272 272 952 662 733 31 422 843 178 280 324 118 156 979 851 511 316 274 674 19 137 739 90 386 400 769 172 52 858 830 587 79 973 64 320 857 52 829 789 721 315 937 556 470 565 694 956 733 91 336 436 69 928 119 186 988 636 530 713 582 497 39 114 72 220 405 17 255 504 872 70 786 479 751 311 942 830 741 358 714 251 862 856 475 598 643 443 25 771 747 993 172 815 300 345 55 808 486 2 816 417 829 20 188 888 22 596 139 306 260 147 936 745 631 360 133 85 61 674 344 98 374 68 295 206 75 485 317 887 745 366 395 164 417 178 960 12 51 151 663 372 734 391 367 373 981 251 190 705 512 284 634 868 121 320 89 604 26 724 408 624 794 604 723 274 879 571 129 190 798 320 423 861 324 768 116 880 394 798 554 761 310 395 171 675 414 790 574 123 891 174 434 879 672 471 436 968 981 579 680 418 692 616 492 101 199 0 833 289 55 282 318 705 902 800 693 515 656 204 415 903 953 1000 473 725 103 128 990 822 337 556 214 519 555 968 942 222 939 618 260 215 880 947 347 383 220 128 862 709 707 636 564 571 828 901 729 309 669 696 732 124 332 330 256 456 130 359 684 620 293 921 55 83 756 848 157 211 61 800 900 425 265 852 3 663 849 89 772 972 714 524 170 993 365 264 302 931 752 207 542 987 158 155 100 601 370 767 24 149 698 251 408 920 505 255 272 159 352 69 953 327 210 650 839 340 675 747 782 656 269 138 518 710 692 378 267 885 920 782 489 287 612 162 616 902 329 748 722 806 376 2 239 35 982 511 341 654 899 757 507 435 48 803 581 459 261 465 515 887 473 200 954 504 319 293 44 33 932 223 535 832 423 242 303 334 776 784 461 738 882 534 459 572 320 292 708 945 172 357 297 757 406 263 481 836 181 199 549 190 369 647 866 950 486 676 270 716 252 393 941 950 473 649 745 690 997 214 151 263 660 167 779 902 362 397 295 268 265 783 390 729 68 90 809 517 491 299 568 945 790 424 254 652 583 96 713 435 337 865 233 502 47 656 942 172 282 571 148 5 701 784 670 442 868 265 182 667 300 633 840 519 896 877 225 812 337 
444 282 438 778 409 157 33 424 132 791 917 382 625 228 506 796 960 118 515 131 973 588 542 593 69 827 688 269 628 572 481 106 537 441 909 119 214 580 729 685 130 268 777 53 182 498 447 365 458 523 484 508 800 349 365 975 741 223 841 251 108 162 721 698 960 862 774 581 649 721 830 870 303 0 270 527 699 574 287 770 926 580 612 655 164 359 693 437 903 185 74 512 496 116 758 55 21 46 515 627 413 483 597 17 738 212 971 417 70 322 325 16 50 224 792 20 604 532 603 52 949 8 931 785 507 1000 358 505 11 455 13 604 641 716 208 293 242 203 847 770 140 659 202 981 100 126 831 207 893 884 160 260 253 946 677 49 470 467 968 962 371 118 537 582 579 341 797 540 919 33 436 355 181 740 123 606 435 645 853 562 739 425 103 360 563 482 887 424 368 251 121 858 718 420 571 469 559 222 916 67 768 729 413 54 950 50 735 187 387 311 161 888 291 978 879 18 211 678 905 396 989 287 431 145 932 190 846 875 407 583 70 190 151 263 313 774 360 628 107 629 38 850 693 837 709 515 366 498 509 145 393 739 733 373 162 50 854 276 282 757 685 209 85 529 587 502 566 666 599 781 984 990 186 488 86 125 639 488 673 782 758 453 678 517 391 457 534 282 908 23 927 939 115 576 716 689 408 76 451 808 483 871 7 410 707 949 986 83 69 99 127 996 615 804 409 836 634 797 487 872 383 838 467 216 415 650 845 309 241 130 645 361 357 542 44 805 667 293 770 959 92 531 180 163 823 63 854 588 260 854 943 971 903 868 809 620 949 225 738 459 916 586 928 902 941 832 895 551 756 179 601 867 624 823 82 607 422 256 459 891 942 953 897 606 487 42 586 656 637 39 925 867 832 184 43 39 129 711 230 150 163 310 584 535 683 814 102 492 558 978 102 725 980 656 839 167 835 550 767 898 815 761 588 467 965 433 15 745 324 541 53 443 414 289 428 861 798 618 714 462 849 381 143 234 219 218 825 627 489 858 982 818 296 967 100 146 750 755 870 958 489 698 168 904 179 225 917 762 709 261 995 116 122 623 119 490 436 208 838 875 812 121 34 583 752 216 676 116 337 143 627 902 109 229 353 52 248 944 810 220 
876 63 453 368 573 402 547 343 264 599 34 471 679 924 241 391 755 540 644 568 800 599 307 822 706 32 354 566 542 158 881 215 68 774 784 329 760 611 840 44 977 603 395 897 287 548 223 239 425 444 52 823 952 825 491 71 418 906 222 315 350 968 707 686 605 566 380 868 414 69 521 316 314 960 659 434 336 462 365 323 553 335 230 820 608 951 673 951 498 79 495 196 823 843 412 449 527 453 372 391 194 243 925 785 998 716 829 381 603 776 356 354 36 18 489 605 719 294 106 450 287 129 104 614 598 77 986 261 587 464 625 138 915 366 58 342 352 957 132 375 494 63 204 429 63 740 751 493 463 713 238 12 447 131 585 339 893 176 698 931 991 61 528 848 463 675 882 82 301 739 899 285 243 118 157 155 138 875 984 149 972 242 435 99 852 539 425 744 695 325 671 443 28 962 125 652 681 278 431 870 448 956 24 100 179 610 751 556 229 528 824 163 452 965 559 119 683 81 317 413 736 240 982 164 117 491 998 572 953 102 989 575 955 852 41 446 223 379 842 691 514 610 530 654 290 546 56 720 684 698 892 450 79 593 427 639 818 844 83 880 528 957 903 505 243 467 599 247 862 934 461 877 240 260 791 931 162 385 277 867 39 874 397 490 469 273 640 140 952 745 468 299 572 155 117 918 181 268 167 169 56 184 623 98 911 741 630 622 524 488 39 331 596 322 50 789 597 293 459 377 421 825 339 648 983 534 995 239 151 466 618 712 654 611 661 906 705 41 309 147 433 541 805 454 603 295 322 21 403 96 790 594 506 699 952 290 148 363 716 517 774 758 479 73 275 409 459 309 670 439 287 852 819 580 761 390 847 868 358 792 392 852 379 510 519 785 433 0 488 190 331 596 317 390 671 577 410 420 952 475 337 723 829 828 598 199 135 343 37 221 191 986 476 617 692 50 130 227 998 945 334 248 734 245 955 620 227 539 933 480 164 49 344 746 390 927 26 923 45 655 716 19 483 914 660 946 592 947 761 575 99 315 510 699 462 368 875 695 292 257 295 272 368 47 152 258 243 790 803 618 761 660 850 630 345 592 538 731 331 191 547 463 180 478 566 181 1000 622 61 658 642 74 297 689 767 965 891 47 811 39 
658 2 925 181 133 875 678 182 704 22 445 422 667 319 315 831 17 685 960 258 430 473 571 172 10 2 152 1 662 578 918 484 88 201 852 171 771 39 214 538 53 396 761 627 749 148 45 452 961 939 162 227 651 386 877 925 528 87 826 592 255 814 735 157 900 196 886 254 266 747 632 602 282 748 721 930 507 873 794 681 364 681 410 678 319 675 715 429 159 127 527 378 156 798 643 956 603 288 518 457 576 367 213 681 7 65 120 767 479 661 834 431 320 63 965 469 53 773 92 664 973 14 875 368 950 404 624 309 148 378 198 655 28 721 774 80 158 332 603 753 606 641 932 672 795 248 362 354 643 225 415 613 462 189 870 863 603 219 728 358 853 524 595 855 67 754 645 250 263 669 754 160 158 693 336 853 211 34 144 493 76 110 710 75 880 415 682 190 34 164 732 635 268 341 210 227 316 403 760 962 532 556 359 188 35 351 951 65 196 680 479 933 892 661 228 657 158 168 557 895 923 953 869 726 327 625 417 42 602 435 368 363 492 447 330 880 247 119 41 32 75 655 666 298 964 255 16 685 286 435 557 761 585 292 134 863 158 183 15 452 742 116 303 468 186 390 312 30 73 379 51 136 775 21 765 32 861 186 161 472 585 489 848 934 844 922 823 892 180 171 403 127 14 525 687 855 459 426 984 760 486 895 94 952 358 934 574 786 39 832 758 487 395 549 49 872 786 905 254 87 371 291 176 617 294 334 739 626 809 34 906 272 449 28 103 279 233 545 881 914 783 420 25 551 960 329 785 596 608 676 271 642 539 571 603 656 794 512 544 670 667 849 195 907 253 113 660 293 863 786 699 347 417 353 614 600 643 83 436 397 922 935 90 882 309 816 782 898 121 90 451 114 343 930 561 495 97 830 855 447 157 492 224 602 882 845 926 40 477 912 545 437 276 160 447 611 223 415 233 232 968 703 292 860 482 554 436 275 764 213 635 724 367 879 124 42 870 781 385 773 721 492 170 893 404 195 48 720 328 204 169 721 53 40 294 114 155 68 807 811 755 829 901 307 705 224 172 817 849 154 47 499 501 468 877 550 826 714 21 832 931 360 447 630 414 288 195 964 424 398 107 724 981 730 506 850 571 109 210 259 
